date,pm10 (μg/m³),pm2_5 (μg/m³),carbon_monoxide (μg/m³),nitrogen_dioxide (μg/m³),sulphur_dioxide (μg/m³),ozone (μg/m³),pm2_5 (μg/m³)_subindex,pm10 (μg/m³)_subindex,carbon_monoxide (μg/m³)_subindex,ozone (μg/m³)_subindex,sulphur_dioxide (μg/m³)_subindex,nitrogen_dioxide (μg/m³)_subindex,AQI
2022-09-01,52.49166666666667,32.958333333333336,446.1666666666667,27.59583333333333,9.383333333333333,48.375,55.0,52,22,48,12,34,55.0
2022-09-02,61.612500000000004,40.35,336.4375,21.53529411764706,15.375,49.916666666666664,67.0,62,17,50,19,27,67.0
2022-09-03,34.229166666666664,22.025000000000002,370.5,18.675,7.441666666666666,57.083333333333336,37.0,34,19,57,9,23,57.0
2022-09-04,22.295833333333334,13.858333333333334,241.375,13.333333333333334,7.825,37.541666666666664,23.0,22,12,38,10,17,38.0
2022-09-05,47.0625,30.22083333333333,278.88235294117646,23.141666666666666,12.133333333333335,28.541666666666668,50.0,47,14,29,15,29,50.0
2022-09-06,47.785000000000004,30.555,236.2,24.133333333333333,9.69375,34.416666666666664,51.0,48,12,34,12,30,51.0
2022-09-07,48.377272727272725,30.55454545454545,446.40909090909093,27.92916666666667,9.713636363636363,53.041666666666664,51.0,48,22,53,12,35,53.0
2022-09-08,64.29565217391304,43.81304347826087,381.0625,18.01875,14.256521739130434,58.541666666666664,73.0,64,19,59,18,23,73.0
2022-09-09,84.55882352941177,58.252941176470586,552.75,27.70909090909091,19.4125,45.666666666666664,97.0,85,28,46,24,35,97.0
2022-09-10,56.32916666666667,39.416666666666664,523.4166666666666,26.82857142857143,17.587500000000002,79.04761904761905,66.0,56,26,79,22,34,79.0
2022-09-11,42.99583333333334,30.066666666666666,436.25,23.608333333333334,12.416666666666666,88.58333333333333,50.0,43,22,89,16,30,89.0
2022-09-12,41.21666666666667,28.787499999999998,425.875,20.85,8.424999999999999,79.91666666666667,48.0,41,21,80,11,26,80.0
2022-09-13,44.62083333333334,30.9375,422.9583333333333,24.25,14.445833333333333,83.41666666666667,52.0,45,21,83,18,30,83.0
2022-09-14,35.61666666666667,24.608333333333334,479.0833333333333,19.55,14.233333333333334,55.416666666666664,41.0,36,24,55,18,24,55.0
2022-09-15,32.641666666666666,21.241666666666667,309.9583333333333,20.554166666666667,7.0249999999999995,50.708333333333336,35.0,33,15,51,9,26,51.0
2022-09-16,33.104166666666664,18.583333333333332,257.5833333333333,17.6375,7.5874999999999995,47.625,31.0,33,13,48,9,22,48.0
2022-09-17,56.7125,34.1,359.7368421052632,26.93913043478261,14.383333333333333,32.458333333333336,57.0,57,18,32,18,34,57.0
2022-09-18,61.34166666666667,36.208333333333336,367.1578947368421,25.69090909090909,12.266666666666666,40.0,60.0,61,18,40,15,32,61.0
2022-09-19,44.27916666666667,25.90833333333333,336.4166666666667,19.087500000000002,8.020833333333334,45.041666666666664,43.0,44,17,45,10,24,45.0
2022-09-20,39.0,22.175,298.5833333333333,16.125,6.408333333333334,45.958333333333336,37.0,39,15,46,8,20,46.0
2022-09-21,27.95,16.404166666666665,256.5416666666667,13.6625,5.658333333333334,47.5,27.0,28,13,48,7,17,48.0
2022-09-22,21.645833333333332,12.670833333333334,200.20833333333334,11.85,5.491666666666667,51.208333333333336,21.0,22,10,51,7,15,51.0
2022-09-23,22.066666666666666,13.433333333333332,223.20833333333334,13.295833333333334,7.258333333333333,43.625,22.0,22,11,44,9,17,44.0
2022-09-24,32.34583333333333,19.654166666666665,304.2916666666667,18.6875,9.570833333333333,41.125,33.0,32,15,41,12,23,41.0
2022-09-25,42.34583333333333,26.241666666666664,361.2857142857143,25.966666666666665,15.883333333333333,33.458333333333336,44.0,42,18,33,20,32,44.0
2022-09-26,49.27916666666667,31.566666666666666,314.6842105263158,24.13684210526316,12.51578947368421,40.875,53.0,49,16,41,16,30,53.0
2022-09-27,53.21818181818182,35.0,328.1111111111111,26.514285714285712,11.85,42.416666666666664,58.0,53,16,42,15,33,58.0
2022-09-28,52.166666666666664,32.6,432.3478260869565,24.59,12.845833333333333,50.75,54.0,52,22,51,16,31,54.0
2022-09-29,50.31666666666666,36.265,285.46666666666664,26.005000000000003,10.970588235294118,51.0,60.0,50,14,51,14,33,60.0
2022-09-30,49.41363636363636,31.468181818181815,372.6666666666667,28.795238095238098,10.91,48.625,52.0,49,19,49,14,36,52.0
2022-10-01,28.808333333333334,18.025,281.5217391304348,19.633333333333333,8.066666666666666,49.791666666666664,30.0,29,14,50,10,25,50.0
2022-10-02,41.34583333333333,27.7375,313.05555555555554,25.543478260869566,10.155555555555557,37.625,46.0,41,16,38,13,32,46.0
2022-10-03,48.205,31.580000000000002,264.73333333333335,21.647058823529413,9.34375,42.458333333333336,53.0,48,13,42,12,27,53.0
2022-10-04,30.462500000000002,19.504166666666666,308.3333333333333,21.900000000000002,6.733333333333333,48.75,33.0,30,15,49,8,27,49.0
2022-10-05,31.920833333333334,19.858333333333334,311.125,21.829166666666666,7.233333333333333,54.083333333333336,33.0,32,16,54,9,27,54.0
2022-10-06,46.15,29.9375,410.125,23.669999999999998,11.191666666666668,52.333333333333336,50.0,46,21,52,14,30,52.0
2022-10-07,38.00416666666667,26.349999999999998,372.5833333333333,20.670833333333334,12.595454545454546,76.83333333333333,44.0,38,19,77,16,26,77.0
2022-10-08,36.4375,25.474999999999998,491.4583333333333,23.375,12.766666666666666,45.666666666666664,42.0,36,25,46,16,29,46.0
2022-10-09,43.1,28.495833333333334,420.75,30.49473684210526,17.4,63.791666666666664,47.0,43,21,64,22,38,64.0
2022-10-10,64.10416666666667,42.69583333333333,494.05263157894734,19.32857142857143,19.758333333333333,62.416666666666664,71.0,64,25,62,25,24,71.0
2022-10-11,66.45,44.575,487.0,32.15714285714286,23.318181818181817,56.65217391304348,74.0,66,24,57,29,40,74.0
2022-10-12,72.91578947368421,49.77894736842105,554.8823529411765,31.136363636363637,24.208333333333332,53.86363636363637,83.0,73,28,54,30,39,83.0
2022-10-13,77.535,53.864999999999995,564.5833333333334,26.255555555555556,27.75,50.22727272727273,90.0,78,28,50,35,33,90.0
2022-10-14,72.245,50.160000000000004,518.0,28.636363636363637,21.116666666666664,51.5,84.0,72,26,52,26,36,84.0
2022-10-15,78.86875,54.5125,575.5,27.412499999999998,27.6,48.59090909090909,91.0,79,29,49,35,34,91.0
2022-10-16,61.95217391304348,43.03913043478261,453.27777777777777,28.28666666666667,18.979166666666668,57.625,72.0,62,23,58,24,35,72.0
2022-10-17,65.97619047619048,45.79047619047619,463.29411764705884,25.192857142857143,18.410526315789475,57.666666666666664,76.0,66,23,58,23,31,76.0
2022-10-18,65.1875,45.49583333333334,409.53333333333336,30.160000000000004,16.912499999999998,56.291666666666664,76.0,65,20,56,21,38,76.0
2022-10-19,71.17647058823529,49.641176470588235,615.9285714285714,38.99285714285714,18.518181818181816,55.125,83.0,71,31,55,23,49,83.0
2022-10-20,65.60833333333333,45.79583333333333,580.3333333333334,30.8875,17.337500000000002,59.875,76.0,66,29,60,22,39,76.0
2022-10-21,53.61666666666667,37.333333333333336,494.25,27.257894736842104,13.3375,59.708333333333336,62.0,54,25,60,17,34,62.0
2022-10-22,58.262499999999996,40.57083333333333,491.3478260869565,25.2,14.095238095238095,65.58333333333333,68.0,58,25,66,18,31,68.0
2022-10-23,65.05,44.69583333333333,562.9166666666666,29.38888888888889,14.878260869565217,62.5,74.0,65,28,62,19,37,74.0
2022-10-24,69.485,46.785000000000004,438.6875,21.42666666666667,10.466666666666667,61.458333333333336,78.0,69,22,61,13,27,78.0
2022-10-25,64.89500000000001,44.56666666666666,457.3333333333333,25.166666666666668,11.700000000000001,56.625,74.0,65,23,57,15,31,74.0
2022-10-26,71.09130434782608,47.06666666666666,597.9375,24.735714285714288,17.447619047619046,54.208333333333336,78.0,71,30,54,22,31,78.0
2022-10-27,76.96666666666667,48.987500000000004,537.75,23.00769230769231,12.862499999999999,54.25,82.0,77,27,54,16,29,82.0
2022-10-28,54.96666666666666,35.37619047619047,433.8,26.96,9.1625,71.91666666666667,59.0,55,22,72,11,34,72.0
2022-10-29,68.84166666666667,45.43333333333334,496.7083333333333,23.33529411764706,13.952173913043477,62.791666666666664,76.0,69,25,63,17,29,76.0
2022-10-30,68.5421052631579,47.225,554.125,23.52,15.791666666666666,60.25,79.0,69,28,60,20,29,79.0
2022-10-31,82.00869565217391,55.369565217391305,589.7916666666666,33.73529411764706,21.53333333333333,60.833333333333336,92.0,82,29,61,27,42,92.0
2022-11-01,83.98333333333333,57.35833333333333,529.3,27.6,16.22,71.125,96.0,84,26,71,20,35,96.0
2022-11-02,77.38333333333334,52.47083333333333,615.3333333333334,31.115789473684213,11.458333333333334,67.45833333333333,87.0,77,31,67,14,39,87.0
2022-11-03,73.65833333333333,48.833333333333336,553.05,29.91875,11.612499999999999,62.291666666666664,81.0,74,28,62,15,37,81.0
2022-11-04,77.94166666666666,52.291666666666664,538.25,28.923076923076923,17.995833333333334,50.166666666666664,87.0,78,27,50,22,36,87.0
2022-11-05,84.3,57.449999999999996,625.1333333333333,30.589999999999996,19.009090909090908,49.875,96.0,84,31,50,24,38,96.0
2022-11-06,66.73125,51.17368421052632,552.625,37.66428571428571,16.270833333333332,53.166666666666664,85.0,67,28,53,20,47,85.0
2022-11-07,77.55,52.35,617.7857142857143,34.56923076923077,18.650000000000002,58.708333333333336,87.0,78,31,59,23,43,87.0
2022-11-08,83.70416666666667,57.395833333333336,582.625,35.9,13.487499999999999,68.58333333333333,96.0,84,29,69,17,45,96.0
2022-11-09,81.52380952380952,56.10476190476191,671.1428571428571,39.355555555555554,17.213636363636365,60.25,94.0,82,34,60,22,49,94.0
2022-11-10,67.88333333333334,44.27916666666667,477.2083333333333,26.008333333333336,8.825000000000001,67.5,74.0,68,24,68,11,33,74.0
2022-11-11,65.45416666666667,43.67916666666667,496.1666666666667,28.004166666666666,10.325000000000001,61.416666666666664,73.0,65,25,61,13,35,73.0
2022-11-12,77.22631578947369,52.60526315789474,520.7058823529412,27.857142857142858,17.904166666666665,47.375,88.0,77,26,47,22,35,88.0
2022-11-13,76.26666666666667,53.66153846153846,550.2142857142857,26.580000000000002,19.346666666666668,47.083333333333336,89.0,76,28,47,24,33,89.0
2022-11-14,107.42727272727274,72.98181818181818,683.8333333333334,30.689999999999998,22.64,51.583333333333336,143.0,105,34,52,28,38,143.0
2022-11-15,94.66666666666667,63.9125,602.7083333333334,37.40952380952381,16.195454545454545,60.958333333333336,113.0,95,30,61,20,47,113.0
2022-11-16,75.90833333333333,49.73333333333333,497.1666666666667,31.7,13.218181818181819,65.79166666666667,83.0,76,25,66,17,40,83.0
2022-11-17,76.03750000000001,50.99583333333334,482.6666666666667,28.28235294117647,15.454166666666666,52.416666666666664,85.0,76,24,52,19,35,85.0
2022-11-18,78.03333333333333,51.612500000000004,608.65,31.092857142857145,18.1125,48.458333333333336,86.0,78,30,48,23,39,86.0
2022-11-19,64.83333333333333,44.262499999999996,486.05882352941177,30.95625,17.458333333333332,53.208333333333336,74.0,65,24,53,22,39,74.0
2022-11-20,77.45,52.270833333333336,523.1176470588235,28.2625,15.191666666666668,55.5,87.0,77,26,56,19,35,87.0
2022-11-21,75.75416666666666,51.949999999999996,604.1052631578947,32.30714285714286,18.261904761904763,55.291666666666664,87.0,76,30,55,23,40,87.0
2022-11-22,79.27916666666667,53.625,504.2916666666667,23.2,20.678947368421053,68.91666666666667,89.0,79,25,69,26,29,89.0
2022-11-23,72.39999999999999,49.69166666666666,410.375,18.4375,23.5,79.5,83.0,72,21,80,29,23,83.0
2022-11-24,62.1625,43.15,411.2083333333333,21.733333333333334,24.740000000000002,76.20833333333333,72.0,62,21,76,31,27,76.0
2022-11-25,49.19166666666666,34.291666666666664,336.9166666666667,17.445833333333333,20.63125,80.5,57.0,49,17,80,26,22,80.0
2022-11-26,50.737500000000004,35.449999999999996,424.5416666666667,29.63913043478261,16.02777777777778,68.04166666666667,59.0,51,21,68,20,37,68.0
2022-11-27,70.64583333333333,49.39166666666667,531.6190476190476,33.300000000000004,17.466666666666665,54.833333333333336,82.0,71,27,55,22,42,82.0
2022-11-28,72.50833333333334,50.708333333333336,577.2916666666666,38.12105263157895,17.504545454545454,62.666666666666664,85.0,73,29,63,22,48,85.0
2022-11-29,72.89999999999999,50.9375,510.8333333333333,35.42631578947368,15.966666666666667,46.291666666666664,85.0,73,26,46,20,44,85.0
2022-11-30,80.35000000000001,56.18333333333334,480.875,26.783333333333335,17.400000000000002,62.0,94.0,80,24,62,22,33,94.0
2022-12-01,88.5,61.770833333333336,544.5416666666666,30.705882352941178,18.795238095238094,66.875,106.0,88,27,67,23,38,106.0
2022-12-02,90.88,63.395,578.1363636363636,35.8,19.954545454545453,70.58333333333333,111.0,91,29,71,25,45,111.0
2022-12-03,86.7625,60.43333333333334,523.75,31.745833333333334,16.025000000000002,74.0,101.0,87,26,74,20,40,101.0
2022-12-04,83.68333333333334,58.28333333333333,511.625,32.333333333333336,15.245833333333332,69.16666666666667,97.0,84,26,69,19,40,97.0
2022-12-05,86.64583333333333,60.34583333333333,492.4166666666667,32.4125,15.295833333333334,64.0,101.0,87,25,64,19,41,101.0
2022-12-06,93.47500000000001,64.37826086956522,468.1666666666667,29.054166666666664,15.405000000000001,58.791666666666664,115.0,93,23,59,19,36,115.0
2022-12-07,82.02499999999999,57.0,534.3181818181819,25.05625,17.93913043478261,56.208333333333336,95.0,82,27,56,22,31,95.0
2022-12-08,55.8375,38.9125,482.5,31.25,18.958333333333332,54.125,65.0,56,24,54,24,39,65.0
2022-12-09,58.5375,40.762499999999996,495.8333333333333,31.461904761904766,19.655,47.75,68.0,59,25,48,25,39,68.0
2022-12-10,62.5875,43.30833333333334,481.6666666666667,23.242105263157892,20.841666666666665,59.708333333333336,72.0,63,24,60,26,29,72.0
2022-12-11,81.675,57.00416666666666,593.0416666666666,26.799999999999997,22.370833333333334,63.75,95.0,82,30,64,28,33,95.0
2022-12-12,72.6875,50.53333333333333,493.4166666666667,26.5,21.533333333333335,77.625,84.0,73,25,78,27,33,84.0
2022-12-13,30.162499999999998,20.583333333333332,207.08333333333334,7.304166666666667,10.752173913043478,50.666666666666664,34.0,30,10,51,13,9,51.0
2022-12-14,0.8958333333333334,0.6208333333333333,59.75,0.0,0.6125,29.5,1.0,1,3,30,1,0,30.0
2022-12-15,1.2041666666666666,0.8541666666666666,62.75,0.0,0.225,34.125,1.0,1,3,34,0,0,34.0
2022-12-16,51.237500000000004,35.5,447.2083333333333,28.587500000000002,15.223809523809523,61.791666666666664,59.0,51,22,62,19,36,62.0
2022-12-17,44.75833333333333,31.05,409.7916666666667,26.9875,14.470833333333333,62.541666666666664,52.0,45,20,63,18,34,63.0
2022-12-18,50.475,35.137499999999996,467.1666666666667,30.866666666666664,14.93913043478261,54.0,59.0,50,23,54,19,39,59.0
2022-12-19,55.2875,38.4,449.75,31.65416666666667,15.018181818181818,53.791666666666664,64.0,55,22,54,19,40,64.0
2022-12-20,54.19166666666666,37.5625,432.75,29.354166666666668,14.418181818181818,54.166666666666664,63.0,54,22,54,18,37,63.0
2022-12-21,51.37083333333334,35.333333333333336,419.375,26.308333333333334,11.770833333333334,56.625,59.0,51,21,57,15,33,59.0
2022-12-22,60.37916666666666,41.65833333333333,460.8333333333333,26.583333333333332,10.887500000000001,57.333333333333336,69.0,60,23,57,14,33,69.0
2022-12-23,70.16666666666667,47.97083333333333,485.0,22.587500000000002,9.983333333333333,80.33333333333333,80.0,70,24,80,12,28,80.0
2022-12-24,91.09583333333335,62.85,658.5833333333334,26.625,16.837500000000002,87.625,110.0,91,33,88,21,33,110.0
2022-12-25,88.39583333333333,61.46666666666667,586.0416666666666,24.071428571428573,18.847619047619048,77.875,105.0,88,29,78,24,30,105.0
2022-12-26,72.075,50.21666666666667,515.7083333333334,25.158333333333335,18.13684210526316,76.54166666666667,84.0,72,26,77,23,31,84.0
2022-12-27,73.7375,51.37083333333334,586.875,32.170833333333334,18.535,68.91666666666667,86.0,74,29,69,23,40,86.0
2022-12-28,70.1375,48.800000000000004,598.2272727272727,29.375,18.94090909090909,53.083333333333336,81.0,70,30,53,24,37,81.0
2022-12-29,74.72222222222223,51.78333333333333,553.7647058823529,28.1,19.66842105263158,53.25,86.0,75,28,53,25,35,86.0
2022-12-30,57.30869565217391,36.72608695652174,492.375,25.804166666666664,10.133333333333333,61.791666666666664,61.0,57,25,62,13,32,62.0
2022-12-31,64.53333333333333,43.525,523.375,26.3,12.395833333333334,63.708333333333336,73.0,65,26,64,15,33,73.0
2023-01-01,83.5,57.729166666666664,581.8333333333334,29.438888888888886,17.6125,58.0,96.0,84,29,58,22,37,96.0
2023-01-02,89.60000000000001,62.11666666666667,530.0,29.9,19.504166666666666,59.0,107.0,90,26,59,24,37,107.0
2023-01-03,70.14166666666667,48.8125,436.0,21.304166666666667,18.516666666666666,72.16666666666667,81.0,70,22,72,23,27,81.0
2023-01-04,55.99166666666667,38.97083333333333,412.0416666666667,17.587500000000002,19.1875,94.54166666666667,65.0,56,21,95,24,22,95.0
2023-01-05,66.8125,46.604166666666664,483.8333333333333,18.183333333333334,22.742105263157896,84.91666666666667,78.0,67,24,85,28,23,85.0
2023-01-06,84.075,58.708333333333336,503.0,23.3625,22.05,68.20833333333333,98.0,84,25,68,28,29,98.0
2023-01-07,78.30833333333334,54.67083333333333,540.75,24.005555555555556,19.95,53.166666666666664,91.0,78,27,53,25,30,91.0
2023-01-08,81.21052631578948,56.51052631578948,498.11764705882354,20.435714285714287,20.020833333333332,45.333333333333336,94.0,81,25,45,25,26,94.0
2023-01-09,87.78333333333335,60.93333333333334,596.7,32.555,15.979166666666666,53.041666666666664,103.0,88,30,53,20,41,103.0
2023-01-10,81.64117647058823,56.55882352941177,518.1333333333333,32.30625,19.727272727272727,40.75,94.0,82,26,41,25,40,94.0
2023-01-11,65.7304347826087,44.426086956521736,507.72727272727275,28.570833333333336,13.362499999999999,63.041666666666664,74.0,66,25,63,17,36,74.0
2023-01-12,30.429166666666664,16.920833333333334,268.0416666666667,13.679166666666667,7.029166666666666,59.833333333333336,28.0,30,13,60,9,17,60.0
2023-01-13,54.59166666666667,35.920833333333334,474.5416666666667,17.541666666666668,9.991666666666667,70.33333333333333,60.0,55,24,70,12,22,70.0
2023-01-14,53.78333333333333,36.666666666666664,537.75,18.645833333333332,11.279166666666667,77.91666666666667,61.0,54,27,78,14,23,78.0
2023-01-15,52.81666666666666,36.479166666666664,624.4583333333334,25.695833333333336,11.983333333333334,74.91666666666667,61.0,53,31,75,15,32,75.0
2023-01-16,58.520833333333336,40.71666666666667,575.7916666666666,31.854166666666668,14.5375,66.70833333333333,68.0,59,29,67,18,40,68.0
2023-01-17,59.85,41.604166666666664,511.75,28.34166666666667,16.575,70.79166666666667,69.0,60,26,71,21,35,71.0
2023-01-18,68.46666666666667,47.62916666666666,500.9583333333333,21.049999999999997,19.061904761904763,60.333333333333336,79.0,68,25,60,24,26,79.0
2023-01-19,76.6875,53.49583333333334,514.75,25.352941176470587,18.208333333333332,57.083333333333336,89.0,77,26,57,23,32,89.0
2023-01-20,78.71249999999999,54.458333333333336,532.7083333333334,26.962500000000002,13.1625,71.08333333333333,91.0,79,27,71,16,34,91.0
2023-01-21,76.06666666666666,51.2125,528.3333333333334,21.633333333333336,10.387500000000001,79.91666666666667,85.0,76,26,80,13,27,85.0
2023-01-22,77.21249999999999,52.395833333333336,507.6666666666667,19.770833333333332,11.141666666666666,77.16666666666667,87.0,77,25,77,14,25,87.0
2023-01-23,99.43636363636364,67.92727272727274,600.875,19.162499999999998,11.9625,81.41666666666667,126.0,99,30,81,15,24,126.0
2023-01-24,112.40714285714286,75.38571428571429,686.2083333333334,16.3875,16.920833333333334,88.58333333333333,151.0,108,34,89,21,20,151.0
2023-01-25,69.5125,47.574999999999996,433.625,14.066666666666668,9.204166666666667,85.70833333333333,79.0,70,22,86,12,18,86.0
2023-01-26,71.79583333333333,49.62083333333334,452.75,17.849999999999998,11.916666666666666,85.45833333333333,83.0,72,23,85,15,22,85.0
2023-01-27,83.84166666666667,58.18333333333334,477.125,18.858333333333334,14.5625,87.16666666666667,97.0,84,24,87,18,24,97.0
2023-01-28,86.625,59.67083333333333,547.8333333333334,27.2,21.15,63.208333333333336,99.0,87,27,63,26,34,99.0
2023-01-29,83.60000000000001,57.19411764705882,445.8888888888889,22.705882352941178,16.591666666666665,59.583333333333336,95.0,84,22,60,21,28,95.0
2023-01-30,78.22222222222223,53.57222222222222,534.5714285714286,29.329166666666666,14.733333333333333,74.25,89.0,78,27,74,18,37,89.0
2023-01-31,68.575,47.1,421.25,23.583333333333332,10.491666666666667,66.58333333333333,79.0,69,21,67,13,29,79.0
2023-02-01,48.57083333333333,33.43333333333333,413.9583333333333,19.41904761904762,13.049999999999999,69.79166666666667,56.0,49,21,70,16,24,70.0
2023-02-02,47.74583333333334,33.30833333333333,518.25,22.305882352941175,13.316666666666668,55.708333333333336,56.0,48,26,56,17,28,56.0
2023-02-03,57.49583333333334,40.09166666666667,554.6086956521739,21.113333333333333,16.679166666666667,57.875,67.0,57,28,58,21,26,67.0
2023-02-04,56.925000000000004,39.74583333333333,476.94444444444446,25.353333333333335,16.620833333333334,52.083333333333336,66.0,57,24,52,21,32,66.0
2023-02-05,65.64166666666667,45.80416666666667,512.0555555555555,30.870588235294115,18.841666666666665,63.833333333333336,76.0,66,26,64,24,39,76.0
2023-02-06,59.35833333333333,31.483333333333334,440.7916666666667,25.22083333333333,8.387500000000001,56.666666666666664,52.0,59,22,57,10,32,59.0
2023-02-07,50.708333333333336,32.6875,518.7916666666666,29.933333333333334,10.475,60.25,54.0,51,26,60,13,37,60.0
2023-02-08,67.85000000000001,47.083333333333336,454.2,22.87142857142857,18.157894736842106,50.041666666666664,78.0,68,23,50,23,29,78.0
2023-02-09,66.625,45.9625,517.5333333333333,35.09473684210526,18.72941176470588,69.125,77.0,67,26,69,23,44,77.0
2023-02-10,34.77916666666667,21.320833333333333,245.04166666666666,17.125,13.427272727272726,58.25,36.0,35,12,58,17,21,58.0
2023-02-11,38.22083333333333,24.175,297.5416666666667,17.008333333333333,12.070833333333333,69.125,40.0,38,15,69,15,21,69.0
2023-02-12,43.92916666666667,27.8125,374.0416666666667,20.8625,9.170833333333333,63.583333333333336,46.0,44,19,64,11,26,64.0
2023-02-13,40.729166666666664,27.537499999999998,471.90909090909093,26.11904761904762,11.799999999999999,62.791666666666664,46.0,41,24,63,15,33,63.0
2023-02-14,45.725,31.90416666666667,496.0,30.925,15.058333333333332,68.66666666666667,53.0,46,25,69,19,39,69.0
2023-02-15,45.6,31.4875,492.9,28.542105263157893,13.475,68.0,52.0,46,25,68,17,36,68.0
2023-02-16,48.21666666666667,32.94166666666667,556.8695652173913,30.78421052631579,11.954166666666666,57.291666666666664,55.0,48,28,57,15,38,57.0
2023-02-17,55.69583333333333,38.233333333333334,504.1666666666667,29.041176470588233,13.754166666666668,52.208333333333336,64.0,56,25,52,17,36,64.0
2023-02-18,73.64999999999999,49.81428571428571,510.53333333333336,29.00714285714286,19.08125,60.083333333333336,83.0,74,26,60,24,36,83.0
2023-02-19,75.39473684210526,50.93888888888889,586.5333333333333,25.036363636363635,19.21,44.65,85.0,75,29,45,24,31,85.0
2023-02-20,53.74545454545455,32.345,463.94444444444446,28.88888888888889,15.98235294117647,61.041666666666664,54.0,54,23,61,20,36,61.0
2023-02-21,42.612500000000004,24.829166666666666,455.375,21.708695652173912,9.604166666666666,55.75,41.0,43,23,56,12,27,56.0
2023-02-22,49.9,28.52916666666667,396.25,20.92727272727273,13.666666666666666,61.375,48.0,50,20,61,17,26,61.0
2023-02-23,47.449999999999996,30.8,382.5882352941176,24.799999999999997,12.4625,42.666666666666664,51.0,47,19,43,16,31,51.0
2023-02-24,61.9375,41.88333333333333,537.5,33.32941176470588,14.908333333333333,50.75,70.0,62,27,51,19,42,70.0
2023-02-25,60.458333333333336,40.78333333333333,522.8421052631579,30.305555555555557,12.870833333333332,59.541666666666664,68.0,60,26,60,16,38,68.0
2023-02-26,43.84583333333333,29.27916666666667,520.0416666666666,27.94545454545454,9.637500000000001,56.25,49.0,44,26,56,12,35,56.0
2023-02-27,40.391666666666666,27.891666666666666,493.5217391304348,26.552380952380954,11.270833333333334,67.5,46.0,40,25,68,14,33,68.0
2023-02-28,50.39166666666667,35.025,469.8421052631579,31.58421052631579,15.643478260869566,60.625,58.0,50,23,61,20,39,61.0
2023-03-01,53.51666666666667,37.1,597.8333333333334,32.34444444444445,12.75,61.541666666666664,62.0,54,30,62,16,40,62.0
2023-03-02,55.09583333333333,38.06666666666667,516.1052631578947,29.36111111111111,12.691666666666668,67.29166666666667,63.0,55,26,67,16,37,67.0
2023-03-03,66.375,45.65833333333333,505.05555555555554,27.18125,16.033333333333335,58.458333333333336,76.0,66,25,58,20,34,76.0
2023-03-04,47.26666666666667,32.21666666666667,452.5,25.65416666666667,10.270833333333334,83.70833333333333,54.0,47,23,84,13,32,84.0
2023-03-05,60.862500000000004,42.03333333333333,491.0833333333333,23.568421052631578,13.683333333333332,74.58333333333333,70.0,61,25,75,17,29,75.0
2023-03-06,63.7125,43.925000000000004,600.7083333333334,33.7875,16.933333333333334,70.08333333333333,73.0,64,30,70,21,42,73.0
2023-03-07,53.699999999999996,37.00833333333333,504.75,30.630434782608695,16.91904761904762,82.29166666666667,62.0,54,25,82,21,38,82.0
2023-03-08,38.0625,26.224999999999998,404.7083333333333,26.8625,13.35,73.58333333333333,44.0,38,20,74,17,34,74.0
2023-03-09,31.245833333333334,21.429166666666664,413.7916666666667,26.570833333333336,9.983333333333333,64.75,36.0,31,21,65,12,33,65.0
2023-03-10,37.52916666666667,26.125,465.0952380952381,25.21764705882353,12.629166666666668,59.0,44.0,38,23,59,16,32,59.0
2023-03-11,36.25833333333333,25.2375,439.1666666666667,30.464999999999996,13.083333333333334,71.20833333333333,42.0,36,22,71,16,38,71.0
2023-03-12,51.32916666666667,35.766666666666666,547.5,25.59333333333333,15.720833333333333,62.833333333333336,60.0,51,27,63,20,32,63.0
2023-03-13,57.25,39.80555555555556,406.26666666666665,25.45,14.035294117647059,57.041666666666664,66.0,57,20,57,18,32,66.0
2023-03-14,62.790476190476184,41.535000000000004,584.2105263157895,18.53,15.600000000000001,68.08333333333333,69.0,63,29,68,20,23,69.0
2023-03-15,85.13684210526316,58.54736842105264,592.0,36.4625,17.920833333333334,43.458333333333336,98.0,85,30,43,22,46,98.0
2023-03-16,74.32631578947368,50.742105263157896,500.5263157894737,28.829411764705885,20.426666666666666,73.85,85.0,74,25,74,26,36,85.0
2023-03-17,67.55416666666666,44.76666666666667,565.0833333333334,25.133333333333333,19.481818181818184,85.0,75.0,68,28,85,24,31,85.0
2023-03-18,58.4388888888889,37.150000000000006,471.5,21.846666666666668,18.900000000000002,66.41666666666667,62.0,58,24,66,24,27,66.0
2023-03-19,52.545,33.364999999999995,560.1578947368421,26.958823529411767,13.475,67.25,56.0,53,28,67,17,34,67.0
2023-03-20,57.75,36.92916666666667,514.3157894736842,31.014285714285712,11.380952380952381,57.208333333333336,62.0,58,26,57,14,39,62.0
2023-03-21,49.02916666666667,31.1875,460.15,14.993333333333334,10.9,57.583333333333336,52.0,49,23,58,14,19,58.0
2023-03-22,41.020833333333336,24.537499999999998,450.2916666666667,21.61818181818182,9.549999999999999,54.458333333333336,41.0,41,23,54,12,27,54.0
2023-03-23,21.458333333333332,12.4125,219.20833333333334,13.145833333333334,6.958333333333333,58.666666666666664,21.0,21,11,59,9,16,59.0
2023-03-24,25.03333333333333,12.279166666666667,197.70833333333334,8.6875,5.9875,81.79166666666667,20.0,25,10,82,7,11,82.0
2023-03-25,41.65416666666666,23.458333333333332,414.2173913043478,17.37777777777778,9.245833333333334,73.45833333333333,39.0,42,21,73,12,22,73.0
2023-03-26,48.525,28.916666666666668,406.375,30.037499999999998,10.375,77.29166666666667,48.0,49,20,77,13,38,77.0
2023-03-27,38.270833333333336,23.929166666666664,336.25,21.55,10.158333333333333,80.0,40.0,38,17,80,13,27,80.0
2023-03-28,58.40416666666667,39.84166666666667,520.125,17.62,17.657894736842106,69.16666666666667,66.0,58,26,69,22,22,69.0
2023-03-29,45.770833333333336,29.1125,399.875,28.791666666666668,15.845833333333333,70.25,49.0,46,20,70,20,36,70.0
2023-03-30,37.050000000000004,17.741666666666667,229.375,14.987499999999999,9.75,58.625,30.0,37,11,59,12,19,59.0
2023-03-31,32.55833333333333,17.233333333333334,323.0,17.891666666666666,9.766666666666667,71.95833333333333,29.0,33,16,72,12,22,72.0
2023-04-01,39.583333333333336,24.183333333333334,348.94736842105266,18.794444444444444,11.700000000000001,66.79166666666667,40.0,40,17,67,15,23,67.0
2023-04-02,30.241666666666664,18.770833333333332,224.54166666666666,14.825000000000001,12.241666666666667,80.0,31.0,30,11,80,15,19,80.0
2023-04-03,36.612500000000004,15.475,182.58333333333334,11.316666666666668,10.520833333333334,81.83333333333333,26.0,37,9,82,13,14,82.0
2023-04-04,46.34166666666667,21.462500000000002,193.29166666666666,9.116666666666667,10.941666666666668,73.08333333333333,36.0,46,10,73,14,11,73.0
2023-04-05,41.24583333333333,18.983333333333334,194.04166666666666,8.354166666666666,9.804166666666667,84.625,32.0,41,10,85,12,10,85.0
2023-04-06,43.4625,23.695833333333336,259.6666666666667,16.75,11.225,80.58333333333333,39.0,43,13,81,14,21,81.0
2023-04-07,72.8125,39.40416666666667,450.15,28.761904761904763,14.641666666666666,55.583333333333336,66.0,73,23,56,18,36,73.0
2023-04-08,71.69166666666668,40.9375,683.625,28.90666666666667,17.720833333333335,64.16666666666667,68.0,72,34,64,22,36,72.0
2023-04-09,52.44583333333333,30.329166666666666,471.25,28.58181818181818,12.883333333333333,70.5,51.0,52,24,70,16,36,70.0
2023-04-10,60.1875,37.50833333333333,427.27777777777777,22.905555555555555,15.089473684210526,73.45833333333333,63.0,60,21,73,19,29,73.0
2023-04-11,34.983333333333334,22.420833333333334,437.90909090909093,21.642857142857142,11.6875,72.125,37.0,35,22,72,15,27,72.0
2023-04-12,23.525000000000002,13.895833333333334,269.8333333333333,15.299999999999999,7.141666666666667,80.375,23.0,24,13,80,9,19,80.0
2023-04-13,32.954166666666666,19.533333333333335,346.5833333333333,14.8,8.299999999999999,81.375,33.0,33,17,81,10,19,81.0
2023-04-14,27.583333333333332,15.858333333333334,317.125,18.429166666666667,7.370833333333334,69.79166666666667,26.0,28,16,70,9,23,70.0
2023-04-15,37.0625,22.34583333333333,390.0833333333333,19.010526315789473,10.858333333333334,61.708333333333336,37.0,37,20,62,14,24,62.0
2023-04-16,43.60833333333333,22.8125,445.875,17.75,11.483333333333334,67.5,38.0,44,22,68,14,22,68.0
2023-04-17,43.916666666666664,23.854166666666668,360.8888888888889,20.136363636363637,12.700000000000001,64.29166666666667,40.0,44,18,64,16,25,64.0
2023-04-18,42.387499999999996,24.462500000000002,366.4736842105263,20.938095238095237,9.457142857142857,55.875,41.0,42,18,56,12,26,56.0
2023-04-19,30.233333333333334,14.700000000000001,229.20833333333334,12.358333333333334,4.929166666666666,72.08333333333333,25.0,30,11,72,6,15,72.0
2023-04-20,29.016666666666666,15.525,223.08333333333334,12.654166666666667,5.329166666666667,77.70833333333333,26.0,29,11,78,7,16,78.0
2023-04-21,42.725,23.108333333333334,347.2,16.345,10.621739130434783,70.20833333333333,39.0,43,17,70,13,20,70.0
2023-04-22,34.87916666666667,20.045833333333334,299.75,12.690000000000001,9.50952380952381,75.45833333333333,33.0,35,15,75,12,16,75.0
2023-04-23,26.954166666666666,15.970833333333333,248.375,13.354166666666666,7.4375,96.45833333333333,27.0,27,12,96,9,17,96.0
2023-04-24,33.50833333333333,22.03333333333333,362.2083333333333,26.245833333333334,10.154166666666667,84.125,37.0,34,18,84,13,33,84.0
2023-04-25,52.775,36.0625,405.8125,18.86,15.45,67.75,60.0,53,20,68,19,24,68.0
2023-04-26,48.85833333333333,32.204166666666666,422.1904761904762,29.55263157894737,13.13125,81.0909090909091,54.0,49,21,81,16,37,81.0
2023-04-27,36.237500000000004,21.2625,404.0,22.0125,11.766666666666666,69.20833333333333,35.0,36,20,69,15,28,69.0
2023-04-28,30.724999999999998,16.545833333333334,253.41666666666666,13.729166666666666,6.866666666666667,72.83333333333333,28.0,31,13,73,9,17,73.0
2023-04-29,39.225,22.337500000000002,268.9166666666667,18.6375,12.875,76.625,37.0,39,13,77,16,23,77.0
2023-04-30,34.583333333333336,19.641666666666666,322.7083333333333,26.162499999999998,10.612499999999999,57.958333333333336,33.0,35,16,58,13,33,58.0
2023-05-01,29.491666666666664,15.745833333333332,242.58333333333334,15.691666666666668,9.3375,64.25,26.0,29,12,64,12,20,64.0
2023-05-02,43.1,27.191666666666666,475.5416666666667,24.44,11.299999999999999,57.125,45.0,43,24,57,14,31,57.0
2023-05-03,52.47083333333333,34.50416666666667,397.05555555555554,16.78666666666667,14.689473684210528,67.625,58.0,52,20,68,18,21,68.0
2023-05-04,46.80833333333334,30.916666666666668,382.6842105263158,22.647058823529413,12.657142857142858,72.29166666666667,52.0,47,19,72,16,28,72.0
2023-05-05,46.708333333333336,30.0125,279.7894736842105,10.177777777777777,11.459090909090909,85.04166666666667,50.0,47,14,85,14,13,85.0
2023-05-06,46.24583333333334,29.3125,327.05,15.010526315789473,11.200000000000001,75.0,49.0,46,16,75,14,19,75.0
2023-05-07,41.61666666666667,25.583333333333332,301.85,16.365000000000002,9.808333333333334,74.79166666666667,43.0,42,15,75,12,20,75.0
2023-05-08,39.94166666666667,25.3125,328.22222222222223,18.575,8.655555555555557,66.25,42.0,40,16,66,11,23,66.0
2023-05-09,40.72083333333334,24.52916666666667,412.59090909090907,22.88235294117647,11.387500000000001,66.83333333333333,41.0,41,21,67,14,29,67.0
2023-05-10,40.645833333333336,25.941666666666666,464.1666666666667,19.65,10.318181818181818,69.20833333333333,43.0,41,23,69,13,25,69.0
2023-05-11,42.57083333333333,27.4375,406.42105263157896,19.029411764705884,10.654545454545454,69.33333333333333,46.0,43,20,69,13,24,69.0
2023-05-12,34.37916666666667,21.491666666666664,275.4736842105263,16.79,7.35,67.375,36.0,34,14,67,9,21,67.0
2023-05-13,17.591666666666665,9.75,209.66666666666666,11.85,5.783333333333334,73.79166666666667,16.0,18,10,74,7,15,74.0
2023-05-14,18.804166666666667,8.658333333333333,166.83333333333334,6.654166666666668,5.054166666666666,68.5,14.0,19,8,68,6,8,68.0
2023-05-15,23.695833333333336,11.554166666666667,161.41666666666666,7.441666666666666,6.1125,66.66666666666667,19.0,24,8,67,8,9,67.0
2023-05-16,22.604166666666668,10.120833333333334,144.625,6.2375,5.133333333333334,67.16666666666667,17.0,23,7,67,6,8,67.0
2023-05-17,26.570833333333336,11.391666666666666,164.25,8.883333333333335,6.208333333333333,69.5,19.0,27,8,70,8,11,70.0
2023-05-18,25.666666666666668,10.804166666666667,180.54166666666666,10.520833333333334,6.116666666666667,64.0,18.0,26,9,64,8,13,64.0
2023-05-19,30.3125,14.320833333333333,289.7916666666667,13.97272727272727,7.391666666666667,63.25,24.0,30,14,63,9,17,63.0
2023-05-20,31.195833333333336,14.375,251.91666666666666,16.316666666666666,7.979166666666667,63.125,24.0,31,13,63,10,20,63.0
2023-05-21,25.766666666666666,11.004166666666668,197.83333333333334,11.620833333333332,6.404166666666666,62.416666666666664,18.0,26,10,62,8,15,62.0
2023-05-22,22.3625,10.633333333333333,211.625,12.7125,8.1,63.125,18.0,22,11,63,10,16,63.0
2023-05-23,23.72083333333333,10.275,166.75,9.466666666666667,7.308333333333334,64.83333333333333,17.0,24,8,65,9,12,65.0
2023-05-24,26.1375,10.741666666666667,149.29166666666666,6.133333333333333,5.220833333333333,64.66666666666667,18.0,26,7,65,7,8,65.0
2023-05-25,24.995833333333334,11.558333333333332,157.875,7.083333333333333,5.7625,64.33333333333333,19.0,25,8,64,7,9,64.0
2023-05-26,29.45,13.695833333333333,159.29166666666666,6.333333333333333,5.5,62.5,23.0,29,8,62,7,8,62.0
2023-05-27,21.629166666666666,9.991666666666667,143.875,6.204166666666667,5.341666666666666,60.041666666666664,17.0,22,7,60,7,8,60.0
2023-05-28,31.270833333333332,15.1,234.29166666666666,18.995833333333334,8.141666666666667,49.541666666666664,25.0,31,12,50,10,24,50.0
2023-05-29,57.945454545454545,34.354166666666664,321.6666666666667,32.27916666666667,12.075,46.333333333333336,57.0,58,16,46,15,40,58.0
2023-05-30,43.854166666666664,21.712500000000002,411.3333333333333,23.412499999999998,9.0,52.708333333333336,36.0,44,21,53,11,29,53.0
2023-05-31,24.9875,11.983333333333334,175.95833333333334,9.120833333333334,4.791666666666667,62.458333333333336,20.0,25,9,62,6,11,62.0
2023-06-01,13.958333333333334,7.6375,139.91666666666666,5.958333333333333,4.5,58.5,13.0,14,7,58,6,7,58.0
2023-06-02,22.208333333333332,10.3125,142.58333333333334,6.008333333333333,4.6000000000000005,55.708333333333336,17.0,22,7,56,6,8,56.0
2023-06-03,36.85,17.9875,288.1666666666667,22.429166666666664,10.016666666666667,49.583333333333336,30.0,37,14,50,13,28,50.0
2023-06-04,33.87916666666667,17.1375,328.125,16.810526315789474,12.495833333333332,46.875,29.0,34,16,47,16,21,47.0
2023-06-05,36.791666666666664,15.916666666666666,232.95833333333334,14.720833333333333,8.820833333333333,65.41666666666667,27.0,37,12,65,11,18,65.0
2023-06-06,33.266666666666666,15.516666666666666,269.25,19.033333333333335,10.6875,56.541666666666664,26.0,33,13,57,13,24,57.0
2023-06-07,27.891666666666666,14.145833333333334,223.66666666666666,15.945454545454545,12.066666666666668,54.416666666666664,24.0,28,11,54,15,20,54.0
2023-06-08,33.28333333333333,16.458333333333332,246.20833333333334,17.11304347826087,9.866666666666667,54.291666666666664,27.0,33,12,54,12,21,54.0
2023-06-09,18.7,10.208333333333334,176.125,13.741666666666667,9.549999999999999,53.375,17.0,19,9,53,12,17,53.0
2023-06-10,13.366666666666667,8.3125,134.79166666666666,8.0,9.924999999999999,54.958333333333336,14.0,13,7,55,12,10,55.0
2023-06-11,21.570833333333336,11.958333333333334,139.66666666666666,8.404166666666667,12.204166666666666,60.333333333333336,20.0,22,7,60,15,11,60.0
2023-06-12,23.166666666666668,12.916666666666666,140.0,9.125,16.033333333333335,53.625,22.0,23,7,54,20,11,54.0
2023-06-13,21.666666666666668,12.125,125.0,8.645833333333334,12.2125,45.5,20.0,22,6,46,15,11,46.0
2023-06-14,22.754166666666666,11.983333333333334,116.25,7.333333333333333,10.020833333333334,49.291666666666664,20.0,23,6,49,13,9,49.0
2023-06-15,25.508333333333336,13.004166666666668,117.41666666666667,8.233333333333333,11.049999999999999,42.125,22.0,26,6,42,14,10,42.0
2023-06-16,27.099999999999998,13.316666666666668,121.16666666666667,7.341666666666666,8.245833333333334,46.75,22.0,27,6,47,10,9,47.0
2023-06-17,34.37083333333333,16.370833333333334,120.75,6.383333333333333,4.820833333333334,49.708333333333336,27.0,34,6,50,6,8,50.0
2023-06-18,40.208333333333336,17.962500000000002,137.91666666666666,8.133333333333333,5.333333333333333,45.333333333333336,30.0,40,7,45,7,10,45.0
2023-06-19,41.891666666666666,19.26666666666667,163.875,9.2,5.616666666666667,51.916666666666664,32.0,42,8,52,7,11,52.0
2023-06-20,42.641666666666666,18.133333333333333,210.125,13.1625,7.916666666666667,55.0,30.0,43,11,55,10,16,55.0
2023-06-21,42.49166666666667,17.870833333333334,205.70833333333334,13.358333333333334,7.545833333333333,57.166666666666664,30.0,42,10,57,9,17,57.0
2023-06-22,45.15416666666667,19.787499999999998,210.16666666666666,13.420833333333334,7.325,53.208333333333336,33.0,45,11,53,9,17,53.0
2023-06-23,38.53333333333333,17.275,211.875,14.241666666666667,7.491666666666667,53.083333333333336,29.0,39,11,53,9,18,53.0
2023-06-24,36.333333333333336,19.004166666666666,181.58333333333334,17.133333333333333,10.665000000000001,45.5,32.0,36,9,46,13,21,46.0
2023-06-25,35.8125,18.254166666666666,205.25,16.933333333333334,10.825000000000001,49.958333333333336,30.0,36,10,50,14,21,50.0
2023-06-26,26.6375,15.15,190.0,15.029166666666667,7.7124999999999995,41.833333333333336,25.0,27,10,42,10,19,42.0
2023-06-27,23.775000000000002,13.866666666666667,182.70833333333334,10.799999999999999,6.570833333333333,46.375,23.0,24,9,46,8,13,46.0
2023-06-28,19.633333333333333,11.429166666666667,185.41666666666666,11.166666666666666,5.079166666666667,47.166666666666664,19.0,20,9,47,6,14,47.0
2023-06-29,26.429166666666664,14.841666666666667,179.41666666666666,10.4125,4.204166666666667,45.833333333333336,25.0,26,9,46,5,13,46.0
2023-06-30,19.966666666666665,11.033333333333333,150.54166666666666,8.0,3.358333333333333,45.666666666666664,18.0,20,8,46,4,10,46.0
2023-07-01,20.216666666666665,11.645833333333334,163.70833333333334,9.270833333333334,4.175,41.625,19.0,20,8,42,5,12,42.0
2023-07-02,27.191666666666666,14.9125,184.0,11.566666666666668,7.795833333333333,49.208333333333336,25.0,27,9,49,10,14,49.0
2023-07-03,34.75,19.820833333333333,199.33333333333334,12.191666666666668,9.0,66.83333333333333,33.0,35,10,67,11,15,67.0
2023-07-04,37.487500000000004,19.483333333333334,203.66666666666666,12.095833333333333,7.454166666666667,65.29166666666667,32.0,37,10,65,9,15,65.0
2023-07-05,52.59583333333333,22.275000000000002,203.33333333333334,12.866666666666667,10.783333333333333,62.958333333333336,37.0,53,10,63,13,16,63.0
2023-07-06,29.416666666666668,17.224999999999998,231.0,14.887500000000001,8.904166666666667,66.70833333333333,29.0,29,12,67,11,19,67.0
2023-07-07,21.04583333333333,14.15,217.04166666666666,13.041666666666666,9.029166666666667,67.75,24.0,21,11,68,11,16,68.0
2023-07-08,16.091666666666665,11.595833333333333,187.91666666666666,8.450000000000001,3.8874999999999997,65.66666666666667,19.0,16,9,66,5,11,66.0
2023-07-09,17.75,11.154166666666667,165.29166666666666,8.508333333333333,4.308333333333334,56.708333333333336,19.0,18,8,57,5,11,57.0
2023-07-10,52.145833333333336,20.25,150.95833333333334,8.733333333333333,3.841666666666667,51.708333333333336,34.0,52,8,52,5,11,52.0
2023-07-11,48.475,16.675,143.125,8.679166666666665,4.191666666666666,48.125,28.0,48,7,48,5,11,48.0
2023-07-12,52.84583333333333,18.183333333333334,152.58333333333334,8.695833333333333,4.404166666666667,50.958333333333336,30.0,53,8,51,6,11,53.0
2023-07-13,58.5875,19.412499999999998,147.625,7.7124999999999995,4.204166666666667,53.208333333333336,32.0,59,7,53,5,10,59.0
2023-07-14,46.00833333333333,18.025000000000002,148.95833333333334,8.929166666666667,4.895833333333333,49.958333333333336,30.0,46,7,50,6,11,50.0
2023-07-15,43.57916666666667,18.3625,141.04166666666666,9.5625,4.404166666666667,43.125,31.0,44,7,43,6,12,44.0
2023-07-16,42.43333333333333,18.708333333333332,145.875,9.704166666666667,4.9375,48.75,31.0,42,7,49,6,12,49.0
2023-07-17,56.449999999999996,22.983333333333334,165.41666666666666,10.329166666666667,4.908333333333333,53.5,38.0,56,8,54,6,13,56.0
2023-07-18,58.35833333333333,23.916666666666668,175.41666666666666,12.200000000000001,4.879166666666666,45.833333333333336,40.0,58,9,46,6,15,58.0
2023-07-19,55.36666666666667,23.0,198.41666666666666,14.383333333333333,4.783333333333333,48.875,38.0,55,10,49,6,18,55.0
2023-07-20,38.300000000000004,21.879166666666666,250.375,14.458333333333334,11.208333333333334,78.91666666666667,36.0,38,13,79,14,18,79.0
2023-07-21,27.349999999999998,18.904166666666665,260.2083333333333,18.175,10.845833333333333,55.666666666666664,32.0,27,13,56,14,23,56.0
2023-07-22,19.875,13.891666666666667,232.79166666666666,12.35,4.295833333333333,71.45833333333333,23.0,20,12,71,5,15,71.0
2023-07-23,21.766666666666666,15.262500000000001,239.875,16.425,10.870833333333332,55.625,25.0,22,12,56,14,21,56.0
2023-07-24,16.283333333333335,10.116666666666667,166.16666666666666,9.758333333333333,5.141666666666667,51.666666666666664,17.0,16,8,52,6,12,52.0
2023-07-25,36.479166666666664,18.483333333333334,167.625,11.108333333333334,4.691666666666666,41.333333333333336,31.0,36,8,41,6,14,41.0
2023-07-26,31.883333333333336,16.070833333333333,157.625,9.766666666666667,4.858333333333333,51.75,27.0,32,8,52,6,12,52.0
2023-07-27,43.229166666666664,18.404166666666665,132.20833333333334,7.133333333333333,3.1041666666666665,49.416666666666664,31.0,43,7,49,4,9,49.0
2023-07-28,26.854166666666668,13.095833333333333,127.58333333333333,6.3125,3.220833333333333,47.791666666666664,22.0,27,6,48,4,8,48.0
2023-07-29,29.995833333333334,12.4125,119.625,7.3,3.6750000000000003,39.5,21.0,30,6,40,5,9,40.0
2023-07-30,41.233333333333334,14.6625,126.16666666666667,7.554166666666667,3.779166666666667,40.833333333333336,24.0,41,6,41,5,9,41.0
2023-07-31,39.84166666666666,13.995833333333332,124.95833333333333,7.054166666666667,3.4875000000000003,40.333333333333336,23.0,40,6,40,4,9,40.0
2023-08-01,51.708333333333336,15.866666666666667,124.08333333333333,6.1875,3.3375,46.166666666666664,26.0,52,6,46,4,8,52.0
2023-08-02,37.512499999999996,14.758333333333333,124.91666666666667,5.445833333333333,3.3625000000000003,47.25,25.0,38,6,47,4,7,47.0
2023-08-03,39.175000000000004,15.629166666666668,131.5,7.7250000000000005,4.004166666666666,42.625,26.0,39,7,43,5,10,43.0
2023-08-04,48.229166666666664,17.666666666666668,147.875,10.291666666666666,4.8,39.625,29.0,48,7,40,6,13,48.0
2023-08-05,47.82916666666667,17.279166666666665,133.375,8.795833333333333,4.458333333333333,45.125,29.0,48,7,45,6,11,48.0
2023-08-06,50.525,16.337500000000002,119.75,5.379166666666666,3.4416666666666664,47.833333333333336,27.0,51,6,48,4,7,51.0
2023-08-07,39.354166666666664,15.825000000000001,122.625,5.258333333333334,3.0833333333333335,44.541666666666664,26.0,39,6,45,4,7,45.0
2023-08-08,35.94583333333333,14.608333333333334,119.83333333333333,5.941666666666666,3.25,44.625,24.0,36,6,45,4,7,45.0
2023-08-09,39.295833333333334,16.7625,140.16666666666666,8.541666666666666,4.0249999999999995,39.333333333333336,28.0,39,7,39,5,11,39.0
2023-08-10,37.67916666666667,14.9375,130.91666666666666,7.220833333333334,3.8083333333333336,46.625,25.0,38,7,47,5,9,47.0
2023-08-11,46.71666666666667,17.908333333333335,138.0,8.929166666666667,4.1499999999999995,45.791666666666664,30.0,47,7,46,5,11,47.0
2023-08-12,36.57083333333333,13.520833333333334,118.375,5.595833333333334,3.3333333333333335,48.708333333333336,23.0,37,6,49,4,7,49.0
2023-08-13,33.62083333333333,14.65,120.75,5.620833333333334,3.2416666666666667,43.958333333333336,24.0,34,6,44,4,7,44.0
2023-08-14,33.608333333333334,15.183333333333332,127.375,7.054166666666667,3.891666666666667,41.125,25.0,34,6,41,5,9,41.0
2023-08-15,46.93333333333334,17.5625,140.54166666666666,10.116666666666667,4.379166666666666,39.375,29.0,47,7,39,5,13,47.0
2023-08-16,44.5875,16.004166666666666,149.16666666666666,9.75,4.466666666666667,43.083333333333336,27.0,45,7,43,6,12,45.0
2023-08-17,40.7125,13.833333333333334,122.45833333333333,6.1875,3.3083333333333336,44.541666666666664,23.0,41,6,45,4,8,45.0
2023-08-18,39.925000000000004,14.2875,128.16666666666666,6.875,2.8541666666666665,44.666666666666664,24.0,40,6,45,4,9,45.0
2023-08-19,52.96666666666667,18.308333333333334,205.66666666666666,16.320833333333333,4.375,41.125,31.0,53,10,41,5,20,53.0
2023-08-20,46.82916666666667,19.108333333333334,149.70833333333334,10.641666666666667,3.9250000000000003,48.041666666666664,32.0,47,7,48,5,13,48.0
2023-08-21,44.916666666666664,20.029166666666665,150.33333333333334,9.320833333333333,4.183333333333334,52.416666666666664,33.0,45,8,52,5,12,52.0
2023-08-22,43.425000000000004,18.75,145.79166666666666,8.725,3.7875,50.75,31.0,43,7,51,5,11,51.0
2023-08-23,20.658333333333335,9.958333333333334,119.04166666666667,6.341666666666666,3.7541666666666664,41.125,17.0,21,6,41,5,8,41.0
2023-08-24,19.608333333333334,9.075,128.54166666666666,6.520833333333333,3.3666666666666667,38.5,15.0,20,6,38,4,8,38.0
2023-08-25,28.34166666666667,10.733333333333334,125.33333333333333,8.358333333333333,3.7125,38.708333333333336,18.0,28,6,39,5,10,39.0
2023-08-26,51.24583333333334,16.7625,133.70833333333334,8.645833333333334,3.8125,46.083333333333336,28.0,51,7,46,5,11,51.0
2023-08-27,59.44761904761905,19.083333333333332,119.54166666666667,7.858333333333333,3.85,47.625,32.0,59,6,48,5,10,59.0
2023-08-28,53.99583333333334,19.608333333333334,137.95833333333334,8.737499999999999,3.725,47.958333333333336,33.0,54,7,48,5,11,54.0
2023-08-29,64.17916666666666,24.504166666666666,220.375,18.120833333333334,6.433333333333334,39.833333333333336,41.0,64,11,40,8,23,64.0
2023-08-30,76.52499999999999,28.40416666666667,300.5416666666667,24.195833333333336,9.275,43.5,47.0,77,15,44,12,30,77.0
2023-08-31,83.1375,34.233333333333334,428.5,19.99411764705882,10.9,44.75,57.0,83,21,45,14,25,83.0
2023-09-01,70.62916666666668,29.820833333333336,343.8333333333333,19.105263157894736,10.758333333333333,52.416666666666664,50.0,71,17,52,13,24,71.0
2023-09-02,52.44583333333333,25.816666666666666,284.6666666666667,17.585714285714285,8.075000000000001,51.208333333333336,43.0,52,14,51,10,22,52.0
2023-09-03,41.50416666666667,20.433333333333334,227.79166666666666,17.508333333333333,6.520833333333333,48.666666666666664,34.0,42,11,49,8,22,49.0
2023-09-04,60.725,26.40416666666667,298.125,16.314285714285717,7.554166666666666,43.458333333333336,44.0,61,15,43,9,20,61.0
2023-09-05,46.737500000000004,24.458333333333332,270.625,20.095833333333335,5.9125000000000005,45.208333333333336,41.0,47,14,45,7,25,47.0
2023-09-06,43.925000000000004,21.504166666666666,228.125,13.916666666666666,5.625,58.541666666666664,36.0,44,11,59,7,17,59.0
2023-09-07,40.604166666666664,22.704166666666666,256.5416666666667,13.883333333333333,7.883333333333333,71.0,38.0,41,13,71,10,17,71.0
2023-09-08,35.6625,19.891666666666666,223.375,15.120833333333332,7.020833333333333,56.875,33.0,36,11,57,9,19,57.0
2023-09-09,28.145833333333332,14.233333333333334,136.45833333333334,6.679166666666667,3.6666666666666665,58.5,24.0,28,7,58,5,8,58.0
2023-09-10,28.05,12.4125,133.08333333333334,5.679166666666667,3.204166666666667,54.791666666666664,21.0,28,7,55,4,7,55.0
2023-09-11,24.849999999999998,11.716666666666667,126.29166666666667,6.566666666666666,3.1166666666666667,51.416666666666664,20.0,25,6,51,4,8,51.0
2023-09-12,23.308333333333334,12.741666666666667,146.375,8.6875,3.9791666666666665,49.958333333333336,21.0,23,7,50,5,11,50.0
2023-09-13,22.266666666666666,12.704166666666666,175.25,12.916666666666666,5.154166666666667,45.75,21.0,22,9,46,6,16,46.0
2023-09-14,30.6375,17.05,258.9583333333333,14.909090909090908,6.083333333333333,42.916666666666664,28.0,31,13,43,8,19,43.0
2023-09-15,31.291666666666668,16.808333333333334,179.16666666666666,10.941666666666668,4.304166666666666,47.708333333333336,28.0,31,9,48,5,14,48.0
2023-09-16,18.791666666666668,10.416666666666666,137.20833333333334,5.979166666666667,3.091666666666667,48.583333333333336,17.0,19,7,49,4,7,49.0
2023-09-17,20.8625,12.674999999999999,135.33333333333334,5.316666666666666,2.9125,53.583333333333336,21.0,21,7,54,4,7,54.0
2023-09-18,19.616666666666667,12.6875,169.375,8.700000000000001,4.166666666666667,49.833333333333336,21.0,20,8,50,5,11,50.0
2023-09-19,15.720833333333333,10.483333333333333,192.5,9.358333333333333,5.1625000000000005,49.291666666666664,17.0,16,10,49,6,12,49.0
2023-09-20,25.625,15.341666666666667,212.08333333333334,11.695833333333333,8.0625,47.458333333333336,26.0,26,11,47,10,15,47.0
2023-09-21,35.74166666666667,19.433333333333334,219.75,11.9625,6.941666666666666,55.083333333333336,32.0,36,11,55,9,15,55.0
2023-09-22,29.325,16.7625,236.0,15.116666666666667,6.9750000000000005,50.25,28.0,29,12,50,9,19,50.0
2023-09-23,41.0625,21.320833333333333,228.41666666666666,13.358333333333334,7.704166666666667,64.25,36.0,41,11,64,10,17,64.0
2023-09-24,34.225,16.341666666666665,200.91666666666666,12.737499999999999,4.770833333333333,43.958333333333336,27.0,34,10,44,6,16,44.0
2023-09-25,37.77916666666667,18.045833333333334,227.83333333333334,15.125,5.791666666666667,49.291666666666664,30.0,38,11,49,7,19,49.0
2023-09-26,51.083333333333336,27.054166666666664,308.25,21.099999999999998,8.525,60.5,45.0,51,15,60,11,26,60.0
2023-09-27,40.24166666666667,25.6375,287.625,16.825,6.875,78.83333333333333,43.0,40,14,79,9,21,79.0
2023-09-28,55.0625,32.6625,348.4583333333333,21.325,8.316666666666666,76.33333333333333,54.0,55,17,76,10,27,76.0
2023-09-29,59.50416666666666,34.78333333333333,404.1666666666667,23.262500000000003,7.3,76.08333333333333,58.0,60,20,76,9,29,76.0
2023-09-30,63.5375,36.05416666666667,439.5833333333333,25.545833333333334,7.670833333333333,70.91666666666667,60.0,64,22,71,10,32,71.0
2023-10-01,69.54583333333333,36.262499999999996,486.375,24.68095238095238,8.570833333333333,74.70833333333333,60.0,70,24,75,11,31,75.0
2023-10-02,80.43333333333334,37.983333333333334,404.9166666666667,23.662499999999998,7.895833333333333,86.95833333333333,63.0,80,20,87,10,30,87.0
2023-10-03,81.70476190476191,36.725,422.25,21.8,9.129166666666666,82.29166666666667,61.0,82,21,82,11,27,82.0
2023-10-04,74.55714285714286,37.72083333333333,502.9166666666667,17.84375,10.654166666666667,63.583333333333336,63.0,75,25,64,13,22,75.0
2023-10-05,67.5625,35.85,492.625,22.576470588235296,10.883333333333333,62.541666666666664,60.0,68,25,63,14,28,68.0
2023-10-06,56.98333333333333,32.829166666666666,362.25,17.815,8.112499999999999,60.625,55.0,57,18,61,10,22,61.0
2023-10-07,68.8125,40.699999999999996,446.625,15.770588235294118,11.145833333333334,59.25,68.0,69,22,59,14,20,69.0
2023-10-08,65.13333333333334,39.00833333333333,436.7083333333333,23.705263157894734,12.0375,65.41666666666667,65.0,65,22,65,15,30,65.0
2023-10-09,37.38333333333333,22.7375,276.7916666666667,19.204166666666666,7.3,66.25,38.0,37,14,66,9,24,66.0
2023-10-10,40.78333333333333,26.433333333333334,430.7916666666667,11.873333333333333,10.970833333333333,50.916666666666664,44.0,41,22,51,14,15,51.0
2023-10-11,61.75833333333333,36.57083333333333,517.5,27.255000000000003,12.891666666666666,64.625,61.0,62,26,65,16,34,65.0
2023-10-12,74.06666666666668,48.90833333333333,652.3333333333334,27.825,15.955000000000002,82.125,82.0,74,33,82,20,35,82.0
2023-10-13,85.19166666666666,52.67083333333333,644.3333333333334,28.383333333333333,18.01578947368421,78.95238095238095,88.0,85,32,79,23,35,88.0
2023-10-14,89.86666666666666,56.095000000000006,548.9166666666666,30.066666666666666,16.195833333333333,81.76190476190476,93.0,90,27,82,20,38,93.0
2023-10-15,49.9125,31.45,357.25,15.690000000000001,8.291666666666666,60.291666666666664,52.0,50,18,60,10,20,60.0
2023-10-16,42.56666666666667,27.375,346.25,23.675,7.258333333333333,57.75,46.0,43,17,58,9,30,58.0
2023-10-17,56.050000000000004,36.979166666666664,476.95,22.405882352941177,10.254166666666666,45.708333333333336,62.0,56,24,46,13,28,62.0
2023-10-18,51.01666666666667,29.1125,417.5,25.145833333333332,7.458333333333333,61.875,49.0,51,21,62,9,31,62.0
2023-10-19,73.0,43.9625,447.05555555555554,18.86875,13.325000000000001,64.45833333333333,73.0,73,22,64,17,24,73.0
2023-10-20,71.62916666666666,43.05833333333334,506.2,21.061111111111114,11.908333333333333,66.875,72.0,72,25,67,15,26,72.0
2023-10-21,75.9,47.93333333333334,510.8888888888889,21.847058823529412,13.183333333333332,70.29166666666667,80.0,76,26,70,16,27,80.0
2023-10-22,73.24166666666666,42.11666666666667,552.3333333333334,22.740000000000002,10.304166666666667,72.21739130434783,70.0,73,28,72,13,28,73.0
2023-10-23,56.78333333333333,33.045833333333334,487.125,22.84090909090909,10.195833333333333,76.875,55.0,57,24,77,13,29,77.0
2023-10-24,66.97083333333333,37.0375,569.5416666666666,26.357142857142858,11.233333333333334,69.16666666666667,62.0,67,28,69,14,33,69.0
2023-10-25,71.1,46.910000000000004,499.0,19.746666666666666,15.305263157894737,53.36842105263158,78.0,71,25,53,19,25,78.0
2023-10-26,86.10909090909091,51.07916666666667,635.1111111111111,27.073333333333334,15.565000000000001,72.0,85.0,86,32,72,19,34,86.0
2023-10-27,64.57916666666667,40.579166666666666,642.15,30.81666666666667,16.079166666666666,63.333333333333336,68.0,65,32,63,20,39,68.0
2023-10-28,50.46666666666667,32.09583333333333,543.75,21.83809523809524,10.683333333333332,68.33333333333333,53.0,50,27,68,13,27,68.0
2023-10-29,63.137499999999996,38.704166666666666,534.8636363636364,20.76842105263158,12.295833333333334,79.75,65.0,63,27,80,15,26,80.0
2023-10-30,68.3,41.34166666666667,545.6818181818181,21.63,11.179166666666667,73.45833333333333,69.0,68,27,73,14,27,73.0
2023-10-31,66.0625,39.31666666666667,467.125,20.791666666666668,10.195833333333333,85.58333333333333,66.0,66,23,86,13,26,86.0
2023-11-01,71.66250000000001,42.80416666666667,550.6666666666666,18.490000000000002,10.879166666666668,79.95833333333333,71.0,72,28,80,14,23,80.0
2023-11-02,80.0421052631579,50.940909090909095,568.2857142857143,21.66,12.5375,80.04166666666667,85.0,80,28,80,16,27,85.0
2023-11-03,87.89999999999999,58.04,637.2857142857143,25.07,13.25,78.0,97.0,88,32,78,17,31,97.0
2023-11-04,86.45454545454545,53.5375,577.5,21.2,11.0625,82.54166666666667,89.0,86,29,83,14,26,89.0
2023-11-05,83.65416666666667,50.520833333333336,604.5217391304348,22.294999999999998,10.779166666666667,74.125,84.0,84,30,74,13,28,84.0
2023-11-06,80.88947368421053,54.958333333333336,560.2631578947369,23.263157894736842,13.066666666666668,68.875,92.0,81,28,69,16,29,92.0
2023-11-07,83.92941176470588,54.375,588.3157894736842,22.038888888888888,13.666666666666666,65.9090909090909,91.0,84,29,66,17,28,91.0
2023-11-08,88.70555555555556,54.85,569.0555555555555,22.294444444444444,13.104166666666666,70.41666666666667,91.0,89,28,70,16,28,91.0
2023-11-09,85.08888888888889,54.13333333333333,577.7894736842105,23.915789473684214,12.733333333333334,69.75,90.0,85,29,70,16,30,90.0
2023-11-10,93.46249999999999,55.275,571.4583333333334,23.7625,11.929166666666667,65.3,92.0,93,29,65,15,30,93.0
2023-11-11,40.479166666666664,25.025000000000002,382.375,15.433333333333332,8.012500000000001,74.08333333333333,42.0,40,19,74,10,19,74.0
2023-11-12,32.07083333333333,21.629166666666666,399.7916666666667,19.2625,8.041666666666666,66.83333333333333,36.0,32,20,67,10,24,67.0
2023-11-13,52.2125,34.59583333333333,517.0833333333334,21.681818181818183,10.0,67.16666666666667,58.0,52,26,67,12,27,67.0
2023-11-14,57.1625,37.46666666666667,480.4166666666667,19.458333333333332,9.716666666666667,74.45833333333333,62.0,57,24,74,12,24,74.0
2023-11-15,65.83749999999999,43.19583333333333,450.75,16.091666666666665,10.883333333333333,81.5,72.0,66,23,82,14,20,82.0
2023-11-16,80.15416666666667,52.75,511.8333333333333,17.279166666666665,11.262500000000001,83.33333333333333,88.0,80,26,83,14,22,88.0
2023-11-17,99.77368421052631,67.0625,577.5833333333334,21.40833333333333,11.6625,77.91666666666667,124.0,100,29,78,15,27,124.0
2023-11-18,102.52777777777777,65.85,620.75,22.76086956521739,12.479166666666666,78.125,119.0,102,31,78,16,28,119.0
2023-11-19,104.24285714285715,66.43125,586.7083333333334,18.412499999999998,12.320833333333333,87.125,121.0,103,29,87,15,23,121.0
2023-11-20,103.58333333333333,65.6,543.4583333333334,16.845833333333335,12.879166666666668,87.83333333333333,119.0,102,27,88,16,21,119.0
2023-11-21,99.05238095238094,65.54166666666667,534.375,19.89166666666667,11.762500000000001,77.75,118.0,99,27,78,15,25,118.0
2023-11-22,95.22916666666667,62.18333333333334,592.1666666666666,23.816666666666666,12.5,72.41666666666667,107.0,95,30,72,16,30,107.0
2023-11-23,74.08749999999999,48.99166666666667,590.375,21.29090909090909,11.483333333333334,71.83333333333333,82.0,74,30,72,14,27,82.0
2023-11-24,60.90416666666667,40.645833333333336,406.625,12.295833333333334,9.970833333333333,86.70833333333333,68.0,61,20,87,12,15,87.0
2023-11-25,72.7375,48.74166666666667,449.8333333333333,13.9125,11.1,83.83333333333333,81.0,73,22,84,14,17,84.0
2023-11-26,65.07083333333334,43.82083333333333,354.5833333333333,9.15,10.108333333333333,77.625,73.0,65,18,78,13,11,78.0
2023-11-27,57.09166666666667,39.21666666666666,394.375,14.166666666666666,11.083333333333334,77.58333333333333,65.0,57,20,78,14,18,78.0
2023-11-28,46.84166666666667,32.05833333333333,430.8333333333333,17.133333333333333,9.558333333333334,62.041666666666664,53.0,47,22,62,12,21,62.0
2023-11-29,53.2875,35.6,470.0416666666667,19.791666666666668,9.333333333333334,56.375,59.0,53,24,56,12,25,59.0
2023-11-30,58.25416666666666,38.824999999999996,441.25,17.212500000000002,9.279166666666667,57.583333333333336,65.0,58,22,58,12,22,65.0
2023-12-01,59.041666666666664,39.65416666666667,363.0416666666667,10.895833333333334,10.3375,65.66666666666667,66.0,59,18,66,13,14,66.0
2023-12-02,40.35,27.65416666666667,316.3333333333333,8.745833333333334,8.566666666666666,68.16666666666667,46.0,40,16,68,11,11,68.0
2023-12-03,46.36666666666667,32.108333333333334,404.4583333333333,11.141666666666666,9.695833333333333,74.66666666666667,54.0,46,20,75,12,14,75.0
2023-12-04,42.333333333333336,29.3625,412.7916666666667,10.466666666666667,11.2875,75.83333333333333,49.0,42,21,76,14,13,76.0
2023-12-05,35.18333333333333,24.329166666666666,361.75,10.216666666666667,10.083333333333334,78.25,41.0,35,18,78,13,13,78.0
2023-12-06,59.387499999999996,40.766666666666666,412.7916666666667,12.479166666666666,12.095833333333333,71.875,68.0,59,21,72,15,16,72.0
2023-12-07,61.425000000000004,42.0625,464.7916666666667,17.2625,11.275,63.75,70.0,61,23,64,14,22,70.0
2023-12-08,73.60000000000001,50.24166666666667,489.5833333333333,18.162499999999998,12.779166666666667,66.20833333333333,84.0,74,24,66,16,23,84.0
2023-12-09,53.833333333333336,36.87916666666667,466.2083333333333,18.241666666666667,10.0625,61.666666666666664,61.0,54,23,62,13,23,62.0
2023-12-10,57.02916666666667,39.19583333333333,495.4166666666667,20.433333333333334,10.262500000000001,56.416666666666664,65.0,57,25,56,13,26,65.0
2023-12-11,58.4625,40.233333333333334,517.1666666666666,22.116666666666664,11.479166666666666,64.70833333333333,67.0,58,26,65,14,28,67.0
2023-12-12,51.87083333333334,35.800000000000004,499.8333333333333,19.9625,10.625,66.33333333333333,60.0,52,25,66,13,25,66.0
2023-12-13,41.30416666666667,28.641666666666666,355.9166666666667,12.216666666666667,9.799999999999999,76.70833333333333,48.0,41,18,77,12,15,77.0
2023-12-14,54.112500000000004,29.641666666666666,358.9583333333333,12.983333333333334,10.816666666666668,78.54166666666667,49.0,54,18,79,14,16,79.0
2023-12-15,66.76666666666667,42.0,444.0416666666667,16.45,11.987499999999999,77.41666666666667,70.0,67,22,77,15,21,77.0
2023-12-16,46.604166666666664,31.96666666666667,374.4166666666667,13.591666666666667,8.379166666666666,75.45833333333333,53.0,47,19,75,10,17,75.0
2023-12-17,43.887499999999996,29.945833333333336,368.0,14.083333333333334,9.704166666666667,70.375,50.0,44,18,70,12,18,70.0
2023-12-18,40.72083333333333,26.733333333333334,296.875,8.566666666666666,10.987499999999999,89.375,45.0,41,15,89,14,11,89.0
2023-12-19,46.612500000000004,30.520833333333332,338.0,8.533333333333333,14.299999999999999,92.75,51.0,47,17,93,18,11,93.0
2023-12-20,44.39166666666667,29.870833333333334,416.0416666666667,10.85,14.4125,80.5,50.0,44,21,80,18,14,80.0
2023-12-21,41.84583333333333,28.370833333333334,405.2083333333333,12.566666666666668,12.583333333333334,74.04166666666667,47.0,42,20,74,16,16,74.0
2023-12-22,48.94583333333333,33.56666666666667,529.4166666666666,22.116666666666664,15.950000000000001,66.08333333333333,56.0,49,26,66,20,28,66.0
2023-12-23,43.27916666666667,29.708333333333332,487.4166666666667,18.037499999999998,13.016666666666666,74.70833333333333,50.0,43,24,75,16,23,75.0
2023-12-24,78.65833333333333,53.229166666666664,588.75,16.833333333333332,14.329166666666666,80.625,89.0,79,29,81,18,21,89.0
2023-12-25,93.0125,63.03333333333333,705.9583333333334,23.754166666666666,14.579166666666666,76.33333333333333,110.0,93,35,76,18,30,110.0
2023-12-26,101.53333333333333,67.46666666666667,662.4166666666666,19.670833333333334,13.487499999999999,79.20833333333333,125.0,101,33,79,17,25,125.0
2023-12-27,93.86842105263158,65.55833333333334,672.5,20.583333333333332,13.133333333333333,76.79166666666667,119.0,94,34,77,16,26,119.0
2023-12-28,75.18333333333334,49.112500000000004,461.2083333333333,10.65,15.570833333333333,92.79166666666667,82.0,75,23,93,19,13,93.0
2023-12-29,90.95,58.325,596.95,19.763636363636365,18.779166666666665,82.6086956521739,97.0,91,30,83,23,25,97.0
2023-12-30,93.235,60.528571428571425,568.7916666666666,16.116666666666667,14.5,87.79166666666667,102.0,93,28,88,18,20,102.0
2023-12-31,82.45833333333333,53.42916666666667,608.625,18.729166666666668,11.75,78.70833333333333,89.0,82,30,79,15,23,89.0
2024-01-01,99.81904761904761,66.81304347826087,655.6666666666666,16.695833333333333,15.070833333333333,79.08333333333333,123.0,100,33,79,19,21,123.0
2024-01-02,84.04166666666667,55.291666666666664,547.4583333333334,11.745833333333332,11.958333333333334,85.75,92.0,84,27,86,15,15,92.0
2024-01-03,61.916666666666664,41.25833333333333,498.25,13.670833333333334,10.991666666666667,74.5,69.0,62,25,74,14,17,74.0
2024-01-04,57.76666666666667,38.025,456.8333333333333,12.745833333333332,10.8125,77.29166666666667,63.0,58,23,77,14,16,77.0
2024-01-05,52.18333333333334,34.75416666666667,469.9583333333333,13.766666666666666,9.516666666666667,72.25,58.0,52,23,72,12,17,72.0
2024-01-06,56.23333333333333,37.53333333333334,488.9583333333333,12.0625,12.816666666666668,81.08333333333333,63.0,56,24,81,16,15,81.0
2024-01-07,72.01666666666667,47.64166666666667,504.5416666666667,12.095833333333333,12.316666666666668,76.75,79.0,72,25,77,15,15,79.0
2024-01-08,72.64166666666667,47.833333333333336,495.5,11.137500000000001,11.879166666666668,79.25,80.0,73,25,79,15,14,80.0
2024-01-09,65.2625,43.2125,466.6666666666667,10.487499999999999,10.7125,76.79166666666667,72.0,65,23,77,13,13,77.0
2024-01-10,57.32916666666667,38.4625,539.0833333333334,14.766666666666666,11.054166666666667,75.79166666666667,64.0,57,27,76,14,18,76.0
2024-01-11,57.92916666666667,38.90833333333333,584.4166666666666,17.6125,11.333333333333334,76.83333333333333,65.0,58,29,77,14,22,77.0
2024-01-12,54.800000000000004,37.1625,587.8333333333334,21.741666666666664,11.508333333333333,69.83333333333333,62.0,55,29,70,14,27,70.0
2024-01-13,36.824999999999996,25.02916666666667,464.5833333333333,17.3875,7.004166666666666,68.83333333333333,42.0,37,23,69,9,22,69.0
2024-01-14,29.620833333333334,20.154166666666665,346.375,15.137500000000001,8.291666666666666,73.66666666666667,34.0,30,17,74,10,19,74.0
2024-01-15,55.94583333333333,38.704166666666666,568.875,20.01578947368421,16.4,67.33333333333333,65.0,56,28,67,20,25,67.0
2024-01-16,57.875,37.641666666666666,616.5416666666666,24.1,11.895833333333334,67.58333333333333,63.0,58,31,68,15,30,68.0
2024-01-17,73.81666666666666,40.979166666666664,537.75,23.15833333333333,13.204166666666666,76.0,68.0,74,27,76,17,29,76.0
2024-01-18,63.375,40.97083333333333,521.875,19.4875,12.512500000000001,75.875,68.0,63,26,76,16,24,76.0
2024-01-19,64.8625,41.725,524.9166666666666,19.820833333333333,11.683333333333332,78.16666666666667,70.0,65,26,78,15,25,78.0
2024-01-20,36.520833333333336,23.991666666666664,394.5,12.729166666666666,9.8625,84.58333333333333,40.0,37,20,85,12,16,85.0
2024-01-21,63.550000000000004,41.275,537.1904761904761,18.46,14.370833333333332,70.25,69.0,64,27,70,18,23,70.0
2024-01-22,51.57916666666667,32.90833333333333,521.75,19.10909090909091,11.320833333333333,72.33333333333333,55.0,52,26,72,14,24,72.0
2024-01-23,50.40416666666667,31.254166666666666,480.7083333333333,20.545833333333334,9.479166666666666,73.375,52.0,50,24,73,12,26,73.0
2024-01-24,68.70416666666667,41.00416666666667,533.9444444444445,20.98888888888889,13.4625,61.25,68.0,69,27,61,17,26,69.0
2024-01-25,62.42083333333333,39.94166666666667,597.7083333333334,18.915,13.070833333333333,69.875,67.0,62,30,70,16,24,70.0
2024-01-26,49.012499999999996,32.57083333333333,519.1666666666666,18.795238095238094,10.866666666666667,65.33333333333333,54.0,49,26,65,14,23,65.0
2024-01-27,59.645833333333336,39.733333333333334,498.55,18.989473684210527,13.620833333333332,65.91666666666667,66.0,60,25,66,17,24,66.0
2024-01-28,45.7125,30.025000000000002,459.875,18.320833333333333,10.762500000000001,82.54166666666667,50.0,46,23,83,13,23,83.0
2024-01-29,65.33333333333333,40.53333333333333,500.4583333333333,16.104166666666668,9.6875,83.29166666666667,68.0,65,25,83,12,20,83.0
2024-01-30,76.6047619047619,49.362500000000004,581.7,17.15,14.487499999999999,70.45833333333333,82.0,77,29,70,18,21,82.0
2024-01-31,71.14583333333333,35.68333333333333,480.3333333333333,22.608333333333334,8.891666666666667,62.291666666666664,59.0,71,24,62,11,28,71.0
2024-02-01,41.25833333333333,22.40833333333333,434.2083333333333,23.665217391304346,7.133333333333333,46.333333333333336,37.0,41,22,46,9,30,46.0
2024-02-02,61.51666666666667,34.170833333333334,542.8421052631579,23.405555555555555,12.745833333333332,52.791666666666664,57.0,62,27,53,16,29,62.0
2024-02-03,55.25833333333333,32.44166666666667,569.875,25.55,14.3375,67.16666666666667,54.0,55,28,67,18,32,67.0
2024-02-04,53.42083333333333,26.045833333333334,440.9166666666667,20.45,7.916666666666667,60.791666666666664,43.0,53,22,61,10,26,61.0
2024-02-05,89.61176470588236,35.67916666666667,401.0,19.983333333333334,7.2375,50.25,59.0,90,20,50,9,25,90.0
2024-02-06,89.85833333333333,35.387499999999996,501.1666666666667,25.47083333333333,9.033333333333333,55.083333333333336,59.0,90,25,55,11,32,90.0
2024-02-07,60.6,26.675,383.5416666666667,12.120833333333332,6.920833333333333,75.91666666666667,44.0,61,19,76,9,15,76.0
2024-02-08,52.65416666666667,32.045833333333334,396.0833333333333,15.391666666666666,10.054166666666667,84.125,53.0,53,20,84,13,19,84.0
2024-02-09,35.6,23.21666666666667,405.4583333333333,17.691666666666666,9.725,78.75,39.0,36,20,79,12,22,79.0
2024-02-10,30.90833333333333,21.066666666666666,334.9166666666667,11.487499999999999,10.504166666666666,89.33333333333333,35.0,31,17,89,13,14,89.0
2024-02-11,34.65833333333333,23.833333333333332,341.5416666666667,12.4,10.0375,91.20833333333333,40.0,35,17,91,13,16,91.0
2024-02-12,51.583333333333336,34.875,363.875,11.370833333333332,11.233333333333334,103.5,58.0,52,18,105,14,14,105.0
2024-02-13,69.15833333333333,46.71666666666667,407.4166666666667,12.254166666666668,11.858333333333334,98.625,78.0,69,20,99,15,15,99.0
2024-02-14,55.975,38.416666666666664,414.5833333333333,10.975,10.195833333333335,101.66666666666667,64.0,56,21,102,13,14,102.0
2024-02-15,92.33333333333333,60.72083333333333,437.0416666666667,10.387500000000001,10.887500000000001,100.45833333333333,102.0,92,22,101,14,13,102.0
2024-02-16,86.7625,57.416666666666664,473.4166666666667,14.220833333333333,12.016666666666666,93.375,96.0,87,24,93,15,18,96.0
2024-02-17,61.07083333333333,40.675000000000004,432.2083333333333,15.320833333333333,10.275,82.375,68.0,61,22,82,13,19,82.0
2024-02-18,36.59583333333333,24.491666666666664,349.7916666666667,13.083333333333334,7.933333333333334,77.54166666666667,41.0,37,17,78,10,16,78.0
2024-02-19,29.287499999999998,17.066666666666666,236.91666666666666,8.604166666666666,4.9375,76.54166666666667,28.0,29,12,77,6,11,77.0
2024-02-20,34.35,15.045833333333334,248.16666666666666,10.245833333333334,4.45,69.70833333333333,25.0,34,12,70,6,13,70.0
2024-02-21,38.12083333333333,15.8125,265.6666666666667,12.679166666666667,4.1000000000000005,75.04166666666667,26.0,38,13,75,5,16,75.0
2024-02-22,42.25,14.958333333333334,254.25,10.004166666666666,4.904166666666667,79.58333333333333,25.0,42,13,80,6,13,80.0
2024-02-23,32.50416666666667,16.1875,322.0833333333333,12.987499999999999,6.504166666666666,87.04166666666667,27.0,33,16,87,8,16,87.0
2024-02-24,38.854166666666664,15.604166666666666,325.7083333333333,13.708333333333334,5.420833333333333,82.58333333333333,26.0,39,16,83,7,17,83.0
2024-02-25,36.42916666666667,19.754166666666666,397.0,19.604166666666668,7.7875000000000005,77.45833333333333,33.0,36,20,77,10,25,77.0
2024-02-26,51.74583333333334,34.420833333333334,368.4166666666667,12.7125,10.954166666666666,89.125,57.0,52,18,89,14,16,89.0
2024-02-27,64.24583333333334,42.045833333333334,372.2083333333333,10.15,11.608333333333334,101.95833333333333,70.0,64,19,103,15,13,103.0
2024-02-28,65.3,40.5375,397.7916666666667,13.941666666666665,13.116666666666667,95.33333333333333,68.0,65,20,95,16,17,95.0
2024-02-29,66.14583333333333,38.12916666666667,531.5238095238095,18.273684210526316,16.587500000000002,86.20833333333333,64.0,66,27,86,21,23,86.0
2024-03-01,42.44583333333333,26.75,360.25,11.166666666666666,7.783333333333334,90.91666666666667,45.0,42,18,91,10,14,91.0
2024-03-02,31.820833333333336,16.1375,207.95833333333334,6.3875,3.829166666666667,75.5,27.0,32,10,76,5,8,76.0
2024-03-03,39.93333333333333,16.883333333333333,324.2916666666667,16.529166666666665,7.8999999999999995,74.08333333333333,28.0,40,16,74,10,21,74.0
2024-03-04,39.270833333333336,21.166666666666668,420.1666666666667,19.979166666666668,9.4375,79.58333333333333,35.0,39,21,80,12,25,80.0
2024-03-05,30.041666666666668,19.895833333333332,332.125,13.412500000000001,10.158333333333333,94.33333333333333,33.0,30,17,94,13,17,94.0
2024-03-06,39.295833333333334,23.195833333333336,383.125,17.825,10.75,89.52173913043478,39.0,39,19,90,13,22,90.0
2024-03-07,43.78333333333333,19.354166666666668,365.25,18.275000000000002,7.175,75.16666666666667,32.0,44,18,75,9,23,75.0
2024-03-08,34.791666666666664,16.758333333333333,319.5,12.454166666666666,6.383333333333333,90.41666666666667,28.0,35,16,90,8,16,90.0
2024-03-09,34.52916666666667,19.233333333333334,333.7916666666667,13.737499999999999,8.504166666666666,95.83333333333333,32.0,35,17,96,11,17,96.0
2024-03-10,47.4,31.866666666666664,494.0416666666667,25.070833333333336,13.65,76.38095238095238,53.0,47,25,76,17,31,76.0
2024-03-11,38.67916666666667,18.345833333333335,317.9166666666667,13.741666666666667,6.720833333333334,80.29166666666667,31.0,39,16,80,8,17,80.0
2024-03-12,31.829166666666666,16.412499999999998,308.75,17.629166666666666,6.570833333333333,65.41666666666667,27.0,32,15,65,8,22,65.0
2024-03-13,51.362500000000004,20.266666666666666,274.0416666666667,15.299999999999999,6.791666666666667,66.875,34.0,51,14,67,8,19,67.0
2024-03-14,61.07916666666667,25.633333333333336,301.5,15.741666666666667,6.679166666666667,79.5,43.0,61,15,80,8,20,80.0
2024-03-15,85.27272727272727,39.17916666666667,538.0416666666666,22.27777777777778,13.839130434782609,82.54166666666667,65.0,85,27,83,17,28,85.0
2024-03-16,60.31666666666666,32.19583333333333,459.625,18.581818181818182,11.75,88.58333333333333,54.0,60,23,89,15,23,89.0
2024-03-17,42.46666666666667,23.933333333333334,327.2083333333333,13.299999999999999,9.483333333333333,97.625,40.0,42,16,98,12,17,98.0
2024-03-18,32.1,16.625,288.7083333333333,11.579166666666666,7.966666666666666,93.54166666666667,28.0,32,14,94,10,14,94.0
2024-03-19,29.433333333333334,15.820833333333333,346.375,18.783333333333335,8.2875,86.70833333333333,26.0,29,17,87,10,23,87.0
2024-03-20,36.979166666666664,15.504166666666668,313.4583333333333,14.637500000000001,7.1125,90.58333333333333,26.0,37,16,91,9,18,91.0
2024-03-21,49.43333333333334,26.125,452.375,24.258333333333336,10.666666666666666,64.63157894736842,44.0,49,23,65,13,30,65.0
2024-03-22,31.066666666666666,15.700000000000001,253.375,10.466666666666667,4.979166666666667,86.20833333333333,26.0,31,13,86,6,13,86.0
2024-03-23,42.520833333333336,18.558333333333334,232.875,10.133333333333335,4.933333333333334,74.04166666666667,31.0,43,12,74,6,13,74.0
2024-03-24,41.09583333333333,17.474999999999998,265.7916666666667,17.020833333333332,5.8500000000000005,61.416666666666664,29.0,41,13,61,7,21,61.0
2024-03-25,41.59583333333333,18.116666666666667,313.9583333333333,20.925,6.791666666666667,64.70833333333333,30.0,42,16,65,8,26,65.0
2024-03-26,50.05416666666667,26.224999999999998,424.69565217391306,19.394736842105264,10.333333333333334,64.45833333333333,44.0,50,21,64,13,24,64.0
2024-03-27,43.6875,20.216666666666665,268.2916666666667,15.229166666666666,6.729166666666667,73.25,34.0,44,13,73,8,19,73.0
2024-03-28,36.666666666666664,15.895833333333334,214.70833333333334,11.341666666666667,4.829166666666667,69.83333333333333,26.0,37,11,70,6,14,70.0
2024-03-29,42.083333333333336,18.304166666666667,220.79166666666666,8.829166666666667,5.1375,82.75,31.0,42,11,83,6,11,83.0
2024-03-30,32.27916666666667,16.104166666666668,207.625,8.979166666666666,4.3,76.45833333333333,27.0,32,10,76,5,11,76.0
2024-03-31,44.85833333333333,21.245833333333334,309.5833333333333,20.941666666666666,6.1625000000000005,65.91666666666667,35.0,45,15,66,8,26,66.0
2024-04-01,81.22916666666667,35.68333333333333,288.5833333333333,16.400000000000002,6.4125000000000005,78.875,59.0,81,14,79,8,21,81.0
2024-04-02,51.87916666666666,21.670833333333334,219.5,10.475,5.625,87.16666666666667,36.0,52,11,87,7,13,87.0
2024-04-03,41.37083333333333,17.7375,203.125,8.391666666666667,3.9458333333333333,82.95833333333333,30.0,41,10,83,5,10,83.0
2024-04-04,68.78750000000001,25.620833333333334,238.45833333333334,12.470833333333333,4.875,79.375,43.0,69,12,79,6,16,79.0
2024-04-05,40.975,17.108333333333334,193.83333333333334,7.158333333333334,5.2749999999999995,88.08333333333333,29.0,41,10,88,7,9,88.0
2024-04-06,55.18333333333334,18.7625,206.875,8.8375,5.375,88.91666666666667,31.0,55,10,89,7,11,89.0
2024-04-07,34.74583333333333,16.391666666666666,280.25,17.1375,6.895833333333333,89.16666666666667,27.0,35,14,89,9,21,89.0
2024-04-08,49.90416666666667,28.041666666666668,423.0,21.947619047619046,11.483333333333334,86.86363636363636,47.0,50,21,87,14,27,87.0
2024-04-09,64.64166666666667,39.90416666666667,588.2083333333334,26.98,18.650000000000002,62.4375,67.0,65,29,62,23,34,67.0
2024-04-10,65.27083333333333,38.637499999999996,463.6190476190476,19.283333333333335,12.475,68.57894736842105,64.0,65,23,69,16,24,69.0
2024-04-11,84.92083333333333,50.65,476.0,20.724999999999998,15.804166666666667,87.75,84.0,85,24,88,20,26,88.0
2024-04-12,49.32083333333333,30.3875,339.1666666666667,16.912499999999998,15.233333333333334,93.41666666666667,51.0,49,17,93,19,21,93.0
2024-04-13,31.712500000000002,16.1875,219.95833333333334,10.870833333333332,5.791666666666667,83.70833333333333,27.0,32,11,84,7,14,84.0
2024-04-14,65.45,26.1375,273.2916666666667,12.108333333333334,6.841666666666666,95.0,44.0,65,14,95,9,15,95.0
2024-04-15,67.12083333333334,25.291666666666668,228.5,11.274999999999999,5.966666666666666,78.16666666666667,42.0,67,11,78,7,14,78.0
2024-04-16,47.75,17.508333333333333,255.16666666666666,13.7125,5.5249999999999995,77.625,29.0,48,13,78,7,17,78.0
2024-04-17,32.19583333333333,13.049999999999999,238.66666666666666,11.645833333333334,4.108333333333333,79.45833333333333,22.0,32,12,79,5,15,79.0
2024-04-18,29.633333333333336,13.616666666666667,183.625,7.883333333333333,3.283333333333333,71.625,23.0,30,9,72,4,10,72.0
2024-04-19,59.145833333333336,20.266666666666666,172.58333333333334,5.5625,2.8833333333333333,82.16666666666667,34.0,59,9,82,4,7,82.0
2024-04-20,25.6375,14.225,196.0,7.258333333333333,3.7458333333333336,101.125,24.0,26,10,102,5,9,102.0
2024-04-21,28.354166666666668,14.091666666666667,190.375,7.245833333333334,3.841666666666667,92.33333333333333,23.0,28,10,92,5,9,92.0
2024-04-22,27.316666666666666,13.545833333333334,193.29166666666666,8.508333333333333,4.2250000000000005,87.75,23.0,27,10,88,5,11,88.0
2024-04-23,30.099999999999998,14.025,203.45833333333334,10.737499999999999,4.7375,84.83333333333333,23.0,30,10,85,6,13,85.0
2024-04-24,29.383333333333336,15.054166666666667,223.25,13.108333333333334,5.720833333333334,80.83333333333333,25.0,29,11,81,7,16,81.0
2024-04-25,26.53333333333333,15.108333333333333,222.58333333333334,12.3125,5.591666666666666,79.41666666666667,25.0,27,11,79,7,15,79.0
2024-04-26,31.6125,14.645833333333334,209.41666666666666,11.762500000000001,4.5625,77.25,24.0,32,10,77,6,15,77.0
2024-04-27,67.00416666666666,21.825,264.4583333333333,19.241666666666667,6.3374999999999995,64.375,36.0,67,13,64,8,24,67.0
2024-04-28,52.395833333333336,16.2625,224.16666666666666,12.145833333333334,4.7749999999999995,81.70833333333333,27.0,52,11,82,6,15,82.0
2024-04-29,62.64166666666667,21.875,262.5416666666667,17.629166666666666,5.491666666666667,72.125,36.0,63,13,72,7,22,72.0
2024-04-30,50.39166666666667,18.441666666666666,231.29166666666666,11.366666666666667,4.1125,93.41666666666667,31.0,50,12,93,5,14,93.0
2024-05-01,60.225,19.925,267.25,14.341666666666667,4.9125000000000005,92.375,33.0,60,13,92,6,18,92.0
2024-05-02,70.94166666666666,30.166666666666668,467.1666666666667,20.594736842105263,11.1,65.11764705882354,50.0,71,23,65,14,26,71.0
2024-05-03,45.59583333333333,19.474999999999998,269.5833333333333,16.224999999999998,6.479166666666667,90.0,32.0,46,13,90,8,20,90.0
2024-05-04,31.325,16.058333333333334,200.54166666666666,10.354166666666666,4.216666666666667,64.70833333333333,27.0,31,10,65,5,13,65.0
2024-05-05,40.233333333333334,15.237499999999999,172.45833333333334,6.033333333333334,3.454166666666667,75.16666666666667,25.0,40,9,75,4,8,75.0
2024-05-06,48.800000000000004,15.920833333333334,197.54166666666666,9.679166666666667,4.516666666666667,75.79166666666667,27.0,49,10,76,6,12,76.0
2024-05-07,49.14166666666667,16.829166666666666,240.91666666666666,13.950000000000001,6.345833333333334,81.41666666666667,28.0,49,12,81,8,17,81.0
2024-05-08,34.56666666666667,13.4375,197.625,9.666666666666666,4.804166666666666,81.70833333333333,22.0,35,10,82,6,12,82.0
2024-05-09,28.675,12.904166666666667,200.54166666666666,10.583333333333334,4.6125,74.33333333333333,22.0,29,10,74,6,13,74.0
2024-05-10,23.233333333333334,11.358333333333334,200.875,12.637500000000001,5.008333333333334,59.291666666666664,19.0,23,10,59,6,16,59.0
2024-05-11,30.183333333333334,14.858333333333334,203.83333333333334,10.054166666666667,5.320833333333334,77.375,25.0,30,10,77,7,13,77.0
2024-05-12,40.06666666666667,20.6875,262.3333333333333,18.041666666666668,7.5625,74.0,34.0,40,13,74,9,23,74.0
2024-05-13,53.80416666666667,29.870833333333334,419.4166666666667,11.075,10.012500000000001,65.54166666666667,50.0,54,21,66,13,14,66.0
2024-05-14,68.00416666666666,35.920833333333334,495.5,25.257894736842104,12.0375,93.54166666666667,60.0,68,25,94,15,32,94.0
2024-05-15,66.28750000000001,35.87083333333333,490.0416666666667,29.217391304347824,13.295833333333334,64.0,60.0,66,25,64,17,37,66.0
2024-05-16,47.574999999999996,25.266666666666666,342.4583333333333,18.070833333333333,6.741666666666667,109.04166666666667,42.0,48,17,113,8,23,113.0
2024-05-17,39.025,21.52916666666667,311.375,17.8125,6.554166666666667,96.625,36.0,39,16,97,8,22,97.0
2024-05-18,41.362500000000004,22.254166666666666,339.2083333333333,15.038095238095238,7.045833333333333,91.58333333333333,37.0,41,17,92,9,19,92.0
2024-05-19,42.204166666666666,19.070833333333333,248.41666666666666,11.691666666666668,5.2,94.875,32.0,42,12,95,7,15,95.0
2024-05-20,32.59583333333333,15.924999999999999,234.79166666666666,13.595833333333333,4.591666666666667,79.08333333333333,27.0,33,12,79,6,17,79.0
2024-05-21,49.525,18.662499999999998,266.2916666666667,13.254545454545456,5.9875,71.58333333333333,31.0,50,13,72,7,17,72.0
2024-05-22,48.175000000000004,18.3,229.83333333333334,12.75,5.1000000000000005,83.16666666666667,31.0,48,11,83,6,16,83.0
2024-05-23,37.13333333333333,14.170833333333334,178.875,7.216666666666666,4.079166666666667,85.79166666666667,24.0,37,9,86,5,9,86.0
2024-05-24,28.983333333333334,12.174999999999999,162.375,6.454166666666667,3.8791666666666664,87.33333333333333,20.0,29,8,87,5,8,87.0
2024-05-25,32.2875,14.379166666666668,146.16666666666666,7.079166666666667,4.129166666666666,87.16666666666667,24.0,32,7,87,5,9,87.0
2024-05-26,32.15833333333333,14.616666666666667,142.16666666666666,5.783333333333334,3.5083333333333333,82.16666666666667,24.0,32,7,82,4,7,82.0
2024-05-27,33.87916666666667,15.025,127.91666666666667,4.458333333333333,3.3166666666666664,80.83333333333333,25.0,34,6,81,4,6,81.0
2024-05-28,45.050000000000004,17.2,126.25,4.233333333333333,3.5500000000000003,76.0,29.0,45,6,76,4,5,76.0
2024-05-29,41.24583333333333,14.65,123.83333333333333,4.229166666666667,3.5,70.95833333333333,24.0,41,6,71,4,5,71.0
2024-05-30,43.72083333333333,15.033333333333333,148.25,7.670833333333333,4.529166666666667,69.29166666666667,25.0,44,7,69,6,10,69.0
2024-05-31,41.9375,14.200000000000001,150.125,6.795833333333333,3.9916666666666667,67.75,24.0,42,8,68,5,8,68.0
2024-06-01,44.12083333333333,13.820833333333333,155.45833333333334,6.320833333333333,3.8625000000000003,66.5,23.0,44,8,66,5,8,66.0
2024-06-02,80.70434782608696,20.404166666666665,232.375,16.233333333333334,5.895833333333333,61.333333333333336,34.0,81,12,61,7,20,81.0
2024-06-03,60.35,19.208333333333332,173.29166666666666,8.791666666666666,4.5249999999999995,70.29166666666667,32.0,60,9,70,6,11,70.0
2024-06-04,50.291666666666664,17.091666666666665,137.75,5.2875000000000005,3.9875000000000003,75.0,28.0,50,7,75,5,7,75.0
2024-06-05,52.19166666666666,16.837500000000002,131.625,5.708333333333333,3.5875,74.91666666666667,28.0,52,7,75,4,7,75.0
2024-06-06,51.40416666666667,19.108333333333334,193.16666666666666,12.145833333333334,4.75,69.41666666666667,32.0,51,10,69,6,15,69.0
2024-06-07,43.2125,17.441666666666666,150.83333333333334,5.8,3.4458333333333333,76.66666666666667,29.0,43,8,77,4,7,77.0
2024-06-08,51.53333333333333,17.804166666666667,152.91666666666666,6.45,3.4458333333333333,70.375,30.0,52,8,70,4,8,70.0
2024-06-09,59.39166666666667,20.216666666666665,216.25,15.566666666666668,6.083333333333333,60.708333333333336,34.0,59,11,61,8,19,61.0
2024-06-10,49.92083333333333,16.820833333333333,161.45833333333334,8.683333333333334,4.604166666666667,69.79166666666667,28.0,50,8,70,6,11,70.0
2024-06-11,39.28333333333333,13.804166666666667,130.08333333333334,4.870833333333334,3.033333333333333,70.79166666666667,23.0,39,7,71,4,6,71.0
2024-06-12,38.145833333333336,15.341666666666667,152.16666666666666,6.6375,3.6791666666666667,68.0,26.0,38,8,68,5,8,68.0
2024-06-13,33.93333333333333,14.125,149.41666666666666,6.1625000000000005,3.725,68.58333333333333,24.0,34,7,69,5,8,69.0
2024-06-14,48.17916666666667,18.091666666666665,142.20833333333334,5.5625,3.65,69.04166666666667,30.0,48,7,69,5,7,69.0
2024-06-15,54.07083333333333,18.283333333333335,145.33333333333334,5.8875,3.829166666666667,66.125,30.0,54,7,66,5,7,66.0
2024-06-16,58.28333333333333,19.883333333333333,137.33333333333334,5.3374999999999995,4.316666666666666,69.95833333333333,33.0,58,7,70,5,7,70.0
2024-06-17,43.36666666666667,17.970833333333335,145.16666666666666,4.945833333333334,4.825,67.0,30.0,43,7,67,6,6,67.0
2024-06-18,36.020833333333336,15.7125,145.29166666666666,4.575,3.9416666666666664,65.5,26.0,36,7,66,5,6,66.0
2024-06-19,33.358333333333334,12.791666666666666,133.125,4.416666666666667,3.5708333333333333,59.333333333333336,21.0,33,7,59,4,6,59.0
2024-06-20,66.95,16.595833333333335,132.20833333333334,5.116666666666666,3.7708333333333335,63.958333333333336,28.0,67,7,64,5,6,67.0
2024-06-21,64.42083333333333,18.308333333333334,137.625,6.408333333333334,4.558333333333333,58.875,31.0,64,7,59,6,8,64.0
2024-06-22,85.40833333333335,22.116666666666664,166.125,10.6625,4.808333333333334,58.5,37.0,85,8,58,6,13,85.0
2024-06-23,83.025,39.362500000000004,203.25,13.691666666666668,5.904166666666666,65.79166666666667,66.0,83,10,66,7,17,83.0
2024-06-24,90.03636363636363,46.6,194.04166666666666,8.15,9.6,103.5,78.0,90,10,105,12,10,105.0
2024-06-25,52.11666666666667,34.0375,215.5,10.612499999999999,14.120833333333332,96.58333333333333,57.0,52,11,97,18,13,97.0
2024-06-26,44.125,29.070833333333336,226.66666666666666,13.65,16.900000000000002,86.16666666666667,48.0,44,11,86,21,17,86.0
2024-06-27,28.075,18.491666666666667,193.54166666666666,12.629166666666668,19.84,69.54166666666667,31.0,28,10,70,25,16,70.0
2024-06-28,25.6125,15.579166666666666,167.20833333333334,10.470833333333333,13.945833333333333,54.291666666666664,26.0,26,8,54,17,13,54.0
2024-06-29,27.425,14.299999999999999,159.20833333333334,9.575000000000001,5.791666666666667,45.416666666666664,24.0,27,8,45,7,12,45.0
2024-06-30,18.904166666666665,10.429166666666667,144.45833333333334,8.233333333333333,5.029166666666667,45.625,17.0,19,7,46,6,10,46.0
2024-07-01,14.666666666666666,10.054166666666667,152.125,7.5874999999999995,5.079166666666667,51.916666666666664,17.0,15,8,52,6,9,52.0
2024-07-02,25.662499999999998,15.004166666666668,168.5,9.8375,4.9624999999999995,46.125,25.0,26,8,46,6,12,46.0
2024-07-03,54.94166666666666,18.908333333333335,145.54166666666666,7.679166666666667,5.083333333333333,49.458333333333336,32.0,55,7,49,6,10,55.0
2024-07-04,48.020833333333336,15.158333333333333,155.41666666666666,9.533333333333333,5.0625,43.625,25.0,48,8,44,6,12,48.0
2024-07-05,36.7125,15.791666666666666,160.58333333333334,10.125,5.241666666666666,36.791666666666664,26.0,37,8,37,7,13,37.0
2024-07-06,46.54583333333333,19.75,149.5,8.741666666666667,4.9875,49.5,33.0,47,7,50,6,11,50.0
2024-07-07,78.1,32.36666666666667,162.16666666666666,10.229166666666666,5.75,53.5,54.0,78,8,54,7,13,78.0
2024-07-08,81.46363636363637,28.175,206.125,16.337500000000002,12.97142857142857,52.875,47.0,81,10,53,16,20,81.0
2024-07-09,61.791666666666664,26.337500000000002,199.625,13.041666666666666,8.7875,62.416666666666664,44.0,62,10,62,11,16,62.0
2024-07-10,29.3125,14.495833333333332,169.125,9.420833333333333,7.020833333333333,53.333333333333336,24.0,29,8,53,9,12,53.0
2024-07-11,34.725,15.104166666666666,156.125,7.933333333333334,4.395833333333333,53.041666666666664,25.0,35,8,53,5,10,53.0
2024-07-12,40.862500000000004,18.925,137.16666666666666,7.066666666666666,3.9875000000000003,42.208333333333336,32.0,41,7,42,5,9,42.0
2024-07-13,44.887499999999996,17.150000000000002,143.75,7.195833333333333,4.2250000000000005,50.333333333333336,29.0,45,7,50,5,9,50.0
2024-07-14,63.338095238095235,21.254166666666666,161.45833333333334,9.741666666666667,4.733333333333333,52.541666666666664,35.0,63,8,53,6,12,63.0
2024-07-15,58.666666666666664,24.599999999999998,168.58333333333334,9.674999999999999,4.329166666666667,53.208333333333336,41.0,59,8,53,5,12,59.0
2024-07-16,62.92083333333333,32.90833333333333,230.58333333333334,13.216666666666667,11.625,77.91666666666667,55.0,63,12,78,15,17,78.0
2024-07-17,17.208333333333332,11.254166666666668,167.375,10.700000000000001,11.412500000000001,54.625,19.0,17,8,55,14,13,55.0
2024-07-18,23.21666666666667,15.429166666666667,202.91666666666666,14.525,16.369999999999997,58.75,26.0,23,10,59,20,18,59.0
2024-07-19,20.945833333333333,14.674999999999999,201.83333333333334,14.066666666666668,19.104166666666668,58.833333333333336,24.0,21,10,59,24,18,59.0
2024-07-20,22.8875,15.720833333333333,191.5,13.666666666666666,19.441666666666666,58.083333333333336,26.0,23,10,58,24,17,58.0
2024-07-21,21.650000000000002,15.258333333333333,189.08333333333334,10.454166666666667,12.016666666666666,69.41666666666667,25.0,22,9,69,15,13,69.0
2024-07-22,20.3125,14.870833333333332,184.375,11.029166666666667,8.791666666666666,53.541666666666664,25.0,20,9,54,11,14,54.0
2024-07-23,22.320833333333336,15.137500000000001,143.125,5.625,3.8166666666666664,59.791666666666664,25.0,22,7,60,5,7,60.0
2024-07-24,22.933333333333334,12.866666666666667,151.0,7.683333333333334,3.9583333333333335,45.25,21.0,23,8,45,5,10,45.0
2024-07-25,38.5625,15.820833333333333,137.91666666666666,7.195833333333333,4.183333333333334,43.791666666666664,26.0,39,7,44,5,9,44.0
2024-07-26,52.25416666666666,18.783333333333335,141.125,7.291666666666667,4.241666666666666,49.208333333333336,31.0,52,7,49,5,9,52.0
2024-07-27,47.1625,19.325,142.0,7.6875,4.266666666666667,44.041666666666664,32.0,47,7,44,5,10,47.0
2024-07-28,53.458333333333336,21.275,174.29166666666666,9.891666666666667,4.7124999999999995,50.708333333333336,35.0,53,9,51,6,12,53.0
2024-07-29,26.945833333333336,16.004166666666666,176.91666666666666,10.416666666666666,5.0125,42.458333333333336,27.0,27,9,42,6,13,42.0
2024-07-30,50.666666666666664,21.270833333333332,186.625,11.141666666666666,5.516666666666667,47.875,35.0,51,9,48,7,14,51.0
2024-07-31,57.41764705882353,27.608333333333334,164.33333333333334,7.670833333333333,4.229166666666667,54.5,46.0,57,8,54,5,10,57.0
2024-08-01,39.1875,15.966666666666667,149.79166666666666,7.745833333333334,3.8791666666666664,45.166666666666664,27.0,39,7,45,5,10,45.0
2024-08-02,19.558333333333334,9.516666666666667,137.95833333333334,6.854166666666667,3.3333333333333335,44.041666666666664,16.0,20,7,44,4,9,44.0
2024-08-03,42.96666666666667,17.608333333333334,151.29166666666666,8.495833333333334,3.8541666666666665,42.958333333333336,29.0,43,8,43,5,11,43.0
2024-08-04,49.137499999999996,18.020833333333332,156.75,9.512500000000001,4.716666666666667,37.541666666666664,30.0,49,8,38,6,12,49.0
2024-08-05,47.59166666666667,16.633333333333333,148.66666666666666,7.570833333333333,3.9,45.0,28.0,48,7,45,5,9,48.0
2024-08-06,41.5375,14.166666666666666,140.54166666666666,7.4125000000000005,3.65,46.708333333333336,24.0,42,7,47,5,9,47.0
2024-08-07,36.583333333333336,12.766666666666666,137.04166666666666,6.595833333333334,3.529166666666667,48.166666666666664,21.0,37,7,48,4,8,48.0
2024-08-08,33.50416666666667,14.762500000000001,175.20833333333334,11.033333333333333,4.179166666666666,44.583333333333336,25.0,34,9,45,5,14,45.0
2024-08-09,34.583333333333336,13.208333333333334,169.29166666666666,9.737499999999999,4.079166666666667,41.625,22.0,35,8,42,5,12,42.0
2024-08-10,30.575,13.174999999999999,157.91666666666666,10.733333333333334,4.2250000000000005,35.958333333333336,22.0,31,8,36,5,13,36.0
2024-08-11,29.287499999999998,12.025,156.125,10.329166666666667,4.425,37.333333333333336,20.0,29,8,37,6,13,37.0
2024-08-12,34.86666666666667,12.233333333333334,162.375,10.320833333333333,4.108333333333333,38.0,20.0,35,8,38,5,13,38.0
2024-08-13,45.625,15.579166666666666,196.79166666666666,13.8375,5.741666666666667,35.375,26.0,46,10,35,7,17,46.0
2024-08-14,19.491666666666667,10.0,189.0,14.354166666666666,4.841666666666667,33.5,17.0,19,9,34,6,18,34.0
2024-08-15,38.041666666666664,15.591666666666667,190.625,12.891666666666666,4.970833333333333,39.5,26.0,38,10,40,6,16,40.0
2024-08-16,30.116666666666664,14.333333333333334,185.20833333333334,12.354166666666666,4.9375,33.208333333333336,24.0,30,9,33,6,15,33.0
2024-08-17,28.8625,14.154166666666667,205.79166666666666,15.35,6.233333333333333,37.875,24.0,29,10,38,8,19,38.0
2024-08-18,38.36666666666667,18.383333333333333,257.7916666666667,20.466666666666665,7.4875,36.125,31.0,38,13,36,9,26,38.0
2024-08-19,37.32083333333333,18.458333333333332,242.125,19.458333333333332,6.795833333333333,41.458333333333336,31.0,37,12,41,8,24,41.0
2024-08-20,32.68333333333333,17.920833333333334,211.33333333333334,14.020833333333334,7.645833333333333,48.291666666666664,30.0,33,11,48,10,18,48.0
2024-08-21,46.15416666666667,23.616666666666664,325.6666666666667,19.942857142857143,9.008333333333333,42.208333333333336,39.0,46,16,42,11,25,46.0
2024-08-22,46.479166666666664,25.8875,310.6666666666667,21.77916666666667,8.979166666666666,53.75,43.0,46,16,54,11,27,54.0
2024-08-23,43.37916666666666,22.40833333333333,223.125,14.766666666666666,6.758333333333333,49.083333333333336,37.0,43,11,49,8,18,49.0
2024-08-24,26.412499999999998,12.975,167.25,8.15,3.4791666666666665,52.541666666666664,22.0,26,8,53,4,10,53.0
2024-08-25,31.95,18.616666666666667,169.66666666666666,6.8500000000000005,3.4333333333333336,60.916666666666664,31.0,32,8,61,4,9,61.0
2024-08-26,22.212500000000002,15.816666666666668,248.33333333333334,10.983333333333334,4.108333333333333,67.66666666666667,26.0,22,12,68,5,14,68.0
2024-08-27,13.516666666666666,10.733333333333334,147.125,6.108333333333333,4.229166666666667,48.791666666666664,18.0,14,7,49,5,8,49.0
2024-08-28,12.358333333333334,7.508333333333333,145.41666666666666,6.1125,5.641666666666667,50.125,13.0,12,7,50,7,8,50.0
2024-08-29,21.866666666666664,9.65,144.08333333333334,6.995833333333334,6.020833333333333,39.291666666666664,16.0,22,7,39,8,9,39.0
2024-08-30,48.770833333333336,14.095833333333333,164.75,11.174999999999999,8.729166666666666,35.375,23.0,49,8,35,11,14,49.0
2024-08-31,54.32083333333333,18.933333333333334,262.7083333333333,21.370833333333334,7.020833333333333,41.041666666666664,32.0,54,13,41,9,27,54.0
2024-09-01,49.92916666666667,15.970833333333333,235.16666666666666,16.6875,5.070833333333334,48.916666666666664,27.0,50,12,49,6,21,50.0
2024-09-02,42.99166666666667,16.825,235.41666666666666,17.004166666666666,5.420833333333333,47.583333333333336,28.0,43,12,48,7,21,48.0
2024-09-03,25.2625,16.829166666666666,264.4583333333333,15.745833333333332,7.3875,61.416666666666664,28.0,25,13,61,9,20,61.0
2024-09-04,29.962500000000002,14.558333333333332,169.95833333333334,9.329166666666667,3.9958333333333336,49.541666666666664,24.0,30,8,50,5,12,50.0
2024-09-05,26.145833333333332,14.625,177.91666666666666,10.008333333333333,3.904166666666667,45.625,24.0,26,9,46,5,13,46.0
2024-09-06,34.229166666666664,16.8875,188.58333333333334,11.108333333333334,3.9791666666666665,46.416666666666664,28.0,34,9,46,5,14,46.0
2024-09-07,44.92083333333333,17.995833333333334,181.33333333333334,9.879166666666666,4.0874999999999995,52.25,30.0,45,9,52,5,12,52.0
2024-09-08,45.20416666666667,18.091666666666665,185.5,11.104166666666666,4.3125,50.041666666666664,30.0,45,9,50,5,14,50.0
2024-09-09,34.50416666666667,16.970833333333335,191.54166666666666,11.737499999999999,4.533333333333333,55.208333333333336,28.0,35,10,55,6,15,55.0
2024-09-10,39.545833333333334,20.754166666666666,211.45833333333334,14.079166666666666,4.445833333333334,53.875,35.0,40,11,54,6,18,54.0
2024-09-11,43.74583333333334,19.7375,193.375,10.341666666666667,4.1000000000000005,55.666666666666664,33.0,44,10,56,5,13,56.0
2024-09-12,65.05,26.90833333333333,205.125,11.479166666666666,4.520833333333333,54.125,45.0,65,10,54,6,14,65.0
2024-09-13,52.458333333333336,20.358333333333334,177.125,9.191666666666666,4.533333333333333,53.291666666666664,34.0,52,9,53,6,11,53.0
2024-09-14,39.52916666666667,19.141666666666666,187.16666666666666,11.758333333333333,5.491666666666667,46.25,32.0,40,9,46,7,15,46.0
2024-09-15,68.25833333333334,23.7625,262.7083333333333,19.829166666666666,6.395833333333333,47.083333333333336,40.0,68,13,47,8,25,68.0
2024-09-16,47.725,20.933333333333334,256.9166666666667,17.995833333333334,5.8999999999999995,49.041666666666664,35.0,48,13,49,7,22,49.0
2024-09-17,52.4125,22.837500000000002,274.8333333333333,19.491666666666667,4.8875,49.666666666666664,38.0,52,14,50,6,24,52.0
2024-09-18,47.40416666666667,21.59166666666667,250.125,16.2,5.020833333333333,56.5,36.0,47,13,56,6,20,56.0
2024-09-19,49.479166666666664,22.170833333333334,203.08333333333334,10.120833333333334,5.1000000000000005,68.95833333333333,37.0,49,10,69,6,13,69.0
2024-09-20,43.333333333333336,20.979166666666668,202.54166666666666,10.845833333333333,5.666666666666667,68.29166666666667,35.0,43,10,68,7,14,68.0
2024-09-21,45.21666666666667,23.116666666666664,223.125,12.233333333333334,5.616666666666667,66.33333333333333,39.0,45,11,66,7,15,66.0
2024-09-22,44.29583333333333,24.041666666666668,268.375,16.358333333333334,5.445833333333333,61.041666666666664,40.0,44,13,61,7,20,61.0
2024-09-23,43.145833333333336,25.541666666666668,333.7916666666667,17.572727272727274,7.591666666666666,58.541666666666664,43.0,43,17,59,9,22,59.0
2024-09-24,44.9375,26.287499999999998,293.5,18.704166666666666,6.6000000000000005,58.208333333333336,44.0,45,15,58,8,23,58.0
2024-09-25,48.6875,30.1125,352.6666666666667,17.571428571428573,9.3,56.083333333333336,50.0,49,18,56,12,22,56.0
2024-09-26,40.62916666666667,25.77916666666667,268.75,17.770833333333332,7.6375,51.708333333333336,43.0,41,13,52,10,22,52.0
2024-09-27,40.12916666666667,25.145833333333332,259.7083333333333,14.0875,6.966666666666666,71.83333333333333,42.0,40,13,72,9,18,72.0
2024-09-28,29.291666666666668,19.2625,261.125,15.6625,6.029166666666666,50.625,32.0,29,13,51,8,20,51.0
2024-09-29,34.88333333333333,21.087500000000002,271.1666666666667,17.220833333333335,6.545833333333333,47.666666666666664,35.0,35,14,48,8,22,48.0
2024-09-30,38.579166666666666,22.900000000000002,275.7083333333333,17.16521739130435,6.841666666666668,57.791666666666664,38.0,39,14,58,9,21,58.0
2024-10-01,38.3375,21.900000000000002,260.0416666666667,17.229166666666668,6.020833333333333,59.958333333333336,37.0,38,13,60,8,22,60.0
2024-10-02,30.495833333333334,17.966666666666665,249.0,14.487499999999999,5.9624999999999995,64.875,30.0,30,12,65,7,18,65.0
2024-10-03,30.2375,18.474999999999998,233.58333333333334,13.945833333333333,4.75,54.875,31.0,30,12,55,6,17,55.0
2024-10-04,39.12083333333333,23.391666666666666,259.2083333333333,17.212500000000002,5.925,46.708333333333336,39.0,39,13,47,7,22,47.0
2024-10-05,57.237500000000004,33.458333333333336,385.375,27.245454545454546,12.054166666666667,44.666666666666664,56.0,57,19,45,15,34,57.0
2024-10-06,82.79166666666667,48.67916666666667,548.9583333333334,27.400000000000002,15.058333333333332,70.33333333333333,81.0,83,27,70,19,34,83.0
2024-10-07,66.11666666666666,38.824999999999996,468.0833333333333,26.7375,10.929166666666667,70.0,65.0,66,23,70,14,33,70.0
2024-10-08,78.07272727272726,47.479166666666664,466.94444444444446,18.9375,14.933333333333332,74.125,79.0,78,23,74,19,24,79.0
2024-10-09,71.14,46.99166666666667,537.15,20.27058823529412,14.452173913043477,77.875,78.0,71,27,78,18,25,78.0
2024-10-10,76.43478260869566,48.5875,509.75,24.125,13.054166666666667,57.875,81.0,76,25,58,16,30,81.0
2024-10-11,56.55833333333334,34.28333333333333,284.9166666666667,10.3375,9.875,83.58333333333333,57.0,57,14,84,12,13,84.0
2024-10-12,40.050000000000004,26.7625,302.2916666666667,11.854166666666666,8.5375,80.0,45.0,40,15,80,11,15,80.0
2024-10-13,33.56666666666667,23.383333333333336,313.125,16.25,9.958333333333334,60.958333333333336,39.0,34,16,61,12,20,61.0
2024-10-14,39.9375,27.833333333333332,418.6666666666667,23.433333333333334,11.358333333333334,60.25,46.0,40,21,60,14,29,60.0
2024-10-15,46.333333333333336,32.266666666666666,468.6666666666667,26.004166666666666,12.270833333333334,74.41666666666667,54.0,46,23,74,15,33,74.0
2024-10-16,67.75263157894737,45.310526315789474,521.2631578947369,14.114285714285716,14.635,71.75,76.0,68,26,72,18,18,76.0
2024-10-17,67.42083333333333,43.75833333333333,553.4166666666666,25.95,12.0875,81.95238095238095,73.0,67,28,82,15,32,82.0
2024-10-18,81.8875,51.375,574.7083333333334,27.212500000000002,11.558333333333332,75.4090909090909,86.0,82,29,75,14,34,86.0
2024-10-19,81.79130434782608,55.84583333333333,528.5416666666666,21.099999999999998,17.5125,83.89473684210526,93.0,82,26,84,22,26,93.0
2024-10-20,72.84761904761905,49.828571428571436,528.0416666666666,22.223809523809525,21.185714285714287,72.0,83.0,73,26,72,26,28,83.0
2024-10-21,69.5904761904762,47.61818181818182,514.0909090909091,19.089473684210525,17.650000000000002,71.85,79.0,70,26,72,22,24,79.0
2024-10-22,82.71249999999999,53.225,488.94117647058823,23.016666666666666,13.483333333333334,67.16666666666667,89.0,83,24,67,17,29,89.0
2024-10-23,66.05416666666666,42.49166666666667,552.5416666666666,26.983333333333334,10.808333333333332,72.91666666666667,71.0,66,28,73,14,34,73.0
2024-10-24,68.825,44.041666666666664,546.3333333333334,21.422222222222224,12.35,72.41666666666667,73.0,69,27,72,15,27,73.0
2024-10-25,83.0142857142857,53.833333333333336,639.4736842105264,26.516666666666666,14.979166666666666,55.15,90.0,83,32,55,19,33,90.0
2024-10-26,84.01176470588236,51.80499999999999,678.8333333333334,26.427777777777777,14.02,62.63157894736842,86.0,84,34,63,18,33,86.0
2024-10-27,71.82916666666667,41.74166666666667,819.0454545454545,21.4875,13.158333333333333,62.714285714285715,70.0,72,41,63,16,27,72.0
2024-10-28,75.41818181818182,46.86666666666667,706.6818181818181,28.089999999999996,15.833333333333334,67.42105263157895,78.0,75,35,67,20,35,78.0
2024-10-29,65.05,36.262499999999996,564.75,22.33529411764706,11.808333333333332,58.166666666666664,60.0,65,28,58,15,28,65.0
2024-10-30,66.61666666666666,39.88333333333333,584.5384615384615,24.3,12.604347826086956,70.375,66.0,67,29,70,16,30,70.0
2024-10-31,61.887499999999996,38.104166666666664,553.8333333333334,21.95625,13.433333333333332,65.75,64.0,62,28,66,17,27,66.0
2024-11-01,56.65416666666667,35.9375,539.0666666666667,24.60625,13.404166666666667,67.16666666666667,60.0,57,27,67,17,31,67.0
2024-11-02,69.09583333333333,44.38333333333333,633.3125,28.759999999999998,16.742857142857144,69.43478260869566,74.0,69,32,69,21,36,74.0
2024-11-03,65.04583333333333,41.19583333333333,605.8125,25.970588235294116,16.213043478260868,72.54166666666667,69.0,65,30,73,20,32,73.0
2024-11-04,64.25833333333334,40.47083333333333,537.7222222222222,22.905882352941177,14.627272727272727,75.79166666666667,67.0,64,27,76,18,29,76.0
2024-11-05,57.69583333333333,35.84583333333333,545.2,20.275,12.133333333333333,76.58333333333333,60.0,58,27,77,15,25,77.0
2024-11-06,83.84761904761905,54.14166666666667,537.2631578947369,22.077777777777776,15.716666666666667,74.875,90.0,84,27,75,20,28,90.0
2024-11-07,79.16842105263159,53.59130434782608,534.1666666666666,22.129411764705882,16.42608695652174,60.25,89.0,79,27,60,21,28,89.0
2024-11-08,63.97083333333333,40.19583333333333,580.1111111111111,26.061111111111114,11.9375,66.375,67.0,64,29,66,15,33,67.0
2024-11-09,60.40416666666667,38.550000000000004,540.3333333333334,23.16,12.604166666666666,76.33333333333333,64.0,60,27,76,16,29,76.0
2024-11-10,66.87916666666666,42.96666666666667,490.3529411764706,23.126315789473683,13.5,64.66666666666667,72.0,67,25,65,17,29,72.0
2024-11-11,68.13333333333334,42.84583333333333,558.1111111111111,28.191666666666666,12.504166666666668,79.375,71.0,68,28,79,16,35,79.0
2024-11-12,54.17083333333333,42.666666666666664,580.7368421052631,26.78,14.604545454545455,76.625,71.0,54,29,77,18,33,77.0
2024-11-13,68.87083333333334,53.75,522.9473684210526,20.5,17.357142857142858,71.70833333333333,90.0,69,26,72,22,26,90.0
2024-11-14,69.14583333333333,57.678947368421056,512.3684210526316,23.0875,16.575,70.16666666666667,96.0,69,26,70,21,29,96.0
2024-11-15,62.71666666666667,54.5,546.421052631579,23.29375,16.526315789473685,80.41666666666667,91.0,63,27,80,21,29,91.0
2024-11-16,55.012499999999996,52.56666666666666,581.0,27.21578947368421,14.170833333333334,80.16666666666667,88.0,55,29,80,18,34,88.0
2024-11-17,47.625,45.57916666666667,559.2916666666666,29.02916666666667,12.725,82.58333333333333,76.0,48,28,83,16,36,83.0
2024-11-18,42.050000000000004,40.34166666666667,593.375,24.145833333333332,12.1,78.25,67.0,42,30,78,15,30,78.0
2024-11-19,42.949999999999996,41.06666666666667,596.9583333333334,19.6375,14.241666666666667,86.54166666666667,68.0,43,30,87,18,25,87.0
2024-11-20,45.770833333333336,44.166666666666664,522.6,22.083333333333332,15.025,85.33333333333333,74.0,46,26,85,19,28,85.0
2024-11-21,59.62916666666666,56.74166666666667,466.05263157894734,21.68421052631579,15.2875,73.875,95.0,60,23,74,19,27,95.0
2024-11-22,75.98333333333333,66.58947368421053,562.5833333333334,24.26666666666667,15.754166666666668,78.125,122.0,76,28,78,20,30,122.0
2024-11-23,68.79583333333333,64.89583333333333,521.4736842105264,25.075,14.916666666666666,84.375,116.0,69,26,84,19,31,116.0
2024-11-24,84.53750000000001,70.3125,552.375,24.14761904761905,14.983333333333334,75.0,134.0,85,28,75,19,30,134.0
2024-11-25,64.86666666666666,53.13809523809524,452.2083333333333,19.7,13.85,62.166666666666664,89.0,65,23,62,17,25,89.0
2024-11-26,49.25833333333333,44.72083333333333,529.7,24.75263157894737,15.1,65.20833333333333,75.0,49,26,65,19,31,75.0
2024-11-27,41.104166666666664,37.391666666666666,544.8181818181819,27.952380952380953,16.733333333333334,73.08333333333333,62.0,41,27,73,21,35,73.0
2024-11-28,43.64166666666667,39.079166666666666,458.2083333333333,21.42105263157895,14.820833333333333,67.20833333333333,65.0,44,23,67,19,27,67.0
2024-11-29,40.770833333333336,38.766666666666666,382.0416666666667,18.73478260869565,17.995833333333334,86.16666666666667,65.0,41,19,86,22,23,86.0
2024-11-30,50.64166666666667,48.56666666666666,426.875,16.3,19.204166666666666,98.58333333333333,81.0,51,21,99,24,20,99.0
2024-12-01,54.19166666666666,51.645833333333336,437.2916666666667,17.317391304347826,18.616666666666667,93.75,86.0,54,22,94,23,22,94.0
2024-12-02,51.708333333333336,48.80833333333334,467.9166666666667,18.645833333333332,17.176190476190477,90.08333333333333,81.0,52,23,90,21,23,90.0
2024-12-03,37.862500000000004,36.225,469.1666666666667,14.279166666666667,15.6625,90.20833333333333,60.0,38,23,90,20,18,90.0
2024-12-04,34.670833333333334,32.358333333333334,479.375,14.3125,15.965,89.33333333333333,54.0,35,24,89,20,18,89.0
2024-12-05,27.8,26.333333333333332,423.9166666666667,15.775,15.475,87.875,44.0,28,21,88,19,20,88.0
2024-12-06,23.59583333333333,21.808333333333334,442.125,19.51666666666667,10.762500000000001,72.875,36.0,24,22,73,13,24,73.0
2024-12-07,27.179166666666664,25.1125,466.9583333333333,23.212500000000002,9.791666666666666,65.125,42.0,27,23,65,12,29,65.0
2024-12-08,14.066666666666668,13.154166666666667,394.875,15.833333333333334,9.633333333333333,71.0,22.0,14,20,71,12,20,71.0
2024-12-09,19.929166666666667,18.058333333333334,359.4166666666667,11.654166666666667,9.424999999999999,77.41666666666667,30.0,20,18,77,12,15,77.0
2024-12-10,35.983333333333334,35.3125,415.3333333333333,17.170833333333334,16.358333333333334,85.66666666666667,59.0,36,21,86,20,21,86.0
2024-12-11,32.34166666666667,31.84583333333333,470.9166666666667,17.858333333333334,17.505000000000003,84.875,53.0,32,24,85,22,22,85.0
2024-12-12,29.579166666666666,29.266666666666666,458.4583333333333,14.875,15.1875,87.5,49.0,30,23,88,19,19,88.0
2024-12-13,28.208333333333332,27.15416666666667,367.2916666666667,13.179166666666667,18.1,94.41666666666667,45.0,28,18,94,23,16,94.0
2024-12-14,21.2625,20.841666666666665,396.625,16.75,17.287499999999998,84.66666666666667,35.0,21,20,85,22,21,85.0
2024-12-15,23.15416666666667,23.104166666666668,409.75,21.391666666666666,16.287499999999998,78.79166666666667,39.0,23,20,79,20,27,79.0
2024-12-16,20.5125,20.48333333333333,563.7272727272727,20.083333333333332,14.5,79.0,34.0,21,28,79,18,25,79.0
2024-12-17,22.275000000000002,22.183333333333334,556.3333333333334,19.195833333333333,13.25,81.5,37.0,22,28,82,17,24,82.0
2024-12-18,52.25416666666666,48.96818181818182,561.6111111111111,26.66818181818182,18.346666666666668,81.66666666666667,82.0,52,28,82,23,33,82.0
2024-12-19,52.03333333333333,51.55416666666667,552.5833333333334,18.962500000000002,16.07894736842105,86.77272727272727,86.0,52,28,87,20,24,87.0
2024-12-20,65.95833333333333,52.32,610.125,14.308333333333332,14.916666666666666,94.25,87.0,66,31,94,19,18,94.0
2024-12-21,72.69583333333334,68.34,551.5,21.413636363636364,20.085714285714285,85.41666666666667,128.0,73,28,85,25,27,128.0
2024-12-22,80.20454545454545,65.32857142857144,524.7916666666666,20.170833333333334,18.753333333333334,85.0,118.0,80,26,85,23,25,118.0
2024-12-23,82.925,71.24444444444445,604.875,15.570833333333333,13.895833333333334,77.125,137.0,83,30,77,17,19,137.0
2024-12-24,85.45833333333333,73.16,625.2083333333334,12.65,12.879166666666668,80.79166666666667,144.0,85,31,81,16,16,144.0
2024-12-25,95.8,70.3,585.125,16.191666666666666,19.75,85.04166666666667,134.0,96,29,85,25,20,134.0
2024-12-26,106.44666666666667,,608.375,16.545833333333334,20.933333333333334,77.125,,104,30,77,26,21,104.0
2024-12-27,105.82666666666667,,551.7916666666666,14.725,16.533333333333335,82.79166666666667,,104,28,83,21,18,104.0
2024-12-28,67.76666666666667,55.69375,545.5833333333334,11.737499999999999,11.137500000000001,84.20833333333333,93.0,68,27,84,14,15,93.0
2024-12-29,47.833333333333336,47.01666666666667,455.1666666666667,13.570833333333333,11.137500000000001,83.08333333333333,78.0,48,23,83,14,17,83.0
2024-12-30,33.90833333333333,33.6125,540.0416666666666,17.095833333333335,13.508333333333333,80.29166666666667,56.0,34,27,80,17,21,80.0
2024-12-31,43.5875,43.21666666666667,555.5416666666666,18.587500000000002,15.491666666666667,80.83333333333333,72.0,44,28,81,19,23,81.0
2025-01-01,45.487500000000004,44.95416666666667,519.9166666666666,22.4875,15.608333333333333,75.45833333333333,75.0,45,26,75,20,28,75.0
2025-01-02,51.145833333333336,50.449999999999996,497.0416666666667,19.25,17.61,67.41666666666667,84.0,51,25,67,22,24,84.0
2025-01-03,36.166666666666664,35.59166666666666,526.1666666666666,21.788235294117644,16.83888888888889,57.166666666666664,59.0,36,26,57,21,27,59.0
2025-01-04,28.9875,28.545833333333334,496.0416666666667,19.220833333333335,15.3,86.25,48.0,29,25,86,19,24,86.0
2025-01-05,35.72083333333333,33.50833333333333,546.875,13.266666666666666,12.745833333333332,93.66666666666667,56.0,36,27,94,16,17,94.0
2025-01-06,34.983333333333334,34.074999999999996,734.2173913043479,10.158333333333333,12.983333333333334,105.66666666666667,57.0,35,37,108,16,13,108.0
2025-01-07,25.34583333333333,25.15833333333333,525.0416666666666,13.058333333333332,12.258333333333333,91.29166666666667,42.0,25,26,91,15,16,91.0
2025-01-08,33.858333333333334,33.82083333333333,490.375,19.92083333333333,15.333333333333334,88.58333333333333,56.0,34,25,89,19,25,89.0
2025-01-09,37.608333333333334,37.4375,477.25,17.96842105263158,18.214285714285715,70.45833333333333,62.0,38,24,70,23,22,70.0
2025-01-10,53.25416666666666,45.910000000000004,562.25,23.295238095238094,19.821428571428573,84.0,77.0,53,28,84,25,29,84.0
2025-01-11,57.8125,56.74166666666667,556.25,21.670833333333334,14.820833333333333,72.95833333333333,95.0,58,28,73,19,27,95.0
2025-01-12,35.975,35.2125,398.625,11.75,11.395833333333334,88.20833333333333,59.0,36,20,88,14,15,88.0
2025-01-13,32.25,31.629166666666666,479.0833333333333,12.075000000000001,12.258333333333333,90.45833333333333,53.0,32,24,90,15,15,90.0
2025-01-14,38.15416666666667,37.68333333333333,505.5416666666667,11.612499999999999,14.387500000000001,88.91666666666667,63.0,38,25,89,18,15,89.0
2025-01-15,50.94583333333333,50.4625,494.375,10.583333333333334,15.237499999999999,88.95833333333333,84.0,51,25,89,19,13,89.0
2025-01-16,36.28333333333333,34.541666666666664,462.25,10.008333333333335,11.395833333333334,90.04166666666667,58.0,36,23,90,14,13,90.0
2025-01-17,56.06666666666666,55.54583333333333,434.5,11.058333333333332,17.283333333333335,94.75,93.0,56,22,95,22,14,95.0
2025-01-18,70.14761904761905,56.95333333333333,520.25,17.316666666666666,21.055555555555557,72.54166666666667,95.0,70,26,73,26,22,95.0
2025-01-19,77.25,64.79375,591.4761904761905,22.134999999999998,18.645454545454545,77.31818181818181,116.0,77,30,77,23,28,116.0
2025-01-20,61.824999999999996,61.479166666666664,631.55,23.286956521739132,19.513636363636365,84.08695652173913,105.0,62,32,84,24,29,105.0
2025-01-21,54.22083333333333,53.833333333333336,616.45,20.5125,15.225,84.04166666666667,90.0,54,31,84,19,26,90.0
2025-01-22,39.13333333333333,34.958333333333336,512.2916666666666,16.795833333333334,11.041666666666666,73.33333333333333,58.0,39,26,73,14,21,73.0
2025-01-23,25.537499999999998,24.016666666666666,459.375,9.308333333333334,12.4375,92.04166666666667,40.0,26,23,92,16,12,92.0
2025-01-24,28.099999999999998,27.608333333333334,387.375,11.104166666666666,11.9,90.91666666666667,46.0,28,19,91,15,14,91.0
2025-01-25,22.170833333333334,21.958333333333332,471.0416666666667,13.941666666666668,12.5375,88.70833333333333,37.0,22,24,89,16,17,89.0
2025-01-26,32.40833333333333,32.27916666666667,568.3333333333334,16.3,15.049999999999999,89.41666666666667,54.0,32,28,89,19,20,89.0
2025-01-27,29.120833333333334,29.09166666666667,535.2083333333334,18.195833333333333,16.662499999999998,86.41666666666667,48.0,29,27,86,21,23,86.0
2025-01-28,38.07083333333333,38.0,472.875,24.945833333333336,21.02608695652174,86.20833333333333,63.0,38,24,86,26,31,86.0
2025-01-29,41.96666666666667,40.295833333333334,521.9565217391304,26.78333333333333,14.0875,82.875,67.0,42,26,83,18,33,83.0
2025-01-30,54.487500000000004,30.608333333333334,351.6666666666667,25.47083333333333,9.579166666666667,59.458333333333336,51.0,54,18,59,12,32,59.0
2025-01-31,68.8,37.916666666666664,451.5833333333333,20.120833333333334,11.141666666666666,71.91666666666667,63.0,69,23,72,14,25,72.0
