date,pm10 (μg/m³),pm2_5 (μg/m³),carbon_monoxide (μg/m³),nitrogen_dioxide (μg/m³),sulphur_dioxide (μg/m³),ozone (μg/m³),pm2_5 (μg/m³)_subindex,pm10 (μg/m³)_subindex,carbon_monoxide (μg/m³)_subindex,ozone (μg/m³)_subindex,sulphur_dioxide (μg/m³)_subindex,nitrogen_dioxide (μg/m³)_subindex,AQI
2022-09-01,94.39999999999999,56.27916666666667,772.7083333333334,37.34117647058824,32.4,74.875,94,94.0,39.0,75,40.0,47,94.0
2022-09-02,84.02083333333333,52.6,722.875,36.0,28.2375,76.91666666666667,88,84.0,36.0,77,35.0,45,88.0
2022-09-03,61.00833333333333,31.954166666666666,541.1666666666666,34.9375,20.349999999999998,68.33333333333333,53,61.0,27.0,68,25.0,44,68.0
2022-09-04,55.550000000000004,26.420833333333334,417.5833333333333,30.304166666666664,16.608333333333334,62.208333333333336,44,56.0,21.0,62,21.0,38,62.0
2022-09-05,84.325,48.21666666666667,629.5833333333334,22.8,26.59583333333333,66.83333333333333,80,84.0,31.0,67,33.0,29,84.0
2022-09-06,116.74583333333334,71.61666666666666,977.3333333333334,24.82,39.27916666666667,86.625,139,111.0,49.0,87,49.0,31,139.0
2022-09-07,99.97916666666667,62.137499999999996,642.75,28.811764705882354,27.5,94.70833333333333,107,100.0,32.0,95,34.0,36,107.0
2022-09-08,88.2,57.270833333333336,552.375,16.663157894736845,14.35,98.66666666666667,95,88.0,28.0,99,18.0,21,99.0
2022-09-09,70.04583333333333,47.449999999999996,513.25,19.142857142857142,15.895833333333334,87.45833333333333,79,70.0,26.0,87,20.0,24,87.0
2022-09-10,55.65416666666667,37.550000000000004,410.75,18.629166666666666,9.933333333333334,89.33333333333333,63,56.0,21.0,89,12.0,23,89.0
2022-09-11,41.75833333333333,28.129166666666666,371.5,12.604166666666666,11.108333333333334,88.0,47,42.0,19.0,88,14.0,16,88.0
2022-09-12,40.34166666666667,26.474999999999998,353.0416666666667,12.950000000000001,12.475,84.41666666666667,44,40.0,18.0,84,16.0,16,84.0
2022-09-13,26.979166666666668,14.7875,241.125,7.083333333333333,6.479166666666667,75.79166666666667,25,27.0,12.0,76,8.0,9,76.0
2022-09-14,21.59166666666667,12.566666666666668,257.2916666666667,6.808333333333334,4.1000000000000005,71.5,21,22.0,13.0,72,5.0,9,72.0
2022-09-15,22.045833333333334,14.391666666666666,312.7083333333333,10.595833333333333,4.558333333333333,66.66666666666667,24,22.0,16.0,67,6.0,13,67.0
2022-09-16,28.195833333333336,19.341666666666665,337.7083333333333,14.241666666666667,6.754166666666666,66.16666666666667,32,28.0,17.0,66,8.0,18,66.0
2022-09-17,56.1,37.9,523.875,30.5125,26.229166666666668,75.70833333333333,63,56.0,26.0,76,33.0,38,76.0
2022-09-18,118.925,77.92173913043479,850.7083333333334,24.1,33.09130434782609,92.125,160,113.0,43.0,92,41.0,30,160.0
2022-09-19,106.75,73.35833333333333,806.5,32.84705882352941,22.09583333333333,88.70833333333333,145,104.0,40.0,89,28.0,41,145.0
2022-09-20,77.08333333333333,53.762499999999996,553.25,24.008333333333336,10.095833333333333,88.29166666666667,90,77.0,28.0,88,13.0,30,90.0
2022-09-21,71.46666666666667,49.49583333333334,581.4166666666666,30.729166666666668,13.841666666666667,71.875,82,71.0,29.0,72,17.0,38,82.0
2022-09-22,43.20416666666667,28.825,378.125,12.095833333333333,5.841666666666666,81.33333333333333,48,43.0,19.0,81,7.0,15,81.0
2022-09-23,34.612500000000004,22.47083333333333,357.625,10.020833333333334,6.691666666666666,89.54166666666667,37,35.0,18.0,90,8.0,13,90.0
2022-09-24,31.066666666666666,20.191666666666666,320.5,11.283333333333333,6.354166666666667,75.08333333333333,34,31.0,16.0,75,8.0,14,75.0
2022-09-25,52.012499999999996,33.71666666666667,430.5416666666667,15.9125,10.070833333333333,88.54166666666667,56,52.0,22.0,89,13.0,20,89.0
2022-09-26,79.55833333333334,48.05416666666667,651.9583333333334,26.961111111111112,35.5875,76.83333333333333,80,80.0,33.0,77,44.0,34,80.0
2022-09-27,104.89166666666667,63.520833333333336,784.4166666666666,26.892857142857142,37.88333333333333,69.5,112,103.0,39.0,70,47.0,34,112.0
2022-09-28,108.05833333333334,69.78333333333333,763.25,25.5,34.46666666666667,82.625,133,105.0,38.0,83,43.0,32,133.0
2022-09-29,118.93333333333334,79.37083333333334,813.5,24.876923076923074,36.333333333333336,84.33333333333333,165,113.0,41.0,84,45.0,31,165.0
2022-09-30,132.22083333333333,88.64166666666667,887.55,27.04615384615385,38.32083333333333,85.16666666666667,195,121.0,44.0,85,48.0,34,195.0
2022-10-01,135.77916666666667,89.54583333333333,947.8333333333334,25.972727272727273,36.233333333333334,77.5,198,124.0,47.0,78,45.0,32,198.0
2022-10-02,109.76666666666667,70.84166666666667,871.9166666666666,32.26363636363636,34.955,78.25,136,107.0,44.0,78,44.0,40,136.0
2022-10-03,85.93333333333334,52.59166666666667,640.9583333333334,23.80666666666667,34.733333333333334,79.95833333333333,88,86.0,32.0,80,43.0,30,88.0
2022-10-04,80.45416666666667,54.79583333333333,507.9583333333333,20.379166666666666,19.025000000000002,99.54166666666667,91,80.0,25.0,100,24.0,25,100.0
2022-10-05,59.800000000000004,40.300000000000004,420.5416666666667,13.4,11.416666666666666,93.70833333333333,67,60.0,21.0,94,14.0,17,94.0
2022-10-06,23.2625,13.9,284.4583333333333,8.208333333333334,6.25,64.95833333333333,23,23.0,14.0,65,8.0,10,65.0
2022-10-07,24.991666666666664,15.4375,291.0833333333333,10.395833333333334,6.116666666666667,59.625,26,25.0,15.0,60,8.0,13,60.0
2022-10-08,24.708333333333332,17.254166666666666,260.25,14.258333333333333,5.295833333333333,44.375,29,25.0,13.0,44,7.0,18,44.0
2022-10-09,20.870833333333334,14.35,260.7083333333333,11.454166666666666,3.9375,58.041666666666664,24,21.0,13.0,58,5.0,14,58.0
2022-10-10,36.4375,24.045833333333334,363.7083333333333,17.724999999999998,7.070833333333333,62.666666666666664,40,36.0,18.0,63,9.0,22,63.0
2022-10-11,37.425000000000004,25.375,415.2083333333333,19.625,6.7749999999999995,68.91666666666667,42,37.0,21.0,69,8.0,25,69.0
2022-10-12,74.11666666666666,50.80833333333334,656.6666666666666,19.4625,26.224999999999998,70.16666666666667,85,74.0,33.0,70,33.0,24,85.0
2022-10-13,83.97500000000001,56.708333333333336,931.0,29.2,37.708333333333336,67.58333333333333,95,84.0,47.0,68,47.0,36,95.0
2022-10-14,92.39166666666667,60.60833333333333,871.7916666666666,27.724999999999998,38.670833333333334,61.916666666666664,102,92.0,44.0,62,48.0,35,102.0
2022-10-15,138.14166666666668,93.91250000000001,798.1111111111111,26.208333333333332,36.17,73.70833333333333,213,125.0,40.0,74,45.0,33,213.0
2022-10-16,160.125,108.03333333333335,850.6666666666666,30.61111111111111,49.8125,79.125,260,140.0,43.0,79,62.0,38,260.0
2022-10-17,154.09583333333333,105.32083333333333,1093.5882352941176,36.690909090909095,43.93636363636364,83.08333333333333,251,136.0,55.0,83,55.0,46,251.0
2022-10-18,160.57500000000002,110.58749999999999,1103.45,32.62222222222223,35.70909090909091,82.16666666666667,269,140.0,55.0,82,45.0,41,269.0
2022-10-19,130.72083333333333,86.6086956521739,901.6666666666666,32.278571428571425,22.645833333333332,72.54166666666667,189,120.0,45.0,73,28.0,40,189.0
2022-10-20,97.10833333333333,66.52916666666667,620.375,32.270833333333336,16.1875,77.75,122,97.0,31.0,78,20.0,40,122.0
2022-10-21,129.02916666666667,89.0,845.0833333333334,29.685714285714287,28.441666666666666,70.33333333333333,197,119.0,42.0,70,36.0,37,197.0
2022-10-22,143.18333333333334,97.55,881.8333333333334,38.23529411764706,34.958333333333336,78.375,225,129.0,44.0,78,44.0,48,225.0
2022-10-23,130.45000000000002,87.80833333333334,752.7894736842105,32.07142857142857,40.479166666666664,57.708333333333336,193,120.0,38.0,58,51.0,40,193.0
2022-10-24,102.33749999999999,64.77499999999999,706.2083333333334,36.80714285714286,42.020833333333336,50.958333333333336,116,102.0,35.0,51,53.0,46,116.0
2022-10-25,128.07916666666668,81.625,816.05,27.442857142857143,37.487500000000004,76.79166666666667,172,119.0,41.0,77,47.0,34,172.0
2022-10-26,180.6833333333333,121.65217391304348,1178.3809523809523,31.910000000000004,45.42083333333333,92.54166666666667,301,154.0,59.0,93,57.0,40,301.0
2022-10-27,207.76666666666665,106.78,1127.1333333333334,34.6875,41.0,72.16666666666667,256,172.0,56.0,72,51.0,43,256.0
2022-10-28,194.67333333333332,110.95,1036.857142857143,27.96,41.199999999999996,81.29166666666667,270,163.0,52.0,81,51.0,35,270.0
2022-10-29,192.35789473684213,121.46666666666667,962.1764705882352,35.63076923076923,41.8,80.41666666666667,301,162.0,48.0,80,52.0,45,301.0
2022-10-30,197.74705882352941,127.39999999999999,1203.6875,45.3375,43.17857142857143,73.25,306,165.0,60.0,73,54.0,57,306.0
2022-10-31,203.25,121.94444444444444,1067.909090909091,39.7625,50.65833333333333,69.25,301,169.0,53.0,69,63.0,50,301.0
2022-11-01,215.0388888888889,116.8875,1196.2,41.141666666666666,41.01764705882353,89.375,290,177.0,60.0,89,51.0,51,290.0
2022-11-02,193.52,115.31333333333333,1117.8181818181818,32.81333333333333,39.949999999999996,88.875,284,162.0,56.0,89,50.0,41,284.0
2022-11-03,154.6625,99.75217391304349,692.8125,27.792307692307695,41.670833333333334,64.16666666666667,233,136.0,35.0,64,52.0,35,233.0
2022-11-04,200.975,130.57142857142858,1112.2631578947369,43.184615384615384,35.42631578947368,73.33333333333333,308,167.0,56.0,73,44.0,54,308.0
2022-11-05,185.80416666666667,124.77083333333333,828.9166666666666,23.74166666666667,30.275000000000002,102.79166666666667,304,157.0,41.0,104,38.0,30,304.0
2022-11-06,207.77083333333334,134.255,873.875,34.887499999999996,33.262499999999996,73.625,311,172.0,44.0,74,42.0,44,311.0
2022-11-07,186.18260869565216,117.9,944.9473684210526,27.02857142857143,38.44117647058823,74.25,293,157.0,47.0,74,48.0,34,293.0
2022-11-08,159.0375,108.43333333333334,897.2083333333334,42.589999999999996,32.57083333333333,70.91666666666667,261,139.0,45.0,71,41.0,53,261.0
2022-11-09,157.25,107.24166666666667,1074.9545454545455,36.67777777777778,44.07083333333333,51.125,257,138.0,54.0,51,55.0,46,257.0
2022-11-10,141.07916666666668,95.66250000000001,908.7083333333334,31.178571428571427,45.44285714285714,69.79166666666667,219,127.0,45.0,70,57.0,39,219.0
2022-11-11,108.85833333333333,68.65833333333333,700.6666666666666,37.035714285714285,31.45,43.916666666666664,129,106.0,35.0,44,39.0,46,129.0
2022-11-12,112.35416666666667,69.84166666666667,713.9166666666666,35.129411764705885,34.50416666666667,66.375,133,108.0,36.0,66,43.0,44,133.0
2022-11-13,122.14583333333333,79.78750000000001,848.625,30.17142857142857,37.725,55.041666666666664,166,115.0,42.0,55,47.0,38,166.0
2022-11-14,126.69166666666666,84.00416666666666,682.4166666666666,28.863636363636363,31.0,76.66666666666667,180,118.0,34.0,77,39.0,36,180.0
2022-11-15,118.83333333333333,79.06666666666666,680.65,19.861538461538462,21.5,45.416666666666664,164,113.0,34.0,45,27.0,25,164.0
2022-11-16,113.45416666666667,69.56666666666666,606.25,34.09444444444445,36.72083333333333,57.958333333333336,132,109.0,30.0,58,46.0,43,132.0
2022-11-17,121.66666666666667,74.45416666666667,698.0,26.46875,31.504166666666666,67.125,148,114.0,35.0,67,39.0,33,148.0
2022-11-18,140.1875,94.48333333333333,806.1176470588235,26.23076923076923,34.72105263157895,65.375,215,127.0,40.0,65,43.0,33,215.0
2022-11-19,142.11249999999998,95.20416666666667,1021.7368421052631,32.599999999999994,44.06363636363636,51.375,217,128.0,51.0,51,55.0,41,217.0
2022-11-20,113.4375,73.40833333333333,788.0416666666666,37.16470588235294,37.28666666666666,64.33333333333333,145,109.0,39.0,64,47.0,46,145.0
2022-11-21,98.45833333333333,59.65416666666667,746.4166666666666,30.025,39.078947368421055,66.5,99,98.0,37.0,66,49.0,38,99.0
2022-11-22,98.94166666666666,61.82916666666667,759.5,28.273333333333333,41.82666666666667,70.58333333333333,106,99.0,38.0,71,52.0,35,106.0
2022-11-23,103.30833333333334,64.1875,969.125,32.892857142857146,45.42631578947368,67.54166666666667,114,102.0,48.0,68,57.0,41,114.0
2022-11-24,158.32083333333333,95.66499999999999,1007.1578947368421,39.46923076923077,43.6375,66.45833333333333,219,139.0,50.0,66,55.0,49,219.0
2022-11-25,158.365,102.23157894736842,1053.0,39.878571428571426,54.0,71.45833333333333,241,139.0,53.0,71,68.0,50,241.0
2022-11-26,137.45416666666668,88.46666666666665,962.375,36.25625,41.323076923076925,83.58333333333333,195,125.0,48.0,84,52.0,45,195.0
2022-11-27,164.34583333333333,111.58333333333333,852.0,22.383333333333336,40.2,69.83333333333333,272,143.0,43.0,70,50.0,28,272.0
2022-11-28,150.255,94.48888888888888,897.8125,33.81666666666666,35.510000000000005,55.083333333333336,215,134.0,45.0,55,44.0,42,215.0
2022-11-29,186.52083333333334,110.3529411764706,977.6923076923077,30.660000000000004,39.36,73.375,268,158.0,49.0,73,49.0,38,268.0
2022-11-30,186.49166666666667,112.17647058823529,1049.7333333333333,33.050000000000004,45.06666666666666,76.58333333333333,274,158.0,52.0,77,56.0,41,274.0
2022-12-01,162.82941176470587,100.98,968.5625,32.02142857142857,46.300000000000004,85.83333333333333,237,142.0,48.0,86,58.0,40,237.0
2022-12-02,199.36,108.6888888888889,1064.3846153846155,30.0,42.0,83.41666666666667,262,166.0,53.0,83,52.0,38,262.0
2022-12-03,196.44444444444446,123.07142857142857,1081.6,29.275,45.025,75.0,302,164.0,54.0,75,56.0,37,302.0
2022-12-04,204.77857142857144,110.375,1144.3,47.51428571428572,,61.083333333333336,268,170.0,57.0,61,,59,268.0
2022-12-05,147.96315789473684,100.76315789473684,981.8333333333334,42.55,,54.5,236,132.0,49.0,54,,53,236.0
2022-12-06,116.7375,71.78333333333333,885.9583333333334,30.30952380952381,41.464285714285715,94.33333333333333,139,111.0,44.0,94,52.0,38,139.0
2022-12-07,121.72083333333335,71.92083333333333,743.7083333333334,33.8125,37.22941176470588,82.25,140,114.0,37.0,82,47.0,42,140.0
2022-12-08,133.76250000000002,86.50416666666666,938.2916666666666,36.2,44.31666666666666,59.291666666666664,188,123.0,47.0,59,55.0,45,188.0
2022-12-09,160.4625,96.03,778.0666666666667,33.23076923076923,37.64545454545455,48.958333333333336,220,140.0,39.0,49,47.0,42,220.0
2022-12-10,128.66666666666666,84.85416666666667,1145.9,41.44,50.05,45.625,183,119.0,57.0,46,63.0,52,183.0
2022-12-11,99.28750000000001,62.84583333333333,873.875,47.857142857142854,46.3,34.416666666666664,109,99.0,44.0,34,58.0,60,109.0
2022-12-12,82.15416666666667,47.625,565.2916666666666,29.46,36.11333333333334,55.958333333333336,79,82.0,28.0,56,45.0,37,82.0
2022-12-13,42.550000000000004,24.849999999999998,310.875,11.637500000000001,12.775,62.166666666666664,41,43.0,16.0,62,16.0,15,62.0
2022-12-14,0.8541666666666666,0.5958333333333333,59.625,0.0,0.6708333333333334,28.0,1,1.0,3.0,28,1.0,0,28.0
2022-12-15,0.8958333333333334,0.6375000000000001,61.625,0.0,0.3541666666666667,32.666666666666664,1,1.0,3.0,33,0.0,0,33.0
2022-12-16,144.72083333333333,95.82916666666667,869.5,36.013333333333335,39.48571428571428,55.583333333333336,219,130.0,43.0,56,49.0,45,219.0
2022-12-17,161.64000000000001,96.02352941176471,1126.4375,38.955555555555556,52.26666666666667,48.666666666666664,220,141.0,56.0,49,65.0,49,220.0
2022-12-18,171.08181818181816,104.48888888888888,1033.0,41.15,,66.375,248,147.0,52.0,66,,51,248.0
2022-12-19,205.6625,121.84285714285714,1200.0833333333333,43.371428571428574,53.666666666666664,73.95833333333333,301,170.0,60.0,74,67.0,54,301.0
2022-12-20,155.5875,105.34166666666665,1140.0555555555557,30.99285714285714,45.82857142857143,69.66666666666667,251,137.0,57.0,70,57.0,39,251.0
2022-12-21,144.08333333333334,98.00416666666666,1118.4285714285713,28.835714285714285,39.714999999999996,58.875,227,129.0,56.0,59,50.0,36,227.0
2022-12-22,128.14583333333334,86.99166666666667,1106.0416666666667,23.192307692307693,30.8875,55.083333333333336,190,119.0,55.0,55,39.0,29,190.0
2022-12-23,123.95416666666667,84.375,946.7916666666666,39.22105263157894,20.370833333333334,54.083333333333336,181,116.0,47.0,54,25.0,49,181.0
2022-12-24,111.08749999999999,69.74583333333334,950.4166666666666,37.60526315789474,43.84347826086957,61.833333333333336,132,107.0,48.0,62,55.0,47,132.0
2022-12-25,143.1625,94.825,1183.3333333333333,30.26923076923077,45.32,72.33333333333333,216,129.0,59.0,72,57.0,38,216.0
2022-12-26,155.64583333333334,104.77083333333333,1277.3157894736842,39.18333333333333,45.892857142857146,63.25,249,137.0,64.0,63,57.0,49,249.0
2022-12-27,150.06666666666666,94.83749999999999,1173.1666666666667,33.81666666666667,40.69285714285714,98.16666666666667,216,133.0,59.0,98,51.0,42,216.0
2022-12-28,131.97083333333333,78.62916666666666,949.125,27.620833333333334,36.17333333333333,98.83333333333333,162,121.0,47.0,99,45.0,35,162.0
2022-12-29,171.4416666666667,107.71,1088.7083333333333,20.5625,36.0625,96.66666666666667,259,148.0,54.0,97,45.0,26,259.0
2022-12-30,194.03125,123.62307692307692,1259.8666666666666,21.307142857142857,41.33888888888889,64.58333333333333,303,163.0,63.0,65,52.0,27,303.0
2022-12-31,135.975,83.55217391304348,1154.15,43.56,43.404545454545456,32.5,179,124.0,58.0,32,54.0,54,179.0
2023-01-01,150.89444444444445,89.06,1129.7692307692307,33.83,48.46470588235294,55.791666666666664,197,134.0,56.0,56,61.0,42,197.0
2023-01-02,164.95454545454547,94.725,996.5555555555555,30.2625,51.03,55.583333333333336,216,143.0,50.0,56,64.0,38,216.0
2023-01-03,154.99545454545455,95.44210526315788,1208.9473684210527,31.270000000000003,43.0125,65.83333333333333,218,137.0,60.0,66,54.0,39,218.0
2023-01-04,160.09583333333333,109.71666666666665,1227.3333333333333,30.192307692307693,48.5,64.95833333333333,266,140.0,61.0,65,61.0,38,266.0
2023-01-05,185.66666666666666,115.71052631578948,1288.8181818181818,39.445454545454545,,62.916666666666664,286,157.0,64.0,63,,49,286.0
2023-01-06,174.10416666666666,113.80952380952381,1346.9473684210527,44.78947368421053,54.6,67.5,279,149.0,67.0,68,68.0,56,279.0
2023-01-07,189.89583333333334,125.20952380952382,1407.2222222222222,43.114285714285714,51.699999999999996,48.5,304,160.0,70.0,48,65.0,54,304.0
2023-01-08,194.71666666666667,131.025,,39.15555555555555,45.1,74.58333333333333,308,163.0,,75,56.0,49,308.0
2023-01-09,201.8,126.86666666666667,1702.0,50.35,50.699999999999996,65.875,305,168.0,85.0,66,63.0,63,305.0
2023-01-10,169.59166666666667,108.36818181818181,1268.3333333333333,46.125,50.72222222222222,51.75,261,146.0,63.0,52,63.0,58,261.0
2023-01-11,157.87916666666666,106.89583333333333,1477.764705882353,31.704545454545453,40.32083333333333,107.08333333333333,256,139.0,74.0,110,50.0,40,256.0
2023-01-12,122.62916666666666,81.58333333333333,833.6666666666666,21.320833333333333,17.108333333333334,80.83333333333333,172,115.0,42.0,81,21.0,27,172.0
2023-01-13,133.42083333333332,90.22916666666667,970.9583333333334,30.295833333333334,21.604166666666668,60.125,201,122.0,49.0,60,27.0,38,201.0
2023-01-14,134.98749999999998,84.85000000000001,1203.7916666666667,43.147368421052626,38.949999999999996,65.83333333333333,183,123.0,60.0,66,49.0,54,183.0
2023-01-15,102.82083333333333,62.987500000000004,1028.7777777777778,28.779999999999998,39.30416666666667,62.041666666666664,110,102.0,51.0,62,49.0,36,110.0
2023-01-16,117.91666666666667,77.58749999999999,1246.45,35.525,41.44166666666667,57.041666666666664,159,112.0,62.0,57,52.0,44,159.0
2023-01-17,113.07083333333333,73.43333333333334,1190.9444444444443,35.324999999999996,42.44166666666667,63.291666666666664,145,109.0,60.0,63,53.0,44,145.0
2023-01-18,138.65833333333333,93.95833333333333,1208.2,34.60909090909091,46.5,57.75,213,126.0,60.0,58,58.0,43,213.0
2023-01-19,166.6,105.73499999999999,1296.6,34.475,39.762499999999996,85.91666666666667,252,144.0,65.0,86,50.0,43,252.0
2023-01-20,159.32500000000002,99.455,1004.0,33.166666666666664,26.416666666666668,73.54166666666667,232,140.0,50.0,74,33.0,41,232.0
2023-01-21,182.4421052631579,114.22,1088.2,27.200000000000003,27.150000000000002,55.625,281,155.0,54.0,56,34.0,34,281.0
2023-01-22,190.52083333333334,117.98333333333332,1205.6190476190477,41.2875,25.087500000000002,70.58333333333333,293,160.0,60.0,71,31.0,52,293.0
2023-01-23,158.5625,88.35882352941177,945.8333333333334,35.420833333333334,27.033333333333335,49.291666666666664,195,139.0,47.0,49,34.0,44,195.0
2023-01-24,125.9875,84.71666666666667,458.9166666666667,10.125,13.299999999999999,83.95833333333333,182,117.0,23.0,84,17.0,13,182.0
2023-01-25,147.4,101.90833333333335,707.0416666666666,30.31904761904762,15.229166666666666,56.333333333333336,240,132.0,35.0,56,19.0,38,240.0
2023-01-26,118.03750000000001,75.60000000000001,729.8333333333334,26.745833333333334,30.727777777777778,75.875,152,112.0,36.0,76,38.0,33,152.0
2023-01-27,123.35000000000001,75.29583333333333,822.2083333333334,30.783333333333335,35.38666666666666,80.75,151,116.0,41.0,81,44.0,38,151.0
2023-01-28,176.57083333333333,91.3875,873.2142857142857,21.753846153846155,37.36666666666667,72.70833333333333,205,151.0,44.0,73,47.0,27,205.0
2023-01-29,194.74166666666667,125.07777777777778,1256.9444444444443,34.38095238095238,40.142857142857146,59.583333333333336,304,163.0,63.0,60,50.0,43,304.0
2023-01-30,128.92916666666667,89.25833333333333,886.4166666666666,36.438095238095244,17.871428571428574,38.083333333333336,198,119.0,44.0,38,22.0,46,198.0
2023-01-31,103.04166666666667,60.949999999999996,595.125,28.15833333333333,36.16842105263157,68.66666666666667,103,102.0,30.0,69,45.0,35,103.0
2023-02-01,96.91666666666667,55.59583333333333,730.4583333333334,27.189999999999998,34.08571428571429,72.20833333333333,93,97.0,37.0,72,43.0,34,97.0
2023-02-02,98.69583333333333,57.800000000000004,897.0833333333334,31.244444444444444,39.19166666666667,76.91666666666667,96,99.0,45.0,77,49.0,39,99.0
2023-02-03,104.28750000000001,65.72500000000001,1025.25,32.825,41.891666666666666,68.41666666666667,119,103.0,51.0,68,52.0,41,119.0
2023-02-04,110.6375,66.99583333333334,808.375,31.456521739130434,37.89411764705883,85.70833333333333,123,107.0,40.0,86,47.0,39,123.0
2023-02-05,114.58333333333333,73.24166666666666,1016.3333333333334,19.55,37.364285714285714,71.91666666666667,144,110.0,51.0,72,47.0,24,144.0
2023-02-06,157.95000000000002,105.23333333333333,1203.625,31.275000000000002,36.643478260869564,65.29166666666667,251,139.0,60.0,65,46.0,39,251.0
2023-02-07,115.12083333333334,70.32083333333334,828.1428571428571,41.92142857142857,36.46666666666666,61.166666666666664,134,110.0,41.0,61,46.0,52,134.0
2023-02-08,78.66250000000001,47.458333333333336,810.625,28.9375,32.954166666666666,72.08333333333333,79,79.0,41.0,72,41.0,36,79.0
2023-02-09,93.04166666666667,59.333333333333336,789.5833333333334,30.681818181818183,25.708333333333332,90.16666666666667,99,93.0,39.0,90,32.0,38,99.0
2023-02-10,91.89999999999999,58.4125,633.75,23.163636363636364,18.029166666666665,72.04166666666667,97,92.0,32.0,72,23.0,29,97.0
2023-02-11,132.37916666666666,83.14583333333333,672.4166666666666,27.2625,36.37391304347826,80.83333333333333,177,122.0,34.0,81,45.0,34,177.0
2023-02-12,68.02083333333333,35.44583333333333,402.75,19.20416666666667,28.808333333333334,87.79166666666667,59,68.0,20.0,88,36.0,24,88.0
2023-02-13,76.83749999999999,29.78333333333333,479.9583333333333,20.766666666666666,28.27916666666667,97.54166666666667,50,77.0,24.0,98,35.0,26,98.0
2023-02-14,93.74583333333334,56.4125,725.9166666666666,27.795238095238098,31.21111111111111,87.33333333333333,94,94.0,36.0,87,39.0,35,94.0
2023-02-15,121.175,74.05,767.7916666666666,38.40833333333333,36.71875,85.75,147,114.0,38.0,86,46.0,48,147.0
2023-02-16,183.09166666666667,124.2,927.8333333333334,27.415,31.325,82.125,303,155.0,46.0,82,39.0,34,303.0
2023-02-17,174.17083333333335,103.39444444444445,910.2105263157895,16.442857142857143,34.082608695652176,86.375,245,149.0,46.0,86,43.0,21,245.0
2023-02-18,211.4421052631579,131.27692307692308,1198.1304347826087,33.971428571428575,47.247058823529414,97.66666666666667,309,174.0,60.0,98,59.0,42,309.0
2023-02-19,201.87333333333333,118.5,1024.875,27.525,42.260000000000005,109.58333333333333,295,168.0,51.0,114,53.0,34,295.0
2023-02-20,134.82083333333333,74.92999999999999,732.5,22.974999999999998,26.03333333333333,113.66666666666667,150,123.0,37.0,120,33.0,29,150.0
2023-02-21,106.7625,69.79583333333333,706.5,22.055,23.33888888888889,71.75,133,105.0,35.0,72,29.0,28,133.0
2023-02-22,84.77499999999999,55.099999999999994,487.0416666666667,27.629166666666666,23.541666666666668,80.625,92,85.0,24.0,81,29.0,35,92.0
2023-02-23,70.59583333333333,41.391666666666666,624.4166666666666,26.98,33.983333333333334,52.0,69,71.0,31.0,52,42.0,34,71.0
2023-02-24,88.50833333333333,56.84166666666667,912.9166666666666,35.0,37.012499999999996,61.583333333333336,95,89.0,46.0,62,46.0,44,95.0
2023-02-25,122.28750000000001,83.17083333333333,1049.0833333333333,39.87647058823529,35.50833333333333,84.125,177,115.0,52.0,84,44.0,50,177.0
2023-02-26,105.75833333333333,71.91666666666667,780.75,28.00526315789474,27.433333333333334,80.04166666666667,140,104.0,39.0,80,34.0,35,140.0
2023-02-27,105.58749999999999,69.87083333333334,769.5,27.89333333333333,29.46666666666667,62.416666666666664,133,104.0,38.0,62,37.0,35,133.0
2023-02-28,88.26666666666667,56.88333333333333,573.0,31.627272727272725,19.745833333333334,61.0,95,88.0,29.0,61,25.0,40,95.0
2023-03-01,55.324999999999996,33.4125,442.0,22.157894736842106,14.7875,62.333333333333336,56,55.0,22.0,62,18.0,28,62.0
2023-03-02,68.35833333333333,42.62916666666667,524.4583333333334,32.97894736842105,30.141666666666666,64.41666666666667,71,68.0,26.0,64,38.0,41,71.0
2023-03-03,64.89583333333333,35.708333333333336,439.6666666666667,32.13181818181818,30.633333333333336,70.875,60,65.0,22.0,71,38.0,40,71.0
2023-03-04,65.95416666666667,37.104166666666664,523.5,24.70625,31.212500000000002,59.375,62,66.0,26.0,59,39.0,31,66.0
2023-03-05,65.30833333333334,37.85,513.4166666666666,39.237500000000004,30.90416666666667,72.66666666666667,63,65.0,26.0,73,39.0,49,73.0
2023-03-06,67.66666666666667,41.12916666666667,618.4166666666666,24.82,31.65416666666667,65.08333333333333,69,68.0,31.0,65,40.0,31,69.0
2023-03-07,103.46666666666665,68.97916666666667,962.9583333333334,25.380000000000003,40.047826086956526,63.25,130,102.0,48.0,63,50.0,32,130.0
2023-03-08,99.28750000000001,65.64999999999999,823.875,33.34285714285714,33.2125,80.375,119,99.0,41.0,80,42.0,42,119.0
2023-03-09,67.51666666666667,43.45416666666667,532.5833333333334,24.86315789473684,14.491666666666667,68.16666666666667,72,68.0,27.0,68,18.0,31,72.0
2023-03-10,118.47083333333335,78.93333333333334,801.0625,22.9,37.7,73.83333333333333,163,112.0,40.0,74,47.0,29,163.0
2023-03-11,135.0875,90.71249999999999,798.6818181818181,42.295,36.89523809523809,94.04166666666667,202,123.0,40.0,94,46.0,53,202.0
2023-03-12,130.87916666666666,90.05416666666667,678.625,32.69166666666667,36.74583333333333,106.91666666666667,200,121.0,34.0,110,46.0,41,200.0
2023-03-13,109.32083333333333,72.99583333333334,652.2083333333334,27.27777777777778,38.425000000000004,83.54166666666667,143,106.0,33.0,84,48.0,34,143.0
2023-03-14,95.7375,62.02916666666667,715.4166666666666,28.386666666666667,36.2875,69.375,107,96.0,36.0,69,45.0,35,107.0
2023-03-15,104.78333333333335,70.32083333333334,840.875,27.59333333333333,19.229166666666668,61.833333333333336,134,103.0,42.0,62,24.0,34,134.0
2023-03-16,91.27083333333333,60.56666666666666,643.75,26.984210526315792,14.508333333333333,69.25,102,91.0,32.0,69,18.0,34,102.0
2023-03-17,108.87916666666666,71.90833333333333,765.7083333333334,17.7,22.854166666666668,65.83333333333333,140,106.0,38.0,66,29.0,22,140.0
2023-03-18,102.58333333333333,69.66666666666667,452.7916666666667,17.900000000000002,9.025,92.125,132,102.0,23.0,92,11.0,22,132.0
2023-03-19,107.075,73.80416666666666,786.0833333333334,21.54705882352941,17.929166666666667,71.125,146,105.0,39.0,71,22.0,27,146.0
2023-03-20,89.03333333333335,59.791666666666664,532.7916666666666,20.518181818181816,16.287499999999998,95.25,100,89.0,27.0,95,20.0,26,100.0
2023-03-21,57.96666666666667,39.90833333333333,550.375,22.02916666666667,9.304166666666667,85.5,67,58.0,28.0,86,12.0,28,86.0
2023-03-22,95.55,65.02499999999999,881.0416666666666,18.746666666666666,27.0,72.20833333333333,117,96.0,44.0,72,34.0,23,117.0
2023-03-23,83.33333333333333,52.916666666666664,624.7916666666666,31.233333333333334,28.795833333333334,65.125,88,83.0,31.0,65,36.0,39,88.0
2023-03-24,83.475,53.0375,408.9583333333333,18.504166666666666,13.954166666666666,87.58333333333333,88,83.0,20.0,88,17.0,23,88.0
2023-03-25,75.5625,48.9,448.3333333333333,15.184999999999999,9.304166666666667,77.66666666666667,81,76.0,22.0,78,12.0,19,81.0
2023-03-26,64.77083333333333,36.75833333333333,315.7083333333333,20.804166666666667,14.879166666666668,82.70833333333333,61,65.0,16.0,83,19.0,26,83.0
2023-03-27,74.85000000000001,44.30833333333334,466.0416666666667,32.8375,28.458333333333332,81.54166666666667,74,75.0,23.0,82,36.0,41,82.0
2023-03-28,84.28333333333333,53.85833333333333,518.4583333333334,23.057894736842105,27.504166666666666,86.08333333333333,90,84.0,26.0,86,34.0,29,90.0
2023-03-29,78.60000000000001,52.2875,416.5416666666667,19.316666666666666,20.304166666666667,97.58333333333333,87,79.0,21.0,98,25.0,24,98.0
2023-03-30,92.72500000000001,59.71666666666667,432.625,16.779166666666665,22.50952380952381,109.20833333333333,100,93.0,22.0,114,28.0,21,114.0
2023-03-31,59.07916666666667,39.18333333333333,287.2916666666667,8.479166666666666,6.625,92.95833333333333,65,59.0,14.0,93,8.0,11,93.0
2023-04-01,84.20416666666667,57.3375,366.0,13.237499999999999,23.087500000000002,89.91666666666667,96,84.0,18.0,90,29.0,17,96.0
2023-04-02,94.575,61.333333333333336,774.875,16.21333333333333,31.070833333333336,88.08333333333333,104,95.0,39.0,88,39.0,20,104.0
2023-04-03,63.93333333333334,39.233333333333334,400.7083333333333,15.045833333333334,17.579166666666666,90.70833333333333,65,64.0,20.0,91,22.0,19,91.0
2023-04-04,68.4375,40.38333333333333,413.0416666666667,23.34583333333333,25.233333333333334,96.91666666666667,67,68.0,21.0,97,32.0,29,97.0
2023-04-05,60.29583333333333,35.475,440.8333333333333,24.352631578947367,23.416666666666668,76.54166666666667,59,60.0,22.0,77,29.0,30,77.0
2023-04-06,51.46666666666667,27.316666666666666,365.4583333333333,23.223809523809525,20.520833333333332,79.25,46,51.0,18.0,79,26.0,29,79.0
2023-04-07,52.270833333333336,28.425,416.0,20.461111111111112,23.879166666666666,77.83333333333333,47,52.0,21.0,78,30.0,26,78.0
2023-04-08,60.925000000000004,36.416666666666664,560.5,22.5625,27.766666666666666,85.08333333333333,61,61.0,28.0,85,35.0,28,85.0
2023-04-09,58.425000000000004,36.21666666666667,534.2083333333334,27.970588235294116,23.787499999999998,83.0,60,58.0,27.0,83,30.0,35,83.0
2023-04-10,56.11666666666667,33.17916666666667,468.2083333333333,27.015789473684208,24.241666666666664,93.25,55,56.0,23.0,93,30.0,34,93.0
2023-04-11,53.25833333333333,28.433333333333334,421.7083333333333,31.1875,23.537499999999998,102.375,47,53.0,21.0,103,29.0,39,103.0
2023-04-12,65.64999999999999,35.166666666666664,509.25,20.30625,21.891666666666666,81.16666666666667,59,66.0,25.0,81,27.0,25,81.0
2023-04-13,58.875,34.05833333333333,411.4166666666667,27.63181818181818,22.266666666666666,97.91666666666667,57,59.0,21.0,98,28.0,35,98.0
2023-04-14,66.3875,41.34583333333333,590.6666666666666,16.64375,22.608333333333334,90.125,69,66.0,30.0,90,28.0,21,90.0
2023-04-15,92.23333333333333,62.916666666666664,628.25,33.21818181818182,19.075,104.29166666666667,110,92.0,31.0,106,24.0,42,110.0
2023-04-16,68.82916666666667,43.708333333333336,556.0416666666666,33.975,20.520833333333332,109.58333333333333,73,69.0,28.0,114,26.0,42,114.0
2023-04-17,85.24583333333334,55.92916666666667,628.1666666666666,25.99285714285714,26.6375,83.75,93,85.0,31.0,84,33.0,32,93.0
2023-04-18,88.05416666666667,55.09583333333333,786.0416666666666,25.05454545454546,25.15833333333333,73.83333333333333,92,88.0,39.0,74,31.0,31,92.0
2023-04-19,51.99166666666667,26.420833333333334,297.9583333333333,14.965217391304348,11.754166666666668,90.79166666666667,44,52.0,15.0,91,15.0,19,91.0
2023-04-20,57.949999999999996,31.2625,338.4583333333333,17.650000000000002,10.416666666666666,87.25,52,58.0,17.0,87,13.0,22,87.0
2023-04-21,68.49166666666666,40.666666666666664,408.25,17.704545454545453,10.004166666666666,93.58333333333333,68,68.0,20.0,94,13.0,22,94.0
2023-04-22,51.583333333333336,32.229166666666664,384.7916666666667,18.62608695652174,10.391666666666667,105.375,54,52.0,19.0,108,13.0,23,108.0
2023-04-23,44.45416666666667,26.4375,335.6666666666667,13.929166666666667,8.483333333333333,104.45833333333333,44,44.0,17.0,107,11.0,17,107.0
2023-04-24,58.550000000000004,35.37083333333333,311.75,10.5625,10.983333333333334,105.375,59,59.0,16.0,108,14.0,13,108.0
2023-04-25,69.75,47.02916666666667,494.125,21.804166666666664,14.220833333333333,102.5,78,70.0,25.0,104,18.0,27,104.0
2023-04-26,90.92916666666667,62.17916666666667,694.5416666666666,26.211764705882356,17.845833333333335,99.91666666666667,107,91.0,35.0,100,22.0,33,107.0
2023-04-27,75.59583333333333,48.0375,461.0416666666667,14.670833333333334,16.316666666666666,126.5,80,76.0,23.0,139,20.0,18,139.0
2023-04-28,82.19583333333334,52.19166666666666,491.125,23.10952380952381,13.858333333333334,96.75,87,82.0,25.0,97,17.0,29,97.0
2023-04-29,89.71249999999999,55.6875,456.3333333333333,20.60909090909091,18.608333333333334,111.75,93,90.0,23.0,117,23.0,26,117.0
2023-04-30,101.77916666666665,65.175,367.9583333333333,9.55,11.987499999999999,130.41666666666666,117,101.0,18.0,145,15.0,12,145.0
2023-05-01,57.19583333333333,38.0375,323.0833333333333,9.779166666666667,6.0125,94.91666666666667,63,57.0,16.0,95,8.0,12,95.0
2023-05-02,49.78333333333333,32.891666666666666,353.75,13.637500000000001,6.116666666666667,87.91666666666667,55,50.0,18.0,88,8.0,17,88.0
2023-05-03,68.45416666666667,47.07916666666667,466.0,25.370833333333334,10.708333333333334,71.41666666666667,78,68.0,23.0,71,13.0,32,78.0
2023-05-04,84.66250000000001,58.30416666666667,694.9166666666666,12.526666666666667,15.791666666666666,83.20833333333333,97,85.0,35.0,83,20.0,16,97.0
2023-05-05,122.60416666666667,81.97083333333333,703.8333333333334,31.076190476190476,27.825,122.08333333333333,173,115.0,35.0,132,35.0,39,173.0
2023-05-06,92.325,56.362500000000004,643.7083333333334,35.78333333333333,25.4875,87.83333333333333,94,92.0,32.0,88,32.0,45,94.0
2023-05-07,72.44166666666666,43.96666666666667,419.8333333333333,19.654166666666665,12.116666666666667,104.79166666666667,73,72.0,21.0,107,15.0,25,107.0
2023-05-08,64.86666666666666,34.612500000000004,313.25,13.845833333333333,11.083333333333334,103.70833333333333,58,65.0,16.0,105,14.0,17,105.0
2023-05-09,54.82083333333333,31.825,377.75,23.054166666666664,17.0625,106.83333333333333,53,55.0,19.0,110,21.0,29,110.0
2023-05-10,65.58333333333333,40.84166666666667,579.75,21.8875,22.445833333333336,98.29166666666667,68,66.0,29.0,98,28.0,27,98.0
2023-05-11,107.72083333333335,72.25416666666666,676.0416666666666,30.222727272727273,25.370833333333334,134.33333333333334,141,105.0,34.0,150,32.0,38,150.0
2023-05-12,100.96666666666665,68.83333333333333,556.5,18.983333333333334,20.558333333333334,144.75,129,101.0,28.0,166,26.0,24,166.0
2023-05-13,85.47083333333335,57.09583333333333,542.875,12.966666666666667,16.416666666666668,145.66666666666666,95,85.0,27.0,167,21.0,16,167.0
2023-05-14,75.45,47.14166666666667,434.1666666666667,12.616666666666667,18.025000000000002,141.91666666666666,79,75.0,22.0,162,23.0,16,162.0
2023-05-15,78.31666666666666,45.32916666666667,411.0,21.150000000000002,16.966666666666665,116.08333333333333,76,78.0,21.0,124,21.0,26,124.0
2023-05-16,90.49583333333334,50.449999999999996,668.9166666666666,24.185714285714287,24.041666666666668,85.58333333333333,84,90.0,33.0,86,30.0,30,90.0
2023-05-17,90.09583333333335,50.333333333333336,695.625,26.2,24.516666666666666,79.41666666666667,84,90.0,35.0,79,31.0,33,90.0
2023-05-18,63.3375,31.604166666666668,318.25,21.8625,17.720833333333335,101.875,53,63.0,16.0,103,22.0,27,103.0
2023-05-19,79.02916666666667,43.50416666666666,426.9583333333333,25.295833333333334,23.183333333333334,118.04166666666667,73,79.0,21.0,127,29.0,32,127.0
2023-05-20,81.41250000000001,48.05833333333334,621.8333333333334,18.793333333333333,26.258333333333336,94.95833333333333,80,81.0,31.0,95,33.0,23,95.0
2023-05-21,83.925,54.137499999999996,641.3333333333334,30.63888888888889,21.775000000000002,106.58333333333333,90,84.0,32.0,110,27.0,38,110.0
2023-05-22,75.1125,36.079166666666666,590.7826086956521,30.238095238095237,21.091666666666665,72.16666666666667,60,75.0,30.0,72,26.0,38,75.0
2023-05-23,78.61666666666666,36.93333333333333,540.7916666666666,39.70952380952381,24.3,77.0,62,79.0,27.0,77,30.0,50,79.0
2023-05-24,64.02083333333333,37.925000000000004,385.3333333333333,19.304166666666667,13.625,95.08333333333333,63,64.0,19.0,95,17.0,24,95.0
2023-05-25,89.42916666666667,51.4,370.3333333333333,14.6,20.604166666666668,124.25,86,89.0,19.0,136,26.0,18,136.0
2023-05-26,102.01666666666667,63.27916666666667,548.25,19.3,23.27916666666667,117.33333333333333,111,101.0,27.0,125,29.0,24,125.0
2023-05-27,69.04166666666667,43.00833333333333,426.4166666666667,24.541666666666668,9.770833333333334,104.54166666666667,72,69.0,21.0,107,12.0,31,107.0
2023-05-28,80.83333333333333,46.92916666666667,517.5,23.610526315789475,17.25,101.08333333333333,78,81.0,26.0,102,22.0,30,102.0
2023-05-29,98.22500000000001,60.32916666666667,588.0,23.147058823529413,17.758333333333333,110.16666666666667,101,98.0,29.0,115,22.0,29,115.0
2023-05-30,70.48333333333333,40.50833333333333,363.6666666666667,24.445833333333336,14.375,102.95833333333333,68,70.0,18.0,104,18.0,31,104.0
2023-05-31,83.43333333333334,48.637499999999996,437.2083333333333,27.7375,22.933333333333334,107.375,81,83.0,22.0,111,29.0,35,111.0
2023-06-01,73.03333333333333,42.9,387.9166666666667,21.5625,22.520833333333332,118.79166666666667,71,73.0,19.0,128,28.0,27,128.0
2023-06-02,77.59166666666667,46.487500000000004,416.8333333333333,24.34583333333333,25.366666666666664,109.04166666666667,77,78.0,21.0,113,32.0,30,113.0
2023-06-03,78.24583333333332,50.0875,544.7083333333334,18.6,22.40416666666667,105.5,83,78.0,27.0,108,28.0,23,108.0
2023-06-04,76.47083333333333,46.512499999999996,546.8333333333334,27.605882352941176,27.6375,99.66666666666667,78,76.0,27.0,100,35.0,35,100.0
2023-06-05,86.29583333333333,54.42083333333333,521.625,30.719047619047622,23.320833333333336,116.375,91,86.0,26.0,124,29.0,38,124.0
2023-06-06,111.49583333333334,71.63333333333334,708.6666666666666,21.33529411764706,29.925,141.33333333333334,139,108.0,35.0,161,37.0,27,161.0
2023-06-07,73.16250000000001,45.145833333333336,492.9166666666667,24.95714285714286,22.3625,119.29166666666667,75,73.0,25.0,128,28.0,31,128.0
2023-06-08,62.14166666666667,37.362500000000004,427.625,22.744999999999997,22.40416666666667,109.29166666666667,62,62.0,21.0,114,28.0,28,114.0
2023-06-09,64.53333333333333,38.86666666666667,484.5416666666667,25.944444444444443,27.599999999999998,115.58333333333333,65,65.0,24.0,123,34.0,32,123.0
2023-06-10,70.74583333333334,38.612500000000004,453.8333333333333,33.83636363636364,21.025000000000002,93.875,64,71.0,23.0,94,26.0,42,94.0
2023-06-11,74.9375,40.1625,397.8333333333333,27.833333333333332,26.46666666666667,109.25,67,75.0,20.0,114,33.0,35,114.0
2023-06-12,81.79583333333333,43.916666666666664,437.9583333333333,28.200000000000003,25.724999999999998,103.0,73,82.0,22.0,104,32.0,35,104.0
2023-06-13,74.21666666666667,28.945833333333336,342.125,30.025000000000002,20.141666666666666,77.20833333333333,48,74.0,17.0,77,25.0,38,77.0
2023-06-14,68.51666666666667,26.05,297.25,25.395833333333332,18.466666666666665,73.20833333333333,43,69.0,15.0,73,23.0,32,73.0
2023-06-15,76.65416666666667,30.9375,250.20833333333334,18.5125,22.020833333333332,84.54166666666667,52,77.0,13.0,85,28.0,23,85.0
2023-06-16,84.5625,45.98333333333333,510.125,20.37222222222222,26.46666666666667,90.45833333333333,77,85.0,26.0,90,33.0,25,90.0
2023-06-17,63.38333333333333,33.983333333333334,313.8333333333333,23.078260869565216,18.033333333333335,87.79166666666667,57,63.0,16.0,88,23.0,29,88.0
2023-06-18,58.84583333333333,33.78333333333333,295.8333333333333,22.733333333333334,15.108333333333334,75.25,56,59.0,15.0,75,19.0,28,75.0
2023-06-19,39.675000000000004,21.445833333333336,224.125,10.1625,6.195833333333333,79.375,36,40.0,11.0,79,8.0,13,79.0
2023-06-20,41.05416666666667,25.433333333333334,250.375,12.862499999999999,8.154166666666667,81.5,42,41.0,13.0,82,10.0,16,82.0
2023-06-21,55.60833333333333,37.512499999999996,446.125,23.568421052631578,9.445833333333333,70.83333333333333,63,56.0,22.0,71,12.0,29,71.0
2023-06-22,100.9375,64.09166666666667,494.0416666666667,19.305,19.474999999999998,104.95833333333333,114,101.0,25.0,107,24.0,24,114.0
2023-06-23,88.66250000000001,56.87916666666666,638.625,18.51764705882353,11.920833333333334,79.79166666666667,95,89.0,32.0,80,15.0,23,95.0
2023-06-24,63.770833333333336,41.916666666666664,442.375,19.337500000000002,11.045833333333334,88.25,70,64.0,22.0,88,14.0,24,88.0
2023-06-25,73.09583333333333,51.47083333333333,502.0,39.045833333333334,16.404166666666665,42.291666666666664,86,73.0,25.0,42,21.0,49,86.0
2023-06-26,65.08333333333333,43.65833333333333,464.9166666666667,26.09583333333333,8.137500000000001,87.0,73,65.0,23.0,87,10.0,33,87.0
2023-06-27,61.84166666666667,42.487500000000004,366.7083333333333,12.629166666666668,12.766666666666666,106.16666666666667,71,62.0,18.0,109,16.0,16,109.0
2023-06-28,33.208333333333336,21.458333333333332,275.25,9.070833333333333,6.704166666666667,87.41666666666667,36,33.0,14.0,87,8.0,11,87.0
2023-06-29,30.566666666666666,20.991666666666667,279.1666666666667,8.612499999999999,6.4750000000000005,93.0,35,31.0,14.0,93,8.0,11,93.0
2023-06-30,20.900000000000002,14.679166666666667,290.6666666666667,6.579166666666667,6.425,94.70833333333333,24,21.0,15.0,95,8.0,8,95.0
2023-07-01,30.766666666666666,20.679166666666667,323.1666666666667,10.508333333333333,7.441666666666666,92.54166666666667,34,31.0,16.0,93,9.0,13,93.0
2023-07-02,75.32916666666667,42.61666666666667,412.2916666666667,13.275,13.766666666666666,125.0,71,75.0,21.0,137,17.0,17,137.0
2023-07-03,90.00833333333333,39.670833333333334,348.5416666666667,10.133333333333333,10.583333333333334,122.625,66,90.0,17.0,133,13.0,13,133.0
2023-07-04,50.54583333333333,29.34166666666667,314.5833333333333,7.9624999999999995,8.595833333333333,106.95833333333333,49,51.0,16.0,110,11.0,10,110.0
2023-07-05,24.2375,16.895833333333332,285.2916666666667,6.833333333333333,6.9624999999999995,102.83333333333333,28,24.0,14.0,104,9.0,9,104.0
2023-07-06,39.666666666666664,27.4875,289.8333333333333,7.870833333333334,7.466666666666666,100.91666666666667,46,40.0,14.0,101,9.0,10,101.0
2023-07-07,29.108333333333334,20.325,301.2916666666667,10.8125,8.170833333333333,69.16666666666667,34,29.0,15.0,69,10.0,14,69.0
2023-07-08,21.77916666666667,15.237499999999999,252.125,7.5249999999999995,7.925,77.25,25,22.0,13.0,77,10.0,9,77.0
2023-07-09,27.59166666666667,19.341666666666665,254.54166666666666,7.9875,7.6375,80.875,32,28.0,13.0,81,10.0,10,81.0
2023-07-10,38.05416666666667,26.633333333333336,272.8333333333333,9.475,5.879166666666666,83.125,44,38.0,14.0,83,7.0,12,83.0
2023-07-11,28.570833333333336,20.054166666666667,297.0416666666667,12.4125,6.7375,79.25,33,29.0,15.0,79,8.0,16,79.0
2023-07-12,28.662499999999998,20.029166666666665,242.20833333333334,7.683333333333334,6.8999999999999995,90.25,33,29.0,12.0,90,9.0,10,90.0
2023-07-13,22.083333333333332,15.424999999999999,273.25,10.375,7.308333333333334,74.33333333333333,26,22.0,14.0,74,9.0,13,74.0
2023-07-14,42.387499999999996,27.829166666666666,322.4166666666667,9.674999999999999,7.241666666666667,109.58333333333333,46,42.0,16.0,114,9.0,12,114.0
2023-07-15,76.83333333333333,37.395833333333336,339.0,11.179166666666667,8.308333333333334,110.33333333333333,62,77.0,17.0,115,10.0,14,115.0
2023-07-16,53.53333333333333,34.38333333333333,454.9583333333333,26.020833333333332,8.066666666666666,71.33333333333333,57,54.0,23.0,71,10.0,33,71.0
2023-07-17,40.49583333333333,28.28333333333333,331.375,12.0875,6.5,83.66666666666667,47,40.0,17.0,84,8.0,15,84.0
2023-07-18,39.387499999999996,27.6375,288.125,10.141666666666667,7.4750000000000005,77.875,46,39.0,14.0,78,9.0,13,78.0
2023-07-19,42.2875,29.766666666666666,351.875,14.875,8.85,81.45833333333333,50,42.0,18.0,81,11.0,19,81.0
2023-07-20,41.63333333333333,28.991666666666664,345.5416666666667,13.070833333333333,7.308333333333334,83.29166666666667,48,42.0,17.0,83,9.0,16,83.0
2023-07-21,50.94166666666666,34.025,341.2083333333333,10.366666666666667,9.258333333333333,96.83333333333333,57,51.0,17.0,97,12.0,13,97.0
2023-07-22,35.25416666666667,21.65416666666667,262.5416666666667,6.929166666666667,7.0874999999999995,96.0,36,35.0,13.0,96,9.0,9,96.0
2023-07-23,34.645833333333336,21.875,242.125,8.225,8.320833333333335,81.79166666666667,36,35.0,12.0,82,10.0,10,82.0
2023-07-24,37.020833333333336,25.520833333333332,259.0833333333333,8.354166666666666,8.554166666666667,93.20833333333333,43,37.0,13.0,93,11.0,10,93.0
2023-07-25,26.891666666666666,18.791666666666668,295.0416666666667,9.975,8.5375,80.375,31,27.0,15.0,80,11.0,12,80.0
2023-07-26,60.25,42.06666666666667,374.375,13.945833333333333,14.049999999999999,78.79166666666667,70,60.0,19.0,79,18.0,17,79.0
2023-07-27,72.625,50.737500000000004,452.875,19.7375,12.716666666666667,81.04166666666667,85,73.0,23.0,81,16.0,25,85.0
2023-07-28,75.54166666666667,52.8375,533.9583333333334,17.037499999999998,21.0125,105.375,88,76.0,27.0,108,26.0,21,108.0
2023-07-29,41.55416666666667,28.925,387.7916666666667,15.495833333333332,14.674999999999999,94.25,48,42.0,19.0,94,18.0,19,94.0
2023-07-30,73.18333333333334,45.84583333333333,409.9583333333333,17.125,19.5125,124.0,76,73.0,20.0,135,24.0,21,135.0
2023-07-31,92.50416666666666,45.44583333333333,379.125,17.033333333333335,17.116666666666667,118.875,76,93.0,19.0,128,21.0,21,128.0
2023-08-01,115.61666666666667,41.80416666666667,313.2083333333333,15.25,15.254166666666668,105.58333333333333,70,110.0,16.0,108,19.0,19,110.0
2023-08-02,92.73333333333333,42.07083333333333,287.125,11.679166666666667,13.5875,103.79166666666667,70,93.0,14.0,106,17.0,15,106.0
2023-08-03,98.325,47.2875,341.8333333333333,14.704166666666666,18.1375,115.5,79,98.0,17.0,123,23.0,18,123.0
2023-08-04,56.925000000000004,32.92916666666667,412.625,19.283333333333335,11.6,90.0,55,57.0,21.0,90,14.0,24,90.0
2023-08-05,113.67083333333333,56.06666666666666,480.3333333333333,18.108333333333334,20.233333333333334,122.20833333333333,93,109.0,24.0,133,25.0,23,133.0
2023-08-06,129.98333333333332,41.78333333333333,292.8333333333333,14.0875,10.883333333333333,91.0,70,120.0,15.0,91,14.0,18,120.0
2023-08-07,206.53333333333333,55.74583333333334,228.08333333333334,11.375,8.004166666666666,74.75,93,171.0,11.0,75,10.0,14,171.0
2023-08-08,210.825,67.78333333333333,231.95833333333334,11.408333333333333,8.216666666666667,73.58333333333333,126,174.0,12.0,74,10.0,14,174.0
2023-08-09,226.27692307692308,61.25416666666666,270.7916666666667,14.345833333333333,10.658333333333333,76.66666666666667,104,184.0,14.0,77,13.0,18,184.0
2023-08-10,160.875,48.37916666666666,319.1666666666667,16.529166666666665,11.570833333333333,80.95833333333333,81,141.0,16.0,81,14.0,21,141.0
2023-08-11,138.05,43.775,375.0,19.849999999999998,11.362499999999999,77.33333333333333,73,125.0,19.0,77,14.0,25,125.0
2023-08-12,239.85714285714286,54.24583333333334,228.66666666666666,10.945833333333333,8.370833333333334,81.83333333333333,90,193.0,11.0,82,10.0,14,193.0
2023-08-13,149.83125,44.291666666666664,234.5,12.133333333333333,7.416666666666667,67.33333333333333,74,133.0,12.0,67,9.0,15,133.0
2023-08-14,56.52916666666667,28.541666666666668,302.7916666666667,14.112499999999999,7.166666666666667,65.54166666666667,48,57.0,15.0,66,9.0,18,66.0
2023-08-15,88.50833333333333,46.5375,429.4166666666667,21.4375,12.970833333333333,82.375,78,89.0,21.0,82,16.0,27,89.0
2023-08-16,167.4125,58.4,463.0416666666667,18.866666666666664,17.075,113.66666666666667,97,145.0,23.0,120,21.0,24,145.0
2023-08-17,189.1208333333333,53.09166666666667,400.7916666666667,20.375,12.987499999999999,88.54166666666667,88,159.0,20.0,89,16.0,25,159.0
2023-08-18,140.6625,53.895833333333336,389.3333333333333,12.566666666666668,11.137500000000001,118.95833333333333,90,127.0,19.0,128,14.0,16,128.0
2023-08-19,65.66666666666667,41.74583333333333,393.6666666666667,12.154166666666667,9.570833333333333,93.375,70,66.0,20.0,93,12.0,15,93.0
2023-08-20,44.99166666666667,29.9875,363.0416666666667,12.637500000000001,8.424999999999999,82.25,50,45.0,18.0,82,11.0,16,82.0
2023-08-21,66.8,45.262499999999996,379.75,11.725,11.3125,109.375,75,67.0,19.0,114,14.0,15,114.0
2023-08-22,54.23333333333333,35.85,362.5,10.866666666666667,9.745833333333334,93.5,60,54.0,18.0,94,12.0,14,94.0
2023-08-23,44.699999999999996,26.587500000000002,377.5,19.1875,9.475,44.083333333333336,44,45.0,19.0,44,12.0,24,45.0
2023-08-24,119.05416666666667,38.391666666666666,332.5833333333333,16.595833333333335,12.141666666666666,74.16666666666667,64,113.0,17.0,74,15.0,21,113.0
2023-08-25,186.6833333333333,42.458333333333336,248.83333333333334,11.391666666666666,9.379166666666666,83.29166666666667,71,158.0,12.0,83,12.0,14,158.0
2023-08-26,168.1875,43.225,289.6666666666667,14.575000000000001,10.366666666666667,82.125,72,145.0,14.0,82,13.0,18,145.0
2023-08-27,203.8764705882353,57.0375,279.9166666666667,14.320833333333333,9.895833333333334,78.70833333333333,95,169.0,14.0,79,12.0,18,169.0
2023-08-28,167.58499999999998,55.21666666666667,328.75,16.212500000000002,11.658333333333333,86.33333333333333,92,145.0,16.0,86,15.0,20,145.0
2023-08-29,137.75,45.07083333333333,412.2916666666667,21.75,12.575000000000001,82.08333333333333,75,125.0,21.0,82,16.0,27,125.0
2023-08-30,148.6,58.84166666666667,617.9583333333334,29.304166666666664,18.204166666666666,104.41666666666667,98,132.0,31.0,106,23.0,37,132.0
2023-08-31,163.42083333333332,66.75833333333334,783.2916666666666,32.37619047619047,21.304166666666667,108.08333333333333,123,142.0,39.0,112,27.0,40,142.0
2023-09-01,141.92499999999998,49.737500000000004,586.2916666666666,24.758333333333336,17.9375,105.5,83,128.0,29.0,108,22.0,31,128.0
2023-09-02,151.40416666666667,45.13333333333333,509.7083333333333,25.316666666666666,14.7875,87.91666666666667,75,134.0,25.0,88,18.0,32,134.0
2023-09-03,147.14166666666668,43.487500000000004,436.4583333333333,21.349999999999998,16.129166666666666,99.33333333333333,72,131.0,22.0,99,20.0,27,131.0
2023-09-04,100.34583333333335,50.10833333333333,505.4166666666667,17.895833333333332,16.770833333333332,119.58333333333333,84,100.0,25.0,129,21.0,22,129.0
2023-09-05,57.26666666666667,35.583333333333336,385.1666666666667,12.391666666666666,9.491666666666667,102.29166666666667,59,57.0,19.0,103,12.0,15,103.0
2023-09-06,53.625,35.362500000000004,439.5,16.908333333333335,10.85,89.75,59,54.0,22.0,90,14.0,21,90.0
2023-09-07,57.67916666666667,38.3375,498.125,16.075,10.283333333333333,93.0,64,58.0,25.0,93,13.0,20,93.0
2023-09-08,49.42083333333333,34.19166666666667,426.625,10.954166666666666,10.170833333333333,89.625,57,49.0,21.0,90,13.0,14,90.0
2023-09-09,27.02916666666667,19.1,285.5416666666667,6.629166666666666,7.254166666666666,78.125,32,27.0,14.0,78,9.0,8,78.0
2023-09-10,16.183333333333334,11.4625,314.75,8.545833333333333,9.358333333333333,66.66666666666667,19,16.0,16.0,67,12.0,11,67.0
2023-09-11,28.95,20.291666666666668,395.5,13.141666666666666,8.291666666666666,77.25,34,29.0,20.0,77,10.0,16,77.0
2023-09-12,52.27916666666667,36.175000000000004,466.6666666666667,16.383333333333333,10.933333333333332,93.54166666666667,60,52.0,23.0,94,14.0,20,94.0
2023-09-13,66.83333333333333,45.90833333333333,454.125,12.641666666666666,11.191666666666668,97.16666666666667,77,67.0,23.0,97,14.0,16,97.0
2023-09-14,62.18333333333334,42.92083333333333,415.5833333333333,10.920833333333334,11.387500000000001,95.25,72,62.0,21.0,95,14.0,14,95.0
2023-09-15,46.35833333333333,32.09166666666667,400.5833333333333,10.904166666666667,11.1,86.29166666666667,53,46.0,20.0,86,14.0,14,86.0
2023-09-16,26.054166666666664,17.479166666666668,267.5833333333333,5.654166666666666,7.2875000000000005,86.0,29,26.0,13.0,86,9.0,7,86.0
2023-09-17,38.52916666666667,26.058333333333334,284.2083333333333,6.658333333333334,12.616666666666667,98.125,43,39.0,14.0,98,16.0,8,98.0
2023-09-18,28.650000000000002,18.45,265.7083333333333,8.458333333333334,8.179166666666667,78.29166666666667,31,29.0,13.0,78,10.0,11,78.0
2023-09-19,47.17083333333333,31.183333333333334,425.625,18.099999999999998,11.954166666666666,76.45833333333333,52,47.0,21.0,76,15.0,23,76.0
2023-09-20,59.10833333333333,39.387499999999996,518.4583333333334,20.533333333333335,13.237499999999999,92.125,66,59.0,26.0,92,17.0,26,92.0
2023-09-21,52.21666666666667,34.920833333333334,394.9583333333333,11.049999999999999,13.025,118.54166666666667,58,52.0,20.0,127,16.0,14,127.0
2023-09-22,65.20416666666667,44.04583333333333,445.9166666666667,13.491666666666667,9.570833333333333,91.16666666666667,73,65.0,22.0,91,12.0,17,91.0
2023-09-23,84.41250000000001,56.59166666666667,597.5,21.420833333333334,20.6125,99.20833333333333,94,84.0,30.0,99,26.0,27,99.0
2023-09-24,93.12083333333334,61.699999999999996,734.75,28.341666666666665,28.0625,115.875,106,93.0,37.0,123,35.0,35,123.0
2023-09-25,87.82083333333333,57.05833333333334,591.2083333333334,18.641666666666666,20.391666666666666,113.75,95,88.0,30.0,120,25.0,23,120.0
2023-09-26,85.25,49.487500000000004,505.875,18.65,13.454166666666666,87.20833333333333,82,85.0,25.0,87,17.0,23,87.0
2023-09-27,80.06666666666666,38.175000000000004,432.75,14.591666666666667,14.620833333333332,96.125,64,80.0,22.0,96,18.0,18,96.0
2023-09-28,77.1375,43.59166666666667,557.7916666666666,19.241666666666667,15.641666666666666,98.125,73,77.0,28.0,98,20.0,24,98.0
2023-09-29,91.94166666666666,55.625,794.9166666666666,24.175,17.433333333333334,86.04166666666667,93,92.0,40.0,86,22.0,30,93.0
2023-09-30,79.24166666666666,41.362500000000004,521.125,15.7125,13.866666666666667,102.58333333333333,69,79.0,26.0,104,17.0,20,104.0
2023-10-01,76.79583333333333,38.84166666666666,418.875,12.070833333333333,13.845833333333333,100.95833333333333,65,77.0,21.0,101,17.0,15,101.0
2023-10-02,72.8125,31.537499999999998,372.8333333333333,11.25,13.395833333333334,110.0,53,73.0,19.0,115,17.0,14,115.0
2023-10-03,93.72916666666667,39.0875,440.2083333333333,13.170833333333334,16.458333333333332,112.25,65,94.0,22.0,118,21.0,16,118.0
2023-10-04,104.31666666666666,45.73333333333333,523.875,14.6,16.791666666666668,110.33333333333333,76,103.0,26.0,115,21.0,18,115.0
2023-10-05,107.27916666666665,55.3125,594.7916666666666,15.6625,17.783333333333335,117.5,92,105.0,30.0,126,22.0,20,126.0
2023-10-06,126.29583333333333,69.9875,730.625,20.166666666666668,21.53333333333333,123.75,133,118.0,37.0,135,27.0,25,135.0
2023-10-07,154.41666666666666,82.59166666666667,917.5,26.6375,28.179166666666664,114.66666666666667,175,136.0,46.0,122,35.0,33,175.0
2023-10-08,154.42499999999998,60.9,647.625,24.46666666666667,21.208333333333332,100.20833333333333,103,136.0,32.0,100,27.0,31,136.0
2023-10-09,135.975,57.541666666666664,681.6666666666666,28.566666666666666,18.420833333333334,80.83333333333333,96,124.0,34.0,81,23.0,36,124.0
2023-10-10,110.57083333333333,47.67083333333333,588.4166666666666,23.191666666666666,19.883333333333333,90.66666666666667,79,107.0,29.0,91,25.0,29,107.0
2023-10-11,92.95416666666667,37.979166666666664,417.5,13.458333333333334,14.783333333333333,92.66666666666667,63,93.0,21.0,93,18.0,17,93.0
2023-10-12,95.51666666666667,51.04583333333333,650.0416666666666,20.670833333333334,19.808333333333334,111.66666666666667,85,96.0,33.0,117,25.0,26,117.0
2023-10-13,108.39583333333333,57.94583333333333,677.2083333333334,18.425,20.604166666666668,113.66666666666667,97,106.0,34.0,120,26.0,23,120.0
2023-10-14,100.74583333333334,48.020833333333336,571.0,17.670833333333334,17.099999999999998,103.375,80,100.0,29.0,105,21.0,22,105.0
2023-10-15,100.6875,42.90416666666667,437.625,13.4625,15.75,94.79166666666667,72,100.0,22.0,95,20.0,17,100.0
2023-10-16,92.14166666666667,42.229166666666664,389.9583333333333,10.383333333333333,12.762500000000001,86.08333333333333,70,92.0,19.0,86,16.0,13,92.0
2023-10-17,72.75833333333334,34.55833333333333,374.9166666666667,10.833333333333334,10.945833333333333,82.16666666666667,58,73.0,19.0,82,14.0,14,82.0
2023-10-18,97.05416666666667,30.795833333333334,363.125,13.445833333333333,16.7,82.625,51,97.0,18.0,83,21.0,17,97.0
2023-10-19,75.8,32.045833333333334,485.0833333333333,16.275000000000002,15.508333333333333,89.0,53,76.0,24.0,89,19.0,20,89.0
2023-10-20,85.33749999999999,38.75416666666667,612.5833333333334,20.016666666666666,18.033333333333335,94.66666666666667,65,85.0,31.0,95,23.0,25,95.0
2023-10-21,83.02499999999999,44.6625,720.375,24.025000000000002,16.370833333333334,85.83333333333333,74,83.0,36.0,86,20.0,30,86.0
2023-10-22,71.70833333333333,39.9125,528.25,12.654166666666667,14.595833333333333,103.66666666666667,67,72.0,26.0,105,18.0,16,105.0
2023-10-23,86.375,44.94583333333333,573.125,15.383333333333333,17.10833333333333,98.83333333333333,75,86.0,29.0,99,21.0,19,99.0
2023-10-24,76.67083333333333,42.329166666666666,543.375,16.837500000000002,15.012500000000001,84.45833333333333,71,77.0,27.0,84,19.0,21,84.0
2023-10-25,80.83749999999999,38.61666666666667,526.75,16.625,15.641666666666666,84.79166666666667,64,81.0,26.0,85,20.0,21,85.0
2023-10-26,75.1375,36.737500000000004,551.0,18.6125,15.387500000000001,86.91666666666667,61,75.0,28.0,87,19.0,23,87.0
2023-10-27,75.4375,44.76666666666667,718.4166666666666,28.704166666666666,18.433333333333334,84.83333333333333,75,75.0,36.0,85,23.0,36,85.0
2023-10-28,138.2125,72.05416666666666,921.625,32.5625,27.766666666666666,96.83333333333333,140,125.0,46.0,97,35.0,41,140.0
2023-10-29,165.9,91.94583333333333,980.9166666666666,26.329166666666666,27.870833333333334,108.54166666666667,206,144.0,49.0,113,35.0,33,206.0
2023-10-30,142.17916666666667,81.33333333333333,805.5833333333334,18.091666666666665,19.179166666666667,104.83333333333333,171,128.0,40.0,107,24.0,23,171.0
2023-10-31,145.87083333333334,85.67083333333333,882.0,21.316666666666666,18.379166666666666,96.33333333333333,186,131.0,44.0,96,23.0,27,186.0
2023-11-01,119.33333333333333,74.875,829.5,25.183333333333334,20.633333333333333,91.33333333333333,150,113.0,41.0,91,26.0,31,150.0
2023-11-02,146.07500000000002,83.21666666666667,845.5,18.483333333333334,26.400000000000002,113.75,177,131.0,42.0,120,33.0,23,177.0
2023-11-03,139.39583333333334,86.50833333333333,842.7916666666666,20.258333333333333,21.108333333333334,100.875,188,126.0,42.0,101,26.0,25,188.0
2023-11-04,174.9958333333333,101.36666666666667,827.6666666666666,17.383333333333333,21.120833333333334,96.45833333333333,238,150.0,41.0,96,26.0,22,238.0
2023-11-05,153.775,91.1875,853.8333333333334,26.333333333333332,20.654166666666665,76.25,204,136.0,43.0,76,26.0,33,204.0
2023-11-06,155.87916666666666,94.3625,1005.6666666666666,32.229166666666664,20.158333333333335,80.0,215,137.0,50.0,80,25.0,40,215.0
2023-11-07,166.65,104.72500000000001,1070.4583333333333,31.379166666666666,31.84166666666667,96.75,249,144.0,54.0,97,40.0,39,249.0
2023-11-08,168.375,100.77499999999999,1029.875,34.18333333333333,29.075,80.16666666666667,236,146.0,51.0,80,36.0,43,236.0
2023-11-09,186.6304347826087,106.03333333333333,1063.391304347826,30.733333333333334,27.516666666666666,84.375,253,158.0,53.0,84,34.0,38,253.0
2023-11-10,117.02916666666665,69.825,542.7083333333334,8.975,9.333333333333334,81.08333333333333,133,111.0,27.0,81,12.0,11,133.0
2023-11-11,90.27499999999999,57.00416666666666,578.25,17.495833333333334,16.129166666666666,78.0,95,90.0,29.0,78,20.0,22,95.0
2023-11-12,68.16666666666667,44.7875,690.125,24.620833333333334,19.820833333333333,72.5,75,68.0,35.0,72,25.0,31,75.0
2023-11-13,93.375,62.14166666666667,802.125,25.891666666666666,22.895833333333332,77.83333333333333,107,93.0,40.0,78,29.0,32,107.0
2023-11-14,103.95833333333333,70.1375,780.5833333333334,25.733333333333334,25.625,74.75,134,103.0,39.0,75,32.0,32,134.0
2023-11-15,122.98333333333333,84.24583333333334,992.6666666666666,33.699999999999996,23.537499999999998,78.41666666666667,181,115.0,50.0,78,29.0,42,181.0
2023-11-16,131.74583333333334,90.58333333333333,960.8421052631579,28.033333333333335,20.829166666666666,69.375,202,121.0,48.0,69,26.0,35,202.0
2023-11-17,111.27916666666665,76.20416666666667,1020.875,29.65,18.708333333333332,64.25,154,108.0,51.0,64,23.0,37,154.0
2023-11-18,128.6625,86.89999999999999,944.125,32.34583333333333,21.545833333333334,90.41666666666667,190,119.0,47.0,90,27.0,40,190.0
2023-11-19,163.96666666666667,109.32916666666667,1123.6363636363637,33.17777777777778,22.791666666666668,71.25,264,143.0,56.0,71,28.0,41,264.0
2023-11-20,150.86249999999998,102.03750000000001,962.0869565217391,26.166666666666668,36.30833333333333,111.79166666666667,240,134.0,48.0,117,45.0,33,240.0
2023-11-21,119.93333333333334,81.44166666666666,663.2083333333334,13.270833333333334,23.675,108.79166666666667,171,113.0,33.0,113,30.0,17,171.0
2023-11-22,130.7875,89.26666666666667,980.9583333333334,30.179166666666664,27.579166666666666,86.20833333333333,198,121.0,49.0,86,34.0,38,198.0
2023-11-23,165.425,107.44090909090909,1032.111111111111,34.324999999999996,27.395833333333332,73.0,258,144.0,52.0,73,34.0,43,258.0
2023-11-24,167.975,112.60000000000001,1108.2727272727273,30.929166666666664,30.59583333333333,83.04166666666667,275,145.0,55.0,83,38.0,39,275.0
2023-11-25,168.86249999999998,110.30909090909091,974.8125,32.25,40.5625,82.20833333333333,268,146.0,49.0,82,51.0,40,268.0
2023-11-26,159.57083333333333,106.75416666666666,1113.25,28.75,30.3875,84.54166666666667,256,140.0,56.0,85,38.0,36,256.0
2023-11-27,128.25416666666666,87.8,946.5833333333334,18.166666666666668,24.879166666666666,63.458333333333336,193,119.0,47.0,63,31.0,23,193.0
2023-11-28,105.17916666666667,72.78333333333333,846.0416666666666,14.825000000000001,16.379166666666666,70.375,143,103.0,42.0,70,20.0,19,143.0
2023-11-29,172.89583333333334,89.31764705882354,965.3157894736842,27.354166666666668,32.53333333333333,70.45833333333333,198,149.0,48.0,70,41.0,34,198.0
2023-11-30,192.6875,118.545,1121.2105263157894,24.245833333333334,31.004166666666666,72.16666666666667,295,162.0,56.0,72,39.0,30,295.0
2023-12-01,149.95416666666668,99.9875,1057.5833333333333,27.629166666666666,28.754166666666666,71.33333333333333,233,133.0,53.0,71,36.0,35,233.0
2023-12-02,120.02916666666665,80.58749999999999,898.5416666666666,23.345833333333335,22.504166666666666,65.875,169,113.0,45.0,66,28.0,29,169.0
2023-12-03,101.97083333333335,69.46249999999999,659.7916666666666,15.816666666666668,26.316666666666666,80.66666666666667,132,101.0,33.0,81,33.0,20,132.0
2023-12-04,76.09583333333333,52.27916666666667,640.125,14.829166666666666,16.945833333333333,69.58333333333333,87,76.0,32.0,70,21.0,19,87.0
2023-12-05,68.57083333333334,47.449999999999996,748.0833333333334,23.75,18.233333333333334,58.416666666666664,79,69.0,37.0,58,23.0,30,79.0
2023-12-06,102.91250000000001,71.325,972.85,29.71,29.933333333333334,62.333333333333336,138,102.0,49.0,62,37.0,37,138.0
2023-12-07,106.00833333333333,73.66250000000001,1011.5454545454545,28.870833333333334,30.537499999999998,77.125,146,104.0,51.0,77,38.0,36,146.0
2023-12-08,100.77499999999999,69.94166666666666,970.2083333333334,20.8125,29.6875,96.75,133,101.0,49.0,97,37.0,26,133.0
2023-12-09,96.94583333333333,67.3875,880.625,16.354166666666668,29.016666666666666,103.75,125,97.0,44.0,106,36.0,20,125.0
2023-12-10,107.66250000000001,73.90416666666667,938.1666666666666,20.366666666666667,30.40833333333333,92.70833333333333,146,105.0,47.0,93,38.0,25,146.0
2023-12-11,157.55416666666667,94.91578947368421,1037.5333333333333,35.237500000000004,40.079166666666666,85.20833333333333,216,138.0,52.0,85,50.0,44,216.0
2023-12-12,173.17083333333335,108.5,881.6,32.016666666666666,36.612500000000004,83.58333333333333,262,149.0,44.0,84,46.0,40,262.0
2023-12-13,125.64166666666667,84.73333333333333,985.8636363636364,20.783333333333335,34.579166666666666,88.0,182,117.0,49.0,88,43.0,26,182.0
2023-12-14,94.55,65.59583333333333,865.75,22.820833333333336,26.412499999999998,80.875,119,95.0,43.0,81,33.0,29,119.0
2023-12-15,134.04583333333332,99.34583333333335,1070.611111111111,30.8625,36.49166666666667,90.0,231,123.0,54.0,90,46.0,39,231.0
2023-12-16,108.20833333333333,73.70416666666667,1075.0416666666667,26.545833333333334,32.27916666666667,81.29166666666667,146,105.0,54.0,81,40.0,33,146.0
2023-12-17,128.84166666666667,85.4375,1013.6666666666666,17.6875,29.929166666666664,97.70833333333333,185,119.0,51.0,98,37.0,22,185.0
2023-12-18,85.30833333333332,57.28333333333333,736.5833333333334,14.495833333333332,24.366666666666664,92.5,95,85.0,37.0,92,30.0,18,95.0
2023-12-19,89.10833333333333,60.987500000000004,873.125,19.0125,27.308333333333334,92.95833333333333,103,89.0,44.0,93,34.0,24,103.0
2023-12-20,121.74583333333334,84.27499999999999,1012.3125,31.425,33.63333333333333,84.375,181,114.0,51.0,84,42.0,39,181.0
2023-12-21,133.12916666666666,92.50416666666666,1195.8333333333333,24.8,33.270833333333336,92.33333333333333,208,122.0,60.0,92,42.0,31,208.0
2023-12-22,170.9391304347826,98.58823529411765,1338.7857142857142,31.287499999999998,35.63913043478261,88.70833333333333,229,147.0,67.0,89,45.0,39,229.0
2023-12-23,155.09166666666667,101.11363636363636,1050.8,25.575000000000003,34.824999999999996,88.75,237,137.0,53.0,89,44.0,32,237.0
2023-12-24,136.42499999999998,93.74583333333334,1160.0,23.96666666666667,32.891666666666666,90.91666666666667,212,124.0,58.0,91,41.0,30,212.0
2023-12-25,160.70416666666668,111.41250000000001,1349.888888888889,27.366666666666664,35.28333333333333,101.75,271,140.0,67.0,103,44.0,34,271.0
2023-12-26,170.92777777777778,101.30714285714285,1205.8333333333333,31.3875,38.69583333333333,94.54166666666667,238,147.0,60.0,95,48.0,39,238.0
2023-12-27,181.9416666666667,121.19545454545455,1252.6923076923076,23.395833333333332,32.012499999999996,102.875,301,155.0,63.0,104,40.0,29,301.0
2023-12-28,162.8941176470588,99.29285714285713,1217.5714285714287,24.650000000000002,35.225,104.20833333333333,231,142.0,61.0,106,44.0,31,231.0
2023-12-29,199.10999999999999,129.8,1203.2,30.054166666666664,34.18333333333333,100.70833333333333,308,166.0,60.0,101,43.0,38,308.0
2023-12-30,198.4086956521739,126.42777777777776,1117.7272727272727,34.050000000000004,35.395833333333336,83.20833333333333,305,166.0,56.0,83,44.0,43,305.0
2023-12-31,136.29999999999998,94.02083333333333,1110.1666666666667,30.224999999999998,28.958333333333332,77.20833333333333,213,124.0,56.0,77,36.0,38,213.0
2024-01-01,128.04999999999998,88.28750000000001,1149.5416666666667,26.554166666666664,29.858333333333334,75.625,194,119.0,57.0,76,37.0,33,194.0
2024-01-02,147.25416666666666,101.95833333333333,986.2,30.976190476190474,32.704166666666666,72.70833333333333,240,132.0,49.0,73,41.0,39,240.0
2024-01-03,169.9375,115.61666666666667,1197.5333333333333,23.483333333333334,29.704166666666666,90.25,285,147.0,60.0,90,37.0,29,285.0
2024-01-04,170.06666666666666,117.00416666666666,1495.8095238095239,21.170833333333334,32.949999999999996,87.54166666666667,290,147.0,75.0,88,41.0,26,290.0
2024-01-05,156.94166666666666,106.92916666666667,1233.4583333333333,20.345833333333335,22.46666666666667,75.5,256,138.0,62.0,76,28.0,25,256.0
2024-01-06,156.77083333333334,106.97500000000001,1069.2,29.27916666666667,24.229166666666668,74.41666666666667,257,138.0,53.0,74,30.0,37,257.0
2024-01-07,190.51250000000002,122.44000000000001,1065.1,36.875,30.666666666666668,82.375,302,160.0,53.0,82,38.0,46,302.0
2024-01-08,200.73333333333335,125.27058823529411,1195.8333333333333,29.733333333333334,35.175000000000004,83.66666666666667,304,167.0,60.0,84,44.0,37,304.0
2024-01-09,122.60416666666667,83.925,969.5416666666666,16.2625,24.412499999999998,85.95833333333333,180,115.0,48.0,86,31.0,20,180.0
2024-01-10,124.90416666666665,86.35416666666667,997.9166666666666,19.179166666666667,28.3125,89.25,188,117.0,50.0,89,35.0,24,188.0
2024-01-11,151.79583333333332,103.54583333333333,1200.5416666666667,16.808333333333334,29.833333333333332,108.29166666666667,245,135.0,60.0,112,37.0,21,245.0
2024-01-12,149.87083333333334,103.25,1149.6,25.866666666666664,31.22083333333333,89.125,244,133.0,57.0,89,39.0,32,244.0
2024-01-13,174.39166666666665,104.5,1171.0666666666666,28.13529411764706,38.46363636363637,72.16666666666667,248,150.0,59.0,72,48.0,35,248.0
2024-01-14,135.01250000000002,92.37083333333334,1060.2083333333333,25.745833333333334,28.041666666666668,76.45833333333333,208,123.0,53.0,76,35.0,32,208.0
2024-01-15,148.98749999999998,102.87083333333334,1176.6666666666667,22.1875,27.245833333333334,78.91666666666667,243,133.0,59.0,79,34.0,28,243.0
2024-01-16,192.2421052631579,117.89285714285714,1323.4,21.3875,27.666666666666668,90.70833333333333,293,161.0,66.0,91,35.0,27,293.0
2024-01-17,186.13750000000002,119.58,894.6666666666666,24.958333333333332,29.879166666666666,83.58333333333333,299,157.0,45.0,84,37.0,31,299.0
2024-01-18,169.44583333333333,113.48636363636363,881.3636363636364,28.38888888888889,26.895833333333332,71.16666666666667,278,146.0,44.0,71,34.0,35,278.0
2024-01-19,165.475,110.11818181818181,1130.0,32.525,28.204166666666666,86.58333333333333,267,144.0,56.0,87,35.0,41,267.0
2024-01-20,173.61249999999998,109.1,1151.8333333333333,25.349999999999998,27.070833333333336,92.41666666666667,264,149.0,58.0,92,34.0,32,264.0
2024-01-21,158.38750000000002,107.36666666666667,1205.75,18.429166666666667,31.891666666666666,115.45833333333333,258,139.0,60.0,123,40.0,23,258.0
2024-01-22,204.03333333333333,118.4,1215.2857142857142,20.287499999999998,26.72083333333333,99.04166666666667,295,169.0,61.0,99,33.0,25,295.0
2024-01-23,210.1208333333333,132.08235294117648,1328.9285714285713,23.329166666666666,33.00416666666667,98.29166666666667,309,173.0,66.0,98,41.0,29,309.0
2024-01-24,158.21666666666667,107.47083333333335,1285.7916666666667,20.020833333333332,27.916666666666668,88.75,258,139.0,64.0,89,35.0,25,258.0
2024-01-25,184.74166666666667,122.8,1324.625,26.391666666666666,30.479166666666668,79.08333333333333,302,156.0,66.0,79,38.0,33,302.0
2024-01-26,196.26190476190476,123.88333333333334,1074.5,31.379166666666666,43.98333333333333,103.0,303,164.0,54.0,104,55.0,39,303.0
2024-01-27,111.99583333333334,75.16666666666667,1211.5416666666667,25.445833333333336,28.299999999999997,95.08333333333333,151,108.0,61.0,95,35.0,32,151.0
2024-01-28,122.51666666666667,80.67916666666666,974.421052631579,20.466666666666665,29.0,90.875,169,115.0,49.0,91,36.0,26,169.0
2024-01-29,166.18333333333334,107.9,982.0625,27.745833333333334,34.9625,92.95833333333333,260,144.0,49.0,93,44.0,35,260.0
2024-01-30,193.94285714285712,130.1642857142857,1099.6363636363637,35.729166666666664,41.73809523809524,99.125,308,163.0,55.0,99,52.0,45,308.0
2024-01-31,181.14166666666665,112.23333333333333,944.4166666666666,11.354166666666666,26.079166666666666,111.45833333333333,274,154.0,47.0,117,33.0,14,274.0
2024-02-01,96.45416666666667,62.15,557.2083333333334,7.729166666666667,12.3375,93.41666666666667,107,96.0,28.0,93,15.0,10,107.0
2024-02-02,85.97083333333335,56.05833333333334,618.25,13.633333333333333,20.825,88.5,93,86.0,31.0,88,26.0,17,93.0
2024-02-03,79.2625,53.13333333333333,839.75,27.212500000000002,26.741666666666664,71.58333333333333,89,79.0,42.0,72,33.0,34,89.0
2024-02-04,109.38333333333333,51.73333333333333,460.5,10.691666666666668,11.895833333333334,63.583333333333336,86,106.0,23.0,64,15.0,13,106.0
2024-02-05,66.77499999999999,38.045833333333334,495.2916666666667,13.429166666666667,14.554166666666667,63.125,63,67.0,25.0,63,18.0,17,67.0
2024-02-06,62.487500000000004,40.520833333333336,576.7916666666666,16.166666666666668,18.233333333333334,70.25,68,62.0,29.0,70,23.0,20,70.0
2024-02-07,63.93333333333334,40.87083333333333,503.9166666666667,11.879166666666668,19.179166666666667,93.75,68,64.0,25.0,94,24.0,15,94.0
2024-02-08,57.708333333333336,37.2125,520.1666666666666,13.029166666666667,17.391666666666666,88.0,62,58.0,26.0,88,22.0,16,88.0
2024-02-09,104.9875,71.92083333333333,950.7826086956521,23.066666666666666,22.425,79.33333333333333,140,103.0,48.0,79,28.0,29,140.0
2024-02-10,127.21666666666665,87.72083333333335,1007.0,18.5,20.900000000000002,95.125,192,118.0,50.0,95,26.0,23,192.0
2024-02-11,121.09583333333335,84.03333333333333,978.25,21.991666666666664,26.616666666666664,92.0,180,114.0,49.0,92,33.0,27,180.0
2024-02-12,135.38333333333333,94.53333333333335,970.9411764705883,32.21666666666667,26.4375,85.66666666666667,215,124.0,49.0,86,33.0,40,215.0
2024-02-13,139.19166666666666,96.63333333333333,1061.0833333333333,17.8,22.40416666666667,97.75,222,126.0,53.0,98,28.0,22,222.0
2024-02-14,139.68333333333334,96.35000000000001,952.9166666666666,15.145833333333334,28.275000000000002,103.70833333333333,221,126.0,48.0,105,35.0,19,221.0
2024-02-15,121.77916666666665,84.01666666666667,1094.6666666666667,18.666666666666668,28.804166666666664,113.95833333333333,180,115.0,55.0,121,36.0,23,180.0
2024-02-16,99.92083333333333,67.49166666666666,862.2083333333334,17.541666666666668,23.245833333333334,101.29166666666667,125,100.0,43.0,102,29.0,22,125.0
2024-02-17,95.375,62.61666666666667,822.4166666666666,24.058333333333334,23.441666666666666,90.04166666666667,109,95.0,41.0,90,29.0,30,109.0
2024-02-18,109.3125,68.48333333333333,756.125,14.166666666666666,21.020833333333332,100.875,128,106.0,38.0,101,26.0,18,128.0
2024-02-19,113.325,60.67916666666667,493.4166666666667,5.7375,16.5625,107.875,102,109.0,25.0,112,21.0,7,112.0
2024-02-20,102.11666666666667,53.4125,490.2083333333333,8.1625,11.791666666666666,90.16666666666667,89,101.0,25.0,90,15.0,10,101.0
2024-02-21,102.40833333333335,49.84166666666667,465.625,10.608333333333333,12.591666666666667,81.95833333333333,83,102.0,23.0,82,16.0,13,102.0
2024-02-22,82.35000000000001,41.88333333333333,518.1666666666666,13.233333333333334,14.045833333333334,78.375,70,82.0,26.0,78,18.0,17,82.0
2024-02-23,66.77499999999999,37.729166666666664,547.0833333333334,17.1125,15.7875,73.375,63,67.0,27.0,73,20.0,21,73.0
2024-02-24,76.175,41.32083333333333,612.5833333333334,14.520833333333334,12.591666666666667,77.875,69,76.0,31.0,78,16.0,18,78.0
2024-02-25,57.12083333333334,30.133333333333336,410.4583333333333,9.204166666666667,9.183333333333334,84.04166666666667,50,57.0,21.0,84,11.0,12,84.0
2024-02-26,73.97083333333333,44.99166666666667,657.6666666666666,23.6375,16.241666666666667,64.625,75,74.0,33.0,65,20.0,30,75.0
2024-02-27,77.54583333333333,34.74583333333333,385.1666666666667,12.570833333333333,13.158333333333333,73.83333333333333,58,78.0,19.0,74,16.0,16,78.0
2024-02-28,118.05416666666667,41.666666666666664,470.0416666666667,12.791666666666666,16.508333333333333,94.16666666666667,69,112.0,24.0,94,21.0,16,112.0
2024-02-29,96.60416666666667,47.70416666666667,648.0,20.220833333333335,19.666666666666668,94.16666666666667,80,97.0,32.0,94,25.0,25,97.0
2024-03-01,98.95416666666667,46.979166666666664,551.6666666666666,12.383333333333333,18.0625,94.08333333333333,78,99.0,28.0,94,23.0,15,99.0
2024-03-02,76.87826086956522,33.137499999999996,327.0,5.5874999999999995,10.416666666666666,96.66666666666667,55,77.0,16.0,97,13.0,7,97.0
2024-03-03,38.800000000000004,24.454166666666666,321.5833333333333,7.329166666666667,5.683333333333334,69.58333333333333,41,39.0,16.0,70,7.0,9,70.0
2024-03-04,83.02499999999999,28.995833333333334,354.7916666666667,9.358333333333333,11.2875,81.66666666666667,48,83.0,18.0,82,14.0,12,83.0
2024-03-05,122.32083333333333,41.90416666666667,443.25,12.620833333333335,18.9875,90.33333333333333,70,115.0,22.0,90,24.0,16,115.0
2024-03-06,120.6375,52.32083333333333,596.4166666666666,20.383333333333333,25.3,90.25,87,114.0,30.0,90,32.0,25,114.0
2024-03-07,103.99583333333334,43.791666666666664,488.9166666666667,13.924999999999999,19.791666666666668,95.875,73,103.0,24.0,96,25.0,17,103.0
2024-03-08,104.82916666666667,34.31666666666667,386.2916666666667,9.520833333333334,14.029166666666667,96.875,57,103.0,19.0,97,18.0,12,103.0
2024-03-09,138.4125,41.262499999999996,527.0,16.208333333333332,18.3875,102.66666666666667,69,126.0,26.0,104,23.0,20,126.0
2024-03-10,128.17083333333332,62.84583333333333,738.7083333333334,21.295833333333334,23.383333333333336,108.70833333333333,109,119.0,37.0,113,29.0,27,119.0
2024-03-11,97.71249999999999,54.887499999999996,563.875,12.512500000000001,15.333333333333334,112.45833333333333,91,98.0,28.0,118,19.0,16,118.0
2024-03-12,105.35833333333333,41.55833333333333,451.7083333333333,10.516666666666667,16.045833333333334,101.125,69,104.0,23.0,102,20.0,13,104.0
2024-03-13,92.82083333333333,35.15833333333333,398.25,9.108333333333333,13.6875,106.0,59,93.0,20.0,109,17.0,11,109.0
2024-03-14,116.82916666666667,38.22083333333333,396.6666666666667,10.0375,13.5375,99.95833333333333,64,111.0,20.0,100,17.0,13,111.0
2024-03-15,136.0,37.791666666666664,477.125,18.787499999999998,16.470833333333335,79.25,63,124.0,24.0,79,21.0,23,124.0
2024-03-16,109.77916666666668,44.7875,539.6666666666666,17.008333333333333,17.966666666666665,90.20833333333333,75,107.0,27.0,90,22.0,21,107.0
2024-03-17,109.8125,49.145833333333336,562.2083333333334,18.491666666666667,21.1875,100.83333333333333,82,107.0,28.0,101,26.0,23,107.0
2024-03-18,108.95833333333333,47.00833333333333,662.5,25.016666666666666,20.129166666666666,90.08333333333333,78,106.0,33.0,90,25.0,31,106.0
2024-03-19,100.1375,48.75833333333333,631.4166666666666,18.895833333333332,19.083333333333332,106.95833333333333,81,100.0,32.0,110,24.0,24,110.0
2024-03-20,102.21666666666665,53.925000000000004,743.9166666666666,27.291666666666668,14.354166666666666,84.625,90,101.0,37.0,85,18.0,34,101.0
2024-03-21,165.96666666666667,52.237500000000004,427.0,7.433333333333334,10.883333333333333,98.625,87,144.0,21.0,99,14.0,9,144.0
2024-03-22,120.23333333333333,59.1625,695.3333333333334,20.7,15.887500000000001,93.70833333333333,99,113.0,35.0,94,20.0,26,113.0
2024-03-23,153.27916666666667,47.35833333333333,459.625,13.920833333333334,15.275,95.20833333333333,79,136.0,23.0,95,19.0,17,136.0
2024-03-24,132.75416666666666,48.012499999999996,549.0833333333334,19.333333333333332,18.45,85.70833333333333,80,122.0,27.0,86,23.0,24,122.0
2024-03-25,164.38333333333333,42.4125,409.0,12.65,16.516666666666666,104.08333333333333,71,143.0,20.0,106,21.0,16,143.0
2024-03-26,130.5875,43.07083333333333,439.2916666666667,12.775,17.379166666666666,109.08333333333333,72,120.0,22.0,113,22.0,16,120.0
2024-03-27,140.99166666666667,44.82083333333333,437.0416666666667,14.958333333333334,15.033333333333333,89.75,75,127.0,22.0,90,19.0,19,127.0
2024-03-28,113.075,44.94166666666666,450.9583333333333,13.520833333333334,15.841666666666667,98.33333333333333,75,109.0,23.0,98,20.0,17,109.0
2024-03-29,124.55833333333334,44.166666666666664,409.8333333333333,9.908333333333333,11.745833333333332,104.41666666666667,74,116.0,20.0,106,15.0,12,116.0
2024-03-30,135.54583333333332,41.99166666666667,440.25,11.620833333333332,10.520833333333334,90.95833333333333,70,124.0,22.0,91,13.0,15,124.0
2024-03-31,169.26250000000002,43.22083333333333,437.9583333333333,12.729166666666666,13.9,104.0,72,146.0,22.0,106,17.0,16,146.0
2024-04-01,181.1625,38.329166666666666,321.7083333333333,10.233333333333333,14.483333333333334,108.16666666666667,64,154.0,16.0,112,18.0,13,154.0
2024-04-02,128.98333333333332,26.358333333333334,316.5,9.958333333333334,13.049999999999999,110.45833333333333,44,119.0,16.0,115,16.0,12,119.0
2024-04-03,74.98333333333333,25.224999999999998,315.5833333333333,8.475,8.395833333333334,101.20833333333333,42,75.0,16.0,102,10.0,11,102.0
2024-04-04,118.14999999999999,28.3625,269.75,7.229166666666667,8.174999999999999,105.58333333333333,47,112.0,13.0,108,10.0,9,112.0
2024-04-05,140.35416666666666,34.733333333333334,379.5416666666667,14.004166666666668,12.3375,91.625,58,127.0,19.0,92,15.0,18,127.0
2024-04-06,111.45,31.7375,373.3333333333333,12.570833333333333,13.862499999999999,106.70833333333333,53,108.0,19.0,110,17.0,16,110.0
2024-04-07,96.62083333333334,28.075,389.2083333333333,14.279166666666667,14.125,107.875,47,97.0,19.0,112,18.0,18,112.0
2024-04-08,71.925,28.2,455.5,14.983333333333334,12.924999999999999,103.91666666666667,47,72.0,23.0,106,16.0,19,106.0
2024-04-09,75.10833333333333,29.629166666666666,416.2916666666667,11.533333333333333,10.625,112.91666666666667,49,75.0,21.0,119,13.0,14,119.0
2024-04-10,82.38333333333334,35.12916666666667,481.2916666666667,15.0625,10.179166666666667,100.625,59,82.0,24.0,101,13.0,19,101.0
2024-04-11,83.64583333333333,34.6875,394.7083333333333,10.85,9.375,106.5,58,84.0,20.0,110,12.0,14,110.0
2024-04-12,102.3625,34.31666666666667,369.0416666666667,9.554166666666667,8.195833333333333,105.91666666666667,57,102.0,18.0,109,10.0,12,109.0
2024-04-13,137.5,52.84583333333333,441.2916666666667,11.070833333333333,13.25,115.83333333333333,88,125.0,22.0,123,17.0,14,125.0
2024-04-14,149.84583333333333,57.20416666666667,380.6666666666667,8.066666666666666,9.549999999999999,107.83333333333333,95,133.0,19.0,112,12.0,10,133.0
2024-04-15,140.80416666666667,50.916666666666664,549.7083333333334,22.170833333333334,12.924999999999999,75.79166666666667,85,127.0,27.0,76,16.0,28,127.0
2024-04-16,187.1157894736842,45.479166666666664,350.375,12.362499999999999,14.299999999999999,112.29166666666667,76,158.0,18.0,118,18.0,15,158.0
2024-04-17,199.4,36.69583333333333,288.75,9.579166666666667,12.979166666666666,127.75,61,166.0,14.0,141,16.0,12,166.0
2024-04-18,146.9909090909091,34.137499999999996,265.6666666666667,9.154166666666667,11.5375,104.95833333333333,57,131.0,13.0,107,14.0,11,131.0
2024-04-19,154.79166666666666,39.7875,408.625,21.241666666666667,10.0875,73.125,66,137.0,20.0,73,13.0,27,137.0
2024-04-20,187.1235294117647,39.72083333333333,290.7916666666667,11.3125,10.545833333333333,109.58333333333333,66,158.0,15.0,114,13.0,14,158.0
2024-04-21,137.01666666666668,29.287499999999998,296.0416666666667,10.870833333333332,11.3375,110.08333333333333,49,125.0,15.0,115,14.0,14,125.0
2024-04-22,98.35000000000001,28.991666666666664,386.0416666666667,16.679166666666667,11.241666666666667,106.54166666666667,48,98.0,19.0,110,14.0,21,110.0
2024-04-23,104.87916666666666,30.229166666666668,322.5833333333333,11.200000000000001,10.783333333333333,111.95833333333333,50,103.0,16.0,118,13.0,14,118.0
2024-04-24,122.34583333333335,29.520833333333332,370.5,13.233333333333334,12.262500000000001,117.08333333333333,49,115.0,19.0,125,15.0,17,125.0
2024-04-25,108.6875,28.708333333333332,366.5833333333333,13.775,14.0875,118.375,48,106.0,18.0,127,18.0,17,127.0
2024-04-26,121.16190476190476,33.4125,287.4166666666667,11.304166666666667,10.145833333333334,104.08333333333333,56,114.0,14.0,106,13.0,14,114.0
2024-04-27,137.5,31.224999999999998,290.6666666666667,9.541666666666666,8.579166666666667,101.375,52,125.0,15.0,102,11.0,12,125.0
2024-04-28,136.6875,32.65,351.1666666666667,12.241666666666667,9.541666666666666,107.875,54,124.0,18.0,112,12.0,15,124.0
2024-04-29,124.51428571428572,32.987500000000004,319.9166666666667,9.320833333333333,10.195833333333333,127.20833333333333,55,116.0,16.0,140,13.0,12,140.0
2024-04-30,172.47727272727272,38.90416666666667,389.125,18.233333333333334,13.445833333333333,109.91666666666667,65,148.0,19.0,115,17.0,23,148.0
2024-05-01,235.65833333333333,46.77916666666667,296.0416666666667,10.679166666666667,11.520833333333334,119.08333333333333,78,190.0,15.0,128,14.0,13,190.0
2024-05-02,178.2157894736842,44.37083333333334,343.0416666666667,11.470833333333333,14.308333333333332,139.125,74,152.0,17.0,158,18.0,14,158.0
2024-05-03,170.14166666666668,43.05833333333334,433.625,16.208333333333332,14.625,122.625,72,147.0,22.0,133,18.0,20,147.0
2024-05-04,118.05,44.166666666666664,591.7083333333334,28.09583333333333,16.729166666666668,106.54166666666667,74,112.0,30.0,110,21.0,35,112.0
2024-05-05,167.4608695652174,42.82916666666667,457.6666666666667,16.745833333333334,14.520833333333334,129.16666666666666,71,145.0,23.0,143,18.0,21,145.0
2024-05-06,138.72083333333333,44.99583333333334,513.8333333333334,23.379166666666666,13.866666666666667,106.83333333333333,75,126.0,26.0,110,17.0,29,126.0
2024-05-07,170.1,52.625,457.0833333333333,10.85,10.716666666666667,126.04166666666667,88,147.0,23.0,138,13.0,14,147.0
2024-05-08,237.64444444444447,55.9,347.7083333333333,4.6875,11.004166666666668,146.625,93,192.0,17.0,169,14.0,6,192.0
2024-05-09,195.8125,54.98333333333333,384.2916666666667,6.5375000000000005,10.704166666666666,145.79166666666666,92,164.0,19.0,167,13.0,8,167.0
2024-05-10,199.50625,51.25,389.2916666666667,6.158333333333334,11.783333333333333,148.29166666666666,85,166.0,19.0,171,15.0,8,171.0
2024-05-11,161.17916666666667,67.74166666666666,596.2916666666666,20.2625,18.587500000000002,133.95833333333334,126,141.0,30.0,150,23.0,25,150.0
2024-05-12,187.7409090909091,64.22500000000001,441.7083333333333,9.704166666666667,16.004166666666666,141.875,114,158.0,22.0,162,20.0,12,162.0
2024-05-13,152.775,61.17083333333333,560.5,23.337500000000002,15.025,119.66666666666667,104,135.0,28.0,129,19.0,29,135.0
2024-05-14,104.53750000000001,39.449999999999996,545.6666666666666,19.645833333333332,10.570833333333333,114.20833333333333,66,103.0,27.0,121,13.0,25,121.0
2024-05-15,126.74166666666667,54.15,711.25,26.95,15.858333333333334,116.0909090909091,90,118.0,36.0,124,20.0,34,124.0
2024-05-16,121.12083333333334,45.28333333333333,523.25,13.279166666666667,13.516666666666666,142.95833333333334,75,114.0,26.0,163,17.0,17,163.0
2024-05-17,135.76666666666668,52.90416666666667,661.5833333333334,24.183333333333334,15.0875,123.83333333333333,88,124.0,33.0,135,19.0,30,135.0
2024-05-18,170.57,46.791666666666664,355.6666666666667,11.441666666666668,10.020833333333334,118.125,78,147.0,18.0,127,13.0,14,147.0
2024-05-19,185.325,50.916666666666664,364.875,14.2875,12.137500000000001,117.91666666666667,85,157.0,18.0,126,15.0,18,157.0
2024-05-20,219.02727272727273,62.9,473.5,9.429166666666667,13.483333333333334,143.20833333333334,110,179.0,24.0,164,17.0,12,179.0
2024-05-21,179.75714285714284,55.69583333333333,477.25,10.154166666666667,13.512500000000001,140.83333333333334,93,153.0,24.0,160,17.0,13,160.0
2024-05-22,212.33333333333334,49.74166666666667,405.0833333333333,7.166666666666667,10.420833333333333,138.75,83,175.0,20.0,157,13.0,9,175.0
2024-05-23,220.52941176470588,48.862500000000004,355.6666666666667,6.891666666666667,7.929166666666667,124.83333333333333,81,180.0,18.0,137,10.0,9,180.0
2024-05-24,134.4375,41.63333333333333,367.625,8.704166666666667,7.479166666666667,113.91666666666667,69,123.0,18.0,120,9.0,11,123.0
2024-05-25,152.99565217391304,53.604166666666664,500.5833333333333,17.129166666666666,13.637500000000001,122.375,89,135.0,25.0,133,17.0,21,135.0
2024-05-26,119.32083333333333,42.608333333333334,522.5416666666666,22.395833333333332,11.316666666666668,105.83333333333333,71,113.0,26.0,109,14.0,28,113.0
2024-05-27,135.15,48.62916666666666,541.9166666666666,22.0,14.845833333333333,125.20833333333333,81,123.0,27.0,137,19.0,28,137.0
2024-05-28,107.69166666666666,42.4,568.5416666666666,18.566666666666666,12.65,139.875,71,105.0,28.0,159,16.0,23,159.0
2024-05-29,175.275,51.0375,441.7083333333333,11.9,10.575000000000001,134.83333333333334,85,150.0,22.0,151,13.0,15,151.0
2024-05-30,172.45,51.0,528.0416666666666,17.841666666666665,12.8125,121.13636363636364,85,148.0,26.0,131,16.0,22,148.0
2024-05-31,163.8090909090909,41.979166666666664,523.4166666666666,17.733333333333334,14.945833333333333,126.3,70,143.0,26.0,139,19.0,22,143.0
2024-06-01,195.67142857142858,50.30833333333334,333.0833333333333,13.179166666666667,11.508333333333333,122.625,84,164.0,17.0,133,14.0,16,164.0
2024-06-02,173.35833333333335,43.175000000000004,349.5833333333333,14.804166666666667,11.958333333333334,116.70833333333333,72,149.0,17.0,125,15.0,19,149.0
2024-06-03,209.9,53.791666666666664,526.5416666666666,24.520833333333332,13.887500000000001,110.6086956521739,90,173.0,26.0,116,17.0,31,173.0
2024-06-04,204.33809523809526,53.875,461.7083333333333,18.708333333333332,14.25,122.45833333333333,90,170.0,23.0,133,18.0,23,170.0
2024-06-05,176.0153846153846,56.199999999999996,403.6666666666667,18.654166666666665,12.904166666666667,112.66666666666667,94,151.0,20.0,119,16.0,23,151.0
2024-06-06,197.16363636363639,62.28333333333333,308.6666666666667,12.270833333333334,11.237499999999999,111.91666666666667,108,165.0,15.0,118,14.0,15,165.0
2024-06-07,256.1,63.24166666666667,290.375,11.575000000000001,14.7875,120.75,111,206.0,15.0,131,18.0,14,206.0
2024-06-08,198.02727272727273,65.27916666666667,360.4166666666667,14.179166666666667,14.962499999999999,122.33333333333333,118,165.0,18.0,133,19.0,18,165.0
2024-06-09,197.32083333333333,41.3125,317.7916666666667,13.441666666666668,12.375,118.54166666666667,69,165.0,16.0,127,15.0,17,165.0
2024-06-10,183.65833333333333,37.19166666666667,332.0416666666667,13.987499999999999,13.345833333333333,128.66666666666666,62,156.0,17.0,142,17.0,17,156.0
2024-06-11,143.15416666666667,36.28333333333333,366.75,17.087500000000002,14.741666666666667,126.0,60,129.0,18.0,138,18.0,21,138.0
2024-06-12,180.90416666666667,37.69583333333333,392.5,17.245833333333334,14.816666666666668,132.08333333333334,63,154.0,20.0,147,19.0,22,154.0
2024-06-13,222.70909090909092,49.175000000000004,305.375,13.362499999999999,11.799999999999999,118.58333333333333,82,182.0,15.0,127,15.0,17,182.0
2024-06-14,,62.15833333333333,246.66666666666666,11.695833333333333,10.733333333333334,108.54166666666667,107,,12.0,113,13.0,15,113.0
2024-06-15,192.42000000000002,53.69166666666666,258.4166666666667,12.066666666666668,11.691666666666668,109.875,89,162.0,13.0,115,15.0,15,162.0
2024-06-16,222.71428571428572,50.00833333333333,291.2916666666667,14.475,11.483333333333334,106.08333333333333,83,182.0,15.0,109,14.0,18,182.0
2024-06-17,210.92499999999998,54.550000000000004,253.25,12.420833333333334,10.691666666666668,102.91666666666667,91,174.0,13.0,104,13.0,16,174.0
2024-06-18,239.61111111111111,55.95416666666667,303.7916666666667,17.279166666666665,11.366666666666667,87.08333333333333,93,193.0,15.0,87,14.0,22,193.0
2024-06-19,257.525,64.17083333333333,297.6666666666667,16.520833333333332,9.079166666666667,86.625,114,208.0,15.0,87,11.0,21,208.0
2024-06-20,155.2125,46.60833333333333,311.9583333333333,13.808333333333332,8.416666666666666,97.41666666666667,78,137.0,16.0,97,11.0,17,137.0
2024-06-21,165.04545454545453,64.53333333333333,396.625,14.408333333333333,12.0875,114.0,115,143.0,20.0,121,15.0,18,143.0
2024-06-22,154.47083333333333,64.41666666666667,367.6666666666667,8.799999999999999,10.791666666666666,129.5,115,136.0,18.0,143,13.0,11,143.0
2024-06-23,116.45416666666667,61.925000000000004,377.7083333333333,8.754166666666666,10.358333333333333,131.16666666666666,106,111.0,19.0,146,13.0,11,146.0
2024-06-24,120.925,65.94166666666666,395.4583333333333,9.108333333333333,10.879166666666668,126.16666666666667,120,114.0,20.0,138,14.0,11,138.0
2024-06-25,98.01666666666667,61.37083333333334,404.0416666666667,10.2875,12.070833333333333,118.625,105,98.0,20.0,127,15.0,13,127.0
2024-06-26,113.1375,66.89999999999999,360.7083333333333,7.783333333333334,10.75,120.125,123,109.0,18.0,130,13.0,10,130.0
2024-06-27,40.18333333333333,28.058333333333334,349.2083333333333,10.299999999999999,8.070833333333333,100.08333333333333,47,40.0,17.0,100,10.0,13,100.0
2024-06-28,45.30833333333334,31.875,447.875,18.079166666666666,10.612499999999999,90.83333333333333,53,45.0,22.0,91,13.0,23,91.0
2024-06-29,42.9,22.96666666666667,297.2083333333333,9.775,7.479166666666667,102.91666666666667,38,43.0,15.0,104,9.0,12,104.0
2024-06-30,68.97916666666667,39.854166666666664,327.625,9.766666666666667,9.291666666666666,130.79166666666666,66,69.0,16.0,145,12.0,12,145.0
2024-07-01,72.70833333333333,45.895833333333336,370.3333333333333,13.095833333333333,13.879166666666668,114.25,76,73.0,19.0,121,17.0,16,121.0
2024-07-02,53.2875,33.45,290.625,10.104166666666666,9.3375,96.875,56,53.0,15.0,97,12.0,13,97.0
2024-07-03,37.545833333333334,23.325,297.125,10.579166666666667,9.595833333333333,84.20833333333333,39,38.0,15.0,84,12.0,13,84.0
2024-07-04,30.883333333333336,21.508333333333336,356.0416666666667,12.520833333333334,10.104166666666666,92.54166666666667,36,31.0,18.0,93,13.0,16,93.0
2024-07-05,29.825,20.983333333333334,314.8333333333333,7.6625000000000005,9.262500000000001,102.66666666666667,35,30.0,16.0,104,12.0,10,104.0
2024-07-06,17.141666666666666,12.116666666666667,312.75,10.654166666666667,8.608333333333333,66.625,20,17.0,16.0,67,11.0,13,67.0
2024-07-07,25.6875,16.662499999999998,307.7916666666667,10.591666666666667,8.591666666666667,76.875,28,26.0,15.0,77,11.0,13,77.0
2024-07-08,42.104166666666664,28.05,323.25,11.8125,6.079166666666667,81.0,47,42.0,16.0,81,8.0,15,81.0
2024-07-09,87.44583333333333,58.15,383.2916666666667,15.254166666666668,10.279166666666667,97.625,97,87.0,19.0,98,13.0,19,98.0
2024-07-10,118.09166666666665,78.69166666666666,398.2083333333333,13.3125,10.929166666666667,112.04166666666667,162,112.0,20.0,118,14.0,17,162.0
2024-07-11,91.32083333333333,52.12083333333334,348.25,12.870833333333332,12.129166666666668,118.875,87,91.0,17.0,128,15.0,16,128.0
2024-07-12,154.51250000000002,64.25,443.125,20.175,14.191666666666668,104.58333333333333,114,136.0,22.0,107,18.0,25,136.0
2024-07-13,128.58333333333334,57.041666666666664,521.375,23.375,12.283333333333333,105.08333333333333,95,119.0,26.0,107,15.0,29,119.0
2024-07-14,120.28750000000001,57.416666666666664,441.4166666666667,15.612499999999999,10.283333333333333,98.66666666666667,96,114.0,22.0,99,13.0,20,114.0
2024-07-15,68.80833333333334,47.20416666666667,346.4583333333333,10.579166666666667,9.833333333333334,96.54166666666667,79,69.0,17.0,97,12.0,13,97.0
2024-07-16,44.300000000000004,31.15833333333333,281.1666666666667,7.529166666666666,8.658333333333333,96.45833333333333,52,44.0,14.0,96,11.0,9,96.0
2024-07-17,40.483333333333334,28.27916666666667,277.0833333333333,9.704166666666667,7.666666666666667,87.375,47,40.0,14.0,87,10.0,12,87.0
2024-07-18,48.37083333333334,33.71666666666667,326.2083333333333,13.191666666666668,9.620833333333334,81.0,56,48.0,16.0,81,12.0,16,81.0
2024-07-19,45.80416666666667,31.587500000000002,351.2083333333333,14.275,11.333333333333334,77.83333333333333,53,46.0,18.0,78,14.0,18,78.0
2024-07-20,73.8625,51.23333333333333,402.1666666666667,15.358333333333334,11.775,90.54166666666667,85,74.0,20.0,91,15.0,19,91.0
2024-07-21,56.07916666666667,39.0625,304.1666666666667,9.3375,9.275,98.04166666666667,65,56.0,15.0,98,12.0,12,98.0
2024-07-22,41.69166666666667,29.041666666666668,307.5,11.012500000000001,8.333333333333334,86.41666666666667,48,42.0,15.0,86,10.0,14,86.0
2024-07-23,54.699999999999996,37.72083333333333,323.1666666666667,11.612499999999999,8.262500000000001,96.0,63,55.0,16.0,96,10.0,15,96.0
2024-07-24,66.54166666666667,43.78333333333333,337.9583333333333,9.862499999999999,8.0625,117.875,73,67.0,17.0,126,10.0,12,126.0
2024-07-25,50.15416666666667,34.699999999999996,354.875,11.825000000000001,8.9,104.25,58,50.0,18.0,106,11.0,15,106.0
2024-07-26,44.96666666666667,31.354166666666668,291.8333333333333,8.8375,7.441666666666666,94.20833333333333,52,45.0,15.0,94,9.0,11,94.0
2024-07-27,54.49583333333334,38.07083333333333,451.0833333333333,19.120833333333334,11.945833333333333,86.04166666666667,63,54.0,23.0,86,15.0,24,86.0
2024-07-28,44.15,28.84583333333333,355.2083333333333,11.270833333333334,9.458333333333334,90.70833333333333,48,44.0,18.0,91,12.0,14,91.0
2024-07-29,52.78333333333333,32.487500000000004,296.4583333333333,9.833333333333334,9.104166666666666,88.29166666666667,54,53.0,15.0,88,11.0,12,88.0
2024-07-30,54.637499999999996,36.270833333333336,363.1666666666667,15.304166666666667,9.220833333333333,86.58333333333333,60,55.0,18.0,87,12.0,19,87.0
2024-07-31,46.550000000000004,28.025000000000002,307.7083333333333,11.391666666666666,9.108333333333333,84.58333333333333,47,47.0,15.0,85,11.0,14,85.0
2024-08-01,34.483333333333334,24.020833333333332,277.2083333333333,8.775,5.908333333333334,95.54166666666667,40,34.0,14.0,96,7.0,11,96.0
2024-08-02,28.400000000000002,19.4875,283.7083333333333,8.245833333333334,6.354166666666667,94.625,32,28.0,14.0,95,8.0,10,95.0
2024-08-03,34.02916666666667,23.483333333333334,279.75,9.25,8.445833333333333,83.625,39,34.0,14.0,84,11.0,12,84.0
2024-08-04,27.5625,18.670833333333334,237.08333333333334,5.616666666666667,7.254166666666666,88.91666666666667,31,28.0,12.0,89,9.0,7,89.0
2024-08-05,27.666666666666668,19.516666666666666,242.75,8.804166666666665,7.620833333333334,74.95833333333333,33,28.0,12.0,75,10.0,11,75.0
2024-08-06,27.97083333333333,18.733333333333334,216.75,8.645833333333334,5.920833333333333,71.75,31,28.0,11.0,72,7.0,11,72.0
2024-08-07,26.541666666666668,17.658333333333335,242.16666666666666,10.487499999999999,7.341666666666666,65.125,29,27.0,12.0,65,9.0,13,65.0
2024-08-08,34.94166666666667,24.537499999999998,301.9583333333333,10.854166666666666,7.745833333333334,79.91666666666667,41,35.0,15.0,80,10.0,14,80.0
2024-08-09,39.875,28.15416666666667,365.125,14.795833333333334,8.783333333333333,72.875,47,40.0,18.0,73,11.0,18,73.0
2024-08-10,45.44583333333333,32.17916666666667,338.125,11.045833333333334,10.945833333333333,76.75,54,45.0,17.0,77,14.0,14,77.0
2024-08-11,38.84583333333333,27.683333333333334,323.625,10.125,11.237499999999999,72.70833333333333,46,39.0,16.0,73,14.0,13,73.0
2024-08-12,30.679166666666664,22.0,246.66666666666666,8.954166666666667,10.254166666666666,68.0,37,31.0,12.0,68,13.0,11,68.0
2024-08-13,29.108333333333334,20.545833333333334,265.0,9.504166666666666,6.570833333333333,71.91666666666667,34,29.0,13.0,72,8.0,12,72.0
2024-08-14,41.641666666666666,29.241666666666664,352.4583333333333,13.729166666666666,8.5875,81.45833333333333,49,42.0,18.0,81,11.0,17,81.0
2024-08-15,37.72083333333333,26.541666666666668,306.9583333333333,10.645833333333334,9.745833333333334,87.91666666666667,44,38.0,15.0,88,12.0,13,88.0
2024-08-16,23.879166666666666,16.858333333333334,253.41666666666666,8.654166666666667,5.825,78.5,28,24.0,13.0,78,7.0,11,78.0
2024-08-17,42.40833333333333,29.55,354.75,16.941666666666666,9.958333333333334,68.83333333333333,49,42.0,18.0,69,12.0,21,69.0
2024-08-18,70.37083333333334,45.24166666666667,441.6666666666667,16.241666666666667,18.854166666666668,117.0,75,70.0,22.0,125,24.0,20,125.0
2024-08-19,57.24166666666667,35.99166666666667,379.4583333333333,16.545833333333334,15.879166666666668,102.75,60,57.0,19.0,104,20.0,21,104.0
2024-08-20,67.09583333333333,39.545833333333334,341.9166666666667,11.766666666666666,16.650000000000002,107.83333333333333,66,67.0,17.0,112,21.0,15,112.0
2024-08-21,36.454166666666666,23.270833333333332,304.75,8.579166666666667,10.262500000000001,110.16666666666667,39,36.0,15.0,115,13.0,11,115.0
2024-08-22,63.67916666666667,40.88333333333333,375.75,11.458333333333334,10.891666666666666,113.5,68,64.0,19.0,120,14.0,14,120.0
2024-08-23,55.737500000000004,37.50416666666667,488.5,20.8125,7.8125,86.45833333333333,63,56.0,24.0,86,10.0,26,86.0
2024-08-24,38.03333333333333,26.508333333333336,315.9166666666667,7.6875,6.683333333333334,92.79166666666667,44,38.0,16.0,93,8.0,10,93.0
2024-08-25,37.42916666666667,24.40833333333333,280.4583333333333,6.720833333333334,8.325000000000001,95.04166666666667,41,37.0,14.0,95,10.0,8,95.0
2024-08-26,37.3125,25.804166666666664,269.2916666666667,6.7,9.416666666666666,98.375,43,37.0,13.0,98,12.0,8,98.0
2024-08-27,29.34583333333333,20.454166666666666,254.95833333333334,6.8999999999999995,6.945833333333333,87.79166666666667,34,29.0,13.0,88,9.0,9,88.0
2024-08-28,22.5625,15.816666666666668,278.25,7.0125,6.375,84.54166666666667,26,23.0,14.0,85,8.0,9,85.0
2024-08-29,51.2875,30.758333333333336,376.9166666666667,15.570833333333333,7.995833333333334,69.08333333333333,51,51.0,19.0,69,10.0,19,69.0
2024-08-30,68.1125,40.46666666666667,427.625,16.587500000000002,12.508333333333333,84.41666666666667,67,68.0,21.0,84,16.0,21,84.0
2024-08-31,78.21666666666667,45.87916666666666,472.9583333333333,17.395833333333332,20.066666666666666,107.79166666666667,76,78.0,24.0,111,25.0,22,111.0
2024-09-01,49.5875,32.37083333333333,327.8333333333333,8.783333333333333,11.987499999999999,109.25,54,50.0,16.0,114,15.0,11,114.0
2024-09-02,44.80833333333334,30.087500000000002,331.2916666666667,9.424999999999999,10.262500000000001,89.0,50,45.0,17.0,89,13.0,12,89.0
2024-09-03,39.87916666666667,27.183333333333334,308.625,9.1875,8.299999999999999,87.0,45,40.0,15.0,87,10.0,11,87.0
2024-09-04,56.75416666666666,38.99583333333333,488.9583333333333,20.962500000000002,16.745833333333334,77.5,65,57.0,24.0,78,21.0,26,78.0
2024-09-05,48.28333333333333,33.57083333333333,426.7916666666667,12.845833333333333,13.108333333333334,93.91666666666667,56,48.0,21.0,94,16.0,16,94.0
2024-09-06,25.724999999999998,17.9875,278.9583333333333,7.2875000000000005,7.729166666666667,87.625,30,26.0,14.0,88,10.0,9,88.0
2024-09-07,42.88333333333333,29.916666666666668,361.875,11.420833333333334,9.954166666666667,86.5,50,43.0,18.0,86,12.0,14,86.0
2024-09-08,53.05416666666667,37.00833333333333,423.3333333333333,13.9375,13.508333333333333,91.20833333333333,62,53.0,21.0,91,17.0,17,91.0
2024-09-09,72.41250000000001,50.604166666666664,513.0833333333334,16.083333333333332,19.870833333333334,104.79166666666667,84,72.0,26.0,107,25.0,20,107.0
2024-09-10,51.166666666666664,35.791666666666664,434.5416666666667,14.408333333333333,11.191666666666668,75.875,60,51.0,22.0,76,14.0,18,76.0
2024-09-11,38.625,26.7625,355.2083333333333,8.391666666666667,8.333333333333334,84.16666666666667,45,39.0,18.0,84,10.0,10,84.0
2024-09-12,14.200000000000001,9.975,250.29166666666666,6.066666666666666,5.845833333333334,66.375,17,14.0,13.0,66,7.0,8,66.0
2024-09-13,48.041666666666664,31.858333333333334,410.875,15.391666666666666,15.745833333333332,82.66666666666667,53,48.0,21.0,83,20.0,19,83.0
2024-09-14,96.11666666666667,42.291666666666664,381.2916666666667,14.666666666666666,16.745833333333334,102.29166666666667,70,96.0,19.0,103,21.0,18,103.0
2024-09-15,85.75,42.40416666666667,368.75,11.975,17.658333333333335,116.66666666666667,71,86.0,18.0,125,22.0,15,125.0
2024-09-16,107.48333333333333,58.083333333333336,572.2916666666666,21.133333333333333,19.958333333333332,113.95833333333333,97,105.0,29.0,121,25.0,26,121.0
2024-09-17,81.49583333333334,47.63333333333333,490.0416666666667,15.016666666666666,15.058333333333332,93.58333333333333,79,81.0,25.0,94,19.0,19,94.0
2024-09-18,35.28333333333333,24.754166666666666,319.7083333333333,9.991666666666667,7.016666666666667,56.5,41,35.0,16.0,56,9.0,12,56.0
2024-09-19,61.9625,41.27916666666667,565.125,25.583333333333332,12.058333333333332,71.79166666666667,69,62.0,28.0,72,15.0,32,72.0
2024-09-20,53.67916666666667,36.4125,528.7083333333334,21.525000000000002,9.454166666666667,77.95833333333333,61,54.0,26.0,78,12.0,27,78.0
2024-09-21,62.05833333333334,42.72083333333333,630.2083333333334,27.53333333333333,12.5,88.66666666666667,71,62.0,32.0,89,16.0,34,89.0
2024-09-22,81.0,54.34166666666667,633.6666666666666,18.495833333333334,18.1125,107.41666666666667,91,81.0,32.0,111,23.0,23,111.0
2024-09-23,106.24166666666667,69.17083333333333,684.9583333333334,17.0125,22.229166666666668,132.91666666666666,131,104.0,34.0,148,28.0,21,148.0
2024-09-24,145.11249999999998,95.5,831.4583333333334,24.96666666666667,23.920833333333334,122.875,218,130.0,42.0,134,30.0,31,218.0
2024-09-25,61.54583333333333,42.1,438.25,8.383333333333333,13.15,107.91666666666667,70,62.0,22.0,112,16.0,10,112.0
2024-09-26,26.954166666666666,18.795833333333334,317.3333333333333,8.237499999999999,8.445833333333333,78.91666666666667,31,27.0,16.0,79,11.0,10,79.0
2024-09-27,14.191666666666668,9.9375,270.375,6.458333333333333,8.3375,65.95833333333333,17,14.0,14.0,66,10.0,8,66.0
2024-09-28,24.616666666666664,16.349999999999998,341.875,8.262500000000001,9.058333333333334,76.83333333333333,27,25.0,17.0,77,11.0,10,77.0
2024-09-29,43.4625,30.40416666666667,602.5416666666666,27.020833333333332,11.633333333333333,66.04166666666667,51,43.0,30.0,66,15.0,34,66.0
2024-09-30,86.05416666666667,48.24583333333334,632.3333333333334,21.47083333333333,22.787499999999998,116.08333333333333,80,86.0,32.0,124,28.0,27,124.0
2024-10-01,128.39166666666668,65.24166666666666,703.4583333333334,25.504166666666666,19.629166666666666,105.625,117,119.0,35.0,108,25.0,32,119.0
2024-10-02,141.14166666666668,68.575,781.1666666666666,30.45,22.733333333333334,109.25,129,127.0,39.0,114,28.0,38,129.0
2024-10-03,136.91666666666666,71.48333333333333,788.5,25.912499999999998,24.09166666666667,121.625,138,125.0,39.0,132,30.0,32,138.0
2024-10-04,125.94583333333333,66.28750000000001,890.0,35.404347826086955,24.708333333333332,110.79166666666667,121,117.0,44.0,116,31.0,44,121.0
2024-10-05,93.08333333333333,47.574999999999996,692.7083333333334,27.3875,20.141666666666666,109.75,79,93.0,35.0,114,25.0,34,114.0
2024-10-06,101.96666666666665,45.050000000000004,601.3333333333334,19.783333333333335,19.912499999999998,102.20833333333333,75,101.0,30.0,103,25.0,25,103.0
2024-10-07,98.82916666666667,50.29583333333333,629.875,20.970833333333335,16.708333333333332,92.79166666666667,84,99.0,31.0,93,21.0,26,99.0
2024-10-08,104.17916666666667,58.979166666666664,666.25,20.3,18.8625,101.20833333333333,98,103.0,33.0,102,24.0,25,103.0
2024-10-09,91.1375,42.93333333333334,607.75,18.341666666666665,21.695833333333336,109.0,72,91.0,30.0,113,27.0,23,113.0
2024-10-10,97.35833333333333,36.795833333333334,506.3333333333333,19.433333333333334,17.254166666666666,93.04166666666667,61,97.0,25.0,93,22.0,24,97.0
2024-10-11,93.60416666666667,34.608333333333334,534.875,20.841666666666665,18.166666666666668,94.83333333333333,58,94.0,27.0,95,23.0,26,95.0
2024-10-12,91.675,49.887499999999996,641.625,20.270833333333332,20.625,114.25,83,92.0,32.0,121,26.0,25,121.0
2024-10-13,100.6875,55.89166666666667,719.4583333333334,23.416666666666668,21.525000000000002,106.66666666666667,93,100.0,36.0,110,27.0,29,110.0
2024-10-14,95.42916666666667,48.19166666666666,672.2916666666666,21.77916666666667,19.058333333333334,100.70833333333333,80,95.0,34.0,101,24.0,27,101.0
2024-10-15,110.7,54.416666666666664,747.0833333333334,23.4375,20.991666666666667,108.79166666666667,91,107.0,37.0,113,26.0,29,113.0
2024-10-16,116.54166666666667,66.68333333333334,849.5,25.287499999999998,24.258333333333336,109.5,122,111.0,42.0,114,30.0,32,122.0
2024-10-17,114.84583333333335,69.8125,744.6666666666666,19.016666666666666,21.070833333333333,105.83333333333333,133,110.0,37.0,109,26.0,24,133.0
2024-10-18,125.02499999999999,75.65416666666667,858.0833333333334,28.925,24.395833333333332,104.58333333333333,152,117.0,43.0,107,30.0,36,152.0
2024-10-19,145.93333333333334,88.47500000000001,893.0,23.412499999999998,22.52916666666667,111.125,195,131.0,45.0,116,28.0,29,195.0
2024-10-20,155.9,91.575,838.4583333333334,19.125,21.4375,111.08333333333333,205,137.0,42.0,116,27.0,24,205.0
2024-10-21,142.03333333333333,83.4375,785.1666666666666,18.095833333333335,20.354166666666668,110.91666666666667,178,128.0,39.0,116,25.0,23,178.0
2024-10-22,139.27916666666667,82.80416666666666,733.0416666666666,14.595833333333333,17.662499999999998,113.33333333333333,176,126.0,37.0,120,22.0,18,176.0
2024-10-23,131.57500000000002,73.16666666666667,722.75,13.570833333333333,20.654166666666665,118.41666666666667,144,121.0,36.0,127,26.0,17,144.0
2024-10-24,128.10833333333332,64.54166666666667,657.1666666666666,17.316666666666666,16.720833333333335,94.125,115,119.0,33.0,94,21.0,22,119.0
2024-10-25,128.69166666666666,61.34166666666667,818.6666666666666,28.266666666666666,19.291666666666668,87.83333333333333,104,119.0,41.0,88,24.0,35,119.0
2024-10-26,122.10833333333333,60.6,785.9166666666666,18.8875,15.875,99.70833333333333,102,115.0,39.0,100,20.0,24,115.0
2024-10-27,146.88333333333333,79.97500000000001,636.2916666666666,24.554166666666664,16.537499999999998,96.29166666666667,167,131.0,32.0,96,21.0,31,167.0
2024-10-28,141.98749999999998,84.41250000000001,766.9166666666666,25.879166666666666,15.725,89.125,181,128.0,38.0,89,20.0,32,181.0
2024-10-29,130.54999999999998,76.46249999999999,774.5416666666666,29.962500000000002,17.974999999999998,84.95833333333333,155,120.0,39.0,85,22.0,37,155.0
2024-10-30,129.53333333333333,75.77916666666667,639.875,32.09583333333333,21.708333333333332,88.95833333333333,153,120.0,32.0,89,27.0,40,153.0
2024-10-31,145.81666666666666,69.8875,557.25,15.845833333333333,22.066666666666666,111.58333333333333,133,131.0,28.0,117,28.0,20,133.0
2024-11-01,98.425,53.583333333333336,665.75,28.55,20.191666666666666,83.54166666666667,89,98.0,33.0,84,25.0,36,98.0
2024-11-02,120.90833333333335,70.50416666666666,647.25,21.587500000000002,21.375,102.41666666666667,135,114.0,32.0,104,27.0,27,135.0
2024-11-03,132.9625,83.05,767.1666666666666,18.741666666666667,18.95,93.83333333333333,177,122.0,38.0,94,24.0,23,177.0
2024-11-04,168.7047619047619,101.52222222222223,813.5416666666666,23.212500000000002,26.579166666666666,105.125,238,146.0,41.0,108,33.0,29,238.0
2024-11-05,198.3791666666667,114.66666666666667,808.0416666666666,19.004166666666666,19.191666666666666,90.5,282,166.0,40.0,90,24.0,24,282.0
2024-11-06,218.92857142857142,125.35,841.25,21.116666666666667,22.474999999999998,104.875,304,179.0,42.0,107,28.0,26,304.0
2024-11-07,219.09444444444443,127.57777777777778,940.4166666666666,18.270833333333332,20.104166666666668,109.08333333333333,306,179.0,47.0,113,25.0,23,306.0
2024-11-08,215.65500000000003,126.04705882352943,924.875,24.974999999999998,20.495833333333334,94.33333333333333,305,177.0,46.0,94,26.0,31,305.0
2024-11-09,157.64583333333334,97.97500000000001,950.5833333333334,16.991666666666667,12.508333333333333,89.08333333333333,227,138.0,48.0,89,16.0,21,227.0
2024-11-10,140.92083333333332,88.94166666666666,899.125,19.316666666666666,13.75,84.41666666666667,196,127.0,45.0,84,17.0,24,196.0
2024-11-11,140.25833333333333,89.3125,853.9583333333334,24.208333333333332,16.070833333333333,86.875,198,127.0,43.0,87,20.0,30,198.0
2024-11-12,148.57083333333333,110.2625,647.5,30.321739130434782,26.991666666666664,92.41666666666667,268,132.0,32.0,92,34.0,38,268.0
2024-11-13,182.99166666666667,125.06153846153846,739.5833333333334,31.90416666666667,25.583333333333332,84.79166666666667,304,155.0,37.0,85,32.0,40,304.0
2024-11-14,162.49583333333334,125.66111111111111,687.25,22.8875,18.829166666666666,83.875,304,142.0,34.0,84,24.0,29,304.0
2024-11-15,113.35416666666667,104.925,597.1666666666666,18.308333333333334,21.266666666666666,92.375,250,109.0,30.0,92,27.0,23,250.0
2024-11-16,133.34583333333333,124.22083333333335,583.0833333333334,22.7375,25.479166666666668,87.625,303,122.0,29.0,88,32.0,28,303.0
2024-11-17,139.10833333333332,130.13333333333333,661.7916666666666,19.375,20.970833333333335,84.54166666666667,308,126.0,33.0,85,26.0,24,308.0
2024-11-18,124.02499999999999,115.42916666666667,634.875,26.71666666666667,20.7875,78.29166666666667,285,116.0,32.0,78,26.0,33,285.0
2024-11-19,114.41250000000001,109.97916666666667,700.7916666666666,31.445833333333336,23.15833333333333,79.29166666666667,267,110.0,35.0,79,29.0,39,267.0
2024-11-20,123.34166666666665,101.17647058823529,771.375,31.04736842105263,26.25,79.29166666666667,237,116.0,39.0,79,33.0,39,237.0
2024-11-21,127.2375,96.46428571428571,807.9583333333334,30.523529411764706,30.27916666666667,86.58333333333333,222,118.0,40.0,87,38.0,38,222.0
2024-11-22,156.54166666666666,98.91,980.25,36.2375,32.166666666666664,81.20833333333333,230,138.0,49.0,81,40.0,45,230.0
2024-11-23,179.4,113.74285714285715,1117.4583333333333,37.04117647058824,40.855000000000004,89.0,279,153.0,56.0,89,51.0,46,279.0
2024-11-24,96.10000000000001,84.28636363636363,812.7083333333334,38.43043478260869,23.291666666666668,73.70833333333333,181,96.0,41.0,74,29.0,48,181.0
2024-11-25,120.75833333333333,114.85416666666667,656.0833333333334,26.375,26.141666666666666,84.29166666666667,283,114.0,33.0,84,33.0,33,283.0
2024-11-26,82.58333333333333,79.06666666666666,624.9583333333334,26.133333333333336,23.28333333333333,79.16666666666667,164,83.0,31.0,79,29.0,33,164.0
2024-11-27,93.39999999999999,90.0,751.7916666666666,32.4,23.066666666666666,77.83333333333333,200,93.0,38.0,78,29.0,40,200.0
2024-11-28,96.60416666666667,94.67916666666666,946.4166666666666,29.333333333333332,21.445833333333336,83.625,216,97.0,47.0,84,27.0,37,216.0
2024-11-29,121.18333333333334,93.7375,1129.0,37.53181818181818,23.28333333333333,73.45833333333333,212,114.0,56.0,73,29.0,47,212.0
2024-11-30,99.22083333333335,94.01739130434783,885.1666666666666,31.724999999999998,30.325,84.5,213,99.0,44.0,84,38.0,40,213.0
2024-12-01,86.24583333333334,81.92916666666666,645.9166666666666,26.525000000000002,26.054166666666664,79.66666666666667,173,86.0,32.0,80,33.0,33,173.0
2024-12-02,81.39583333333333,76.77083333333333,767.875,31.754166666666666,25.958333333333332,70.08333333333333,156,81.0,38.0,70,32.0,40,156.0
2024-12-03,57.037499999999994,52.50416666666666,681.4166666666666,25.791666666666668,26.579166666666666,80.75,88,57.0,34.0,81,33.0,32,88.0
2024-12-04,37.34166666666667,35.28333333333333,472.0,19.566666666666666,22.662499999999998,85.375,59,37.0,24.0,85,28.0,24,85.0
2024-12-05,37.67916666666667,37.25,550.0416666666666,22.224999999999998,23.695833333333336,79.20833333333333,62,38.0,28.0,79,30.0,28,79.0
2024-12-06,62.25416666666666,60.72083333333333,604.75,26.891666666666666,26.8875,75.79166666666667,102,62.0,30.0,76,34.0,34,102.0
2024-12-07,118.65416666666665,78.58125,870.1666666666666,30.842105263157894,34.045833333333334,77.08333333333333,162,112.0,44.0,77,43.0,39,162.0
2024-12-08,75.35416666666667,74.16250000000001,557.3333333333334,14.733333333333334,20.483333333333334,92.75,147,75.0,28.0,93,26.0,18,147.0
2024-12-09,68.88333333333334,67.55833333333334,596.3333333333334,14.975000000000001,19.666666666666668,88.70833333333333,125,69.0,30.0,89,25.0,19,125.0
2024-12-10,51.35,50.737500000000004,531.25,18.658333333333335,24.78333333333333,77.20833333333333,85,51.0,27.0,77,31.0,23,85.0
2024-12-11,57.7875,57.38333333333333,701.4166666666666,22.84583333333333,25.541666666666668,80.45833333333333,96,58.0,35.0,80,32.0,29,96.0
2024-12-12,66.55,65.78333333333333,767.375,17.895833333333332,30.866666666666664,101.0,119,67.0,38.0,101,39.0,22,119.0
2024-12-13,47.90833333333333,46.4625,590.9166666666666,15.379166666666668,26.90833333333333,98.29166666666667,77,48.0,30.0,98,34.0,19,98.0
2024-12-14,58.28333333333333,57.737500000000004,669.8333333333334,22.016666666666666,28.604166666666668,84.54166666666667,96,58.0,33.0,85,36.0,28,96.0
2024-12-15,137.82083333333333,79.83076923076922,1144.5833333333333,31.375,32.4125,86.875,166,125.0,57.0,87,41.0,39,166.0
2024-12-16,171.5666666666667,98.8,1306.1875,37.31739130434782,36.877272727272725,91.04166666666667,229,148.0,65.0,91,46.0,47,229.0
2024-12-17,188.67826086956524,119.74285714285715,1284.3333333333333,40.57826086956521,43.02916666666667,96.875,299,159.0,64.0,97,54.0,51,299.0
2024-12-18,169.1,100.5888888888889,1155.8125,27.91111111111111,34.31333333333334,81.91666666666667,235,146.0,58.0,82,43.0,35,235.0
2024-12-19,169.02608695652174,99.8875,1139.2,32.20434782608696,38.63333333333333,88.25,233,146.0,57.0,88,48.0,40,233.0
2024-12-20,116.43333333333334,105.35999999999999,932.9583333333334,21.229166666666668,28.6375,92.33333333333333,251,111.0,47.0,92,36.0,27,251.0
2024-12-21,133.3375,110.3125,868.5,26.84583333333333,32.52916666666667,77.95833333333333,268,122.0,43.0,78,41.0,34,268.0
2024-12-22,165.36249999999998,112.63,1120.7727272727273,31.537499999999998,36.2875,83.04166666666667,275,144.0,56.0,83,45.0,39,275.0
2024-12-23,108.12916666666666,106.22500000000001,727.3333333333334,13.991666666666667,25.59583333333333,86.04166666666667,254,105.0,36.0,86,32.0,17,254.0
2024-12-24,119.10416666666667,100.53157894736842,830.5833333333334,21.383333333333336,17.758333333333333,77.16666666666667,235,113.0,42.0,77,22.0,27,235.0
2024-12-25,123.41250000000001,92.13333333333334,883.9583333333334,27.34166666666667,21.633333333333336,69.125,207,116.0,44.0,69,27.0,34,207.0
2024-12-26,144.05833333333334,95.16,1133.090909090909,30.474999999999998,22.53333333333333,72.79166666666667,217,129.0,57.0,73,28.0,38,217.0
2024-12-27,89.15416666666665,87.24166666666667,498.625,15.225,12.091666666666667,75.66666666666667,191,89.0,25.0,76,15.0,19,191.0
2024-12-28,92.85416666666667,91.4375,706.5833333333334,15.012500000000001,14.929166666666667,72.5,205,93.0,35.0,72,19.0,19,205.0
2024-12-29,89.89999999999999,88.8875,693.7916666666666,20.920833333333334,23.195833333333336,67.29166666666667,196,90.0,35.0,67,29.0,26,196.0
2024-12-30,102.33333333333333,101.76666666666667,911.4166666666666,24.829166666666666,30.59166666666667,86.04166666666667,239,102.0,46.0,86,38.0,31,239.0
2024-12-31,142.34583333333333,114.28571428571429,1088.7916666666667,30.587500000000002,39.516666666666666,67.29166666666667,281,128.0,54.0,67,49.0,38,281.0
2025-01-01,146.57500000000002,124.11428571428571,1145.625,24.45,33.81666666666667,84.75,303,131.0,57.0,85,42.0,31,303.0
2025-01-02,150.375,128.85333333333332,1284.6190476190477,27.816666666666666,32.766666666666666,88.04166666666667,307,134.0,64.0,88,41.0,35,307.0
2025-01-03,151.35416666666666,120.52,1392.4782608695652,35.285000000000004,36.725,68.25,300,134.0,70.0,68,46.0,44,300.0
2025-01-04,171.1291666666667,114.39999999999999,1432.5416666666667,28.508333333333336,33.94583333333333,91.25,281,147.0,72.0,91,42.0,36,281.0
2025-01-05,145.0625,125.07777777777778,1051.625,13.608333333333334,25.09583333333333,94.91666666666667,304,130.0,53.0,95,31.0,17,304.0
2025-01-06,121.8,118.70434782608694,841.9166666666666,17.208333333333332,24.991666666666664,77.20833333333333,296,115.0,42.0,77,31.0,22,296.0
2025-01-07,103.34583333333335,102.47500000000001,649.0833333333334,17.883333333333333,31.483333333333334,97.95833333333333,242,102.0,32.0,98,39.0,22,242.0
2025-01-08,91.29583333333333,89.55833333333334,891.2083333333334,30.8,29.683333333333334,80.91666666666667,199,91.0,45.0,81,37.0,39,199.0
2025-01-09,120.44,92.35000000000001,1164.8125,36.650000000000006,35.85625,80.91666666666667,208,114.0,58.0,81,45.0,46,208.0
2025-01-10,212.83,150.4,1150.05,23.212500000000002,27.537499999999998,98.0,323,175.0,58.0,98,34.0,29,323.0
2025-01-11,120.01666666666667,105.455,802.2083333333334,12.904166666666667,28.3125,92.70833333333333,252,113.0,40.0,93,35.0,16,252.0
2025-01-12,95.49583333333334,93.72916666666667,672.9583333333334,15.1875,18.220833333333335,82.20833333333333,212,95.0,34.0,82,23.0,19,212.0
2025-01-13,79.53750000000001,79.04583333333333,771.25,22.241666666666664,23.108333333333334,78.16666666666667,163,80.0,39.0,78,29.0,28,163.0
2025-01-14,124.53333333333333,93.95,965.4375,36.670833333333334,32.958333333333336,85.66666666666667,213,116.0,48.0,86,41.0,46,213.0
2025-01-15,175.7521739130435,125.65,962.304347826087,25.045833333333334,18.958333333333332,78.5,304,151.0,48.0,78,24.0,31,304.0
2025-01-16,123.58749999999999,109.915,674.8333333333334,25.195833333333336,14.808333333333332,65.875,266,116.0,34.0,66,19.0,31,266.0
2025-01-17,101.06666666666666,99.95,691.5,19.008333333333333,26.179166666666664,79.83333333333333,233,101.0,35.0,80,33.0,24,233.0
2025-01-18,140.67083333333332,109.32857142857142,1026.2083333333333,26.186666666666667,39.920833333333334,52.75,264,127.0,51.0,53,50.0,33,264.0
2025-01-19,133.07500000000002,120.745,1075.375,29.95909090909091,40.12222222222223,82.41666666666667,301,122.0,54.0,82,50.0,37,301.0
2025-01-20,91.11666666666667,90.57916666666667,903.75,19.6125,30.3125,92.0,202,91.0,45.0,92,38.0,25,202.0
2025-01-21,82.13333333333334,80.8,956.6666666666666,20.504166666666666,25.325,93.20833333333333,169,82.0,48.0,93,32.0,26,169.0
2025-01-22,95.85416666666667,86.94782608695652,734.5833333333334,24.715,26.941666666666666,66.75,190,96.0,37.0,67,34.0,31,190.0
2025-01-23,69.17083333333333,65.80416666666666,543.75,21.020833333333332,22.395833333333332,76.16666666666667,119,69.0,27.0,76,28.0,26,119.0
2025-01-24,58.59166666666667,55.15416666666667,622.25,18.858333333333334,23.28333333333333,84.0,92,59.0,31.0,84,29.0,24,92.0
2025-01-25,53.949999999999996,51.77916666666667,779.7083333333334,21.866666666666664,22.695833333333336,77.25,86,54.0,39.0,77,28.0,27,86.0
2025-01-26,84.19583333333334,81.64583333333333,926.5833333333334,28.77916666666667,26.516666666666666,74.45833333333333,172,84.0,46.0,74,33.0,36,172.0
2025-01-27,90.925,88.54583333333333,965.695652173913,24.679166666666664,27.995833333333334,89.33333333333333,195,91.0,48.0,89,35.0,31,195.0
2025-01-28,132.40416666666667,92.53999999999999,1001.3888888888889,29.795833333333334,31.5125,90.375,208,122.0,50.0,90,39.0,37,208.0
2025-01-29,149.41666666666666,115.16,1017.1666666666666,16.866666666666667,31.858333333333334,113.33333333333333,284,133.0,51.0,120,40.0,21,284.0
2025-01-30,187.78333333333333,111.82857142857142,1023.2608695652174,26.15416666666667,26.96666666666667,97.20833333333333,273,159.0,51.0,97,34.0,33,273.0
2025-01-31,142.12916666666666,94.09375,943.3181818181819,29.316666666666666,25.55,88.70833333333333,214,128.0,47.0,89,32.0,37,214.0
