date,pm10 (μg/m³),pm2_5 (μg/m³),carbon_monoxide (μg/m³),nitrogen_dioxide (μg/m³),sulphur_dioxide (μg/m³),ozone (μg/m³),pm2_5 (μg/m³)_subindex,pm10 (μg/m³)_subindex,carbon_monoxide (μg/m³)_subindex,ozone (μg/m³)_subindex,sulphur_dioxide (μg/m³)_subindex,nitrogen_dioxide (μg/m³)_subindex,AQI
2022-09-01,14.945833333333333,10.4625,383.875,9.154166666666667,0.65,84.83333333333333,17.0,15,19,85,1.0,11,85.0
2022-09-02,13.679166666666667,9.591666666666667,406.9583333333333,10.466666666666667,0.48333333333333334,81.16666666666667,16.0,14,20,81,1.0,13,81.0
2022-09-03,15.270833333333334,10.695833333333333,452.9166666666667,9.183333333333334,0.5125000000000001,88.41666666666667,18.0,15,23,88,1.0,11,88.0
2022-09-04,18.495833333333334,12.941666666666668,431.7083333333333,7.916666666666667,0.5875,105.16666666666667,22.0,18,22,108,1.0,10,108.0
2022-09-05,21.65416666666667,15.104166666666666,389.0,11.5,0.8291666666666666,103.04166666666667,25.0,22,19,104,1.0,14,104.0
2022-09-06,17.579166666666666,12.295833333333334,351.0833333333333,9.045833333333333,0.7166666666666667,100.16666666666667,20.0,18,18,100,1.0,11,100.0
2022-09-07,22.8125,15.924999999999999,344.5833333333333,10.466666666666667,1.2416666666666667,98.95833333333333,27.0,23,17,99,2.0,13,99.0
2022-09-08,22.175,15.470833333333333,282.25,10.504166666666666,1.075,87.66666666666667,26.0,22,14,88,1.0,13,88.0
2022-09-09,16.216666666666665,11.345833333333333,275.7916666666667,14.5375,0.6749999999999999,57.5,19.0,16,14,58,1.0,18,58.0
2022-09-10,18.466666666666665,12.9125,289.2083333333333,10.383333333333333,0.9500000000000001,82.5,22.0,18,14,82,1.0,13,82.0
2022-09-11,23.058333333333334,16.133333333333333,323.875,10.845833333333333,1.1333333333333333,89.5,27.0,23,16,90,1.0,14,90.0
2022-09-12,16.758333333333333,11.729166666666666,339.4166666666667,15.976190476190476,0.8666666666666667,59.041666666666664,20.0,17,17,59,1.0,20,59.0
2022-09-13,15.308333333333332,10.708333333333334,323.8333333333333,15.645833333333334,0.9583333333333334,55.541666666666664,18.0,15,16,56,1.0,20,56.0
2022-09-14,14.433333333333332,10.091666666666667,257.0416666666667,10.495833333333334,1.0458333333333334,66.875,17.0,14,13,67,1.0,13,67.0
2022-09-15,14.208333333333334,9.945833333333333,246.20833333333334,9.529166666666667,0.775,70.91666666666667,17.0,14,12,71,1.0,12,71.0
2022-09-16,17.2875,12.083333333333334,295.0,9.316666666666666,0.9249999999999999,76.70833333333333,20.0,17,15,77,1.0,12,77.0
2022-09-17,17.570833333333333,12.279166666666667,323.5833333333333,9.987499999999999,1.7833333333333332,89.79166666666667,20.0,18,16,90,2.0,12,90.0
2022-09-18,21.541666666666668,15.049999999999999,343.25,14.491666666666667,1.3708333333333333,86.91666666666667,25.0,22,17,87,2.0,18,87.0
2022-09-19,23.420833333333334,16.366666666666667,328.25,16.533333333333335,0.8958333333333334,77.0,27.0,23,16,77,1.0,21,77.0
2022-09-20,19.895833333333332,13.883333333333333,279.4583333333333,8.8375,0.9083333333333333,85.75,23.0,20,14,86,1.0,11,86.0
2022-09-21,18.104166666666668,12.616666666666667,300.0,14.804166666666667,0.7374999999999999,70.83333333333333,21.0,18,15,71,1.0,19,71.0
2022-09-22,16.579166666666666,11.554166666666667,280.8333333333333,10.762500000000001,0.6375000000000001,71.54166666666667,19.0,17,14,72,1.0,13,72.0
2022-09-23,13.0875,9.15,278.2916666666667,10.695833333333333,0.5750000000000001,77.0,15.0,13,14,77,1.0,13,77.0
2022-09-24,13.737499999999999,9.616666666666667,289.6666666666667,10.345833333333333,0.525,79.375,16.0,14,14,79,1.0,13,79.0
2022-09-25,18.941666666666666,13.258333333333333,366.5416666666667,15.075000000000001,0.7708333333333334,80.0,22.0,19,18,80,1.0,19,80.0
2022-09-26,16.425,11.491666666666667,357.7916666666667,14.704166666666666,0.7708333333333334,88.45833333333333,19.0,16,18,88,1.0,18,88.0
2022-09-27,18.229166666666668,12.75,349.125,13.216666666666667,0.7291666666666666,84.70833333333333,21.0,18,17,85,1.0,17,85.0
2022-09-28,21.55,15.079166666666666,357.2916666666667,15.612499999999999,0.8208333333333333,81.41666666666667,25.0,22,18,81,1.0,20,81.0
2022-09-29,19.825,13.862499999999999,354.8333333333333,12.273684210526316,0.7666666666666666,75.83333333333333,23.0,20,18,76,1.0,15,76.0
2022-09-30,22.650000000000002,15.8375,399.0416666666667,14.649999999999999,0.8291666666666667,66.5,26.0,23,20,66,1.0,18,66.0
2022-10-01,22.479166666666668,15.725,387.8333333333333,14.961111111111112,0.9791666666666666,74.45833333333333,26.0,22,19,74,1.0,19,74.0
2022-10-02,20.458333333333332,14.304166666666667,365.4166666666667,18.566666666666666,1.0,74.41666666666667,24.0,20,18,74,1.0,23,74.0
2022-10-03,23.275000000000002,16.275000000000002,333.625,11.35,1.2125000000000001,81.79166666666667,27.0,23,17,82,2.0,14,82.0
2022-10-04,24.09583333333333,16.849999999999998,395.25,16.770833333333332,1.3166666666666667,65.75,28.0,24,20,66,2.0,21,66.0
2022-10-05,21.079166666666666,14.700000000000001,327.25,14.487499999999999,1.1125,56.333333333333336,25.0,21,16,56,1.0,18,56.0
2022-10-06,15.575000000000001,10.883333333333333,251.54166666666666,14.241666666666667,0.7458333333333332,50.166666666666664,18.0,16,13,50,1.0,18,50.0
2022-10-07,17.229166666666668,12.029166666666667,251.83333333333334,12.554166666666667,1.1041666666666667,57.458333333333336,20.0,17,13,57,1.0,16,57.0
2022-10-08,20.458333333333332,14.295833333333334,289.75,13.416666666666666,1.1208333333333333,61.833333333333336,24.0,20,14,62,1.0,17,62.0
2022-10-09,17.533333333333335,12.241666666666667,311.5,10.445833333333333,0.9583333333333334,70.33333333333333,20.0,18,16,70,1.0,13,70.0
2022-10-10,24.662499999999998,17.154166666666665,318.375,10.4125,1.55,71.45833333333333,29.0,25,16,71,2.0,13,71.0
2022-10-11,22.6875,15.841666666666667,334.5833333333333,11.279166666666667,0.8791666666666668,67.54166666666667,26.0,23,17,68,1.0,14,68.0
2022-10-12,15.095833333333333,10.570833333333333,316.25,11.4625,1.3916666666666666,66.16666666666667,18.0,15,16,66,2.0,14,66.0
2022-10-13,21.604166666666668,15.116666666666667,343.8333333333333,17.8,0.9333333333333332,64.625,25.0,22,17,65,1.0,22,65.0
2022-10-14,30.6125,21.40416666666667,362.7916666666667,15.429166666666667,1.2458333333333333,77.20833333333333,36.0,31,18,77,2.0,19,77.0
2022-10-15,29.9375,20.929166666666667,457.5833333333333,12.6875,1.1624999999999999,59.625,35.0,30,23,60,1.0,16,60.0
2022-10-16,29.320833333333336,20.520833333333332,451.25,15.25263157894737,1.4041666666666668,72.0,34.0,29,23,72,2.0,19,72.0
2022-10-17,24.84166666666667,17.366666666666667,393.5,15.786363636363637,1.2333333333333334,80.79166666666667,29.0,25,20,81,2.0,20,81.0
2022-10-18,17.541666666666668,12.254166666666668,384.4166666666667,12.535714285714286,0.7791666666666667,58.25,20.0,18,19,58,1.0,16,58.0
2022-10-19,17.029166666666665,11.820833333333333,313.625,14.405263157894737,1.0708333333333333,75.25,20.0,17,16,75,1.0,18,75.0
2022-10-20,24.75,17.129166666666666,306.375,15.695833333333333,1.4124999999999999,83.5,29.0,25,15,84,2.0,20,84.0
2022-10-21,17.941666666666666,12.4125,318.0,13.657894736842104,1.2916666666666667,74.08333333333333,21.0,18,16,74,2.0,17,74.0
2022-10-22,14.391666666666666,10.0125,305.1666666666667,11.883333333333333,0.875,68.125,17.0,14,15,68,1.0,15,68.0
2022-10-23,13.079166666666666,9.125,258.625,15.891304347826088,0.7125,73.08333333333333,15.0,13,13,73,1.0,20,73.0
2022-10-24,23.133333333333336,16.154166666666665,324.4583333333333,18.287499999999998,1.6833333333333333,63.833333333333336,27.0,23,16,64,2.0,23,64.0
2022-10-25,30.5125,21.329166666666666,406.125,12.795833333333334,2.0416666666666665,77.79166666666667,36.0,31,20,78,3.0,16,78.0
2022-10-26,32.041666666666664,22.429166666666664,401.9583333333333,9.862499999999999,2.2958333333333334,104.66666666666667,37.0,32,20,107,3.0,12,107.0
2022-10-27,52.69583333333333,36.80416666666667,439.25,9.941666666666666,3.6875,113.08333333333333,61.0,53,22,119,5.0,12,119.0
2022-10-28,44.15833333333333,30.7375,394.5416666666667,13.616666666666667,2.920833333333333,104.20833333333333,51.0,44,20,106,4.0,17,106.0
2022-10-29,35.25,24.566666666666666,372.2083333333333,15.727272727272727,2.2083333333333335,87.25,41.0,35,19,87,3.0,20,87.0
2022-10-30,22.325,15.595833333333333,338.6666666666667,13.342105263157896,1.5166666666666666,75.58333333333333,26.0,22,17,76,2.0,17,76.0
2022-10-31,18.820833333333333,13.120833333333332,308.6666666666667,13.765,1.3791666666666667,77.04166666666667,22.0,19,15,77,2.0,17,77.0
2022-11-01,20.508333333333333,14.299999999999999,313.9166666666667,15.495238095238093,1.4875,79.58333333333333,24.0,21,16,80,2.0,19,80.0
2022-11-02,24.683333333333334,17.245833333333334,356.7916666666667,17.008333333333333,1.7833333333333332,79.70833333333333,29.0,25,18,80,2.0,21,80.0
2022-11-03,24.400000000000002,17.0625,463.4166666666667,14.89375,1.5708333333333335,65.04166666666667,28.0,24,23,65,2.0,19,65.0
2022-11-04,23.90416666666667,16.712500000000002,484.0833333333333,17.776470588235295,1.45,61.25,28.0,24,24,61,2.0,22,61.0
2022-11-05,26.0,18.175,473.0833333333333,15.917647058823531,1.7541666666666667,70.95833333333333,30.0,26,24,71,2.0,20,71.0
2022-11-06,27.670833333333334,19.333333333333332,391.0,14.965217391304348,2.5708333333333333,96.375,32.0,28,20,96,3.0,19,96.0
2022-11-07,31.96666666666667,22.370833333333334,401.0416666666667,11.233333333333334,2.3666666666666667,99.58333333333333,37.0,32,20,100,3.0,14,100.0
2022-11-08,39.34583333333333,27.5125,378.625,10.083333333333334,2.8000000000000003,107.41666666666667,46.0,39,19,111,4.0,13,111.0
2022-11-09,40.275,28.195833333333336,393.0833333333333,14.225,2.0625,96.08333333333333,47.0,40,20,96,3.0,18,96.0
2022-11-10,46.949999999999996,32.875,366.7083333333333,10.483333333333333,2.1333333333333333,104.16666666666667,55.0,47,18,106,3.0,13,106.0
2022-11-11,52.68333333333334,36.9125,372.4583333333333,12.9625,2.191666666666667,96.75,62.0,53,19,97,3.0,16,97.0
2022-11-12,59.32083333333333,41.59166666666667,405.4583333333333,9.866666666666665,1.9375,104.83333333333333,69.0,59,20,107,2.0,12,107.0
2022-11-13,72.61428571428571,51.65,514.125,13.479166666666666,2.9916666666666667,95.16666666666667,86.0,73,26,95,4.0,17,95.0
2022-11-14,72.94545454545454,51.76521739130435,504.5833333333333,15.829166666666666,3.233333333333333,86.83333333333333,86.0,73,25,87,4.0,20,87.0
2022-11-15,61.15416666666667,42.708333333333336,403.4583333333333,11.025,3.4625,103.04166666666667,71.0,61,20,104,4.0,14,104.0
2022-11-16,46.9375,32.854166666666664,383.1666666666667,7.979166666666667,3.1374999999999997,117.79166666666667,55.0,47,19,126,4.0,10,126.0
2022-11-17,69.00416666666666,48.28333333333333,447.3333333333333,7.2749999999999995,5.1125,127.625,80.0,69,22,141,6.0,9,141.0
2022-11-18,60.2125,42.145833333333336,595.5,14.23,3.5124999999999997,95.16666666666667,70.0,60,30,95,4.0,18,95.0
2022-11-19,42.329166666666666,29.604166666666668,578.125,18.741176470588236,2.4875000000000003,67.75,49.0,42,29,68,3.0,23,68.0
2022-11-20,33.525,23.4375,410.375,16.379166666666666,2.6958333333333333,86.79166666666667,39.0,34,21,87,3.0,20,87.0
2022-11-21,36.38333333333333,25.454166666666666,417.6666666666667,16.566666666666666,2.8333333333333335,86.95833333333333,42.0,36,21,87,4.0,21,87.0
2022-11-22,49.79583333333333,34.88333333333333,522.7916666666666,16.241666666666667,4.104166666666667,95.83333333333333,58.0,50,26,96,5.0,20,96.0
2022-11-23,57.824999999999996,40.5,554.125,14.220833333333333,5.308333333333333,103.91666666666667,68.0,58,28,106,7.0,18,106.0
2022-11-24,36.40416666666667,25.479166666666668,523.375,14.152941176470588,3.0124999999999997,83.875,42.0,36,26,84,4.0,18,84.0
2022-11-25,33.262499999999996,23.245833333333334,558.875,19.6,2.5083333333333333,77.375,39.0,33,28,77,3.0,25,77.0
2022-11-26,40.3125,28.166666666666668,491.0833333333333,15.083333333333334,3.7583333333333333,101.66666666666667,47.0,40,25,102,5.0,19,102.0
2022-11-27,37.49166666666667,26.22083333333333,438.5,13.325000000000001,3.8666666666666667,96.29166666666667,44.0,37,22,96,5.0,17,96.0
2022-11-28,26.958333333333332,18.820833333333333,426.5833333333333,17.52608695652174,2.8249999999999997,86.58333333333333,31.0,27,21,87,4.0,22,87.0
2022-11-29,28.391666666666666,19.85833333333333,429.0,17.583333333333332,3.0041666666666664,90.125,33.0,28,21,90,4.0,22,90.0
2022-11-30,27.6375,19.3125,422.2083333333333,17.0625,3.5708333333333333,98.91666666666667,32.0,28,21,99,4.0,21,99.0
2022-12-01,36.07083333333333,25.21666666666667,487.2916666666667,15.38888888888889,3.829166666666667,89.625,42.0,36,24,90,5.0,19,90.0
2022-12-02,34.61666666666667,24.204166666666666,481.0416666666667,20.10909090909091,3.2375000000000003,85.66666666666667,40.0,35,24,86,4.0,25,86.0
2022-12-03,31.666666666666668,22.150000000000002,404.25,15.395833333333334,3.8791666666666664,95.66666666666667,37.0,32,20,96,5.0,19,96.0
2022-12-04,34.112500000000004,23.854166666666668,403.75,13.404761904761905,3.6374999999999997,89.5,40.0,34,20,90,5.0,17,90.0
2022-12-05,30.599999999999998,21.395833333333332,383.2083333333333,16.26521739130435,3.3166666666666664,87.79166666666667,36.0,31,19,88,4.0,20,88.0
2022-12-06,31.579166666666666,22.075,443.9583333333333,15.38888888888889,3.0500000000000003,76.625,37.0,32,22,77,4.0,19,77.0
2022-12-07,41.520833333333336,29.016666666666666,522.25,19.4,3.3041666666666667,79.29166666666667,48.0,42,26,79,4.0,24,79.0
2022-12-08,43.89166666666667,30.662499999999998,442.9583333333333,16.616666666666667,3.4625,85.25,51.0,44,22,85,4.0,21,85.0
2022-12-09,42.6875,29.829166666666666,419.4166666666667,13.320833333333333,4.204166666666667,99.54166666666667,50.0,43,21,100,5.0,17,100.0
2022-12-10,40.15,28.083333333333332,509.4166666666667,9.828571428571427,4.095833333333333,78.91666666666667,47.0,40,25,79,5.0,12,79.0
2022-12-11,57.32083333333333,40.079166666666666,596.047619047619,20.777272727272727,4.104166666666667,76.25,67.0,57,30,76,5.0,26,76.0
2022-12-12,59.67916666666667,41.762499999999996,701.8636363636364,14.258333333333333,4.7,93.41666666666667,70.0,60,35,93,6.0,18,93.0
2022-12-13,35.229166666666664,24.616666666666664,342.0,3.6875,3.4958333333333336,76.125,41.0,35,17,76,4.0,5,76.0
2022-12-14,0.8624999999999999,0.6041666666666666,59.0,0.0,0.7416666666666667,26.916666666666668,1.0,1,3,27,1.0,0,27.0
2022-12-15,0.8166666666666668,0.5833333333333334,62.125,0.0,0.27499999999999997,33.625,1.0,1,3,34,0.0,0,34.0
2022-12-16,76.29583333333333,53.375,664.0416666666666,13.308333333333332,6.445833333333333,98.04166666666667,89.0,76,33,98,8.0,17,98.0
2022-12-17,67.96249999999999,47.54583333333333,480.75,14.191666666666668,5.216666666666667,93.54166666666667,79.0,68,24,94,7.0,18,94.0
2022-12-18,43.0875,30.1375,375.5833333333333,14.254166666666668,3.9875000000000003,86.0,50.0,43,19,86,5.0,18,86.0
2022-12-19,34.987500000000004,24.46666666666667,341.625,10.3125,3.5833333333333335,86.0,41.0,35,17,86,4.0,13,86.0
2022-12-20,51.48333333333333,35.987500000000004,429.375,9.766666666666667,4.029166666666667,97.875,60.0,51,21,98,5.0,12,98.0
2022-12-21,65.50833333333334,45.80416666666667,517.8333333333334,12.450000000000001,3.704166666666667,96.29166666666667,76.0,66,26,96,5.0,16,96.0
2022-12-22,78.91428571428571,55.23809523809524,563.3333333333334,10.816666666666668,6.3875,104.41666666666667,92.0,79,28,106,8.0,14,106.0
2022-12-23,67.78750000000001,47.42083333333333,667.5416666666666,11.929166666666667,7.120833333333334,103.5,79.0,68,33,105,9.0,15,105.0
2022-12-24,57.0875,39.920833333333334,588.2272727272727,14.895833333333334,4.141666666666667,95.41666666666667,67.0,57,29,95,5.0,19,95.0
2022-12-25,53.3375,37.17916666666667,574.75,10.733333333333334,7.541666666666667,117.66666666666667,62.0,53,29,126,9.0,13,126.0
2022-12-26,64.25416666666668,44.800000000000004,592.3333333333334,9.608333333333334,7.2625,121.70833333333333,75.0,64,30,132,9.0,12,132.0
2022-12-27,79.07368421052632,55.20526315789474,611.125,9.1,5.829166666666667,108.29166666666667,92.0,79,31,112,7.0,11,112.0
2022-12-28,95.0,66.6,535.125,6.583333333333333,8.29375,113.41666666666667,122.0,95,27,120,10.0,8,122.0
2022-12-29,89.08,63.1,448.375,6.104166666666667,4.979166666666667,117.25,110.0,89,22,125,6.0,8,125.0
2022-12-30,72.6076923076923,50.353846153846156,379.75,7.5375000000000005,4.0,105.125,84.0,73,19,108,5.0,9,108.0
2022-12-31,62.52916666666667,43.487500000000004,371.4166666666667,7.666666666666667,3.9333333333333336,101.375,72.0,63,19,102,5.0,10,102.0
2023-01-01,81.35000000000001,58.6,453.375,10.112499999999999,3.625,92.91666666666667,98.0,81,23,93,5.0,13,98.0
2023-01-02,78.175,54.72380952380953,478.7083333333333,12.695833333333333,4.175,88.70833333333333,91.0,78,24,89,5.0,16,91.0
2023-01-03,63.89166666666667,44.28333333333333,500.0416666666667,16.529166666666665,3.7125,80.45833333333333,74.0,64,25,80,5.0,21,80.0
2023-01-04,54.10833333333333,37.666666666666664,515.875,18.11304347826087,2.875,73.83333333333333,63.0,54,26,74,4.0,23,74.0
2023-01-05,44.99166666666667,31.3875,552.952380952381,17.727777777777778,2.2083333333333335,64.45833333333333,52.0,45,28,64,3.0,22,64.0
2023-01-06,39.46666666666667,27.604166666666668,540.5,17.429411764705883,2.341666666666667,66.25,46.0,39,27,66,3.0,22,66.0
2023-01-07,32.75416666666667,22.895833333333332,521.5454545454545,16.71875,2.1875,62.625,38.0,33,26,63,3.0,21,63.0
2023-01-08,37.425000000000004,26.133333333333336,522.5238095238095,19.6,2.716666666666667,66.41666666666667,44.0,37,26,66,3.0,25,66.0
2023-01-09,46.92916666666667,32.80416666666667,523.4666666666667,17.60666666666667,3.470833333333333,67.04166666666667,55.0,47,26,67,4.0,22,67.0
2023-01-10,56.30416666666667,39.38333333333333,511.95,17.849999999999998,4.2,85.45833333333333,66.0,56,26,85,5.0,22,85.0
2023-01-11,43.824999999999996,30.629166666666666,402.7916666666667,11.366666666666667,4.329166666666667,98.875,51.0,44,20,99,5.0,14,99.0
2023-01-12,40.670833333333334,28.395833333333332,373.9583333333333,9.016666666666667,3.4458333333333333,96.70833333333333,47.0,41,19,97,4.0,11,97.0
2023-01-13,68.545,47.63,517.4166666666666,8.9,5.654999999999999,104.08333333333333,79.0,69,26,106,7.0,11,106.0
2023-01-14,66.80833333333334,46.5375,621.4666666666667,7.341666666666666,5.988888888888889,116.5,78.0,67,31,124,7.0,9,124.0
2023-01-15,65.15416666666667,45.525,774.9333333333333,10.275,5.004166666666666,102.91666666666667,76.0,65,39,104,6.0,13,104.0
2023-01-16,65.50416666666666,45.90416666666667,638.5416666666666,12.220833333333333,3.1333333333333333,85.83333333333333,77.0,66,32,86,4.0,15,86.0
2023-01-17,76.52916666666667,53.416666666666664,551.0,9.745833333333334,4.858333333333333,98.45833333333333,89.0,77,28,98,6.0,12,98.0
2023-01-18,88.66666666666667,63.46666666666667,545.625,8.549999999999999,4.829166666666667,104.58333333333333,112.0,89,27,107,6.0,11,112.0
2023-01-19,95.7,67.85,581.1666666666666,10.6125,4.141666666666667,98.79166666666667,126.0,96,29,99,5.0,13,126.0
2023-01-20,79.22857142857143,55.24285714285714,562.75,12.520833333333334,4.033333333333333,92.95833333333333,92.0,79,28,93,5.0,16,93.0
2023-01-21,82.45454545454545,60.44666666666667,639.8181818181819,10.208333333333334,6.0625,113.54166666666667,101.0,82,32,120,8.0,13,120.0
2023-01-22,87.97999999999999,62.75,753.2666666666667,11.6875,5.9125000000000005,116.66666666666667,109.0,88,38,125,7.0,15,125.0
2023-01-23,89.89166666666667,62.949999999999996,724.875,12.608333333333334,4.795833333333333,103.875,110.0,90,36,106,6.0,16,110.0
2023-01-24,84.22999999999999,60.2695652173913,696.421052631579,13.679166666666667,3.975,100.70833333333333,101.0,84,35,101,5.0,17,101.0
2023-01-25,73.24166666666666,51.14166666666667,664.3913043478261,14.262500000000001,4.583333333333333,106.16666666666667,85.0,73,33,109,6.0,18,109.0
2023-01-26,72.87916666666666,50.862500000000004,634.5833333333334,12.391666666666666,5.625,108.41666666666667,85.0,73,32,112,7.0,15,112.0
2023-01-27,76.08333333333333,53.137499999999996,688.5,11.529166666666667,5.154166666666667,106.875,89.0,76,34,110,6.0,14,110.0
2023-01-28,61.09583333333333,42.74583333333334,675.125,14.516666666666666,3.466666666666667,88.20833333333333,71.0,61,34,88,4.0,18,88.0
2023-01-29,63.12083333333334,44.06666666666666,561.3846153846154,18.928571428571427,2.3291666666666666,77.20833333333333,73.0,63,28,77,3.0,24,77.0
2023-01-30,64.53750000000001,44.99583333333334,608.05,20.07391304347826,2.654166666666667,78.91666666666667,75.0,65,30,79,3.0,25,79.0
2023-01-31,51.62916666666666,36.016666666666666,566.875,18.099999999999998,2.466666666666667,69.58333333333333,60.0,52,28,70,3.0,23,70.0
2023-02-01,54.12083333333334,37.708333333333336,602.9130434782609,16.4375,3.158333333333333,89.875,63.0,54,30,90,4.0,21,90.0
2023-02-02,48.78333333333333,34.016666666666666,609.2916666666666,15.19090909090909,2.920833333333333,89.70833333333333,57.0,49,30,90,4.0,19,90.0
2023-02-03,67.77499999999999,47.26666666666667,486.4166666666667,10.612499999999999,4.3999999999999995,107.29166666666667,79.0,68,24,111,5.0,13,111.0
2023-02-04,64.29583333333333,44.7875,422.8333333333333,8.645833333333334,3.533333333333333,111.5,75.0,64,21,117,4.0,11,117.0
2023-02-05,59.42916666666667,41.44166666666667,442.0416666666667,8.75,3.670833333333333,115.16666666666667,69.0,59,22,122,5.0,11,122.0
2023-02-06,65.62916666666666,45.80416666666667,561.0833333333334,8.070833333333333,5.066666666666666,125.95833333333333,76.0,66,28,138,6.0,10,138.0
2023-02-07,71.78750000000001,50.2125,608.1666666666666,7.870833333333334,6.245833333333334,137.91666666666666,84.0,72,30,156,8.0,10,156.0
2023-02-08,71.12916666666666,49.60833333333333,521.0,7.920833333333333,7.104166666666667,127.75,83.0,71,26,141,9.0,10,141.0
2023-02-09,78.62916666666666,54.762499999999996,508.125,7.925,6.0249999999999995,117.5,91.0,79,25,126,8.0,10,126.0
2023-02-10,87.76818181818182,61.608695652173914,535.5833333333334,8.745833333333334,4.991666666666666,109.91666666666667,105.0,88,27,115,6.0,11,115.0
2023-02-11,69.68333333333334,48.75833333333333,597.5833333333334,8.3125,4.6875,118.16666666666667,81.0,70,30,127,6.0,10,127.0
2023-02-12,69.54166666666667,48.45416666666667,530.7916666666666,8.329166666666667,4.929166666666666,113.41666666666667,81.0,70,27,120,6.0,10,120.0
2023-02-13,65.11666666666666,45.37083333333334,456.7083333333333,6.954166666666667,6.4375,100.875,76.0,65,23,101,8.0,9,101.0
2023-02-14,52.025,36.38333333333333,413.2083333333333,7.5249999999999995,5.766666666666667,99.83333333333333,61.0,52,21,100,7.0,9,100.0
2023-02-15,41.4625,28.96666666666667,367.5,7.5125,4.2749999999999995,112.58333333333333,48.0,41,18,119,5.0,9,119.0
2023-02-16,42.395833333333336,29.675,542.2916666666666,14.7,3.5875,94.75,49.0,42,27,95,4.0,18,95.0
2023-02-17,41.666666666666664,29.145833333333332,435.2083333333333,9.116666666666665,3.6458333333333335,106.08333333333333,49.0,42,22,109,5.0,11,109.0
2023-02-18,46.06666666666666,32.2125,425.4166666666667,6.441666666666666,3.6750000000000003,115.66666666666667,54.0,46,21,123,5.0,8,123.0
2023-02-19,56.09583333333333,39.262499999999996,477.125,6.391666666666667,4.504166666666666,120.95833333333333,65.0,56,24,131,6.0,8,131.0
2023-02-20,68.14166666666667,47.737500000000004,524.7083333333334,6.858333333333333,6.375,129.33333333333334,80.0,68,26,143,8.0,9,143.0
2023-02-21,76.39999999999999,53.54583333333333,591.625,7.054166666666667,6.616666666666667,136.33333333333334,89.0,76,30,153,8.0,9,153.0
2023-02-22,71.57826086956521,50.12173913043478,611.9583333333334,9.729166666666666,4.541666666666667,124.79166666666667,84.0,72,31,136,6.0,12,136.0
2023-02-23,67.63333333333334,47.15,556.2083333333334,9.379166666666666,5.283333333333333,120.625,79.0,68,28,130,7.0,12,130.0
2023-02-24,51.15833333333333,35.708333333333336,494.7083333333333,9.858333333333333,5.770833333333333,114.625,60.0,51,25,122,7.0,12,122.0
2023-02-25,53.28333333333333,37.2125,388.7916666666667,6.716666666666666,4.483333333333333,120.70833333333333,62.0,53,19,130,6.0,8,130.0
2023-02-26,45.62916666666666,31.791666666666668,358.3333333333333,10.887500000000001,2.6666666666666665,107.54166666666667,53.0,46,18,111,3.0,14,111.0
2023-02-27,40.550000000000004,28.191666666666666,372.1666666666667,9.620833333333334,2.6,111.79166666666667,47.0,41,19,117,3.0,12,117.0
2023-02-28,59.15833333333333,41.333333333333336,425.5833333333333,8.654166666666667,4.2749999999999995,118.25,69.0,59,21,127,5.0,11,127.0
2023-03-01,78.78750000000001,55.03333333333333,471.2916666666667,8.908333333333333,4.783333333333333,113.58333333333333,92.0,79,24,120,6.0,11,120.0
2023-03-02,67.29583333333333,46.925000000000004,483.25,11.141666666666666,2.6041666666666665,111.20833333333333,78.0,67,24,116,3.0,14,116.0
2023-03-03,50.35833333333333,35.1,475.0833333333333,11.950000000000001,2.033333333333333,104.33333333333333,59.0,50,24,106,3.0,15,106.0
2023-03-04,61.13333333333333,42.6625,445.9166666666667,9.304166666666667,2.6833333333333336,112.70833333333333,71.0,61,22,119,3.0,12,119.0
2023-03-05,60.25416666666666,42.141666666666666,444.9583333333333,10.5625,1.7458333333333333,109.95833333333333,70.0,60,22,115,2.0,13,115.0
2023-03-06,54.53333333333333,38.016666666666666,446.6666666666667,12.095833333333333,1.95,99.5,63.0,55,22,100,2.0,15,100.0
2023-03-07,59.354166666666664,41.40416666666667,456.1666666666667,15.237499999999999,3.016666666666667,90.79166666666667,69.0,59,23,91,4.0,19,91.0
2023-03-08,39.93333333333333,27.933333333333334,418.75,10.8375,2.404166666666667,88.16666666666667,47.0,40,21,88,3.0,14,88.0
2023-03-09,23.075,16.091666666666665,339.5,8.791666666666666,1.0208333333333333,83.41666666666667,27.0,23,17,83,1.0,11,83.0
2023-03-10,23.441666666666666,16.337500000000002,321.625,8.958333333333334,0.9833333333333334,82.625,27.0,23,16,83,1.0,11,83.0
2023-03-11,29.22083333333333,20.404166666666665,325.625,8.620833333333334,1.5208333333333333,92.41666666666667,34.0,29,16,92,2.0,11,92.0
2023-03-12,38.0375,26.537499999999998,312.4166666666667,5.5874999999999995,2.720833333333333,113.16666666666667,44.0,38,16,119,3.0,7,119.0
2023-03-13,39.65833333333333,27.666666666666668,344.6666666666667,6.379166666666666,1.9625000000000001,102.16666666666667,46.0,40,17,103,2.0,8,103.0
2023-03-14,44.67916666666667,31.15416666666667,377.7916666666667,7.020833333333333,1.4541666666666666,95.875,52.0,45,19,96,2.0,9,96.0
2023-03-15,43.1,29.883333333333336,334.0416666666667,7.033333333333334,1.3833333333333335,95.0,50.0,43,17,95,2.0,9,95.0
2023-03-16,59.8375,41.670833333333334,417.625,10.679166666666667,2.066666666666667,97.16666666666667,69.0,60,21,97,3.0,13,97.0
2023-03-17,50.300000000000004,35.02916666666667,440.625,11.012500000000001,1.325,100.375,58.0,50,22,101,2.0,14,101.0
2023-03-18,47.229166666666664,32.94583333333333,458.0416666666667,11.433333333333334,1.125,96.08333333333333,55.0,47,23,96,1.0,14,96.0
2023-03-19,33.59166666666667,23.445833333333336,425.375,10.387500000000001,1.0208333333333333,113.29166666666667,39.0,34,21,120,1.0,13,120.0
2023-03-20,21.724999999999998,15.195833333333333,417.75,8.454166666666667,0.7875,113.29166666666667,25.0,22,21,120,1.0,11,120.0
2023-03-21,16.912499999999998,11.833333333333334,394.1666666666667,8.1125,0.8708333333333332,99.5,20.0,17,20,100,1.0,10,100.0
2023-03-22,17.329166666666666,12.112499999999999,400.0833333333333,9.5625,0.6083333333333333,93.58333333333333,20.0,17,20,94,1.0,12,94.0
2023-03-23,30.09583333333333,21.041666666666668,424.5833333333333,10.504166666666666,1.4333333333333333,101.79166666666667,35.0,30,21,103,2.0,13,103.0
2023-03-24,36.27916666666666,25.329166666666666,413.25,9.6,2.0500000000000003,111.95833333333333,42.0,36,21,118,3.0,12,118.0
2023-03-25,42.645833333333336,29.787499999999998,411.2916666666667,9.195833333333333,2.670833333333333,112.91666666666667,50.0,43,21,119,3.0,11,119.0
2023-03-26,38.795833333333334,26.958333333333332,374.3333333333333,8.3375,2.558333333333333,107.66666666666667,45.0,39,19,111,3.0,10,111.0
2023-03-27,33.362500000000004,23.03333333333333,333.6666666666667,11.391666666666667,2.1625,93.0,38.0,33,17,93,3.0,14,93.0
2023-03-28,40.391666666666666,28.037499999999998,304.25,8.012500000000001,2.3625000000000003,116.29166666666667,47.0,40,15,124,3.0,10,124.0
2023-03-29,40.199999999999996,28.037499999999998,329.5,4.966666666666667,4.404166666666667,133.66666666666666,47.0,40,16,150,6.0,6,150.0
2023-03-30,57.00416666666666,39.833333333333336,369.375,4.795833333333333,4.629166666666666,132.54166666666666,66.0,57,18,148,6.0,6,148.0
2023-03-31,52.708333333333336,36.791666666666664,353.5833333333333,4.266666666666667,2.3833333333333333,132.08333333333334,61.0,53,18,147,3.0,5,147.0
2023-04-01,34.6,24.041666666666668,327.9583333333333,7.816666666666666,0.975,109.04166666666667,40.0,35,16,113,1.0,10,113.0
2023-04-02,26.78333333333333,18.625,306.875,8.262500000000001,1.0708333333333333,101.33333333333333,31.0,27,15,102,1.0,10,102.0
2023-04-03,29.491666666666664,20.608333333333334,337.4166666666667,9.216666666666667,1.4625000000000001,103.83333333333333,34.0,29,17,106,2.0,12,106.0
2023-04-04,33.083333333333336,23.087500000000002,346.3333333333333,9.654166666666667,2.341666666666667,110.20833333333333,38.0,33,17,115,3.0,12,115.0
2023-04-05,29.6375,20.295833333333334,367.2916666666667,13.362499999999999,1.6458333333333333,95.04166666666667,34.0,30,18,95,2.0,17,95.0
2023-04-06,39.895833333333336,27.28333333333333,365.875,13.6,2.1125000000000003,99.875,45.0,40,18,100,3.0,17,100.0
2023-04-07,45.25833333333333,31.483333333333334,352.5416666666667,9.6875,3.0416666666666665,114.45833333333333,52.0,45,18,121,4.0,12,121.0
2023-04-08,43.729166666666664,30.45,361.1666666666667,9.625,3.3166666666666664,112.125,51.0,44,18,118,4.0,12,118.0
2023-04-09,36.475,25.358333333333334,335.7916666666667,9.929166666666667,2.1999999999999997,105.875,42.0,36,17,109,3.0,12,109.0
2023-04-10,43.25,30.09166666666667,369.6666666666667,12.762500000000001,2.5416666666666665,105.875,50.0,43,18,109,3.0,16,109.0
2023-04-11,53.225,37.13333333333333,404.7083333333333,11.262500000000001,3.0500000000000003,120.5,62.0,53,20,130,4.0,14,130.0
2023-04-12,57.72083333333333,40.324999999999996,396.375,7.375,4.954166666666667,136.66666666666666,67.0,58,20,154,6.0,9,154.0
2023-04-13,68.5625,47.88333333333333,392.25,7.908333333333334,5.058333333333333,131.16666666666666,80.0,69,20,146,6.0,10,146.0
2023-04-14,63.68666666666666,44.526666666666664,378.7916666666667,6.929166666666667,3.7624999999999997,127.08333333333333,74.0,64,19,140,5.0,9,140.0
2023-04-15,58.262499999999996,40.699999999999996,340.0833333333333,4.616666666666666,1.2249999999999999,122.58333333333333,68.0,58,17,133,2.0,6,133.0
2023-04-16,47.375,33.079166666666666,338.9583333333333,5.054166666666666,1.7791666666666668,115.58333333333333,55.0,47,17,123,2.0,6,123.0
2023-04-17,39.56666666666667,27.616666666666664,359.25,5.995833333333334,2.670833333333333,119.66666666666667,46.0,40,18,129,3.0,7,129.0
2023-04-18,49.5875,34.61666666666667,394.2916666666667,6.145833333333333,3.9,128.75,58.0,50,20,142,5.0,8,142.0
2023-04-19,50.44583333333333,35.145833333333336,398.0416666666667,6.533333333333334,3.158333333333333,122.25,59.0,50,20,133,4.0,8,133.0
2023-04-20,52.5,36.425000000000004,473.75,13.063157894736841,2.220833333333333,92.41666666666667,61.0,52,24,92,3.0,16,92.0
2023-04-21,39.050000000000004,26.9875,361.7916666666667,11.354166666666666,1.4083333333333334,96.75,45.0,39,18,97,2.0,14,97.0
2023-04-22,31.162499999999998,21.291666666666668,368.7916666666667,10.631578947368421,1.125,86.0,35.0,31,18,86,1.0,13,86.0
2023-04-23,30.579166666666666,21.150000000000002,324.0416666666667,12.4,1.2,100.125,35.0,31,16,100,1.0,16,100.0
2023-04-24,31.71666666666667,22.099999999999998,448.25,11.21875,0.9291666666666667,76.91666666666667,37.0,32,22,77,1.0,14,77.0
2023-04-25,25.712500000000002,17.904166666666665,399.4583333333333,12.042105263157895,0.9,88.16666666666667,30.0,26,20,88,1.0,15,88.0
2023-04-26,30.366666666666664,21.1875,357.8333333333333,11.779166666666667,1.1791666666666667,116.5,35.0,30,18,124,1.0,15,124.0
2023-04-27,45.07083333333333,31.479166666666668,407.3333333333333,14.020833333333334,1.7375,119.20833333333333,52.0,45,20,128,2.0,18,128.0
2023-04-28,48.81666666666666,34.03333333333333,405.875,11.779166666666667,1.6708333333333334,119.58333333333333,57.0,49,20,129,2.0,15,129.0
2023-04-29,51.300000000000004,35.74583333333333,391.7083333333333,8.595833333333333,1.8499999999999999,129.625,60.0,51,20,144,2.0,11,144.0
2023-04-30,48.112500000000004,33.608333333333334,458.4583333333333,14.758333333333333,1.1624999999999999,106.54166666666667,56.0,48,23,110,1.0,18,110.0
2023-05-01,34.916666666666664,24.375,355.4166666666667,11.216666666666667,0.8125,95.16666666666667,41.0,35,18,95,1.0,14,95.0
2023-05-02,26.8125,18.587500000000002,299.4583333333333,12.145833333333334,0.65,84.20833333333333,31.0,27,15,84,1.0,15,84.0
2023-05-03,33.27916666666667,23.083333333333332,320.625,15.025,1.0541666666666667,84.41666666666667,38.0,33,16,84,1.0,19,84.0
2023-05-04,30.045833333333334,20.9875,344.9583333333333,12.1,1.1041666666666667,92.54166666666667,35.0,30,17,93,1.0,15,93.0
2023-05-05,25.229166666666668,17.641666666666666,343.5,10.029166666666667,0.8875000000000001,102.33333333333333,29.0,25,17,103,1.0,13,103.0
2023-05-06,27.84583333333333,19.4375,337.5833333333333,10.19090909090909,1.1291666666666667,109.04166666666667,32.0,28,17,113,1.0,13,113.0
2023-05-07,39.479166666666664,27.429166666666664,357.2083333333333,13.121739130434783,1.8375000000000001,109.70833333333333,46.0,39,18,114,2.0,16,114.0
2023-05-08,33.520833333333336,23.1375,372.1666666666667,10.495000000000001,1.75,102.70833333333333,39.0,34,19,104,2.0,13,104.0
2023-05-09,31.7,21.75,337.875,11.429166666666667,2.766666666666667,110.41666666666667,36.0,32,17,115,3.0,14,115.0
2023-05-10,25.558333333333334,17.375,353.5416666666667,15.108333333333334,2.9250000000000003,111.95833333333333,29.0,26,18,118,4.0,19,118.0
2023-05-11,26.645833333333332,18.316666666666666,314.4583333333333,11.341666666666667,3.0041666666666664,135.875,31.0,27,16,153,4.0,14,153.0
2023-05-12,46.57916666666667,32.199999999999996,342.0,11.3125,3.6750000000000003,142.58333333333334,54.0,47,17,163,5.0,14,163.0
2023-05-13,35.84166666666667,24.866666666666664,422.875,12.516666666666667,2.5416666666666665,98.63636363636364,41.0,36,21,99,3.0,16,99.0
2023-05-14,25.84166666666667,17.866666666666667,328.5416666666667,15.670833333333334,0.85,105.83333333333333,30.0,26,16,109,1.0,20,109.0
2023-05-15,40.8375,28.21666666666667,347.0833333333333,10.316666666666666,0.9874999999999999,107.91666666666667,47.0,41,17,112,1.0,13,112.0
2023-05-16,44.36666666666667,30.6375,387.6666666666667,8.783333333333333,1.5999999999999999,126.70833333333333,51.0,44,19,139,2.0,11,139.0
2023-05-17,42.0375,29.15833333333333,435.2916666666667,11.241666666666667,1.3083333333333333,125.125,49.0,42,22,137,2.0,14,137.0
2023-05-18,40.25416666666667,27.95,435.5,11.56086956521739,0.9375,106.54166666666667,47.0,40,22,110,1.0,14,110.0
2023-05-19,24.1125,16.766666666666666,381.9166666666667,9.795833333333333,0.65,109.70833333333333,28.0,24,19,114,1.0,12,114.0
2023-05-20,30.358333333333334,20.691666666666666,372.5,13.170833333333334,0.9125,106.91666666666667,34.0,30,19,110,1.0,16,110.0
2023-05-21,39.479166666666664,27.083333333333332,380.7083333333333,13.995652173913042,1.5125,107.04166666666667,45.0,39,19,110,2.0,17,110.0
2023-05-22,33.3375,23.075,367.0,11.658333333333333,0.875,106.25,38.0,33,18,109,1.0,15,109.0
2023-05-23,20.3125,13.808333333333332,391.1666666666667,14.388235294117647,0.4708333333333334,74.625,23.0,20,20,75,1.0,18,75.0
2023-05-24,22.0,15.141666666666666,329.25,10.5625,0.8250000000000001,114.0,25.0,22,16,121,1.0,13,121.0
2023-05-25,19.395833333333332,13.450000000000001,318.7083333333333,8.520833333333334,0.5375,117.0,22.0,19,16,125,1.0,11,125.0
2023-05-26,17.554166666666667,12.083333333333334,323.8333333333333,9.983333333333333,0.65,105.75,20.0,18,16,108,1.0,12,108.0
2023-05-27,25.25,17.375,353.8333333333333,11.100000000000001,1.0708333333333333,111.58333333333333,29.0,25,18,117,1.0,14,117.0
2023-05-28,27.4375,18.733333333333334,344.6666666666667,11.754999999999999,1.1833333333333333,94.125,31.0,27,17,94,1.0,15,94.0
2023-05-29,24.483333333333334,16.912499999999998,367.9166666666667,12.726315789473682,1.0458333333333334,87.20833333333333,28.0,24,18,87,1.0,16,87.0
2023-05-30,28.40416666666667,19.766666666666666,302.6666666666667,7.120833333333334,1.1208333333333333,100.95833333333333,33.0,28,15,101,1.0,9,101.0
2023-05-31,26.0,18.091666666666665,271.6666666666667,3.408333333333333,0.7291666666666666,107.375,30.0,26,14,111,1.0,4,111.0
2023-06-01,32.02916666666667,22.104166666666668,323.9583333333333,10.441666666666666,0.8083333333333332,101.83333333333333,37.0,32,16,103,1.0,13,103.0
2023-06-02,37.166666666666664,25.354166666666668,324.8333333333333,12.820833333333333,1.2249999999999999,104.45833333333333,42.0,37,16,107,2.0,16,107.0
2023-06-03,35.49166666666667,23.974999999999998,321.375,13.333333333333334,2.3000000000000003,112.25,40.0,35,16,118,3.0,17,118.0
2023-06-04,43.18333333333334,29.40833333333333,303.25,8.745833333333334,2.5,129.70833333333334,49.0,43,15,144,3.0,11,144.0
2023-06-05,32.85,22.75,372.9166666666667,10.647368421052633,1.2416666666666667,99.83333333333333,38.0,33,19,100,2.0,13,100.0
2023-06-06,26.441666666666666,18.349999999999998,310.4166666666667,11.329166666666666,0.6708333333333334,109.08333333333333,31.0,26,16,113,1.0,14,113.0
2023-06-07,29.2375,20.241666666666667,390.2916666666667,10.933333333333334,0.6375000000000001,86.16666666666667,34.0,29,20,86,1.0,14,86.0
2023-06-08,29.40833333333333,20.454166666666666,362.1666666666667,14.100000000000001,0.6083333333333333,90.95833333333333,34.0,29,18,91,1.0,18,91.0
2023-06-09,37.5625,26.15416666666667,377.875,13.016666666666667,1.3416666666666668,106.58333333333333,44.0,38,19,110,2.0,16,110.0
2023-06-10,25.27916666666667,17.654166666666665,331.2083333333333,8.204166666666667,0.775,123.16666666666667,29.0,25,17,134,1.0,10,134.0
2023-06-11,20.2375,14.145833333333334,339.25,7.575,0.4583333333333333,123.70833333333333,24.0,20,17,135,1.0,9,135.0
2023-06-12,13.204166666666666,9.233333333333333,346.25,6.370833333333334,0.5708333333333333,128.125,15.0,13,17,141,1.0,8,141.0
2023-06-13,13.779166666666667,9.608333333333333,346.9583333333333,7.070833333333333,0.5916666666666667,125.91666666666667,16.0,14,17,138,1.0,9,138.0
2023-06-14,14.2875,9.970833333333333,341.9166666666667,7.6000000000000005,0.5666666666666667,117.54166666666667,17.0,14,17,126,1.0,10,126.0
2023-06-15,11.845833333333333,8.179166666666667,299.1666666666667,7.758333333333333,0.9333333333333332,110.66666666666667,14.0,12,15,116,1.0,10,116.0
2023-06-16,15.854166666666666,10.9375,271.75,8.4,1.1916666666666667,101.95833333333333,18.0,16,14,103,1.0,11,103.0
2023-06-17,24.708333333333332,17.25,275.6666666666667,8.454166666666667,1.0291666666666666,98.66666666666667,29.0,25,14,99,1.0,11,99.0
2023-06-18,13.725,9.637500000000001,341.5833333333333,17.133333333333333,1.1041666666666667,76.875,16.0,14,17,77,1.0,21,77.0
2023-06-19,23.608333333333334,16.558333333333334,312.5,10.166666666666666,1.3291666666666666,98.875,28.0,24,16,99,2.0,13,99.0
2023-06-20,20.825,14.604166666666666,292.375,7.7124999999999995,1.075,100.45833333333333,24.0,21,15,101,1.0,10,101.0
2023-06-21,15.475,10.870833333333332,300.9166666666667,8.299999999999999,1.0791666666666666,103.58333333333333,18.0,15,15,105,1.0,10,105.0
2023-06-22,14.766666666666666,10.320833333333333,287.25,7.958333333333333,0.8458333333333333,92.79166666666667,17.0,15,14,93,1.0,10,93.0
2023-06-23,13.4625,9.454166666666667,236.91666666666666,7.183333333333334,0.8999999999999999,90.75,16.0,13,12,91,1.0,9,91.0
2023-06-24,18.462500000000002,12.854166666666666,243.375,10.941666666666668,0.6041666666666666,81.95833333333333,21.0,18,12,82,1.0,14,82.0
2023-06-25,17.633333333333333,12.262500000000001,226.375,9.516666666666667,0.7083333333333334,83.41666666666667,20.0,18,11,83,1.0,12,83.0
2023-06-26,17.941666666666666,12.529166666666667,246.79166666666666,11.5625,0.6958333333333333,73.95833333333333,21.0,18,12,74,1.0,14,74.0
2023-06-27,11.204166666666666,7.895833333333333,262.5833333333333,9.554166666666667,1.3,72.08333333333333,13.0,11,13,72,2.0,12,72.0
2023-06-28,9.512500000000001,6.6875,262.0,8.729166666666666,1.6916666666666667,68.45833333333333,11.0,10,13,68,2.0,11,68.0
2023-06-29,11.354166666666666,8.012500000000001,292.2916666666667,11.283333333333333,2.0749999999999997,64.91666666666667,13.0,11,15,65,3.0,14,65.0
2023-06-30,8.983333333333333,6.3500000000000005,286.375,8.8375,2.6458333333333335,73.25,11.0,9,14,73,3.0,11,73.0
2023-07-01,7.720833333333334,5.416666666666667,286.2083333333333,7.770833333333333,3.0875,72.125,9.0,8,14,72,4.0,10,72.0
2023-07-02,9.820833333333333,6.908333333333334,300.8333333333333,8.450000000000001,2.6458333333333335,75.70833333333333,12.0,10,15,76,3.0,11,76.0
2023-07-03,13.475,9.479166666666666,308.5416666666667,9.641666666666667,4.141666666666667,81.75,16.0,13,15,82,5.0,12,82.0
2023-07-04,10.950000000000001,7.691666666666666,285.9166666666667,8.708333333333334,2.9458333333333333,79.5,13.0,11,14,80,4.0,11,80.0
2023-07-05,10.804166666666667,7.583333333333333,259.3333333333333,6.529166666666666,1.325,83.5,13.0,11,13,84,2.0,8,84.0
2023-07-06,10.637500000000001,7.479166666666667,237.375,8.012500000000001,1.4583333333333333,63.458333333333336,12.0,11,12,63,2.0,10,63.0
2023-07-07,8.354166666666666,5.8374999999999995,225.375,8.125,1.2541666666666667,60.541666666666664,10.0,8,11,61,2.0,10,61.0
2023-07-08,7.916666666666667,5.516666666666667,230.125,7.216666666666666,1.1875,63.166666666666664,9.0,8,12,63,1.0,9,63.0
2023-07-09,8.333333333333334,5.8374999999999995,230.625,7.754166666666666,1.1500000000000001,60.875,10.0,8,12,61,1.0,10,61.0
2023-07-10,11.441666666666668,8.020833333333334,275.9166666666667,8.362499999999999,1.7666666666666666,70.125,13.0,11,14,70,2.0,10,70.0
2023-07-11,13.383333333333333,9.362499999999999,283.875,6.945833333333333,1.8333333333333333,86.79166666666667,16.0,13,14,87,2.0,9,87.0
2023-07-12,7.795833333333333,5.5,291.3333333333333,8.229166666666666,2.183333333333333,73.375,9.0,8,15,73,3.0,10,73.0
2023-07-13,6.870833333333334,4.825,317.9166666666667,11.279166666666667,3.0083333333333333,54.041666666666664,8.0,7,16,54,4.0,14,54.0
2023-07-14,11.120833333333332,7.841666666666668,274.8333333333333,9.316666666666666,2.9333333333333336,75.04166666666667,13.0,11,14,75,4.0,12,75.0
2023-07-15,11.137500000000001,7.895833333333333,249.25,8.004166666666666,1.625,74.45833333333333,13.0,11,12,74,2.0,10,74.0
2023-07-16,12.25,8.704166666666667,215.70833333333334,7.758333333333333,1.4749999999999999,65.83333333333333,15.0,12,11,66,2.0,10,66.0
2023-07-17,15.641666666666666,11.095833333333333,222.45833333333334,7.604166666666667,1.2750000000000001,71.95833333333333,18.0,16,11,72,2.0,10,72.0
2023-07-18,16.575,11.799999999999999,285.2083333333333,12.454166666666666,2.0500000000000003,69.70833333333333,20.0,17,14,70,3.0,16,70.0
2023-07-19,24.320833333333336,17.091666666666665,353.0833333333333,14.504166666666668,2.5541666666666667,75.91666666666667,28.0,24,18,76,3.0,18,76.0
2023-07-20,31.179166666666664,21.900000000000002,376.7916666666667,13.033333333333333,2.966666666666667,81.91666666666667,37.0,31,19,82,4.0,16,82.0
2023-07-21,21.979166666666668,15.450000000000001,305.625,7.875,1.8458333333333332,91.95833333333333,26.0,22,15,92,2.0,10,92.0
2023-07-22,21.041666666666668,14.858333333333334,362.1666666666667,12.674999999999999,2.1750000000000003,80.125,25.0,21,18,80,3.0,16,80.0
2023-07-23,16.724999999999998,11.783333333333333,286.125,8.049999999999999,1.9541666666666666,74.04166666666667,20.0,17,14,74,2.0,10,74.0
2023-07-24,10.991666666666667,7.7375,224.0,7.841666666666666,1.4541666666666666,62.375,13.0,11,11,62,2.0,10,62.0
2023-07-25,18.779166666666665,12.983333333333334,230.875,6.883333333333333,2.0,74.66666666666667,22.0,19,12,75,2.0,9,75.0
2023-07-26,17.275000000000002,12.183333333333332,269.5833333333333,7.908333333333334,1.5041666666666667,70.70833333333333,20.0,17,13,71,2.0,10,71.0
2023-07-27,14.604166666666666,10.262500000000001,265.4166666666667,8.9,1.4541666666666666,69.91666666666667,17.0,15,13,70,2.0,11,70.0
2023-07-28,7.270833333333333,5.083333333333333,227.08333333333334,7.8125,1.0708333333333333,66.5,8.0,7,11,66,1.0,10,66.0
2023-07-29,12.591666666666667,8.804166666666667,250.875,9.483333333333333,1.6416666666666666,67.875,15.0,13,13,68,2.0,12,68.0
2023-07-30,9.291666666666666,6.458333333333333,239.875,8.108333333333333,1.4666666666666668,72.0,11.0,9,12,72,2.0,10,72.0
2023-07-31,14.983333333333334,10.2875,249.625,9.7625,1.875,69.04166666666667,17.0,15,12,69,2.0,12,69.0
2023-08-01,18.829166666666666,12.795833333333334,230.41666666666666,7.883333333333334,1.9875,71.58333333333333,21.0,19,12,72,2.0,10,72.0
2023-08-02,15.870833333333332,11.137500000000001,285.9166666666667,11.070833333333333,1.8541666666666667,63.875,19.0,16,14,64,2.0,14,64.0
2023-08-03,12.216666666666667,8.554166666666667,252.125,7.979166666666667,1.7791666666666668,70.25,14.0,12,13,70,2.0,10,70.0
2023-08-04,6.9875,4.9875,221.58333333333334,6.4375,1.0083333333333333,76.16666666666667,8.0,7,11,76,1.0,8,76.0
2023-08-05,9.770833333333334,6.9624999999999995,282.5,8.825000000000001,2.0791666666666666,73.58333333333333,12.0,10,14,74,3.0,11,74.0
2023-08-06,15.133333333333333,10.733333333333334,299.1666666666667,8.058333333333334,1.7708333333333333,83.45833333333333,18.0,15,15,83,2.0,10,83.0
2023-08-07,18.458333333333332,13.0,414.2083333333333,13.6875,3.3541666666666665,78.41666666666667,22.0,18,21,78,4.0,17,78.0
2023-08-08,11.604166666666666,8.137500000000001,382.0,9.504166666666666,2.8708333333333336,89.20833333333333,14.0,12,19,89,4.0,12,89.0
2023-08-09,15.808333333333332,11.341666666666667,376.7083333333333,12.625,5.595833333333334,64.45833333333333,19.0,16,19,64,7.0,16,64.0
2023-08-10,16.625,12.012500000000001,305.7083333333333,7.954166666666667,1.9583333333333333,84.125,20.0,17,15,84,2.0,10,84.0
2023-08-11,8.854166666666666,6.2375,301.9583333333333,9.016666666666667,1.8375000000000001,76.125,10.0,9,15,76,2.0,11,76.0
2023-08-12,6.666666666666667,4.766666666666667,355.4583333333333,10.25,1.5250000000000001,75.33333333333333,8.0,7,18,75,2.0,13,75.0
2023-08-13,7.891666666666667,5.604166666666667,343.7083333333333,11.387500000000001,3.079166666666667,62.708333333333336,9.0,8,17,63,4.0,14,63.0
2023-08-14,21.145833333333332,15.258333333333333,326.9166666666667,7.520833333333333,2.5625,87.04166666666667,25.0,21,16,87,3.0,9,87.0
2023-08-15,26.53333333333333,18.8125,336.9583333333333,8.5625,1.9083333333333332,84.5,31.0,27,17,84,2.0,11,84.0
2023-08-16,19.316666666666666,13.770833333333334,378.625,9.779166666666667,1.7916666666666667,84.54166666666667,23.0,19,19,85,2.0,12,85.0
2023-08-17,17.795833333333334,12.508333333333333,358.6666666666667,11.729166666666666,1.8083333333333333,86.375,21.0,18,18,86,2.0,15,86.0
2023-08-18,17.724999999999998,12.529166666666667,330.9583333333333,8.904166666666667,1.675,81.5,21.0,18,17,82,2.0,11,82.0
2023-08-19,17.570833333333333,12.395833333333334,293.2916666666667,8.408333333333333,1.95,80.04166666666667,21.0,18,15,80,2.0,11,80.0
2023-08-20,13.195833333333333,9.358333333333333,262.0,7.545833333333333,1.2750000000000001,69.41666666666667,16.0,13,13,69,2.0,9,69.0
2023-08-21,13.479166666666666,9.5,282.125,8.408333333333333,3.470833333333333,71.66666666666667,16.0,13,14,72,4.0,11,72.0
2023-08-22,14.5875,10.116666666666665,245.83333333333334,6.183333333333334,2.5375,84.20833333333333,17.0,15,12,84,3.0,8,84.0
2023-08-23,4.3875,3.1,279.2083333333333,8.2875,2.1,65.875,5.0,4,14,66,3.0,10,66.0
2023-08-24,5.341666666666666,3.7375000000000003,341.875,10.395833333333334,2.908333333333333,72.33333333333333,6.0,5,17,72,4.0,13,72.0
2023-08-25,10.104166666666666,7.091666666666666,373.0416666666667,10.854166666666666,2.970833333333333,79.45833333333333,12.0,10,19,79,4.0,14,79.0
2023-08-26,10.958333333333334,7.683333333333334,382.125,8.779166666666667,2.2083333333333335,85.66666666666667,13.0,11,19,86,3.0,11,86.0
2023-08-27,11.670833333333334,8.279166666666667,377.25,10.920833333333334,1.5374999999999999,71.75,14.0,12,19,72,2.0,14,72.0
2023-08-28,18.220833333333335,12.429166666666667,305.5416666666667,8.383333333333333,1.9874999999999998,80.08333333333333,21.0,18,15,80,2.0,10,80.0
2023-08-29,20.974999999999998,13.85,314.3333333333333,8.416666666666666,1.25,88.04166666666667,23.0,21,16,88,2.0,11,88.0
2023-08-30,29.34166666666667,20.116666666666667,314.5833333333333,8.895833333333334,1.6291666666666667,91.25,34.0,29,16,91,2.0,11,91.0
2023-08-31,41.862500000000004,28.925,318.0416666666667,7.925,1.9916666666666665,100.16666666666667,48.0,42,16,100,2.0,10,100.0
2023-09-01,32.550000000000004,22.65416666666667,362.6666666666667,8.816666666666666,2.3666666666666667,96.75,38.0,33,18,97,3.0,11,97.0
2023-09-02,34.125,23.7375,386.375,8.729166666666666,1.7,100.29166666666667,40.0,34,19,100,2.0,11,100.0
2023-09-03,23.316666666666666,16.133333333333333,396.875,13.179166666666667,1.7750000000000001,93.875,27.0,23,20,94,2.0,16,94.0
2023-09-04,27.645833333333332,19.1375,411.0416666666667,13.866666666666665,2.0125,79.125,32.0,28,21,79,3.0,17,79.0
2023-09-05,20.162499999999998,13.895833333333334,353.9166666666667,13.5625,1.8166666666666667,83.04166666666667,23.0,20,18,83,2.0,17,83.0
2023-09-06,21.675,14.841666666666667,331.625,10.633333333333333,2.0791666666666666,91.70833333333333,25.0,22,17,92,3.0,13,92.0
2023-09-07,31.8125,22.09583333333333,359.625,9.775,2.7708333333333335,95.375,37.0,32,18,95,3.0,12,95.0
2023-09-08,21.916666666666668,15.454166666666666,375.9166666666667,10.808333333333332,2.2624999999999997,82.83333333333333,26.0,22,19,83,3.0,14,83.0
2023-09-09,11.091666666666667,7.779166666666666,338.2916666666667,12.183333333333332,1.5125,71.75,13.0,11,17,72,2.0,15,72.0
2023-09-10,17.829166666666666,12.450000000000001,291.875,9.679166666666667,2.3958333333333335,72.70833333333333,21.0,18,15,73,3.0,12,73.0
2023-09-11,26.587500000000002,18.32916666666667,289.625,8.941666666666666,2.6374999999999997,84.58333333333333,31.0,27,14,85,3.0,11,85.0
2023-09-12,27.712500000000002,19.099999999999998,351.5833333333333,12.8125,2.775,72.75,32.0,28,18,73,3.0,16,73.0
2023-09-13,32.1,22.129166666666666,376.7916666666667,12.549999999999999,2.341666666666667,82.29166666666667,37.0,32,19,82,3.0,16,82.0
2023-09-14,18.633333333333333,12.833333333333334,316.5416666666667,8.054166666666667,1.5416666666666667,87.375,21.0,19,16,87,2.0,10,87.0
2023-09-15,18.233333333333334,12.620833333333332,410.7083333333333,13.24,1.8291666666666666,63.958333333333336,21.0,18,21,64,2.0,17,64.0
2023-09-16,20.925,14.270833333333334,391.7916666666667,12.361904761904762,2.25,73.20833333333333,24.0,21,20,73,3.0,15,73.0
2023-09-17,18.804166666666667,12.683333333333335,331.75,13.362499999999999,1.7333333333333334,77.25,21.0,19,17,77,2.0,17,77.0
2023-09-18,19.9875,13.666666666666666,392.0833333333333,12.689473684210526,2.5166666666666666,73.75,23.0,20,20,74,3.0,16,74.0
2023-09-19,21.46666666666667,14.958333333333334,362.0416666666667,11.445833333333333,2.2291666666666665,82.0,25.0,21,18,82,3.0,14,82.0
2023-09-20,17.675,12.416666666666666,337.0,11.741666666666667,2.095833333333333,70.04166666666667,21.0,18,17,70,3.0,15,70.0
2023-09-21,13.341666666666667,9.362499999999999,320.0833333333333,11.029166666666667,2.2666666666666666,66.5,16.0,13,16,66,3.0,14,66.0
2023-09-22,16.6875,11.608333333333334,308.0833333333333,10.729166666666666,2.4916666666666667,72.125,19.0,17,15,72,3.0,13,72.0
2023-09-23,18.954166666666666,13.366666666666667,369.0,14.4625,3.1333333333333333,64.75,22.0,19,18,65,4.0,18,65.0
2023-09-24,17.904166666666665,12.533333333333333,337.3333333333333,13.304166666666667,3.0083333333333333,61.666666666666664,21.0,18,17,62,4.0,17,62.0
2023-09-25,15.529166666666667,10.799999999999999,259.7916666666667,8.316666666666666,1.875,80.04166666666667,18.0,16,13,80,2.0,10,80.0
2023-09-26,17.866666666666667,12.429166666666667,305.5833333333333,11.070833333333333,1.8625,79.375,21.0,18,15,79,2.0,14,79.0
2023-09-27,17.462500000000002,12.145833333333334,321.0833333333333,12.695833333333333,2.129166666666667,79.58333333333333,20.0,17,16,80,3.0,16,80.0
2023-09-28,18.670833333333334,13.024999999999999,355.0416666666667,10.645,1.6875,70.66666666666667,22.0,19,18,71,2.0,13,71.0
2023-09-29,17.441666666666666,12.1625,329.7916666666667,15.641666666666666,1.5250000000000001,62.625,20.0,17,16,63,2.0,20,63.0
2023-09-30,24.47083333333333,17.091666666666665,347.875,16.091666666666665,2.7083333333333335,69.16666666666667,28.0,24,17,69,3.0,20,69.0
2023-10-01,25.079166666666666,17.508333333333333,348.9583333333333,12.470833333333333,2.8833333333333333,77.33333333333333,29.0,25,17,77,4.0,16,77.0
2023-10-02,18.4875,12.933333333333332,466.9166666666667,15.047058823529412,2.733333333333333,54.5,22.0,18,23,54,3.0,19,54.0
2023-10-03,15.549999999999999,10.879166666666668,420.7916666666667,17.504166666666666,2.466666666666667,65.04166666666667,18.0,16,21,65,3.0,22,65.0
2023-10-04,18.195833333333333,12.758333333333333,494.1666666666667,24.079166666666666,3.608333333333333,48.583333333333336,21.0,18,25,49,5.0,30,49.0
2023-10-05,14.775,10.387500000000001,376.75,16.724999999999998,2.65,56.291666666666664,17.0,15,19,56,3.0,21,56.0
2023-10-06,14.700000000000001,10.329166666666667,355.0833333333333,15.004166666666668,2.2958333333333334,61.291666666666664,17.0,15,18,61,3.0,19,61.0
2023-10-07,13.137500000000001,9.233333333333333,321.25,11.9625,2.004166666666667,61.916666666666664,15.0,13,16,62,3.0,15,62.0
2023-10-08,9.549999999999999,6.7,346.4583333333333,11.408333333333333,1.6458333333333333,72.16666666666667,11.0,10,17,72,2.0,14,72.0
2023-10-09,38.18333333333333,25.583333333333332,432.9166666666667,9.020833333333334,2.4583333333333335,99.20833333333333,43.0,38,22,99,3.0,11,99.0
2023-10-10,41.108333333333334,27.629166666666666,485.3333333333333,13.983333333333334,2.716666666666667,92.66666666666667,46.0,41,24,93,3.0,17,93.0
2023-10-11,34.079166666666666,22.77916666666667,446.4166666666667,14.35,1.9333333333333333,88.33333333333333,38.0,34,22,88,2.0,18,88.0
2023-10-12,36.579166666666666,24.40833333333333,468.125,16.1125,2.1166666666666667,73.625,41.0,37,23,74,3.0,20,74.0
2023-10-13,30.441666666666666,20.308333333333334,397.875,16.108333333333334,1.8375000000000001,71.04166666666667,34.0,30,20,71,2.0,20,71.0
2023-10-14,35.49583333333333,24.370833333333334,398.875,12.108333333333334,2.5749999999999997,89.125,41.0,35,20,89,3.0,15,89.0
2023-10-15,35.233333333333334,23.483333333333334,467.5416666666667,12.516666666666666,3.0625,100.45833333333333,39.0,35,23,101,4.0,16,101.0
2023-10-16,35.90833333333333,23.441666666666666,424.6666666666667,14.791666666666666,2.966666666666667,91.66666666666667,39.0,36,21,92,4.0,18,92.0
2023-10-17,28.933333333333334,18.741666666666667,441.0,12.483333333333333,2.4166666666666665,75.04166666666667,31.0,29,22,75,3.0,16,75.0
2023-10-18,31.95,20.55,356.125,14.341666666666667,2.9625,87.375,34.0,32,18,87,4.0,18,87.0
2023-10-19,33.925000000000004,21.954166666666666,386.1666666666667,17.779166666666665,2.6750000000000003,75.875,37.0,34,19,76,3.0,22,76.0
2023-10-20,32.75833333333333,21.258333333333333,381.7083333333333,16.375,2.504166666666667,73.375,35.0,33,19,73,3.0,20,73.0
2023-10-21,27.5625,17.845833333333335,397.125,14.34,2.725,68.04166666666667,30.0,28,20,68,3.0,18,68.0
2023-10-22,14.845833333333333,9.595833333333333,364.375,12.4,1.95,60.375,16.0,15,18,60,2.0,16,60.0
2023-10-23,13.875,9.045833333333333,351.2916666666667,13.35,2.1625,61.041666666666664,15.0,14,18,61,3.0,17,61.0
2023-10-24,16.866666666666667,11.133333333333333,349.5416666666667,16.75,2.3666666666666667,65.41666666666667,19.0,17,17,65,3.0,21,65.0
2023-10-25,17.620833333333334,11.791666666666666,339.0833333333333,16.033333333333335,2.6625,70.0,20.0,18,17,70,3.0,20,70.0
2023-10-26,19.241666666666667,13.0625,371.5,18.175,3.016666666666667,67.66666666666667,22.0,19,19,68,4.0,23,68.0
2023-10-27,23.233333333333334,15.870833333333332,416.0833333333333,13.799999999999999,3.454166666666667,67.375,26.0,23,21,67,4.0,17,67.0
2023-10-28,29.770833333333332,20.39166666666667,443.3333333333333,15.533333333333333,3.5625,76.95833333333333,34.0,30,22,77,4.0,19,77.0
2023-10-29,26.629166666666666,18.120833333333334,485.5,11.288235294117648,3.3000000000000003,65.25,30.0,27,24,65,4.0,14,65.0
2023-10-30,17.5625,12.0375,439.4583333333333,14.13684210526316,2.1666666666666665,55.916666666666664,20.0,18,22,56,3.0,18,56.0
2023-10-31,14.0,9.558333333333334,379.8333333333333,10.989473684210527,2.0083333333333333,53.5,16.0,14,19,54,3.0,14,54.0
2023-11-01,13.987499999999999,9.525,398.625,14.594999999999999,2.7458333333333336,56.25,16.0,14,20,56,3.0,18,56.0
2023-11-02,16.229166666666668,11.154166666666667,445.8636363636364,11.3125,3.0500000000000003,54.125,19.0,16,22,54,4.0,14,54.0
2023-11-03,18.066666666666666,12.4,420.5833333333333,15.95,2.975,59.208333333333336,21.0,18,21,59,4.0,20,59.0
2023-11-04,20.224999999999998,13.8125,364.5416666666667,16.2625,2.470833333333333,68.16666666666667,23.0,20,18,68,3.0,20,68.0
2023-11-05,25.037499999999998,17.179166666666667,485.8333333333333,15.211764705882354,3.4,58.833333333333336,29.0,25,24,59,4.0,19,59.0
2023-11-06,24.84583333333333,16.720833333333335,389.0833333333333,16.833333333333332,2.8958333333333335,73.95833333333333,28.0,25,19,74,4.0,21,74.0
2023-11-07,24.633333333333336,16.7625,475.25,14.589473684210526,3.483333333333333,65.20833333333333,28.0,25,24,65,4.0,18,65.0
2023-11-08,34.65416666666667,23.349999999999998,416.2916666666667,12.741666666666667,3.5500000000000003,84.33333333333333,39.0,35,21,84,4.0,16,84.0
2023-11-09,49.87916666666666,33.15,478.6666666666667,10.291666666666666,3.920833333333333,95.5,55.0,50,24,96,5.0,13,96.0
2023-11-10,42.583333333333336,28.320833333333336,517.0,13.116666666666667,6.127272727272728,95.58333333333333,47.0,43,26,96,8.0,16,96.0
2023-11-11,29.6125,19.929166666666667,501.1666666666667,17.8,6.0086956521739125,83.375,33.0,30,25,83,8.0,22,83.0
2023-11-12,30.849999999999998,20.904166666666665,526.7083333333334,14.833333333333334,5.1000000000000005,68.45833333333333,35.0,31,26,68,6.0,19,68.0
2023-11-13,22.170833333333334,14.883333333333333,511.0833333333333,15.283333333333335,3.875,63.625,25.0,22,26,64,5.0,19,64.0
2023-11-14,18.654166666666665,12.737499999999999,490.0,15.13888888888889,4.091666666666667,61.166666666666664,21.0,19,24,61,5.0,19,61.0
2023-11-15,16.595833333333335,11.512500000000001,459.9166666666667,15.421052631578947,4.125,61.833333333333336,19.0,17,23,62,5.0,19,62.0
2023-11-16,13.524999999999999,9.366666666666667,430.0,13.895,3.0833333333333335,59.708333333333336,16.0,14,22,60,4.0,17,60.0
2023-11-17,14.308333333333332,9.970833333333333,425.4583333333333,16.778260869565216,3.3000000000000003,61.833333333333336,17.0,14,21,62,4.0,21,62.0
2023-11-18,24.09583333333333,16.816666666666666,531.2083333333334,15.670588235294117,4.308333333333334,52.5,28.0,24,27,52,5.0,20,52.0
2023-11-19,23.5625,16.458333333333332,465.7916666666667,18.625,4.5,61.125,27.0,24,23,61,6.0,23,61.0
2023-11-20,18.166666666666668,12.7125,421.8333333333333,15.966666666666667,4.9375,65.33333333333333,21.0,18,21,65,6.0,20,65.0
2023-11-21,22.65416666666667,15.775,428.9583333333333,15.424999999999999,4.483333333333333,73.45833333333333,26.0,23,21,73,6.0,19,73.0
2023-11-22,35.2125,24.15416666666667,517.7727272727273,13.916666666666666,4.8,67.33333333333333,40.0,35,26,67,6.0,17,67.0
2023-11-23,30.90833333333333,21.091666666666665,556.9444444444445,15.164705882352942,4.045833333333333,55.791666666666664,35.0,31,28,56,5.0,19,56.0
2023-11-24,27.03333333333333,18.4875,473.375,17.099999999999998,4.254166666666666,70.125,31.0,27,24,70,5.0,21,70.0
2023-11-25,27.541666666666668,18.970833333333335,442.05263157894734,12.294117647058824,4.691666666666666,57.416666666666664,32.0,28,22,57,6.0,15,57.0
2023-11-26,21.395833333333332,14.879166666666668,459.1666666666667,13.137500000000001,3.4625,51.791666666666664,25.0,21,23,52,4.0,16,52.0
2023-11-27,20.504166666666666,14.354166666666666,472.5,13.3125,3.7458333333333336,52.583333333333336,24.0,21,24,53,5.0,17,53.0
2023-11-28,26.004166666666666,18.108333333333334,524.625,16.822222222222223,3.695238095238095,46.958333333333336,30.0,26,26,47,5.0,21,47.0
2023-11-29,23.462500000000002,16.325,531.35,15.6,4.833333333333333,52.791666666666664,27.0,23,27,53,6.0,19,53.0
2023-11-30,19.400000000000002,13.516666666666666,425.5416666666667,17.337500000000002,4.266666666666667,67.58333333333333,23.0,19,21,68,5.0,22,68.0
2023-12-01,19.491666666666667,13.545833333333334,454.875,18.366666666666667,5.166666666666667,68.45833333333333,23.0,19,23,68,6.0,23,68.0
2023-12-02,17.320833333333333,12.0375,475.7083333333333,13.916666666666666,4.8,61.583333333333336,20.0,17,24,62,6.0,17,62.0
2023-12-03,28.083333333333332,19.575,555.3333333333334,18.958333333333332,6.07,71.58333333333333,33.0,28,28,72,8.0,24,72.0
2023-12-04,25.758333333333336,17.929166666666667,519.4583333333334,14.416666666666666,5.752380952380952,82.70833333333333,30.0,26,26,83,7.0,18,83.0
2023-12-05,28.733333333333334,20.045833333333334,559.625,13.204166666666667,6.0125,86.70833333333333,33.0,29,28,87,8.0,17,87.0
2023-12-06,38.291666666666664,26.650000000000002,597.047619047619,17.5,5.058333333333334,66.95833333333333,44.0,38,30,67,6.0,22,67.0
2023-12-07,30.270833333333332,21.0625,575.5416666666666,16.183333333333334,5.179166666666666,61.166666666666664,35.0,30,29,61,6.0,20,61.0
2023-12-08,28.945833333333336,20.208333333333332,572.2857142857143,17.433333333333334,4.458333333333333,50.916666666666664,34.0,29,29,51,6.0,22,51.0
2023-12-09,26.625,18.558333333333334,488.375,11.483333333333334,3.2875,68.91666666666667,31.0,27,24,69,4.0,14,69.0
2023-12-10,40.27916666666666,28.0625,604.9583333333334,12.583333333333334,6.141666666666667,74.91666666666667,47.0,40,30,75,8.0,16,75.0
2023-12-11,47.0375,32.4125,590.6,13.819999999999999,4.594736842105263,67.33333333333333,54.0,47,30,67,6.0,17,67.0
2023-12-12,20.829166666666666,14.454166666666666,465.125,16.104166666666668,4.745833333333334,65.70833333333333,24.0,21,23,66,6.0,20,66.0
2023-12-13,17.75,12.875,391.625,10.9625,3.3708333333333336,77.83333333333333,21.0,18,20,78,4.0,14,78.0
2023-12-14,48.18333333333334,30.054166666666664,614.5833333333334,8.820833333333333,6.391666666666667,89.16666666666667,50.0,48,31,89,8.0,11,89.0
2023-12-15,56.69583333333333,39.46666666666667,650.6,12.762500000000001,5.7,82.70833333333333,66.0,57,33,83,7.0,16,83.0
2023-12-16,44.166666666666664,30.729166666666668,577.9090909090909,14.816666666666668,4.570833333333334,75.5,51.0,44,29,76,6.0,19,76.0
2023-12-17,32.108333333333334,22.254166666666666,609.9473684210526,15.042105263157895,5.970588235294118,71.25,37.0,32,30,71,7.0,19,71.0
2023-12-18,32.47083333333333,22.599999999999998,534.6428571428571,19.427272727272726,6.28,67.75,38.0,32,27,68,8.0,24,68.0
2023-12-19,47.291666666666664,32.87083333333333,666.8571428571429,15.2875,6.511764705882353,77.45833333333333,55.0,47,33,77,8.0,19,77.0
2023-12-20,39.7125,27.604166666666668,607.6666666666666,15.305882352941175,5.43076923076923,69.45833333333333,46.0,40,30,69,7.0,19,69.0
2023-12-21,36.50833333333333,25.40833333333333,572.1538461538462,17.644444444444446,6.325,63.083333333333336,42.0,37,29,63,8.0,22,63.0
2023-12-22,30.8,21.479166666666668,532.4705882352941,17.81,5.741666666666667,61.25,36.0,31,27,61,7.0,22,61.0
2023-12-23,27.65416666666667,19.337500000000002,536.3333333333334,16.21333333333333,5.628571428571428,45.958333333333336,32.0,28,27,46,7.0,20,46.0
2023-12-24,22.383333333333336,15.629166666666668,571.9583333333334,17.57,5.238888888888889,55.75,26.0,22,29,56,7.0,22,56.0
2023-12-25,27.433333333333334,19.025000000000002,511.53333333333336,16.927777777777777,5.178571428571429,55.958333333333336,32.0,27,26,56,6.0,21,56.0
2023-12-26,32.62916666666667,22.583333333333332,529.4375,15.27222222222222,4.96875,60.5,38.0,33,26,60,6.0,19,60.0
2023-12-27,35.604166666666664,24.579166666666666,595.7894736842105,17.210526315789473,6.088888888888889,55.416666666666664,41.0,36,30,55,8.0,22,55.0
2023-12-28,35.579166666666666,24.4375,483.5882352941176,15.916666666666666,4.9941176470588236,58.625,41.0,36,24,59,6.0,20,59.0
2023-12-29,33.625,23.25,549.1666666666666,16.87142857142857,4.944444444444445,46.541666666666664,39.0,34,27,47,6.0,21,47.0
2023-12-30,29.1125,20.245833333333334,538.0,15.24,3.8777777777777778,54.458333333333336,34.0,29,27,54,5.0,19,54.0
2023-12-31,37.9125,26.1375,581.0952380952381,17.770833333333332,5.5375,73.20833333333333,44.0,38,29,73,7.0,22,73.0
2024-01-01,33.675000000000004,23.375,571.3333333333334,18.86521739130435,5.0,69.66666666666667,39.0,34,29,70,6.0,24,70.0
2024-01-02,34.170833333333334,23.670833333333334,613.2083333333334,15.720833333333333,5.60625,76.75,39.0,34,31,77,7.0,20,77.0
2024-01-03,27.433333333333334,18.820833333333333,477.30434782608694,12.758333333333333,5.172727272727273,80.08333333333333,31.0,27,24,80,6.0,16,80.0
2024-01-04,35.891666666666666,24.683333333333334,462.6470588235294,17.245833333333334,4.52,71.29166666666667,41.0,36,23,71,6.0,22,71.0
2024-01-05,39.94583333333333,27.6875,628.6875,16.579166666666666,4.75,73.79166666666667,46.0,40,31,74,6.0,21,74.0
2024-01-06,43.90416666666667,29.858333333333334,580.8235294117648,18.537499999999998,3.988888888888889,71.20833333333333,50.0,44,29,71,5.0,23,71.0
2024-01-07,56.324999999999996,38.49166666666667,571.8181818181819,17.795833333333334,5.922222222222222,72.08333333333333,64.0,56,29,72,7.0,22,72.0
2024-01-08,67.93333333333334,45.99166666666667,587.6,15.525,5.866666666666666,81.08333333333333,77.0,68,29,81,7.0,19,81.0
2024-01-09,67.45,46.06666666666666,658.0625,13.229166666666666,5.870833333333334,75.20833333333333,77.0,67,33,75,7.0,17,77.0
2024-01-10,55.175000000000004,38.18333333333333,693.3333333333334,14.166666666666666,5.6049999999999995,76.20833333333333,64.0,55,35,76,7.0,18,76.0
2024-01-11,50.512499999999996,34.97083333333333,556.3,14.625,4.426666666666667,60.166666666666664,58.0,51,28,60,6.0,18,60.0
2024-01-12,50.916666666666664,35.208333333333336,599.625,17.84,5.785714285714286,55.958333333333336,59.0,51,30,56,7.0,22,59.0
2024-01-13,47.7875,33.104166666666664,597.25,17.11875,6.34,58.75,55.0,48,30,59,8.0,21,59.0
2024-01-14,46.925000000000004,32.63333333333333,596.7777777777778,17.504166666666666,5.492307692307692,75.66666666666667,54.0,47,30,76,7.0,22,76.0
2024-01-15,41.854166666666664,29.15833333333333,522.4545454545455,17.058333333333334,4.7,78.29166666666667,49.0,42,26,78,6.0,21,78.0
2024-01-16,40.63333333333333,28.233333333333334,523.3529411764706,15.783333333333333,4.607692307692307,72.875,47.0,41,26,73,6.0,20,73.0
2024-01-17,41.324999999999996,28.683333333333334,535.1904761904761,12.0375,4.775,75.08333333333333,48.0,41,27,75,6.0,15,75.0
2024-01-18,39.09166666666667,27.120833333333334,539.5,9.175,4.566666666666666,86.33333333333333,45.0,39,27,86,6.0,11,86.0
2024-01-19,52.63333333333333,35.854166666666664,703.0588235294117,13.583333333333334,5.65625,74.41666666666667,60.0,53,35,74,7.0,17,74.0
2024-01-20,52.57083333333333,35.475,598.952380952381,14.075000000000001,6.1875,69.875,59.0,53,30,70,8.0,18,70.0
2024-01-21,60.708333333333336,40.6,613.5,11.475,6.345833333333334,74.91666666666667,68.0,61,31,75,8.0,14,75.0
2024-01-22,61.15,41.06666666666667,635.9,14.141666666666666,5.50625,70.75,68.0,61,32,71,7.0,18,71.0
2024-01-23,48.04583333333333,32.333333333333336,588.75,10.924999999999999,4.595238095238095,86.83333333333333,54.0,48,29,87,6.0,14,87.0
2024-01-24,51.987500000000004,35.145833333333336,597.4166666666666,12.479166666666666,4.8954545454545455,88.45833333333333,59.0,52,30,88,6.0,16,88.0
2024-01-25,58.00416666666666,39.17916666666667,549.5625,14.737499999999999,5.082352941176471,79.95833333333333,65.0,58,27,80,6.0,18,80.0
2024-01-26,62.9,42.50833333333333,588.75,9.645833333333334,6.004166666666666,89.70833333333333,71.0,63,29,90,8.0,12,90.0
2024-01-27,73.26666666666667,48.97083333333333,641.375,11.612499999999999,5.788235294117648,85.125,82.0,73,32,85,7.0,15,85.0
2024-01-28,62.666666666666664,41.275,605.6190476190476,12.950000000000001,4.491666666666666,82.04166666666667,69.0,63,30,82,6.0,16,82.0
2024-01-29,74.4421052631579,51.695454545454545,629.6086956521739,11.608333333333334,5.053846153846154,85.29166666666667,86.0,74,31,85,6.0,15,86.0
2024-01-30,71.97500000000001,48.0625,603.2083333333334,9.875,5.45,88.66666666666667,80.0,72,30,89,7.0,12,89.0
2024-01-31,76.2,54.63125,624.875,11.5,6.775,109.25,91.0,76,31,114,8.0,14,114.0
2024-02-01,77.30625,53.147619047619045,628.7916666666666,9.466666666666667,8.336363636363636,113.45833333333333,89.0,77,31,120,10.0,12,120.0
2024-02-02,75.60000000000001,51.039130434782614,614.9166666666666,9.104166666666666,5.795833333333333,100.58333333333333,85.0,76,31,101,7.0,11,101.0
2024-02-03,59.395833333333336,40.229166666666664,666.625,9.700000000000001,5.420833333333333,85.95833333333333,67.0,59,33,86,7.0,12,86.0
2024-02-04,60.104166666666664,41.512499999999996,582.2916666666666,7.4125000000000005,7.254166666666666,96.41666666666667,69.0,60,29,96,9.0,9,96.0
2024-02-05,70.12083333333334,48.79583333333333,613.5833333333334,8.783333333333333,5.5,82.79166666666667,81.0,70,31,83,7.0,11,83.0
2024-02-06,46.12083333333334,32.05833333333333,576.5833333333334,10.241666666666667,4.620833333333334,76.08333333333333,53.0,46,29,76,6.0,13,76.0
2024-02-07,43.67916666666667,30.908333333333335,534.625,8.916666666666666,5.366666666666667,80.25,52.0,44,27,80,7.0,11,80.0
2024-02-08,44.958333333333336,31.837500000000002,604.4166666666666,10.716666666666667,7.2625,86.125,53.0,45,30,86,9.0,13,86.0
2024-02-09,51.862500000000004,36.02916666666667,658.6363636363636,14.904761904761905,6.541176470588235,80.41666666666667,60.0,52,33,80,8.0,19,80.0
2024-02-10,34.833333333333336,24.195833333333336,457.5,17.404545454545453,3.823529411764706,84.75,40.0,35,23,85,5.0,22,85.0
2024-02-11,27.295833333333334,19.033333333333335,483.72222222222223,15.931818181818182,3.1944444444444446,80.41666666666667,32.0,27,24,80,4.0,20,80.0
2024-02-12,45.574999999999996,31.825,528.95,13.329166666666666,5.7,106.70833333333333,53.0,46,26,110,7.0,17,110.0
2024-02-13,65.47500000000001,45.24166666666667,521.4583333333334,9.670833333333333,6.264285714285714,121.29166666666667,75.0,65,26,131,8.0,12,131.0
2024-02-14,77.85714285714286,52.95416666666667,619.7916666666666,12.137500000000001,8.4,111.625,88.0,78,31,117,11.0,15,117.0
2024-02-15,72.88333333333334,47.81666666666666,532.0,14.9,6.7444444444444445,95.0,80.0,73,27,95,8.0,19,95.0
2024-02-16,69.95,45.75416666666666,631.8823529411765,16.420833333333334,5.8999999999999995,80.41666666666667,76.0,70,32,80,7.0,21,80.0
2024-02-17,67.26470588235294,47.03333333333333,621.9130434782609,9.379166666666666,4.326666666666667,95.83333333333333,78.0,67,31,96,5.0,12,96.0
2024-02-18,79.19473684210527,55.235,620.5,9.700000000000001,7.733333333333334,106.54166666666667,92.0,79,31,110,10.0,12,110.0
2024-02-19,76.35833333333333,53.7,548.9166666666666,9.3125,8.0,106.0,90.0,76,27,109,10.0,12,109.0
2024-02-20,72.6842105263158,50.04736842105263,541.3333333333334,9.225,8.435714285714285,112.29166666666667,83.0,73,27,118,11.0,12,118.0
2024-02-21,66.47083333333333,44.958333333333336,529.3333333333334,8.075000000000001,5.4375,103.75,75.0,66,26,106,7.0,10,106.0
2024-02-22,35.166666666666664,23.258333333333336,402.4583333333333,7.866666666666667,3.1999999999999997,80.83333333333333,39.0,35,20,81,4.0,10,81.0
2024-02-23,32.85,21.570833333333336,437.2083333333333,12.795833333333334,3.9625,83.54166666666667,36.0,33,22,84,5.0,16,84.0
2024-02-24,37.699999999999996,24.72083333333333,448.0833333333333,12.549999999999999,4.970833333333333,97.5,41.0,38,22,98,6.0,16,98.0
2024-02-25,49.925000000000004,33.637499999999996,478.5416666666667,10.116666666666667,5.260000000000001,107.91666666666667,56.0,50,24,112,7.0,13,112.0
2024-02-26,71.03750000000001,48.395833333333336,569.8333333333334,12.529166666666667,5.92,107.125,81.0,71,28,110,7.0,16,110.0
2024-02-27,76.15454545454546,52.98260869565217,552.4583333333334,9.7125,7.43076923076923,113.54166666666667,88.0,76,28,120,9.0,12,120.0
2024-02-28,76.44583333333334,52.199999999999996,558.7083333333334,9.275,7.22,114.41666666666667,87.0,76,28,121,9.0,12,121.0
2024-02-29,74.3,50.395833333333336,533.75,9.766666666666667,7.26111111111111,102.29166666666667,84.0,74,27,103,9.0,12,103.0
2024-03-01,70.42083333333333,48.1,595.0,12.508333333333333,5.983333333333333,95.29166666666667,80.0,70,30,95,7.0,16,95.0
2024-03-02,71.7304347826087,49.975,594.9583333333334,11.283333333333333,5.730769230769231,102.33333333333333,83.0,72,30,103,7.0,14,103.0
2024-03-03,67.89999999999999,47.020833333333336,526.5416666666666,10.191666666666666,5.091666666666667,100.75,78.0,68,26,101,6.0,13,101.0
2024-03-04,41.949999999999996,28.425,459.6666666666667,12.695833333333333,4.5375000000000005,79.29166666666667,47.0,42,23,79,6.0,16,79.0
2024-03-05,40.4375,27.6125,464.125,12.766666666666666,5.175,86.875,46.0,40,23,87,6.0,16,87.0
2024-03-06,44.37916666666666,30.933333333333334,511.0833333333333,11.612499999999999,6.627777777777777,95.5,52.0,44,26,96,8.0,15,96.0
2024-03-07,53.68333333333334,37.545833333333334,507.6666666666667,8.775,6.875,112.625,63.0,54,25,119,9.0,11,119.0
2024-03-08,57.199999999999996,39.69583333333333,486.875,9.529166666666667,6.875,110.5,66.0,57,24,115,9.0,12,115.0
2024-03-09,78.0,53.625,485.0833333333333,10.766666666666666,7.333333333333333,102.54166666666667,89.0,78,24,104,9.0,13,104.0
2024-03-10,49.02916666666667,34.00416666666667,531.5,12.408333333333333,6.425,107.29166666666667,57.0,49,27,111,8.0,16,111.0
2024-03-11,53.262499999999996,37.02916666666667,521.25,11.191666666666668,6.020833333333333,106.70833333333333,62.0,53,26,110,8.0,14,110.0
2024-03-12,60.62083333333334,41.949999999999996,548.1666666666666,12.445833333333333,5.1875,110.91666666666667,70.0,61,27,116,6.0,16,116.0
2024-03-13,69.69473684210527,49.61904761904762,557.2083333333334,12.15,6.458333333333333,104.33333333333333,83.0,70,28,106,8.0,15,106.0
2024-03-14,46.791666666666664,30.879166666666666,479.5,12.691666666666668,6.1625000000000005,104.45833333333333,51.0,47,24,107,8.0,16,107.0
2024-03-15,43.34583333333333,27.516666666666666,494.7083333333333,14.125,5.604166666666667,101.45833333333333,46.0,43,25,102,7.0,18,102.0
2024-03-16,42.81666666666666,27.395833333333332,467.0,13.879166666666668,5.054166666666666,101.54166666666667,46.0,43,23,102,6.0,17,102.0
2024-03-17,42.329166666666666,26.474999999999998,500.5833333333333,15.049999999999999,4.879166666666667,100.75,44.0,42,25,101,6.0,19,101.0
2024-03-18,51.4625,32.87083333333333,484.4583333333333,12.679166666666667,5.0249999999999995,104.5,55.0,51,24,107,6.0,16,107.0
2024-03-19,64.79583333333333,41.74166666666667,537.8095238095239,17.778260869565216,4.791666666666667,89.95833333333333,70.0,65,27,90,6.0,22,90.0
2024-03-20,74.63,54.45384615384615,652.4615384615385,22.76842105263158,6.0874999999999995,63.25,91.0,75,33,63,8.0,28,91.0
2024-03-21,46.72083333333333,32.7125,541.4736842105264,16.787499999999998,3.9791666666666665,81.875,55.0,47,27,82,5.0,21,82.0
2024-03-22,32.38333333333333,22.645833333333332,409.4166666666667,9.170833333333333,2.720833333333333,88.83333333333333,38.0,32,20,89,3.0,11,89.0
2024-03-23,19.220833333333335,13.512500000000001,475.125,13.666666666666666,3.125,84.70833333333333,23.0,19,24,85,4.0,17,85.0
2024-03-24,28.5,19.566666666666666,494.75,11.612499999999999,2.6125,96.75,33.0,28,25,97,3.0,15,97.0
2024-03-25,47.26666666666667,31.670833333333334,428.125,10.583333333333334,2.275,103.0,53.0,47,21,104,3.0,13,104.0
2024-03-26,28.4375,19.720833333333335,438.7916666666667,11.633333333333333,2.2375,91.25,33.0,28,22,91,3.0,15,91.0
2024-03-27,41.15416666666667,27.2625,525.9583333333334,16.433333333333334,4.379166666666666,86.66666666666667,45.0,41,26,87,5.0,21,87.0
2024-03-28,45.12083333333334,29.458333333333332,482.6666666666667,14.0625,6.425,101.25,49.0,45,24,102,8.0,18,102.0
2024-03-29,47.512499999999996,31.116666666666664,423.0416666666667,10.9375,4.304166666666666,101.25,52.0,48,21,102,5.0,14,102.0
2024-03-30,49.416666666666664,32.645833333333336,413.0416666666667,9.620833333333334,3.670833333333333,93.91666666666667,54.0,49,21,94,5.0,12,94.0
2024-03-31,29.90416666666667,19.8625,385.875,9.7875,2.2333333333333334,100.41666666666667,33.0,30,19,101,3.0,12,101.0
2024-04-01,41.34166666666667,27.4875,424.25,8.6,3.841666666666667,111.375,46.0,41,21,117,5.0,11,117.0
2024-04-02,52.36666666666667,35.72083333333333,470.2083333333333,8.958333333333334,5.7625,121.0,60.0,52,24,131,7.0,11,131.0
2024-04-03,54.775,37.53333333333334,480.0833333333333,7.4875,6.670833333333333,132.04166666666666,63.0,55,24,147,8.0,9,147.0
2024-04-04,52.99583333333334,36.083333333333336,468.75,9.120833333333334,4.595833333333333,121.95833333333333,60.0,53,23,132,6.0,11,132.0
2024-04-05,48.604166666666664,32.44583333333333,460.9583333333333,9.470833333333333,3.9291666666666667,110.95833333333333,54.0,49,23,116,5.0,12,116.0
2024-04-06,37.670833333333334,24.962500000000002,429.7916666666667,12.316666666666665,2.7375000000000003,94.91666666666667,42.0,38,21,95,3.0,15,95.0
2024-04-07,38.708333333333336,23.520833333333332,386.25,9.8,2.9791666666666665,105.20833333333333,39.0,39,19,108,4.0,12,108.0
2024-04-08,40.69166666666667,24.875,411.75,12.799999999999999,3.4916666666666667,101.5,41.0,41,21,102,4.0,16,102.0
2024-04-09,38.24583333333333,23.9375,436.2916666666667,13.233333333333334,4.45,102.75,40.0,38,22,104,6.0,17,104.0
2024-04-10,40.57083333333333,27.125,433.5416666666667,9.254166666666666,2.8041666666666667,111.125,45.0,41,22,116,4.0,12,116.0
2024-04-11,37.37083333333333,24.1125,402.375,8.112499999999999,2.3041666666666667,117.5,40.0,37,20,126,3.0,10,126.0
2024-04-12,42.770833333333336,28.2,537.4166666666666,14.479166666666666,2.7375000000000003,103.0,47.0,43,27,104,3.0,18,104.0
2024-04-13,53.82916666666667,35.291666666666664,510.375,11.325000000000001,3.766666666666667,113.45833333333333,59.0,54,26,120,5.0,14,120.0
2024-04-14,44.8375,29.0125,551.8636363636364,13.0,2.908333333333333,103.79166666666667,48.0,45,28,106,4.0,16,106.0
2024-04-15,68.69583333333334,44.62916666666666,510.4583333333333,10.5875,4.5625,120.875,74.0,69,26,131,6.0,13,131.0
2024-04-16,68.88333333333334,45.387499999999996,453.0416666666667,6.875,3.5625,126.83333333333333,76.0,69,23,139,4.0,9,139.0
2024-04-17,47.87083333333334,31.162499999999998,481.25,11.129166666666668,3.733333333333333,111.375,52.0,48,24,117,5.0,14,117.0
2024-04-18,58.65833333333333,39.733333333333334,461.8333333333333,8.875,4.833333333333333,116.54166666666667,66.0,59,23,124,6.0,11,124.0
2024-04-19,58.971428571428575,38.87142857142857,523.4583333333334,14.183333333333332,4.729166666666667,105.45833333333333,65.0,59,26,108,6.0,18,108.0
2024-04-20,53.775,35.8125,534.7083333333334,15.545833333333334,3.783333333333333,99.20833333333333,60.0,54,27,99,5.0,19,99.0
2024-04-21,43.95652173913044,31.204166666666666,451.8333333333333,8.775,3.1958333333333333,116.625,52.0,44,23,124,4.0,11,124.0
2024-04-22,51.979166666666664,32.958333333333336,452.8333333333333,8.445833333333333,4.2124999999999995,129.0,55.0,52,23,143,5.0,11,143.0
2024-04-23,32.9875,21.175,422.25,7.7250000000000005,2.920833333333333,119.08333333333333,35.0,33,21,128,4.0,10,128.0
2024-04-24,34.09166666666667,21.629166666666666,416.0833333333333,10.520833333333334,3.1333333333333333,118.91304347826087,36.0,34,21,128,4.0,13,128.0
2024-04-25,42.68333333333334,28.4875,476.0,10.0,3.5416666666666665,123.6086956521739,47.0,43,24,135,4.0,12,135.0
2024-04-26,52.75652173913044,35.339130434782604,533.375,12.2875,3.9333333333333336,119.1304347826087,59.0,53,27,128,5.0,15,128.0
2024-04-27,66.64999999999999,45.12916666666666,493.5833333333333,9.166666666666666,4.2375,129.79166666666666,75.0,67,25,144,5.0,11,144.0
2024-04-28,47.72083333333333,30.704166666666666,426.0,9.770833333333334,3.1875,120.5,51.0,48,21,130,4.0,12,130.0
2024-04-29,49.65416666666667,28.787499999999998,476.8333333333333,10.729166666666666,3.466666666666667,114.66666666666667,48.0,50,24,122,4.0,13,122.0
2024-04-30,44.85,28.02916666666667,475.0833333333333,10.929166666666667,3.3333333333333335,104.25,47.0,45,24,106,4.0,14,106.0
2024-05-01,39.96666666666667,25.041666666666668,401.2916666666667,8.483333333333333,2.9875000000000003,114.91666666666667,42.0,40,20,122,4.0,11,122.0
2024-05-02,25.208333333333332,15.454166666666666,370.2916666666667,11.129166666666668,3.0708333333333333,129.16666666666666,26.0,25,19,143,4.0,14,143.0
2024-05-03,41.766666666666666,25.662499999999998,468.125,10.866666666666667,4.141666666666667,127.47368421052632,43.0,42,23,140,5.0,14,140.0
2024-05-04,68.95,43.94444444444444,433.5416666666667,5.629166666666666,5.408333333333334,142.28571428571428,73.0,69,22,162,7.0,7,162.0
2024-05-05,76.26666666666667,58.68666666666666,447.4583333333333,7.2625,5.8,129.1578947368421,98.0,76,22,143,7.0,9,143.0
2024-05-06,59.770833333333336,39.63333333333333,458.2083333333333,7.291666666666667,2.408333333333333,121.375,66.0,60,23,131,3.0,9,131.0
2024-05-07,30.59583333333333,20.758333333333333,403.7083333333333,7.7749999999999995,1.9458333333333335,102.70833333333333,35.0,31,20,104,2.0,10,104.0
2024-05-08,26.53333333333333,16.483333333333334,371.625,11.704166666666666,1.9583333333333333,103.375,27.0,27,19,105,2.0,15,105.0
2024-05-09,39.237500000000004,24.55,399.6666666666667,10.941666666666668,2.3916666666666666,100.625,41.0,39,20,101,3.0,14,101.0
2024-05-10,39.15,26.05,395.5,9.229166666666666,2.841666666666667,103.70833333333333,43.0,39,20,105,4.0,12,105.0
2024-05-11,47.020833333333336,31.525000000000002,394.125,7.570833333333333,2.9291666666666667,111.16666666666667,53.0,47,20,116,4.0,9,116.0
2024-05-12,30.900000000000002,20.775000000000002,411.2916666666667,10.870833333333332,2.1125000000000003,101.375,35.0,31,21,102,3.0,14,102.0
2024-05-13,37.34166666666667,24.474999999999998,414.8333333333333,12.158333333333333,2.125,92.5,41.0,37,21,92,3.0,15,92.0
2024-05-14,32.0,21.316666666666666,404.375,12.625,1.8791666666666667,93.95833333333333,36.0,32,20,94,2.0,16,94.0
2024-05-15,31.266666666666666,20.483333333333334,379.5416666666667,11.220833333333333,2.441666666666667,100.29166666666667,34.0,31,19,100,3.0,14,100.0
2024-05-16,44.237500000000004,28.208333333333332,378.1666666666667,11.641666666666666,2.6875,99.70833333333333,47.0,44,19,100,3.0,15,100.0
2024-05-17,48.50833333333333,31.09583333333333,484.9166666666667,11.410526315789474,2.7624999999999997,96.125,52.0,49,24,96,3.0,14,96.0
2024-05-18,74.6,50.42083333333333,445.4166666666667,7.783333333333334,4.2124999999999995,128.33333333333334,84.0,75,22,142,5.0,10,142.0
2024-05-19,49.09166666666667,33.141666666666666,416.375,8.004166666666666,2.9125,126.45833333333333,55.0,49,21,139,4.0,10,139.0
2024-05-20,33.295833333333334,22.504166666666666,406.6666666666667,8.15,2.2375000000000003,120.625,38.0,33,20,130,3.0,10,130.0
2024-05-21,41.68333333333333,26.754166666666666,402.5416666666667,9.604166666666666,2.183333333333333,119.08333333333333,45.0,42,20,128,3.0,12,128.0
2024-05-22,50.104166666666664,32.11666666666667,417.7083333333333,9.925,2.8833333333333333,110.08333333333333,54.0,50,21,115,4.0,12,115.0
2024-05-23,34.083333333333336,21.875,402.1666666666667,9.950000000000001,1.6375,93.125,36.0,34,20,93,2.0,12,93.0
2024-05-24,24.025000000000002,15.929166666666667,323.375,7.416666666666667,1.8333333333333333,100.25,27.0,24,16,100,2.0,9,100.0
2024-05-25,26.308333333333334,17.125,334.4166666666667,8.700000000000001,1.9583333333333333,102.33333333333333,29.0,26,17,103,2.0,11,103.0
2024-05-26,26.47083333333333,18.054166666666667,373.9166666666667,8.979166666666666,2.6791666666666667,108.875,30.0,26,19,113,3.0,11,113.0
2024-05-27,25.65416666666667,17.991666666666667,414.9166666666667,10.358333333333333,3.029166666666667,82.41666666666667,30.0,26,21,82,4.0,13,82.0
2024-05-28,18.420833333333334,12.895833333333334,360.625,7.0874999999999995,2.283333333333333,99.25,21.0,18,18,99,3.0,9,99.0
2024-05-29,43.78333333333333,29.262500000000003,374.7083333333333,8.079166666666667,3.6916666666666664,119.375,49.0,44,19,128,5.0,10,128.0
2024-05-30,37.15416666666667,24.575,381.9166666666667,7.158333333333334,3.0083333333333333,125.25,41.0,37,19,137,4.0,9,137.0
2024-05-31,30.5125,20.145833333333332,338.9583333333333,6.0874999999999995,1.8416666666666668,119.75,34.0,31,17,129,2.0,8,129.0
2024-06-01,39.46666666666667,24.2375,385.0833333333333,8.674999999999999,2.025,109.16666666666667,40.0,39,19,113,3.0,11,113.0
2024-06-02,44.60833333333333,27.170833333333334,374.375,7.133333333333333,1.8208333333333335,116.29166666666667,45.0,45,19,124,2.0,9,124.0
2024-06-03,33.541666666666664,21.479166666666668,421.375,12.991666666666667,1.7416666666666665,100.75,36.0,34,21,101,2.0,16,101.0
2024-06-04,33.483333333333334,21.633333333333336,376.2083333333333,8.029166666666667,1.6583333333333332,113.375,36.0,33,19,120,2.0,10,120.0
2024-06-05,30.8125,19.258333333333333,391.2083333333333,9.266666666666667,1.8125,113.58333333333333,32.0,31,20,120,2.0,12,120.0
2024-06-06,39.88333333333333,25.433333333333334,377.625,8.475,1.9458333333333335,118.5,42.0,40,19,127,2.0,11,127.0
2024-06-07,25.983333333333334,17.170833333333334,369.875,8.308333333333334,1.4625000000000001,114.95833333333333,29.0,26,18,122,2.0,10,122.0
2024-06-08,53.51666666666667,33.979166666666664,377.75,6.145833333333333,2.2708333333333335,126.125,57.0,54,19,138,3.0,8,138.0
2024-06-09,21.791666666666668,13.637500000000001,397.5416666666667,6.645833333333333,1.9291666666666665,120.45833333333333,23.0,22,20,130,2.0,8,130.0
2024-06-10,37.170833333333334,24.070833333333336,398.8333333333333,8.791666666666666,1.4749999999999999,115.16666666666667,40.0,37,20,122,2.0,11,122.0
2024-06-11,24.849999999999998,16.675,402.25,9.179166666666667,1.5583333333333333,107.66666666666667,28.0,25,20,111,2.0,11,111.0
2024-06-12,14.320833333333333,9.929166666666667,362.5,8.066666666666666,1.3208333333333333,109.54166666666667,17.0,14,18,114,2.0,10,114.0
2024-06-13,18.979166666666668,12.7875,363.25,6.666666666666667,1.9666666666666668,115.5,21.0,19,18,123,2.0,8,123.0
2024-06-14,13.020833333333334,9.120833333333334,386.375,8.895833333333334,1.8625,100.29166666666667,15.0,13,19,100,2.0,11,100.0
2024-06-15,14.745833333333332,10.358333333333333,400.7916666666667,6.6375,2.2291666666666665,119.125,17.0,15,20,128,3.0,8,128.0
2024-06-16,11.129166666666668,7.6000000000000005,383.75,7.3374999999999995,3.3625000000000003,107.91666666666667,13.0,11,19,112,4.0,9,112.0
2024-06-17,31.27916666666667,19.791666666666668,382.2083333333333,6.495833333333334,2.629166666666667,118.16666666666667,33.0,31,19,127,3.0,8,127.0
2024-06-18,24.416666666666668,17.724999999999998,422.7083333333333,9.779166666666667,2.920833333333333,100.08333333333333,30.0,24,21,100,4.0,12,100.0
2024-06-19,8.433333333333334,5.9624999999999995,361.0416666666667,7.808333333333334,2.5083333333333333,86.5,10.0,8,18,86,3.0,10,86.0
2024-06-20,10.762500000000001,7.0874999999999995,327.0,5.366666666666667,1.9625000000000001,111.95833333333333,12.0,11,16,118,2.0,7,118.0
2024-06-21,24.45,15.408333333333333,293.625,5.7,1.45,108.20833333333333,26.0,24,15,112,2.0,7,112.0
2024-06-22,38.487500000000004,25.129166666666666,304.75,6.679166666666666,1.6875,111.0,42.0,38,15,116,2.0,8,116.0
2024-06-23,35.333333333333336,24.116666666666664,313.5833333333333,7.3625,2.0083333333333333,101.0,40.0,35,16,101,3.0,9,101.0
2024-06-24,19.825,13.854166666666666,293.0,7.3625,2.0749999999999997,87.29166666666667,23.0,20,15,87,3.0,9,87.0
2024-06-25,11.991666666666667,8.4375,302.125,9.433333333333334,2.1750000000000003,82.5,14.0,12,15,82,3.0,12,82.0
2024-06-26,13.891666666666666,9.629166666666666,267.5833333333333,9.004166666666666,1.7208333333333332,75.54166666666667,16.0,14,13,76,2.0,11,76.0
2024-06-27,12.416666666666666,8.729166666666666,291.875,7.241666666666667,1.4875,82.91666666666667,15.0,12,15,83,2.0,9,83.0
2024-06-28,7.9125000000000005,5.566666666666666,244.16666666666666,7.1000000000000005,1.0374999999999999,70.08333333333333,9.0,8,12,70,1.0,9,70.0
2024-06-29,15.054166666666667,10.616666666666667,267.5833333333333,8.420833333333333,1.8083333333333333,68.20833333333333,18.0,15,13,68,2.0,11,68.0
2024-06-30,15.204166666666666,10.704166666666666,280.2916666666667,9.295833333333333,1.5583333333333333,63.916666666666664,18.0,15,14,64,2.0,12,64.0
2024-07-01,14.766666666666666,10.362499999999999,309.125,11.070833333333333,2.308333333333333,62.208333333333336,17.0,15,15,62,3.0,14,62.0
2024-07-02,12.729166666666666,8.9625,284.0833333333333,8.174999999999999,3.341666666666667,69.16666666666667,15.0,13,14,69,4.0,10,69.0
2024-07-03,14.129166666666668,9.9625,255.5,7.820833333333334,1.7375,75.0,17.0,14,13,75,2.0,10,75.0
2024-07-04,8.916666666666666,6.2875000000000005,282.375,10.629166666666666,2.4208333333333334,59.958333333333336,10.0,9,14,60,3.0,13,60.0
2024-07-05,12.754166666666668,9.008333333333333,317.0833333333333,11.433333333333332,2.595833333333333,63.166666666666664,15.0,13,16,63,3.0,14,63.0
2024-07-06,13.020833333333334,9.183333333333334,319.0416666666667,11.866666666666667,2.3000000000000003,60.625,15.0,13,16,61,3.0,15,61.0
2024-07-07,9.237499999999999,6.479166666666667,250.91666666666666,7.508333333333333,1.5166666666666666,70.20833333333333,11.0,9,13,70,2.0,9,70.0
2024-07-08,8.137500000000001,5.654166666666666,251.70833333333334,7.5125,1.5583333333333333,74.54166666666667,9.0,8,13,75,2.0,9,75.0
2024-07-09,7.620833333333334,5.383333333333333,286.0833333333333,8.379166666666666,3.3625000000000003,62.541666666666664,9.0,8,14,63,4.0,10,63.0
2024-07-10,10.4625,7.375,322.8333333333333,11.908333333333333,4.916666666666667,64.08333333333333,12.0,10,16,64,6.0,15,64.0
2024-07-11,12.108333333333334,8.520833333333334,326.1666666666667,9.475,3.6041666666666665,76.95833333333333,14.0,12,16,77,5.0,12,77.0
2024-07-12,11.875,8.366666666666667,347.2916666666667,9.870833333333334,3.8000000000000003,84.5,14.0,12,17,84,5.0,12,84.0
2024-07-13,9.145833333333334,6.416666666666667,340.375,8.133333333333333,4.1375,87.0,11.0,9,17,87,5.0,10,87.0
2024-07-14,14.158333333333333,9.958333333333334,288.125,6.366666666666667,1.3041666666666667,94.16666666666667,17.0,14,14,94,2.0,8,94.0
2024-07-15,17.6375,12.520833333333334,247.625,6.6000000000000005,1.8166666666666667,79.58333333333333,21.0,18,12,80,2.0,8,80.0
2024-07-16,14.220833333333333,10.1625,289.2916666666667,10.9,2.1374999999999997,61.125,17.0,14,14,61,3.0,14,61.0
2024-07-17,10.916666666666666,7.720833333333334,243.54166666666666,8.395833333333334,1.8416666666666668,63.583333333333336,13.0,11,12,64,2.0,10,64.0
2024-07-18,15.720833333333333,11.075000000000001,250.95833333333334,8.633333333333333,1.675,68.70833333333333,18.0,16,13,69,2.0,11,69.0
2024-07-19,17.591666666666665,12.354166666666666,267.2083333333333,8.470833333333333,1.8291666666666666,71.66666666666667,21.0,18,13,72,2.0,11,72.0
2024-07-20,13.154166666666667,9.229166666666666,268.0,7.520833333333333,1.8458333333333332,75.54166666666667,15.0,13,13,76,2.0,9,76.0
2024-07-21,14.029166666666667,9.8125,223.25,6.316666666666666,1.5333333333333334,77.91666666666667,16.0,14,11,78,2.0,8,78.0
2024-07-22,7.916666666666667,5.520833333333333,236.66666666666666,8.383333333333333,1.0875000000000001,63.833333333333336,9.0,8,12,64,1.0,10,64.0
2024-07-23,6.720833333333334,4.683333333333334,213.91666666666666,7.529166666666666,1.0666666666666667,63.666666666666664,8.0,7,11,64,1.0,9,64.0
2024-07-24,11.5,7.970833333333334,219.125,7.379166666666666,1.6125,75.33333333333333,13.0,12,11,75,2.0,9,75.0
2024-07-25,11.479166666666666,8.016666666666667,243.25,8.5875,1.5916666666666668,71.95833333333333,13.0,11,12,72,2.0,11,72.0
2024-07-26,14.85,10.375,254.875,9.720833333333333,1.9083333333333332,65.25,17.0,15,13,65,2.0,12,65.0
2024-07-27,14.483333333333334,10.154166666666667,270.0,9.0,1.4916666666666665,67.0,17.0,14,14,67,2.0,11,67.0
2024-07-28,20.279166666666665,14.237499999999999,305.4583333333333,10.054166666666667,2.058333333333333,77.375,24.0,20,15,77,3.0,13,77.0
2024-07-29,13.775,9.65,288.1666666666667,8.025,1.7375,75.20833333333333,16.0,14,14,75,2.0,10,75.0
2024-07-30,13.545833333333334,9.433333333333334,262.0833333333333,7.854166666666667,1.5374999999999999,82.04166666666667,16.0,14,13,82,2.0,10,82.0
2024-07-31,21.7625,15.104166666666666,268.5833333333333,8.658333333333333,2.2875,94.91666666666667,25.0,22,13,95,3.0,11,95.0
2024-08-01,14.299999999999999,9.7875,268.4166666666667,7.0625,1.2375,86.83333333333333,16.0,14,13,87,2.0,9,87.0
2024-08-02,5.320833333333334,3.7708333333333335,224.75,7.245833333333334,1.5291666666666668,60.166666666666664,6.0,5,11,60,2.0,9,60.0
2024-08-03,12.450000000000001,9.004166666666666,270.6666666666667,10.5375,2.2875,61.958333333333336,15.0,12,14,62,3.0,13,62.0
2024-08-04,11.695833333333333,8.304166666666667,259.3333333333333,7.75,1.6291666666666667,72.875,14.0,12,13,73,2.0,10,73.0
2024-08-05,10.049999999999999,7.0625,288.625,9.070833333333333,3.170833333333333,66.66666666666667,12.0,10,14,67,4.0,11,67.0
2024-08-06,9.516666666666667,6.6499999999999995,293.0,9.108333333333333,3.5416666666666665,60.291666666666664,11.0,10,15,60,4.0,11,60.0
2024-08-07,12.487499999999999,8.8375,279.5833333333333,10.549999999999999,2.1041666666666665,67.16666666666667,15.0,12,14,67,3.0,13,67.0
2024-08-08,10.433333333333334,7.370833333333334,277.4583333333333,9.1875,2.3916666666666666,69.83333333333333,12.0,10,14,70,3.0,11,70.0
2024-08-09,6.854166666666667,4.8,289.9583333333333,12.075000000000001,2.2416666666666667,48.208333333333336,8.0,7,14,48,3.0,15,48.0
2024-08-10,9.233333333333333,6.5249999999999995,309.875,12.075000000000001,2.783333333333333,54.958333333333336,11.0,9,15,55,3.0,15,55.0
2024-08-11,11.1875,7.9375,289.6666666666667,8.733333333333333,1.7666666666666666,69.625,13.0,11,14,70,2.0,11,70.0
2024-08-12,11.291666666666666,7.966666666666666,367.125,14.066666666666668,2.6333333333333333,63.75,13.0,11,18,64,3.0,18,64.0
2024-08-13,14.816666666666668,10.424999999999999,370.9583333333333,12.233333333333334,2.533333333333333,71.16666666666667,17.0,15,19,71,3.0,15,71.0
2024-08-14,16.445833333333333,11.583333333333334,351.25,9.429166666666667,2.2375,88.41666666666667,19.0,16,18,88,3.0,12,88.0
2024-08-15,29.0,20.162499999999998,288.75,6.091666666666666,2.058333333333333,95.16666666666667,34.0,29,14,95,3.0,8,95.0
2024-08-16,29.229166666666668,20.016666666666666,328.7916666666667,9.895833333333334,2.495833333333333,93.58333333333333,33.0,29,16,94,3.0,12,94.0
2024-08-17,33.37083333333333,22.895833333333332,344.4166666666667,8.933333333333334,2.5208333333333335,95.54166666666667,38.0,33,17,96,3.0,11,96.0
2024-08-18,21.108333333333334,14.362499999999999,322.7083333333333,7.645833333333333,1.5291666666666668,92.58333333333333,24.0,21,16,93,2.0,10,93.0
2024-08-19,19.379166666666666,13.416666666666666,343.2916666666667,9.875,1.9124999999999999,82.41666666666667,22.0,19,17,82,2.0,12,82.0
2024-08-20,19.337500000000002,13.762500000000001,357.2916666666667,12.200000000000001,2.029166666666667,70.20833333333333,23.0,19,18,70,3.0,15,70.0
2024-08-21,17.9875,12.845833333333333,348.25,9.466666666666667,2.2375000000000003,84.79166666666667,21.0,18,17,85,3.0,12,85.0
2024-08-22,12.708333333333334,9.004166666666666,293.875,9.204166666666667,1.7833333333333332,74.79166666666667,15.0,13,15,75,2.0,12,75.0
2024-08-23,11.204166666666666,7.875,302.0416666666667,10.254166666666666,2.6999999999999997,66.625,13.0,11,15,67,3.0,13,67.0
2024-08-24,19.029166666666665,13.25,327.875,13.041666666666666,1.9375,70.0,22.0,19,16,70,2.0,16,70.0
2024-08-25,23.445833333333336,16.266666666666666,340.375,11.879166666666668,2.120833333333333,84.875,27.0,23,17,85,3.0,15,85.0
2024-08-26,15.883333333333333,11.075000000000001,301.875,9.791666666666666,1.4458333333333335,78.41666666666667,18.0,16,15,78,2.0,12,78.0
2024-08-27,15.479166666666666,10.845833333333333,387.0833333333333,12.866666666666667,2.0416666666666665,49.083333333333336,18.0,15,19,49,3.0,16,49.0
2024-08-28,28.150000000000002,19.708333333333332,378.2916666666667,14.066666666666668,2.2416666666666667,78.41666666666667,33.0,28,19,78,3.0,18,78.0
2024-08-29,18.958333333333332,13.3375,416.4583333333333,14.615,2.058333333333333,60.916666666666664,22.0,19,21,61,3.0,18,61.0
2024-08-30,24.95,17.458333333333332,419.1666666666667,16.716666666666665,3.1791666666666667,86.20833333333333,29.0,25,21,86,4.0,21,86.0
2024-08-31,19.7875,13.875,349.4583333333333,10.066666666666666,2.0500000000000003,90.5,23.0,20,17,90,3.0,13,90.0
2024-09-01,14.987499999999999,10.504166666666666,388.3333333333333,14.183333333333332,2.2291666666666665,73.08333333333333,18.0,15,19,73,3.0,18,73.0
2024-09-02,19.320833333333333,13.391666666666666,287.5833333333333,9.5625,1.9166666666666667,79.79166666666667,22.0,19,14,80,2.0,12,80.0
2024-09-03,23.3875,16.279166666666665,320.625,9.0625,2.5416666666666665,84.95833333333333,27.0,23,16,85,3.0,11,85.0
2024-09-04,15.991666666666667,11.216666666666667,339.5416666666667,8.570833333333333,1.7458333333333333,82.08333333333333,19.0,16,17,82,2.0,11,82.0
2024-09-05,11.558333333333332,8.116666666666667,315.8333333333333,8.833333333333334,1.1791666666666667,76.125,14.0,12,16,76,1.0,11,76.0
2024-09-06,17.220833333333335,12.058333333333335,355.4166666666667,12.85,1.9000000000000001,73.41666666666667,20.0,17,18,73,2.0,16,73.0
2024-09-07,21.90416666666667,15.299999999999999,389.4583333333333,13.657142857142858,2.6416666666666666,76.20833333333333,25.0,22,19,76,3.0,17,76.0
2024-09-08,24.4875,17.1125,375.7916666666667,13.229166666666666,2.6875,79.20833333333333,29.0,24,19,79,3.0,17,79.0
2024-09-09,22.145833333333332,15.487499999999999,352.4583333333333,9.308333333333334,2.3041666666666667,95.79166666666667,26.0,22,18,96,3.0,12,96.0
2024-09-10,20.525000000000002,14.033333333333333,327.5416666666667,8.516666666666667,2.3874999999999997,96.20833333333333,23.0,21,16,96,3.0,11,96.0
2024-09-11,16.708333333333332,11.549999999999999,342.2916666666667,10.354166666666666,1.8708333333333333,88.33333333333333,19.0,17,17,88,2.0,13,88.0
2024-09-12,19.633333333333333,13.654166666666667,377.5833333333333,14.429166666666667,1.9124999999999999,75.70833333333333,23.0,20,19,76,2.0,18,76.0
2024-09-13,18.158333333333335,12.704166666666666,348.9166666666667,13.700000000000001,2.1,70.29166666666667,21.0,18,17,70,3.0,17,70.0
2024-09-14,21.283333333333335,14.9125,318.3333333333333,12.012500000000001,2.3541666666666665,73.0,25.0,21,16,73,3.0,15,73.0
2024-09-15,17.033333333333335,11.924999999999999,319.7083333333333,13.020833333333334,2.066666666666667,59.583333333333336,20.0,17,16,60,3.0,16,60.0
2024-09-16,17.320833333333333,12.120833333333332,340.9583333333333,15.25,2.2666666666666666,66.95833333333333,20.0,17,17,67,3.0,19,67.0
2024-09-17,29.15416666666667,19.962500000000002,432.75,13.326315789473684,2.2958333333333334,71.375,33.0,29,22,71,3.0,17,71.0
2024-09-18,28.229166666666668,19.525000000000002,388.2083333333333,14.695833333333333,2.1041666666666665,76.16666666666667,33.0,28,19,76,3.0,18,76.0
2024-09-19,24.325000000000003,16.966666666666665,398.125,15.845833333333333,2.7083333333333335,74.79166666666667,28.0,24,20,75,3.0,20,75.0
2024-09-20,24.945833333333336,17.479166666666668,435.625,16.691666666666666,2.966666666666667,71.95833333333333,29.0,25,22,72,4.0,21,72.0
2024-09-21,17.033333333333335,11.916666666666666,440.8333333333333,14.495,2.4791666666666665,70.0,20.0,17,22,70,3.0,18,70.0
2024-09-22,19.6125,13.625,410.9166666666667,14.80909090909091,2.4125,76.70833333333333,23.0,20,21,77,3.0,19,77.0
2024-09-23,21.195833333333333,14.679166666666667,317.8333333333333,10.0375,2.379166666666667,94.375,24.0,21,16,94,3.0,13,94.0
2024-09-24,22.65833333333333,15.783333333333333,362.4166666666667,11.424999999999999,2.4458333333333333,86.83333333333333,26.0,23,18,87,3.0,14,87.0
2024-09-25,10.424999999999999,7.308333333333334,320.4166666666667,11.491666666666667,1.7958333333333334,69.45833333333333,12.0,10,16,69,2.0,14,69.0
2024-09-26,8.095833333333333,5.675,311.5416666666667,14.004166666666668,2.404166666666667,48.708333333333336,9.0,8,16,49,3.0,18,49.0
2024-09-27,10.299999999999999,7.2749999999999995,348.0833333333333,16.858333333333334,2.654166666666667,43.125,12.0,10,17,43,3.0,21,43.0
2024-09-28,6.5,4.558333333333334,276.4166666666667,11.450000000000001,2.0208333333333335,39.583333333333336,8.0,6,14,40,3.0,14,40.0
2024-09-29,15.629166666666668,10.970833333333333,397.0,12.758333333333333,2.5708333333333333,67.58333333333333,18.0,16,20,68,3.0,16,68.0
2024-09-30,15.583333333333334,10.9125,444.125,10.754166666666668,1.5666666666666667,75.58333333333333,18.0,16,22,76,2.0,13,76.0
2024-10-01,15.9125,11.133333333333333,410.0416666666667,14.195833333333333,1.7416666666666665,66.54166666666667,19.0,16,21,67,2.0,18,67.0
2024-10-02,14.370833333333332,10.075000000000001,362.2083333333333,12.579166666666666,1.4791666666666667,79.25,17.0,14,18,79,2.0,16,79.0
2024-10-03,11.820833333333333,8.283333333333333,307.0,9.141666666666667,1.4416666666666667,71.875,14.0,12,15,72,2.0,11,72.0
2024-10-04,13.975,9.808333333333334,341.0,14.325000000000001,1.8791666666666667,54.375,16.0,14,17,54,2.0,18,54.0
2024-10-05,16.816666666666666,11.845833333333333,339.9583333333333,11.420833333333334,1.9083333333333332,77.66666666666667,20.0,17,17,78,2.0,14,78.0
2024-10-06,14.762500000000001,10.383333333333333,365.375,15.075000000000001,1.7,69.08333333333333,17.0,15,18,69,2.0,19,69.0
2024-10-07,18.158333333333335,12.708333333333334,373.6666666666667,11.22,1.3583333333333334,62.958333333333336,21.0,18,19,63,2.0,14,63.0
2024-10-08,18.008333333333333,12.5875,360.625,13.745833333333332,1.825,72.5,21.0,18,18,72,2.0,17,72.0
2024-10-09,17.095833333333335,11.870833333333332,350.5416666666667,10.920833333333334,1.6333333333333335,77.45833333333333,20.0,17,18,77,2.0,14,77.0
2024-10-10,10.620833333333334,7.4375,406.2916666666667,15.483333333333334,1.8375000000000001,71.125,12.0,11,20,71,2.0,19,71.0
2024-10-11,35.829166666666666,24.070833333333336,435.6666666666667,11.6625,2.8874999999999997,90.5,40.0,36,22,90,4.0,15,90.0
2024-10-12,50.104166666666664,33.6875,511.375,11.329166666666666,3.4458333333333333,103.95833333333333,56.0,50,26,106,4.0,14,106.0
2024-10-13,47.520833333333336,32.44583333333333,547.2083333333334,10.804166666666667,3.408333333333333,107.54166666666667,54.0,48,27,111,4.0,14,111.0
2024-10-14,36.958333333333336,25.233333333333334,436.9583333333333,9.233333333333333,3.2416666666666667,103.91666666666667,42.0,37,22,106,4.0,12,106.0
2024-10-15,32.25833333333333,22.233333333333334,471.0,12.258333333333333,2.829166666666667,89.66666666666667,37.0,32,24,90,4.0,15,90.0
2024-10-16,30.6375,20.895833333333332,487.3333333333333,10.712499999999999,2.4583333333333335,95.95833333333333,35.0,31,24,96,3.0,13,96.0
2024-10-17,59.262499999999996,38.44166666666667,448.6666666666667,8.833333333333334,3.2583333333333333,111.58333333333333,64.0,59,22,117,4.0,11,117.0
2024-10-18,34.387499999999996,22.875,427.9583333333333,8.15,1.2541666666666667,103.95833333333333,38.0,34,21,106,2.0,10,106.0
2024-10-19,45.5,30.72083333333333,479.3333333333333,15.358333333333334,2.495833333333333,85.25,51.0,46,24,85,3.0,19,85.0
2024-10-20,39.079166666666666,26.02916666666667,509.4583333333333,16.404545454545456,2.091666666666667,73.375,43.0,39,25,73,3.0,21,73.0
2024-10-21,27.15833333333333,18.125,498.7826086956522,11.56875,2.3333333333333335,56.208333333333336,30.0,27,25,56,3.0,14,56.0
2024-10-22,18.816666666666666,12.758333333333333,448.7083333333333,8.994117647058824,1.7666666666666666,60.458333333333336,21.0,19,22,60,2.0,11,60.0
2024-10-23,14.362499999999999,9.85,365.0833333333333,16.8875,2.0458333333333334,62.583333333333336,16.0,14,18,63,3.0,21,63.0
2024-10-24,20.733333333333334,14.329166666666666,344.4166666666667,15.054166666666667,2.3874999999999997,62.75,24.0,21,17,63,3.0,19,63.0
2024-10-25,31.258333333333336,21.683333333333334,458.375,15.194736842105263,3.733333333333333,49.25,36.0,31,23,49,5.0,19,49.0
2024-10-26,33.362500000000004,22.349999999999998,387.2916666666667,15.058333333333332,2.591666666666667,62.166666666666664,37.0,33,19,62,3.0,19,62.0
2024-10-27,28.816666666666666,19.366666666666667,397.2083333333333,10.4125,2.183333333333333,73.375,32.0,29,20,73,3.0,13,73.0
2024-10-28,22.929166666666664,15.762500000000001,445.9166666666667,12.266666666666666,2.725,71.29166666666667,26.0,23,22,71,3.0,15,71.0
2024-10-29,25.25,17.433333333333334,418.5833333333333,8.991666666666667,2.4916666666666667,84.5,29.0,25,21,84,3.0,11,84.0
2024-10-30,31.170833333333334,21.604166666666668,479.8181818181818,8.170833333333333,3.016666666666667,97.33333333333333,36.0,31,24,97,4.0,10,97.0
2024-10-31,44.04583333333333,29.929166666666664,473.6666666666667,8.5,3.7291666666666665,101.375,50.0,44,24,102,5.0,11,102.0
2024-11-01,36.395833333333336,24.933333333333334,544.8333333333334,14.270833333333334,3.3041666666666667,81.41666666666667,42.0,36,27,81,4.0,18,81.0
2024-11-02,32.88333333333333,22.208333333333332,486.875,14.600000000000001,3.529166666666667,68.70833333333333,37.0,33,24,69,4.0,18,69.0
2024-11-03,30.416666666666668,20.858333333333334,457.6666666666667,16.68095238095238,3.3625000000000003,70.75,35.0,30,23,71,4.0,21,71.0
2024-11-04,20.929166666666667,14.433333333333332,333.4166666666667,12.729166666666666,2.345833333333333,76.95833333333333,24.0,21,17,77,3.0,16,77.0
2024-11-05,19.7375,13.487499999999999,309.0,12.7,2.404166666666667,68.04166666666667,22.0,20,15,68,3.0,16,68.0
2024-11-06,22.97083333333333,15.695833333333333,282.5416666666667,14.91304347826087,3.341666666666667,67.95833333333333,26.0,23,14,68,4.0,19,68.0
2024-11-07,28.383333333333336,19.3125,312.1666666666667,16.179166666666667,3.5208333333333335,73.66666666666667,32.0,28,16,74,4.0,20,74.0
2024-11-08,27.224999999999998,18.808333333333334,405.3333333333333,12.154166666666667,3.3375,76.0,31.0,27,20,76,4.0,15,76.0
2024-11-09,26.104166666666668,18.016666666666666,336.2916666666667,15.085714285714285,3.6791666666666667,66.875,30.0,26,17,67,5.0,19,67.0
2024-11-10,21.483333333333334,14.958333333333334,310.25,17.037499999999998,3.1458333333333335,66.70833333333333,25.0,21,16,67,4.0,21,67.0
2024-11-11,17.3,12.075000000000001,422.7916666666667,14.104166666666666,3.033333333333333,69.0,20.0,17,21,69,4.0,18,69.0
2024-11-12,23.575,20.795833333333334,394.875,11.7875,3.2291666666666665,92.83333333333333,35.0,24,20,93,4.0,15,93.0
2024-11-13,57.199999999999996,40.71875,518.6666666666666,15.5,5.733333333333333,108.91666666666667,68.0,57,26,113,7.0,19,113.0
2024-11-14,70.05416666666666,53.25384615384615,513.0833333333334,13.716666666666667,6.1,115.875,89.0,70,26,123,8.0,17,123.0
2024-11-15,76.31875,60.25714285714286,556.2380952380952,12.0375,7.114285714285714,114.75,101.0,76,28,122,9.0,15,122.0
2024-11-16,80.135,63.74285714285715,559.0833333333334,14.810526315789472,7.12,99.45833333333333,112.0,80,28,99,9.0,19,112.0
2024-11-17,69.02916666666667,58.628571428571426,507.0416666666667,15.450000000000001,8.916666666666666,108.08333333333333,98.0,69,25,112,11.0,19,112.0
2024-11-18,45.6625,39.66190476190476,463.125,15.345833333333333,4.336363636363637,102.66666666666667,66.0,46,23,104,5.0,19,104.0
2024-11-19,32.449999999999996,31.483333333333334,316.0833333333333,18.9375,3.6458333333333335,95.41666666666667,52.0,32,16,95,5.0,24,95.0
2024-11-20,28.191666666666666,26.995833333333334,337.7083333333333,17.291666666666668,3.4250000000000003,89.45833333333333,45.0,28,17,89,4.0,22,89.0
2024-11-21,29.787499999999998,28.65416666666667,346.0,17.525000000000002,3.795833333333333,83.08333333333333,48.0,30,17,83,5.0,22,83.0
2024-11-22,25.120833333333334,23.962500000000002,331.2916666666667,13.029166666666667,3.5416666666666665,90.625,40.0,25,17,91,4.0,16,91.0
2024-11-23,27.795833333333334,26.504166666666666,388.75,11.616666666666667,3.625,96.91666666666667,44.0,28,19,97,5.0,15,97.0
2024-11-24,42.52916666666667,40.270833333333336,422.375,10.470833333333333,4.354166666666667,111.20833333333333,67.0,43,21,116,5.0,13,116.0
2024-11-25,81.12352941176471,65.26666666666667,544.25,17.81304347826087,6.535714285714286,104.20833333333333,118.0,81,27,106,8.0,22,118.0
2024-11-26,62.873913043478254,52.49473684210526,430.625,17.566666666666666,6.110526315789474,98.0,87.0,63,22,98,8.0,22,98.0
2024-11-27,50.55833333333334,41.12,381.8333333333333,20.966666666666665,5.804545454545455,90.70833333333333,69.0,51,19,91,7.0,26,91.0
2024-11-28,36.2125,32.324999999999996,362.625,15.36875,4.780952380952381,77.33333333333333,54.0,36,18,77,6.0,19,77.0
2024-11-29,30.462500000000002,27.995833333333334,282.3333333333333,17.344444444444445,5.175,76.625,47.0,30,14,77,6.0,22,77.0
2024-11-30,19.8,18.966666666666665,309.0833333333333,17.145833333333332,4.75,91.66666666666667,32.0,20,15,92,6.0,21,92.0
2024-12-01,25.47083333333333,24.929166666666664,357.9583333333333,15.258333333333333,6.004166666666666,103.83333333333333,42.0,25,18,106,8.0,19,106.0
2024-12-02,38.2125,37.22083333333334,393.0,16.475,6.14,91.54166666666667,62.0,38,20,92,8.0,21,92.0
2024-12-03,43.637499999999996,37.61904761904762,379.375,16.224999999999998,5.495833333333334,97.0,63.0,44,19,97,7.0,20,97.0
2024-12-04,55.88333333333333,54.43333333333334,413.04545454545456,13.154166666666667,7.138461538461538,114.625,91.0,56,21,122,9.0,16,122.0
2024-12-05,58.59166666666667,55.13333333333333,424.14285714285717,10.604166666666666,,123.45833333333333,92.0,59,21,134,,13,134.0
2024-12-06,71.34583333333333,52.46666666666667,524.8333333333334,9.795833333333333,8.8,120.33333333333333,87.0,71,26,130,11.0,12,130.0
2024-12-07,79.37142857142858,62.833333333333336,527.2083333333334,17.870833333333334,8.9,102.04166666666667,109.0,79,26,103,11.0,22,109.0
2024-12-08,78.405,56.239999999999995,467.125,19.941666666666666,7.1421052631578945,93.58333333333333,94.0,78,23,94,9.0,25,94.0
2024-12-09,57.625,51.42,434.125,16.099999999999998,5.1000000000000005,94.25,86.0,58,22,94,6.0,20,94.0
2024-12-10,59.09375,47.275,515.875,17.875,4.785714285714286,89.70833333333333,79.0,59,26,90,6.0,22,90.0
2024-12-11,77.22500000000001,63.06,556.421052631579,16.966666666666665,7.866666666666667,93.0,110.0,77,28,93,10.0,21,110.0
2024-12-12,72.0909090909091,61.24545454545455,500.6,17.445833333333333,6.811111111111111,91.29166666666667,104.0,72,25,91,9.0,22,104.0
2024-12-13,53.14166666666667,51.762499999999996,468.40909090909093,15.108333333333334,6.665000000000001,96.75,86.0,53,23,97,8.0,19,97.0
2024-12-14,65.81666666666666,50.1,500.7083333333333,16.53684210526316,5.947058823529411,88.375,84.0,66,25,88,7.0,21,88.0
2024-12-15,45.15833333333333,40.18095238095238,512.375,16.826666666666668,5.936842105263158,71.625,67.0,45,26,72,7.0,21,72.0
2024-12-16,35.854166666666664,34.6875,488.625,16.76923076923077,5.828571428571428,75.79166666666667,58.0,36,24,76,7.0,21,76.0
2024-12-17,30.316666666666666,29.15833333333333,417.0,22.20952380952381,7.194117647058824,83.5,49.0,30,21,84,9.0,28,84.0
2024-12-18,34.166666666666664,32.824999999999996,399.0416666666667,19.08823529411765,6.206666666666666,83.16666666666667,55.0,34,20,83,8.0,24,83.0
2024-12-19,39.4375,38.65,410.7916666666667,18.07916666666667,7.08,97.45833333333333,64.0,39,21,97,9.0,23,97.0
2024-12-20,42.27916666666667,41.63333333333333,391.25,17.025000000000002,6.823529411764706,95.20833333333333,69.0,42,20,95,9.0,21,95.0
2024-12-21,42.15416666666667,41.49583333333333,372.6666666666667,14.166666666666666,6.652631578947369,112.625,69.0,42,19,119,8.0,18,119.0
2024-12-22,54.362500000000004,45.27222222222222,463.7,14.862499999999999,7.781818181818181,114.125,75.0,54,23,121,10.0,19,121.0
2024-12-23,67.35000000000001,52.35,448.0833333333333,19.879166666666666,,96.66666666666667,87.0,67,22,97,,25,97.0
2024-12-24,59.440909090909095,52.73888888888889,412.9583333333333,20.420833333333334,6.391666666666667,85.20833333333333,88.0,59,21,85,8.0,26,88.0
2024-12-25,57.75,47.29375,402.04545454545456,16.154166666666665,6.1692307692307695,98.75,79.0,58,20,99,8.0,20,99.0
2024-12-26,66.52499999999999,49.85,431.0833333333333,20.49473684210526,7.122222222222222,93.58333333333333,83.0,67,22,94,9.0,26,94.0
2024-12-27,58.7125,49.65555555555556,420.1666666666667,17.892857142857142,7.655555555555556,83.95833333333333,83.0,59,21,84,10.0,22,84.0
2024-12-28,55.112500000000004,37.419999999999995,385.0416666666667,17.34166666666667,6.642857142857143,64.625,62.0,55,19,65,8.0,22,65.0
2024-12-29,46.604166666666664,45.22083333333333,444.8333333333333,18.7,6.165,93.5,75.0,47,22,94,8.0,23,94.0
2024-12-30,50.949999999999996,45.510000000000005,507.7894736842105,18.083333333333332,5.921052631578948,99.54166666666667,76.0,51,25,100,7.0,23,100.0
2024-12-31,67.04166666666667,47.98333333333333,554.0526315789474,22.616666666666664,5.725,83.70833333333333,80.0,67,28,84,7.0,28,84.0
2025-01-01,71.17272727272727,44.975,503.4736842105263,17.1875,5.96,92.25,75.0,71,25,92,7.0,21,92.0
2025-01-02,56.32608695652174,49.66315789473684,500.8095238095238,17.31764705882353,5.426666666666667,82.83333333333333,83.0,56,25,83,7.0,22,83.0
2025-01-03,51.4375,49.417391304347824,494.0,19.829411764705885,5.935294117647059,79.20833333333333,82.0,51,25,79,7.0,25,82.0
2025-01-04,46.46666666666667,43.35,365.625,17.992857142857144,5.035294117647059,72.45833333333333,72.0,46,18,72,6.0,22,72.0
2025-01-05,46.57916666666667,41.87083333333333,426.69565217391306,21.299999999999997,5.7846153846153845,75.91666666666667,70.0,47,21,76,7.0,27,76.0
2025-01-06,46.04583333333333,42.22083333333333,423.4583333333333,23.009090909090908,5.191666666666666,78.08333333333333,70.0,46,21,78,6.0,29,78.0
2025-01-07,38.69583333333333,37.03333333333333,415.2083333333333,19.58421052631579,5.835,85.95833333333333,62.0,39,21,86,7.0,24,86.0
2025-01-08,50.5625,42.17894736842105,543.2631578947369,16.345833333333335,5.379166666666666,95.45833333333333,70.0,51,27,95,7.0,20,95.0
2025-01-09,62.595454545454544,41.78181818181818,551.0555555555555,18.058333333333334,5.55,86.875,70.0,63,28,87,7.0,23,87.0
2025-01-10,63.625,47.28333333333333,471.36842105263156,16.47,3.8333333333333335,86.66666666666667,79.0,64,24,87,5.0,21,87.0
2025-01-11,57.11363636363637,50.47777777777778,448.85,18.094444444444445,6.185714285714285,86.70833333333333,84.0,57,22,87,8.0,23,87.0
2025-01-12,43.15,40.5304347826087,500.0952380952381,18.09333333333333,4.922222222222222,76.375,68.0,43,25,76,6.0,23,76.0
2025-01-13,40.05416666666667,38.88333333333333,429.5833333333333,19.025000000000002,5.64375,90.5,65.0,40,21,90,7.0,24,90.0
2025-01-14,58.20434782608696,43.78666666666666,502.27777777777777,17.73157894736842,5.9625,88.70833333333333,73.0,58,25,89,7.0,22,89.0
2025-01-15,62.1,50.06428571428571,494.42857142857144,18.920833333333334,7.388888888888889,100.04166666666667,83.0,62,25,100,9.0,24,100.0
2025-01-16,62.19583333333333,41.0,470.6363636363636,14.49,6.384615384615385,68.58333333333333,68.0,62,24,69,8.0,18,69.0
2025-01-17,53.125,44.370588235294115,466.85,21.405555555555555,6.760000000000001,84.41666666666667,74.0,53,23,84,8.0,27,84.0
2025-01-18,51.97083333333333,46.05263157894737,521.1111111111111,20.37777777777778,6.377777777777777,91.70833333333333,77.0,52,26,92,8.0,25,92.0
2025-01-19,65.92916666666666,54.823076923076925,568.3529411764706,23.791666666666668,8.6,99.85714285714286,91.0,66,28,100,11.0,30,100.0
2025-01-20,73.46000000000001,53.166666666666664,549.2222222222222,21.066666666666666,8.26,101.23809523809524,89.0,73,27,102,10.0,26,102.0
2025-01-21,76.80588235294118,65.6,546.5882352941177,15.679166666666667,6.411764705882353,105.75,119.0,77,27,108,8.0,20,119.0
2025-01-22,70.55,59.425,605.7058823529412,18.775000000000002,5.811764705882353,101.33333333333333,99.0,71,30,102,7.0,23,102.0
2025-01-23,76.81666666666666,68.4,629.55,18.529166666666665,6.790909090909091,99.41666666666667,128.0,77,31,99,8.0,23,128.0
2025-01-24,76.14090909090909,54.5875,591.0,13.275,6.699999999999999,103.08333333333333,91.0,76,30,105,8.0,17,105.0
2025-01-25,69.56818181818181,45.78,720.9411764705883,12.775,7.369230769230769,95.20833333333333,76.0,70,36,95,9.0,16,95.0
2025-01-26,73.50869565217391,53.93333333333333,674.8125,16.970833333333335,5.517391304347826,105.54166666666667,90.0,74,34,108,7.0,21,108.0
2025-01-27,54.0875,48.13333333333333,612.2666666666667,11.612499999999999,4.783333333333333,114.08333333333333,80.0,54,31,121,6.0,15,121.0
2025-01-28,63.9695652173913,45.184615384615384,636.25,10.654166666666667,5.1125,102.125,75.0,64,32,103,6.0,13,103.0
2025-01-29,74.31538461538462,59.614285714285714,636.1666666666666,12.9375,5.5,98.75,99.0,74,32,99,7.0,16,99.0
2025-01-30,89.13,,643.0,10.441666666666666,6.966666666666666,131.58333333333334,,89,32,146,9.0,13,146.0
2025-01-31,64.81666666666666,57.69285714285714,714.7647058823529,13.920833333333334,7.476923076923077,124.04166666666667,96.0,65,36,135,9.0,17,135.0
