date,pm10 (μg/m³),pm2_5 (μg/m³),carbon_monoxide (μg/m³),nitrogen_dioxide (μg/m³),sulphur_dioxide (μg/m³),ozone (μg/m³),pm2_5 (μg/m³)_subindex,pm10 (μg/m³)_subindex,carbon_monoxide (μg/m³)_subindex,ozone (μg/m³)_subindex,sulphur_dioxide (μg/m³)_subindex,nitrogen_dioxide (μg/m³)_subindex,AQI
2022-09-01,20.6875,13.9,275.7083333333333,13.716666666666667,9.745833333333334,26.208333333333332,23,21,14,26,12,17,26
2022-09-02,21.183333333333334,14.354166666666666,214.54166666666666,12.404166666666667,11.487499999999999,38.041666666666664,24,21,11,38,14,16,38
2022-09-03,32.7125,22.254166666666666,273.9166666666667,15.8375,14.279166666666667,50.5,37,33,14,50,18,20,50
2022-09-04,56.31666666666666,38.733333333333334,425.4583333333333,23.304166666666664,21.579166666666666,74.95833333333333,65,56,21,75,27,29,75
2022-09-05,49.95416666666667,34.11666666666667,456.5833333333333,26.849999999999998,16.4375,68.20833333333333,57,50,23,68,21,34,68
2022-09-06,55.762499999999996,37.895833333333336,784.125,33.12916666666667,17.141666666666666,37.208333333333336,63,56,39,37,21,41,63
2022-09-07,40.020833333333336,27.333333333333332,598.75,27.675,22.066666666666666,27.583333333333332,46,40,30,28,28,35,46
2022-09-08,33.358333333333334,22.916666666666668,527.0416666666666,34.608333333333334,16.779166666666665,33.875,38,33,26,34,21,43,43
2022-09-09,33.541666666666664,22.96666666666667,503.5,28.49166666666667,20.854166666666668,57.666666666666664,38,34,25,58,26,36,58
2022-09-10,19.037499999999998,12.691666666666668,327.5,18.066666666666666,11.637500000000001,36.416666666666664,21,19,16,36,15,23,36
2022-09-11,15.608333333333334,10.479166666666666,267.5,18.341666666666665,8.241666666666667,33.625,17,16,13,34,10,23,34
2022-09-12,23.204166666666666,14.8125,254.58333333333334,15.320833333333333,5.466666666666666,40.833333333333336,25,23,13,41,7,19,41
2022-09-13,25.083333333333332,16.245833333333334,257.4583333333333,15.720833333333333,6.179166666666667,41.833333333333336,27,25,13,42,8,20,42
2022-09-14,33.358333333333334,22.433333333333334,373.25,24.645833333333332,9.516666666666667,33.541666666666664,37,33,19,34,12,31,37
2022-09-15,46.5625,30.97083333333333,482.5833333333333,27.875,12.058333333333332,44.208333333333336,52,47,24,44,15,35,52
2022-09-16,51.93333333333334,34.15416666666667,402.8333333333333,21.849999999999998,15.275,65.33333333333333,57,52,20,65,19,27,65
2022-09-17,66.70416666666667,44.550000000000004,642.5416666666666,38.949999999999996,16.400000000000002,59.0,74,67,32,59,21,49,74
2022-09-18,70.85833333333333,48.54583333333333,796.6666666666666,45.583333333333336,29.42916666666667,65.375,81,71,40,65,37,57,81
2022-09-19,22.008333333333336,14.725,392.125,23.895833333333332,13.762500000000001,42.291666666666664,25,22,20,42,17,30,42
2022-09-20,22.8875,14.5,285.3333333333333,13.920833333333334,8.479166666666666,69.79166666666667,24,23,14,70,11,17,70
2022-09-21,25.974999999999998,16.8125,311.125,15.641666666666666,8.320833333333333,71.625,28,26,16,72,10,20,72
2022-09-22,33.99583333333333,21.900000000000002,323.0416666666667,18.045833333333334,9.891666666666667,61.625,37,34,16,62,12,23,62
2022-09-23,33.24166666666667,22.045833333333334,380.9583333333333,20.733333333333334,10.054166666666667,67.25,37,33,19,67,13,26,67
2022-09-24,40.766666666666666,27.462500000000002,428.875,25.708333333333332,11.441666666666668,63.458333333333336,46,41,21,63,14,32,63
2022-09-25,53.49583333333334,36.479166666666664,591.0416666666666,32.9125,16.370833333333334,46.416666666666664,61,53,30,46,20,41,61
2022-09-26,48.041666666666664,32.949999999999996,568.125,26.183333333333334,15.4,32.25,55,48,28,32,19,33,55
2022-09-27,48.6,33.475,582.5416666666666,31.90416666666667,16.191666666666666,44.125,56,49,29,44,20,40,56
2022-09-28,97.27083333333333,67.74166666666666,671.0666666666667,33.12307692307692,39.85,40.791666666666664,126,97,34,41,50,41,126
2022-09-29,108.96666666666665,76.07083333333334,1056.65,36.246153846153845,37.670833333333334,70.31818181818181,154,106,53,70,47,45,154
2022-09-30,153.0375,107.05,1135.0588235294117,37.66,48.07083333333333,69.6842105263158,257,135,57,70,60,47,257
2022-10-01,131.36521739130436,91.95217391304348,1061.952380952381,37.23888888888889,40.074999999999996,73.72222222222223,207,121,53,74,50,47,207
2022-10-02,82.02916666666667,57.35833333333333,868.5833333333334,32.21052631578947,29.583333333333332,79.52173913043478,96,82,43,80,37,40,96
2022-10-03,25.375,17.433333333333334,427.1666666666667,27.108333333333334,13.970833333333333,42.333333333333336,29,25,21,42,17,34,42
2022-10-04,26.0625,17.025000000000002,313.125,19.083333333333332,11.920833333333334,22.291666666666668,28,26,16,22,15,24,28
2022-10-05,22.066666666666666,14.766666666666666,325.2083333333333,17.995833333333334,12.654166666666667,28.416666666666668,25,22,16,28,16,22,28
2022-10-06,32.125,21.7625,448.7083333333333,18.3625,14.416666666666666,16.333333333333332,36,32,22,16,18,23,36
2022-10-07,82.19166666666666,56.90833333333333,433.14285714285717,29.894117647058824,28.59583333333333,26.208333333333332,95,82,22,26,36,37,95
2022-10-08,54.69583333333333,37.975,678.1666666666666,31.313636363636363,21.216666666666665,45.958333333333336,63,55,34,46,27,39,63
2022-10-09,44.8375,30.791666666666668,569.6666666666666,26.516666666666666,14.6625,28.125,51,45,28,28,18,33,51
2022-10-10,31.204166666666666,21.395833333333332,342.25,20.008333333333333,11.595833333333333,30.125,36,31,17,30,14,25,36
2022-10-11,31.766666666666666,21.866666666666664,395.9583333333333,22.929166666666664,11.854166666666666,35.75,36,32,20,36,15,29,36
2022-10-12,52.69166666666666,36.56666666666667,642.625,38.887499999999996,17.908333333333335,30.166666666666668,61,53,32,30,22,49,61
2022-10-13,71.39583333333333,49.62083333333334,828.5714285714286,34.693333333333335,25.84166666666667,32.833333333333336,83,71,41,33,32,43,83
2022-10-14,109.1375,76.28750000000001,928.1875,34.625,36.44166666666667,67.375,154,106,46,67,46,43,154
2022-10-15,154.36666666666667,108.02083333333333,1096.6666666666667,30.690000000000005,46.26666666666667,46.421052631578945,260,136,55,46,58,38,260
2022-10-16,115.56666666666666,80.75833333333334,919.6842105263158,32.47333333333333,41.7125,66.28571428571429,169,110,46,66,52,41,169
2022-10-17,142.73749999999998,99.77916666666665,889.4,29.399999999999995,49.733333333333334,70.91666666666667,233,128,44,71,62,37,233
2022-10-18,154.24583333333334,107.75833333333333,909.6153846153846,28.43333333333333,51.625,54.75,259,136,45,55,65,36,259
2022-10-19,152.8111111111111,110.78947368421052,981.5384615384615,27.42222222222222,42.45789473684211,57.68181818181818,269,135,49,58,53,34,269
2022-10-20,140.89166666666668,98.22083333333335,1087.6,35.315384615384616,42.512499999999996,64.86363636363636,227,127,54,65,53,44,227
2022-10-21,118.5625,82.70833333333333,1025.7826086956522,30.653333333333332,40.18333333333333,77.45833333333333,176,112,51,77,50,38,176
2022-10-22,88.75,62.074999999999996,824.0833333333334,31.470588235294116,35.025,76.20833333333333,107,89,41,76,44,39,107
2022-10-23,56.1875,39.2375,727.4583333333334,43.545,26.925,31.0,65,56,36,31,34,54,65
2022-10-24,32.699999999999996,22.883333333333336,453.4583333333333,35.204166666666666,23.9875,28.166666666666668,38,33,23,28,30,44,44
2022-10-25,59.69583333333333,41.7125,609.1666666666666,27.415,27.337500000000002,73.95833333333333,70,60,30,74,34,34,74
2022-10-26,104.72083333333335,72.8625,903.0,32.64,29.454166666666666,68.5,143,103,45,68,37,41,143
2022-10-27,133.88,93.41333333333334,827.9166666666666,30.59090909090909,45.65,53.38095238095238,211,123,41,53,57,38,211
2022-10-28,166.23999999999998,115.76,944.375,24.933333333333334,56.06153846153846,34.85,286,144,47,35,70,31,286
2022-10-29,160.60833333333332,112.10416666666667,975.7,23.885714285714283,44.725,60.666666666666664,274,140,49,61,56,30,274
2022-10-30,136.43333333333334,95.425,959.5384615384615,36.845454545454544,44.74166666666667,60.875,218,124,48,61,56,46,218
2022-10-31,128.67083333333332,90.0,1014.4615384615385,36.75,46.07916666666667,31.041666666666668,200,119,51,31,58,46,200
2022-11-01,124.33333333333333,86.95833333333333,1123.4,36.0625,48.78333333333333,38.208333333333336,190,116,56,38,61,45,190
2022-11-02,158.67916666666667,111.06666666666666,1014.7692307692307,34.08,52.4,48.42857142857143,270,139,51,48,65,43,270
2022-11-03,172.68,126.08181818181819,1161.3333333333333,43.010000000000005,55.58636363636364,54.18181818181818,305,148,58,54,69,54,305
2022-11-04,186.2875,128.7625,1027.0,29.028571428571432,52.647368421052626,39.3,307,158,51,39,66,36,307
2022-11-05,150.12,109.63125,874.1111111111111,27.485714285714288,42.758823529411764,52.27272727272727,265,133,44,52,53,34,265
2022-11-06,118.98333333333333,90.34615384615384,758.5,20.21666666666667,47.8,49.42857142857143,201,113,38,49,60,25,201
2022-11-07,162.23529411764707,117.05000000000001,1073.8333333333333,33.422222222222224,49.34117647058823,63.34782608695652,290,141,54,63,62,42,290
2022-11-08,154.01333333333332,111.86875,845.875,19.5,53.75625,45.42857142857143,273,136,42,45,67,24,273
2022-11-09,144.54090909090908,101.01818181818182,865.1111111111111,21.816666666666666,41.44347826086957,58.333333333333336,237,130,43,58,52,27,237
2022-11-10,135.525,102.55909090909091,948.7142857142857,28.38888888888889,32.873333333333335,58.25,242,124,47,58,41,35,242
2022-11-11,147.12,102.86,1005.5454545454545,29.7,44.71666666666667,57.82608695652174,243,131,50,58,56,37,243
2022-11-12,185.8,132.00625,1017.6666666666666,29.17142857142857,60.01538461538462,48.0,309,157,51,48,75,36,309
2022-11-13,172.34347826086957,121.78750000000001,1083.5,28.014285714285712,46.4125,52.041666666666664,301,148,54,52,58,35,301
2022-11-14,177.535,123.245,1004.0,37.61,50.41904761904762,56.666666666666664,302,152,50,57,63,47,302
2022-11-15,186.37142857142857,132.2590909090909,1204.3076923076924,32.775,51.27894736842105,38.666666666666664,309,158,60,39,64,41,309
2022-11-16,170.46428571428572,123.24666666666667,1169.1818181818182,27.25714285714286,53.357894736842105,43.42857142857143,302,147,58,43,67,34,302
2022-11-17,183.525,131.98636363636362,1120.6666666666667,33.1125,52.21666666666667,47.04761904761905,309,156,56,47,65,41,309
2022-11-18,124.35833333333333,85.9875,929.5,33.470588235294116,39.612500000000004,71.20833333333333,187,116,46,71,50,42,187
2022-11-19,126.85000000000001,88.4875,940.2,32.05,41.725,64.25,195,118,47,64,52,40,195
2022-11-20,144.62916666666666,101.03333333333335,977.625,31.672727272727272,47.375,60.416666666666664,237,130,49,60,59,40,237
2022-11-21,173.65416666666667,121.39999999999999,981.5,33.08181818181818,54.44583333333333,56.68181818181818,301,149,49,57,68,41,301
2022-11-22,168.46666666666667,117.68,1089.2307692307693,40.20909090909091,51.080000000000005,47.095238095238095,292,146,54,47,64,50,292
2022-11-23,189.21904761904761,137.63750000000002,1165.6666666666667,26.842857142857138,54.74166666666667,42.23809523809524,314,159,58,42,68,34,314
2022-11-24,175.3375,121.66666666666667,1217.1,32.85454545454545,55.05499999999999,66.36363636363636,301,150,61,66,69,41,301
2022-11-25,148.67083333333332,103.86666666666667,1080.4,30.700000000000003,58.11052631578947,68.81818181818181,246,132,54,69,73,38,246
2022-11-26,164.1,122.2529411764706,1101.8333333333333,35.8,60.66923076923077,44.57142857142857,302,143,55,45,76,45,302
2022-11-27,170.42000000000002,118.76500000000001,954.4444444444445,26.58571428571429,49.98421052631579,48.22727272727273,296,147,48,48,62,33,296
2022-11-28,140.49166666666667,97.82083333333333,1019.1666666666666,28.657142857142855,41.9625,52.08695652173913,226,127,51,52,52,36,226
2022-11-29,131.15,91.625,897.7857142857143,39.93636363636364,43.875,48.208333333333336,205,121,45,48,55,50,205
2022-11-30,122.69166666666666,85.825,1208.0588235294117,32.2625,46.24583333333334,59.958333333333336,186,115,60,60,58,40,186
2022-12-01,161.84583333333333,113.09166666666665,1193.375,37.766666666666666,55.733333333333334,70.0,277,141,60,70,70,47,277
2022-12-02,158.49166666666667,110.59583333333335,1026.7368421052631,31.266666666666666,58.84285714285714,71.95833333333333,269,139,51,72,74,39,269
2022-12-03,167.64583333333334,116.64999999999999,984.4,33.38181818181818,61.334782608695654,59.125,289,145,49,59,77,42,289
2022-12-04,172.73749999999998,120.60000000000001,1155.6470588235295,42.40833333333334,58.775,58.95652173913044,300,148,58,59,73,53,300
2022-12-05,163.39583333333334,114.2,1048.9411764705883,32.916666666666664,53.32083333333333,67.91666666666667,281,142,52,68,67,41,281
2022-12-06,166.30416666666667,116.05833333333334,1042.0,33.44615384615385,50.666666666666664,59.54545454545455,287,144,52,60,63,42,287
2022-12-07,185.58260869565217,131.23749999999998,1073.25,34.074999999999996,54.75833333333333,63.0,309,157,54,63,68,43,309
2022-12-08,161.64166666666668,112.86666666666667,1188.157894736842,42.16923076923077,51.62916666666666,64.375,276,141,59,64,65,53,276
2022-12-09,170.35416666666666,118.94166666666666,972.3846153846154,35.199999999999996,51.354166666666664,53.833333333333336,296,147,49,54,64,44,296
2022-12-10,181.52666666666667,126.68,1198.6666666666667,42.550000000000004,63.266666666666666,40.333333333333336,305,154,60,40,79,53,305
2022-12-11,196.1142857142857,139.81333333333333,1079.625,32.68571428571429,63.52,42.523809523809526,315,164,54,43,79,41,315
2022-12-12,186.4375,146.67499999999998,1213.7272727272727,36.8,57.53888888888889,49.578947368421055,321,158,61,50,72,46,321
2022-12-13,72.2578947368421,50.23157894736842,483.7894736842105,10.5,15.8375,44.89473684210526,84,72,24,45,20,13,84
2022-12-14,0.9708333333333333,0.6749999999999999,59.583333333333336,0.0,0.6541666666666667,28.875,1,1,3,29,1,0,29
2022-12-15,1.1458333333333333,0.7999999999999999,62.625,0.0,0.25,33.958333333333336,1,1,3,34,0,0,34
2022-12-16,159.67083333333332,111.28750000000001,1232.0666666666666,29.37142857142857,58.44500000000001,44.09090909090909,271,140,62,44,73,37,271
2022-12-17,180.70416666666665,126.04583333333333,1277.0,36.2375,58.75714285714286,54.0,305,154,64,54,73,45,305
2022-12-18,192.08571428571426,134.15714285714287,1151.6153846153845,44.054545454545455,65.84444444444445,49.31818181818182,311,161,58,49,82,55,311
2022-12-19,196.525,143.63571428571427,1086.5555555555557,30.642857142857142,69.73333333333333,50.95652173913044,318,164,54,51,87,38,318
2022-12-20,186.08888888888887,129.7888888888889,946.5714285714286,28.78333333333333,63.48571428571428,40.36363636363637,308,157,47,40,79,36,308
2022-12-21,202.96666666666667,141.18333333333334,1002.0,23.1,62.88181818181818,34.57142857142857,316,169,50,35,79,29,316
2022-12-22,220.91428571428574,156.875,1277.142857142857,31.233333333333334,63.614285714285714,36.285714285714285,328,181,64,36,80,39,328
2022-12-23,196.1142857142857,142.125,1001.1428571428571,25.05,58.06875,37.142857142857146,317,164,50,37,73,31,317
2022-12-24,197.19473684210524,138.755,1127.4615384615386,35.18181818181818,43.67857142857143,79.13636363636364,314,165,56,79,55,44,314
2022-12-25,114.03750000000001,75.70416666666667,728.5833333333334,33.30416666666667,22.625,108.625,152,109,36,113,28,42,152
2022-12-26,85.0625,57.53333333333333,874.0416666666666,33.586363636363636,22.2,69.25,96,85,44,69,28,42,96
2022-12-27,128.85833333333332,88.925,782.9333333333333,21.936363636363637,30.983333333333334,45.958333333333336,196,119,39,46,39,27,196
2022-12-28,210.00476190476192,146.4142857142857,1207.0526315789473,41.207142857142856,50.8,58.45454545454545,320,173,60,58,63,52,320
2022-12-29,187.17083333333335,130.12916666666666,1160.9333333333334,32.81818181818182,49.387499999999996,60.625,308,158,58,61,62,41,308
2022-12-30,207.85454545454547,144.16363636363636,1296.3636363636363,38.855555555555554,50.7125,41.38095238095238,319,172,65,41,63,49,319
2022-12-31,178.2238095238095,121.97619047619048,1408.05,34.2125,42.82916666666667,47.61904761904762,302,152,70,48,54,43,302
2023-01-01,191.92380952380952,137.34166666666667,1176.9444444444443,43.42666666666666,45.24166666666667,66.5,313,161,59,66,57,54,313
2023-01-02,201.71666666666667,140.05416666666667,1203.25,41.32857142857143,43.87083333333334,61.833333333333336,315,168,60,62,55,52,315
2023-01-03,164.52083333333334,114.16666666666667,1104.590909090909,44.7375,37.925000000000004,52.833333333333336,281,143,55,53,47,56,281
2023-01-04,167.06666666666666,116.3875,1055.9583333333333,44.760000000000005,42.175000000000004,65.875,288,145,53,66,53,56,288
2023-01-05,135.06666666666666,94.25,896.0833333333334,38.63636363636363,55.12083333333334,74.75,214,123,45,75,69,48,214
2023-01-06,106.70416666666667,74.41666666666667,957.0,31.375,43.85833333333333,56.666666666666664,148,104,48,57,55,39,148
2023-01-07,119.48333333333333,83.55416666666666,1049.0,36.166666666666664,43.47083333333333,54.208333333333336,179,113,52,54,54,45,179
2023-01-08,113.43333333333334,79.34583333333333,1177.0,40.98823529411764,45.48333333333333,60.25,164,109,59,60,57,51,164
2023-01-09,134.07500000000002,93.78333333333335,1314.2083333333333,41.878571428571426,51.512499999999996,64.95833333333333,213,123,66,65,64,52,213
2023-01-10,172.03809523809525,125.55217391304348,1146.3076923076924,36.99090909090909,59.07692307692308,54.69565217391305,304,148,57,55,74,46,304
2023-01-11,193.9142857142857,139.22608695652173,1311.7,39.4375,57.30833333333334,46.57142857142857,315,163,66,47,72,49,315
2023-01-12,199.58095238095237,140.15454545454546,1393.6923076923076,45.46923076923077,53.364285714285714,82.8,316,166,70,83,67,57,316
2023-01-13,131.93809523809523,87.99047619047619,1147.875,38.8,34.34347826086957,81.79166666666667,193,121,57,82,43,48,193
2023-01-14,148.05833333333334,100.63333333333333,1056.9166666666667,36.333333333333336,32.05416666666667,44.0,235,132,53,44,40,45,235
2023-01-15,178.88333333333333,123.72083333333335,1335.5833333333333,32.166666666666664,45.55,25.57894736842105,303,153,67,26,57,40,303
2023-01-16,166.37916666666666,115.63333333333333,1061.5294117647059,42.723076923076924,41.96666666666666,49.5,285,144,53,50,52,53,285
2023-01-17,168.70499999999998,120.46190476190475,1145.0,41.074999999999996,44.45789473684211,51.291666666666664,300,146,57,51,56,51,300
2023-01-18,191.7541666666667,133.5375,1269.875,40.56428571428571,41.48947368421052,53.125,310,161,63,53,52,51,310
2023-01-19,192.24166666666667,133.43333333333334,1054.3333333333333,37.44166666666667,51.14,59.34782608695652,310,161,53,59,64,47,310
2023-01-20,196.275,140.43333333333334,1212.2222222222222,29.733333333333334,57.00625,47.08695652173913,316,164,61,47,71,37,316
2023-01-21,221.79999999999998,153.75,1152.0,28.619999999999997,51.15,31.25,326,181,58,31,64,36,326
2023-01-22,233.61111111111111,162.73333333333332,1188.0,42.625,48.7625,35.95,333,189,59,36,61,53,333
2023-01-23,221.86153846153846,156.15,1435.5,53.06666666666667,48.65555555555555,37.78947368421053,328,181,72,38,61,66,328
2023-01-24,210.71666666666667,151.42142857142858,1281.75,26.0,52.95789473684211,42.0,324,174,64,42,66,32,324
2023-01-25,215.19285714285712,152.15333333333334,1263.5,41.06923076923077,41.83125,61.05555555555556,325,177,63,61,52,51,325
2023-01-26,166.00833333333333,124.41428571428571,1165.3846153846155,35.18,43.311764705882354,57.77272727272727,303,144,58,58,54,44,303
2023-01-27,136.12727272727273,94.24545454545455,883.3333333333334,26.942857142857147,54.66875,59.625,214,124,44,60,68,34,214
2023-01-28,167.87916666666666,117.04583333333333,1030.6,30.419999999999998,49.1,69.625,290,145,52,70,61,38,290
2023-01-29,148.94583333333333,103.45833333333333,1106.9583333333333,32.58571428571428,48.95454545454545,77.33333333333333,245,133,55,77,61,41,245
2023-01-30,152.95714285714286,105.64999999999999,964.2857142857143,34.50833333333333,45.481818181818184,56.523809523809526,252,135,48,57,57,43,252
2023-01-31,177.9,124.0,1225.0714285714287,37.78888888888889,57.98333333333333,42.4,303,152,61,42,72,47,303
2023-02-01,118.1875,81.99583333333334,981.85,44.74375,43.82916666666667,52.291666666666664,173,112,49,52,55,56,173
2023-02-02,112.30416666666667,78.09166666666667,874.0,28.653846153846153,41.68333333333333,62.708333333333336,160,108,44,63,52,36,160
2023-02-03,166.64166666666668,116.125,887.9285714285714,34.39166666666667,51.43333333333333,66.54166666666667,287,144,44,67,64,43,287
2023-02-04,154.31666666666666,107.70416666666667,982.7272727272727,22.52857142857143,46.52777777777778,47.476190476190474,259,136,49,47,58,28,259
2023-02-05,178.67083333333335,123.71249999999999,927.3333333333334,20.133333333333333,49.96666666666666,48.285714285714285,303,152,46,48,62,25,303
2023-02-06,99.01428571428572,65.78571428571429,614.7894736842105,26.210526315789473,36.55833333333333,97.29166666666667,119,99,31,97,46,33,119
2023-02-07,76.44583333333334,50.425000000000004,542.2916666666666,25.513636363636362,29.383333333333336,96.25,84,76,27,96,37,32,96
2023-02-08,79.00416666666666,53.275,778.625,30.738095238095237,28.383333333333336,81.83333333333333,89,79,39,82,35,38,89
2023-02-09,136.49375,99.70588235294117,962.4285714285714,40.55833333333333,53.34166666666667,46.5,232,124,48,46,67,51,232
2023-02-10,157.825,109.85416666666667,967.7857142857143,40.01538461538462,45.160000000000004,72.29166666666667,266,139,48,72,56,50,266
2023-02-11,82.59166666666667,55.475,619.4583333333334,26.2,20.695833333333333,95.91666666666667,92,83,31,96,26,33,96
2023-02-12,90.8875,61.75416666666666,791.3,31.712500000000002,38.02916666666667,74.16666666666667,106,91,40,74,48,40,106
2023-02-13,90.51666666666667,62.60833333333333,837.8823529411765,29.633333333333336,35.24166666666667,53.416666666666664,109,91,42,53,44,37,109
2023-02-14,127.85238095238095,93.12727272727274,860.0,36.49166666666667,42.11904761904762,57.31818181818182,210,119,43,57,53,46,210
2023-02-15,180.0818181818182,127.40434782608696,869.125,27.457142857142856,57.56521739130435,44.526315789473685,306,153,43,45,72,34,306
2023-02-16,148.42857142857142,102.80909090909091,1011.4545454545455,19.728571428571428,49.91818181818182,57.21052631578947,243,132,51,57,62,25,243
2023-02-17,95.52083333333333,61.32916666666667,681.7083333333334,34.012499999999996,20.708333333333332,91.04166666666667,104,96,34,91,26,43,104
2023-02-18,97.16250000000001,63.61666666666667,609.0,34.50833333333333,20.179166666666667,74.70833333333333,112,97,30,75,25,43,112
2023-02-19,81.09583333333333,53.87083333333334,569.4166666666666,25.813636363636363,18.579166666666666,85.08333333333333,90,81,28,85,23,32,90
2023-02-20,59.56666666666666,38.854166666666664,437.2916666666667,23.650000000000002,13.141666666666666,80.29166666666667,65,60,22,80,16,30,80
2023-02-21,76.5125,51.6625,580.2916666666666,27.075000000000003,17.4375,78.625,86,77,29,79,22,34,86
2023-02-22,59.09166666666667,38.666666666666664,334.4166666666667,13.8375,10.941666666666668,93.375,64,59,17,93,14,17,93
2023-02-23,69.99583333333334,46.67916666666667,499.5833333333333,23.582608695652173,17.695833333333333,97.5,78,70,25,98,22,29,98
2023-02-24,87.35000000000001,58.125,741.625,29.923809523809524,18.279166666666665,77.54166666666667,97,87,37,78,23,37,97
2023-02-25,150.04583333333332,103.35833333333333,855.7857142857143,38.357142857142854,42.79583333333333,67.875,245,133,43,68,53,48,245
2023-02-26,120.8,83.07916666666667,889.7916666666666,39.00952380952381,27.47083333333333,87.91666666666667,177,114,44,88,34,49,177
2023-02-27,94.47916666666667,64.60000000000001,796.125,34.65217391304348,25.96666666666667,72.5,115,94,40,72,32,43,115
2023-02-28,102.75833333333333,70.67916666666666,892.0,40.294736842105266,33.854166666666664,68.95,136,102,45,69,42,50,136
2023-03-01,86.42083333333333,59.37083333333334,873.3333333333334,36.247368421052634,30.125,62.1578947368421,99,86,44,62,38,45,99
2023-03-02,109.18333333333334,75.50416666666666,635.8571428571429,24.775000000000002,32.987500000000004,65.125,152,106,32,65,41,31,152
2023-03-03,125.66666666666667,86.85000000000001,865.8461538461538,34.836363636363636,40.00833333333333,59.59090909090909,190,117,43,60,50,44,190
2023-03-04,125.24166666666667,86.76666666666667,839.2142857142857,36.43333333333333,41.604166666666664,60.375,189,117,42,60,52,46,189
2023-03-05,119.89166666666667,83.2,755.7,24.385714285714283,42.737500000000004,56.166666666666664,177,113,38,56,53,30,177
2023-03-06,103.89166666666667,72.07083333333334,815.4375,28.641666666666666,33.52272727272727,89.29166666666667,140,103,41,89,42,36,140
2023-03-07,115.44583333333333,80.44166666666666,1171.842105263158,43.6,40.916666666666664,63.3,168,110,59,63,51,55,168
2023-03-08,119.93333333333334,83.69166666666666,969.2142857142857,33.68888888888889,48.208333333333336,46.35,179,113,48,46,60,42,179
2023-03-09,145.70833333333334,101.55416666666667,869.2142857142857,33.74166666666667,46.270833333333336,60.18181818181818,239,130,43,60,58,42,239
2023-03-10,169.32999999999998,121.1,1269.7692307692307,48.044444444444444,53.67999999999999,58.45454545454545,301,146,63,58,67,60,301
2023-03-11,192.73333333333332,136.7842105263158,1279.090909090909,21.416666666666668,54.92666666666666,44.294117647058826,313,162,64,44,69,27,313
2023-03-12,171.02083333333334,119.32916666666667,1232.2857142857142,19.599999999999998,50.1,51.78947368421053,298,147,62,52,63,24,298
2023-03-13,134.26190476190476,93.34761904761905,1012.8947368421053,27.314285714285713,49.10952380952381,93.0,211,123,51,93,61,34,211
2023-03-14,95.12083333333334,64.52083333333333,554.375,17.05,20.516666666666666,135.95833333333334,115,95,28,153,26,21,153
2023-03-15,91.98333333333333,62.525,606.875,22.49090909090909,18.224999999999998,109.20833333333333,108,92,30,114,23,28,114
2023-03-16,84.5,56.42916666666667,737.7083333333334,30.052380952380954,14.712499999999999,67.41666666666667,94,84,37,67,18,38,94
2023-03-17,91.39583333333333,62.72083333333333,961.2083333333334,50.2047619047619,28.179166666666664,38.791666666666664,109,91,48,39,35,63,109
2023-03-18,78.85000000000001,54.0625,942.5,39.327777777777776,24.133333333333336,53.541666666666664,90,79,47,54,30,49,90
2023-03-19,43.333333333333336,29.75,588.9583333333334,25.445833333333336,10.9,58.125,50,43,29,58,14,32,58
2023-03-20,34.1,23.045833333333334,590.5416666666666,26.75,10.4375,54.166666666666664,38,34,30,54,13,33,54
2023-03-21,41.19583333333333,27.833333333333332,545.5,28.254166666666666,13.799999999999999,53.208333333333336,46,41,27,53,17,35,53
2023-03-22,69.96666666666667,48.15833333333333,719.0833333333334,28.464999999999996,27.2375,84.0,80,70,36,84,34,36,84
2023-03-23,67.22083333333333,45.73333333333333,491.125,23.133333333333336,25.108333333333334,98.41666666666667,76,67,25,98,31,29,98
2023-03-24,75.87916666666666,51.30833333333334,521.5416666666666,22.918181818181818,23.754166666666666,92.58333333333333,86,76,26,93,30,29,93
2023-03-25,48.34166666666667,32.37083333333333,426.9166666666667,23.375,14.733333333333334,69.0,54,48,21,69,18,29,69
2023-03-26,64.94166666666666,43.541666666666664,537.3333333333334,29.679166666666664,14.1625,67.91666666666667,73,65,27,68,18,37,73
2023-03-27,107.45833333333333,73.28333333333333,763.5833333333334,38.72272727272727,25.241666666666664,79.9047619047619,144,105,38,80,32,48,144
2023-03-28,77.20416666666667,52.4375,541.625,26.941666666666666,22.45,96.875,87,77,27,97,28,34,97
2023-03-29,52.137499999999996,34.61666666666667,322.2083333333333,15.416666666666666,10.779166666666667,75.25,58,52,16,75,13,19,75
2023-03-30,49.87916666666666,32.93333333333333,328.5,16.554166666666667,12.483333333333334,80.625,55,50,16,81,16,21,81
2023-03-31,50.90833333333333,34.67916666666667,445.375,26.545833333333334,15.141666666666666,81.75,58,51,22,82,19,33,82
2023-04-01,60.21666666666667,41.55416666666667,659.2916666666666,34.762499999999996,19.162499999999998,67.08333333333333,69,60,33,67,24,43,69
2023-04-02,63.99583333333334,43.62916666666666,547.125,27.76521739130435,20.941666666666666,95.125,73,64,27,95,26,35,95
2023-04-03,59.987500000000004,40.99166666666667,519.8333333333334,25.808333333333334,20.508333333333333,98.41666666666667,68,60,26,98,26,32,98
2023-04-04,45.775,30.349999999999998,324.7916666666667,14.85,12.637500000000001,87.75,51,46,16,88,16,19,88
2023-04-05,87.1875,59.604166666666664,725.9166666666666,28.728571428571428,29.2375,85.75,99,87,36,86,37,36,99
2023-04-06,69.01666666666667,46.949999999999996,643.4583333333334,27.866666666666667,25.020833333333332,87.05,78,69,32,87,31,35,87
2023-04-07,72.47083333333333,49.35833333333333,650.5833333333334,26.333333333333332,23.59583333333333,85.55,82,72,33,86,29,33,86
2023-04-08,77.5,52.64166666666667,572.8333333333334,26.504347826086956,21.241666666666667,101.47826086956522,88,78,29,102,27,33,102
2023-04-09,102.43333333333334,70.675,725.0833333333334,25.88095238095238,30.670833333333334,95.72222222222223,136,102,36,96,38,32,136
2023-04-10,102.93333333333334,71.02083333333333,772.375,25.373684210526317,29.945833333333336,85.15789473684211,137,102,39,85,37,32,137
2023-04-11,120.66250000000001,83.66250000000001,851.6666666666666,28.463157894736838,34.137499999999996,101.33333333333333,179,114,43,102,43,36,179
2023-04-12,109.43333333333334,76.21249999999999,878.0833333333334,27.922222222222224,36.5875,102.6842105263158,154,106,44,104,46,35,154
2023-04-13,80.28750000000001,55.24583333333334,643.25,31.445833333333336,34.625,115.36363636363636,92,80,32,123,43,39,123
2023-04-14,73.39166666666667,50.270833333333336,529.625,21.433333333333334,25.883333333333336,107.05,84,73,26,110,32,27,110
2023-04-15,84.17083333333333,57.208333333333336,654.5833333333334,28.349999999999998,29.629166666666666,98.9047619047619,95,84,33,99,37,35,99
2023-04-16,100.3875,69.1375,631.8333333333334,22.6375,32.74166666666667,105.36842105263158,130,100,32,108,41,28,130
2023-04-17,87.48333333333333,59.324999999999996,498.9583333333333,15.458333333333334,25.229166666666668,106.76190476190476,99,87,25,110,32,19,110
2023-04-18,68.075,45.15,468.0416666666667,19.599999999999998,21.695833333333336,101.77272727272727,75,68,23,103,27,24,103
2023-04-19,68.42083333333333,45.54583333333333,463.4166666666667,17.895833333333332,16.204166666666666,114.81818181818181,76,68,23,122,20,22,122
2023-04-20,76.91666666666667,51.89166666666667,561.2916666666666,22.366666666666664,22.375,111.0,86,77,28,116,28,28,116
2023-04-21,86.49583333333334,59.574999999999996,771.4583333333334,29.233333333333334,24.129166666666666,83.29166666666667,99,86,39,83,30,37,99
2023-04-22,100.42916666666667,69.825,706.2777777777778,27.633333333333333,36.38333333333333,77.13636363636364,133,100,35,77,45,35,133
2023-04-23,79.32083333333334,54.98333333333333,790.2916666666666,35.1875,24.395833333333332,106.54166666666667,92,79,40,110,30,44,110
2023-04-24,76.80416666666666,52.75416666666666,939.4166666666666,27.025,23.525000000000002,79.75,88,77,47,80,29,34,88
2023-04-25,105.5125,72.99583333333334,1023.2083333333334,40.53333333333333,39.23636363636364,78.61111111111111,143,104,51,79,49,51,143
2023-04-26,71.59583333333333,49.30416666666667,723.7916666666666,24.8,21.204166666666666,97.30434782608695,82,72,36,97,27,31,97
2023-04-27,82.3625,56.8375,656.625,28.104166666666668,25.7,99.95833333333333,95,82,33,100,32,35,100
2023-04-28,63.62916666666666,43.275,522.5833333333334,21.020833333333332,21.474999999999998,105.16666666666667,72,64,26,108,27,26,108
2023-04-29,91.38333333333333,62.72083333333333,823.8333333333334,31.121052631578944,38.6625,92.31818181818181,109,91,41,92,48,39,109
2023-04-30,85.89166666666667,59.06666666666666,734.2916666666666,39.9625,36.21666666666667,87.95238095238095,98,86,37,88,45,50,98
2023-05-01,116.6375,80.95,945.875,49.01111111111111,52.199999999999996,63.833333333333336,170,111,47,64,65,61,170
2023-05-02,52.208333333333336,35.28333333333333,531.875,24.995833333333334,20.775000000000002,83.70833333333333,59,52,27,84,26,31,84
2023-05-03,41.574999999999996,27.608333333333334,436.4583333333333,22.645833333333332,13.716666666666667,66.625,46,42,22,67,17,28,67
2023-05-04,32.175000000000004,22.104166666666668,445.8333333333333,25.454166666666666,13.445833333333333,47.0,37,32,22,47,17,32,47
2023-05-05,62.69166666666666,43.416666666666664,658.7083333333334,22.294444444444444,20.541666666666668,75.58333333333333,72,63,33,76,26,28,76
2023-05-06,63.64166666666667,43.6625,501.625,27.275000000000002,19.154166666666665,84.72727272727273,73,64,25,85,24,34,85
2023-05-07,65.42916666666666,44.833333333333336,516.5,23.40869565217391,23.27916666666667,93.78947368421052,75,65,26,94,29,29,94
2023-05-08,71.875,48.75,495.125,23.1375,19.091666666666665,99.55,81,72,25,100,24,29,100
2023-05-09,95.40833333333335,65.35416666666667,684.9583333333334,25.40952380952381,30.46666666666667,99.36842105263158,118,95,34,99,38,32,118
2023-05-10,44.11666666666667,29.995833333333334,370.0416666666667,16.895833333333332,17.245833333333334,85.16666666666667,50,44,19,85,22,21,85
2023-05-11,33.82083333333333,22.170833333333334,312.1666666666667,13.204166666666666,13.958333333333334,66.66666666666667,37,34,16,67,17,17,67
2023-05-12,39.175000000000004,26.066666666666666,346.8333333333333,19.2375,18.841666666666665,48.166666666666664,43,39,17,48,24,24,48
2023-05-13,74.22916666666667,50.95416666666667,677.125,31.031578947368423,29.037499999999998,70.79166666666667,85,74,34,71,36,39,85
2023-05-14,59.854166666666664,41.77916666666667,614.125,36.00833333333333,21.566666666666666,92.5,70,60,31,92,27,45,92
2023-05-15,53.729166666666664,33.525,422.125,19.712500000000002,11.395833333333334,100.70833333333333,56,54,21,101,14,25,101
2023-05-16,50.324999999999996,30.358333333333334,276.5833333333333,9.9,7.533333333333334,106.0,51,50,14,109,9,12,109
2023-05-17,43.11666666666667,25.133333333333336,252.54166666666666,9.691666666666666,6.7124999999999995,90.66666666666667,42,43,13,91,8,12,91
2023-05-18,46.637499999999996,27.5,254.58333333333334,9.495833333333334,7.208333333333333,85.66666666666667,46,47,13,86,9,12,86
2023-05-19,35.65,22.02916666666667,288.75,12.1625,8.4125,86.625,37,36,14,87,11,15,87
2023-05-20,41.80833333333333,25.541666666666668,304.8333333333333,11.058333333333332,10.0875,106.70833333333333,43,42,15,110,13,14,110
2023-05-21,37.208333333333336,22.354166666666668,253.16666666666666,8.916666666666666,8.029166666666667,95.04166666666667,37,37,13,95,10,11,95
2023-05-22,34.15,20.016666666666666,262.1666666666667,10.458333333333334,7.683333333333334,89.41666666666667,33,34,13,89,10,13,89
2023-05-23,52.62916666666666,33.329166666666666,448.2083333333333,26.400000000000002,15.85,95.875,56,53,22,96,20,33,96
2023-05-24,60.05416666666667,37.96666666666667,564.4166666666666,36.40416666666666,21.65833333333333,65.83333333333333,63,60,28,66,27,46,66
2023-05-25,50.74583333333334,32.483333333333334,385.4166666666667,19.216666666666665,14.0,101.20833333333333,54,51,19,102,18,24,102
2023-05-26,44.270833333333336,28.837500000000002,419.4166666666667,22.420833333333334,13.404166666666667,83.79166666666667,48,44,21,84,17,28,84
2023-05-27,59.9625,39.525,505.5833333333333,27.754166666666666,20.2375,101.25,66,60,25,102,25,35,102
2023-05-28,76.29166666666667,51.041666666666664,673.375,32.58571428571429,27.65416666666667,90.875,85,76,34,91,35,41,91
2023-05-29,75.11666666666666,50.3375,576.375,28.395833333333332,26.425,89.38888888888889,84,75,29,89,33,35,89
2023-05-30,52.32916666666667,33.520833333333336,371.375,19.375,13.033333333333333,87.79166666666667,56,52,19,88,16,24,88
2023-05-31,67.2375,43.2875,450.4583333333333,22.6875,15.4625,101.125,72,67,23,102,19,28,102
2023-06-01,87.10833333333333,58.17916666666667,519.625,23.087500000000002,18.958333333333332,126.625,97,87,26,139,24,29,139
2023-06-02,66.2625,44.40416666666667,436.4166666666667,15.8375,13.975,119.79166666666667,74,66,22,129,17,20,129
2023-06-03,59.854166666666664,37.025,351.375,14.266666666666666,9.779166666666667,99.875,62,60,18,100,12,18,100
2023-06-04,59.425000000000004,37.28333333333333,324.6666666666667,13.9375,8.991666666666667,97.66666666666667,62,59,16,98,11,17,98
2023-06-05,53.51666666666667,34.97083333333333,374.2916666666667,18.320833333333333,12.6,101.83333333333333,58,54,19,103,16,23,103
2023-06-06,55.112500000000004,36.520833333333336,436.25,19.08695652173913,14.362499999999999,111.66666666666667,61,55,22,117,18,24,117
2023-06-07,65.86666666666666,42.53333333333333,425.6666666666667,19.404166666666665,16.020833333333332,117.0909090909091,71,66,21,125,20,24,125
2023-06-08,61.49166666666667,40.0625,422.875,21.941666666666666,18.900000000000002,104.33333333333333,67,61,21,106,24,27,106
2023-06-09,65.96666666666667,44.06666666666666,380.4166666666667,18.695833333333333,14.341666666666667,113.16666666666667,73,66,19,119,18,23,119
2023-06-10,52.47083333333333,34.987500000000004,382.9166666666667,24.787499999999998,14.120833333333332,86.625,58,52,19,87,18,31,87
2023-06-11,50.03333333333333,33.512499999999996,341.875,17.658333333333335,13.479166666666666,105.79166666666667,56,50,17,109,17,22,109
2023-06-12,45.8125,30.054166666666664,295.9583333333333,15.924999999999999,12.366666666666667,102.58333333333333,50,46,15,104,15,20,104
2023-06-13,45.791666666666664,30.245833333333334,294.4583333333333,13.429166666666667,11.737499999999999,113.5,50,46,15,120,15,17,120
2023-06-14,60.81666666666666,39.975,330.875,18.166666666666668,13.758333333333333,113.0,67,61,17,119,17,23,119
2023-06-15,41.8125,26.804166666666664,241.45833333333334,11.4625,11.316666666666668,101.625,45,42,12,102,14,14,102
2023-06-16,39.729166666666664,24.59583333333333,211.16666666666666,8.975,8.975,88.41666666666667,41,40,11,88,11,11,88
2023-06-17,36.875,21.775000000000002,202.875,8.758333333333333,7.741666666666667,77.16666666666667,36,37,10,77,10,11,77
2023-06-18,37.766666666666666,23.02916666666667,197.79166666666666,8.1,6.7,85.83333333333333,38,38,10,86,8,10,86
2023-06-19,40.9125,24.875,231.54166666666666,10.870833333333332,7.966666666666666,74.45833333333333,41,41,12,74,10,14,74
2023-06-20,28.204166666666666,17.179166666666667,214.0,10.5625,6.729166666666667,63.25,29,28,11,63,8,13,63
2023-06-21,33.416666666666664,20.837500000000002,241.91666666666666,13.620833333333332,7.25,55.958333333333336,35,33,12,56,9,17,56
2023-06-22,26.65416666666667,17.787499999999998,358.5,22.925,10.970833333333333,38.333333333333336,30,27,18,38,14,29,38
2023-06-23,33.079166666666666,22.758333333333336,342.25,19.1875,18.191666666666666,71.20833333333333,38,33,17,71,23,24,71
2023-06-24,31.166666666666668,21.34166666666667,363.75,18.462500000000002,17.991666666666667,81.16666666666667,36,31,18,81,22,23,81
2023-06-25,24.52916666666667,16.404166666666665,309.5,16.349999999999998,13.091666666666667,74.29166666666667,27,25,15,74,16,20,74
2023-06-26,25.245833333333334,17.058333333333334,316.9583333333333,19.879166666666666,14.129166666666668,59.25,28,25,16,59,18,25,59
2023-06-27,24.058333333333334,15.470833333333333,247.66666666666666,11.166666666666666,11.104166666666666,68.16666666666667,26,24,12,68,14,14,68
2023-06-28,28.2,16.204166666666666,175.58333333333334,3.7291666666666665,5.079166666666667,75.625,27,28,9,76,6,5,76
2023-06-29,23.9875,14.154166666666667,182.29166666666666,4.529166666666667,5.4125000000000005,68.29166666666667,24,24,9,68,7,6,68
2023-06-30,24.958333333333332,15.233333333333334,205.875,5.4875,6.7875000000000005,69.83333333333333,25,25,10,70,8,7,70
2023-07-01,25.6875,15.950000000000001,197.625,4.870833333333333,6.570833333333333,71.75,27,26,10,72,8,6,72
2023-07-02,26.579166666666666,16.383333333333333,184.29166666666666,4.925,6.3625,63.333333333333336,27,27,9,63,8,6,63
2023-07-03,26.47083333333333,16.433333333333334,172.54166666666666,4.883333333333334,5.454166666666667,54.0,27,26,9,54,7,6,54
2023-07-04,20.504166666666666,13.266666666666666,185.625,6.558333333333334,7.175,39.625,22,21,9,40,9,8,40
2023-07-05,14.5375,9.558333333333334,184.375,7.8625,9.104166666666666,43.375,16,15,9,43,11,10,43
2023-07-06,12.950000000000001,7.833333333333333,150.125,3.5500000000000003,4.154166666666667,59.75,13,13,8,60,5,4,60
2023-07-07,14.991666666666667,9.066666666666666,163.29166666666666,4.5,4.691666666666666,60.833333333333336,15,15,8,61,6,6,61
2023-07-08,21.925,14.066666666666668,225.70833333333334,6.008333333333333,7.458333333333333,72.83333333333333,23,22,11,73,9,8,73
2023-07-09,24.0625,14.625,178.83333333333334,4.845833333333333,6.5249999999999995,68.41666666666667,24,24,9,68,8,6,68
2023-07-10,25.941666666666666,15.491666666666667,167.70833333333334,4.020833333333333,5.1499999999999995,66.45833333333333,26,26,8,66,6,5,66
2023-07-11,16.7375,10.258333333333333,152.75,3.716666666666667,4.104166666666667,53.083333333333336,17,17,8,53,5,5,53
2023-07-12,13.637500000000001,8.6,154.04166666666666,4.304166666666666,4.808333333333334,43.25,14,14,8,43,6,5,43
2023-07-13,19.662499999999998,12.804166666666667,186.875,5.6000000000000005,5.55,53.041666666666664,21,20,9,53,7,7,53
2023-07-14,34.979166666666664,23.583333333333332,271.875,7.3875,11.0875,71.79166666666667,39,35,14,72,14,9,72
2023-07-15,21.129166666666666,14.8375,239.125,8.200000000000001,11.066666666666668,69.875,25,21,12,70,14,10,70
2023-07-16,20.254166666666666,13.3125,224.5,5.808333333333334,8.091666666666667,71.70833333333333,22,20,11,72,10,7,72
2023-07-17,15.808333333333332,10.345833333333333,181.5,6.033333333333334,7.195833333333333,62.458333333333336,17,16,9,62,9,8,62
2023-07-18,12.6625,8.370833333333334,161.66666666666666,5.354166666666667,7.645833333333333,60.916666666666664,14,13,8,61,10,7,61
2023-07-19,13.204166666666666,8.299999999999999,153.125,4.733333333333333,6.895833333333333,63.375,14,13,8,63,9,6,63
2023-07-20,12.308333333333332,7.816666666666666,140.125,4.6375,6.691666666666666,58.125,13,12,7,58,8,6,58
2023-07-21,12.270833333333334,7.795833333333333,141.95833333333334,4.958333333333333,6.6125,56.25,13,12,7,56,8,6,56
2023-07-22,13.325000000000001,8.358333333333333,145.66666666666666,4.504166666666666,6.208333333333333,53.958333333333336,14,13,7,54,8,6,54
2023-07-23,13.979166666666666,8.804166666666667,154.70833333333334,4.245833333333334,5.245833333333334,54.375,15,14,8,54,7,5,54
2023-07-24,13.529166666666667,8.716666666666667,162.875,5.254166666666666,7.575,46.833333333333336,15,14,8,47,9,7,47
2023-07-25,11.204166666666666,7.145833333333333,142.33333333333334,5.220833333333333,7.0249999999999995,48.208333333333336,12,11,7,48,9,7,48
2023-07-26,13.987499999999999,8.4,139.66666666666666,4.154166666666667,5.629166666666666,56.208333333333336,14,14,7,56,7,5,56
2023-07-27,16.591666666666665,9.795833333333333,145.20833333333334,3.516666666666667,4.291666666666667,64.70833333333333,16,17,7,65,5,4,65
2023-07-28,17.775000000000002,10.541666666666666,155.125,4.1375,4.9624999999999995,67.125,18,18,8,67,6,5,67
2023-07-29,18.754166666666666,12.166666666666666,204.54166666666666,6.8125,8.3125,68.625,20,19,10,69,10,9,69
2023-07-30,35.32083333333333,24.15416666666667,286.0,11.020833333333334,12.8125,64.625,40,35,14,65,16,14,65
2023-07-31,43.12916666666666,29.583333333333332,319.9166666666667,8.725,20.154166666666665,103.91666666666667,49,43,16,106,25,11,106
2023-08-01,32.63333333333333,22.6125,289.7916666666667,10.633333333333333,12.179166666666667,84.95833333333333,38,33,14,85,15,13,85
2023-08-02,16.991666666666667,11.245833333333332,180.375,4.720833333333333,6.8500000000000005,66.33333333333333,19,17,9,66,9,6,66
2023-08-03,31.25,19.029166666666665,194.33333333333334,4.7,7.254166666666666,75.375,32,31,10,75,9,6,75
2023-08-04,39.63333333333333,20.825,195.95833333333334,4.441666666666666,7.641666666666667,80.79166666666667,35,40,10,81,10,6,81
2023-08-05,39.28333333333333,23.28333333333333,215.45833333333334,5.020833333333333,9.533333333333333,82.45833333333333,39,39,11,82,12,6,82
2023-08-06,35.9,23.15416666666667,238.875,6.320833333333333,11.366666666666667,75.70833333333333,39,36,12,76,14,8,76
2023-08-07,30.03333333333333,21.325,286.0416666666667,9.391666666666667,16.662499999999998,60.458333333333336,36,30,14,60,21,12,60
2023-08-08,54.06666666666666,34.12916666666667,310.2916666666667,8.950000000000001,16.474999999999998,75.33333333333333,57,54,16,75,21,11,75
2023-08-09,74.62916666666666,44.854166666666664,323.5416666666667,9.808333333333334,17.245833333333334,83.58333333333333,75,75,16,84,22,12,84
2023-08-10,84.22083333333333,47.75833333333333,295.4583333333333,7.354166666666667,14.716666666666667,87.70833333333333,80,84,15,88,18,9,88
2023-08-11,98.3,56.34583333333333,376.375,9.820833333333333,17.8875,85.66666666666667,94,98,19,86,22,12,98
2023-08-12,89.14166666666667,54.71666666666667,365.125,9.316666666666666,17.825,82.375,91,89,18,82,22,12,91
2023-08-13,74.59583333333333,50.5875,404.4166666666667,11.770833333333334,21.575,77.91666666666667,84,75,20,78,27,15,84
2023-08-14,63.90833333333333,43.60833333333333,363.0,9.379166666666666,17.974999999999998,82.125,73,64,18,82,22,12,82
2023-08-15,69.45833333333333,46.65416666666667,323.2083333333333,8.875,15.120833333333332,88.41666666666667,78,69,16,88,19,11,88
2023-08-16,98.60833333333333,68.25416666666666,436.1666666666667,11.720833333333333,25.5625,94.375,128,99,22,94,32,15,128
2023-08-17,70.925,49.13333333333333,422.2916666666667,13.195833333333333,20.695833333333333,90.875,82,71,21,91,26,16,91
2023-08-18,16.337500000000002,10.908333333333333,198.875,4.633333333333334,6.1375,73.66666666666667,18,16,10,74,8,6,74
2023-08-19,29.458333333333332,18.1875,185.66666666666666,4.541666666666667,5.45,67.79166666666667,30,29,9,68,7,6,68
2023-08-20,42.28333333333333,23.245833333333334,172.75,4.7749999999999995,5.266666666666667,63.833333333333336,39,42,9,64,7,6,64
2023-08-21,24.7625,14.612499999999999,166.66666666666666,4.679166666666666,5.041666666666667,62.375,24,25,8,62,6,6,62
2023-08-22,30.537499999999998,19.758333333333333,201.45833333333334,5.520833333333333,5.7749999999999995,63.541666666666664,33,31,10,64,7,7,64
2023-08-23,38.291666666666664,26.183333333333334,301.25,7.479166666666667,9.629166666666666,71.5,44,38,15,72,12,9,72
2023-08-24,43.36666666666667,30.445833333333336,316.4166666666667,7.8,12.508333333333333,78.95833333333333,51,43,16,79,16,10,79
2023-08-25,36.362500000000004,25.5625,311.7083333333333,10.233333333333333,19.537499999999998,54.583333333333336,43,36,16,55,24,13,55
2023-08-26,43.949999999999996,29.02916666666667,281.625,7.554166666666667,12.637500000000001,72.16666666666667,48,44,14,72,16,9,72
2023-08-27,80.54583333333333,40.295833333333334,296.625,7.291666666666667,15.895833333333334,92.95833333333333,67,81,15,93,20,9,93
2023-08-28,134.83333333333334,58.30416666666667,368.0,9.716666666666667,22.508333333333336,107.75,97,123,18,111,28,12,123
2023-08-29,179.1833333333333,85.15416666666667,499.4583333333333,12.325000000000001,25.929166666666664,117.45833333333333,184,153,25,126,32,15,184
2023-08-30,182.5625,96.3875,656.5,18.400000000000002,34.045833333333334,114.80952380952381,221,155,33,122,43,23,221
2023-08-31,131.125,77.45,438.9166666666667,8.583333333333334,19.8125,99.29166666666667,158,121,22,99,25,11,158
2023-09-01,112.40416666666665,66.59583333333333,325.1666666666667,7.316666666666666,15.325000000000001,91.29166666666667,122,108,16,91,19,9,122
2023-09-02,116.625,73.62083333333334,459.9166666666667,10.804166666666667,23.008333333333336,104.54166666666667,145,111,23,107,29,14,145
2023-09-03,65.99583333333334,44.99583333333334,499.2083333333333,16.875,22.195833333333336,70.375,75,66,25,70,28,21,75
2023-09-04,23.016666666666666,16.2,262.2916666666667,8.545833333333333,9.508333333333333,61.25,27,23,13,61,12,11,61
2023-09-05,13.975,9.704166666666667,256.0833333333333,8.241666666666667,9.5875,58.291666666666664,16,14,13,58,12,10,58
2023-09-06,13.679166666666667,9.333333333333334,219.20833333333334,8.0625,8.629166666666666,58.083333333333336,16,14,11,58,11,10,58
2023-09-07,17.720833333333335,12.012500000000001,259.9583333333333,8.325000000000001,8.9125,65.45833333333333,20,18,13,65,11,10,65
2023-09-08,28.666666666666668,17.974999999999998,219.66666666666666,4.925,6.3875,79.54166666666667,30,29,11,80,8,6,80
2023-09-09,29.21666666666667,17.037499999999998,191.16666666666666,5.3500000000000005,5.8125,63.875,28,29,10,64,7,7,64
2023-09-10,25.5,15.370833333333332,188.45833333333334,5.604166666666667,6.041666666666667,62.25,26,26,9,62,8,7,62
2023-09-11,25.233333333333334,15.991666666666667,208.875,6.795833333333333,7.120833333333334,59.625,27,25,10,60,9,8,60
2023-09-12,22.504166666666666,15.1,240.66666666666666,9.841666666666667,12.424999999999999,55.791666666666664,25,23,12,56,16,12,56
2023-09-13,14.208333333333334,9.3125,211.41666666666666,6.920833333333333,7.995833333333334,66.95833333333333,16,14,11,67,10,9,67
2023-09-14,19.929166666666667,12.75,206.33333333333334,4.7375,5.9125000000000005,74.25,21,20,10,74,7,6,74
2023-09-15,23.383333333333336,14.737499999999999,211.45833333333334,5.55,6.079166666666667,67.25,25,23,11,67,8,7,67
2023-09-16,29.395833333333332,18.854166666666668,270.1666666666667,9.533333333333333,9.191666666666666,59.25,31,29,14,59,11,12,59
2023-09-17,32.53333333333333,21.599999999999998,309.9583333333333,10.6625,14.154166666666667,76.54166666666667,36,33,15,77,18,13,77
2023-09-18,28.599999999999998,19.816666666666666,321.9166666666667,12.954166666666666,16.620833333333334,69.58333333333333,33,29,16,70,21,16,70
2023-09-19,12.158333333333333,8.129166666666666,210.29166666666666,7.904166666666666,9.491666666666667,52.291666666666664,14,12,11,52,12,10,52
2023-09-20,16.349999999999998,10.4125,220.125,4.945833333333334,6.133333333333333,76.04166666666667,17,16,11,76,8,6,76
2023-09-21,23.3125,14.108333333333334,194.16666666666666,3.658333333333333,4.870833333333333,81.54166666666667,24,23,10,82,6,5,82
2023-09-22,19.529166666666665,11.979166666666666,173.66666666666666,4.033333333333333,4.1499999999999995,69.83333333333333,20,20,9,70,5,5,70
2023-09-23,23.662499999999998,14.387500000000001,172.79166666666666,4.466666666666667,4.625,65.08333333333333,24,24,9,65,6,6,65
2023-09-24,25.508333333333336,16.625,220.58333333333334,5.691666666666666,6.3125,72.41666666666667,28,26,11,72,8,7,72
2023-09-25,24.4875,16.525000000000002,259.5,9.195833333333333,8.516666666666667,51.708333333333336,28,24,13,52,11,11,52
2023-09-26,28.320833333333336,18.783333333333335,264.6666666666667,9.387500000000001,8.695833333333333,53.541666666666664,31,28,13,54,11,12,54
2023-09-27,49.895833333333336,33.87916666666667,336.1666666666667,11.791666666666666,17.191666666666666,96.20833333333333,56,50,17,96,21,15,96
2023-09-28,74.8125,51.80833333333334,539.2083333333334,16.866666666666667,27.412499999999998,109.66666666666667,86,75,27,114,34,21,114
2023-09-29,68.60416666666667,47.78333333333333,542.2916666666666,15.770833333333334,22.758333333333336,83.66666666666667,80,69,27,84,28,20,84
2023-09-30,17.741666666666667,12.241666666666667,304.7083333333333,7.979166666666667,10.966666666666667,67.04166666666667,20,18,15,67,14,10,67
2023-10-01,31.34166666666667,20.775000000000002,283.4166666666667,5.766666666666667,10.379166666666666,87.04166666666667,35,31,14,87,13,7,87
2023-10-02,14.191666666666668,9.549999999999999,228.375,6.770833333333333,7.383333333333333,72.25,16,14,11,72,9,8,72
2023-10-03,16.599999999999998,10.887500000000001,203.83333333333334,4.7375,5.0375000000000005,73.08333333333333,18,17,10,73,6,6,73
2023-10-04,19.254166666666666,12.633333333333333,268.6666666666667,4.925,7.333333333333333,89.875,21,19,13,90,9,6,90
2023-10-05,36.6,24.195833333333336,297.9166666666667,5.533333333333334,11.1875,102.75,40,37,15,104,14,7,104
2023-10-06,42.62083333333333,29.008333333333336,383.875,8.8125,12.854166666666666,90.41666666666667,48,43,19,90,16,11,90
2023-10-07,56.083333333333336,38.35,409.375,8.966666666666667,15.883333333333333,96.16666666666667,64,56,20,96,20,11,96
2023-10-08,63.38333333333333,42.75833333333333,400.0833333333333,8.004166666666666,15.4375,112.625,71,63,20,119,19,10,119
2023-10-09,92.24166666666667,59.574999999999996,602.0,13.8125,23.629166666666666,109.625,99,92,30,114,30,17,114
2023-10-10,106.60833333333333,62.262499999999996,621.5833333333334,15.745833333333332,25.09166666666667,107.83333333333333,108,104,31,112,31,20,112
2023-10-11,115.90416666666665,67.06666666666666,706.4166666666666,20.858333333333334,27.375,100.125,124,111,35,100,34,26,124
2023-10-12,113.16250000000001,67.94583333333334,718.625,23.3875,29.5625,104.95833333333333,126,109,36,107,37,29,126
2023-10-13,113.20416666666667,69.8125,779.8333333333334,23.59583333333333,29.758333333333336,109.5,133,109,39,114,37,29,133
2023-10-14,110.60416666666667,67.5,697.2916666666666,19.183333333333334,24.883333333333336,93.75,125,107,35,94,31,24,125
2023-10-15,119.675,75.10416666666667,867.25,25.679166666666664,31.833333333333332,106.625,150,113,43,110,40,32,150
2023-10-16,138.5625,84.22916666666667,876.5416666666666,28.229166666666668,35.141666666666666,107.82608695652173,181,126,44,112,44,35,181
2023-10-17,163.94166666666666,102.40416666666665,1026.625,32.12916666666667,42.4625,99.95238095238095,241,143,51,100,53,40,241
2023-10-18,149.98749999999998,94.32083333333333,813.9166666666666,20.7625,40.925000000000004,111.3,214,133,41,117,51,26,214
2023-10-19,118.32916666666667,78.62083333333334,910.3333333333334,30.745833333333334,36.6,106.41666666666667,162,112,46,109,46,38,162
2023-10-20,107.21249999999999,69.88333333333334,884.6666666666666,31.541666666666668,33.44583333333333,100.375,133,105,44,101,42,39,133
2023-10-21,91.60833333333333,60.12916666666666,781.5,25.1125,27.537499999999998,105.25,100,92,39,108,34,31,108
2023-10-22,86.01666666666667,57.4125,717.375,22.675,22.316666666666666,94.70833333333333,96,86,36,95,28,28,96
2023-10-23,40.99583333333333,28.191666666666666,419.25,12.408333333333333,14.174999999999999,79.29166666666667,47,41,21,79,18,16,79
2023-10-24,28.291666666666668,19.779166666666665,405.6666666666667,12.783333333333333,12.9125,68.875,33,28,20,69,16,16,69
2023-10-25,71.52916666666667,50.0625,715.9166666666666,23.891666666666666,26.333333333333332,84.04166666666667,83,72,36,84,33,30,84
2023-10-26,100.08333333333333,69.64583333333333,946.125,33.99166666666667,38.891666666666666,96.58333333333333,132,100,47,97,49,42,132
2023-10-27,132.19166666666666,86.99166666666667,877.2083333333334,26.541666666666668,30.9375,99.33333333333333,190,121,44,99,39,33,190
2023-10-28,167.88333333333333,107.96249999999999,982.3333333333334,28.245833333333334,39.9,102.45833333333333,260,145,49,104,50,35,260
2023-10-29,147.80416666666667,96.87083333333334,1048.625,37.1875,39.637499999999996,95.5,223,132,52,96,50,46,223
2023-10-30,98.66666666666667,67.27499999999999,891.1666666666666,31.97083333333333,27.525000000000002,94.41666666666667,124,99,45,94,34,40,124
2023-10-31,95.35000000000001,66.05,957.9583333333334,31.083333333333332,28.891666666666666,98.45833333333333,120,95,48,98,36,39,120
2023-11-01,99.20416666666667,69.07916666666667,975.4166666666666,33.6,35.141666666666666,103.25,130,99,49,105,44,42,130
2023-11-02,90.43333333333334,63.00833333333333,702.5416666666666,17.4375,31.90416666666667,118.36842105263158,110,90,35,127,40,22,127
2023-11-03,94.55416666666667,65.78333333333333,666.25,16.766666666666666,33.204166666666666,112.16666666666667,119,95,33,118,42,21,119
2023-11-04,81.45416666666667,56.67916666666667,646.3333333333334,13.35,35.275,100.75,94,81,32,101,44,17,101
2023-11-05,131.27916666666667,91.24166666666667,914.375,28.316666666666666,41.637499999999996,93.19047619047619,204,121,46,93,52,35,204
2023-11-06,146.5625,96.22083333333335,868.7083333333334,26.483333333333334,28.21666666666667,93.625,221,131,43,94,35,33,221
2023-11-07,183.52083333333334,115.5125,1098.6666666666667,34.94583333333333,38.82083333333333,97.54166666666667,285,156,55,98,49,44,285
2023-11-08,185.11666666666667,115.96666666666665,1105.375,32.99166666666667,38.37083333333333,92.54545454545455,287,157,55,93,48,41,287
2023-11-09,177.3,132.62083333333334,1076.1666666666667,37.59166666666667,43.72083333333333,84.8,310,152,54,85,55,47,310
2023-11-10,211.1208333333333,133.42916666666667,1258.8636363636363,38.57083333333333,45.2875,84.65,310,174,63,85,57,48,310
2023-11-11,199.45833333333334,125.98333333333333,1241.9565217391305,34.50833333333333,42.47083333333334,83.6842105263158,305,166,62,84,53,43,305
2023-11-12,109.54166666666667,71.4375,756.0,16.275000000000002,22.370833333333334,104.31818181818181,138,106,38,106,28,20,138
2023-11-13,82.74583333333334,56.083333333333336,743.75,20.008333333333333,23.104166666666668,94.33333333333333,93,83,37,94,29,25,94
2023-11-14,89.41250000000001,61.637499999999996,925.6666666666666,27.9,29.087500000000002,83.04166666666667,105,89,46,83,36,35,105
2023-11-15,60.15,41.795833333333334,641.875,19.008333333333333,18.354166666666668,96.91666666666667,70,60,32,97,23,24,97
2023-11-16,37.67916666666667,26.09166666666667,380.7916666666667,12.525,12.85,74.91666666666667,43,38,19,75,16,16,75
2023-11-17,21.570833333333336,15.058333333333332,298.9583333333333,13.279166666666667,10.954166666666666,48.75,25,22,15,49,14,17,49
2023-11-18,47.92916666666667,33.550000000000004,565.25,22.129166666666666,18.908333333333335,64.0,56,48,28,64,24,28,64
2023-11-19,51.824999999999996,36.24583333333333,619.2916666666666,24.304166666666664,19.929166666666667,64.875,60,52,31,65,25,30,65
2023-11-20,72.63333333333334,50.74166666666667,803.5833333333334,27.770833333333332,25.520833333333332,81.41666666666667,85,73,40,81,32,35,85
2023-11-21,98.8875,68.8,856.2083333333334,21.991666666666664,30.916666666666668,105.875,129,99,43,109,39,27,129
2023-11-22,189.5375,126.55,1089.1666666666667,29.6875,36.74583333333333,94.34782608695652,305,160,54,94,46,37,305
2023-11-23,175.23749999999998,118.57916666666667,1188.0,33.36666666666667,41.512499999999996,100.20833333333333,295,150,59,100,52,42,295
2023-11-24,148.5,101.99166666666667,1176.5416666666667,31.191666666666666,36.50833333333333,99.625,240,132,59,100,46,39,240
2023-11-25,99.25,68.72500000000001,862.125,26.8,25.883333333333336,79.0,129,99,43,79,32,34,129
2023-11-26,76.04583333333333,53.104166666666664,786.9583333333334,24.675,25.058333333333334,92.375,89,76,39,92,31,31,92
2023-11-27,102.35833333333333,71.125,981.625,29.900000000000002,36.770833333333336,98.16666666666667,137,102,49,98,46,37,137
2023-11-28,123.77499999999999,85.85833333333333,1047.125,25.895833333333332,42.11666666666667,85.2,186,116,52,85,53,32,186
2023-11-29,131.85,91.67083333333333,1004.0,23.7625,40.6625,98.9,206,121,50,99,51,30,206
2023-11-30,103.12083333333334,71.72500000000001,834.8333333333334,21.195833333333333,25.2375,106.70833333333333,139,102,42,110,32,26,139
2023-12-01,54.025,37.637499999999996,649.125,22.608333333333334,19.8,82.375,63,54,32,82,25,28,82
2023-12-02,85.80416666666667,59.4625,690.875,18.958333333333332,22.84583333333333,89.29166666666667,99,86,35,89,29,24,99
2023-12-03,76.04583333333333,52.699999999999996,696.5833333333334,19.808333333333334,19.691666666666666,90.75,88,76,35,91,25,25,91
2023-12-04,81.31666666666666,56.49166666666667,815.375,30.054166666666664,25.0625,59.583333333333336,94,81,41,60,31,38,94
2023-12-05,53.67083333333333,36.9,466.875,17.3875,17.070833333333333,54.625,61,54,23,55,21,22,61
2023-12-06,52.895833333333336,36.6875,391.9166666666667,10.495833333333334,17.329166666666666,73.66666666666667,61,53,20,74,22,13,74
2023-12-07,33.05416666666667,23.108333333333334,383.2083333333333,15.679166666666667,13.275,42.333333333333336,39,33,19,42,17,20,42
2023-12-08,63.70416666666667,44.574999999999996,620.2083333333334,22.241666666666664,24.695833333333336,48.583333333333336,74,64,31,49,31,28,74
2023-12-09,109.42083333333333,76.1125,795.9583333333334,23.3625,30.433333333333334,82.79166666666667,154,106,40,83,38,29,154
2023-12-10,113.3875,78.12083333333334,847.0416666666666,24.275000000000002,34.68333333333333,83.04166666666667,160,109,42,83,43,30,160
2023-12-11,109.55,75.59583333333333,755.5833333333334,19.775000000000002,31.829166666666666,91.54166666666667,152,106,38,92,40,25,152
2023-12-12,122.175,84.50416666666666,930.3333333333334,21.8875,36.579166666666666,93.25,182,115,47,93,46,27,182
2023-12-13,142.17083333333332,94.85000000000001,1102.0833333333333,27.170833333333334,49.19166666666666,84.41666666666667,216,128,55,84,61,34,216
2023-12-14,131.07500000000002,81.52499999999999,935.4166666666666,24.025000000000002,33.07083333333333,97.25,172,121,47,97,41,30,172
2023-12-15,146.78333333333333,96.08333333333333,943.5,23.9375,38.670833333333334,95.41666666666667,220,131,47,95,48,30,220
2023-12-16,152.26250000000002,102.48333333333333,962.0,25.162499999999998,41.708333333333336,100.08333333333333,242,135,48,100,52,31,242
2023-12-17,140.32083333333333,94.91250000000001,948.0416666666666,25.104166666666668,39.416666666666664,97.04166666666667,216,127,47,97,49,31,216
2023-12-18,128.95833333333334,87.08333333333333,799.3333333333334,17.691666666666666,35.204166666666666,106.5,190,119,40,110,44,22,190
2023-12-19,124.95416666666667,83.1375,697.4583333333334,14.775,32.391666666666666,105.45833333333333,177,117,35,108,40,18,177
2023-12-20,95.54583333333333,65.3625,689.6666666666666,14.725,26.2,100.83333333333333,118,96,34,101,33,18,118
2023-12-21,93.28333333333335,64.49166666666666,793.75,23.058333333333334,29.058333333333334,89.91666666666667,115,93,40,90,36,29,115
2023-12-22,96.33333333333333,66.69166666666666,814.5,26.25,27.258333333333336,82.54166666666667,122,96,41,83,34,33,122
2023-12-23,86.9875,59.6875,615.625,21.166666666666668,21.275000000000002,69.70833333333333,99,87,31,70,27,26,99
2023-12-24,96.98333333333333,67.325,920.375,35.025,30.504166666666666,65.25,124,97,46,65,38,44,124
2023-12-25,120.31666666666666,83.425,1106.5416666666667,40.68333333333333,39.27916666666667,75.625,178,114,55,76,49,51,178
2023-12-26,108.62083333333334,75.22916666666667,970.5833333333334,30.058333333333334,30.78333333333333,85.79166666666667,151,106,49,86,38,38,151
2023-12-27,110.41666666666667,76.53333333333333,991.1666666666666,35.37083333333333,32.454166666666666,72.41666666666667,155,107,50,72,41,44,155
2023-12-28,103.14583333333333,71.33749999999999,885.75,29.775000000000002,30.083333333333332,77.125,138,102,44,77,38,37,138
2023-12-29,90.17916666666667,62.56666666666666,794.9583333333334,22.9375,27.150000000000002,81.625,109,90,40,82,34,29,109
2023-12-30,100.02499999999999,69.30416666666666,775.1666666666666,18.758333333333333,27.337500000000002,89.70833333333333,131,100,39,90,34,23,131
2023-12-31,113.825,78.7,845.25,22.979166666666668,33.09583333333333,89.375,162,109,42,89,41,29,162
2024-01-01,125.01666666666667,86.05,938.0833333333334,28.3,40.1,91.16666666666667,187,117,47,91,50,35,187
2024-01-02,124.47916666666667,84.99583333333334,900.6666666666666,24.099999999999998,37.704166666666666,99.66666666666667,183,116,45,100,47,30,183
2024-01-03,110.92916666666667,76.77083333333333,1005.125,30.181818181818183,36.791666666666664,89.0,156,107,50,89,46,38,156
2024-01-04,132.18333333333334,90.52499999999999,1109.9583333333333,37.520833333333336,41.5875,94.04166666666667,202,121,55,94,52,47,202
2024-01-05,132.07916666666668,89.0625,981.625,32.00833333333333,38.666666666666664,91.0,197,121,49,91,48,40,197
2024-01-06,123.675,83.2,953.375,29.4875,31.945833333333336,86.0,177,116,48,86,40,37,177
2024-01-07,159.35416666666666,105.64583333333333,900.0833333333334,22.96666666666667,35.954166666666666,87.70833333333333,252,140,45,88,45,29,252
2024-01-08,162.09583333333333,109.67916666666667,903.5833333333334,21.55,35.28333333333333,92.04166666666667,266,141,45,92,44,27,266
2024-01-09,163.92916666666667,110.25416666666666,1012.8333333333334,33.0375,40.520833333333336,83.70833333333333,268,143,51,84,51,41,268
2024-01-10,154.17499999999998,103.48333333333333,1035.5,28.683333333333334,39.487500000000004,102.34782608695652,245,136,52,103,49,36,245
2024-01-11,136.39166666666668,91.28333333333335,872.375,22.066666666666666,33.55,91.66666666666667,204,124,44,92,42,28,204
2024-01-12,124.89583333333333,82.38333333333334,656.25,15.733333333333334,30.183333333333334,96.625,175,117,33,97,38,20,175
2024-01-13,141.57083333333333,93.80416666666667,872.6666666666666,21.070833333333333,38.1,105.79166666666667,213,128,44,109,48,26,213
2024-01-14,192.1833333333333,126.72083333333335,1188.2083333333333,24.566666666666666,47.79583333333333,95.1,305,161,59,95,60,31,305
2024-01-15,150.73749999999998,103.27083333333333,1044.2916666666667,27.616666666666664,32.204166666666666,96.0,244,134,52,96,40,35,244
2024-01-16,112.49583333333334,76.825,801.6666666666666,20.4375,27.087500000000002,103.625,156,108,40,105,34,26,156
2024-01-17,109.23333333333333,73.22083333333333,634.8333333333334,11.204166666666666,22.512500000000003,113.0,144,106,32,119,28,14,144
2024-01-18,119.62916666666666,80.6125,605.375,13.3375,20.849999999999998,81.0,169,113,30,81,26,17,169
2024-01-19,118.24166666666667,79.91666666666667,674.5,15.558333333333332,21.520833333333332,84.0,166,112,34,84,27,19,166
2024-01-20,151.6875,100.59583333333335,977.0416666666666,29.695833333333336,33.34166666666667,88.79166666666667,235,134,49,89,42,37,235
2024-01-21,178.4764705882353,123.73684210526316,1192.45,35.56666666666667,49.2625,85.52380952380952,303,152,60,86,62,44,303
2024-01-22,159.79166666666666,104.98333333333333,928.625,32.13333333333333,38.141666666666666,82.70833333333333,250,140,46,83,48,40,250
2024-01-23,173.8166666666667,114.54583333333333,971.3333333333334,27.116666666666664,40.1875,104.875,282,149,49,107,50,34,282
2024-01-24,180.32083333333333,118.80416666666667,883.5833333333334,19.208333333333332,35.083333333333336,96.20833333333333,296,154,44,96,44,24,296
2024-01-25,151.84583333333333,99.58749999999999,851.0,18.070833333333333,31.379166666666666,89.29166666666667,232,135,43,89,39,23,232
2024-01-26,124.44583333333333,83.5125,845.0416666666666,21.608333333333334,32.4625,93.08333333333333,178,116,42,93,41,27,178
2024-01-27,132.08333333333334,89.13333333333333,1011.0,30.670833333333334,36.92916666666667,86.0,197,121,51,86,46,38,197
2024-01-28,166.10833333333332,110.86666666666667,1147.7083333333333,29.795833333333334,44.925000000000004,101.57142857142857,270,144,57,102,56,37,270
2024-01-29,147.48333333333332,94.55,867.7083333333334,13.916666666666666,35.74583333333333,110.16666666666667,215,132,43,115,45,17,215
2024-01-30,104.65416666666665,64.33749999999999,574.0,8.35,17.408333333333335,119.16666666666667,114,103,29,128,22,10,128
2024-01-31,80.83333333333333,50.125,518.375,11.358333333333334,15.291666666666666,82.66666666666667,84,81,26,83,19,14,84
2024-02-01,68.77916666666667,44.4375,536.9166666666666,13.3125,13.920833333333334,73.16666666666667,74,69,27,73,17,17,74
2024-02-02,58.10833333333333,38.699999999999996,514.0833333333334,13.504166666666668,14.533333333333333,73.75,64,58,26,74,18,17,74
2024-02-03,123.47916666666667,77.04583333333333,824.6666666666666,17.858333333333334,34.34583333333333,96.5,157,116,41,96,43,22,157
2024-02-04,114.41666666666667,70.9875,794.125,19.8625,25.666666666666668,84.29166666666667,137,110,40,84,32,25,137
2024-02-05,106.1375,68.43333333333332,565.2916666666666,12.879166666666668,21.495833333333334,93.28571428571429,128,104,28,93,27,16,128
2024-02-06,123.76666666666667,77.62916666666666,682.4583333333334,19.445833333333333,21.945833333333336,69.33333333333333,159,116,34,69,27,24,159
2024-02-07,111.1375,65.0125,665.375,22.483333333333334,27.179166666666664,83.41666666666667,117,107,33,83,34,28,117
2024-02-08,87.64583333333333,58.4625,683.0,24.129166666666666,27.120833333333334,90.875,97,88,34,91,34,30,97
2024-02-09,88.45416666666667,60.29583333333333,671.1666666666666,19.966666666666665,25.958333333333332,93.45833333333333,101,88,34,93,32,25,101
2024-02-10,109.32916666666667,75.29166666666667,801.375,24.354166666666668,33.67916666666667,99.58333333333333,151,106,40,100,42,30,151
2024-02-11,138.375,95.31666666666666,1038.8333333333333,33.19583333333333,40.55416666666667,87.5,218,126,52,88,51,41,218
2024-02-12,153.775,104.81666666666666,1006.7916666666666,22.441666666666666,40.0375,98.78947368421052,249,136,50,99,50,28,249
2024-02-13,147.01666666666668,97.00833333333333,834.4166666666666,19.254166666666666,34.12083333333333,100.19047619047619,223,131,42,100,43,24,223
2024-02-14,139.15833333333333,87.45416666666667,761.4583333333334,16.670833333333334,28.625,108.29166666666667,192,126,38,112,36,21,192
2024-02-15,149.88750000000002,95.39999999999999,779.875,16.845833333333335,27.4875,112.33333333333333,218,133,39,118,34,21,218
2024-02-16,144.37083333333334,93.45833333333333,826.2083333333334,22.97083333333333,32.9125,96.70833333333333,212,130,41,97,41,29,212
2024-02-17,122.47083333333335,80.49166666666666,808.375,19.666666666666668,32.17916666666667,98.45454545454545,168,115,40,98,40,25,168
2024-02-18,118.70416666666667,76.70416666666667,632.9166666666666,12.758333333333333,13.545833333333334,90.45833333333333,156,112,32,90,17,16,156
2024-02-19,76.79583333333333,49.775,381.875,6.058333333333334,7.791666666666667,82.75,83,77,19,83,10,8,83
2024-02-20,53.29583333333333,34.75416666666667,340.625,7.183333333333334,11.166666666666666,83.66666666666667,58,53,17,84,14,9,84
2024-02-21,70.47083333333333,44.6875,502.3333333333333,12.766666666666666,21.224999999999998,97.70833333333333,74,70,25,98,27,16,98
2024-02-22,54.07083333333333,35.204166666666666,415.75,9.820833333333333,13.7125,88.83333333333333,59,54,21,89,17,12,89
2024-02-23,89.52083333333333,54.2125,455.375,12.4375,17.595833333333335,102.91666666666667,90,90,23,104,22,16,104
2024-02-24,113.89166666666667,69.47083333333333,502.25,12.620833333333332,19.258333333333333,98.45833333333333,132,109,25,98,24,16,132
2024-02-25,111.61666666666667,70.41666666666667,495.625,14.904166666666667,16.329166666666666,90.54166666666667,135,108,25,91,20,19,135
2024-02-26,122.21666666666665,75.8625,545.4583333333334,15.625,18.395833333333332,96.5,153,115,27,96,23,20,153
2024-02-27,142.37083333333334,90.625,631.4583333333334,15.012500000000001,24.65833333333333,107.47619047619048,202,128,32,111,31,19,202
2024-02-28,152.29999999999998,98.30416666666667,854.375,16.370833333333334,35.09166666666667,103.0909090909091,228,135,43,105,44,20,228
2024-02-29,126.95416666666667,81.02499999999999,807.375,18.075,32.262499999999996,105.77272727272727,170,118,40,108,40,23,170
2024-03-01,122.89166666666667,76.27916666666667,781.3333333333334,17.758333333333333,32.612500000000004,92.42105263157895,154,115,39,92,41,22,154
2024-03-02,111.42083333333333,69.66250000000001,613.0416666666666,14.0625,20.0,103.125,132,108,31,105,25,18,132
2024-03-03,119.55,74.32916666666667,714.0833333333334,21.020833333333332,25.879166666666666,86.45833333333333,148,113,36,86,32,26,148
2024-03-04,109.76666666666667,65.97916666666667,472.4583333333333,11.354166666666666,18.01666666666667,91.5,120,107,24,92,23,14,120
2024-03-05,100.18333333333334,65.15833333333333,747.4166666666666,19.633333333333333,36.13333333333333,91.0909090909091,117,100,37,91,45,25,117
2024-03-06,86.75416666666666,58.62916666666666,627.0,15.554166666666667,27.0125,111.95454545454545,98,87,31,118,34,19,118
2024-03-07,137.42083333333332,90.83333333333333,698.6666666666666,16.75,37.666666666666664,104.38095238095238,203,125,35,106,47,21,203
2024-03-08,96.675,61.85,715.4583333333334,22.52916666666667,31.391666666666666,94.08333333333333,106,97,36,94,39,28,106
2024-03-09,76.54583333333333,50.887499999999996,759.125,22.816666666666666,27.0625,107.83333333333333,85,77,38,112,34,29,112
2024-03-10,71.21249999999999,48.19583333333333,653.125,19.420833333333334,28.0125,107.52380952380952,80,71,33,111,35,24,111
2024-03-11,64.84583333333333,43.5,467.7916666666667,10.766666666666666,20.983333333333334,106.16666666666667,72,65,23,109,26,13,109
2024-03-12,65.66666666666667,41.541666666666664,356.0416666666667,6.9375,13.891666666666666,106.95833333333333,69,66,18,110,17,9,110
2024-03-13,63.9625,40.40833333333333,328.0416666666667,5.941666666666666,12.112499999999999,101.04166666666667,67,64,16,102,15,7,102
2024-03-14,60.30416666666667,37.56666666666667,330.25,8.450000000000001,9.7125,73.16666666666667,63,60,17,73,12,11,73
2024-03-15,84.59166666666667,53.54583333333333,385.9583333333333,9.320833333333333,18.395833333333332,101.66666666666667,89,85,19,102,23,12,102
2024-03-16,78.28333333333333,46.8375,286.5416666666667,7.458333333333333,9.345833333333333,79.625,78,78,14,80,12,9,80
2024-03-17,76.67083333333333,49.13333333333333,457.125,12.887500000000001,17.666666666666668,102.29166666666667,82,77,23,103,22,16,103
2024-03-18,117.77499999999999,76.09166666666667,690.875,16.083333333333332,32.36666666666667,105.625,154,112,35,108,40,20,154
2024-03-19,98.56666666666666,64.63333333333334,622.7083333333334,14.266666666666666,22.712500000000002,83.45833333333333,115,99,31,83,28,18,115
2024-03-20,81.15833333333333,55.89166666666666,523.7083333333334,15.258333333333333,30.2625,75.16666666666667,93,81,26,75,38,19,93
2024-03-21,63.23333333333333,42.050000000000004,473.5416666666667,14.691666666666668,19.429166666666667,89.66666666666667,70,63,24,90,24,18,90
2024-03-22,73.37916666666666,49.275,552.3333333333334,15.633333333333333,18.779166666666665,97.08333333333333,82,73,28,97,23,20,97
2024-03-23,43.65833333333333,27.295833333333334,289.125,5.316666666666666,9.375,96.54166666666667,45,44,14,97,12,7,97
2024-03-24,40.295833333333334,25.825,296.0,6.4375,9.991666666666667,82.625,43,40,15,83,12,8,83
2024-03-25,48.4375,30.866666666666664,299.3333333333333,7.5625,10.1,77.66666666666667,51,48,15,78,13,9,78
2024-03-26,48.4125,30.233333333333334,286.875,7.0375000000000005,11.8125,90.79166666666667,50,48,14,91,15,9,91
2024-03-27,44.57083333333333,28.229166666666668,305.9583333333333,8.225,11.441666666666668,85.08333333333333,47,45,15,85,14,10,85
2024-03-28,62.97083333333333,39.44166666666667,382.0833333333333,8.808333333333334,14.737499999999999,99.04166666666667,66,63,19,99,18,11,99
2024-03-29,48.975,29.47083333333333,272.8333333333333,5.7,9.362499999999999,79.16666666666667,49,49,14,79,12,7,79
2024-03-30,52.80833333333334,32.324999999999996,313.1666666666667,7.241666666666667,12.433333333333332,81.41666666666667,54,53,16,81,16,9,81
2024-03-31,71.45833333333333,44.63333333333333,406.4166666666667,6.541666666666667,14.15,115.625,74,71,20,123,18,8,123
2024-04-01,72.83749999999999,43.3375,419.4583333333333,7.695833333333333,17.45,117.5909090909091,72,73,21,126,22,10,126
2024-04-02,66.89999999999999,40.63333333333333,420.375,9.450000000000001,20.020833333333332,100.66666666666667,68,67,21,101,25,12,101
2024-04-03,57.625,34.44166666666667,309.0833333333333,6.233333333333333,13.475,89.42857142857143,57,58,15,89,17,8,89
2024-04-04,51.72083333333333,31.304166666666664,238.125,4.370833333333334,8.695833333333333,90.125,52,52,12,90,11,5,90
2024-04-05,55.262499999999996,33.59583333333333,284.625,6.445833333333333,12.270833333333334,101.25,56,55,14,102,15,8,102
2024-04-06,50.0,30.541666666666668,251.70833333333334,5.204166666666667,9.358333333333333,86.29166666666667,51,50,13,86,12,7,86
2024-04-07,78.99583333333334,48.5375,351.1666666666667,8.1,11.554166666666667,85.95833333333333,81,79,18,86,14,10,86
2024-04-08,91.97500000000001,58.7875,456.2083333333333,10.795833333333334,15.5375,92.75,98,92,23,93,19,13,98
2024-04-09,103.22916666666667,66.49583333333334,610.375,13.858333333333334,26.429166666666664,108.8,122,102,31,113,33,17,122
2024-04-10,103.35416666666667,66.47083333333333,661.7083333333334,16.912499999999998,26.8,117.20833333333333,122,102,33,125,34,21,125
2024-04-11,124.49583333333334,79.85416666666667,747.8333333333334,17.224999999999998,32.52916666666667,97.45,166,116,37,97,41,22,166
2024-04-12,108.5125,69.68333333333334,640.375,12.358333333333334,25.258333333333336,98.44444444444444,132,106,32,98,32,15,132
2024-04-13,104.3875,68.45,766.6666666666666,19.745833333333334,30.474999999999998,105.0,128,103,38,107,38,25,128
2024-04-14,89.29166666666667,57.458333333333336,544.8333333333334,11.6625,21.816666666666666,114.7,96,89,27,122,27,15,122
2024-04-15,62.958333333333336,39.75833333333333,387.0,6.316666666666666,10.083333333333334,106.16666666666667,66,63,19,109,13,8,109
2024-04-16,63.98333333333333,40.15833333333333,402.5,7.25,16.724999999999998,115.91666666666667,67,64,20,123,21,9,123
2024-04-17,75.57083333333334,45.15416666666667,436.4166666666667,8.4375,16.150000000000002,116.0,75,76,22,124,20,11,124
2024-04-18,80.48333333333333,43.63333333333333,528.9583333333334,12.633333333333333,20.116666666666667,125.55,73,80,26,138,25,16,138
2024-04-19,69.9875,31.09166666666667,302.5,5.266666666666667,11.862499999999999,119.95833333333333,52,70,15,129,15,7,129
2024-04-20,45.237500000000004,25.15416666666667,255.625,4.7375,11.766666666666666,105.20833333333333,42,45,13,108,15,6,108
2024-04-21,52.395833333333336,31.2625,322.6666666666667,6.241666666666667,14.704166666666666,127.625,52,52,16,141,18,8,141
2024-04-22,71.06666666666666,37.145833333333336,371.7916666666667,9.404166666666667,17.908333333333335,113.5,62,71,19,120,22,12,120
2024-04-23,57.86666666666667,37.449999999999996,402.2916666666667,9.125,17.979166666666668,132.08333333333334,62,58,20,147,22,11,147
2024-04-24,56.46666666666667,35.59583333333333,355.9583333333333,6.2749999999999995,14.325000000000001,131.16666666666666,59,56,18,146,18,8,146
2024-04-25,56.75416666666666,35.979166666666664,374.125,7.683333333333334,15.475,120.35,60,57,19,130,19,10,130
2024-04-26,39.395833333333336,23.879166666666666,243.625,4.591666666666667,10.708333333333334,99.0,40,39,12,99,13,6,99
2024-04-27,45.87083333333334,27.162499999999998,273.75,5.745833333333334,12.174999999999999,112.45833333333333,45,46,14,118,15,7,118
2024-04-28,55.0625,34.87083333333333,297.5,5.541666666666667,13.566666666666668,107.79166666666667,58,55,15,111,17,7,111
2024-04-29,65.74583333333334,41.920833333333334,357.9166666666667,6.1000000000000005,20.7125,123.0,70,66,18,134,26,8,134
2024-04-30,50.28333333333333,33.208333333333336,333.0833333333333,5.5249999999999995,19.98333333333333,128.25,55,50,17,142,25,7,142
2024-05-01,55.8125,27.412499999999998,308.875,6.358333333333333,15.966666666666667,111.57894736842105,46,56,15,117,20,8,117
2024-05-02,38.37916666666667,23.520833333333332,244.29166666666666,6.204166666666667,12.225,93.91666666666667,39,38,12,94,15,8,94
2024-05-03,51.34166666666667,29.241666666666664,310.2916666666667,7.870833333333334,14.929166666666667,105.0,49,51,16,107,19,10,107
2024-05-04,39.25416666666667,23.108333333333334,182.375,3.4499999999999997,6.55,95.25,39,39,9,95,8,4,95
2024-05-05,35.15833333333333,20.958333333333332,169.95833333333334,2.8791666666666664,5.075,82.41666666666667,35,35,8,82,6,4,82
2024-05-06,26.55,16.008333333333333,187.625,4.295833333333333,5.4750000000000005,71.58333333333333,27,27,9,72,7,5,72
2024-05-07,34.0625,21.537499999999998,249.95833333333334,9.020833333333334,9.4375,62.75,36,34,12,63,12,11,63
2024-05-08,28.95,18.95,240.125,8.891666666666667,9.820833333333335,56.833333333333336,32,29,12,57,12,11,57
2024-05-09,22.2625,14.25,221.83333333333334,8.383333333333333,7.791666666666667,43.416666666666664,24,22,11,43,10,10,43
2024-05-10,21.412499999999998,13.354166666666666,201.5,6.054166666666667,6.958333333333333,53.916666666666664,22,21,10,54,9,8,54
2024-05-11,25.729166666666668,16.241666666666667,191.45833333333334,5.7749999999999995,7.3625,58.166666666666664,27,26,10,58,9,7,58
2024-05-12,31.2375,20.170833333333334,286.5416666666667,8.358333333333333,9.1875,74.66666666666667,34,31,14,75,11,10,75
2024-05-13,40.9125,25.004166666666666,260.9166666666667,7.9125000000000005,9.295833333333333,71.54166666666667,42,41,13,72,12,10,72
2024-05-14,37.229166666666664,21.295833333333334,226.83333333333334,6.325,9.291666666666666,77.0,35,37,11,77,12,8,77
2024-05-15,34.62083333333333,19.1375,209.33333333333334,5.904166666666666,8.200000000000001,65.54166666666667,32,35,10,66,10,7,66
2024-05-16,31.079166666666666,18.675,221.95833333333334,5.637499999999999,8.908333333333333,70.45833333333333,31,31,11,70,11,7,70
2024-05-17,19.308333333333334,12.670833333333334,187.5,4.5874999999999995,7.608333333333333,67.83333333333333,21,19,9,68,10,6,68
2024-05-18,27.358333333333334,17.383333333333333,200.625,5.1499999999999995,9.525,74.58333333333333,29,27,10,75,12,6,75
2024-05-19,29.445833333333336,19.5,215.625,5.833333333333333,10.879166666666668,78.70833333333333,32,29,11,79,14,7,79
2024-05-20,23.7,14.529166666666667,178.33333333333334,5.6375,7.883333333333333,55.208333333333336,24,24,9,55,10,7,55
2024-05-21,19.979166666666668,12.245833333333332,177.54166666666666,6.245833333333334,8.2125,44.083333333333336,20,20,9,44,10,8,44
2024-05-22,15.450000000000001,9.033333333333333,191.66666666666666,6.316666666666666,6.6499999999999995,37.208333333333336,15,15,10,37,8,8,37
2024-05-23,27.370833333333334,17.966666666666665,263.5833333333333,9.262500000000001,11.520833333333334,55.041666666666664,30,27,13,55,14,12,55
2024-05-24,28.554166666666664,19.020833333333332,296.4166666666667,8.920833333333333,11.641666666666666,78.29166666666667,32,29,15,78,15,11,78
2024-05-25,26.608333333333334,17.941666666666666,237.79166666666666,7.2250000000000005,10.549999999999999,85.625,30,27,12,86,13,9,86
2024-05-26,13.354166666666666,9.112499999999999,207.54166666666666,4.929166666666666,5.0249999999999995,77.16666666666667,15,13,10,77,6,6,77
2024-05-27,21.270833333333332,14.508333333333333,294.1666666666667,7.6499999999999995,11.308333333333332,84.83333333333333,24,21,15,85,14,10,85
2024-05-28,48.27916666666667,28.8125,243.5,4.070833333333334,7.570833333333333,103.70833333333333,48,48,12,105,9,5,105
2024-05-29,48.699999999999996,27.079166666666666,196.83333333333334,2.65,4.7749999999999995,99.66666666666667,45,49,10,100,6,3,100
2024-05-30,40.6625,21.483333333333334,171.25,2.6,3.8208333333333333,80.29166666666667,36,41,9,80,5,3,80
2024-05-31,27.0,14.679166666666667,165.25,3.420833333333333,4.5,69.0,24,27,8,69,6,4,69
2024-06-01,44.39166666666667,22.40833333333333,156.83333333333334,3.2125,4.116666666666666,61.833333333333336,37,44,8,62,5,4,62
2024-06-02,40.55833333333333,21.229166666666668,159.29166666666666,3.533333333333333,4.216666666666667,54.791666666666664,35,41,8,55,5,4,55
2024-06-03,37.145833333333336,22.041666666666668,206.08333333333334,3.9791666666666665,6.325,84.25,37,37,10,84,8,5,84
2024-06-04,44.80416666666667,25.608333333333334,209.54166666666666,3.6374999999999997,6.0,93.83333333333333,43,45,10,94,8,5,94
2024-06-05,61.79583333333333,38.40416666666667,297.9583333333333,4.695833333333334,10.8125,119.95833333333333,64,62,15,129,14,6,129
2024-06-06,73.30416666666666,44.479166666666664,299.875,5.425,10.3125,116.54166666666667,74,73,15,124,13,7,124
2024-06-07,75.39999999999999,42.137499999999996,333.875,5.241666666666666,14.8375,131.70833333333334,70,75,17,147,19,7,147
2024-06-08,36.916666666666664,21.820833333333336,234.875,4.258333333333334,10.195833333333333,114.0,36,37,12,121,13,5,121
2024-06-09,52.13333333333333,30.016666666666666,252.45833333333334,4.183333333333333,10.416666666666666,121.0,50,52,13,131,13,5,131
2024-06-10,39.6625,22.8625,217.04166666666666,3.8833333333333333,8.825000000000001,107.33333333333333,38,40,11,111,11,5,111
2024-06-11,24.829166666666666,14.470833333333333,175.66666666666666,3.6625,5.795833333333333,81.41666666666667,24,25,9,81,7,5,81
2024-06-12,30.3125,16.729166666666668,179.625,2.9625,5.091666666666667,94.375,28,30,9,94,6,4,94
2024-06-13,69.52499999999999,39.770833333333336,260.4583333333333,3.829166666666667,7.4750000000000005,112.25,66,70,13,118,9,5,118
2024-06-14,75.51666666666667,46.04583333333333,291.7916666666667,3.9958333333333336,11.729166666666666,126.04166666666667,77,76,15,138,15,5,138
2024-06-15,71.94583333333334,42.699999999999996,250.83333333333334,3.1999999999999997,8.525,116.45833333333333,71,72,13,124,11,4,124
2024-06-16,67.375,39.31666666666667,245.20833333333334,3.470833333333333,8.266666666666667,111.375,66,67,12,117,10,4,117
2024-06-17,57.791666666666664,33.6625,203.45833333333334,3.091666666666667,6.891666666666667,97.70833333333333,56,58,10,98,9,4,98
2024-06-18,52.92916666666667,31.575,220.79166666666666,3.8166666666666664,9.387500000000001,104.75,53,53,11,107,12,5,107
2024-06-19,45.175000000000004,27.46666666666667,220.45833333333334,4.158333333333333,9.108333333333333,102.08333333333333,46,45,11,103,11,5,103
2024-06-20,52.38333333333333,33.983333333333334,285.375,6.720833333333334,12.225,102.375,57,52,14,103,15,8,103
2024-06-21,52.4375,33.69166666666667,292.6666666666667,6.804166666666667,11.245833333333332,99.79166666666667,56,52,15,100,14,9,100
2024-06-22,27.683333333333334,17.991666666666667,240.66666666666666,7.008333333333333,7.6625000000000005,67.54166666666667,30,28,12,68,10,9,68
2024-06-23,23.070833333333336,14.091666666666667,173.04166666666666,4.245833333333334,4.970833333333333,67.66666666666667,23,23,9,68,6,5,68
2024-06-24,35.925000000000004,18.3875,164.70833333333334,3.529166666666667,4.716666666666667,69.29166666666667,31,36,8,69,6,4,69
2024-06-25,28.791666666666668,17.141666666666666,175.91666666666666,4.270833333333333,5.933333333333334,65.33333333333333,29,29,9,65,7,5,65
2024-06-26,19.379166666666666,12.245833333333332,169.70833333333334,5.845833333333334,8.370833333333334,47.958333333333336,20,19,8,48,10,7,48
2024-06-27,14.091666666666667,9.079166666666667,156.41666666666666,5.7250000000000005,7.845833333333334,48.166666666666664,15,14,8,48,10,7,48
2024-06-28,13.112499999999999,8.466666666666667,179.95833333333334,5.633333333333333,6.220833333333334,57.416666666666664,14,13,9,57,8,7,57
2024-06-29,31.495833333333334,21.808333333333334,247.70833333333334,6.020833333333333,10.408333333333333,84.45833333333333,36,31,12,84,13,8,84
2024-06-30,25.504166666666666,17.766666666666666,241.25,6.541666666666667,12.495833333333332,76.04166666666667,30,26,12,76,16,8,76
2024-07-01,22.96666666666667,15.408333333333333,220.58333333333334,5.891666666666667,9.7,70.625,26,23,11,71,12,7,71
2024-07-02,22.733333333333334,15.758333333333333,245.20833333333334,7.420833333333333,11.508333333333333,63.708333333333336,26,23,12,64,14,9,64
2024-07-03,27.066666666666666,18.9875,246.91666666666666,7.504166666666666,12.129166666666668,71.41666666666667,32,27,12,71,15,9,71
2024-07-04,31.02916666666667,18.175,208.04166666666666,4.658333333333333,7.341666666666666,82.79166666666667,30,31,10,83,9,6,83
2024-07-05,37.050000000000004,19.804166666666667,198.95833333333334,4.75,6.979166666666667,76.875,33,37,10,77,9,6,77
2024-07-06,27.45,16.3,195.79166666666666,5.2749999999999995,6.425,66.83333333333333,27,27,10,67,8,7,67
2024-07-07,18.133333333333333,10.9125,161.375,4.954166666666667,5.495833333333334,50.541666666666664,18,18,8,51,7,6,51
2024-07-08,15.779166666666667,9.970833333333333,162.91666666666666,4.933333333333334,6.366666666666667,46.708333333333336,17,16,8,47,8,6,47
2024-07-09,18.712500000000002,11.591666666666667,159.54166666666666,4.3,4.8500000000000005,59.833333333333336,19,19,8,60,6,5,60
2024-07-10,22.3,13.820833333333333,160.70833333333334,3.783333333333333,5.495833333333334,70.79166666666667,23,22,8,71,7,5,71
2024-07-11,38.02916666666667,24.383333333333336,215.33333333333334,5.125,8.825000000000001,82.04166666666667,41,38,11,82,11,6,82
2024-07-12,43.020833333333336,29.366666666666664,264.8333333333333,6.733333333333333,11.195833333333333,83.04166666666667,49,43,13,83,14,8,83
2024-07-13,29.116666666666664,19.220833333333335,213.70833333333334,5.391666666666667,6.958333333333333,71.875,32,29,11,72,9,7,72
2024-07-14,17.391666666666666,11.316666666666668,194.5,5.829166666666667,7.3625,61.083333333333336,19,17,10,61,9,7,61
2024-07-15,14.616666666666667,9.1875,164.16666666666666,5.558333333333334,6.841666666666666,52.875,15,15,8,53,9,7,53
2024-07-16,14.558333333333335,9.158333333333333,160.5,5.7250000000000005,7.7,54.375,15,15,8,54,10,7,54
2024-07-17,14.229166666666666,9.120833333333334,171.875,6.325,8.2125,49.75,15,14,9,50,10,8,50
2024-07-18,13.658333333333333,9.112499999999999,172.625,7.141666666666667,8.775,49.458333333333336,15,14,9,49,11,9,49
2024-07-19,11.291666666666666,7.1125,156.41666666666666,4.979166666666667,6.695833333333333,60.041666666666664,12,11,8,60,8,6,60
2024-07-20,14.520833333333334,8.616666666666667,144.75,4.204166666666667,6.041666666666667,63.0,14,15,7,63,8,5,63
2024-07-21,16.8625,10.020833333333334,159.29166666666666,4.041666666666667,4.866666666666666,66.33333333333333,17,17,8,66,6,5,66
2024-07-22,17.7625,10.6875,176.29166666666666,4.575,5.579166666666667,70.16666666666667,18,18,9,70,7,6,70
2024-07-23,34.725,23.737499999999997,278.2916666666667,7.5,12.304166666666667,86.16666666666667,40,35,14,86,15,9,86
2024-07-24,28.0125,19.599999999999998,235.04166666666666,6.3625,11.85,81.5,33,28,12,82,15,8,82
2024-07-25,55.166666666666664,38.641666666666666,353.375,10.791666666666666,20.491666666666667,90.79166666666667,64,55,18,91,26,13,91
2024-07-26,18.0625,12.470833333333333,246.375,7.695833333333333,9.4125,70.875,21,18,12,71,12,10,71
2024-07-27,19.5125,12.841666666666667,223.375,5.254166666666666,8.204166666666667,76.625,21,20,11,77,10,7,77
2024-07-28,19.291666666666668,13.0625,206.875,7.283333333333334,10.258333333333333,66.45833333333333,22,19,10,66,13,9,66
2024-07-29,22.5125,14.85,224.625,6.008333333333333,8.504166666666666,80.04166666666667,25,23,11,80,11,8,80
2024-07-30,31.945833333333336,21.650000000000002,247.29166666666666,6.4375,11.295833333333334,72.625,36,32,12,73,14,8,73
2024-07-31,29.0125,20.254166666666666,293.0,10.758333333333333,13.262500000000001,57.291666666666664,34,29,15,57,17,13,57
2024-08-01,24.979166666666668,17.7625,294.0833333333333,8.066666666666666,14.320833333333333,65.41666666666667,30,25,15,65,18,10,65
2024-08-02,26.983333333333334,16.229166666666668,197.79166666666666,4.470833333333333,6.3125,67.70833333333333,27,27,10,68,8,6,68
2024-08-03,20.516666666666666,12.658333333333333,172.125,4.3875,5.279166666666667,62.375,21,21,9,62,7,5,62
2024-08-04,38.12916666666667,23.083333333333332,206.25,5.495833333333334,8.208333333333334,74.33333333333333,38,38,10,74,10,7,74
2024-08-05,40.208333333333336,25.900000000000002,252.95833333333334,7.041666666666667,9.070833333333333,71.58333333333333,43,40,13,72,11,9,72
2024-08-06,22.46666666666667,15.25,234.29166666666666,7.366666666666667,8.379166666666666,63.791666666666664,25,22,12,64,10,9,64
2024-08-07,19.145833333333332,12.4125,205.58333333333334,5.3125,6.395833333333333,64.875,21,19,10,65,8,7,65
2024-08-08,22.058333333333334,12.8125,179.16666666666666,4.1625000000000005,4.529166666666667,68.5,21,22,9,68,6,5,68
2024-08-09,26.3,17.291666666666668,185.41666666666666,4.395833333333333,5.154166666666667,70.625,29,26,9,71,6,5,71
2024-08-10,33.0375,22.125,243.25,5.8625,8.491666666666667,76.75,37,33,12,77,11,7,77
2024-08-11,41.175000000000004,27.070833333333336,246.83333333333334,6.508333333333333,8.308333333333334,74.0,45,41,12,74,10,8,74
2024-08-12,42.550000000000004,27.104166666666668,242.91666666666666,6.95,8.591666666666667,77.5,45,43,12,78,11,9,78
2024-08-13,43.949999999999996,29.837500000000002,272.5416666666667,6.845833333333334,9.958333333333334,85.45833333333333,50,44,14,85,12,9,85
2024-08-14,37.1625,26.0125,340.7916666666667,11.387500000000001,15.895833333333334,75.5,43,37,17,76,20,14,76
2024-08-15,33.237500000000004,23.15833333333333,300.7916666666667,8.495833333333334,12.691666666666668,76.04166666666667,39,33,15,76,16,11,76
2024-08-16,56.74166666666667,39.666666666666664,479.8333333333333,19.083333333333332,26.316666666666666,75.375,66,57,24,75,33,24,75
2024-08-17,49.15,34.020833333333336,427.125,18.325,19.7,89.125,57,49,21,89,25,23,89
2024-08-18,39.833333333333336,27.650000000000002,354.0833333333333,13.529166666666667,14.420833333333334,75.16666666666667,46,40,18,75,18,17,75
2024-08-19,39.375,27.55,382.7083333333333,12.879166666666668,15.9625,66.79166666666667,46,39,19,67,20,16,67
2024-08-20,38.47083333333333,26.59583333333333,282.125,6.0874999999999995,10.029166666666667,86.66666666666667,44,38,14,87,13,8,87
2024-08-21,28.7625,19.787499999999998,266.375,6.745833333333334,10.4,68.20833333333333,33,29,13,68,13,8,68
2024-08-22,35.762499999999996,24.691666666666666,267.5416666666667,7.229166666666667,12.966666666666667,73.0,41,36,13,73,16,9,73
2024-08-23,29.55,20.483333333333334,321.875,8.5875,15.666666666666666,77.75,34,30,16,78,20,11,78
2024-08-24,20.925,14.591666666666667,297.125,12.183333333333332,10.941666666666668,43.5,24,21,15,44,14,15,44
2024-08-25,32.30833333333333,22.695833333333336,375.4166666666667,14.154166666666667,14.916666666666666,47.833333333333336,38,32,19,48,19,18,48
2024-08-26,31.208333333333332,21.766666666666666,248.83333333333334,7.016666666666667,11.645833333333334,62.166666666666664,36,31,12,62,15,9,62
2024-08-27,25.4875,17.162499999999998,254.625,7.266666666666667,7.55,61.791666666666664,29,25,13,62,9,9,62
2024-08-28,27.075,18.504166666666666,257.375,8.466666666666667,11.299999999999999,64.54166666666667,31,27,13,65,14,11,65
2024-08-29,21.90833333333333,14.7125,256.7916666666667,10.141666666666667,11.279166666666667,48.541666666666664,25,22,13,49,14,13,49
2024-08-30,16.833333333333332,11.125,211.66666666666666,8.341666666666667,10.679166666666667,49.791666666666664,19,17,11,50,13,10,50
2024-08-31,14.700000000000001,9.1625,168.08333333333334,4.820833333333334,6.816666666666666,57.0,15,15,8,57,9,6,57
2024-09-01,16.5125,10.745833333333332,194.5,6.333333333333333,6.695833333333333,49.833333333333336,18,17,10,50,8,8,50
2024-09-02,23.1375,15.120833333333332,234.5,8.933333333333334,9.916666666666666,46.416666666666664,25,23,12,46,12,11,46
2024-09-03,19.741666666666667,12.9375,235.04166666666666,7.958333333333333,8.720833333333333,51.958333333333336,22,20,12,52,11,10,52
2024-09-04,26.55,16.020833333333332,214.54166666666666,6.5249999999999995,6.7250000000000005,49.875,27,27,11,50,8,8,50
2024-09-05,24.916666666666668,15.491666666666667,250.16666666666666,9.575000000000001,9.554166666666667,41.208333333333336,26,25,13,41,12,12,41
2024-09-06,27.508333333333336,18.575,308.75,14.325000000000001,17.462500000000002,49.458333333333336,31,28,15,49,22,18,49
2024-09-07,23.400000000000002,15.591666666666667,245.08333333333334,9.633333333333333,11.783333333333333,61.5,26,23,12,62,15,12,62
2024-09-08,13.908333333333333,8.745833333333334,186.45833333333334,6.375,8.416666666666666,56.166666666666664,15,14,9,56,11,8,56
2024-09-09,17.616666666666667,10.85,189.75,4.5625,6.154166666666666,71.125,18,18,9,71,8,6,71
2024-09-10,24.183333333333334,14.674999999999999,207.0,4.983333333333333,5.8625,73.58333333333333,24,24,10,74,7,6,74
2024-09-11,43.583333333333336,28.724999999999998,391.625,13.65,15.799999999999999,72.25,48,44,20,72,20,17,72
2024-09-12,60.67916666666667,42.237500000000004,468.875,13.112499999999999,24.416666666666668,77.20833333333333,70,61,23,77,31,16,77
2024-09-13,61.52916666666667,43.012499999999996,445.875,11.683333333333332,27.166666666666668,88.33333333333333,72,62,22,88,34,15,88
2024-09-14,16.654166666666665,11.679166666666667,334.1666666666667,12.466666666666667,11.5875,56.125,19,17,17,56,14,16,56
2024-09-15,14.329166666666666,10.179166666666667,327.0833333333333,9.620833333333334,15.804166666666667,57.75,17,14,16,58,20,12,58
2024-09-16,35.62916666666667,22.604166666666668,232.70833333333334,4.979166666666667,8.6875,80.83333333333333,38,36,12,81,11,6,81
2024-09-17,43.40833333333333,25.316666666666666,264.7083333333333,7.704166666666667,8.658333333333333,68.91666666666667,42,43,13,69,11,10,69
2024-09-18,38.770833333333336,24.05,299.7083333333333,10.5625,10.8125,61.25,40,39,15,61,14,13,61
2024-09-19,73.84166666666667,49.44166666666666,551.9583333333334,17.370833333333334,23.837500000000002,99.70833333333333,82,74,28,100,30,22,100
2024-09-20,78.1375,53.208333333333336,501.0833333333333,12.825000000000001,25.058333333333334,99.52631578947368,89,78,25,100,31,16,100
2024-09-21,102.92916666666667,70.79583333333333,728.9166666666666,21.541666666666668,30.608333333333334,98.21052631578948,136,102,36,98,38,27,136
2024-09-22,82.2,57.12083333333334,682.2083333333334,20.404166666666665,24.075,113.41666666666667,95,82,34,120,30,26,120
2024-09-23,57.27916666666667,39.6875,515.875,11.129166666666668,17.558333333333334,95.71428571428571,66,57,26,96,22,14,96
2024-09-24,12.091666666666667,7.95,204.375,6.516666666666667,8.591666666666667,57.25,13,12,10,57,11,8,57
2024-09-25,12.145833333333334,7.766666666666667,199.33333333333334,4.129166666666666,4.4750000000000005,70.5,13,12,10,70,6,5,70
2024-09-26,14.450000000000001,9.049999999999999,175.04166666666666,4.795833333333333,4.683333333333334,40.333333333333336,15,14,9,40,6,6,40
2024-09-27,14.191666666666668,8.829166666666667,173.45833333333334,4.866666666666666,5.029166666666667,33.541666666666664,15,14,9,34,6,6,34
2024-09-28,18.004166666666666,11.512500000000001,197.29166666666666,6.325,5.941666666666666,46.875,19,18,10,47,7,8,47
2024-09-29,30.59583333333333,20.2625,253.20833333333334,8.395833333333334,10.233333333333333,65.5,34,31,13,66,13,10,66
2024-09-30,58.8375,39.45,322.5416666666667,7.554166666666667,16.2,104.125,66,59,16,106,20,9,106
2024-10-01,75.02083333333333,51.75416666666666,505.0416666666667,13.799999999999999,29.804166666666664,109.66666666666667,86,75,25,114,37,17,114
2024-10-02,66.14999999999999,45.40833333333333,504.6666666666667,12.504166666666668,22.22083333333333,91.75,76,66,25,92,28,16,92
2024-10-03,89.33749999999999,57.85,455.2083333333333,10.208333333333334,21.974999999999998,100.625,96,89,23,101,27,13,101
2024-10-04,87.6875,58.34583333333333,490.5833333333333,8.908333333333333,19.670833333333334,97.91666666666667,97,88,25,98,25,11,98
2024-10-05,40.74583333333333,27.695833333333336,418.0416666666667,10.775,15.4625,85.25,46,41,21,85,19,13,85
2024-10-06,36.725,23.854166666666668,300.8333333333333,9.525,9.841666666666667,63.583333333333336,40,37,15,64,12,12,64
2024-10-07,23.09583333333333,15.3125,242.16666666666666,9.208333333333334,10.4,44.125,26,23,12,44,13,12,44
2024-10-08,25.099999999999998,17.041666666666668,264.0416666666667,9.5625,9.441666666666666,42.166666666666664,28,25,13,42,12,12,42
2024-10-09,30.804166666666664,21.2375,318.25,10.358333333333333,11.762500000000001,56.958333333333336,35,31,16,57,15,13,57
2024-10-10,34.229166666666664,23.3625,374.7083333333333,12.345833333333333,13.129166666666668,55.166666666666664,39,34,19,55,16,15,55
2024-10-11,26.133333333333336,17.708333333333332,291.9166666666667,8.845833333333333,9.7125,61.625,30,26,15,62,12,11,62
2024-10-12,48.99166666666667,33.19583333333333,376.25,12.229166666666666,16.025000000000002,81.54166666666667,55,49,19,82,20,15,82
2024-10-13,97.09583333333335,66.2375,528.625,14.745833333333332,26.766666666666666,108.23809523809524,121,97,26,112,33,18,121
2024-10-14,128.84583333333333,84.72916666666667,708.7916666666666,20.483333333333334,32.979166666666664,100.2,182,119,35,100,41,26,182
2024-10-15,144.40416666666667,93.81666666666666,746.875,17.558333333333334,37.891666666666666,102.45,213,130,37,104,47,22,213
2024-10-16,117.79583333333333,79.16250000000001,572.6666666666666,13.950000000000001,29.924999999999997,98.18181818181819,164,112,29,98,37,17,164
2024-10-17,84.35833333333333,55.675000000000004,515.8333333333334,15.804166666666667,18.5625,69.45833333333333,93,84,26,69,23,20,93
2024-10-18,61.13333333333333,41.9625,552.625,23.02916666666667,19.683333333333334,48.208333333333336,70,61,28,48,25,29,70
2024-10-19,107.9375,74.38333333333334,838.9166666666666,26.323809523809523,32.195454545454545,80.0,148,105,42,80,40,33,148
2024-10-20,127.70833333333333,82.91250000000001,674.625,17.008333333333333,21.229166666666668,111.73913043478261,176,118,34,117,27,21,176
2024-10-21,84.64583333333333,57.887499999999996,680.2083333333334,18.8,21.579166666666666,95.33333333333333,96,85,34,95,27,24,96
2024-10-22,87.46249999999999,59.9125,727.875,23.09166666666667,24.291666666666668,107.83333333333333,100,87,36,112,30,29,112
2024-10-23,46.47083333333333,32.104166666666664,409.625,12.237499999999999,14.395833333333334,81.25,54,46,20,81,18,15,81
2024-10-24,27.195833333333336,17.704166666666666,242.16666666666666,6.4875,6.916666666666667,68.375,30,27,12,68,9,8,68
2024-10-25,72.34583333333333,42.541666666666664,297.4166666666667,4.575,6.716666666666666,97.58333333333333,71,72,15,98,8,6,98
2024-10-26,69.40416666666667,40.92916666666667,535.4583333333334,7.854166666666667,8.616666666666667,82.29166666666667,68,69,27,82,11,10,82
2024-10-27,77.12916666666666,48.362500000000004,820.7619047619048,19.483333333333334,18.3625,62.333333333333336,81,77,41,62,23,24,81
2024-10-28,52.708333333333336,34.487500000000004,835.0833333333334,12.5625,13.791666666666666,70.54166666666667,57,53,42,71,17,16,71
2024-10-29,46.39166666666667,30.537499999999998,687.695652173913,10.825000000000001,10.745833333333332,64.33333333333333,51,46,34,64,13,14,64
2024-10-30,39.208333333333336,26.083333333333332,813.3636363636364,11.058333333333332,10.479166666666666,62.916666666666664,43,39,41,63,13,14,63
2024-10-31,45.43333333333334,31.295833333333334,880.4347826086956,9.575000000000001,13.475,83.08333333333333,52,45,44,83,17,12,83
2024-11-01,104.49166666666667,71.37916666666666,697.75,31.9875,36.96666666666667,90.08333333333333,138,103,35,90,46,40,138
2024-11-02,153.95833333333334,99.34166666666665,1159.4285714285713,33.65416666666667,42.108333333333334,104.08695652173913,231,136,58,106,53,42,231
2024-11-03,192.275,119.67916666666667,1171.5833333333333,33.55833333333333,46.44583333333333,80.27777777777777,299,162,59,80,58,42,299
2024-11-04,180.36666666666667,109.09583333333335,1041.6153846153845,23.991666666666664,37.56666666666667,101.19047619047619,264,154,52,102,47,30,264
2024-11-05,124.36666666666667,81.64999999999999,990.0454545454545,22.204166666666666,28.05,88.0,172,116,50,88,35,28,172
2024-11-06,82.30833333333334,55.89166666666667,846.8125,21.441666666666666,26.245833333333334,85.45833333333333,93,82,42,85,33,27,93
2024-11-07,124.21666666666665,83.73333333333333,1063.4166666666667,31.854166666666668,35.0,89.0909090909091,179,116,53,89,44,40,179
2024-11-08,86.89999999999999,60.5375,821.1176470588235,26.008333333333336,25.645833333333332,101.375,102,87,41,102,32,33,102
2024-11-09,71.08333333333333,49.737500000000004,839.8823529411765,28.55,25.733333333333334,89.33333333333333,83,71,42,89,32,36,89
2024-11-10,64.31666666666666,45.0,932.304347826087,24.704166666666666,22.104166666666668,101.66666666666667,75,64,47,102,28,31,102
2024-11-11,79.29583333333333,55.49583333333334,936.5,35.5,31.995833333333334,85.08333333333333,92,79,47,85,40,44,92
2024-11-12,103.59166666666665,91.6125,882.952380952381,23.226666666666667,39.25833333333333,99.70833333333333,205,102,44,100,49,29,205
2024-11-13,118.42083333333333,105.21904761904761,896.875,36.64090909090909,29.270833333333332,98.75,251,112,45,99,37,46,251
2024-11-14,166.76250000000002,129.6142857142857,963.952380952381,39.208333333333336,33.12083333333333,98.29166666666667,307,145,48,98,41,49,307
2024-11-15,132.20416666666668,125.45833333333333,873.3333333333334,28.954166666666666,31.941666666666666,102.95833333333333,304,121,44,104,40,36,304
2024-11-16,125.7375,115.60454545454546,832.1,38.57083333333333,32.983333333333334,85.75,285,117,42,86,41,48,285
2024-11-17,166.68333333333334,110.28333333333335,926.5,39.73157894736842,45.416666666666664,85.0,268,144,46,85,57,50,268
2024-11-18,158.27826086956523,108.46923076923076,1184.7083333333333,41.3304347826087,40.88333333333333,95.28571428571429,262,139,59,95,51,52,262
2024-11-19,129.03333333333333,113.21904761904761,1128.4736842105262,33.983333333333334,29.97083333333333,106.1,277,119,56,109,37,42,277
2024-11-20,120.08749999999999,110.98636363636363,1054.3333333333333,33.34166666666667,31.0625,101.19047619047619,270,113,53,102,39,42,270
2024-11-21,110.03333333333335,109.24583333333334,790.125,34.545833333333334,31.625,79.58333333333333,264,107,40,80,40,43,264
2024-11-22,132.46666666666667,101.17647058823529,1031.0,39.87083333333333,34.2875,77.41666666666667,237,122,52,77,43,50,237
2024-11-23,164.01666666666668,123.49333333333334,891.5,39.06818181818182,36.108333333333334,91.5,303,143,45,92,45,49,303
2024-11-24,186.42083333333335,122.34545454545454,972.25,33.84375,45.21,83.71428571428571,302,158,49,84,57,42,302
2024-11-25,175.42666666666668,129.9625,862.375,34.670833333333334,44.270833333333336,93.05,308,150,43,93,55,43,308
2024-11-26,185.89583333333334,115.85555555555555,870.0,33.62083333333333,31.954166666666666,107.95833333333333,286,157,44,112,40,42,286
2024-11-27,120.54166666666667,109.11818181818181,788.125,35.22083333333333,26.400000000000002,99.95833333333333,264,114,39,100,33,44,264
2024-11-28,58.55416666666667,56.64166666666667,661.2083333333334,21.45,13.983333333333334,97.54166666666667,94,59,33,98,17,27,98
2024-11-29,74.52916666666667,70.7625,855.0416666666666,31.429166666666664,23.537499999999998,81.25,136,75,43,81,29,39,136
2024-11-30,56.395833333333336,55.15833333333333,678.5,27.53333333333333,21.3625,74.70833333333333,92,56,34,75,27,34,92
2024-12-01,63.07916666666667,62.020833333333336,902.7368421052631,29.933333333333334,23.224999999999998,96.125,107,63,45,96,29,37,107
2024-12-02,108.8,104.1375,966.0833333333334,29.52916666666667,30.224999999999998,86.41666666666667,247,106,48,86,38,37,247
2024-12-03,126.85000000000001,119.17083333333333,1000.75,36.145833333333336,30.333333333333332,93.69565217391305,297,118,50,94,38,45,297
2024-12-04,167.39565217391305,113.82857142857142,953.9,34.78333333333333,37.87916666666667,91.5,279,145,48,92,47,43,279
2024-12-05,150.72083333333333,114.50666666666666,1103.6666666666667,40.958333333333336,47.42857142857143,82.38095238095238,282,134,55,82,59,51,282
2024-12-06,106.22500000000001,104.24166666666667,895.7083333333334,33.550000000000004,31.245833333333334,98.0,247,104,45,98,39,42,247
2024-12-07,108.55833333333334,106.82083333333333,802.6666666666666,25.8,28.42916666666667,109.77272727272727,256,106,40,114,36,32,256
2024-12-08,121.42083333333333,113.88181818181819,799.75,30.854166666666668,35.333333333333336,112.41666666666667,280,114,40,118,44,39,280
2024-12-09,126.29583333333333,123.8625,760.8333333333334,19.7625,24.1375,110.25,303,118,38,115,30,25,303
2024-12-10,129.4,127.81666666666666,706.0833333333334,19.004166666666666,33.0,94.71428571428571,306,120,35,95,41,24,306
2024-12-11,115.20416666666667,113.11666666666667,672.0416666666666,20.083333333333332,24.925,98.25,277,110,34,98,31,25,277
2024-12-12,136.35416666666666,119.39473684210526,718.4583333333334,24.541666666666668,31.875,107.33333333333333,298,124,36,111,40,31,298
2024-12-13,132.01666666666668,125.31363636363636,776.7916666666666,23.53333333333333,32.625,113.1304347826087,304,121,39,119,41,29,304
2024-12-14,119.08333333333333,116.64166666666667,728.2083333333334,20.445833333333333,28.754166666666666,114.54166666666667,289,113,36,121,36,26,289
2024-12-15,112.52499999999999,110.95833333333333,779.25,30.162499999999998,31.21666666666667,95.95833333333333,270,108,39,96,39,38,270
2024-12-16,133.8,112.31666666666666,1056.0,27.16875,40.31666666666667,75.33333333333333,274,123,53,75,50,34,274
2024-12-17,148.48749999999998,114.80625,1074.090909090909,37.685,43.48095238095238,87.95,283,132,54,88,54,47,283
2024-12-18,103.25833333333333,102.6375,931.1666666666666,23.837500000000002,37.333333333333336,102.85,242,102,47,104,47,30,242
2024-12-19,85.22500000000001,84.0125,815.5416666666666,32.2125,25.054166666666664,111.0,180,85,41,116,31,40,180
2024-12-20,99.3,98.62916666666666,918.3333333333334,32.479166666666664,26.962500000000002,102.79166666666667,229,99,46,104,34,41,229
2024-12-21,65.4875,64.87083333333334,1070.0,25.53333333333333,16.5,58.416666666666664,116,65,54,58,21,32,116
2024-12-22,78.45833333333333,77.80833333333334,687.9166666666666,21.454166666666666,16.900000000000002,94.04166666666667,159,78,34,94,21,27,159
2024-12-23,104.5125,102.91666666666667,694.5,19.779166666666665,24.337500000000002,111.25,243,103,35,117,30,25,243
2024-12-24,103.97916666666667,102.05833333333334,794.75,32.479166666666664,26.545833333333334,90.875,240,103,40,91,33,41,240
2024-12-25,121.50416666666666,109.56666666666668,1076.2083333333333,40.57083333333333,34.90416666666667,74.75,265,114,54,75,44,51,265
2024-12-26,103.1125,101.825,813.5416666666666,24.2,23.295833333333334,102.54166666666667,239,102,41,104,29,30,239
2024-12-27,110.00416666666666,108.75833333333333,895.5,28.554166666666664,25.84583333333333,101.79166666666667,263,107,45,103,32,36,263
2024-12-28,124.16666666666667,112.70952380952382,925.5,39.52916666666667,31.608333333333334,95.29166666666667,276,116,46,95,40,49,276
2024-12-29,156.16363636363636,107.8153846153846,1130.7083333333333,34.1625,42.8,74.47619047619048,259,137,57,74,53,43,259
2024-12-30,122.29583333333333,118.59130434782608,831.375,29.866666666666664,31.75833333333333,100.16666666666667,295,115,42,100,40,37,295
2024-12-31,94.2375,93.72083333333335,612.75,20.9875,25.912499999999998,91.29166666666667,212,94,31,91,32,26,212
2025-01-01,91.31666666666666,90.5625,770.9166666666666,17.8125,22.537499999999998,105.41666666666667,202,91,39,108,28,22,202
2025-01-02,107.07916666666667,105.03333333333335,833.4166666666666,20.45,26.008333333333336,105.95833333333333,250,105,42,109,33,26,250
2025-01-03,152.62083333333334,131.8764705882353,836.875,25.71666666666667,29.820833333333336,104.875,309,135,42,107,37,32,309
2025-01-04,147.26250000000002,133.47619047619048,836.4166666666666,31.941666666666666,27.275000000000002,87.68181818181819,310,132,42,88,34,40,310
2025-01-05,149.60416666666666,113.15,1061.6666666666667,30.48125,31.96666666666667,82.47826086956522,277,133,53,82,40,38,277
2025-01-06,135.68571428571428,108.72500000000001,1021.25,31.863636363636363,38.69583333333333,109.625,262,124,51,114,48,40,262
2025-01-07,126.5125,114.34285714285713,928.7916666666666,27.02916666666667,35.69166666666667,103.66666666666667,281,118,46,105,45,34,281
2025-01-08,100.0125,98.7625,792.5416666666666,19.683333333333334,21.34583333333333,107.875,229,100,40,112,27,25,229
2025-01-09,123.47083333333335,122.65416666666665,800.875,25.441666666666666,28.27916666666667,101.58333333333333,302,116,40,102,35,32,302
2025-01-10,155.00416666666666,117.95333333333333,939.875,33.50454545454546,38.32083333333333,99.91666666666667,293,137,47,100,48,42,293
2025-01-11,135.62916666666666,125.80000000000001,955.2916666666666,35.358333333333334,26.962500000000002,95.4090909090909,304,124,48,95,34,44,304
2025-01-12,146.15833333333333,119.96875,1118.9166666666667,36.19583333333333,35.15416666666667,92.5,300,131,56,92,44,45,300
2025-01-13,148.63333333333333,107.5625,1208.7083333333333,32.575,47.49375,71.66666666666667,259,132,60,72,59,41,259
2025-01-14,133.6875,125.74545454545455,793.9583333333334,25.90416666666667,28.354166666666668,104.04166666666667,304,122,40,106,35,32,304
2025-01-15,108.61666666666667,107.02916666666665,723.0416666666666,22.754166666666666,23.854166666666668,93.375,257,106,36,93,30,28,257
2025-01-16,100.4875,99.47916666666667,739.0,26.958333333333332,23.5,100.29166666666667,232,100,37,100,29,34,232
2025-01-17,104.47916666666667,103.73333333333333,836.9583333333334,27.7375,27.0,101.54166666666667,246,103,42,102,34,35,246
2025-01-18,125.30833333333334,106.37894736842105,929.0833333333334,32.0625,34.104166666666664,99.0,255,117,46,99,43,40,255
2025-01-19,121.95833333333333,99.58421052631579,832.3181818181819,35.481818181818184,39.08695652173913,88.16666666666667,232,115,42,88,49,44,232
2025-01-20,136.85416666666666,100.1375,942.9090909090909,40.125,44.24583333333334,90.95833333333333,234,125,47,91,55,50,234
2025-01-21,173.70833333333334,102.01818181818182,1005.375,44.1625,52.512499999999996,84.81818181818181,240,149,50,85,66,55,240
2025-01-22,183.0173913043478,109.08,1044.4,41.12222222222223,50.949999999999996,62.1578947368421,264,155,52,62,64,51,264
2025-01-23,187.55555555555554,125.5875,1003.8333333333334,33.69583333333333,42.025,79.77777777777777,304,158,50,80,53,42,304
2025-01-24,201.80769230769232,167.35,939.4583333333334,34.74583333333333,45.464999999999996,76.82352941176471,336,168,47,77,57,43,336
2025-01-25,206.54166666666666,161.2875,872.125,27.46666666666667,31.72083333333333,82.73684210526316,332,171,44,83,40,34,332
2025-01-26,117.75416666666666,109.81818181818181,848.0909090909091,34.53333333333334,33.59166666666667,94.83333333333333,266,112,42,95,42,43,266
2025-01-27,133.61666666666667,112.83888888888889,820.125,39.24166666666667,44.75416666666666,70.5,276,122,41,70,56,49,276
2025-01-28,136.42916666666667,125.67619047619048,943.4166666666666,26.070833333333336,45.79583333333333,94.89473684210526,304,124,47,95,57,33,304
2025-01-29,108.84166666666665,107.34583333333335,674.0833333333334,13.829166666666666,21.325,104.70833333333333,258,106,34,107,27,17,258
2025-01-30,62.675000000000004,61.416666666666664,445.2083333333333,6.545833333333333,11.170833333333334,111.54166666666667,105,63,22,117,14,8,117
2025-01-31,54.8375,53.37916666666666,511.1666666666667,9.783333333333333,13.291666666666666,93.33333333333333,89,55,26,93,17,12,93
