date,pm10 (μg/m³),pm2_5 (μg/m³),carbon_monoxide (μg/m³),nitrogen_dioxide (μg/m³),sulphur_dioxide (μg/m³),ozone (μg/m³),pm2_5 (μg/m³)_subindex,pm10 (μg/m³)_subindex,carbon_monoxide (μg/m³)_subindex,ozone (μg/m³)_subindex,sulphur_dioxide (μg/m³)_subindex,nitrogen_dioxide (μg/m³)_subindex,AQI
2022-09-01,16.891666666666666,11.266666666666666,260.5,13.979166666666666,24.337500000000002,27.375,19.0,17.0,13,27,30.0,17,30.0
2022-09-02,23.895833333333332,14.85,216.25,15.179166666666667,17.625,49.5,25.0,24.0,11,50,22.0,19,50.0
2022-09-03,45.875,29.6875,267.1666666666667,21.3125,23.781818181818185,82.45833333333333,49.0,46.0,13,82,30.0,27,82.0
2022-09-04,42.74583333333334,28.1875,294.5416666666667,21.429166666666664,20.115384615384617,92.95833333333333,47.0,43.0,15,93,25.0,27,93.0
2022-09-05,37.7875,24.8125,272.9166666666667,21.508695652173913,24.958333333333332,86.91666666666667,41.0,38.0,14,87,31.0,27,87.0
2022-09-06,43.362500000000004,28.766666666666666,304.5,21.931578947368422,25.308333333333334,85.625,48.0,43.0,15,86,32.0,27,86.0
2022-09-07,45.012499999999996,31.34166666666667,367.6111111111111,21.52,27.6,56.375,52.0,45.0,18,56,35.0,27,56.0
2022-09-08,32.13333333333333,22.349999999999998,308.5,23.428571428571427,28.255555555555556,33.541666666666664,37.0,32.0,15,34,35.0,29,37.0
2022-09-09,36.170833333333334,24.945833333333336,359.0833333333333,24.880000000000003,27.360000000000003,50.583333333333336,42.0,36.0,18,51,34.0,31,51.0
2022-09-10,31.8125,21.508333333333336,329.5833333333333,18.5,25.59583333333333,43.416666666666664,36.0,32.0,16,43,32.0,23,43.0
2022-09-11,32.15,21.045833333333334,304.82608695652175,19.92142857142857,24.11818181818182,42.791666666666664,35.0,32.0,15,43,30.0,25,43.0
2022-09-12,37.2125,23.729166666666668,271.0833333333333,21.50526315789474,22.914285714285715,61.541666666666664,40.0,37.0,14,62,29.0,27,62.0
2022-09-13,38.05416666666667,23.758333333333336,244.08333333333334,19.0,22.63157894736842,77.125,40.0,38.0,12,77,28.0,24,77.0
2022-09-14,43.72083333333333,27.912499999999998,285.0416666666667,20.105555555555554,26.93076923076923,72.58333333333333,47.0,44.0,14,73,34.0,25,73.0
2022-09-15,56.40833333333333,36.375,335.10526315789474,25.150000000000002,30.766666666666666,76.95833333333333,61.0,56.0,17,77,38.0,31,77.0
2022-09-16,60.625,39.50416666666667,323.5,20.94375,28.2,93.33333333333333,66.0,61.0,16,93,35.0,26,93.0
2022-09-17,60.5875,39.87916666666667,335.25,23.673333333333336,29.266666666666666,82.66666666666667,66.0,61.0,17,83,37.0,30,83.0
2022-09-18,51.199999999999996,34.0,315.7916666666667,20.01875,28.95,78.70833333333333,57.0,51.0,16,79,36.0,25,79.0
2022-09-19,46.020833333333336,30.233333333333334,325.35,20.40909090909091,28.718181818181815,48.25,50.0,46.0,16,48,36.0,26,50.0
2022-09-20,49.07083333333333,31.020833333333332,268.64285714285717,20.707142857142856,28.738888888888887,53.75,52.0,49.0,13,54,36.0,26,54.0
2022-09-21,39.579166666666666,24.483333333333334,304.7083333333333,19.4,24.07,79.04166666666667,41.0,40.0,15,79,30.0,24,79.0
2022-09-22,50.19166666666666,31.5125,343.5,19.14,28.978947368421053,83.41666666666667,53.0,50.0,17,83,36.0,24,83.0
2022-09-23,44.75,28.329166666666666,322.54545454545456,21.275000000000002,26.294999999999998,88.79166666666667,47.0,45.0,16,89,33.0,27,89.0
2022-09-24,30.583333333333332,19.208333333333332,251.91666666666666,17.08235294117647,19.945454545454545,65.125,32.0,31.0,13,65,25.0,21,65.0
2022-09-25,40.0375,25.7625,316.6666666666667,19.86470588235294,24.226666666666667,87.875,43.0,40.0,16,88,30.0,25,88.0
2022-09-26,36.074999999999996,24.054166666666664,270.125,20.2875,29.366666666666664,80.5,40.0,36.0,14,80,37.0,25,80.0
2022-09-27,38.99583333333333,25.3,253.75,18.531578947368423,27.0,101.58333333333333,42.0,39.0,13,102,34.0,23,102.0
2022-09-28,43.45416666666667,29.504166666666666,331.5652173913044,20.45,27.1,100.54166666666667,49.0,43.0,17,101,34.0,26,101.0
2022-09-29,46.76666666666667,31.962500000000002,346.2,24.008333333333336,28.099999999999998,86.375,53.0,47.0,17,86,35.0,30,86.0
2022-09-30,33.324999999999996,23.0625,335.3157894736842,19.033333333333335,27.154545454545453,36.625,38.0,33.0,17,37,34.0,24,38.0
2022-10-01,28.741666666666664,20.070833333333333,314.5263157894737,20.90909090909091,25.8,39.708333333333336,33.0,29.0,16,40,32.0,26,40.0
2022-10-02,40.99583333333333,28.425,328.875,22.977777777777778,25.525000000000002,47.25,47.0,41.0,16,47,32.0,29,47.0
2022-10-03,57.17619047619048,37.26315789473684,321.9230769230769,22.185714285714287,29.861538461538462,44.666666666666664,62.0,57.0,16,45,37.0,28,62.0
2022-10-04,60.6,41.275,351.6923076923077,26.575,32.01666666666667,41.333333333333336,69.0,61.0,18,41,40.0,33,69.0
2022-10-05,59.09583333333333,40.645833333333336,366.6666666666667,17.46,23.6375,49.375,68.0,59.0,18,49,30.0,22,68.0
2022-10-06,45.40416666666667,31.42916666666667,356.8333333333333,21.333333333333332,25.65,69.95833333333333,52.0,45.0,18,70,32.0,27,70.0
2022-10-07,46.13333333333333,30.787499999999998,365.42857142857144,20.486666666666668,27.326666666666664,80.66666666666667,51.0,46.0,18,81,34.0,26,81.0
2022-10-08,53.541666666666664,35.30833333333333,389.3181818181818,25.805555555555557,22.664285714285715,86.29166666666667,59.0,54.0,19,86,28.0,32,86.0
2022-10-09,22.462500000000002,14.791666666666666,235.91666666666666,13.004545454545456,18.2,50.791666666666664,25.0,22.0,12,51,23.0,16,51.0
2022-10-10,23.349999999999998,15.049999999999999,271.5416666666667,16.94,14.44375,57.0,25.0,23.0,14,57,18.0,21,57.0
2022-10-11,21.616666666666664,13.216666666666667,222.29166666666666,11.995833333333332,15.245833333333332,50.458333333333336,22.0,22.0,11,50,19.0,15,50.0
2022-10-12,34.49583333333333,21.400000000000002,269.54545454545456,21.208333333333332,22.073684210526313,75.16666666666667,36.0,34.0,13,75,28.0,27,75.0
2022-10-13,29.866666666666664,19.604166666666668,308.7916666666667,19.3875,21.821428571428573,81.45833333333333,33.0,30.0,15,81,27.0,24,81.0
2022-10-14,24.22083333333333,15.9625,288.2083333333333,17.44375,18.857142857142858,65.33333333333333,27.0,24.0,14,65,24.0,22,65.0
2022-10-15,23.087500000000002,14.858333333333334,264.40909090909093,19.908333333333335,19.11764705882353,70.5,25.0,23.0,13,70,24.0,25,70.0
2022-10-16,17.1875,10.85,224.45833333333334,14.608333333333334,17.60952380952381,50.0,18.0,17.0,11,50,22.0,18,50.0
2022-10-17,19.020833333333332,12.404166666666667,196.83333333333334,16.575,26.886666666666667,43.25,21.0,19.0,10,43,34.0,21,43.0
2022-10-18,27.045833333333334,17.658333333333335,252.79166666666666,19.25,29.71111111111111,42.583333333333336,29.0,27.0,13,43,37.0,24,43.0
2022-10-19,28.329166666666666,17.945833333333333,280.0416666666667,12.291666666666666,20.875,110.66666666666667,30.0,28.0,14,116,26.0,15,116.0
2022-10-20,22.083333333333332,12.924999999999999,230.16666666666666,9.833333333333334,17.8,72.58333333333333,22.0,22.0,12,73,22.0,12,73.0
2022-10-21,35.75,21.158333333333335,268.75,9.266666666666667,15.276190476190477,104.5,35.0,36.0,13,107,19.0,12,107.0
2022-10-22,55.81666666666666,32.67916666666667,383.9583333333333,15.091666666666667,17.533333333333335,134.04166666666666,54.0,56.0,19,150,22.0,19,150.0
2022-10-23,45.35,30.495833333333334,386.44444444444446,17.792307692307695,25.0,121.70833333333333,51.0,45.0,19,132,31.0,22,132.0
2022-10-24,54.44583333333333,37.458333333333336,323.42857142857144,21.733333333333334,28.7,103.33333333333333,62.0,54.0,16,105,36.0,27,105.0
2022-10-25,65.75263157894737,43.642105263157895,421.44444444444446,26.0,29.060000000000002,114.66666666666667,73.0,66.0,21,122,36.0,32,122.0
2022-10-26,43.09166666666667,27.258333333333336,326.2083333333333,21.962500000000002,17.5,115.83333333333333,45.0,43.0,16,123,22.0,27,123.0
2022-10-27,31.912499999999998,18.670833333333334,257.4583333333333,15.804166666666667,10.233333333333333,89.79166666666667,31.0,32.0,13,90,13.0,20,90.0
2022-10-28,32.362500000000004,18.425,241.625,13.854166666666666,10.725,82.08333333333333,31.0,32.0,12,82,13.0,17,82.0
2022-10-29,54.725,30.245833333333334,270.5,17.179166666666667,14.041666666666666,112.83333333333333,50.0,55.0,14,119,18.0,21,119.0
2022-10-30,74.02499999999999,42.62083333333333,295.1666666666667,13.520833333333334,13.220833333333333,132.625,71.0,74.0,15,148,17.0,17,148.0
2022-10-31,52.35833333333333,32.00416666666667,289.4166666666667,14.733333333333334,10.325,110.08333333333333,53.0,52.0,14,115,13.0,18,115.0
2022-11-01,24.912499999999998,16.099999999999998,268.8333333333333,16.049999999999997,9.545833333333333,63.541666666666664,27.0,25.0,13,64,12.0,20,64.0
2022-11-02,18.995833333333334,11.745833333333332,259.4583333333333,14.508333333333333,8.654166666666667,67.95833333333333,20.0,19.0,13,68,11.0,18,68.0
2022-11-03,21.008333333333333,12.658333333333333,290.5,14.174999999999999,11.520833333333334,62.916666666666664,21.0,21.0,15,63,14.0,18,63.0
2022-11-04,23.516666666666666,14.154166666666667,324.625,12.6,12.854166666666666,52.75,24.0,24.0,16,53,16.0,16,53.0
2022-11-05,41.637499999999996,23.71666666666667,332.6666666666667,15.145833333333334,12.079166666666666,85.41666666666667,40.0,42.0,17,85,15.0,19,85.0
2022-11-06,51.625,28.875,321.0,16.5,10.504166666666666,101.58333333333333,48.0,52.0,16,102,13.0,21,102.0
2022-11-07,46.4125,26.462500000000002,307.25,15.116666666666667,9.229166666666666,99.04166666666667,44.0,46.0,15,99,12.0,19,99.0
2022-11-08,39.6,22.9375,282.5416666666667,14.366666666666667,9.041666666666666,81.20833333333333,38.0,40.0,14,81,11.0,18,81.0
2022-11-09,31.670833333333334,18.358333333333334,260.0,13.116666666666667,8.775,79.54166666666667,31.0,32.0,13,80,11.0,16,80.0
2022-11-10,39.612500000000004,22.15833333333333,226.16666666666666,9.866666666666667,7.358333333333333,91.75,37.0,40.0,11,92,9.0,12,92.0
2022-11-11,37.020833333333336,20.770833333333332,231.75,13.204166666666666,6.366666666666667,92.91666666666667,35.0,37.0,12,93,8.0,17,93.0
2022-11-12,17.333333333333332,10.195833333333333,215.91666666666666,10.733333333333334,8.275,54.166666666666664,17.0,17.0,11,54,10.0,13,54.0
2022-11-13,22.133333333333336,13.429166666666667,285.5416666666667,13.575000000000001,9.970833333333333,69.75,22.0,22.0,14,70,12.0,17,70.0
2022-11-14,69.1625,44.22380952380953,376.40909090909093,16.775000000000002,13.3125,103.45833333333333,74.0,69.0,19,105,17.0,21,105.0
2022-11-15,73.89999999999999,44.87083333333334,390.1666666666667,18.420833333333334,17.325,110.83333333333333,75.0,74.0,20,116,22.0,23,116.0
2022-11-16,80.80416666666666,48.925000000000004,365.75,20.777272727272727,19.962500000000002,118.79166666666667,82.0,81.0,18,128,25.0,26,128.0
2022-11-17,76.00625,47.93125,392.1363636363636,16.429411764705883,24.245833333333334,144.2,80.0,76.0,20,165,30.0,21,165.0
2022-11-18,76.64285714285714,45.354166666666664,360.375,14.273684210526316,18.8875,137.54166666666666,76.0,77.0,18,155,24.0,18,155.0
2022-11-19,71.69583333333334,41.44583333333333,356.2083333333333,16.476190476190474,17.733333333333334,136.5,69.0,72.0,18,154,22.0,21,154.0
2022-11-20,62.07083333333333,41.475,304.1666666666667,16.95,21.870833333333334,120.08333333333333,69.0,62.0,15,130,27.0,21,130.0
2022-11-21,51.96666666666667,35.641666666666666,309.3333333333333,18.525,21.8625,92.875,59.0,52.0,15,93,27.0,23,93.0
2022-11-22,41.637499999999996,27.2375,316.2916666666667,18.027272727272727,18.616666666666667,82.08333333333333,45.0,42.0,16,82,23.0,23,82.0
2022-11-23,46.65416666666667,29.90833333333333,315.8333333333333,18.6375,19.428571428571427,93.5,50.0,47.0,16,94,24.0,23,94.0
2022-11-24,40.358333333333334,26.141666666666666,286.7083333333333,16.912499999999998,28.01111111111111,77.29166666666667,44.0,40.0,14,77,35.0,21,77.0
2022-11-25,28.53333333333333,18.029166666666665,220.54166666666666,11.033333333333333,25.053333333333335,50.916666666666664,30.0,29.0,11,51,31.0,14,51.0
2022-11-26,49.479166666666664,31.379166666666666,322.2857142857143,14.470833333333333,17.286956521739132,87.16666666666667,52.0,49.0,16,87,22.0,18,87.0
2022-11-27,64.02666666666667,41.233333333333334,433.0,23.83157894736842,24.430769230769233,106.54166666666667,69.0,64.0,22,110,31.0,30,110.0
2022-11-28,78.9,47.771428571428565,419.75,24.455000000000002,21.594736842105263,126.33333333333333,80.0,79.0,21,139,27.0,31,139.0
2022-11-29,70.06666666666666,40.97083333333333,366.5833333333333,21.10952380952381,17.216666666666665,126.625,68.0,70.0,18,139,22.0,26,139.0
2022-11-30,66.90625,41.71052631578947,338.9583333333333,16.775000000000002,11.654166666666667,107.70833333333333,70.0,67.0,17,111,15.0,21,111.0
2022-12-01,41.6,24.433333333333334,324.25,15.379166666666668,11.575000000000001,81.04166666666667,41.0,42.0,16,81,14.0,19,81.0
2022-12-02,20.545833333333334,12.354166666666666,230.41666666666666,11.225,11.604166666666666,47.958333333333336,21.0,21.0,12,48,15.0,14,48.0
2022-12-03,42.28333333333333,24.2,327.0,13.508333333333333,10.383333333333333,94.625,40.0,42.0,16,95,13.0,17,95.0
2022-12-04,78.63,49.19285714285714,402.6521739130435,15.958333333333334,13.166666666666666,123.625,82.0,79.0,20,135,16.0,20,135.0
2022-12-05,,,421.3333333333333,18.0,17.445833333333333,132.70833333333334,,,21,148,22.0,22,148.0
2022-12-06,,,438.85714285714283,14.950000000000001,21.129166666666666,151.0,,,22,175,26.0,19,175.0
2022-12-07,,,433.1111111111111,13.233333333333334,26.513636363636362,167.5,,,22,199,33.0,17,199.0
2022-12-08,68.16956521739131,42.545833333333334,336.625,11.4625,18.216666666666665,121.29166666666667,71.0,68.0,17,131,23.0,14,131.0
2022-12-09,41.15833333333333,23.84583333333333,268.125,12.304166666666667,7.579166666666667,90.70833333333333,40.0,41.0,13,91,9.0,15,91.0
2022-12-10,31.404166666666665,19.408333333333335,362.04761904761904,19.608333333333334,15.320833333333333,87.91666666666667,32.0,31.0,18,88,19.0,25,88.0
2022-12-11,37.6125,23.27916666666667,315.1666666666667,17.925,12.729166666666666,83.125,39.0,38.0,16,83,16.0,22,83.0
2022-12-12,30.8625,19.095833333333335,268.9583333333333,15.770833333333334,9.741666666666667,64.08333333333333,32.0,31.0,13,64,12.0,20,64.0
2022-12-13,12.783333333333333,7.8625,124.54166666666667,4.895833333333333,5.487500000000001,41.458333333333336,13.0,13.0,6,41,7.0,6,41.0
2022-12-14,1.0458333333333334,0.7416666666666667,59.208333333333336,0.0,0.7208333333333333,27.25,1.0,1.0,3,27,1.0,0,27.0
2022-12-15,1.0416666666666667,0.7374999999999999,62.541666666666664,0.0,0.24583333333333335,33.916666666666664,1.0,1.0,3,34,0.0,0,34.0
2022-12-16,66.66250000000001,39.204166666666666,368.04545454545456,17.983333333333334,16.6375,98.625,65.0,67.0,18,99,21.0,22,99.0
2022-12-17,72.17916666666666,41.449999999999996,351.3333333333333,16.433333333333334,17.704166666666666,112.16666666666667,69.0,72.0,18,118,22.0,21,118.0
2022-12-18,60.48333333333333,33.40416666666667,276.8333333333333,12.775,12.495833333333332,114.79166666666667,56.0,60.0,14,122,16.0,16,122.0
2022-12-19,60.82083333333333,36.11666666666667,293.6666666666667,15.354166666666666,9.491666666666667,96.25,60.0,61.0,15,96,12.0,19,96.0
2022-12-20,67.52499999999999,40.87916666666667,348.625,15.4125,9.924999999999999,100.54166666666667,68.0,68.0,17,101,12.0,19,101.0
2022-12-21,61.0625,37.020833333333336,319.0416666666667,13.070833333333333,8.875,98.33333333333333,62.0,61.0,16,98,11.0,16,98.0
2022-12-22,79.91764705882352,48.84583333333333,331.4583333333333,14.420833333333334,13.362499999999999,126.25,81.0,80.0,17,139,17.0,18,139.0
2022-12-23,80.03333333333335,49.36,416.4736842105263,12.091666666666667,13.333333333333334,132.75,82.0,80.0,21,148,17.0,15,148.0
2022-12-24,41.523529411764706,24.78235294117647,280.625,6.9125000000000005,12.958333333333334,91.08333333333333,41.0,42.0,14,91,16.0,9,91.0
2022-12-25,24.366666666666664,13.875,217.83333333333334,9.258333333333333,11.51,63.0,23.0,24.0,11,63,14.0,12,63.0
2022-12-26,31.233333333333334,18.008333333333333,230.125,12.133333333333333,19.98,67.58333333333333,30.0,31.0,12,68,25.0,15,68.0
2022-12-27,29.53333333333333,18.354166666666668,253.66666666666666,13.245833333333332,17.745833333333334,62.625,31.0,30.0,13,63,22.0,17,63.0
2022-12-28,34.141666666666666,21.65416666666667,295.09090909090907,17.554166666666667,22.79090909090909,64.45833333333333,36.0,34.0,15,64,28.0,22,64.0
2022-12-29,44.05416666666667,28.508333333333336,393.625,25.775,26.96,66.54166666666667,48.0,44.0,20,67,34.0,32,67.0
2022-12-30,32.541666666666664,21.116666666666667,395.7142857142857,25.166666666666668,24.8,70.95833333333333,35.0,33.0,20,71,31.0,31,71.0
2022-12-31,54.45416666666667,36.229166666666664,412.57142857142856,27.05,,81.83333333333333,60.0,54.0,21,82,,34,82.0
2023-01-01,50.166666666666664,32.291666666666664,387.6470588235294,20.672222222222224,21.042857142857144,87.20833333333333,54.0,50.0,19,87,26.0,26,87.0
2023-01-02,47.725,28.808333333333334,347.2,17.0,20.241666666666667,79.29166666666667,48.0,48.0,17,79,25.0,21,79.0
2023-01-03,67.04166666666667,40.208333333333336,340.75,17.525000000000002,15.443478260869565,93.45833333333333,67.0,67.0,17,93,19.0,22,93.0
2023-01-04,63.95416666666667,37.395833333333336,341.7916666666667,17.325,12.145833333333334,100.5,62.0,64.0,17,101,15.0,22,101.0
2023-01-05,79.86666666666666,50.025,355.875,14.845833333333333,9.791666666666666,111.25,83.0,80.0,18,117,12.0,19,117.0
2023-01-06,68.9375,41.483333333333334,316.0,13.941666666666668,8.612499999999999,99.5,69.0,69.0,16,100,11.0,17,100.0
2023-01-07,72.21428571428571,44.6,371.7692307692308,16.729166666666668,13.108333333333334,116.33333333333333,74.0,72.0,19,124,16.0,21,124.0
2023-01-08,63.16153846153846,37.92142857142857,384.27777777777777,17.166666666666668,16.770833333333332,117.16666666666667,63.0,63.0,19,125,21.0,21,125.0
2023-01-09,54.69166666666666,31.133333333333336,319.3333333333333,17.75,15.416666666666666,108.875,52.0,55.0,16,113,19.0,22,113.0
2023-01-10,59.875,34.791666666666664,354.625,12.908333333333333,19.345833333333335,117.625,58.0,60.0,18,126,24.0,16,126.0
2023-01-11,63.387499999999996,37.333333333333336,380.6666666666667,13.875,25.74375,117.875,62.0,63.0,19,126,32.0,17,126.0
2023-01-12,58.70416666666667,35.71666666666667,357.0416666666667,18.150000000000002,25.114285714285717,100.29166666666667,60.0,59.0,18,100,31.0,23,100.0
2023-01-13,44.20416666666667,28.03333333333333,278.75,16.858333333333334,28.95,78.70833333333333,47.0,44.0,14,79,36.0,21,79.0
2023-01-14,38.891666666666666,24.816666666666666,240.04166666666666,15.950000000000001,29.585714285714285,74.29166666666667,41.0,39.0,12,74,37.0,20,74.0
2023-01-15,39.93333333333333,25.650000000000002,299.2,17.820833333333333,22.525000000000002,67.25,43.0,40.0,15,67,28.0,22,67.0
2023-01-16,43.050000000000004,26.729166666666668,228.33333333333334,15.0625,26.142857142857142,78.16666666666667,45.0,43.0,11,78,33.0,19,78.0
2023-01-17,49.72083333333333,30.5625,242.5,15.145833333333334,26.942857142857143,84.79166666666667,51.0,50.0,12,85,34.0,19,85.0
2023-01-18,63.387499999999996,39.00416666666667,322.47058823529414,16.912499999999998,17.141666666666666,90.29166666666667,65.0,63.0,16,90,21.0,21,90.0
2023-01-19,65.6086956521739,40.31739130434782,328.94736842105266,17.541666666666668,14.469565217391304,94.45833333333333,67.0,66.0,16,94,18.0,22,94.0
2023-01-20,72.13157894736842,44.5,333.375,16.283333333333335,11.15,95.375,74.0,72.0,17,95,14.0,20,95.0
2023-01-21,65.82916666666667,40.50416666666667,306.5,14.304166666666667,8.879166666666666,100.79166666666667,68.0,66.0,15,101,11.0,18,101.0
2023-01-22,78.3625,48.800000000000004,390.94444444444446,17.345833333333335,13.220833333333333,106.91666666666667,81.0,78.0,20,110,17.0,22,110.0
2023-01-23,45.229166666666664,27.383333333333336,228.0,14.733333333333334,9.270833333333334,82.20833333333333,46.0,45.0,11,82,12.0,18,82.0
2023-01-24,48.42083333333333,28.641666666666666,235.04166666666666,14.883333333333333,10.129166666666666,91.125,48.0,48.0,12,91,13.0,19,91.0
2023-01-25,72.19166666666666,44.270833333333336,317.5263157894737,16.900000000000002,14.362499999999999,98.95833333333333,74.0,72.0,16,99,18.0,21,99.0
2023-01-26,64.82916666666667,40.57083333333333,317.1304347826087,16.691666666666666,12.2875,93.70833333333333,68.0,65.0,16,94,15.0,21,94.0
2023-01-27,40.02916666666667,24.979166666666668,306.25,14.2125,11.950000000000001,81.29166666666667,42.0,40.0,15,81,15.0,18,81.0
2023-01-28,70.14583333333333,42.204166666666666,340.3478260869565,16.55,12.541666666666666,107.58333333333333,70.0,70.0,17,111,16.0,21,111.0
2023-01-29,69.22500000000001,41.86666666666667,365.45454545454544,14.995833333333332,10.179166666666667,100.0,70.0,69.0,18,100,13.0,19,100.0
2023-01-30,59.362500000000004,36.229166666666664,366.0,12.891666666666666,8.025,100.04166666666667,60.0,59.0,18,100,10.0,16,100.0
2023-01-31,49.57083333333333,29.995833333333334,343.625,8.1625,12.790909090909093,104.58333333333333,50.0,50.0,17,107,16.0,10,107.0
2023-02-01,50.574999999999996,30.445833333333336,349.9166666666667,5.366666666666667,10.091666666666667,109.08333333333333,51.0,51.0,17,113,13.0,7,113.0
2023-02-02,71.925,42.329166666666666,334.7916666666667,10.183333333333334,9.595833333333333,123.375,71.0,72.0,17,134,12.0,13,134.0
2023-02-03,63.57083333333333,37.520833333333336,293.8333333333333,11.741666666666667,8.8125,106.58333333333333,63.0,64.0,15,110,11.0,15,110.0
2023-02-04,63.12916666666666,36.737500000000004,340.0416666666667,18.166666666666668,16.341666666666665,114.83333333333333,61.0,63.0,17,122,20.0,23,122.0
2023-02-05,60.40833333333333,36.30416666666667,292.625,14.091666666666667,26.35,109.20833333333333,61.0,60.0,15,114,33.0,18,114.0
2023-02-06,55.87916666666666,33.8625,285.3333333333333,14.75,26.88888888888889,108.375,56.0,56.0,14,112,34.0,18,112.0
2023-02-07,46.770833333333336,29.09583333333333,340.625,19.6875,22.288888888888888,95.375,48.0,47.0,17,95,28.0,25,95.0
2023-02-08,42.604166666666664,26.775000000000002,293.88235294117646,17.404166666666665,23.183333333333334,82.25,45.0,43.0,15,82,29.0,22,82.0
2023-02-09,46.59166666666667,29.729166666666668,329.6923076923077,19.844444444444445,22.86,79.125,50.0,47.0,16,79,29.0,25,79.0
2023-02-10,61.01666666666667,40.0625,374.2,25.75625,24.46923076923077,85.54166666666667,67.0,61.0,19,86,31.0,32,86.0
2023-02-11,70.09583333333333,46.09166666666667,383.5,24.514285714285712,29.87142857142857,106.5,77.0,70.0,19,110,37.0,31,110.0
2023-02-12,75.75,48.854166666666664,348.7,17.983333333333334,26.585714285714285,107.95652173913044,81.0,76.0,17,112,33.0,22,112.0
2023-02-13,58.404545454545456,34.87619047619047,315.0769230769231,22.65,21.608333333333334,97.29166666666667,58.0,58.0,16,97,27.0,28,97.0
2023-02-14,53.770833333333336,32.9,398.29411764705884,23.416666666666668,24.718181818181815,96.41666666666667,55.0,54.0,20,96,31.0,29,96.0
2023-02-15,70.79166666666667,45.439130434782605,359.54545454545456,23.472727272727273,25.35,107.86363636363636,76.0,71.0,18,112,32.0,29,112.0
2023-02-16,69.89500000000001,42.921052631578945,264.54545454545456,19.81578947368421,21.725,98.04166666666667,72.0,70.0,13,98,27.0,25,98.0
2023-02-17,46.36190476190476,27.923809523809524,318.45,18.515,17.205000000000002,85.83333333333333,47.0,46.0,16,86,22.0,23,86.0
2023-02-18,31.583333333333332,19.8,260.7368421052632,16.904761904761905,15.94090909090909,57.958333333333336,33.0,32.0,13,58,20.0,21,58.0
2023-02-19,28.6875,18.2,191.83333333333334,13.5375,25.48888888888889,52.25,30.0,29.0,10,52,32.0,17,52.0
2023-02-20,29.09166666666667,19.041666666666668,212.5,15.216666666666667,29.34444444444445,62.083333333333336,32.0,29.0,11,62,37.0,19,62.0
2023-02-21,37.233333333333334,24.575,239.70833333333334,17.717391304347824,28.685714285714287,61.583333333333336,41.0,37.0,12,62,36.0,22,62.0
2023-02-22,52.22083333333333,33.80833333333333,338.5263157894737,19.026315789473685,17.83888888888889,78.79166666666667,56.0,52.0,17,79,22.0,24,79.0
2023-02-23,42.775,27.0125,337.625,17.545833333333334,19.258333333333333,74.33333333333333,45.0,43.0,17,74,24.0,22,74.0
2023-02-24,31.645833333333332,20.383333333333333,318.69565217391306,16.804166666666667,20.095833333333335,65.875,34.0,32.0,16,66,25.0,21,66.0
2023-02-25,39.22083333333333,25.879166666666666,277.6,21.563157894736843,22.166666666666668,70.125,43.0,39.0,14,70,28.0,27,70.0
2023-02-26,45.14166666666667,28.662499999999998,257.0,14.944999999999999,18.47222222222222,79.41666666666667,48.0,45.0,13,79,23.0,19,79.0
2023-02-27,42.15416666666667,26.754166666666666,313.8095238095238,18.045454545454547,13.86470588235294,89.625,45.0,42.0,16,90,17.0,23,90.0
2023-02-28,51.74166666666667,31.7375,303.5416666666667,14.241666666666667,10.216666666666667,90.5,53.0,52.0,15,90,13.0,18,90.0
2023-03-01,49.112500000000004,30.058333333333334,310.6666666666667,14.283333333333333,10.525,95.5,50.0,49.0,16,96,13.0,18,96.0
2023-03-02,49.99583333333334,30.008333333333336,321.94736842105266,17.345833333333335,17.579166666666666,107.04166666666667,50.0,50.0,16,110,22.0,22,110.0
2023-03-03,51.55416666666667,31.145833333333332,337.9166666666667,16.916666666666668,16.258333333333333,98.5,52.0,52.0,17,98,20.0,21,98.0
2023-03-04,50.65833333333333,31.0,331.0416666666667,15.716666666666667,16.412499999999998,89.70833333333333,52.0,51.0,17,90,21.0,20,90.0
2023-03-05,51.512499999999996,31.566666666666666,335.0833333333333,16.787499999999998,16.925,92.54166666666667,53.0,52.0,17,93,21.0,21,93.0
2023-03-06,45.479166666666664,27.55,353.5652173913044,17.008333333333333,19.678260869565218,92.79166666666667,46.0,45.0,18,93,25.0,21,93.0
2023-03-07,43.67916666666667,25.7,304.04545454545456,17.4875,15.91904761904762,89.95833333333333,43.0,44.0,15,90,20.0,22,90.0
2023-03-08,35.4,20.858333333333334,246.29166666666666,11.737499999999999,22.008333333333336,82.83333333333333,35.0,35.0,12,83,28.0,15,83.0
2023-03-09,44.333333333333336,26.804166666666664,232.29166666666666,10.320833333333333,20.587500000000002,85.58333333333333,45.0,44.0,12,86,26.0,13,86.0
2023-03-10,47.833333333333336,29.316666666666666,227.0,10.508333333333333,21.870833333333334,93.79166666666667,49.0,48.0,11,94,27.0,13,94.0
2023-03-11,51.23333333333333,31.566666666666666,311.4166666666667,14.158333333333333,13.741666666666667,83.79166666666667,53.0,51.0,16,84,17.0,18,84.0
2023-03-12,46.05833333333334,28.162499999999998,329.9166666666667,13.716666666666667,13.320833333333333,85.54166666666667,47.0,46.0,16,86,17.0,17,86.0
2023-03-13,48.5625,28.7375,384.0,17.845833333333335,18.2,97.70833333333333,48.0,49.0,19,98,23.0,22,98.0
2023-03-14,48.12916666666666,28.066666666666666,385.60869565217394,18.275000000000002,18.520833333333332,103.04166666666667,47.0,48.0,19,104,23.0,23,104.0
2023-03-15,52.2125,31.900000000000002,372.25,14.145833333333334,14.320833333333333,82.5,53.0,52.0,19,82,18.0,18,82.0
2023-03-16,40.4,25.175,310.9583333333333,11.6875,12.329166666666666,61.75,42.0,40.0,16,62,15.0,15,62.0
2023-03-17,34.65416666666667,21.554166666666664,305.8333333333333,13.0875,14.4125,70.75,36.0,35.0,15,71,18.0,16,71.0
2023-03-18,35.53333333333333,21.4875,329.3478260869565,14.549999999999999,15.808333333333332,64.66666666666667,36.0,36.0,16,65,20.0,18,65.0
2023-03-19,31.554166666666664,19.5625,292.0416666666667,19.616666666666667,20.847368421052632,58.375,33.0,32.0,15,58,26.0,25,58.0
2023-03-20,26.837500000000002,16.974999999999998,288.3333333333333,17.220833333333335,17.599999999999998,80.875,28.0,27.0,14,81,22.0,22,81.0
2023-03-21,30.870833333333334,19.033333333333335,293.3333333333333,15.299999999999999,16.16190476190476,74.375,32.0,31.0,15,74,20.0,19,74.0
2023-03-22,29.258333333333336,18.179166666666667,240.33333333333334,14.4,16.945833333333333,63.333333333333336,30.0,29.0,12,63,21.0,18,63.0
2023-03-23,25.47083333333333,15.5,225.29166666666666,13.266666666666666,15.6625,52.958333333333336,26.0,25.0,11,53,20.0,17,53.0
2023-03-24,38.604166666666664,23.854166666666668,265.3333333333333,16.5125,16.03684210526316,76.45833333333333,40.0,39.0,13,76,20.0,21,76.0
2023-03-25,26.425,15.941666666666668,216.16666666666666,11.154166666666667,14.225,41.25,27.0,26.0,11,41,18.0,14,41.0
2023-03-26,26.512500000000003,16.325,210.45833333333334,9.520833333333334,15.375,34.333333333333336,27.0,27.0,11,34,19.0,12,34.0
2023-03-27,30.34166666666667,18.191666666666666,210.08333333333334,12.833333333333334,17.735,48.041666666666664,30.0,30.0,11,48,22.0,16,48.0
2023-03-28,31.079166666666666,18.016666666666666,185.08333333333334,10.116666666666667,14.429166666666667,49.708333333333336,30.0,31.0,9,50,18.0,13,50.0
2023-03-29,30.787499999999998,17.883333333333333,183.20833333333334,10.729166666666666,12.779166666666667,54.208333333333336,30.0,31.0,9,54,16.0,13,54.0
2023-03-30,25.116666666666664,14.700000000000001,128.58333333333334,8.066666666666666,13.733333333333334,53.25,25.0,25.0,6,53,17.0,10,53.0
2023-03-31,27.40833333333333,16.1375,145.0,8.629166666666666,16.6,57.333333333333336,27.0,27.0,7,57,21.0,11,57.0
2023-04-01,26.204166666666666,15.575000000000001,150.75,7.5,15.579166666666666,43.041666666666664,26.0,26.0,8,43,19.0,9,43.0
2023-04-02,36.074999999999996,22.058333333333334,244.83333333333334,14.241666666666667,15.654545454545454,72.08333333333333,37.0,36.0,12,72,20.0,18,72.0
2023-04-03,26.34166666666667,15.616666666666667,198.04166666666666,11.820833333333333,13.870833333333332,62.958333333333336,26.0,26.0,10,63,17.0,15,63.0
2023-04-04,25.22083333333333,14.766666666666666,170.20833333333334,10.862499999999999,13.491666666666667,49.0,25.0,25.0,9,49,17.0,14,49.0
2023-04-05,24.241666666666664,14.404166666666667,180.79166666666666,9.666666666666666,13.612499999999999,52.083333333333336,24.0,24.0,9,52,17.0,12,52.0
2023-04-06,20.854166666666668,12.070833333333333,172.125,9.512500000000001,13.458333333333334,42.541666666666664,20.0,21.0,9,43,17.0,12,43.0
2023-04-07,19.025000000000002,11.070833333333333,184.29166666666666,9.35,14.354166666666666,39.0,18.0,19.0,9,39,18.0,12,39.0
2023-04-08,23.241666666666664,13.345833333333333,158.20833333333334,8.4125,16.069565217391304,53.166666666666664,22.0,23.0,8,53,20.0,11,53.0
2023-04-09,34.5375,20.666666666666668,182.16666666666666,9.424999999999999,19.376190476190477,62.375,34.0,35.0,9,62,24.0,12,62.0
2023-04-10,40.4125,24.520833333333332,200.33333333333334,11.954166666666666,21.323529411764707,58.958333333333336,41.0,40.0,10,59,27.0,15,59.0
2023-04-11,42.0,26.52916666666667,277.25,14.141666666666666,22.273684210526316,65.70833333333333,44.0,42.0,14,66,28.0,18,66.0
2023-04-12,40.949999999999996,26.40833333333333,311.375,20.341666666666665,25.595454545454547,46.875,44.0,41.0,16,47,32.0,25,47.0
2023-04-13,34.762499999999996,22.333333333333332,273.125,17.729166666666668,25.728571428571428,55.5,37.0,35.0,14,56,32.0,22,56.0
2023-04-14,35.670833333333334,22.537499999999998,248.25,15.674999999999999,25.741176470588236,68.29166666666667,38.0,36.0,12,68,32.0,20,68.0
2023-04-15,43.291666666666664,27.133333333333336,249.5,15.791666666666666,27.11176470588235,81.79166666666667,45.0,43.0,12,82,34.0,20,82.0
2023-04-16,55.362500000000004,35.020833333333336,327.375,18.52777777777778,23.16875,101.33333333333333,58.0,55.0,16,102,29.0,23,102.0
2023-04-17,51.29583333333333,31.90416666666667,293.5833333333333,15.766666666666666,23.472727272727273,105.66666666666667,53.0,51.0,15,108,29.0,20,108.0
2023-04-18,44.229166666666664,27.958333333333332,250.33333333333334,12.891666666666666,23.595,79.91666666666667,47.0,44.0,13,80,29.0,16,80.0
2023-04-19,33.833333333333336,20.408333333333335,248.75,15.012500000000001,16.71,71.0,34.0,34.0,12,71,21.0,19,71.0
2023-04-20,46.550000000000004,28.474999999999998,277.1666666666667,11.145833333333334,19.791304347826088,101.83333333333333,47.0,47.0,14,103,25.0,14,103.0
2023-04-21,43.34583333333333,26.108333333333334,256.25,9.299999999999999,19.6,93.875,44.0,43.0,13,94,25.0,12,94.0
2023-04-22,33.87916666666667,20.629166666666666,243.41666666666666,9.308333333333334,19.85217391304348,70.29166666666667,34.0,34.0,12,70,25.0,12,70.0
2023-04-23,34.05833333333333,20.625,261.9583333333333,10.525,15.2,75.66666666666667,34.0,34.0,13,76,19.0,13,76.0
2023-04-24,25.758333333333336,14.933333333333332,211.0,8.9375,11.916666666666666,47.333333333333336,25.0,26.0,11,47,15.0,11,47.0
2023-04-25,36.699999999999996,21.804166666666664,219.125,9.533333333333333,12.120833333333332,49.041666666666664,36.0,37.0,11,49,15.0,12,49.0
2023-04-26,50.275,30.083333333333332,298.5416666666667,13.2875,14.575000000000001,69.70833333333333,50.0,50.0,15,70,18.0,17,70.0
2023-04-27,43.78333333333333,26.166666666666668,237.08333333333334,8.941666666666666,18.256521739130434,59.708333333333336,44.0,44.0,12,60,23.0,11,60.0
2023-04-28,28.383333333333336,17.391666666666666,202.08333333333334,7.391666666666667,17.837500000000002,42.625,29.0,28.0,10,43,22.0,9,43.0
2023-04-29,31.120833333333334,19.366666666666667,249.45833333333334,10.708333333333334,16.337500000000002,46.125,32.0,31.0,12,46,20.0,13,46.0
2023-04-30,24.712500000000002,15.558333333333332,231.79166666666666,11.4125,15.204166666666666,54.208333333333336,26.0,25.0,12,54,19.0,14,54.0
2023-05-01,19.466666666666665,12.029166666666667,216.5,10.591666666666667,14.049999999999999,42.0,20.0,19.0,11,42,18.0,13,42.0
2023-05-02,16.429166666666667,10.095833333333333,221.79166666666666,11.950000000000001,15.049999999999999,36.958333333333336,17.0,16.0,11,37,19.0,15,37.0
2023-05-03,20.150000000000002,13.2125,275.4166666666667,21.308695652173913,23.24705882352941,50.083333333333336,22.0,20.0,14,50,29.0,27,50.0
2023-05-04,20.8625,13.575000000000001,245.91666666666666,16.599999999999998,18.5125,60.708333333333336,23.0,21.0,12,61,23.0,21,61.0
2023-05-05,35.454166666666666,23.27916666666667,253.23529411764707,16.414285714285715,21.714285714285715,56.333333333333336,39.0,35.0,13,56,27.0,21,56.0
2023-05-06,61.525,41.47083333333334,400.4166666666667,18.966666666666665,30.85,81.1,69.0,62.0,20,81,39.0,24,81.0
2023-05-07,77.10000000000001,50.074999999999996,427.15384615384613,27.633333333333336,,80.54166666666667,83.0,77.0,21,81,,35,83.0
2023-05-08,63.9,40.872727272727275,409.05,19.275000000000002,27.12857142857143,87.05263157894737,68.0,64.0,20,87,34.0,24,87.0
2023-05-09,58.979166666666664,38.375,383.9166666666667,21.923529411764704,27.360000000000003,98.45454545454545,64.0,59.0,19,98,34.0,27,98.0
2023-05-10,56.09166666666667,35.387499999999996,377.8333333333333,21.96315789473684,26.154545454545453,97.20833333333333,59.0,56.0,19,97,33.0,27,97.0
2023-05-11,75.02222222222223,46.8375,385.6470588235294,22.175,,105.85,78.0,75.0,19,109,,28,109.0
2023-05-12,69.83333333333333,44.7375,350.2857142857143,26.1,29.533333333333335,85.54166666666667,75.0,70.0,18,86,37.0,33,86.0
2023-05-13,65.905,44.57368421052632,400.75,17.763636363636365,25.55909090909091,80.55,74.0,66.0,20,81,32.0,22,81.0
2023-05-14,60.09473684210526,38.088235294117645,340.94736842105266,19.845454545454547,25.97083333333333,94.625,63.0,60.0,17,95,32.0,25,95.0
2023-05-15,59.029999999999994,38.925,357.57142857142856,22.792307692307695,24.075,95.95,65.0,59.0,18,96,30.0,28,96.0
2023-05-16,53.023809523809526,35.22380952380953,337.9583333333333,17.04285714285714,20.9875,104.85,59.0,53.0,17,107,26.0,21,107.0
2023-05-17,42.38333333333333,26.150000000000002,249.66666666666666,17.008333333333333,17.8,93.04166666666667,44.0,42.0,12,93,22.0,21,93.0
2023-05-18,39.63333333333333,23.741666666666664,208.5,10.733333333333334,19.114285714285714,87.54166666666667,40.0,40.0,10,88,24.0,13,88.0
2023-05-19,45.166666666666664,27.395833333333332,203.16666666666666,11.570833333333333,20.98888888888889,95.25,46.0,45.0,10,95,26.0,14,95.0
2023-05-20,43.9375,27.066666666666666,231.45833333333334,11.841666666666667,20.146666666666665,99.70833333333333,45.0,44.0,12,100,25.0,15,100.0
2023-05-21,37.53333333333333,22.275000000000002,223.75,14.704166666666666,19.225,88.75,37.0,38.0,11,89,24.0,18,89.0
2023-05-22,39.90833333333333,23.991666666666664,217.45833333333334,15.725,20.435,82.125,40.0,40.0,11,82,26.0,20,82.0
2023-05-23,36.645833333333336,22.775000000000002,238.20833333333334,20.26521739130435,22.63529411764706,78.875,38.0,37.0,12,79,28.0,25,79.0
2023-05-24,41.09583333333333,25.724999999999998,250.125,16.964285714285715,22.15294117647059,78.33333333333333,43.0,41.0,13,78,28.0,21,78.0
2023-05-25,51.39047619047619,34.095238095238095,350.4166666666667,15.958333333333334,23.263157894736842,105.45833333333333,57.0,51.0,18,108,29.0,20,108.0
2023-05-26,59.775,40.22,348.2916666666667,21.30909090909091,26.55454545454546,107.5909090909091,67.0,60.0,17,111,33.0,27,111.0
2023-05-27,55.7,36.300000000000004,333.625,18.900000000000002,24.7875,105.125,61.0,56.0,17,108,31.0,24,108.0
2023-05-28,64.10000000000001,41.130434782608695,304.3333333333333,18.445454545454545,28.733333333333334,117.875,69.0,64.0,15,126,36.0,23,126.0
2023-05-29,54.291666666666664,34.170833333333334,265.5833333333333,15.5625,22.58125,104.45833333333333,57.0,54.0,13,107,28.0,19,107.0
2023-05-30,46.20416666666667,28.5625,236.79166666666666,14.395833333333334,26.24285714285714,83.625,48.0,46.0,12,84,33.0,18,84.0
2023-05-31,59.675000000000004,36.800000000000004,280.0833333333333,18.5,24.535294117647055,96.33333333333333,61.0,60.0,14,96,31.0,23,96.0
2023-06-01,55.55833333333334,35.975,322.9583333333333,16.866666666666667,21.322222222222223,107.25,60.0,56.0,16,111,27.0,21,111.0
2023-06-02,64.79047619047618,41.505,363.4166666666667,21.813333333333333,22.38888888888889,107.70833333333333,69.0,65.0,18,111,28.0,27,111.0
2023-06-03,59.56315789473685,38.363157894736844,341.875,21.34,23.168181818181818,94.31818181818181,64.0,60.0,17,94,29.0,27,94.0
2023-06-04,62.81764705882353,40.15625,341.7894736842105,18.854545454545455,25.605263157894736,92.71428571428571,67.0,63.0,17,93,32.0,24,93.0
2023-06-05,60.735,40.245,347.4166666666667,17.008333333333333,24.30952380952381,89.5,67.0,61.0,17,90,30.0,21,90.0
2023-06-06,53.489999999999995,34.93,284.5833333333333,20.775000000000002,24.221052631578946,94.625,58.0,53.0,14,95,30.0,26,95.0
2023-06-07,55.0625,36.32083333333333,299.5833333333333,19.65625,22.428571428571427,79.5,61.0,55.0,15,80,28.0,25,80.0
2023-06-08,40.804761904761904,26.695238095238096,236.125,19.275000000000002,23.22142857142857,76.375,44.0,41.0,12,76,29.0,24,76.0
2023-06-09,42.11818181818182,27.85,228.70833333333334,17.7,20.30666666666667,84.54166666666667,46.0,42.0,11,85,25.0,22,85.0
2023-06-10,38.92727272727273,25.7,262.75,19.711111111111112,25.536363636363635,71.08333333333333,43.0,39.0,13,71,32.0,25,71.0
2023-06-11,41.9,26.204761904761902,268.5,21.327777777777776,24.07,62.666666666666664,44.0,42.0,13,63,30.0,27,63.0
2023-06-12,41.92916666666667,26.383333333333336,224.41666666666666,18.585714285714285,19.29375,70.375,44.0,42.0,11,70,24.0,23,70.0
2023-06-13,43.00909090909091,26.90909090909091,257.25,18.62857142857143,21.927777777777777,68.83333333333333,45.0,43.0,13,69,27.0,23,69.0
2023-06-14,48.43809523809524,29.509523809523813,295.875,22.353333333333335,22.454166666666666,69.08333333333333,49.0,48.0,15,69,28.0,28,69.0
2023-06-15,44.48095238095238,25.65,251.95833333333334,21.62777777777778,21.025000000000002,66.08333333333333,43.0,44.0,13,66,26.0,27,66.0
2023-06-16,44.75,28.655,280.0833333333333,20.392307692307693,23.985,75.54166666666667,48.0,45.0,14,76,30.0,25,76.0
2023-06-17,42.93636363636364,26.318181818181817,233.04166666666666,23.505555555555556,24.48421052631579,45.208333333333336,44.0,43.0,12,45,31.0,29,45.0
2023-06-18,47.94166666666666,29.983333333333334,263.7083333333333,21.993333333333332,25.8625,48.291666666666664,50.0,48.0,13,48,32.0,27,50.0
2023-06-19,37.025,23.758333333333336,265.3333333333333,21.07894736842105,19.13478260869565,50.166666666666664,40.0,37.0,13,50,24.0,26,50.0
2023-06-20,49.4125,32.71666666666667,314.0833333333333,20.49375,24.3,57.125,55.0,49.0,16,57,30.0,26,57.0
2023-06-21,68.2625,44.42916666666667,356.57142857142856,24.25,30.65,62.75,74.0,68.0,18,63,38.0,30,74.0
2023-06-22,64.00416666666666,42.045833333333334,357.8095238095238,23.88181818181818,29.2,69.83333333333333,70.0,64.0,18,70,36.0,30,70.0
2023-06-23,54.862500000000004,35.520833333333336,327.2,24.733333333333334,27.610000000000003,62.708333333333336,59.0,55.0,16,63,35.0,31,63.0
2023-06-24,51.97083333333333,34.483333333333334,333.26666666666665,23.1875,28.82857142857143,45.208333333333336,57.0,52.0,17,45,36.0,29,57.0
2023-06-25,49.62916666666666,30.025000000000002,300.2,19.485714285714288,27.299999999999997,56.125,50.0,50.0,15,56,34.0,24,56.0
2023-06-26,47.15,29.745833333333334,321.6521739130435,24.427272727272726,27.92142857142857,54.666666666666664,50.0,47.0,16,55,35.0,31,55.0
2023-06-27,41.225,24.849999999999998,289.0416666666667,14.933333333333334,15.84,68.04166666666667,41.0,41.0,14,68,20.0,19,68.0
2023-06-28,25.058333333333334,14.804166666666667,209.70833333333334,8.325000000000001,10.191666666666666,88.0,25.0,25.0,10,88,13.0,10,88.0
2023-06-29,26.287499999999998,16.945833333333333,241.66666666666666,9.6,9.225,88.04166666666667,28.0,26.0,12,88,12.0,12,88.0
2023-06-30,26.025000000000002,14.6875,213.875,8.945833333333333,8.666666666666666,82.79166666666667,24.0,26.0,11,83,11.0,11,83.0
2023-07-01,28.929166666666664,16.116666666666667,235.66666666666666,11.120833333333332,8.866666666666667,76.125,27.0,29.0,12,76,11.0,14,76.0
2023-07-02,31.508333333333336,17.45,235.75,14.466666666666667,11.983333333333334,52.083333333333336,29.0,32.0,12,52,15.0,18,52.0
2023-07-03,20.720833333333335,13.316666666666668,236.16666666666666,13.645833333333334,10.9,45.75,22.0,21.0,12,46,14.0,17,46.0
2023-07-04,17.520833333333332,11.504166666666668,235.875,12.7875,12.004166666666668,60.375,19.0,18.0,12,60,15.0,16,60.0
2023-07-05,16.099999999999998,10.875,219.20833333333334,10.908333333333333,9.404166666666667,61.208333333333336,18.0,16.0,11,61,12.0,14,61.0
2023-07-06,16.216666666666665,11.104166666666666,246.25,13.604166666666666,10.070833333333333,54.916666666666664,19.0,16.0,12,55,13.0,17,55.0
2023-07-07,24.670833333333334,16.183333333333334,274.6666666666667,13.737499999999999,11.387500000000001,64.95833333333333,27.0,25.0,14,65,14.0,17,65.0
2023-07-08,20.400000000000002,13.754166666666668,275.5,14.475,9.770833333333334,63.291666666666664,23.0,20.0,14,63,12.0,18,63.0
2023-07-09,25.9875,15.441666666666668,262.0833333333333,12.329166666666666,10.375,83.66666666666667,26.0,26.0,13,84,13.0,15,84.0
2023-07-10,32.37083333333333,18.316666666666666,269.4583333333333,15.595833333333333,14.9625,55.666666666666664,31.0,32.0,13,56,19.0,19,56.0
2023-07-11,35.916666666666664,20.5,304.875,16.708333333333332,13.633333333333333,58.25,34.0,36.0,15,58,17.0,21,58.0
2023-07-12,44.31666666666666,23.370833333333334,314.2916666666667,15.286956521739132,15.804166666666667,76.625,39.0,44.0,16,77,20.0,19,77.0
2023-07-13,35.22083333333333,20.133333333333333,251.95833333333334,11.237499999999999,11.741666666666667,74.625,34.0,35.0,13,75,15.0,14,75.0
2023-07-14,26.691666666666666,16.6875,242.75,10.645833333333334,10.179166666666667,81.08333333333333,28.0,27.0,12,81,13.0,13,81.0
2023-07-15,27.8875,16.420833333333334,268.25,13.420833333333334,8.85,75.79166666666667,27.0,28.0,13,76,11.0,17,76.0
2023-07-16,32.333333333333336,18.129166666666666,274.7083333333333,13.375,9.570833333333333,68.20833333333333,30.0,32.0,14,68,12.0,17,68.0
2023-07-17,35.891666666666666,19.5625,288.5,14.1625,9.266666666666667,71.66666666666667,33.0,36.0,14,72,12.0,18,72.0
2023-07-18,27.995833333333334,16.133333333333333,292.25,15.3,9.887500000000001,49.583333333333336,27.0,28.0,15,50,12.0,19,50.0
2023-07-19,19.45,10.0875,208.875,12.043478260869565,8.616666666666667,49.083333333333336,17.0,19.0,10,49,11.0,15,49.0
2023-07-20,21.754166666666666,10.125,171.54166666666666,8.883333333333333,7.041666666666667,52.583333333333336,17.0,22.0,9,53,9.0,11,53.0
2023-07-21,27.629166666666666,13.0,210.58333333333334,12.354166666666666,8.220833333333333,48.75,22.0,28.0,11,49,10.0,15,49.0
2023-07-22,22.849999999999998,12.020833333333334,212.0,14.529166666666667,11.716666666666667,41.125,20.0,23.0,11,41,15.0,18,41.0
2023-07-23,16.895833333333332,11.0375,226.83333333333334,13.5875,10.450000000000001,42.375,18.0,17.0,11,42,13.0,17,42.0
2023-07-24,17.870833333333334,12.070833333333333,249.66666666666666,14.629166666666668,11.070833333333333,38.666666666666664,20.0,18.0,12,39,14.0,18,39.0
2023-07-25,14.145833333333334,9.6,234.625,15.366666666666667,10.0,31.916666666666668,16.0,14.0,12,32,12.0,19,32.0
2023-07-26,12.904166666666667,8.9125,212.91666666666666,12.904166666666667,9.35,37.458333333333336,15.0,13.0,11,37,12.0,16,37.0
2023-07-27,16.558333333333334,10.504166666666666,212.33333333333334,11.904166666666667,7.941666666666666,51.083333333333336,18.0,17.0,11,51,10.0,15,51.0
2023-07-28,22.916666666666668,12.491666666666667,216.5,12.1,8.520833333333334,52.333333333333336,21.0,23.0,11,52,11.0,15,52.0
2023-07-29,20.466666666666665,10.808333333333332,208.25,10.185714285714287,7.966666666666666,50.791666666666664,18.0,20.0,10,51,10.0,13,51.0
2023-07-30,25.095833333333335,13.066666666666668,225.58333333333334,11.829166666666666,7.408333333333334,56.208333333333336,22.0,25.0,11,56,9.0,15,56.0
2023-07-31,27.416666666666668,14.333333333333334,246.20833333333334,12.875,8.408333333333333,63.583333333333336,24.0,27.0,12,64,11.0,16,64.0
2023-08-01,22.962500000000002,11.929166666666667,211.41666666666666,12.129166666666668,7.8625,49.833333333333336,20.0,23.0,11,50,10.0,15,50.0
2023-08-02,27.02916666666667,13.845833333333333,214.16666666666666,11.904166666666667,7.925,57.083333333333336,23.0,27.0,11,57,10.0,15,57.0
2023-08-03,30.075,15.387500000000001,202.08333333333334,9.5375,7.370833333333334,65.5,26.0,30.0,10,66,9.0,12,66.0
2023-08-04,30.016666666666666,16.329166666666666,225.83333333333334,9.829166666666667,7.791666666666667,69.66666666666667,27.0,30.0,11,70,10.0,12,70.0
2023-08-05,34.05416666666667,17.570833333333333,201.45833333333334,7.254166666666666,8.0625,81.16666666666667,29.0,34.0,10,81,10.0,9,81.0
2023-08-06,39.670833333333334,20.691666666666666,233.29166666666666,9.579166666666667,7.920833333333333,82.375,34.0,40.0,12,82,10.0,12,82.0
2023-08-07,43.979166666666664,21.554166666666664,182.29166666666666,6.25,8.991666666666667,88.79166666666667,36.0,44.0,9,89,11.0,8,89.0
2023-08-08,48.387499999999996,23.708333333333332,190.33333333333334,7.075,10.704166666666666,85.29166666666667,40.0,48.0,10,85,13.0,9,85.0
2023-08-09,51.44166666666666,26.375,228.625,6.825,8.979166666666666,98.79166666666667,44.0,51.0,11,99,11.0,9,99.0
2023-08-10,52.800000000000004,27.933333333333334,251.70833333333334,9.641666666666667,11.833333333333334,99.66666666666667,47.0,53.0,13,100,15.0,12,100.0
2023-08-11,53.9625,27.787499999999998,252.29166666666666,9.595833333333333,10.691666666666668,96.91666666666667,46.0,54.0,13,97,13.0,12,97.0
2023-08-12,46.93333333333334,26.849999999999998,271.5,11.116666666666667,12.4125,96.41666666666667,45.0,47.0,14,96,16.0,14,96.0
2023-08-13,51.3125,27.704166666666666,262.0,9.325000000000001,11.3375,107.83333333333333,46.0,51.0,13,112,14.0,12,112.0
2023-08-14,62.50416666666666,34.75,285.0416666666667,9.754166666666666,16.0625,108.41666666666667,58.0,63.0,14,112,20.0,12,112.0
2023-08-15,56.90416666666667,30.78333333333333,238.70833333333334,7.929166666666667,12.679166666666667,105.08333333333333,51.0,57.0,12,107,16.0,10,107.0
2023-08-16,52.5,27.066666666666666,231.75,7.691666666666666,10.975,104.41666666666667,45.0,52.0,12,106,14.0,10,106.0
2023-08-17,48.5,25.2625,249.125,10.299999999999999,10.241666666666667,92.16666666666667,42.0,48.0,12,92,13.0,13,92.0
2023-08-18,37.733333333333334,19.754166666666666,247.58333333333334,12.695833333333333,9.320833333333333,63.916666666666664,33.0,38.0,12,64,12.0,16,64.0
2023-08-19,34.85,18.7375,288.125,15.341666666666667,9.954166666666667,59.625,31.0,35.0,14,60,12.0,19,60.0
2023-08-20,29.895833333333332,15.120833333333332,213.08333333333334,7.354166666666667,8.525,84.54166666666667,25.0,30.0,11,85,11.0,9,85.0
2023-08-21,44.17916666666667,23.525000000000002,229.625,6.458333333333333,9.241666666666667,103.79166666666667,39.0,44.0,11,106,12.0,8,106.0
2023-08-22,36.06666666666667,19.925,203.29166666666666,6.95,10.450000000000001,101.08333333333333,33.0,36.0,10,102,13.0,9,102.0
2023-08-23,43.37916666666666,23.625,197.29166666666666,6.629166666666666,10.158333333333333,104.20833333333333,39.0,43.0,10,106,13.0,8,106.0
2023-08-24,46.20416666666667,24.579166666666666,194.0,6.2749999999999995,10.4125,103.79166666666667,41.0,46.0,10,106,13.0,8,106.0
2023-08-25,40.77916666666667,21.787499999999998,190.75,6.829166666666667,9.391666666666667,92.625,36.0,41.0,10,93,12.0,9,93.0
2023-08-26,37.8125,20.554166666666667,193.58333333333334,8.845833333333333,11.5625,80.16666666666667,34.0,38.0,10,80,14.0,11,80.0
2023-08-27,29.008333333333336,17.483333333333334,218.33333333333334,10.475,13.200000000000001,85.5,29.0,29.0,11,86,17.0,13,86.0
2023-08-28,42.425000000000004,26.204166666666666,267.7916666666667,12.545833333333334,14.141666666666666,79.41666666666667,44.0,42.0,13,79,18.0,16,79.0
2023-08-29,35.12916666666667,20.720833333333335,220.79166666666666,8.729166666666666,11.875,93.16666666666667,35.0,35.0,11,93,15.0,11,93.0
2023-08-30,44.020833333333336,26.912499999999998,302.0416666666667,12.225,13.933333333333332,94.11111111111111,45.0,44.0,15,94,17.0,15,94.0
2023-08-31,40.5375,24.6375,266.7916666666667,9.945833333333333,10.883333333333333,100.13636363636364,41.0,41.0,13,100,14.0,12,100.0
2023-09-01,35.74583333333333,22.070833333333336,232.41666666666666,7.283333333333334,10.245833333333334,104.95833333333333,37.0,36.0,12,107,13.0,9,107.0
2023-09-02,36.550000000000004,23.204166666666666,252.83333333333334,9.225,11.266666666666666,103.625,39.0,37.0,13,105,14.0,12,105.0
2023-09-03,33.30416666666667,21.208333333333332,227.45833333333334,9.291666666666666,11.041666666666666,96.95833333333333,35.0,33.0,11,97,14.0,12,97.0
2023-09-04,27.954166666666666,18.641666666666666,219.41666666666666,11.304166666666667,10.275,56.0,31.0,28.0,11,56,13.0,14,56.0
2023-09-05,26.708333333333332,17.845833333333335,252.70833333333334,12.843478260869563,10.054166666666667,57.5,30.0,27.0,13,58,13.0,16,58.0
2023-09-06,23.504166666666666,15.362499999999999,248.54166666666666,10.0,10.220833333333333,83.29166666666667,26.0,24.0,12,83,13.0,12,83.0
2023-09-07,22.537499999999998,14.729166666666666,231.625,9.379166666666666,10.383333333333333,79.45833333333333,25.0,23.0,12,79,13.0,12,79.0
2023-09-08,24.395833333333332,14.691666666666668,224.0,8.975,9.862499999999999,82.70833333333333,24.0,24.0,11,83,12.0,11,83.0
2023-09-09,24.066666666666666,14.354166666666666,221.5,8.558333333333334,9.2125,81.25,24.0,24.0,11,81,12.0,11,81.0
2023-09-10,29.462500000000002,16.345833333333335,240.45833333333334,10.125,9.904166666666667,81.79166666666667,27.0,29.0,12,82,12.0,13,82.0
2023-09-11,25.729166666666668,15.366666666666667,249.58333333333334,10.495833333333334,9.016666666666667,78.04166666666667,26.0,26.0,12,78,11.0,13,78.0
2023-09-12,23.96666666666667,14.033333333333333,230.125,9.25,9.820833333333333,83.66666666666667,23.0,24.0,12,84,12.0,12,84.0
2023-09-13,30.95,18.029166666666665,247.5,10.683333333333332,11.979166666666666,82.41666666666667,30.0,31.0,12,82,15.0,13,82.0
2023-09-14,28.875,16.408333333333335,228.0,8.454166666666667,9.045833333333333,82.33333333333333,27.0,29.0,11,82,11.0,11,82.0
2023-09-15,25.429166666666664,15.429166666666667,222.66666666666666,8.683333333333334,10.070833333333333,78.79166666666667,26.0,25.0,11,79,13.0,11,79.0
2023-09-16,25.1875,16.020833333333332,233.95833333333334,10.183333333333334,12.25,76.70833333333333,27.0,25.0,12,77,15.0,13,77.0
2023-09-17,28.520833333333332,17.5,246.16666666666666,9.679166666666667,11.862499999999999,86.95833333333333,29.0,29.0,12,87,15.0,12,87.0
2023-09-18,28.1875,17.599999999999998,264.7916666666667,10.458333333333334,11.641666666666666,86.375,29.0,28.0,13,86,15.0,13,86.0
2023-09-19,29.1375,17.458333333333332,288.25,10.595833333333333,10.237499999999999,94.16666666666667,29.0,29.0,14,94,13.0,13,94.0
2023-09-20,36.50416666666667,21.7,321.4166666666667,13.183333333333332,11.200000000000001,97.20833333333333,36.0,37.0,16,97,14.0,16,97.0
2023-09-21,33.34583333333334,19.495833333333334,236.95833333333334,8.479166666666666,11.758333333333333,94.83333333333333,32.0,33.0,12,95,15.0,11,95.0
2023-09-22,31.6875,18.870833333333334,220.75,7.816666666666666,12.716666666666667,95.70833333333333,31.0,32.0,11,96,16.0,10,96.0
2023-09-23,27.0,15.954166666666666,195.75,7.508333333333333,11.791666666666666,87.25,27.0,27.0,10,87,15.0,9,87.0
2023-09-24,26.537499999999998,16.108333333333334,242.45833333333334,10.195833333333333,10.875,93.0,27.0,27.0,12,93,14.0,13,93.0
2023-09-25,26.4375,16.254166666666666,247.625,10.683333333333332,11.591666666666667,95.0,27.0,26.0,12,95,14.0,13,95.0
2023-09-26,33.88333333333333,20.216666666666665,249.25,11.429166666666667,14.095833333333333,89.25,34.0,34.0,12,89,18.0,14,89.0
2023-09-27,33.625,21.162499999999998,274.0833333333333,10.891666666666666,14.145833333333334,89.55,35.0,34.0,14,90,18.0,14,90.0
2023-09-28,30.375,18.75,267.2916666666667,11.054166666666667,11.424999999999999,89.125,31.0,30.0,13,89,14.0,14,89.0
2023-09-29,23.4875,14.858333333333334,249.29166666666666,11.183333333333332,11.570833333333333,78.04166666666667,25.0,23.0,12,78,14.0,14,78.0
2023-09-30,24.329166666666666,15.429166666666667,241.83333333333334,10.695833333333333,12.616666666666667,78.29166666666667,26.0,24.0,12,78,16.0,13,78.0
2023-10-01,23.104166666666668,13.945833333333333,218.08333333333334,9.1,10.0125,71.41666666666667,23.0,23.0,11,71,13.0,11,71.0
2023-10-02,24.004166666666666,14.529166666666667,219.375,9.525,9.858333333333333,73.625,24.0,24.0,11,74,12.0,12,74.0
2023-10-03,30.833333333333332,18.533333333333335,238.875,8.799999999999999,9.054166666666667,80.04761904761905,31.0,31.0,12,80,11.0,11,80.0
2023-10-04,48.85833333333333,29.1875,286.42857142857144,11.115,13.741666666666667,94.41666666666667,49.0,49.0,14,94,17.0,14,94.0
2023-10-05,50.675000000000004,30.733333333333334,287.25,11.362499999999999,14.420833333333334,98.63636363636364,51.0,51.0,14,99,18.0,14,99.0
2023-10-06,56.68333333333334,34.13333333333333,286.5416666666667,10.0625,13.15,107.0,57.0,57.0,14,110,16.0,13,110.0
2023-10-07,52.4,31.400000000000002,280.4583333333333,8.758333333333333,14.479166666666666,109.5,52.0,52.0,14,114,18.0,11,114.0
2023-10-08,35.06666666666667,20.633333333333333,218.29166666666666,9.666666666666666,12.395833333333334,78.75,34.0,35.0,11,79,15.0,12,79.0
2023-10-09,30.72083333333333,18.708333333333332,240.20833333333334,12.091666666666667,13.112499999999999,64.75,31.0,31.0,12,65,16.0,15,65.0
2023-10-10,38.99166666666667,23.8875,234.70833333333334,9.641666666666667,15.166666666666666,94.45833333333333,40.0,39.0,12,94,19.0,12,94.0
2023-10-11,57.56666666666666,35.9625,262.2916666666667,8.608333333333333,17.170833333333334,109.78947368421052,60.0,58.0,13,114,21.0,11,114.0
2023-10-12,37.69583333333333,20.741666666666667,179.5,7.1375,7.8999999999999995,69.54166666666667,35.0,38.0,9,70,10.0,9,70.0
2023-10-13,54.824999999999996,30.608333333333334,220.0,8.525,6.570833333333333,71.70833333333333,51.0,55.0,11,72,8.0,11,72.0
2023-10-14,45.775,28.570833333333336,257.0416666666667,11.145833333333334,11.1875,72.5,48.0,46.0,13,72,14.0,14,72.0
2023-10-15,25.058333333333334,16.525000000000002,262.5416666666667,13.816666666666668,14.204166666666666,57.291666666666664,28.0,25.0,13,57,18.0,17,57.0
2023-10-16,20.1875,12.924999999999999,255.125,11.295833333333334,8.558333333333334,53.458333333333336,22.0,20.0,13,53,11.0,14,53.0
2023-10-17,58.208333333333336,31.608333333333334,236.83333333333334,6.2375,6.395833333333333,79.5,53.0,58.0,12,80,8.0,8,80.0
2023-10-18,72.58749999999999,38.9375,286.6666666666667,8.4,6.133333333333333,85.41666666666667,65.0,73.0,14,85,8.0,11,85.0
2023-10-19,60.13333333333333,32.9125,267.9583333333333,7.483333333333333,5.241666666666666,79.625,55.0,60.0,13,80,7.0,9,80.0
2023-10-20,65.86666666666666,36.80416666666667,245.70833333333334,6.720833333333334,4.804166666666666,75.0,61.0,66.0,12,75,6.0,8,75.0
2023-10-21,57.10833333333333,31.512500000000003,252.45833333333334,3.6916666666666664,3.5625,111.95833333333333,53.0,57.0,13,118,4.0,5,118.0
2023-10-22,71.1375,43.53181818181818,329.0,6.625,9.529166666666667,130.29166666666666,73.0,71.0,16,145,12.0,8,145.0
2023-10-23,78.37222222222222,46.92083333333333,361.4583333333333,8.979166666666666,18.275000000000002,140.6,78.0,78.0,18,160,23.0,11,160.0
2023-10-24,77.18636363636364,44.80416666666667,324.0833333333333,8.35,17.245833333333334,131.0,75.0,77.0,16,146,22.0,10,146.0
2023-10-25,76.47727272727273,45.5375,322.0833333333333,9.1,16.7625,124.75,76.0,76.0,16,136,21.0,11,136.0
2023-10-26,75.52173913043478,44.737500000000004,321.9166666666667,8.979166666666666,13.445454545454545,121.75,75.0,76.0,16,132,17.0,11,132.0
2023-10-27,35.86666666666667,21.5625,258.6666666666667,6.304166666666667,5.045833333333333,81.08333333333333,36.0,36.0,13,81,6.0,8,81.0
2023-10-28,21.995833333333334,12.783333333333333,215.70833333333334,4.8,4.675,67.25,21.0,22.0,11,67,6.0,6,67.0
2023-10-29,37.645833333333336,21.895833333333332,245.29166666666666,5.991666666666667,4.0375000000000005,77.20833333333333,36.0,38.0,12,77,5.0,7,77.0
2023-10-30,62.354166666666664,36.56666666666667,281.25,6.8125,6.008333333333333,101.08333333333333,61.0,62.0,14,102,8.0,9,102.0
2023-10-31,39.729166666666664,22.712500000000002,231.625,3.466666666666667,2.8000000000000003,95.95833333333333,38.0,40.0,12,96,4.0,4,96.0
2023-11-01,14.920833333333334,8.6625,195.41666666666666,4.658333333333333,2.9916666666666667,66.95833333333333,14.0,15.0,10,67,4.0,6,67.0
2023-11-02,9.549999999999999,5.433333333333334,188.625,5.091666666666667,3.3208333333333333,54.708333333333336,9.0,10.0,9,55,4.0,6,55.0
2023-11-03,10.079166666666667,5.795833333333333,146.79166666666666,5.641666666666667,4.091666666666667,47.083333333333336,10.0,10.0,7,47,5.0,7,47.0
2023-11-04,9.370833333333334,5.604166666666667,160.41666666666666,6.604166666666667,4.120833333333334,42.166666666666664,9.0,9.0,8,42,5.0,8,42.0
2023-11-05,11.720833333333333,7.6499999999999995,239.0,12.287500000000001,11.345833333333333,51.333333333333336,13.0,12.0,12,51,14.0,15,51.0
2023-11-06,10.174999999999999,6.295833333333333,171.625,7.6625000000000005,6.95,42.416666666666664,10.0,10.0,9,42,9.0,10,42.0
2023-11-07,10.454166666666667,6.341666666666666,168.25,5.95,4.479166666666667,46.625,11.0,10.0,8,47,6.0,7,47.0
2023-11-08,18.966666666666665,11.8375,200.54166666666666,6.116666666666667,4.620833333333334,60.833333333333336,20.0,19.0,10,61,6.0,8,61.0
2023-11-09,30.724999999999998,18.629166666666666,206.75,5.383333333333333,4.104166666666667,65.5,31.0,31.0,10,66,5.0,7,66.0
2023-11-10,79.85555555555555,50.666666666666664,317.3333333333333,4.470833333333333,5.933333333333334,115.20833333333333,84.0,80.0,16,122,7.0,6,122.0
2023-11-11,78.03333333333333,43.74166666666667,337.875,4.091666666666667,4.304166666666666,107.625,73.0,78.0,17,111,5.0,5,111.0
2023-11-12,,53.225,362.4166666666667,3.533333333333333,4.6000000000000005,119.08333333333333,89.0,,18,128,6.0,4,128.0
2023-11-13,51.17777777777778,39.76875,310.5,3.095833333333333,2.975,113.08333333333333,66.0,51.0,16,119,4.0,4,119.0
2023-11-14,38.71666666666667,22.53333333333333,241.04166666666666,4.129166666666666,2.2375000000000003,97.41666666666667,38.0,39.0,12,97,3.0,5,97.0
2023-11-15,33.925000000000004,19.900000000000002,238.66666666666666,3.9291666666666667,2.6374999999999997,99.83333333333333,33.0,34.0,12,100,3.0,5,100.0
2023-11-16,53.854166666666664,30.483333333333334,320.0416666666667,5.8500000000000005,6.4375,105.41666666666667,51.0,54.0,16,108,8.0,7,108.0
2023-11-17,23.583333333333332,12.904166666666667,208.20833333333334,3.5833333333333335,3.1958333333333333,83.0,22.0,24.0,10,83,4.0,4,83.0
2023-11-18,20.8625,11.1625,204.5,3.475,2.7083333333333335,76.08333333333333,19.0,21.0,10,76,3.0,4,76.0
2023-11-19,22.912499999999998,12.595833333333333,183.79166666666666,3.345833333333333,2.6666666666666665,72.91666666666667,21.0,23.0,9,73,3.0,4,73.0
2023-11-20,12.441666666666668,7.2375,167.79166666666666,4.8875,2.9458333333333333,60.166666666666664,12.0,12.0,8,60,4.0,6,60.0
2023-11-21,11.433333333333332,6.641666666666667,166.0,7.4375,5.2375,44.875,11.0,11.0,8,45,7.0,9,45.0
2023-11-22,15.091666666666667,8.633333333333333,196.58333333333334,6.316666666666666,4.4875,60.791666666666664,14.0,15.0,10,61,6.0,8,61.0
2023-11-23,12.729166666666666,7.658333333333334,239.45833333333334,8.5875,6.141666666666667,57.833333333333336,13.0,13.0,12,58,8.0,11,58.0
2023-11-24,12.404166666666667,7.0625,187.66666666666666,4.6375,3.3083333333333336,61.916666666666664,12.0,12.0,9,62,4.0,6,62.0
2023-11-25,46.833333333333336,26.575,226.41666666666666,3.2291666666666665,2.779166666666667,83.58333333333333,44.0,47.0,11,84,3.0,4,84.0
2023-11-26,33.079166666666666,18.816666666666666,220.91666666666666,4.020833333333333,2.7458333333333336,76.75,31.0,33.0,11,77,3.0,5,77.0
2023-11-27,32.00833333333333,17.825,202.625,4.666666666666667,3.404166666666667,67.95833333333333,30.0,32.0,10,68,4.0,6,68.0
2023-11-28,20.879166666666666,11.708333333333334,193.70833333333334,5.0125,3.4791666666666665,65.33333333333333,20.0,21.0,10,65,4.0,6,65.0
2023-11-29,11.625,6.570833333333333,187.25,4.2124999999999995,3.1125000000000003,62.958333333333336,11.0,12.0,9,63,4.0,5,63.0
2023-11-30,15.466666666666667,8.8375,203.20833333333334,4.545833333333333,3.095833333333333,64.20833333333333,15.0,15.0,10,64,4.0,6,64.0
2023-12-01,33.862500000000004,18.804166666666667,204.66666666666666,2.7375000000000003,2.4375,78.95833333333333,31.0,34.0,10,79,3.0,3,79.0
2023-12-02,21.754166666666666,11.862499999999999,178.25,2.433333333333333,1.7750000000000001,66.79166666666667,20.0,22.0,9,67,2.0,3,67.0
2023-12-03,19.433333333333334,10.475,153.66666666666666,2.3125,1.5125,56.875,17.0,19.0,8,57,2.0,3,57.0
2023-12-04,12.4625,7.404166666666666,219.875,6.533333333333334,5.0625,53.041666666666664,12.0,12.0,11,53,6.0,8,53.0
2023-12-05,26.1875,16.0125,313.5833333333333,10.612499999999999,9.65,86.33333333333333,27.0,26.0,16,86,12.0,13,86.0
2023-12-06,26.758333333333336,15.908333333333333,277.625,8.6875,11.995833333333332,97.66666666666667,27.0,27.0,14,98,15.0,11,98.0
2023-12-07,20.9875,12.525,258.3333333333333,9.5625,9.454166666666667,84.08333333333333,21.0,21.0,13,84,12.0,12,84.0
2023-12-08,19.724999999999998,11.725,226.66666666666666,5.637499999999999,4.266666666666667,69.08333333333333,20.0,20.0,11,69,5.0,7,69.0
2023-12-09,33.579166666666666,20.291666666666668,221.20833333333334,4.766666666666667,3.6999999999999997,73.91666666666667,34.0,34.0,11,74,5.0,6,74.0
2023-12-10,36.229166666666664,21.641666666666666,257.25,4.154166666666667,4.195833333333334,84.70833333333333,36.0,36.0,13,85,5.0,5,85.0
2023-12-11,42.295833333333334,24.65416666666667,254.04166666666666,3.9250000000000003,4.533333333333333,93.70833333333333,41.0,42.0,13,94,6.0,5,94.0
2023-12-12,56.8125,33.32083333333333,284.7916666666667,5.304166666666666,5.479166666666667,102.29166666666667,56.0,57.0,14,103,7.0,7,103.0
2023-12-13,61.46666666666667,35.204166666666666,281.875,4.483333333333333,5.041666666666667,108.16666666666667,59.0,61.0,14,112,6.0,6,112.0
2023-12-14,59.94583333333333,33.391666666666666,263.8333333333333,3.6041666666666665,4.341666666666667,111.33333333333333,56.0,60.0,13,117,5.0,5,117.0
2023-12-15,57.23333333333333,32.80833333333333,273.5416666666667,3.466666666666667,3.658333333333333,104.66666666666667,55.0,57.0,14,107,5.0,4,107.0
2023-12-16,57.083333333333336,32.083333333333336,244.25,2.975,3.5625,109.29166666666667,53.0,57.0,12,114,4.0,4,114.0
2023-12-17,62.09166666666667,35.050000000000004,256.4583333333333,2.8041666666666667,4.9875,124.08333333333333,58.0,62.0,13,135,6.0,4,135.0
2023-12-18,65.13333333333334,37.358333333333334,241.41666666666666,2.891666666666667,4.333333333333333,115.375,62.0,65.0,12,123,5.0,4,123.0
2023-12-19,63.145833333333336,36.079166666666666,234.66666666666666,2.8666666666666667,3.7125,111.91666666666667,60.0,63.0,12,118,5.0,4,118.0
2023-12-20,80.03157894736842,46.55416666666667,297.75,3.4125,4.558333333333334,124.95833333333333,78.0,80.0,15,137,6.0,4,137.0
2023-12-21,85.28571428571429,52.074999999999996,350.5416666666667,3.8541666666666665,9.1,128.29166666666666,87.0,85.0,18,142,11.0,5,142.0
2023-12-22,79.89999999999999,46.84166666666667,362.5416666666667,4.995833333333334,9.075000000000001,126.25,78.0,80.0,18,139,11.0,6,139.0
2023-12-23,63.3125,36.9625,299.5,5.041666666666667,5.541666666666667,118.20833333333333,62.0,63.0,15,127,7.0,6,127.0
2023-12-24,40.520833333333336,23.383333333333336,240.45833333333334,3.5625,2.8208333333333333,94.625,39.0,41.0,12,95,4.0,4,95.0
2023-12-25,29.620833333333334,16.991666666666667,216.08333333333334,3.3125,2.6958333333333333,81.75,28.0,30.0,11,82,3.0,4,82.0
2023-12-26,30.495833333333334,17.391666666666666,201.5,3.845833333333333,2.720833333333333,70.75,29.0,30.0,10,71,3.0,5,71.0
2023-12-27,34.275,19.479166666666668,221.20833333333334,3.2083333333333335,2.620833333333333,84.375,32.0,34.0,11,84,3.0,4,84.0
2023-12-28,33.775,18.991666666666667,219.75,3.283333333333333,2.7708333333333335,79.41666666666667,32.0,34.0,11,79,3.0,4,79.0
2023-12-29,35.65,19.933333333333334,236.0,3.35,3.2125,81.20833333333333,33.0,36.0,12,81,4.0,4,81.0
2023-12-30,58.833333333333336,34.21666666666667,291.5,3.8166666666666664,4.5625,98.91666666666667,57.0,59.0,15,99,6.0,5,99.0
2023-12-31,72.69565217391305,43.229166666666664,328.7916666666667,5.079166666666667,5.0,100.95833333333333,72.0,73.0,16,101,6.0,6,101.0
2024-01-01,64.16153846153847,42.53684210526316,325.1666666666667,4.608333333333333,4.825,110.04166666666667,71.0,64.0,16,115,6.0,6,115.0
2024-01-02,71.79166666666667,41.69583333333333,335.9583333333333,5.2124999999999995,4.6875,114.25,69.0,72.0,17,121,6.0,7,121.0
2024-01-03,52.96666666666667,30.245833333333334,243.16666666666666,4.75,3.216666666666667,95.33333333333333,50.0,53.0,12,95,4.0,6,95.0
2024-01-04,52.59166666666667,30.21666666666667,246.58333333333334,5.220833333333333,3.5208333333333335,92.04166666666667,50.0,53.0,12,92,4.0,7,92.0
2024-01-05,41.708333333333336,23.912499999999998,234.58333333333334,5.25,3.6875,87.79166666666667,40.0,42.0,12,88,5.0,7,88.0
2024-01-06,37.25833333333333,20.491666666666667,174.75,2.9,2.4041666666666663,80.91666666666667,34.0,37.0,9,81,3.0,4,81.0
2024-01-07,30.691666666666666,17.191666666666666,188.33333333333334,3.6333333333333333,2.1958333333333333,75.375,29.0,31.0,9,75,3.0,5,75.0
2024-01-08,44.479166666666664,25.712500000000002,248.66666666666666,4.179166666666666,2.7583333333333333,85.41666666666667,43.0,44.0,12,85,3.0,5,85.0
2024-01-09,56.99583333333334,33.62083333333333,283.0833333333333,3.3708333333333336,3.079166666666667,94.29166666666667,56.0,57.0,14,94,4.0,4,94.0
2024-01-10,54.02916666666667,32.4625,305.9583333333333,5.3875,3.9,88.04166666666667,54.0,54.0,15,88,5.0,7,88.0
2024-01-11,58.0,35.295833333333334,323.9166666666667,5.633333333333333,5.5125,88.45833333333333,59.0,58.0,16,88,7.0,7,88.0
2024-01-12,79.78,47.93529411764706,393.0833333333333,6.108333333333333,8.325000000000001,116.125,80.0,80.0,20,124,10.0,8,124.0
2024-01-13,,,453.0769230769231,10.737499999999999,9.325000000000001,115.625,,,23,123,12.0,13,123.0
2024-01-14,,,435.7142857142857,11.0875,8.704166666666667,102.33333333333333,,,22,103,11.0,14,103.0
2024-01-15,74.53333333333333,45.82,387.63157894736844,9.520833333333334,8.237499999999999,106.79166666666667,76.0,75.0,19,110,10.0,12,110.0
2024-01-16,36.78333333333333,21.879166666666666,327.4583333333333,12.608333333333334,9.979166666666666,90.0,36.0,37.0,16,90,12.0,16,90.0
2024-01-17,26.650000000000002,16.150000000000002,254.83333333333334,10.141666666666667,8.091666666666667,79.25,27.0,27.0,13,79,10.0,13,79.0
2024-01-18,22.516666666666666,13.479166666666666,217.16666666666666,7.466666666666666,6.325,69.04166666666667,22.0,23.0,11,69,8.0,9,69.0
2024-01-19,30.0625,18.229166666666668,216.625,6.991666666666667,4.729166666666667,61.375,30.0,30.0,11,61,6.0,9,61.0
2024-01-20,26.820833333333336,16.0125,232.95833333333334,5.970833333333334,4.0375000000000005,65.125,27.0,27.0,12,65,5.0,7,65.0
2024-01-21,23.6875,14.299999999999999,241.29166666666666,9.229166666666666,6.2625,67.875,24.0,24.0,12,68,8.0,12,68.0
2024-01-22,30.462500000000002,18.695833333333333,287.8333333333333,10.762500000000001,7.220833333333332,72.95833333333333,31.0,30.0,14,73,9.0,13,73.0
2024-01-23,42.12083333333333,25.59583333333333,293.4166666666667,8.833333333333334,5.495833333333334,81.0,43.0,42.0,15,81,7.0,11,81.0
2024-01-24,42.108333333333334,25.445833333333336,273.0416666666667,7.2250000000000005,5.2250000000000005,82.16666666666667,42.0,42.0,14,82,7.0,9,82.0
2024-01-25,40.300000000000004,24.7625,303.6666666666667,8.420833333333333,5.733333333333333,74.66666666666667,41.0,40.0,15,75,7.0,11,75.0
2024-01-26,41.300000000000004,25.420833333333334,287.0833333333333,6.091666666666666,4.208333333333333,69.54166666666667,42.0,41.0,14,70,5.0,8,70.0
2024-01-27,39.05416666666667,23.491666666666664,248.875,4.320833333333334,3.4291666666666667,79.95833333333333,39.0,39.0,12,80,4.0,5,80.0
2024-01-28,62.275,37.32083333333333,338.0,4.3625,4.858333333333333,107.0,62.0,62.0,17,110,6.0,5,110.0
2024-01-29,57.625,31.4375,310.2916666666667,4.920833333333333,6.166666666666667,114.70833333333333,52.0,58.0,16,122,8.0,6,122.0
2024-01-30,35.891666666666666,20.216666666666665,239.08333333333334,4.675,4.2375,84.875,34.0,36.0,12,85,5.0,6,85.0
2024-01-31,25.025000000000002,14.475,207.5,5.9375,5.075,66.54166666666667,24.0,25.0,10,67,6.0,7,67.0
2024-02-01,21.675,12.920833333333334,237.54166666666666,6.983333333333333,5.854166666666667,56.583333333333336,22.0,22.0,12,57,7.0,9,57.0
2024-02-02,22.6875,13.666666666666666,234.79166666666666,6.179166666666667,5.325,58.25,23.0,23.0,12,58,7.0,8,58.0
2024-02-03,33.80833333333333,20.554166666666667,205.08333333333334,5.979166666666667,5.008333333333334,63.25,34.0,34.0,10,63,6.0,7,63.0
2024-02-04,21.599999999999998,12.995833333333332,187.75,6.016666666666667,4.941666666666666,57.791666666666664,22.0,22.0,9,58,6.0,8,58.0
2024-02-05,37.87083333333333,22.34583333333333,189.08333333333334,7.116666666666667,5.0375000000000005,66.25,37.0,38.0,9,66,6.0,9,66.0
2024-02-06,61.40833333333333,33.61666666666667,278.75,8.804166666666667,6.633333333333333,76.16666666666667,56.0,61.0,14,76,8.0,11,76.0
2024-02-07,47.53333333333333,22.412499999999998,283.3333333333333,10.674999999999999,8.345833333333333,72.91666666666667,37.0,48.0,14,73,10.0,13,73.0
2024-02-08,45.11666666666667,21.420833333333334,273.875,11.4625,8.354166666666666,71.875,36.0,45.0,14,72,10.0,14,72.0
2024-02-09,42.59583333333333,22.150000000000002,212.54166666666666,5.529166666666666,5.395833333333333,71.0,37.0,43.0,11,71,7.0,7,71.0
2024-02-10,75.15833333333333,43.48333333333333,285.7083333333333,4.975,4.45,95.83333333333333,72.0,75.0,14,96,6.0,6,96.0
2024-02-11,54.9625,29.208333333333332,249.33333333333334,5.116666666666666,4.758333333333334,108.625,49.0,55.0,12,113,6.0,6,113.0
2024-02-12,32.795833333333334,18.675,195.04166666666666,4.8875,3.720833333333333,87.875,31.0,33.0,10,88,5.0,6,88.0
2024-02-13,30.879166666666666,18.2625,233.33333333333334,3.5833333333333335,3.108333333333333,84.0,30.0,31.0,12,84,4.0,4,84.0
2024-02-14,38.15416666666667,21.495833333333334,237.75,4.804166666666666,3.783333333333333,87.29166666666667,36.0,38.0,12,87,5.0,6,87.0
2024-02-15,42.27916666666667,24.108333333333334,232.91666666666666,4.341666666666667,4.1125,90.625,40.0,42.0,12,91,5.0,5,91.0
2024-02-16,30.641666666666666,17.787499999999998,229.33333333333334,4.5,3.658333333333333,85.0,30.0,31.0,11,85,5.0,6,85.0
2024-02-17,34.6625,20.587500000000002,246.83333333333334,6.395833333333333,4.320833333333334,80.08333333333333,34.0,35.0,12,80,5.0,8,80.0
2024-02-18,36.237500000000004,20.945833333333333,250.0,6.7625,5.345833333333334,76.16666666666667,35.0,36.0,12,76,7.0,8,76.0
2024-02-19,41.699999999999996,24.041666666666668,230.5,5.791666666666667,4.9624999999999995,76.54166666666667,40.0,42.0,12,77,6.0,7,77.0
2024-02-20,42.98333333333333,25.979166666666668,245.41666666666666,5.3625,5.2,84.79166666666667,43.0,43.0,12,85,7.0,7,85.0
2024-02-21,39.62916666666667,23.775000000000002,225.375,5.095833333333333,5.208333333333333,83.375,40.0,40.0,11,83,7.0,6,83.0
2024-02-22,35.612500000000004,20.729166666666668,196.25,4.166666666666667,5.016666666666667,75.70833333333333,35.0,36.0,10,76,6.0,5,76.0
2024-02-23,42.74583333333334,25.0625,224.58333333333334,3.891666666666667,4.808333333333334,80.79166666666667,42.0,43.0,11,81,6.0,5,81.0
2024-02-24,36.137499999999996,20.9375,184.16666666666666,3.6750000000000003,4.204166666666667,72.29166666666667,35.0,36.0,9,72,5.0,5,72.0
2024-02-25,38.1,21.554166666666664,178.08333333333334,3.970833333333333,4.016666666666667,67.58333333333333,36.0,38.0,9,68,5.0,5,68.0
2024-02-26,35.9125,20.491666666666667,183.83333333333334,2.808333333333333,2.8000000000000003,65.875,34.0,36.0,9,66,4.0,4,66.0
2024-02-27,34.145833333333336,20.420833333333334,203.54166666666666,3.891666666666667,3.154166666666667,70.54166666666667,34.0,34.0,10,71,4.0,5,71.0
2024-02-28,38.40416666666667,23.645833333333332,218.83333333333334,4.575,3.641666666666667,72.79166666666667,39.0,38.0,11,73,5.0,6,73.0
2024-02-29,39.920833333333334,25.2,224.41666666666666,4.8500000000000005,4.420833333333333,78.20833333333333,42.0,40.0,11,78,6.0,6,78.0
2024-03-01,47.520833333333336,30.329166666666666,247.45833333333334,7.795833333333333,5.454166666666667,70.45833333333333,51.0,48.0,12,70,7.0,10,70.0
2024-03-02,60.17083333333334,36.65,232.95833333333334,5.770833333333333,6.254166666666666,83.95833333333333,61.0,60.0,12,84,8.0,7,84.0
2024-03-03,61.31666666666666,32.104166666666664,241.25,4.933333333333334,5.708333333333333,88.875,54.0,61.0,12,89,7.0,6,89.0
2024-03-04,47.88333333333333,26.370833333333334,217.875,5.008333333333334,5.695833333333333,81.33333333333333,44.0,48.0,11,81,7.0,6,81.0
2024-03-05,38.37083333333333,22.041666666666668,210.20833333333334,5.7875000000000005,6.704166666666667,76.04166666666667,37.0,38.0,11,76,8.0,7,76.0
2024-03-06,35.708333333333336,20.725,205.125,5.545833333333333,5.808333333333334,69.54166666666667,35.0,36.0,10,70,7.0,7,70.0
2024-03-07,38.645833333333336,22.504166666666666,184.08333333333334,4.529166666666667,5.116666666666666,66.41666666666667,38.0,39.0,9,66,6.0,6,66.0
2024-03-08,47.27916666666667,28.40416666666667,198.75,4.383333333333334,5.666666666666667,70.29166666666667,47.0,47.0,10,70,7.0,5,70.0
2024-03-09,38.0375,22.65416666666667,200.79166666666666,3.845833333333333,5.25,71.33333333333333,38.0,38.0,10,71,7.0,5,71.0
2024-03-10,49.762499999999996,29.825,191.95833333333334,4.05,4.7250000000000005,70.41666666666667,50.0,50.0,10,70,6.0,5,70.0
2024-03-11,47.333333333333336,25.912499999999998,222.54166666666666,4.408333333333333,5.508333333333333,89.83333333333333,43.0,47.0,11,90,7.0,6,90.0
2024-03-12,41.63333333333333,22.087500000000002,202.08333333333334,5.175,6.220833333333334,93.875,37.0,42.0,10,94,8.0,6,94.0
2024-03-13,52.237500000000004,28.52916666666667,196.75,4.45,5.804166666666667,98.91666666666667,48.0,52.0,10,99,7.0,6,99.0
2024-03-14,42.979166666666664,22.683333333333334,192.5,4.2250000000000005,5.758333333333333,93.5,38.0,43.0,10,94,7.0,5,94.0
2024-03-15,33.766666666666666,18.691666666666666,173.625,3.9499999999999997,4.879166666666666,75.41666666666667,31.0,34.0,9,75,6.0,5,75.0
2024-03-16,25.258333333333336,14.133333333333333,161.5,3.5,3.954166666666667,61.875,24.0,25.0,8,62,5.0,4,62.0
2024-03-17,19.879166666666666,10.733333333333334,142.125,3.7708333333333335,4.3374999999999995,55.916666666666664,18.0,20.0,7,56,5.0,5,56.0
2024-03-18,37.979166666666664,21.46666666666667,196.95833333333334,4.3374999999999995,4.9875,66.33333333333333,36.0,38.0,10,66,6.0,5,66.0
2024-03-19,62.34166666666667,34.34583333333333,197.58333333333334,3.7916666666666665,4.866666666666666,71.125,57.0,62.0,10,71,6.0,5,71.0
2024-03-20,40.354166666666664,23.099999999999998,173.91666666666666,3.1125000000000003,4.25,69.125,38.0,40.0,9,69,5.0,4,69.0
2024-03-21,37.983333333333334,22.075,191.625,4.366666666666666,4.004166666666666,62.916666666666664,37.0,38.0,10,63,5.0,5,63.0
2024-03-22,42.137499999999996,25.099999999999998,215.29166666666666,4.675,5.0125,63.958333333333336,42.0,42.0,11,64,6.0,6,64.0
2024-03-23,37.416666666666664,22.575,243.33333333333334,4.9125000000000005,5.4750000000000005,66.41666666666667,38.0,37.0,12,66,7.0,6,66.0
2024-03-24,36.016666666666666,21.454166666666666,251.33333333333334,5.1499999999999995,5.058333333333334,64.45833333333333,36.0,36.0,13,64,6.0,6,64.0
2024-03-25,29.21666666666667,16.783333333333335,233.125,6.408333333333334,5.729166666666667,60.916666666666664,28.0,29.0,12,61,7.0,8,61.0
2024-03-26,24.454166666666666,14.083333333333334,226.875,5.770833333333333,4.983333333333333,58.541666666666664,23.0,24.0,11,59,6.0,7,59.0
2024-03-27,28.645833333333332,16.983333333333334,215.75,5.2875000000000005,5.495833333333334,53.125,28.0,29.0,11,53,7.0,7,53.0
2024-03-28,29.787499999999998,17.983333333333334,209.91666666666666,5.258333333333334,5.816666666666666,56.375,30.0,30.0,10,56,7.0,7,56.0
2024-03-29,31.1375,18.412499999999998,227.375,4.820833333333334,4.95,57.375,31.0,31.0,11,57,6.0,6,57.0
2024-03-30,23.587500000000002,13.579166666666666,202.20833333333334,4.683333333333334,4.708333333333333,60.0,23.0,24.0,10,60,6.0,6,60.0
2024-03-31,20.0125,11.633333333333333,184.08333333333334,4.55,4.925,48.875,19.0,20.0,9,49,6.0,6,49.0
2024-04-01,21.191666666666666,12.4,181.33333333333334,4.3374999999999995,5.233333333333333,45.958333333333336,21.0,21.0,9,46,7.0,5,46.0
2024-04-02,25.491666666666664,15.049999999999999,169.25,4.1000000000000005,4.904166666666667,42.5,25.0,25.0,8,42,6.0,5,42.0
2024-04-03,20.195833333333333,11.695833333333333,146.29166666666666,4.125,4.433333333333334,43.541666666666664,19.0,20.0,7,44,6.0,5,44.0
2024-04-04,15.679166666666667,9.054166666666667,152.125,4.941666666666666,4.741666666666666,45.125,15.0,16.0,8,45,6.0,6,45.0
2024-04-05,15.070833333333333,8.7125,156.45833333333334,5.741666666666667,5.795833333333333,48.125,15.0,15.0,8,48,7.0,7,48.0
2024-04-06,27.45,15.254166666666668,173.33333333333334,5.733333333333333,5.420833333333333,61.958333333333336,25.0,27.0,9,62,7.0,7,62.0
2024-04-07,29.55,17.045833333333334,170.29166666666666,5.120833333333334,4.8999999999999995,55.833333333333336,28.0,30.0,9,56,6.0,6,56.0
2024-04-08,31.770833333333332,18.591666666666665,154.5,3.8249999999999997,4.458333333333333,54.875,31.0,32.0,8,55,6.0,5,55.0
2024-04-09,57.324999999999996,31.46666666666667,182.875,3.891666666666667,4.45,58.125,52.0,57.0,9,58,6.0,5,58.0
2024-04-10,61.11666666666667,34.52916666666667,228.54166666666666,6.166666666666667,5.379166666666666,64.83333333333333,58.0,61.0,11,65,7.0,8,65.0
2024-04-11,40.324999999999996,23.304166666666664,215.70833333333334,4.0874999999999995,4.716666666666667,66.375,39.0,40.0,11,66,6.0,5,66.0
2024-04-12,28.120833333333334,16.120833333333334,195.66666666666666,3.4,3.6916666666666664,69.54166666666667,27.0,28.0,10,70,5.0,4,70.0
2024-04-13,38.612500000000004,22.829166666666666,223.41666666666666,4.820833333333333,4.866666666666666,72.45833333333333,38.0,39.0,11,72,6.0,6,72.0
2024-04-14,49.262499999999996,29.833333333333332,244.45833333333334,6.6875,6.129166666666666,72.95833333333333,50.0,49.0,12,73,8.0,8,73.0
2024-04-15,29.579166666666666,17.979166666666668,223.54166666666666,7.004166666666666,6.154166666666666,61.583333333333336,30.0,30.0,11,62,8.0,9,62.0
2024-04-16,33.137499999999996,20.008333333333333,226.375,6.279166666666666,6.391666666666667,64.54166666666667,33.0,33.0,11,65,8.0,8,65.0
2024-04-17,34.19166666666667,19.866666666666667,176.91666666666666,4.6499999999999995,5.175,54.583333333333336,33.0,34.0,9,55,6.0,6,55.0
2024-04-18,33.0375,18.8625,177.875,4.616666666666666,6.504166666666666,82.875,31.0,33.0,9,83,8.0,6,83.0
2024-04-19,26.504166666666666,14.933333333333332,155.04166666666666,4.341666666666667,6.066666666666666,80.79166666666667,25.0,27.0,8,81,8.0,5,81.0
2024-04-20,29.933333333333334,16.991666666666667,176.125,4.0874999999999995,5.395833333333333,88.625,28.0,30.0,9,89,7.0,5,89.0
2024-04-21,23.4875,12.604166666666666,138.66666666666666,4.3500000000000005,4.929166666666666,72.29166666666667,21.0,23.0,7,72,6.0,5,72.0
2024-04-22,26.691666666666666,13.483333333333334,140.20833333333334,4.570833333333334,5.016666666666667,64.58333333333333,22.0,27.0,7,65,6.0,6,65.0
2024-04-23,21.291666666666668,11.0625,146.625,5.045833333333333,5.216666666666667,58.708333333333336,18.0,21.0,7,59,7.0,6,59.0
2024-04-24,17.325,9.266666666666667,143.95833333333334,5.083333333333333,5.945833333333333,60.958333333333336,15.0,17.0,7,61,7.0,6,61.0
2024-04-25,17.662499999999998,8.358333333333333,140.20833333333334,5.5375000000000005,5.283333333333333,49.666666666666664,14.0,18.0,7,50,7.0,7,50.0
2024-04-26,22.383333333333336,10.566666666666666,141.25,4.470833333333333,5.154166666666667,51.375,18.0,22.0,7,51,6.0,6,51.0
2024-04-27,21.183333333333334,11.316666666666668,157.45833333333334,4.5625,5.733333333333333,56.75,19.0,21.0,8,57,7.0,6,57.0
2024-04-28,16.441666666666666,9.791666666666666,148.45833333333334,4.3125,5.470833333333334,47.375,16.0,16.0,7,47,7.0,5,47.0
2024-04-29,14.991666666666667,8.754166666666666,129.70833333333334,3.6458333333333335,4.8500000000000005,39.083333333333336,15.0,15.0,6,39,6.0,5,39.0
2024-04-30,18.570833333333333,10.883333333333333,123.20833333333333,3.6875,4.808333333333333,39.625,18.0,19.0,6,40,6.0,5,40.0
2024-05-01,18.775000000000002,10.658333333333333,154.5,4.308333333333334,6.858333333333333,79.375,18.0,19.0,8,79,9.0,5,79.0
2024-05-02,27.516666666666666,15.479166666666666,167.54166666666666,4.391666666666667,5.245833333333334,83.95833333333333,26.0,28.0,8,84,7.0,5,84.0
2024-05-03,35.775,20.620833333333334,166.75,4.316666666666666,5.825,80.54166666666667,34.0,36.0,8,81,7.0,5,81.0
2024-05-04,26.370833333333334,15.095833333333333,165.29166666666666,4.745833333333334,5.6625000000000005,75.70833333333333,25.0,26.0,8,76,7.0,6,76.0
2024-05-05,32.208333333333336,18.333333333333332,170.66666666666666,3.908333333333333,5.208333333333333,88.29166666666667,31.0,32.0,9,88,7.0,5,88.0
2024-05-06,38.65,22.22083333333333,153.79166666666666,4.079166666666667,6.233333333333333,96.58333333333333,37.0,39.0,8,97,8.0,5,97.0
2024-05-07,30.683333333333334,17.587500000000002,154.5,3.5749999999999997,4.766666666666667,86.625,29.0,31.0,8,87,6.0,4,87.0
2024-05-08,18.3125,10.258333333333333,149.91666666666666,6.625,10.030434782608696,75.79166666666667,17.0,18.0,7,76,13.0,8,76.0
2024-05-09,17.641666666666666,9.725,115.45833333333333,3.7125,4.466666666666667,50.75,16.0,18.0,6,51,6.0,5,51.0
2024-05-10,15.174999999999999,8.475,111.625,3.579166666666667,4.8,47.25,14.0,15.0,6,47,6.0,4,47.0
2024-05-11,10.095833333333333,5.745833333333334,112.125,3.9000000000000004,5.141666666666667,51.083333333333336,10.0,10.0,6,51,6.0,5,51.0
2024-05-12,13.016666666666666,7.441666666666666,119.25,4.279166666666667,5.495833333333334,43.75,12.0,13.0,6,44,7.0,5,44.0
2024-05-13,21.358333333333334,12.470833333333333,129.58333333333334,4.866666666666666,6.641666666666667,45.208333333333336,21.0,21.0,6,45,8.0,6,45.0
2024-05-14,25.375,13.870833333333332,132.375,4.3500000000000005,5.8125,45.625,23.0,25.0,7,46,7.0,5,46.0
2024-05-15,14.587499999999999,8.091666666666667,135.0,4.2250000000000005,5.016666666666667,49.75,13.0,15.0,7,50,6.0,5,50.0
2024-05-16,11.529166666666667,6.691666666666666,129.83333333333334,5.870833333333334,6.2875000000000005,39.625,11.0,12.0,6,40,8.0,7,40.0
2024-05-17,10.75,6.454166666666667,157.08333333333334,8.533333333333333,8.416666666666666,44.708333333333336,11.0,11.0,8,45,11.0,11,45.0
2024-05-18,9.799999999999999,5.7749999999999995,154.66666666666666,6.7625,5.683333333333334,50.041666666666664,10.0,10.0,8,50,7.0,8,50.0
2024-05-19,16.849999999999998,9.795833333333333,184.20833333333334,5.7250000000000005,9.629166666666666,74.58333333333333,16.0,17.0,9,75,12.0,7,75.0
2024-05-20,9.795833333333333,5.983333333333333,170.16666666666666,7.675,6.629166666666666,41.125,10.0,10.0,9,41,8.0,10,41.0
2024-05-21,13.125,7.729166666666667,174.75,8.1375,7.25,46.958333333333336,13.0,13.0,9,47,9.0,10,47.0
2024-05-22,10.8125,6.391666666666667,193.125,7.770833333333333,5.229166666666667,55.333333333333336,11.0,11.0,10,55,7.0,10,55.0
2024-05-23,11.941666666666668,6.879166666666666,159.25,5.745833333333334,6.320833333333333,65.08333333333333,11.0,12.0,8,65,8.0,7,65.0
2024-05-24,36.858333333333334,23.504166666666666,287.7083333333333,10.700000000000001,15.791666666666666,97.83333333333333,39.0,37.0,14,98,20.0,13,98.0
2024-05-25,65.1,40.15833333333333,365.9166666666667,12.220833333333333,10.558333333333334,107.04347826086956,67.0,65.0,18,110,13.0,15,110.0
2024-05-26,60.99166666666667,36.90833333333333,293.7916666666667,10.866666666666667,11.054166666666667,97.95238095238095,62.0,61.0,15,98,14.0,14,98.0
2024-05-27,47.395833333333336,26.104166666666668,266.0416666666667,9.720833333333333,8.4125,104.75,44.0,47.0,13,107,11.0,12,107.0
2024-05-28,46.729166666666664,27.075,277.7083333333333,10.075000000000001,8.075000000000001,101.58333333333333,45.0,47.0,14,102,10.0,13,102.0
2024-05-29,36.03333333333333,19.966666666666665,236.91666666666666,7.137499999999999,7.954166666666667,105.75,33.0,36.0,12,108,10.0,9,108.0
2024-05-30,52.19583333333333,29.208333333333332,273.0416666666667,6.608333333333333,9.775,112.72222222222223,49.0,52.0,14,119,12.0,8,119.0
2024-05-31,49.458333333333336,27.766666666666666,267.1666666666667,6.0,7.191666666666666,121.47826086956522,46.0,49.0,13,132,9.0,8,132.0
2024-06-01,58.12083333333334,31.854166666666668,243.0,5.679166666666667,9.8125,122.04166666666667,53.0,58.0,12,132,12.0,7,132.0
2024-06-02,62.479166666666664,35.329166666666666,273.25,7.358333333333333,12.887500000000001,110.4090909090909,59.0,62.0,14,115,16.0,9,115.0
2024-06-03,59.395833333333336,37.016666666666666,293.2916666666667,9.375,13.733333333333334,112.16666666666667,62.0,59.0,15,118,17.0,12,118.0
2024-06-04,49.625,30.541666666666668,299.0416666666667,9.179166666666667,13.945833333333333,114.45833333333333,51.0,50.0,15,121,17.0,11,121.0
2024-06-05,45.22083333333333,29.704166666666666,274.125,10.875,14.383333333333333,101.66666666666667,50.0,45.0,14,102,18.0,14,102.0
2024-06-06,38.0375,25.166666666666668,244.66666666666666,9.612499999999999,16.016666666666666,100.70833333333333,42.0,38.0,12,101,20.0,12,101.0
2024-06-07,29.004166666666666,19.308333333333334,245.66666666666666,11.304166666666667,17.045833333333334,89.625,32.0,29.0,12,90,21.0,14,90.0
2024-06-08,25.587500000000002,16.279166666666665,208.41666666666666,9.225,14.25,85.33333333333333,27.0,26.0,10,85,18.0,12,85.0
2024-06-09,30.520833333333332,18.620833333333334,265.4583333333333,12.308333333333332,11.9125,86.25,31.0,31.0,13,86,15.0,15,86.0
2024-06-10,29.016666666666666,17.104166666666668,251.08333333333334,11.2125,9.754166666666666,79.75,29.0,29.0,13,80,12.0,14,80.0
2024-06-11,27.96666666666667,17.775000000000002,256.8333333333333,13.325000000000001,11.120833333333332,76.5,30.0,28.0,13,76,14.0,17,76.0
2024-06-12,20.358333333333334,13.741666666666667,269.375,15.7875,11.854166666666666,51.75,23.0,20.0,13,52,15.0,20,52.0
2024-06-13,24.150000000000002,15.975,252.20833333333334,13.270833333333334,12.045833333333334,67.58333333333333,27.0,24.0,13,68,15.0,17,68.0
2024-06-14,35.958333333333336,19.558333333333334,272.2,15.820833333333333,13.541666666666666,82.79166666666667,33.0,36.0,14,83,17.0,20,83.0
2024-06-15,49.49166666666667,27.2625,339.8333333333333,16.570833333333333,14.891666666666666,85.79166666666667,45.0,49.0,17,86,19.0,21,86.0
2024-06-16,44.262499999999996,25.695833333333336,296.25,9.870833333333334,10.775,89.22222222222223,43.0,44.0,15,89,13.0,12,89.0
2024-06-17,37.391666666666666,21.84583333333333,240.75,9.2125,11.387500000000001,93.29166666666667,36.0,37.0,12,93,14.0,12,93.0
2024-06-18,30.995833333333334,19.470833333333335,234.45833333333334,8.920833333333333,10.8375,95.41666666666667,32.0,31.0,12,95,14.0,11,95.0
2024-06-19,33.7125,18.8875,233.04166666666666,9.491666666666667,11.0625,84.33333333333333,31.0,34.0,12,84,14.0,12,84.0
2024-06-20,32.96666666666667,19.7,270.0,11.283333333333333,12.025,87.33333333333333,33.0,33.0,14,87,15.0,14,87.0
2024-06-21,43.30416666666667,20.404166666666665,276.25,13.820833333333333,11.495833333333332,81.625,34.0,43.0,14,82,14.0,17,82.0
2024-06-22,33.670833333333334,16.254166666666666,227.58333333333334,10.433333333333334,11.5375,78.16666666666667,27.0,34.0,11,78,14.0,13,78.0
2024-06-23,31.40416666666667,18.291666666666668,219.5,9.9375,11.345833333333333,78.70833333333333,30.0,31.0,11,79,14.0,12,79.0
2024-06-24,24.741666666666664,15.745833333333332,203.66666666666666,9.041666666666666,9.591666666666667,75.41666666666667,26.0,25.0,10,75,12.0,11,75.0
2024-06-25,20.683333333333334,12.204166666666666,198.875,9.654166666666667,8.966666666666667,66.625,20.0,21.0,10,67,11.0,12,67.0
2024-06-26,17.804166666666667,11.637500000000001,219.66666666666666,12.7875,10.466666666666667,51.5,19.0,18.0,11,52,13.0,16,52.0
2024-06-27,14.229166666666666,9.458333333333334,204.95833333333334,11.025,8.941666666666666,53.125,16.0,14.0,10,53,11.0,14,53.0
2024-06-28,24.4875,13.395833333333334,184.25,7.270833333333333,8.091666666666667,78.79166666666667,22.0,24.0,9,79,10.0,9,79.0
2024-06-29,26.854166666666668,14.262500000000001,183.875,7.075,8.825000000000001,79.375,24.0,27.0,9,79,11.0,9,79.0
2024-06-30,28.90833333333333,15.166666666666666,185.08333333333334,9.554166666666667,12.508333333333333,66.79166666666667,25.0,29.0,9,67,16.0,12,67.0
2024-07-01,22.412499999999998,13.0875,200.04166666666666,9.9,10.35,71.25,22.0,22.0,10,71,13.0,12,71.0
2024-07-02,29.204166666666666,16.008333333333333,222.08333333333334,9.433333333333334,10.112499999999999,75.375,27.0,29.0,11,75,13.0,12,75.0
2024-07-03,32.324999999999996,16.966666666666665,257.7083333333333,13.1875,11.0,76.95833333333333,28.0,32.0,13,77,14.0,16,77.0
2024-07-04,35.625,19.233333333333334,236.16666666666666,10.720833333333333,10.629166666666666,76.625,32.0,36.0,12,77,13.0,13,77.0
2024-07-05,37.43333333333333,18.716666666666665,222.04166666666666,9.820833333333333,11.791666666666666,78.16666666666667,31.0,37.0,11,78,15.0,12,78.0
2024-07-06,41.420833333333334,19.033333333333335,232.41666666666666,12.862499999999999,15.333333333333334,57.625,32.0,41.0,12,58,19.0,16,58.0
2024-07-07,39.045833333333334,18.020833333333332,236.91666666666666,11.112499999999999,14.120833333333332,80.58333333333333,30.0,39.0,12,81,18.0,14,81.0
2024-07-08,36.7875,19.4875,244.875,13.679166666666667,13.604166666666666,62.416666666666664,32.0,37.0,12,62,17.0,17,62.0
2024-07-09,31.120833333333334,18.504166666666666,222.83333333333334,9.608333333333333,12.120833333333332,85.08333333333333,31.0,31.0,11,85,15.0,12,85.0
2024-07-10,32.4375,18.466666666666665,221.20833333333334,7.954166666666667,11.804166666666667,97.66666666666667,31.0,32.0,11,98,15.0,10,98.0
2024-07-11,29.433333333333334,18.537499999999998,236.625,12.383333333333333,13.75,67.33333333333333,31.0,29.0,12,67,17.0,15,67.0
2024-07-12,34.704166666666666,20.779166666666665,261.5833333333333,12.549999999999999,12.450000000000001,71.79166666666667,35.0,35.0,13,72,16.0,16,72.0
2024-07-13,31.25,18.866666666666667,312.2916666666667,20.008333333333333,14.6875,41.0,31.0,31.0,16,41,18.0,25,41.0
2024-07-14,20.016666666666666,12.558333333333332,256.2083333333333,15.904166666666667,11.920833333333334,34.416666666666664,21.0,20.0,13,34,15.0,20,34.0
2024-07-15,16.05,10.654166666666667,222.95833333333334,11.883333333333333,10.458333333333334,46.5,18.0,16.0,11,46,13.0,15,46.0
2024-07-16,15.204166666666666,10.083333333333334,227.5,13.1875,10.708333333333334,39.708333333333336,17.0,15.0,11,40,13.0,16,40.0
2024-07-17,20.283333333333335,13.041666666666666,228.95833333333334,11.85,10.258333333333333,57.208333333333336,22.0,20.0,11,57,13.0,15,57.0
2024-07-18,14.045833333333334,8.991666666666667,206.5,12.420833333333334,10.033333333333333,42.541666666666664,15.0,14.0,10,43,13.0,16,43.0
2024-07-19,11.5625,7.983333333333333,229.45833333333334,14.991666666666667,9.4,33.375,13.0,12.0,11,33,12.0,19,33.0
2024-07-20,14.633333333333333,9.366666666666667,225.08333333333334,13.525,9.266666666666667,43.083333333333336,16.0,15.0,11,43,12.0,17,43.0
2024-07-21,28.2625,15.262500000000001,242.0,13.670833333333334,8.674999999999999,57.458333333333336,25.0,28.0,12,57,11.0,17,57.0
2024-07-22,23.820833333333336,13.15,242.875,15.145833333333334,8.195833333333333,43.458333333333336,22.0,24.0,12,43,10.0,19,43.0
2024-07-23,22.837500000000002,13.2875,229.08333333333334,11.433333333333332,7.320833333333333,59.416666666666664,22.0,23.0,11,59,9.0,14,59.0
2024-07-24,17.979166666666668,10.75,217.58333333333334,11.995833333333332,7.891666666666667,49.208333333333336,18.0,18.0,11,49,10.0,15,49.0
2024-07-25,16.466666666666665,10.025,192.79166666666666,10.0375,8.091666666666667,49.916666666666664,17.0,16.0,10,50,10.0,13,50.0
2024-07-26,14.629166666666668,8.799999999999999,200.875,12.375,7.6375,43.416666666666664,15.0,15.0,10,43,10.0,15,43.0
2024-07-27,25.7,11.458333333333334,171.66666666666666,9.958333333333334,7.995833333333334,44.583333333333336,19.0,26.0,9,45,10.0,12,45.0
2024-07-28,29.450000000000003,12.879166666666668,184.20833333333334,9.654166666666667,7.870833333333334,51.875,21.0,29.0,9,52,10.0,12,52.0
2024-07-29,23.25,11.558333333333332,197.79166666666666,11.441666666666668,10.366666666666667,57.916666666666664,19.0,23.0,10,58,13.0,14,58.0
2024-07-30,21.599999999999998,12.191666666666668,244.54166666666666,12.887500000000001,10.5875,60.0,20.0,22.0,12,60,13.0,16,60.0
2024-07-31,23.791666666666668,14.629166666666668,227.45833333333334,11.137500000000001,8.9375,64.04166666666667,24.0,24.0,11,64,11.0,14,64.0
2024-08-01,25.825,16.366666666666667,251.0,13.033333333333333,10.454166666666667,62.916666666666664,27.0,26.0,13,63,13.0,16,63.0
2024-08-02,26.629166666666666,16.145833333333332,245.45833333333334,11.845833333333333,10.233333333333333,67.375,27.0,27.0,12,67,13.0,15,67.0
2024-08-03,35.1875,20.129166666666666,249.79166666666666,12.625,11.329166666666666,70.79166666666667,34.0,35.0,12,71,14.0,16,71.0
2024-08-04,26.379166666666666,15.15,212.875,8.958333333333334,10.108333333333333,80.70833333333333,25.0,26.0,11,81,13.0,11,81.0
2024-08-05,31.308333333333334,17.595833333333335,222.875,9.7875,13.091666666666667,82.70833333333333,29.0,31.0,11,83,16.0,12,83.0
2024-08-06,28.179166666666664,16.895833333333332,232.625,10.716666666666667,12.775,81.79166666666667,28.0,28.0,12,82,16.0,13,82.0
2024-08-07,33.391666666666666,22.308333333333334,303.45454545454544,15.004545454545456,19.441666666666666,62.458333333333336,37.0,33.0,15,62,24.0,19,62.0
2024-08-08,23.429166666666664,15.091666666666667,227.95833333333334,10.470833333333333,14.483333333333333,82.41666666666667,25.0,23.0,11,82,18.0,13,82.0
2024-08-09,28.691666666666666,15.954166666666666,224.33333333333334,9.904166666666667,11.683333333333332,82.33333333333333,27.0,29.0,11,82,15.0,12,82.0
2024-08-10,35.25,21.8125,272.6666666666667,13.887500000000001,18.820833333333333,86.0,36.0,35.0,14,86,24.0,17,86.0
2024-08-11,40.21666666666667,22.204166666666666,275.0416666666667,7.845833333333332,9.779166666666667,105.2,37.0,40.0,14,108,12.0,10,108.0
2024-08-12,37.35,20.4375,222.0,6.583333333333333,11.916666666666666,108.04761904761905,34.0,37.0,11,112,15.0,8,112.0
2024-08-13,30.333333333333332,17.508333333333333,192.70833333333334,6.7250000000000005,9.1625,73.16666666666667,29.0,30.0,10,73,11.0,8,73.0
2024-08-14,16.679166666666667,9.516666666666667,148.875,6.066666666666666,6.7749999999999995,52.833333333333336,16.0,17.0,7,53,8.0,8,53.0
2024-08-15,20.241666666666667,11.658333333333333,145.66666666666666,5.625,7.345833333333334,61.416666666666664,19.0,20.0,7,61,9.0,7,61.0
2024-08-16,20.845833333333335,11.845833333333333,146.41666666666666,5.166666666666667,6.158333333333334,56.25,20.0,21.0,7,56,8.0,6,56.0
2024-08-17,24.679166666666664,14.104166666666666,171.0,5.391666666666667,7.241666666666667,79.75,24.0,25.0,9,80,9.0,7,80.0
2024-08-18,34.1625,21.325,229.33333333333334,7.2875000000000005,14.242105263157896,97.72727272727273,36.0,34.0,11,98,18.0,9,98.0
2024-08-19,26.1875,16.008333333333333,188.70833333333334,8.495833333333334,14.112499999999999,72.79166666666667,27.0,26.0,9,73,18.0,11,73.0
2024-08-20,28.025000000000002,16.983333333333334,193.83333333333334,7.5375000000000005,13.174999999999999,77.45833333333333,28.0,28.0,10,77,16.0,9,77.0
2024-08-21,20.091666666666665,11.970833333333333,160.70833333333334,7.6000000000000005,11.129166666666668,61.833333333333336,20.0,20.0,8,62,14.0,10,62.0
2024-08-22,27.395833333333332,16.758333333333333,191.70833333333334,7.7875000000000005,11.5875,79.29166666666667,28.0,27.0,10,79,14.0,10,79.0
2024-08-23,33.041666666666664,19.908333333333335,204.75,8.145833333333334,12.012500000000001,83.08333333333333,33.0,33.0,10,83,15.0,10,83.0
2024-08-24,32.99166666666667,19.6125,245.625,10.791666666666666,10.929166666666667,77.0,33.0,33.0,12,77,14.0,13,77.0
2024-08-25,27.483333333333334,15.958333333333334,237.5,10.825000000000001,9.0,70.20833333333333,27.0,27.0,12,70,11.0,14,70.0
2024-08-26,25.266666666666666,15.220833333333333,229.20833333333334,10.470833333333333,9.345833333333333,72.20833333333333,25.0,25.0,11,72,12.0,13,72.0
2024-08-27,27.920833333333334,17.120833333333334,233.625,10.420833333333333,11.491666666666667,73.5,29.0,28.0,12,74,14.0,13,74.0
2024-08-28,25.120833333333334,16.5125,273.2916666666667,16.495833333333334,14.299999999999999,43.375,28.0,25.0,14,43,18.0,21,43.0
2024-08-29,22.245833333333334,14.266666666666666,266.25,15.383333333333333,11.575000000000001,42.75,24.0,22.0,13,43,14.0,19,43.0
2024-08-30,26.870833333333334,16.712500000000002,299.2083333333333,17.558333333333334,14.270833333333334,47.541666666666664,28.0,27.0,15,48,18.0,22,48.0
2024-08-31,18.479166666666668,11.7875,267.5833333333333,16.345833333333335,11.258333333333333,33.416666666666664,20.0,18.0,13,33,14.0,20,33.0
2024-09-01,22.133333333333336,13.575000000000001,229.79166666666666,10.595833333333333,9.941666666666666,71.33333333333333,23.0,22.0,11,71,12.0,13,71.0
2024-09-02,31.620833333333334,17.875,235.29166666666666,8.483333333333333,9.725,86.875,30.0,32.0,12,87,12.0,11,87.0
2024-09-03,37.891666666666666,21.195833333333333,256.3333333333333,11.0,12.424999999999999,88.16666666666667,35.0,38.0,13,88,16.0,14,88.0
2024-09-04,35.016666666666666,18.75,307.5,17.045833333333334,13.670833333333334,53.458333333333336,31.0,35.0,15,53,17.0,21,53.0
2024-09-05,31.90833333333333,17.1125,252.41666666666666,12.633333333333333,12.908333333333333,64.95833333333333,29.0,32.0,13,65,16.0,16,65.0
2024-09-06,31.691666666666666,16.516666666666666,280.25,15.200000000000001,17.870833333333334,40.708333333333336,28.0,32.0,14,41,22.0,19,41.0
2024-09-07,36.612500000000004,19.287499999999998,308.375,16.222727272727273,12.1875,52.458333333333336,32.0,37.0,15,52,15.0,20,52.0
2024-09-08,29.083333333333332,17.591666666666665,292.40909090909093,15.104545454545455,12.141666666666666,51.083333333333336,29.0,29.0,15,51,15.0,19,51.0
2024-09-09,23.650000000000002,14.658333333333333,240.375,12.416666666666666,9.570833333333333,58.041666666666664,24.0,24.0,12,58,12.0,16,58.0
2024-09-10,23.666666666666668,13.700000000000001,229.375,10.854166666666666,7.675,68.875,23.0,24.0,11,69,10.0,14,69.0
2024-09-11,26.825000000000003,15.095833333333333,219.91666666666666,9.987499999999999,9.408333333333333,68.75,25.0,27.0,11,69,12.0,12,69.0
2024-09-12,27.9875,15.841666666666667,232.20833333333334,8.766666666666667,10.770833333333334,95.375,26.0,28.0,12,95,13.0,11,95.0
2024-09-13,43.51666666666667,22.15416666666667,248.58333333333334,9.262500000000001,10.200000000000001,93.75,37.0,44.0,12,94,13.0,12,94.0
2024-09-14,38.891666666666666,19.025,228.79166666666666,8.358333333333333,9.270833333333334,93.91666666666667,32.0,39.0,11,94,12.0,10,94.0
2024-09-15,37.30416666666667,19.766666666666666,264.0,9.866666666666667,8.387500000000001,95.125,33.0,37.0,13,95,10.0,12,95.0
2024-09-16,32.56666666666667,15.883333333333333,230.83333333333334,9.795833333333333,8.270833333333334,85.33333333333333,26.0,33.0,12,85,10.0,12,85.0
2024-09-17,25.21666666666667,13.666666666666666,214.875,8.054166666666667,8.058333333333334,87.33333333333333,23.0,25.0,11,87,10.0,10,87.0
2024-09-18,42.2875,22.6375,235.125,8.945833333333333,12.029166666666667,104.95833333333333,38.0,42.0,12,107,15.0,11,107.0
2024-09-19,46.00416666666666,24.025000000000002,247.875,9.666666666666666,12.941666666666668,112.66666666666667,40.0,46.0,12,119,16.0,12,119.0
2024-09-20,49.73333333333333,27.537499999999998,244.375,8.091666666666667,12.891666666666666,114.875,46.0,50.0,12,122,16.0,10,122.0
2024-09-21,43.17083333333333,28.900000000000002,280.625,12.454166666666666,12.770833333333334,93.91666666666667,48.0,43.0,14,94,16.0,16,94.0
2024-09-22,40.40833333333333,26.233333333333334,288.625,14.15,14.887500000000001,84.70833333333333,44.0,40.0,14,85,19.0,18,85.0
2024-09-23,34.05416666666667,22.483333333333334,255.66666666666666,9.0875,13.183333333333332,113.5,37.0,34.0,13,120,16.0,11,120.0
2024-09-24,27.233333333333334,18.1375,265.2083333333333,10.229166666666666,12.9625,89.95652173913044,30.0,27.0,13,90,16.0,13,90.0
2024-09-25,25.84583333333333,15.966666666666667,235.08333333333334,10.112499999999999,12.166666666666666,91.25,27.0,26.0,12,91,15.0,13,91.0
2024-09-26,25.958333333333332,15.325000000000001,212.41666666666666,8.108333333333333,10.183333333333334,87.33333333333333,26.0,26.0,11,87,13.0,10,87.0
2024-09-27,24.925,14.137500000000001,180.375,6.904166666666666,9.141666666666667,79.70833333333333,24.0,25.0,9,80,11.0,9,80.0
2024-09-28,19.083333333333332,11.029166666666667,171.375,8.4125,9.125,64.20833333333333,18.0,19.0,9,64,11.0,11,64.0
2024-09-29,15.720833333333333,8.983333333333333,150.20833333333334,6.9125000000000005,8.195833333333333,38.583333333333336,15.0,16.0,8,39,10.0,9,39.0
2024-09-30,15.5375,8.879166666666666,135.875,6.620833333333334,6.641666666666667,35.5,15.0,16.0,7,36,8.0,8,36.0
2024-10-01,14.320833333333333,8.137500000000001,131.625,5.533333333333334,5.958333333333333,38.583333333333336,14.0,14.0,7,39,7.0,7,39.0
2024-10-02,21.745833333333334,12.887500000000001,182.83333333333334,8.525,11.058333333333332,67.125,21.0,22.0,9,67,14.0,11,67.0
2024-10-03,33.1875,21.979166666666668,284.09090909090907,12.109090909090908,15.208333333333334,97.85714285714286,37.0,33.0,14,98,19.0,15,98.0
2024-10-04,31.9375,21.645833333333332,277.625,9.816666666666666,13.241666666666667,118.5,36.0,32.0,14,127,17.0,12,127.0
2024-10-05,45.12083333333334,29.22083333333333,350.3333333333333,10.720833333333333,12.774999999999999,114.83333333333333,49.0,45.0,18,122,16.0,13,122.0
2024-10-06,50.32083333333333,31.02916666666667,327.625,10.070833333333333,14.3375,114.89473684210526,52.0,50.0,16,122,18.0,13,122.0
2024-10-07,33.69166666666667,18.945833333333333,209.83333333333334,7.8875,6.304166666666667,76.375,32.0,34.0,10,76,8.0,10,76.0
2024-10-08,15.362499999999999,9.445833333333333,211.875,8.9375,8.616666666666667,52.041666666666664,16.0,15.0,11,52,11.0,11,52.0
2024-10-09,13.154166666666667,8.15,190.83333333333334,10.020833333333334,9.1,41.375,14.0,13.0,10,41,11.0,13,41.0
2024-10-10,12.450000000000001,7.7625,184.375,7.895833333333333,7.1875,39.75,13.0,12.0,9,40,9.0,10,40.0
2024-10-11,12.5875,7.183333333333334,152.16666666666666,5.458333333333333,5.1000000000000005,51.125,12.0,13.0,8,51,6.0,7,51.0
2024-10-12,13.25,7.808333333333334,165.45833333333334,5.758333333333333,4.670833333333333,31.958333333333332,13.0,13.0,8,32,6.0,7,32.0
2024-10-13,11.708333333333334,6.8374999999999995,164.79166666666666,4.979166666666667,4.329166666666667,38.166666666666664,11.0,12.0,8,38,5.0,6,38.0
2024-10-14,11.254166666666668,6.2625,171.16666666666666,4.958333333333333,3.516666666666667,47.458333333333336,10.0,11.0,9,47,4.0,6,47.0
2024-10-15,9.466666666666667,5.375,151.875,5.4624999999999995,3.5500000000000003,43.208333333333336,9.0,9.0,8,43,4.0,7,43.0
2024-10-16,10.854166666666666,7.045833333333333,215.58333333333334,13.658333333333333,14.979166666666666,44.166666666666664,12.0,11.0,11,44,19.0,17,44.0
2024-10-17,32.24583333333333,19.458333333333332,273.2916666666667,9.270833333333334,14.85,109.95833333333333,32.0,32.0,14,115,19.0,12,115.0
2024-10-18,25.791666666666668,16.170833333333334,254.83333333333334,11.112499999999999,11.625,92.875,27.0,26.0,13,93,15.0,14,93.0
2024-10-19,12.058333333333332,7.404166666666666,186.83333333333334,7.9125000000000005,7.258333333333333,62.333333333333336,12.0,12.0,9,62,9.0,10,62.0
2024-10-20,10.091666666666667,6.095833333333334,171.875,7.766666666666667,7.566666666666666,67.125,10.0,10.0,9,67,9.0,10,67.0
2024-10-21,13.133333333333333,7.995833333333334,202.79166666666666,8.9375,7.570833333333333,58.041666666666664,13.0,13.0,10,58,9.0,11,58.0
2024-10-22,14.262500000000001,8.9,218.33333333333334,9.025,8.354166666666666,43.416666666666664,15.0,14.0,11,43,10.0,11,43.0
2024-10-23,48.14166666666667,29.3125,282.125,12.766666666666666,14.241666666666667,83.625,49.0,48.0,14,84,18.0,16,84.0
2024-10-24,50.11,32.91428571428572,323.42105263157896,13.952380952380953,19.983333333333334,102.23809523809524,55.0,50.0,16,103,25.0,17,103.0
2024-10-25,63.409523809523805,40.440909090909095,400.17391304347825,14.254166666666668,18.020833333333332,108.72222222222223,67.0,63.0,20,113,23.0,18,113.0
2024-10-26,76.26666666666667,53.51176470588236,399.42857142857144,15.666666666666666,17.566666666666666,115.47058823529412,89.0,76.0,20,123,22.0,20,123.0
2024-10-27,63.00526315789473,40.857894736842105,332.0,17.620833333333334,15.708333333333334,104.70588235294117,68.0,63.0,17,107,20.0,22,107.0
2024-10-28,73.51666666666667,43.31666666666666,345.4,9.920833333333333,16.508333333333333,128.0,72.0,74.0,17,141,21.0,12,141.0
2024-10-29,61.65416666666667,37.125,380.10526315789474,10.716666666666667,15.341666666666667,108.5,62.0,62.0,19,112,19.0,13,112.0
2024-10-30,55.49583333333334,34.21666666666667,378.2857142857143,11.808333333333332,13.704166666666666,106.875,57.0,55.0,19,110,17.0,15,110.0
2024-10-31,40.86666666666667,24.495833333333334,321.77272727272725,10.633333333333333,10.216666666666667,81.5,41.0,41.0,16,82,13.0,13,82.0
2024-11-01,24.150000000000002,14.979166666666666,318.3333333333333,10.6875,8.975,60.833333333333336,25.0,24.0,16,61,11.0,13,61.0
2024-11-02,19.0125,12.195833333333333,281.4583333333333,9.604166666666666,7.908333333333334,48.458333333333336,20.0,19.0,14,48,10.0,12,48.0
2024-11-03,17.354166666666668,10.416666666666666,300.625,6.095833333333334,5.145833333333333,53.208333333333336,17.0,17.0,15,53,6.0,8,53.0
2024-11-04,29.416666666666668,17.4875,308.5416666666667,6.291666666666667,4.641666666666667,65.375,29.0,29.0,15,65,6.0,8,65.0
2024-11-05,65.64166666666667,36.65416666666667,361.4782608695652,4.220833333333333,5.675,109.91666666666667,61.0,66.0,18,115,7.0,5,115.0
2024-11-06,15.479166666666666,8.841666666666667,250.29166666666666,4.170833333333333,2.6999999999999997,73.04166666666667,15.0,15.0,13,73,3.0,5,73.0
2024-11-07,15.433333333333332,8.470833333333333,238.875,3.525,2.529166666666667,74.45833333333333,14.0,15.0,12,74,3.0,4,74.0
2024-11-08,18.283333333333335,10.041666666666666,248.29166666666666,3.783333333333333,2.6416666666666666,69.16666666666667,17.0,18.0,12,69,3.0,5,69.0
2024-11-09,36.375,20.45,288.6666666666667,3.6374999999999997,2.670833333333333,88.54166666666667,34.0,36.0,14,89,3.0,5,89.0
2024-11-10,38.63333333333333,21.2375,254.375,3.5500000000000003,3.6374999999999997,107.79166666666667,35.0,39.0,13,111,5.0,4,111.0
2024-11-11,30.754166666666666,16.412499999999998,272.0,3.0500000000000003,3.920833333333333,100.125,27.0,31.0,14,100,5.0,4,100.0
2024-11-12,9.175,5.95,184.16666666666666,5.75,3.0416666666666665,49.0,10.0,9.0,9,49,4.0,7,49.0
2024-11-13,6.479166666666667,4.695833333333334,193.70833333333334,5.404166666666666,1.9708333333333332,48.958333333333336,8.0,6.0,10,49,2.0,7,49.0
2024-11-14,6.983333333333333,5.158333333333333,257.75,4.9624999999999995,2.3,64.83333333333333,9.0,7.0,13,65,3.0,6,65.0
2024-11-15,8.883333333333333,6.383333333333333,222.95833333333334,5.375,2.408333333333333,62.666666666666664,11.0,9.0,11,63,3.0,7,63.0
2024-11-16,26.579166666666666,23.8625,284.0416666666667,7.004166666666666,2.725,85.25,40.0,27.0,14,85,3.0,9,85.0
2024-11-17,54.729166666666664,47.605000000000004,371.6666666666667,4.020833333333333,5.0125,123.125,79.0,55.0,19,134,6.0,5,134.0
2024-11-18,47.39166666666667,42.791666666666664,356.5833333333333,3.420833333333333,4.404166666666667,123.79166666666667,71.0,47.0,18,135,6.0,4,135.0
2024-11-19,43.012499999999996,38.03333333333333,355.6666666666667,3.2541666666666664,3.8874999999999997,117.0,63.0,43.0,18,125,5.0,4,125.0
2024-11-20,42.074999999999996,37.84583333333333,361.9583333333333,4.325,4.966666666666667,123.625,63.0,42.0,18,135,6.0,5,135.0
2024-11-21,45.35833333333333,41.6875,382.8333333333333,4.095833333333333,5.529166666666666,124.79166666666667,69.0,45.0,19,136,7.0,5,136.0
2024-11-22,36.62916666666667,33.40833333333333,384.9166666666667,4.854166666666667,3.4416666666666664,113.0,56.0,37.0,19,119,4.0,6,119.0
2024-11-23,30.566666666666666,26.666666666666668,311.45,3.6166666666666667,2.4875000000000003,105.375,44.0,31.0,16,108,3.0,5,108.0
2024-11-24,38.395833333333336,34.608333333333334,351.5833333333333,4.291666666666667,3.283333333333333,116.33333333333333,58.0,38.0,18,124,4.0,5,124.0
2024-11-25,39.612500000000004,35.800000000000004,343.0416666666667,2.9333333333333336,3.1916666666666664,131.125,60.0,40.0,17,146,4.0,4,146.0
2024-11-26,32.358333333333334,27.483333333333334,285.0,3.3083333333333336,1.75,101.20833333333333,46.0,32.0,14,102,2.0,4,102.0
2024-11-27,56.55833333333334,47.87142857142857,381.625,2.3958333333333335,3.8041666666666667,137.5,80.0,57.0,19,155,5.0,3,155.0
2024-11-28,52.5625,30.018181818181816,299.3125,3.0583333333333336,6.8625,136.54166666666666,50.0,53.0,15,154,9.0,4,154.0
2024-11-29,10.012500000000001,7.770833333333333,229.1818181818182,3.0124999999999997,1.8625,73.54166666666667,13.0,10.0,11,74,2.0,4,74.0
2024-11-30,14.875,11.545833333333334,233.75,3.2583333333333333,2.2125,86.5,19.0,15.0,12,86,3.0,4,86.0
2024-12-01,22.929166666666664,18.9875,268.75,3.5625,2.4791666666666665,104.91666666666667,32.0,23.0,13,107,3.0,4,107.0
2024-12-02,23.412499999999998,19.4375,277.2916666666667,4.45,3.233333333333333,100.91666666666667,32.0,23.0,14,101,4.0,6,101.0
2024-12-03,25.916666666666668,20.791666666666668,256.5416666666667,4.7749999999999995,3.266666666666667,86.41666666666667,35.0,26.0,13,86,4.0,6,86.0
2024-12-04,10.625,8.225,266.1666666666667,6.945833333333333,3.7416666666666667,50.541666666666664,14.0,11.0,13,51,5.0,9,51.0
2024-12-05,8.862499999999999,6.995833333333334,261.7083333333333,7.3625,3.8791666666666664,50.666666666666664,12.0,9.0,13,51,5.0,9,51.0
2024-12-06,12.966666666666667,10.25,348.5,8.391666666666667,3.9583333333333335,62.208333333333336,17.0,13.0,17,62,5.0,10,62.0
2024-12-07,20.516666666666666,15.916666666666666,316.2608695652174,10.200000000000001,4.495833333333334,67.66666666666667,27.0,21.0,16,68,6.0,13,68.0
2024-12-08,32.99166666666667,29.049999999999997,347.25,9.733333333333333,5.4375,83.5,48.0,33.0,17,84,7.0,12,84.0
2024-12-09,41.19166666666667,37.875,341.2857142857143,6.25,4.329166666666667,98.95833333333333,63.0,41.0,17,99,5.0,8,99.0
2024-12-10,33.6,30.125,341.375,3.225,2.725,105.375,50.0,34.0,17,108,3.0,4,108.0
2024-12-11,23.27916666666667,19.895833333333332,289.0833333333333,3.0416666666666665,1.7125000000000001,97.70833333333333,33.0,23.0,14,98,2.0,4,98.0
2024-12-12,37.608333333333334,33.19166666666667,314.5416666666667,3.470833333333333,2.625,105.16666666666667,55.0,38.0,16,108,3.0,4,108.0
2024-12-13,50.5,44.55416666666667,322.5,3.158333333333333,3.5374999999999996,123.95833333333333,74.0,50.0,16,135,4.0,4,135.0
2024-12-14,37.125,31.945833333333336,285.375,3.3958333333333335,2.4499999999999997,123.95833333333333,53.0,37.0,14,135,3.0,4,135.0
2024-12-15,42.420833333333334,37.07083333333333,322.0,3.391666666666667,4.0249999999999995,131.125,62.0,42.0,16,146,5.0,4,146.0
2024-12-16,31.0625,26.508333333333336,325.1666666666667,3.2875,3.3000000000000003,115.25,44.0,31.0,16,122,4.0,4,122.0
2024-12-17,30.2375,26.958333333333332,418.0,4.795833333333333,6.2124999999999995,116.33333333333333,45.0,30.0,21,124,8.0,6,124.0
2024-12-18,11.470833333333333,10.012500000000001,290.4583333333333,4.479166666666667,3.225,79.875,17.0,11.0,15,80,4.0,6,80.0
2024-12-19,5.691666666666666,4.0874999999999995,250.91666666666666,4.391666666666667,2.4375,60.5,7.0,6.0,13,60,3.0,5,60.0
2024-12-20,13.316666666666665,11.816666666666668,350.7391304347826,7.125,5.2375,76.91666666666667,20.0,13.0,18,77,7.0,9,77.0
2024-12-21,14.975,13.008333333333333,339.09090909090907,6.533333333333334,5.945833333333334,94.16666666666667,22.0,15.0,17,94,7.0,8,94.0
2024-12-22,14.433333333333332,10.795833333333334,303.75,4.470833333333333,2.441666666666667,90.625,18.0,14.0,15,91,3.0,6,91.0
2024-12-23,16.316666666666666,12.950000000000001,282.125,3.6999999999999997,2.9125,96.75,22.0,16.0,14,97,4.0,5,97.0
2024-12-24,9.983333333333333,8.541666666666666,347.7916666666667,5.3875,3.516666666666667,76.25,14.0,10.0,17,76,4.0,7,76.0
2024-12-25,8.924999999999999,6.791666666666667,281.5,4.345833333333333,2.891666666666667,70.375,11.0,9.0,14,70,4.0,5,70.0
2024-12-26,13.270833333333334,9.566666666666666,243.79166666666666,3.716666666666667,2.1458333333333335,80.125,16.0,13.0,12,80,3.0,5,80.0
2024-12-27,25.875,20.420833333333334,261.1666666666667,3.5124999999999997,2.0416666666666665,97.70833333333333,34.0,26.0,13,98,3.0,4,98.0
2024-12-28,28.125,22.5625,281.2083333333333,4.595833333333333,2.2333333333333334,99.20833333333333,38.0,28.0,14,99,3.0,6,99.0
2024-12-29,31.604166666666668,26.929166666666664,302.0,3.1833333333333336,2.1750000000000003,102.5,45.0,32.0,15,104,3.0,4,104.0
2024-12-30,38.09583333333333,33.041666666666664,315.1666666666667,3.0208333333333335,3.5,112.83333333333333,55.0,38.0,16,119,4.0,4,119.0
2024-12-31,40.791666666666664,36.52916666666667,395.8333333333333,3.3833333333333333,5.2250000000000005,115.0,61.0,41.0,20,122,7.0,4,122.0
2025-01-01,42.69166666666666,38.99166666666667,377.375,4.695833333333334,4.916666666666667,110.75,65.0,43.0,19,116,6.0,6,116.0
2025-01-02,45.729166666666664,42.76666666666667,345.5833333333333,5.683333333333334,5.05,120.08333333333333,71.0,46.0,17,130,6.0,7,130.0
2025-01-03,45.81666666666666,41.56666666666667,344.0416666666667,5.158333333333333,7.858333333333333,126.79166666666667,69.0,46.0,17,139,10.0,6,139.0
2025-01-04,42.166666666666664,35.041666666666664,344.6190476190476,6.958333333333333,4.666666666666667,114.29166666666667,58.0,42.0,17,121,6.0,9,121.0
2025-01-05,40.52916666666667,34.483333333333334,287.7142857142857,6.270833333333333,3.5541666666666667,107.45833333333333,57.0,41.0,14,111,4.0,8,111.0
2025-01-06,34.30416666666667,31.1875,326.2916666666667,7.483333333333333,3.733333333333333,102.0,52.0,34.0,16,103,5.0,9,103.0
2025-01-07,33.56666666666667,30.712500000000002,309.5833333333333,5.45,3.1999999999999997,105.33333333333333,51.0,34.0,15,108,4.0,7,108.0
2025-01-08,40.625,38.016666666666666,364.5652173913044,4.904166666666667,5.129166666666666,125.25,63.0,41.0,18,137,6.0,6,137.0
2025-01-09,42.020833333333336,38.4,340.625,5.358333333333333,6.0874999999999995,135.16666666666666,64.0,42.0,17,152,8.0,7,152.0
2025-01-10,41.78333333333333,36.362500000000004,340.5416666666667,4.2875000000000005,2.970833333333333,115.54166666666667,61.0,42.0,17,123,4.0,5,123.0
2025-01-11,28.445833333333336,22.229166666666668,258.5,3.5375,2.4125,104.375,37.0,28.0,13,106,3.0,4,106.0
2025-01-12,25.354166666666668,19.866666666666667,257.1666666666667,3.975,2.0833333333333335,95.91666666666667,33.0,25.0,13,96,3.0,5,96.0
2025-01-13,19.316666666666666,14.216666666666667,295.3333333333333,4.7,2.158333333333333,102.33333333333333,24.0,19.0,15,103,3.0,6,103.0
2025-01-14,19.445833333333333,14.366666666666667,278.7916666666667,3.216666666666667,2.216666666666667,104.70833333333333,24.0,19.0,14,107,3.0,4,107.0
2025-01-15,31.766666666666666,26.679166666666664,281.5416666666667,2.8666666666666667,3.3000000000000003,116.08333333333333,44.0,32.0,14,124,4.0,4,124.0
2025-01-16,56.53333333333333,45.07142857142857,355.625,4.083333333333333,4.258333333333334,127.66666666666667,75.0,57.0,18,141,5.0,5,141.0
2025-01-17,56.708333333333336,50.73157894736842,339.7083333333333,3.8208333333333333,4.208333333333333,129.29166666666666,85.0,57.0,17,143,5.0,5,143.0
2025-01-18,31.183333333333334,26.604166666666668,247.29166666666666,3.3041666666666667,1.9166666666666667,95.125,44.0,31.0,12,95,2.0,4,95.0
2025-01-19,33.958333333333336,29.020833333333332,327.875,3.475,2.495833333333333,109.83333333333333,48.0,34.0,16,114,3.0,4,114.0
2025-01-20,39.775,35.475,353.1666666666667,4.175,4.3999999999999995,123.0,59.0,40.0,18,134,5.0,5,134.0
2025-01-21,38.262499999999996,34.574999999999996,339.0833333333333,5.270833333333333,4.683333333333334,122.54166666666667,58.0,38.0,17,133,6.0,7,133.0
2025-01-22,32.550000000000004,27.8125,282.2916666666667,6.258333333333333,3.295833333333333,103.58333333333333,46.0,33.0,14,105,4.0,8,105.0
2025-01-23,23.670833333333334,18.566666666666666,221.91666666666666,6.641666666666667,2.9583333333333335,86.20833333333333,31.0,24.0,11,86,4.0,8,86.0
2025-01-24,28.53333333333333,24.125,275.40909090909093,7.070833333333333,2.875,89.45833333333333,40.0,29.0,14,89,4.0,9,89.0
2025-01-25,32.983333333333334,28.4875,273.75,6.708333333333333,2.7416666666666667,88.75,47.0,33.0,14,89,3.0,8,89.0
2025-01-26,32.65,28.808333333333334,301.40909090909093,8.15,3.766666666666667,88.875,48.0,33.0,15,89,5.0,10,89.0
2025-01-27,45.479166666666664,42.10434782608696,347.1818181818182,7.566666666666666,4.1499999999999995,110.16666666666667,70.0,45.0,17,115,5.0,9,115.0
2025-01-28,54.72083333333333,51.06666666666667,310.85,7.345833333333334,4.4750000000000005,117.75,85.0,55.0,16,126,6.0,9,126.0
2025-01-29,41.137499999999996,37.858333333333334,272.0,5.745833333333334,3.029166666666667,109.66666666666667,63.0,41.0,14,114,4.0,7,114.0
2025-01-30,27.65833333333333,24.429166666666664,280.09090909090907,5.4125000000000005,3.7875,89.625,41.0,28.0,14,90,5.0,7,90.0
2025-01-31,19.270833333333332,15.795833333333334,280.7083333333333,6.679166666666667,4.216666666666667,67.95833333333333,26.0,19.0,14,68,5.0,8,68.0
