date,pm10 (μg/m³),pm2_5 (μg/m³),carbon_monoxide (μg/m³),nitrogen_dioxide (μg/m³),sulphur_dioxide (μg/m³),ozone (μg/m³),pm2_5 (μg/m³)_subindex,pm10 (μg/m³)_subindex,carbon_monoxide (μg/m³)_subindex,ozone (μg/m³)_subindex,sulphur_dioxide (μg/m³)_subindex,nitrogen_dioxide (μg/m³)_subindex,AQI
2022-09-01,113.67500000000001,67.94583333333334,854.2083333333334,43.99583333333334,31.92142857142857,57.166666666666664,126,109,43,57,40.0,55,126.0
2022-09-02,104.22916666666667,64.21249999999999,939.7777777777778,49.01666666666667,60.147619047619045,61.333333333333336,114,103,47,61,75.0,61,114.0
2022-09-03,80.44583333333334,45.77916666666667,924.7894736842105,42.958333333333336,37.204166666666666,47.791666666666664,76,80,46,48,47.0,54,80.0
2022-09-04,60.262499999999996,31.266666666666666,755.9583333333334,43.987500000000004,23.145833333333332,46.083333333333336,52,60,38,46,29.0,55,60.0
2022-09-05,109.45454545454545,58.352380952380955,542.8,54.916666666666664,33.6625,51.666666666666664,97,106,27,52,42.0,69,106.0
2022-09-06,130.77391304347827,75.87272727272727,786.6666666666666,66.39,41.07142857142857,59.541666666666664,153,121,39,60,51.0,83,153.0
2022-09-07,117.27499999999999,71.15416666666667,1376.4782608695652,66.96249999999999,52.629999999999995,76.91666666666667,137,112,69,77,66.0,84,137.0
2022-09-08,150.10833333333332,87.57619047619048,980.8,70.38,56.175,83.83333333333333,192,133,49,84,70.0,88,192.0
2022-09-09,126.10000000000001,85.94166666666666,1230.5238095238096,69.1421052631579,62.5625,89.75,186,117,62,90,78.0,86,186.0
2022-09-10,87.84166666666665,60.145833333333336,1010.4347826086956,60.36666666666667,53.833333333333336,76.375,100,88,51,76,67.0,75,100.0
2022-09-11,63.833333333333336,43.87916666666666,874.9166666666666,49.50833333333333,45.25833333333333,76.04166666666667,73,64,44,76,57.0,62,76.0
2022-09-12,75.09166666666667,51.949999999999996,1005.4285714285714,60.425000000000004,51.275,73.29166666666667,87,75,50,73,64.0,76,87.0
2022-09-13,36.9,24.391666666666666,519.7916666666666,36.395833333333336,34.3375,56.375,41,37,26,56,43.0,45,56.0
2022-09-14,29.21666666666667,19.383333333333333,435.2916666666667,32.2125,25.53333333333333,50.375,32,29,22,50,32.0,40,50.0
2022-09-15,45.24583333333334,31.412499999999998,914.8333333333334,49.8375,38.1875,43.208333333333336,52,45,46,43,48.0,62,62.0
2022-09-16,66.25,45.23333333333333,912.9583333333334,48.041666666666664,43.175000000000004,68.41666666666667,75,66,46,68,54.0,60,75.0
2022-09-17,105.41666666666667,70.13333333333334,1267.875,83.4875,63.40416666666667,74.21739130434783,134,104,63,74,79.0,103,134.0
2022-09-18,144.05652173913043,88.25238095238095,1165.5333333333333,80.22916666666667,52.54615384615385,74.625,194,129,58,75,66.0,100,194.0
2022-09-19,127.60000000000001,87.39583333333333,1206.75,70.94583333333334,44.2,73.875,191,118,60,74,55.0,89,191.0
2022-09-20,123.97916666666667,86.50833333333333,1216.4375,83.16666666666667,88.49,75.70833333333333,188,116,61,76,103.0,103,188.0
2022-09-21,118.1875,82.425,1425.9583333333333,73.74166666666666,71.09411764705882,79.29166666666667,175,112,71,79,89.0,92,175.0
2022-09-22,62.30833333333334,43.14166666666667,822.5416666666666,53.854166666666664,33.22083333333333,48.875,72,62,41,49,42.0,67,72.0
2022-09-23,42.0375,28.691666666666666,643.8333333333334,44.09583333333333,26.320833333333336,61.833333333333336,48,42,32,62,33.0,55,62.0
2022-09-24,40.483333333333334,27.45,634.6666666666666,47.137499999999996,27.995833333333334,47.125,46,40,32,47,35.0,59,59.0
2022-09-25,72.33749999999999,47.75833333333333,1038.5416666666667,54.60833333333333,41.275,62.0,80,72,52,62,52.0,68,80.0
2022-09-26,96.6375,58.60833333333333,1139.2916666666667,51.675000000000004,48.61304347826086,54.291666666666664,98,97,57,54,61.0,65,98.0
2022-09-27,134.00416666666666,75.05454545454546,767.5333333333333,59.637499999999996,38.86875,49.625,150,123,38,50,49.0,75,150.0
2022-09-28,127.79583333333333,82.59583333333333,1207.2222222222222,66.00833333333334,50.182352941176475,64.41666666666667,175,119,60,64,63.0,83,175.0
2022-09-29,130.24166666666667,85.90416666666665,1410.25,65.4375,49.14090909090908,70.5,186,120,71,70,61.0,82,186.0
2022-09-30,140.07083333333333,92.26666666666667,1522.0833333333333,67.825,50.75,70.5,208,127,76,70,63.0,85,208.0
2022-10-01,155.0,85.38947368421053,1043.8666666666666,70.71249999999999,45.1764705882353,57.083333333333336,185,137,52,57,56.0,88,185.0
2022-10-02,114.64166666666667,64.21363636363637,1006.7619047619048,58.9952380952381,38.95454545454545,61.958333333333336,114,110,50,62,49.0,74,114.0
2022-10-03,84.18333333333334,51.39166666666667,834.8333333333334,43.666666666666664,37.958333333333336,69.625,86,84,42,70,47.0,55,86.0
2022-10-04,124.15416666666665,84.47500000000001,811.2666666666667,67.25238095238095,47.361111111111114,67.45833333333333,182,116,41,67,59.0,84,182.0
2022-10-05,148.80416666666667,99.51739130434783,1401.0,85.64999999999999,64.61818181818182,56.61904761904762,232,133,70,57,81.0,106,232.0
2022-10-06,36.612500000000004,24.420833333333334,623.5416666666666,42.85833333333333,41.85,46.333333333333336,41,37,31,46,52.0,54,54.0
2022-10-07,36.19166666666667,24.133333333333336,583.4583333333334,37.5375,42.266666666666666,41.916666666666664,40,36,29,42,53.0,47,53.0
2022-10-08,36.199999999999996,25.245833333333334,596.1666666666666,37.42916666666667,27.900000000000002,24.0,42,36,30,24,35.0,47,47.0
2022-10-09,29.516666666666666,20.2625,523.75,39.90416666666667,34.354166666666664,31.291666666666668,34,30,26,31,43.0,50,50.0
2022-10-10,60.574999999999996,40.63333333333333,846.95,59.912499999999994,52.94583333333333,35.25,68,61,42,35,66.0,75,75.0
2022-10-11,62.975,43.6875,1031.625,58.162499999999994,53.10434782608696,57.791666666666664,73,63,52,58,66.0,73,73.0
2022-10-12,85.66250000000001,57.78333333333333,1285.4761904761904,59.24583333333334,53.25,53.333333333333336,96,86,64,53,67.0,74,96.0
2022-10-13,85.83333333333333,56.99583333333334,1117.1666666666667,61.637499999999996,46.48333333333333,51.708333333333336,95,86,56,52,58.0,77,95.0
2022-10-14,97.00833333333333,63.237500000000004,1096.375,52.145833333333336,42.800000000000004,65.54166666666667,111,97,55,66,54.0,65,111.0
2022-10-15,127.9470588235294,74.6,915.0769230769231,63.5,43.728571428571435,59.75,149,119,46,60,55.0,79,149.0
2022-10-16,173.03333333333333,117.02499999999999,1471.4166666666667,75.15625,70.48125,64.875,290,149,74,65,88.0,94,290.0
2022-10-17,156.125,107.22083333333335,1600.111111111111,84.66666666666667,59.35,65.20833333333333,257,137,80,65,74.0,105,257.0
2022-10-18,175.22083333333333,119.10434782608696,1433.0714285714287,75.92,49.48571428571428,51.5,297,150,72,52,62.0,95,297.0
2022-10-19,147.84583333333333,98.47391304347826,1572.6666666666667,95.02666666666667,65.71428571428571,46.875,228,132,79,47,82.0,115,228.0
2022-10-20,126.94166666666666,87.57916666666667,1719.7916666666667,92.44583333333333,67.96818181818182,51.541666666666664,192,118,86,52,85.0,112,192.0
2022-10-21,172.60833333333335,114.53636363636365,1536.5714285714287,90.74666666666667,67.45,55.916666666666664,282,148,77,56,84.0,111,282.0
2022-10-22,172.78,116.74000000000001,1229.111111111111,73.66315789473684,79.45714285714287,59.875,289,149,61,60,99.0,92,289.0
2022-10-23,160.11666666666667,108.29583333333333,1622.5882352941176,77.95416666666667,62.416666666666664,46.25,261,140,81,46,78.0,97,261.0
2022-10-24,97.64166666666667,63.79583333333333,893.8333333333334,51.8125,41.237500000000004,62.041666666666664,113,98,45,62,52.0,65,113.0
2022-10-25,127.64583333333333,82.925,1189.0833333333333,51.55833333333334,41.8304347826087,80.45833333333333,176,118,59,80,52.0,64,176.0
2022-10-26,199.02380952380952,128.16666666666666,1464.0833333333333,84.31875,65.60588235294118,59.416666666666664,306,166,73,59,82.0,104,306.0
2022-10-27,193.3923076923077,108.47777777777777,1215.0,85.25,64.44545454545454,53.0,262,162,61,53,81.0,105,262.0
2022-10-28,206.61999999999998,124.52857142857144,1456.375,99.1,74.14,54.125,303,171,73,54,93.0,119,303.0
2022-10-29,198.29999999999998,117.04,1209.25,73.63333333333334,59.00833333333333,57.166666666666664,290,166,60,57,74.0,92,290.0
2022-10-30,213.5857142857143,135.91764705882352,1541.4166666666667,84.32631578947368,63.05499999999999,58.541666666666664,312,176,77,59,79.0,104,312.0
2022-10-31,214.94285714285712,133.94,1592.3333333333333,83.67692307692307,66.72500000000001,62.083333333333336,311,177,80,62,83.0,104,311.0
2022-11-01,230.81176470588235,145.92727272727274,1652.4736842105262,99.15555555555555,,74.20833333333333,320,187,83,74,,119,320.0
2022-11-02,163.005,102.82631578947368,1049.9166666666667,56.42916666666667,49.95,84.375,243,142,52,84,62.0,71,243.0
2022-11-03,165.42916666666667,109.15416666666665,936.2857142857143,62.012499999999996,59.48181818181818,61.416666666666664,264,144,47,61,74.0,78,264.0
2022-11-04,226.93333333333334,143.19333333333333,1661.090909090909,108.23846153846154,81.18333333333332,56.458333333333336,318,185,83,56,100.0,128,318.0
2022-11-05,195.84583333333333,131.78333333333333,1439.0833333333333,87.8625,64.77727272727272,60.875,309,164,72,61,81.0,108,309.0
2022-11-06,219.3375,144.6,1821.375,95.23333333333333,72.42,31.833333333333332,319,180,91,32,91.0,115,319.0
2022-11-07,209.20454545454547,128.4625,1628.6923076923076,94.77083333333333,77.97142857142856,57.875,307,173,81,58,97.0,115,307.0
2022-11-08,176.47083333333333,120.1875,1309.6923076923076,72.825,67.58333333333333,38.666666666666664,300,151,65,39,84.0,91,300.0
2022-11-09,165.05625,102.63571428571429,1447.6666666666667,93.87222222222222,72.66666666666667,41.708333333333336,242,143,72,42,91.0,114,242.0
2022-11-10,154.34761904761905,100.74,1346.157894736842,66.64,61.39333333333333,65.91666666666667,236,136,67,66,77.0,83,236.0
2022-11-11,116.54166666666667,75.475,872.5,39.69166666666667,30.991666666666664,59.916666666666664,152,111,44,60,39.0,50,152.0
2022-11-12,109.89583333333333,70.10833333333333,888.0833333333334,42.94583333333333,33.6625,73.08333333333333,134,107,44,73,42.0,54,134.0
2022-11-13,146.70454545454547,72.80588235294118,919.4285714285714,69.7125,36.228571428571435,48.916666666666664,143,131,46,49,45.0,87,143.0
2022-11-14,126.07916666666667,84.24583333333334,881.0952380952381,64.60000000000001,59.05714285714286,60.375,181,117,44,60,74.0,81,181.0
2022-11-15,128.4375,85.26666666666667,891.4736842105264,61.512499999999996,50.15384615384615,48.416666666666664,184,119,45,48,63.0,77,184.0
2022-11-16,109.89999999999999,69.31666666666666,688.9166666666666,35.7,31.6375,66.66666666666667,131,107,34,67,40.0,45,131.0
2022-11-17,117.45416666666667,73.28333333333333,837.125,40.170833333333334,31.02916666666667,72.54166666666667,144,112,42,73,39.0,50,144.0
2022-11-18,141.1875,94.55833333333334,1028.2307692307693,67.28750000000001,39.76428571428572,54.166666666666664,215,127,51,54,50.0,84,215.0
2022-11-19,145.15833333333333,93.2695652173913,1075.125,57.4125,73.26666666666667,61.875,211,130,54,62,92.0,72,211.0
2022-11-20,104.23333333333333,66.90416666666667,772.75,42.6875,51.44705882352941,77.54166666666667,123,103,39,78,64.0,53,123.0
2022-11-21,90.44583333333333,56.86666666666667,868.125,43.62083333333334,40.74285714285715,71.125,95,90,43,71,51.0,55,95.0
2022-11-22,86.29583333333333,55.175000000000004,961.6666666666666,48.5625,30.78333333333333,69.375,92,86,48,69,38.0,61,92.0
2022-11-23,94.05,59.69166666666666,1172.875,52.07916666666667,29.254166666666666,66.0,99,94,59,66,37.0,65,99.0
2022-11-24,132.33684210526317,82.61111111111111,1195.5,68.85000000000001,45.06875,53.833333333333336,175,122,60,54,56.0,86,175.0
2022-11-25,150.05,96.38947368421053,1487.0555555555557,69.78421052631579,65.56153846153846,66.125,221,133,74,66,82.0,87,221.0
2022-11-26,123.17916666666667,79.33333333333333,1071.0416666666667,47.916666666666664,43.32083333333333,86.83333333333333,164,115,54,87,54.0,60,164.0
2022-11-27,145.1625,97.70416666666667,1163.0,56.958333333333336,56.21764705882353,68.54166666666667,226,130,58,69,70.0,71,226.0
2022-11-28,183.54999999999998,109.91111111111111,1368.6666666666667,64.91250000000001,77.6125,64.83333333333333,266,156,68,65,97.0,81,266.0
2022-11-29,171.14166666666665,115.04782608695652,1350.9583333333333,63.99166666666667,73.8923076923077,83.45833333333333,283,147,68,83,92.0,80,283.0
2022-11-30,165.54999999999998,112.84583333333335,1378.4583333333333,67.92999999999999,68.92142857142856,73.04166666666667,276,144,69,73,86.0,85,276.0
2022-12-01,156.5529411764706,102.28125,1437.0,84.64999999999999,62.025,71.66666666666667,241,138,72,72,78.0,105,241.0
2022-12-02,186.675,117.98571428571428,1789.0,87.04166666666667,,61.583333333333336,293,158,89,62,,107,293.0
2022-12-03,209.15,136.9,1613.3333333333333,101.09,,78.08333333333333,313,173,81,78,,121,313.0
2022-12-04,206.3923076923077,107.68571428571428,1078.3333333333333,80.64,70.0125,50.583333333333336,259,171,54,51,88.0,101,259.0
2022-12-05,157.53478260869565,100.92380952380952,1445.2307692307693,82.07727272727273,64.29333333333334,56.583333333333336,236,138,72,57,80.0,102,236.0
2022-12-06,102.67083333333333,64.95,947.0,35.13333333333333,42.31818181818182,99.75,117,102,47,100,53.0,44,117.0
2022-12-07,111.4875,67.30833333333334,721.4583333333334,31.558333333333334,50.972727272727276,82.95833333333333,124,108,36,83,64.0,39,124.0
2022-12-08,127.35833333333333,83.4875,927.4583333333334,51.26666666666667,58.16111111111112,54.666666666666664,178,118,46,55,73.0,64,178.0
2022-12-09,176.36666666666667,102.95263157894736,1475.421052631579,82.4952380952381,67.97272727272728,45.208333333333336,243,151,74,45,85.0,102,243.0
2022-12-10,119.1375,79.1875,1519.590909090909,71.175,48.895833333333336,40.0,164,113,76,40,61.0,89,164.0
2022-12-11,91.10000000000001,58.583333333333336,888.3333333333334,54.88333333333333,44.76190476190476,37.0,98,91,44,37,56.0,69,98.0
2022-12-12,74.5,44.520833333333336,607.125,35.733333333333334,45.44117647058823,55.958333333333336,74,74,30,56,57.0,45,74.0
2022-12-13,38.9,23.8125,364.2916666666667,15.570833333333333,20.119999999999997,56.291666666666664,40,39,18,56,25.0,19,56.0
2022-12-14,0.8624999999999999,0.5958333333333333,59.916666666666664,0.0,0.625,28.5,1,1,3,28,1.0,0,28.0
2022-12-15,0.9208333333333334,0.65,61.416666666666664,0.0,0.39166666666666666,32.333333333333336,1,1,3,32,0.0,0,32.0
2022-12-16,123.97500000000001,81.325,1293.4444444444443,50.4,52.55,51.958333333333336,171,116,65,52,66.0,63,171.0
2022-12-17,163.13333333333333,108.41666666666667,1321.0714285714287,61.84166666666667,51.66153846153846,46.875,261,142,66,47,65.0,77,261.0
2022-12-18,202.67499999999998,116.8375,1973.111111111111,92.8,82.76666666666667,59.875,289,168,99,60,101.0,113,289.0
2022-12-19,191.17083333333335,129.65217391304347,1619.5,68.3,77.92857142857143,68.45833333333333,307,161,81,68,97.0,85,307.0
2022-12-20,157.44583333333333,107.74166666666667,1459.875,60.36666666666667,66.38333333333334,70.5,259,138,73,70,83.0,75,259.0
2022-12-21,160.57500000000002,109.93333333333334,1540.15,69.2375,68.14285714285714,67.66666666666667,266,140,77,68,85.0,87,266.0
2022-12-22,142.24583333333334,96.75416666666666,1645.2941176470588,81.57916666666667,52.72083333333333,51.791666666666664,223,128,82,52,66.0,102,223.0
2022-12-23,143.1,98.45,1737.1176470588234,86.76086956521739,59.55217391304348,49.666666666666664,228,129,87,50,74.0,107,228.0
2022-12-24,102.74166666666667,65.46666666666667,1233.0,50.43333333333334,40.225,71.29166666666667,118,102,62,71,50.0,63,118.0
2022-12-25,135.59583333333333,90.51666666666667,1610.25,56.80416666666667,54.42857142857143,74.16666666666667,202,124,81,74,68.0,71,202.0
2022-12-26,152.82916666666668,104.175,1498.125,61.199999999999996,51.871428571428574,60.5,247,135,75,60,65.0,76,247.0
2022-12-27,137.20833333333334,89.60416666666667,1173.5416666666667,37.104166666666664,46.61176470588235,95.625,199,125,59,96,58.0,46,199.0
2022-12-28,121.47083333333335,76.9375,1027.3333333333333,36.37083333333333,47.63,86.29166666666667,156,114,51,86,60.0,45,156.0
2022-12-29,177.3708333333333,111.65,1768.0833333333333,78.01304347826087,56.714285714285715,59.541666666666664,272,152,88,60,71.0,98,272.0
2022-12-30,200.5,131.56,1677.5384615384614,76.62222222222222,68.19999999999999,52.916666666666664,309,167,84,53,85.0,96,309.0
2022-12-31,115.30416666666667,73.40833333333333,1299.1666666666667,50.854166666666664,36.545833333333334,41.791666666666664,145,110,65,42,46.0,64,145.0
2023-01-01,136.28666666666666,87.94285714285715,1559.7692307692307,70.6375,55.42142857142857,44.25,193,124,78,44,69.0,88,193.0
2023-01-02,159.41111111111113,110.28888888888889,1254.5,88.00909090909092,85.16666666666667,41.25,268,140,63,41,102.0,108,268.0
2023-01-03,156.54583333333332,92.58,1619.2222222222222,73.78999999999999,53.46666666666667,56.208333333333336,209,138,81,56,67.0,92,209.0
2023-01-04,173.375,112.02380952380952,1720.0714285714287,82.14583333333333,63.23333333333333,55.041666666666664,273,149,86,55,79.0,102,273.0
2023-01-05,199.13529411764708,123.9923076923077,2081.8333333333335,90.07368421052632,61.1875,48.875,303,166,101,49,76.0,110,303.0
2023-01-06,215.93043478260867,132.92,1964.9,95.16315789473684,75.98571428571428,50.083333333333336,310,177,98,50,95.0,115,310.0
2023-01-07,191.6,132.30833333333334,2007.2,79.17,54.574999999999996,44.416666666666664,309,161,100,44,68.0,99,309.0
2023-01-08,205.03571428571428,134.41666666666666,2137.6666666666665,69.11111111111111,59.900000000000006,62.666666666666664,311,170,102,63,75.0,86,311.0
2023-01-09,221.425,142.12,2078.75,97.73333333333333,69.3923076923077,42.541666666666664,317,181,101,43,87.0,118,317.0
2023-01-10,172.97083333333333,118.13333333333333,1971.0,79.15416666666667,48.18333333333334,52.041666666666664,294,149,99,52,60.0,99,294.0
2023-01-11,193.88750000000002,124.27000000000001,1982.3125,57.4,55.06842105263158,80.08333333333333,303,163,99,80,69.0,72,303.0
2023-01-12,146.77083333333334,98.075,1551.4545454545455,75.43333333333334,46.87916666666666,44.958333333333336,227,131,78,45,59.0,94,227.0
2023-01-13,164.43333333333334,111.95,1458.2142857142858,70.5625,62.9625,36.25,273,143,73,36,79.0,88,273.0
2023-01-14,126.7,81.72083333333333,1437.5416666666667,52.949999999999996,35.77916666666667,55.25,172,118,72,55,45.0,66,172.0
2023-01-15,94.45416666666667,59.833333333333336,1510.2083333333333,48.44583333333333,33.80416666666667,55.208333333333336,100,94,76,55,42.0,61,100.0
2023-01-16,105.23333333333333,70.08749999999999,1504.5833333333333,54.791666666666664,39.7125,55.541666666666664,134,103,75,56,50.0,68,134.0
2023-01-17,110.52916666666665,72.825,1659.695652173913,61.0625,42.3375,62.833333333333336,143,107,83,63,53.0,76,143.0
2023-01-18,138.04166666666666,94.50833333333333,1693.375,77.70416666666667,53.083333333333336,58.916666666666664,215,125,85,59,66.0,97,215.0
2023-01-19,158.9625,109.77083333333333,1708.3157894736842,69.50909090909092,52.765,75.0,266,139,85,75,66.0,87,266.0
2023-01-20,89.7,60.75,1287.9166666666667,54.275,42.97083333333333,41.375,102,90,64,41,54.0,68,102.0
2023-01-21,163.6818181818182,102.27894736842104,1554.6923076923076,84.88235294117646,56.45333333333333,31.083333333333332,241,142,78,31,71.0,105,241.0
2023-01-22,188.3470588235294,124.8,1828.1,84.57222222222222,64.01538461538462,41.5,304,159,91,42,80.0,105,304.0
2023-01-23,166.55333333333334,111.03571428571429,1677.3333333333333,83.35000000000001,53.06153846153847,36.541666666666664,270,144,84,37,66.0,103,270.0
2023-01-24,158.84583333333333,104.82608695652173,1126.8,65.3,42.63181818181818,36.958333333333336,249,139,56,37,53.0,82,249.0
2023-01-25,164.35833333333332,113.70833333333333,1488.3684210526317,75.6875,57.62222222222223,44.0,279,143,74,44,72.0,95,279.0
2023-01-26,124.89999999999999,81.95416666666667,897.0416666666666,39.35,40.017391304347825,67.58333333333333,173,117,45,68,50.0,49,173.0
2023-01-27,107.45416666666667,67.82083333333334,856.5416666666666,38.12916666666667,45.285000000000004,70.41666666666667,126,105,43,70,57.0,48,126.0
2023-01-28,175.34583333333333,97.91666666666667,1664.6666666666667,73.02916666666667,45.542857142857144,58.25,226,150,83,58,57.0,91,226.0
2023-01-29,172.61249999999998,118.91666666666667,1822.3333333333333,80.89999999999999,64.675,26.333333333333332,296,148,91,26,81.0,101,296.0
2023-01-30,133.76666666666668,92.75833333333333,1357.0,55.458333333333336,45.089999999999996,40.25,209,123,68,40,56.0,69,209.0
2023-01-31,95.47500000000001,58.50416666666666,646.5833333333334,32.52916666666667,45.05416666666667,60.666666666666664,98,95,32,61,56.0,41,98.0
2023-02-01,86.30416666666667,52.949999999999996,854.8333333333334,37.266666666666666,36.75909090909091,65.25,88,86,43,65,46.0,47,88.0
2023-02-02,86.49166666666667,52.4625,1038.2083333333333,42.52916666666667,33.416666666666664,72.25,87,86,52,72,42.0,53,87.0
2023-02-03,100.36666666666667,65.33749999999999,1279.5833333333333,47.13333333333333,39.925000000000004,65.58333333333333,118,100,64,66,50.0,59,118.0
2023-02-04,95.97083333333335,60.354166666666664,775.6666666666666,30.287499999999998,49.555,87.20833333333333,101,96,39,87,62.0,38,101.0
2023-02-05,132.45833333333334,81.9,1035.7083333333333,52.3125,50.65,61.625,173,122,52,62,63.0,65,173.0
2023-02-06,176.34,116.60000000000001,1926.2916666666667,93.84,,49.541666666666664,289,151,96,50,,114,289.0
2023-02-07,92.21249999999999,57.14166666666667,978.5,50.30416666666667,32.708333333333336,51.666666666666664,95,92,49,52,41.0,63,95.0
2023-02-08,77.60833333333333,49.199999999999996,1136.125,48.52916666666667,32.725,71.08333333333333,82,78,57,71,41.0,61,82.0
2023-02-09,100.78333333333335,66.3,1348.7391304347825,76.16250000000001,49.6875,65.875,121,101,67,66,62.0,95,121.0
2023-02-10,109.97083333333335,71.95416666666667,1435.0,74.52083333333333,56.25,46.583333333333336,140,107,72,47,70.0,93,140.0
2023-02-11,144.21666666666667,93.24166666666667,1008.9,58.523809523809526,43.577777777777776,64.91666666666667,211,129,50,65,54.0,73,211.0
2023-02-12,65.02083333333333,37.112500000000004,638.875,32.55416666666667,27.391666666666666,73.33333333333333,62,65,32,73,34.0,41,73.0
2023-02-13,62.225,27.795833333333334,567.2916666666666,27.837500000000002,20.295833333333334,89.25,46,62,28,89,25.0,35,89.0
2023-02-14,84.97500000000001,51.333333333333336,730.4166666666666,32.28333333333333,36.00454545454546,90.54166666666667,86,85,37,91,45.0,40,91.0
2023-02-15,102.22916666666667,60.75833333333333,691.5833333333334,28.795833333333334,47.97142857142857,102.54166666666667,103,101,35,104,60.0,36,104.0
2023-02-16,171.36875,107.34285714285714,1505.2916666666667,79.43333333333334,65.45,57.916666666666664,258,148,75,58,82.0,99,258.0
2023-02-17,201.1764705882353,124.92307692307692,1362.4285714285713,82.425,,89.58333333333333,304,167,68,90,,102,304.0
2023-02-18,197.53,118.0,1325.375,87.46315789473684,71.8,87.20833333333333,293,165,66,87,90.0,107,293.0
2023-02-19,223.78571428571428,120.67142857142858,1559.111111111111,91.35714285714286,84.925,83.0,301,183,78,83,102.0,111,301.0
2023-02-20,146.43333333333334,99.00833333333333,1479.0416666666667,86.3736842105263,61.265,73.29166666666667,230,131,74,73,77.0,106,230.0
2023-02-21,115.97083333333335,77.46249999999999,1168.1363636363637,76.25416666666666,50.65,55.708333333333336,158,111,58,56,63.0,95,158.0
2023-02-22,93.96249999999999,62.5625,981.25,54.40416666666667,44.23333333333333,66.04166666666667,109,94,49,66,55.0,68,109.0
2023-02-23,69.47083333333333,42.4375,919.9583333333334,42.416666666666664,34.708333333333336,55.208333333333336,71,69,46,55,43.0,53,71.0
2023-02-24,95.75833333333333,63.0625,1402.0,57.2125,51.6625,65.79166666666667,110,96,70,66,65.0,72,110.0
2023-02-25,138.14166666666668,94.1375,1321.1818181818182,82.92380952380952,64.76875,65.0,214,125,66,65,81.0,103,214.0
2023-02-26,109.22916666666667,74.32083333333334,1462.4761904761904,73.3,61.51764705882353,70.04166666666667,148,106,73,70,77.0,92,148.0
2023-02-27,108.55416666666667,71.62083333333334,1440.5217391304348,67.87916666666666,61.29583333333333,63.25,139,106,72,63,77.0,85,139.0
2023-02-28,110.82083333333333,73.22916666666667,1516.5217391304348,73.0304347826087,57.395833333333336,50.708333333333336,144,107,76,51,72.0,91,144.0
2023-03-01,85.19583333333334,55.975,905.45,52.525,45.47272727272727,48.833333333333336,93,85,45,49,57.0,66,93.0
2023-03-02,71.55416666666666,46.199999999999996,934.25,54.24166666666667,39.795833333333334,54.666666666666664,77,72,47,55,50.0,68,77.0
2023-03-03,62.65,37.458333333333336,664.8333333333334,42.170833333333334,28.354166666666668,58.25,62,63,33,58,35.0,53,63.0
2023-03-04,63.925000000000004,38.93333333333333,780.8333333333334,44.69583333333333,29.491666666666664,55.541666666666664,65,64,39,56,37.0,56,65.0
2023-03-05,65.91666666666667,40.074999999999996,808.625,47.012499999999996,30.333333333333332,58.458333333333336,67,66,40,58,38.0,59,67.0
2023-03-06,76.55,48.083333333333336,1118.125,47.72083333333333,36.862500000000004,59.583333333333336,80,77,56,60,46.0,60,80.0
2023-03-07,116.21249999999999,77.46249999999999,1285.625,74.175,50.98947368421052,59.25,158,111,64,59,64.0,93,158.0
2023-03-08,116.27499999999999,78.55,1379.4736842105262,69.41052631578947,53.790476190476184,57.333333333333336,162,111,69,57,67.0,87,162.0
2023-03-09,100.5125,67.39999999999999,1241.8181818181818,66.49130434782609,49.237500000000004,57.291666666666664,125,100,62,57,62.0,83,125.0
2023-03-10,121.8875,79.78750000000001,1308.9444444444443,69.95,51.189473684210526,61.625,166,115,65,62,64.0,87,166.0
2023-03-11,135.0952380952381,86.005,1612.7222222222222,66.89444444444445,58.41538461538461,72.54166666666667,187,123,81,73,73.0,84,187.0
2023-03-12,146.99166666666667,99.52499999999999,1249.4615384615386,75.39473684210526,60.99285714285714,71.08333333333333,232,131,62,71,76.0,94,232.0
2023-03-13,121.74583333333334,80.14583333333333,1413.047619047619,64.33333333333333,55.89047619047619,66.0,167,114,71,66,70.0,80,167.0
2023-03-14,96.89166666666667,60.958333333333336,1343.0,56.512499999999996,51.52272727272727,58.5,103,97,67,58,64.0,71,103.0
2023-03-15,143.47083333333333,92.22608695652173,1112.9166666666667,77.775,63.276923076923076,61.416666666666664,207,129,56,61,79.0,97,207.0
2023-03-16,111.83749999999999,75.31666666666666,1216.85,75.7375,60.74090909090909,60.083333333333336,151,108,61,60,76.0,95,151.0
2023-03-17,123.87916666666666,83.55,998.1666666666666,70.96249999999999,51.76190476190476,62.25,178,116,50,62,65.0,89,178.0
2023-03-18,139.24583333333334,95.38333333333333,1374.25,74.29583333333333,52.25,59.333333333333336,218,126,69,59,65.0,93,218.0
2023-03-19,166.22083333333333,107.12380952380951,1218.8666666666666,76.62916666666666,68.15333333333334,69.41666666666667,257,144,61,69,85.0,96,257.0
2023-03-20,95.2625,65.0125,964.3333333333334,64.21249999999999,43.72083333333333,69.25,117,95,48,69,55.0,80,117.0
2023-03-21,88.84166666666665,61.5375,1341.5833333333333,51.1,50.56666666666666,63.5,105,89,67,64,63.0,64,105.0
2023-03-22,123.52499999999999,84.75416666666666,1489.75,76.23333333333333,61.794117647058826,67.08333333333333,183,116,74,67,77.0,95,183.0
2023-03-23,89.64166666666667,57.425000000000004,1248.9583333333333,53.020833333333336,49.762499999999996,57.291666666666664,96,90,62,57,62.0,66,96.0
2023-03-24,103.24583333333334,66.3,1159.375,77.58333333333333,55.48333333333333,53.0,121,102,58,53,69.0,97,121.0
2023-03-25,95.87083333333334,61.833333333333336,866.5909090909091,53.0625,44.06818181818182,72.33333333333333,106,96,43,72,55.0,66,106.0
2023-03-26,73.75,43.77916666666667,628.4166666666666,43.262499999999996,29.462500000000002,62.5,73,74,31,62,37.0,54,74.0
2023-03-27,79.18333333333334,49.083333333333336,879.1666666666666,50.800000000000004,36.65416666666667,63.75,82,79,44,64,46.0,64,82.0
2023-03-28,87.79583333333333,57.645833333333336,1249.1739130434783,52.1625,45.37916666666666,65.70833333333333,96,88,62,66,57.0,65,96.0
2023-03-29,126.3625,85.25,1091.7368421052631,69.9875,62.05263157894737,75.20833333333333,184,118,55,75,78.0,87,184.0
2023-03-30,101.46249999999999,66.83333333333333,824.2083333333334,57.020833333333336,49.25833333333333,87.95833333333333,123,101,41,88,62.0,71,123.0
2023-03-31,76.62083333333334,51.737500000000004,922.625,54.583333333333336,42.050000000000004,59.625,86,77,46,60,53.0,68,86.0
2023-04-01,143.21666666666667,69.97222222222223,821.0666666666667,69.5909090909091,54.65714285714286,53.625,133,129,41,54,68.0,87,133.0
2023-04-02,125.05416666666667,78.28695652173913,1300.5625,58.578947368421055,53.126315789473686,64.33333333333333,161,117,65,64,66.0,73,161.0
2023-04-03,79.30416666666666,50.93333333333334,999.0833333333334,60.59583333333333,48.666666666666664,61.375,85,79,50,61,61.0,76,85.0
2023-04-04,65.16666666666667,37.608333333333334,711.2916666666666,40.9,35.50416666666667,63.541666666666664,63,65,36,64,44.0,51,65.0
2023-04-05,58.037499999999994,34.77916666666667,717.625,43.71666666666667,33.925000000000004,65.83333333333333,58,58,36,66,42.0,55,66.0
2023-04-06,52.49166666666667,29.625,541.0,36.93333333333333,28.400000000000002,74.66666666666667,49,52,27,75,36.0,46,75.0
2023-04-07,50.52916666666667,29.483333333333334,589.625,35.775,28.275000000000002,76.75,49,51,29,77,35.0,45,77.0
2023-04-08,56.24166666666667,35.141666666666666,741.4583333333334,42.770833333333336,34.725,81.79166666666667,59,56,37,82,43.0,53,82.0
2023-04-09,54.86666666666667,35.512499999999996,773.3333333333334,45.208333333333336,35.770833333333336,78.375,59,55,39,78,45.0,57,78.0
2023-04-10,52.06666666666666,32.59166666666667,665.25,44.9625,31.09166666666667,85.125,54,52,33,85,39.0,56,85.0
2023-04-11,51.041666666666664,29.083333333333332,576.0416666666666,36.86666666666667,24.454166666666666,92.875,48,51,29,93,31.0,46,93.0
2023-04-12,64.41666666666667,37.5375,728.9583333333334,42.137499999999996,24.8125,79.75,63,64,36,80,31.0,53,80.0
2023-04-13,58.67916666666667,34.72083333333333,711.9583333333334,46.287499999999994,28.679166666666664,78.45833333333333,58,59,36,78,36.0,58,78.0
2023-04-14,61.9625,38.97083333333333,991.5,50.34166666666667,36.90416666666667,78.5,65,62,50,78,46.0,63,78.0
2023-04-15,87.48333333333333,59.79583333333333,1236.0,61.800000000000004,52.82272727272727,85.70833333333333,100,87,62,86,66.0,77,100.0
2023-04-16,88.8625,59.275,1020.1818181818181,47.976190476190474,44.72608695652174,86.875,99,89,51,87,56.0,60,99.0
2023-04-17,88.02083333333333,57.69166666666666,649.6,50.487500000000004,33.32941176470588,67.45833333333333,96,88,32,67,42.0,63,96.0
2023-04-18,66.39583333333333,39.208333333333336,1138.6666666666667,49.18333333333334,30.566666666666666,58.666666666666664,65,66,57,59,38.0,61,66.0
2023-04-19,56.81666666666666,31.020833333333332,457.0,31.84583333333333,26.09583333333333,78.45833333333333,52,57,23,78,33.0,40,78.0
2023-04-20,62.81666666666666,36.9625,617.375,40.96666666666667,33.88333333333333,79.33333333333333,62,63,31,79,42.0,51,79.0
2023-04-21,67.92083333333333,41.949999999999996,715.2083333333334,46.40416666666667,40.63333333333333,87.33333333333333,70,68,36,87,51.0,58,87.0
2023-04-22,49.9,31.770833333333332,621.2916666666666,39.31666666666667,33.237500000000004,97.08333333333333,53,50,31,97,42.0,49,97.0
2023-04-23,60.625,39.87083333333333,819.875,49.762499999999996,39.413636363636364,84.70833333333333,66,61,41,85,49.0,62,85.0
2023-04-24,66.48333333333333,41.6875,610.375,47.900000000000006,38.07083333333333,80.04166666666667,69,66,31,80,48.0,60,80.0
2023-04-25,91.92916666666667,62.35833333333333,1051.85,56.824999999999996,53.92916666666667,96.33333333333333,108,92,53,96,67.0,71,108.0
2023-04-26,107.79583333333333,74.15416666666667,1323.8947368421052,76.98333333333333,57.80499999999999,103.875,147,105,66,106,72.0,96,147.0
2023-04-27,88.56666666666666,59.020833333333336,853.2916666666666,60.19583333333333,43.50416666666666,98.16666666666667,98,89,43,98,54.0,75,98.0
2023-04-28,106.70416666666667,69.95416666666667,1069.875,77.74782608695652,58.4625,80.75,133,104,53,81,73.0,97,133.0
2023-04-29,100.28750000000001,64.25416666666666,776.3333333333334,55.98333333333333,46.69166666666666,100.5,114,100,39,101,58.0,70,114.0
2023-04-30,103.28333333333335,66.58749999999999,693.875,37.56666666666667,39.454166666666666,109.41666666666667,122,102,35,114,49.0,47,122.0
2023-05-01,73.325,49.75416666666666,638.4583333333334,47.88333333333333,42.675000000000004,72.66666666666667,83,73,32,73,53.0,60,83.0
2023-05-02,66.41250000000001,45.17083333333333,809.0,52.895833333333336,42.800000000000004,62.0,75,66,40,62,54.0,66,75.0
2023-05-03,102.89999999999999,71.47916666666667,1007.0,66.47500000000001,53.878571428571426,55.791666666666664,138,102,50,56,67.0,83,138.0
2023-05-04,126.02083333333333,87.44583333333334,871.2,48.24,64.25,85.54166666666667,191,117,44,86,80.0,60,191.0
2023-05-05,130.94166666666666,87.20416666666667,1343.9545454545455,64.86666666666666,63.24285714285714,105.45833333333333,191,121,67,108,79.0,81,191.0
2023-05-06,86.54583333333333,50.824999999999996,912.4583333333334,46.8375,39.12083333333333,75.16666666666667,85,87,46,75,49.0,59,87.0
2023-05-07,87.42083333333333,54.62916666666666,871.0416666666666,61.25416666666666,45.69583333333333,88.95833333333333,91,87,44,89,57.0,77,91.0
2023-05-08,88.64999999999999,52.604166666666664,876.25,60.10833333333333,39.833333333333336,83.29166666666667,88,89,44,83,50.0,75,89.0
2023-05-09,56.49166666666667,33.612500000000004,550.0833333333334,40.38333333333333,28.508333333333336,97.70833333333333,56,56,28,98,36.0,50,98.0
2023-05-10,69.79583333333333,41.454166666666666,743.3333333333334,41.15416666666667,35.24166666666667,96.66666666666667,69,70,37,97,44.0,51,97.0
2023-05-11,109.3625,73.39999999999999,1291.9545454545455,69.37083333333334,44.810526315789474,106.58333333333333,145,106,65,110,56.0,87,145.0
2023-05-12,123.08749999999999,84.25416666666666,1396.7916666666667,70.6470588235294,53.126315789473686,112.875,181,115,70,119,66.0,88,181.0
2023-05-13,105.19166666666666,70.7,1137.75,78.90833333333333,54.99166666666667,97.65,136,103,57,98,69.0,99,136.0
2023-05-14,97.375,61.97083333333333,945.125,65.17916666666666,50.0875,112.33333333333333,107,97,47,118,63.0,81,118.0
2023-05-15,79.52499999999999,46.62916666666666,793.375,47.81666666666666,35.016666666666666,88.16666666666667,78,80,40,88,44.0,60,88.0
2023-05-16,74.91250000000001,41.0375,711.0416666666666,41.86666666666667,26.379166666666666,84.625,68,75,36,85,33.0,52,85.0
2023-05-17,86.02499999999999,45.487500000000004,733.3478260869565,50.112500000000004,30.424999999999997,73.16666666666667,76,86,37,73,38.0,63,86.0
2023-05-18,62.79583333333333,30.724999999999998,438.9166666666667,31.566666666666666,24.925,91.20833333333333,51,63,22,91,31.0,39,91.0
2023-05-19,71.78750000000001,40.016666666666666,434.2083333333333,29.620833333333334,30.633333333333336,103.0,67,72,22,104,38.0,37,104.0
2023-05-20,75.27499999999999,44.93333333333334,559.0,43.175000000000004,41.20909090909091,87.79166666666667,75,75,28,88,52.0,54,88.0
2023-05-21,73.0125,45.487500000000004,957.3181818181819,56.36666666666667,50.72173913043478,73.54166666666667,76,73,48,74,63.0,70,76.0
2023-05-22,84.04583333333333,41.59583333333333,1102.0416666666667,36.2,37.4125,70.0,69,84,55,70,47.0,45,84.0
2023-05-23,61.425000000000004,27.391666666666666,476.3333333333333,32.645833333333336,19.095833333333335,64.29166666666667,46,61,24,64,24.0,41,64.0
2023-05-24,78.625,46.48333333333333,821.4166666666666,64.625,51.2875,63.0,77,79,41,63,64.0,81,81.0
2023-05-25,98.87083333333334,59.17916666666667,808.625,69.4375,47.11,81.66666666666667,99,99,40,82,59.0,87,99.0
2023-05-26,129.40833333333333,81.0,1137.6363636363637,58.214999999999996,62.52916666666667,106.625,170,120,57,110,78.0,73,170.0
2023-05-27,105.88333333333333,67.46666666666667,1037.4166666666667,50.28666666666666,51.7125,86.20833333333333,125,104,52,86,65.0,63,125.0
2023-05-28,105.88333333333333,65.12916666666666,1027.9166666666667,59.79583333333334,50.54583333333333,82.81818181818181,117,104,51,83,63.0,75,117.0
2023-05-29,119.42083333333333,74.22083333333333,823.4583333333334,54.40833333333333,49.53478260869565,95.85,147,113,41,96,62.0,68,147.0
2023-05-30,91.7375,55.54583333333333,681.4166666666666,47.012499999999996,41.854166666666664,109.875,93,92,34,115,52.0,59,115.0
2023-05-31,75.35416666666667,44.612500000000004,546.5833333333334,40.1625,30.875,86.83333333333333,74,75,27,87,39.0,50,87.0
2023-06-01,70.53333333333333,42.666666666666664,542.7083333333334,39.041666666666664,33.44583333333333,101.20833333333333,71,71,27,102,42.0,49,102.0
2023-06-02,76.575,47.012499999999996,793.4583333333334,48.36666666666667,34.32083333333333,80.29166666666667,78,77,40,80,43.0,60,80.0
2023-06-03,72.71249999999999,46.895833333333336,841.4166666666666,54.0,35.22083333333333,89.08333333333333,78,73,42,89,44.0,68,89.0
2023-06-04,73.58749999999999,44.67083333333333,652.375,47.06666666666666,29.758333333333336,86.33333333333333,74,74,33,86,37.0,59,86.0
2023-06-05,103.075,64.71666666666667,601.9375,50.262499999999996,29.429411764705883,90.58333333333333,116,102,30,91,37.0,63,116.0
2023-06-06,109.21666666666665,69.99166666666666,989.2857142857143,54.61052631578947,41.32857142857143,98.125,133,106,49,98,52.0,68,133.0
2023-06-07,67.07916666666667,41.875,597.5833333333334,45.3125,34.17916666666667,98.95833333333333,70,67,30,99,43.0,57,99.0
2023-06-08,63.88333333333333,38.94166666666667,709.5833333333334,46.199999999999996,34.62916666666667,90.04166666666667,65,64,35,90,43.0,58,90.0
2023-06-09,67.07083333333334,41.67916666666667,739.3333333333334,47.55833333333334,30.8125,95.83333333333333,69,67,37,96,39.0,59,96.0
2023-06-10,70.91250000000001,40.295833333333334,692.4583333333334,40.52916666666667,30.979166666666668,80.125,67,71,35,80,39.0,51,80.0
2023-06-11,70.52916666666667,38.78333333333333,515.5,36.858333333333334,26.8875,90.70833333333333,65,71,26,91,34.0,46,91.0
2023-06-12,77.17083333333333,42.666666666666664,573.0416666666666,38.97083333333333,25.875,88.25,71,77,29,88,32.0,49,88.0
2023-06-13,64.03333333333333,26.84166666666667,438.0833333333333,30.329166666666666,18.595833333333335,68.04166666666667,45,64,22,68,23.0,38,68.0
2023-06-14,59.666666666666664,24.933333333333334,349.6666666666667,26.483333333333334,17.729166666666668,64.75,42,60,17,65,22.0,33,65.0
2023-06-15,73.89166666666667,31.71666666666667,369.875,30.066666666666666,22.7625,66.54166666666667,53,74,18,67,28.0,38,74.0
2023-06-16,88.12916666666666,49.47083333333333,1016.3478260869565,39.40416666666667,33.71904761904762,62.666666666666664,82,88,51,63,42.0,49,88.0
2023-06-17,62.4625,37.0375,612.5416666666666,43.54347826086956,31.662499999999998,74.125,62,62,31,74,40.0,54,74.0
2023-06-18,80.12916666666666,48.88333333333333,921.375,55.2125,57.262499999999996,63.875,81,80,46,64,72.0,69,81.0
2023-06-19,57.362500000000004,36.84583333333333,674.625,44.525,41.69166666666667,64.33333333333333,61,57,34,64,52.0,56,64.0
2023-06-20,66.45,44.175000000000004,541.0,41.55833333333333,47.57916666666667,79.29166666666667,74,66,27,79,59.0,52,79.0
2023-06-21,116.08333333333333,73.30416666666666,778.2916666666666,58.15652173913043,57.911764705882355,82.45833333333333,144,111,39,82,72.0,73,144.0
2023-06-22,134.31666666666666,83.0,748.625,54.35833333333333,66.24705882352941,89.41666666666667,177,123,37,89,83.0,68,177.0
2023-06-23,128.7875,79.54583333333333,1155.7916666666667,61.71111111111111,66.44736842105263,69.875,165,119,58,70,83.0,77,165.0
2023-06-24,100.21666666666665,64.14166666666667,1028.125,80.15833333333333,58.775,45.25,114,100,51,45,73.0,100,114.0
2023-06-25,74.23333333333333,50.5,1131.125,74.29583333333333,58.099999999999994,46.958333333333336,84,74,57,47,73.0,93,93.0
2023-06-26,93.62916666666666,63.54583333333333,1175.1818181818182,64.00833333333334,53.53333333333333,60.041666666666664,112,94,59,60,67.0,80,112.0
2023-06-27,75.3875,50.300000000000004,630.0833333333334,37.204166666666666,36.104166666666664,104.875,84,75,32,107,45.0,47,107.0
2023-06-28,44.25833333333333,30.316666666666666,398.75,23.108333333333334,21.833333333333332,100.75,51,44,20,101,27.0,29,101.0
2023-06-29,48.23333333333333,33.5375,508.0,30.412499999999998,23.474999999999998,94.16666666666667,56,48,25,94,29.0,38,94.0
2023-06-30,52.56666666666666,36.108333333333334,554.5416666666666,32.525,29.541666666666668,100.30434782608695,60,53,28,100,37.0,41,100.0
2023-07-01,55.65833333333333,34.88333333333333,451.2916666666667,22.837500000000002,24.395833333333332,117.5,58,56,23,126,30.0,29,126.0
2023-07-02,112.65416666666665,55.725,599.125,30.929166666666664,23.929166666666664,116.75,93,108,30,125,30.0,39,125.0
2023-07-03,138.19583333333333,58.51666666666667,506.375,21.541666666666668,27.375,139.38095238095238,98,125,25,158,34.0,27,158.0
2023-07-04,81.59583333333333,41.4375,419.5833333333333,17.595833333333335,23.787499999999998,136.45833333333334,69,82,21,154,30.0,22,154.0
2023-07-05,35.38333333333333,23.40833333333333,361.6666666666667,15.799999999999999,17.9875,108.29166666666667,39,35,18,112,22.0,20,112.0
2023-07-06,41.59583333333333,28.462500000000002,357.9166666666667,17.583333333333332,18.229166666666668,104.375,47,42,18,106,23.0,22,106.0
2023-07-07,42.28333333333333,29.525000000000002,437.375,25.78333333333333,23.208333333333332,74.08333333333333,49,42,22,74,29.0,32,74.0
2023-07-08,23.46666666666667,16.412499999999998,333.3333333333333,18.129166666666666,16.037499999999998,68.125,27,23,17,68,20.0,23,68.0
2023-07-09,30.4875,21.349999999999998,373.3333333333333,21.84166666666667,19.099999999999998,76.125,36,30,19,76,24.0,27,76.0
2023-07-10,45.29583333333333,31.704166666666666,388.875,24.287499999999998,20.55,78.66666666666667,53,45,19,79,26.0,30,79.0
2023-07-11,54.04583333333333,37.829166666666666,590.9583333333334,37.387499999999996,27.141666666666666,91.79166666666667,63,54,30,92,34.0,47,92.0
2023-07-12,44.270833333333336,30.7625,425.75,25.837500000000002,23.891666666666666,98.375,51,44,21,98,30.0,32,98.0
2023-07-13,36.887499999999996,25.72083333333333,383.9166666666667,23.275000000000002,23.0625,89.125,43,37,19,89,29.0,29,89.0
2023-07-14,72.5125,43.29583333333333,507.4583333333333,25.541666666666668,26.78333333333333,115.77272727272727,72,73,25,123,33.0,32,123.0
2023-07-15,120.575,53.333333333333336,531.375,32.03333333333333,30.254166666666666,100.5,89,114,27,101,38.0,40,114.0
2023-07-16,67.09166666666667,40.7125,553.1666666666666,36.574999999999996,28.008333333333336,87.41666666666667,68,67,28,87,35.0,46,87.0
2023-07-17,86.94166666666666,54.15416666666667,574.2083333333334,31.52916666666667,34.579166666666666,125.33333333333333,90,87,29,137,43.0,39,137.0
2023-07-18,52.80833333333334,35.99583333333333,410.0,25.212500000000002,20.212500000000002,77.20833333333333,60,53,20,77,25.0,32,77.0
2023-07-19,64.22083333333333,45.0875,676.875,44.62083333333334,28.945833333333336,76.16666666666667,75,64,34,76,36.0,56,76.0
2023-07-20,70.04166666666667,48.887499999999996,554.625,31.829166666666666,28.708333333333332,107.95833333333333,81,70,28,112,36.0,40,112.0
2023-07-21,79.89166666666667,53.44166666666666,533.25,28.795833333333334,26.608333333333334,116.375,89,80,27,124,33.0,36,124.0
2023-07-22,43.875,26.95,366.3333333333333,17.837500000000002,16.3875,94.125,45,44,18,94,20.0,22,94.0
2023-07-23,43.19583333333333,27.400000000000002,350.1666666666667,18.662499999999998,16.995833333333334,84.91666666666667,46,43,18,85,21.0,23,85.0
2023-07-24,47.56666666666666,32.270833333333336,410.2916666666667,23.97083333333333,20.2375,90.25,54,48,21,90,25.0,30,90.0
2023-07-25,49.09166666666667,34.262499999999996,588.4583333333334,38.4,31.291666666666668,81.54166666666667,57,49,29,82,39.0,48,82.0
2023-07-26,66.07916666666667,46.2125,587.4166666666666,34.608333333333334,34.487500000000004,86.375,77,66,29,86,43.0,43,86.0
2023-07-27,90.2375,63.05416666666667,689.4583333333334,38.50833333333333,40.891666666666666,106.91666666666667,110,90,34,110,51.0,48,110.0
2023-07-28,66.61666666666666,46.60833333333333,524.0833333333334,25.675,30.662499999999998,114.54166666666667,78,67,26,121,38.0,32,121.0
2023-07-29,39.93333333333333,27.354166666666668,447.625,26.237499999999997,20.545833333333334,109.08333333333333,46,40,22,113,26.0,33,113.0
2023-07-30,61.333333333333336,34.69166666666667,370.3333333333333,21.254166666666666,13.720833333333333,95.33333333333333,58,61,19,95,17.0,27,95.0
2023-07-31,85.79166666666667,38.270833333333336,347.0,19.675,14.341666666666667,96.16666666666667,64,86,17,96,18.0,25,96.0
2023-08-01,109.6125,37.15833333333334,290.0,16.220833333333335,11.4625,88.58333333333333,62,106,14,89,14.0,20,106.0
2023-08-02,122.25416666666666,45.18333333333334,467.125,33.06666666666667,22.941666666666666,69.41666666666667,75,115,23,69,29.0,41,115.0
2023-08-03,123.35416666666667,47.291666666666664,500.3333333333333,32.516666666666666,19.020833333333332,75.375,79,116,25,75,24.0,41,116.0
2023-08-04,127.10000000000001,57.291666666666664,687.9583333333334,46.87916666666666,30.641666666666666,72.95833333333333,95,118,34,73,38.0,59,118.0
2023-08-05,163.42499999999998,59.520833333333336,681.9583333333334,41.12916666666667,28.054166666666664,97.16666666666667,99,142,34,97,35.0,51,142.0
2023-08-06,169.92105263157896,49.362500000000004,361.0833333333333,22.7375,13.120833333333332,71.5,82,147,18,72,16.0,28,147.0
2023-08-07,216.12142857142857,58.395833333333336,300.9166666666667,19.245833333333334,9.9,64.0,97,177,15,64,12.0,24,177.0
2023-08-08,239.82,69.96249999999999,332.2083333333333,21.474999999999998,10.595833333333333,62.583333333333336,133,193,17,63,13.0,27,193.0
2023-08-09,216.3875,60.24166666666667,340.5416666666667,22.479166666666668,11.866666666666667,65.33333333333333,101,178,17,65,15.0,28,178.0
2023-08-10,182.05555555555554,54.65416666666667,453.4166666666667,30.008333333333336,15.154166666666667,61.666666666666664,91,155,23,62,19.0,38,155.0
2023-08-11,181.04166666666666,48.24583333333334,512.375,30.46666666666667,15.375,61.083333333333336,80,154,26,61,19.0,38,154.0
2023-08-12,213.70869565217393,49.55416666666667,305.2083333333333,18.9375,10.241666666666665,69.5,83,176,15,70,13.0,24,176.0
2023-08-13,185.2238095238095,48.46666666666667,329.7916666666667,21.883333333333336,13.0875,67.33333333333333,81,157,16,67,16.0,27,157.0
2023-08-14,77.82083333333334,35.725,466.75,30.666666666666668,22.879166666666666,74.625,60,78,23,75,29.0,38,78.0
2023-08-15,111.05416666666667,55.25416666666666,626.5,32.5,29.183333333333334,103.95238095238095,92,107,31,106,36.0,41,107.0
2023-08-16,178.15833333333333,57.025000000000006,534.75,30.787499999999998,16.404166666666665,78.95833333333333,95,152,27,79,21.0,38,152.0
2023-08-17,182.44545454545454,54.112500000000004,590.0416666666666,36.71666666666667,16.983333333333334,62.625,90,155,30,63,21.0,46,155.0
2023-08-18,156.825,58.762499999999996,539.125,29.775000000000002,20.558333333333334,92.45833333333333,98,138,27,92,26.0,37,138.0
2023-08-19,92.2375,57.666666666666664,705.125,37.775,27.8125,97.375,96,92,35,97,35.0,47,97.0
2023-08-20,72.49166666666666,44.50416666666666,738.5,40.05833333333333,27.0,82.95833333333333,74,72,37,83,34.0,50,83.0
2023-08-21,89.875,59.604166666666664,751.9583333333334,40.67916666666667,31.195833333333336,102.0,99,90,38,103,39.0,51,103.0
2023-08-22,79.05,43.7125,493.25,26.258333333333336,26.383333333333336,105.20833333333333,73,79,25,108,33.0,33,108.0
2023-08-23,80.27916666666667,34.95,576.8333333333334,36.74166666666667,26.445833333333336,57.0,58,80,29,57,33.0,46,80.0
2023-08-24,140.2047619047619,39.875,406.2083333333333,25.7,14.420833333333334,59.916666666666664,66,127,20,60,18.0,32,127.0
2023-08-25,168.08333333333334,41.9,307.2916666666667,18.558333333333334,10.9125,71.875,70,145,15,72,14.0,23,145.0
2023-08-26,158.60416666666666,45.583333333333336,422.7083333333333,27.025000000000002,12.833333333333334,63.083333333333336,76,139,21,63,16.0,34,139.0
2023-08-27,209.82608695652175,58.98333333333333,410.0416666666667,26.129166666666666,12.716666666666667,62.791666666666664,98,173,21,63,16.0,33,173.0
2023-08-28,195.97727272727272,58.262499999999996,513.4583333333334,31.391666666666666,15.804166666666667,65.625,97,164,26,66,20.0,39,164.0
2023-08-29,161.07500000000002,50.699999999999996,676.0416666666666,36.987500000000004,23.212500000000002,68.25,84,141,34,68,29.0,46,141.0
2023-08-30,179.59166666666667,61.0,815.25,43.00833333333333,28.1875,85.70833333333333,103,153,41,86,35.0,54,153.0
2023-08-31,176.40416666666667,64.37916666666666,1016.9166666666666,51.737500000000004,32.016666666666666,83.625,115,151,51,84,40.0,65,151.0
2023-09-01,148.26250000000002,45.74166666666667,577.125,32.49583333333333,17.558333333333334,81.16666666666667,76,132,29,81,22.0,41,132.0
2023-09-02,165.47083333333333,47.083333333333336,595.2916666666666,33.2125,18.3,70.45833333333333,78,144,30,70,23.0,42,144.0
2023-09-03,141.80416666666667,41.925000000000004,486.5833333333333,29.7,16.729166666666668,78.83333333333333,70,128,24,79,21.0,37,128.0
2023-09-04,97.69166666666666,39.354166666666664,526.4166666666666,30.8875,19.070833333333333,86.79166666666667,66,98,26,87,24.0,39,98.0
2023-09-05,88.4875,52.38333333333333,631.125,30.566666666666666,23.020833333333332,110.95833333333333,87,88,32,116,29.0,38,116.0
2023-09-06,94.16250000000001,59.71666666666667,1009.2916666666666,54.32608695652174,39.34166666666667,106.5,100,94,50,110,49.0,68,110.0
2023-09-07,108.2625,71.07083333333334,1181.6666666666667,51.37142857142857,43.612500000000004,100.47619047619048,137,106,59,101,55.0,64,137.0
2023-09-08,56.42916666666667,38.916666666666664,606.7083333333334,30.974999999999998,28.099999999999998,95.91666666666667,65,56,30,96,35.0,39,96.0
2023-09-09,40.4,28.22083333333333,408.625,19.066666666666666,20.908333333333335,86.79166666666667,47,40,20,87,26.0,24,87.0
2023-09-10,20.066666666666666,14.170833333333334,363.25,18.224999999999998,18.6875,70.875,24,20,18,71,23.0,23,71.0
2023-09-11,46.675000000000004,32.57083333333333,580.2083333333334,32.63333333333333,23.5625,77.16666666666667,54,47,29,77,29.0,41,77.0
2023-09-12,73.22916666666667,50.775,784.75,43.25416666666666,34.92916666666667,102.75,85,73,39,104,44.0,54,104.0
2023-09-13,79.62083333333334,54.925000000000004,618.4166666666666,27.3,32.895833333333336,108.04761904761905,92,80,31,112,41.0,34,112.0
2023-09-14,81.75,56.39166666666666,666.125,32.829166666666666,29.075,99.41666666666667,94,82,33,99,36.0,41,99.0
2023-09-15,65.06666666666666,45.15,610.4583333333334,31.325,29.608333333333334,92.16666666666667,75,65,31,92,37.0,39,92.0
2023-09-16,36.0625,24.46666666666667,371.5,15.283333333333333,16.425,83.875,41,36,19,84,21.0,19,84.0
2023-09-17,40.833333333333336,27.858333333333334,338.4583333333333,14.408333333333333,19.5625,92.04166666666667,46,41,17,92,24.0,18,92.0
2023-09-18,31.545833333333334,20.900000000000002,361.2916666666667,19.791666666666668,17.483333333333334,76.83333333333333,35,32,18,77,22.0,25,77.0
2023-09-19,55.40833333333333,37.18333333333333,655.0833333333334,37.141666666666666,26.9375,81.625,62,55,33,82,34.0,46,82.0
2023-09-20,76.75833333333334,51.10833333333333,853.375,47.020833333333336,37.05833333333333,102.20833333333333,85,77,43,103,46.0,59,103.0
2023-09-21,62.85833333333333,41.237500000000004,618.9583333333334,34.016666666666666,29.520833333333332,103.125,69,63,31,105,37.0,43,105.0
2023-09-22,78.74166666666666,53.5375,765.9583333333334,36.1375,26.9375,111.45833333333333,89,79,38,117,34.0,45,117.0
2023-09-23,79.39166666666667,52.90416666666667,735.625,37.141666666666666,31.575,105.29166666666667,88,79,37,108,39.0,46,108.0
2023-09-24,77.75416666666666,52.03333333333333,1048.8333333333333,47.40833333333333,35.84583333333334,81.625,87,78,52,82,45.0,59,87.0
2023-09-25,76.95,47.275,765.125,38.958333333333336,32.71666666666667,102.91666666666667,79,77,38,104,41.0,49,104.0
2023-09-26,82.8625,43.229166666666664,564.75,29.358333333333334,22.704166666666666,90.83333333333333,72,83,28,91,28.0,37,91.0
2023-09-27,79.59166666666667,35.3125,463.6666666666667,21.229166666666668,15.670833333333334,94.45833333333333,59,80,23,94,20.0,27,94.0
2023-09-28,77.7375,40.8375,638.5416666666666,30.241666666666664,19.5125,90.45833333333333,68,78,32,90,24.0,38,90.0
2023-09-29,80.925,45.63333333333333,782.25,35.762499999999996,24.804166666666664,90.91666666666667,76,81,39,91,31.0,45,91.0
2023-09-30,82.39583333333333,38.84583333333333,466.0416666666667,19.566666666666666,17.337500000000002,98.66666666666667,65,82,23,99,22.0,24,99.0
2023-10-01,78.06666666666666,37.354166666666664,443.875,18.75,16.241666666666667,102.08333333333333,62,78,22,103,20.0,23,103.0
2023-10-02,68.92916666666666,33.44166666666667,470.8333333333333,22.912499999999998,15.987499999999999,94.5,56,69,24,94,20.0,29,94.0
2023-10-03,96.87083333333334,42.11666666666667,494.75,20.2625,15.854166666666666,100.08333333333333,70,97,25,100,20.0,25,100.0
2023-10-04,113.37083333333334,48.362500000000004,554.625,21.316666666666666,17.337500000000002,102.75,81,109,28,104,22.0,27,109.0
2023-10-05,108.45,54.95416666666667,655.9166666666666,28.266666666666666,19.9875,102.91666666666667,92,106,33,104,25.0,35,106.0
2023-10-06,122.62916666666666,67.00833333333334,1029.4166666666667,50.15833333333333,28.5,80.33333333333333,123,115,51,80,36.0,63,123.0
2023-10-07,164.0875,65.99166666666666,1066.75,49.5625,28.59583333333333,81.66666666666667,120,143,53,82,36.0,62,143.0
2023-10-08,167.19583333333333,56.28333333333333,745.25,35.733333333333334,22.458333333333332,66.625,94,145,37,67,28.0,45,145.0
2023-10-09,124.68333333333334,53.3375,821.75,43.645833333333336,23.120833333333334,59.708333333333336,89,116,41,60,29.0,55,116.0
2023-10-10,114.63333333333333,46.59583333333333,692.9166666666666,34.7125,21.4875,67.70833333333333,78,110,35,68,27.0,43,110.0
2023-10-11,103.41250000000001,40.824999999999996,522.625,24.941666666666666,17.279166666666665,79.79166666666667,68,102,26,80,22.0,31,102.0
2023-10-12,101.3,51.333333333333336,862.0416666666666,39.979166666666664,25.829166666666666,94.08333333333333,86,101,43,94,32.0,50,101.0
2023-10-13,109.13333333333333,57.99583333333334,856.5,41.670833333333334,27.59583333333333,91.66666666666667,97,106,43,92,34.0,52,106.0
2023-10-14,110.22083333333335,48.00416666666666,719.7083333333334,36.675,25.795833333333334,86.20833333333333,80,107,36,86,32.0,46,107.0
2023-10-15,118.25416666666666,47.63333333333333,625.2083333333334,33.225,24.541666666666668,80.95833333333333,79,112,31,81,31.0,42,112.0
2023-10-16,81.97083333333333,42.02916666666666,514.7916666666666,26.570833333333336,22.620833333333334,70.5,70,82,26,70,28.0,33,82.0
2023-10-17,84.67916666666666,46.63333333333333,714.0833333333334,37.40833333333333,30.287499999999998,76.20833333333333,78,85,36,76,38.0,47,85.0
2023-10-18,99.89583333333333,34.36666666666667,445.9166666666667,22.191666666666666,16.787499999999998,69.66666666666667,57,100,22,70,21.0,28,100.0
2023-10-19,89.15833333333335,35.09166666666667,660.7916666666666,30.8125,18.883333333333333,73.5,58,89,33,74,24.0,39,89.0
2023-10-20,96.72916666666667,42.80833333333334,865.9166666666666,38.975,25.8125,81.33333333333333,71,97,43,81,32.0,49,97.0
2023-10-21,84.89166666666667,48.49166666666667,971.3333333333334,46.89166666666667,28.858333333333334,74.5,81,85,49,74,36.0,59,85.0
2023-10-22,92.3625,42.78333333333333,692.5,28.45,27.287499999999998,104.83333333333333,71,92,35,107,34.0,36,107.0
2023-10-23,93.73333333333333,41.3125,574.8333333333334,23.287499999999998,17.212500000000002,88.41666666666667,69,94,29,88,22.0,29,94.0
2023-10-24,81.42916666666666,41.24583333333333,653.2083333333334,29.337500000000002,20.3,80.33333333333333,69,81,33,80,25.0,37,81.0
2023-10-25,78.47916666666667,38.7125,605.5833333333334,26.920833333333334,16.491666666666667,79.91666666666667,65,78,30,80,21.0,34,80.0
2023-10-26,74.82916666666667,35.74583333333333,636.6666666666666,28.683333333333334,16.025000000000002,72.875,60,75,32,73,20.0,36,75.0
2023-10-27,100.16666666666667,48.833333333333336,1008.8333333333334,40.63333333333333,25.612499999999997,72.25,81,100,50,72,32.0,51,100.0
2023-10-28,147.94166666666666,75.55833333333334,1372.7916666666667,59.45416666666667,39.675000000000004,79.25,152,132,69,79,50.0,74,152.0
2023-10-29,157.6875,90.81666666666666,1313.4583333333333,60.80833333333334,43.74583333333334,89.0,203,138,66,89,55.0,76,203.0
2023-10-30,157.59166666666667,90.39166666666667,1119.4166666666667,48.4625,34.824999999999996,87.70833333333333,201,138,56,88,44.0,61,201.0
2023-10-31,167.21666666666667,97.72916666666667,1315.375,55.40833333333333,36.87916666666667,86.83333333333333,226,145,66,87,46.0,69,226.0
2023-11-01,166.775,97.02499999999999,1336.75,52.85833333333333,43.925000000000004,91.45833333333333,223,145,67,91,55.0,66,223.0
2023-11-02,145.86666666666667,81.9375,1019.375,37.6875,26.354166666666668,94.625,173,131,51,95,33.0,47,173.0
2023-11-03,157.02083333333334,93.13333333333333,922.9166666666666,29.058333333333334,22.958333333333332,96.41666666666667,210,138,46,96,29.0,36,210.0
2023-11-04,173.67083333333335,101.43333333333334,971.625,35.645833333333336,26.083333333333332,83.0,238,149,49,83,33.0,45,238.0
2023-11-05,138.56666666666666,80.97916666666667,1217.5,45.00833333333333,30.175,63.166666666666664,170,126,61,63,38.0,56,170.0
2023-11-06,158.37916666666666,98.02499999999999,1325.1,65.91666666666667,45.28333333333333,71.625,227,139,66,72,57.0,82,227.0
2023-11-07,150.30416666666667,93.375,1396.375,59.73333333333333,37.208333333333336,80.375,211,134,70,80,47.0,75,211.0
2023-11-08,170.45833333333334,101.50416666666666,1396.7083333333333,50.2875,31.791666666666668,61.833333333333336,238,147,70,62,40.0,63,238.0
2023-11-09,192.0375,114.66666666666667,1498.375,59.4625,35.12083333333333,66.66666666666667,282,161,75,67,44.0,74,282.0
2023-11-10,121.10416666666667,74.39999999999999,638.7916666666666,23.78333333333333,19.9875,75.75,148,114,32,76,25.0,30,148.0
2023-11-11,88.96249999999999,55.81666666666666,704.3333333333334,29.104166666666668,21.941666666666666,60.25,93,89,35,60,27.0,36,93.0
2023-11-12,56.74166666666667,36.766666666666666,732.7083333333334,29.925,18.245833333333334,63.958333333333336,61,57,37,64,23.0,37,64.0
2023-11-13,87.31666666666666,59.63333333333333,1067.875,42.87916666666666,28.879166666666666,68.45833333333333,99,87,53,68,36.0,54,99.0
2023-11-14,96.53333333333335,65.3,977.25,39.31666666666667,25.666666666666668,68.625,118,97,49,69,32.0,49,118.0
2023-11-15,104.04166666666667,71.75,1125.0416666666667,42.24166666666667,27.491666666666664,69.75,139,103,56,70,34.0,53,139.0
2023-11-16,144.92916666666667,100.60416666666667,1517.8333333333333,54.55833333333334,39.81666666666667,76.20833333333333,235,130,76,76,50.0,68,235.0
2023-11-17,141.4125,98.35000000000001,1502.5555555555557,66.70833333333333,52.212500000000006,57.583333333333336,228,128,75,58,65.0,83,228.0
2023-11-18,152.32916666666668,105.17083333333333,1530.6842105263158,69.67368421052632,55.18181818181818,72.83333333333333,251,135,77,73,69.0,87,251.0
2023-11-19,192.3181818181818,114.94117647058823,1533.5714285714287,79.18947368421053,63.05555555555556,78.625,283,162,77,79,79.0,99,283.0
2023-11-20,134.23749999999998,91.73333333333333,1185.2083333333333,46.199999999999996,32.62916666666667,85.08333333333333,206,123,59,85,41.0,58,206.0
2023-11-21,113.6875,76.92083333333333,709.25,20.045833333333334,21.758333333333336,96.625,156,109,35,97,27.0,25,156.0
2023-11-22,128.53333333333333,86.85416666666667,1174.5833333333333,38.37083333333333,29.7625,65.29166666666667,190,119,59,65,37.0,48,190.0
2023-11-23,184.54999999999998,111.36666666666666,1646.7222222222222,73.16250000000001,54.584210526315786,68.29166666666667,271,156,82,68,68.0,91,271.0
2023-11-24,182.54999999999998,114.95714285714286,1532.2608695652175,60.6875,54.199999999999996,75.75,283,155,77,76,68.0,76,283.0
2023-11-25,163.85416666666666,95.73684210526316,1321.9375,67.35416666666667,47.03157894736842,66.83333333333333,219,143,66,67,59.0,84,219.0
2023-11-26,188.75,126.8625,1855.4545454545455,73.55416666666666,72.04166666666667,73.33333333333333,305,159,93,73,90.0,92,305.0
2023-11-27,145.09166666666667,98.95416666666667,1238.625,50.125,46.762499999999996,48.541666666666664,230,130,62,49,58.0,63,230.0
2023-11-28,121.84583333333335,83.95416666666667,1136.3333333333333,46.4375,38.395833333333336,50.458333333333336,180,115,57,50,48.0,58,180.0
2023-11-29,153.96315789473684,94.94117647058823,1305.1764705882354,65.4375,52.05294117647059,53.708333333333336,216,136,65,54,65.0,82,216.0
2023-11-30,182.67499999999998,118.12916666666666,1169.375,47.487500000000004,51.67083333333333,62.958333333333336,294,155,58,63,65.0,59,294.0
2023-12-01,153.44166666666666,101.30416666666667,1148.7083333333333,40.50833333333333,40.92916666666667,58.625,238,136,57,59,51.0,51,238.0
2023-12-02,118.10000000000001,79.98333333333333,1254.9166666666667,45.083333333333336,40.85,50.416666666666664,167,112,63,50,51.0,56,167.0
2023-12-03,135.57083333333333,92.97916666666667,1495.5454545454545,53.9,46.47222222222222,51.791666666666664,210,124,75,52,58.0,67,210.0
2023-12-04,117.87083333333334,81.44583333333334,1334.0833333333333,47.916666666666664,41.920833333333334,55.708333333333336,171,112,67,56,52.0,60,171.0
2023-12-05,83.45416666666667,57.708333333333336,959.2916666666666,35.80833333333333,33.020833333333336,51.791666666666664,96,83,48,52,41.0,45,96.0
2023-12-06,116.97083333333335,81.39166666666667,1303.2105263157894,60.862500000000004,39.757894736842104,51.583333333333336,171,111,65,52,50.0,76,171.0
2023-12-07,109.9875,76.42916666666666,1359.7916666666667,45.80416666666667,43.425000000000004,64.58333333333333,155,107,68,65,54.0,57,155.0
2023-12-08,97.3625,67.70833333333333,1100.5416666666667,34.12083333333333,33.65,85.66666666666667,126,97,55,86,42.0,43,126.0
2023-12-09,96.07083333333333,66.78750000000001,1013.4583333333334,27.900000000000002,30.46666666666667,88.91666666666667,123,96,51,89,38.0,35,123.0
2023-12-10,104.8,71.92083333333333,1035.9583333333333,30.795833333333334,32.979166666666664,78.45833333333333,140,103,52,78,41.0,38,140.0
2023-12-11,169.49166666666665,96.25555555555555,1388.8666666666666,69.42,46.978571428571435,63.541666666666664,221,146,69,64,59.0,87,221.0
2023-12-12,185.5625,124.45454545454545,1639.5294117647059,78.05833333333334,73.9,89.70833333333333,303,157,82,90,92.0,98,303.0
2023-12-13,131.86249999999998,86.58749999999999,1282.5652173913043,44.88333333333333,48.175000000000004,79.58333333333333,189,121,64,80,60.0,56,189.0
2023-12-14,94.12083333333334,70.99583333333334,1019.4166666666666,33.025,31.229166666666668,73.04166666666667,137,94,51,73,39.0,41,137.0
2023-12-15,137.51250000000002,102.05833333333334,1605.5416666666667,53.85,50.83181818181818,84.54166666666667,240,125,80,85,64.0,67,240.0
2023-12-16,113.17083333333333,76.96249999999999,1307.0833333333333,41.175000000000004,41.94583333333333,78.0,157,109,65,78,52.0,51,157.0
2023-12-17,124.77499999999999,83.16250000000001,1161.375,33.291666666666664,37.59583333333333,86.66666666666667,177,117,58,87,47.0,42,177.0
2023-12-18,82.21666666666667,55.224999999999994,775.3333333333334,18.933333333333334,24.77916666666667,84.95833333333333,92,82,39,85,31.0,24,92.0
2023-12-19,77.40416666666667,52.9625,881.5833333333334,25.258333333333336,26.7375,76.08333333333333,88,77,44,76,33.0,32,88.0
2023-12-20,105.06666666666666,72.75,1342.0416666666667,42.13333333333333,38.300000000000004,63.083333333333336,142,103,67,63,48.0,53,142.0
2023-12-21,131.07500000000002,91.19583333333333,1529.1666666666667,41.93333333333333,42.233333333333334,71.41666666666667,204,121,76,71,53.0,52,204.0
2023-12-22,162.08235294117648,104.38000000000001,1653.6,53.18888888888889,54.55,89.25,248,141,83,89,68.0,66,248.0
2023-12-23,174.25,113.1,1686.25,72.42916666666666,68.39333333333335,87.16666666666667,277,150,84,87,85.0,91,277.0
2023-12-24,151.77083333333334,104.39999999999999,1507.8636363636363,55.92916666666667,62.63478260869565,96.91666666666667,248,135,75,97,78.0,70,248.0
2023-12-25,145.48749999999998,100.72500000000001,1555.7916666666667,40.916666666666664,41.03333333333333,88.5,236,130,78,88,51.0,51,236.0
2023-12-26,175.85263157894735,109.7625,1655.125,67.21666666666667,47.47777777777778,77.54166666666667,266,151,83,78,59.0,84,266.0
2023-12-27,171.11249999999998,112.06363636363636,1471.857142857143,47.833333333333336,48.583333333333336,93.375,274,147,74,93,61.0,60,274.0
2023-12-28,196.59166666666667,117.15294117647058,1659.7777777777778,62.42916666666667,50.647368421052626,94.70833333333333,291,164,83,95,63.0,78,291.0
2023-12-29,200.62941176470588,130.27857142857144,1763.125,59.57142857142857,54.559999999999995,76.61904761904762,308,167,88,77,68.0,74,308.0
2023-12-30,208.475,136.41176470588235,1876.4117647058824,68.67727272727272,59.34285714285714,85.5,313,172,94,86,74.0,86,313.0
2023-12-31,164.25,112.71666666666665,1605.3,57.47083333333333,51.34444444444445,71.41666666666667,276,143,80,71,64.0,72,276.0
2024-01-01,146.67916666666667,100.99583333333334,1505.875,48.24583333333334,50.92727272727273,68.0,237,131,75,68,64.0,60,237.0
2024-01-02,154.09166666666667,106.5,1436.8,50.0375,45.21,73.54166666666667,255,136,72,74,57.0,63,255.0
2024-01-03,170.43333333333334,117.2,1748.6666666666667,47.12916666666666,50.6625,87.5,291,147,87,88,63.0,59,291.0
2024-01-04,174.47916666666666,120.16666666666667,1723.4166666666667,38.291666666666664,39.733333333333334,74.375,300,150,86,74,50.0,48,300.0
2024-01-05,162.27916666666667,110.69166666666666,1485.2083333333333,40.34583333333333,37.55833333333333,67.45833333333333,269,142,74,67,47.0,50,269.0
2024-01-06,166.80416666666667,114.52499999999999,1696.0,35.65,38.829166666666666,83.45833333333333,282,145,85,83,49.0,45,282.0
2024-01-07,198.08095238095237,128.36666666666667,1884.3333333333333,56.84782608695652,49.805,80.75,306,165,94,81,62.0,71,306.0
2024-01-08,207.7904761904762,135.29444444444445,1854.421052631579,56.65416666666667,54.40555555555555,83.20833333333333,312,172,93,83,68.0,71,312.0
2024-01-09,128.69583333333333,88.09166666666665,1106.25,26.066666666666666,23.854166666666668,75.16666666666667,194,119,55,75,30.0,33,194.0
2024-01-10,120.97083333333335,83.74583333333334,1049.75,23.474999999999998,23.916666666666668,76.375,179,114,52,76,30.0,29,179.0
2024-01-11,144.29166666666666,98.62916666666666,1258.2916666666667,25.891666666666666,29.45,95.45833333333333,229,130,63,95,37.0,32,229.0
2024-01-12,147.29583333333332,101.50416666666666,1438.5416666666667,39.21666666666667,41.15416666666667,64.08333333333333,238,132,72,64,51.0,49,238.0
2024-01-13,182.26250000000002,113.68499999999999,1593.0588235294117,62.45416666666667,48.144444444444446,65.45833333333333,279,155,80,65,60.0,78,279.0
2024-01-14,135.36666666666667,92.47083333333335,1286.7083333333333,40.19166666666667,34.49583333333333,65.125,208,124,64,65,43.0,50,208.0
2024-01-15,148.31666666666666,102.05833333333334,1415.375,43.00833333333333,43.92916666666667,56.375,240,132,71,56,55.0,54,240.0
2024-01-16,200.2111111111111,128.62666666666667,1836.0,66.81666666666666,58.60555555555556,79.3913043478261,307,167,92,79,73.0,84,307.0
2024-01-17,212.1208333333333,135.2888888888889,1743.4736842105262,74.71666666666667,67.94375,77.95833333333333,312,175,87,78,85.0,93,312.0
2024-01-18,199.34,115.22999999999999,1309.2,79.73684210526316,72.55454545454546,65.76190476190476,284,166,65,66,91.0,100,284.0
2024-01-19,219.39375,129.97777777777776,1895.4615384615386,86.18333333333334,72.51818181818182,69.21052631578948,308,180,95,69,91.0,106,308.0
2024-01-20,209.82105263157894,134.09333333333333,1933.9166666666667,66.96249999999999,65.82941176470588,90.23809523809524,311,173,97,90,82.0,84,311.0
2024-01-21,153.69166666666666,104.34166666666665,1280.0,30.108333333333334,32.237500000000004,93.125,248,136,64,93,40.0,38,248.0
2024-01-22,209.5,122.94285714285715,1830.1666666666667,47.925000000000004,46.9,98.08333333333333,302,173,92,98,59.0,60,302.0
2024-01-23,221.95416666666665,145.41,1979.6818181818182,57.30833333333334,52.95454545454545,77.72727272727273,320,181,99,78,66.0,72,320.0
2024-01-24,163.32083333333335,111.67083333333333,1694.75,41.86666666666667,35.729166666666664,74.75,272,142,85,75,45.0,52,272.0
2024-01-25,190.225,129.34583333333333,1915.0416666666667,51.112500000000004,48.833333333333336,71.20833333333333,307,160,96,71,61.0,64,307.0
2024-01-26,203.34347826086955,123.17058823529412,1774.7058823529412,64.64999999999999,64.28947368421052,83.19047619047619,302,169,89,83,80.0,81,302.0
2024-01-27,102.06666666666666,67.60416666666667,1268.8333333333333,35.92916666666667,33.1,79.20833333333333,125,101,63,79,41.0,45,125.0
2024-01-28,136.62083333333334,91.34166666666665,1351.8181818181818,45.93333333333334,53.91304347826087,96.54166666666667,204,124,68,97,67.0,57,204.0
2024-01-29,172.72608695652173,104.01052631578948,1461.904761904762,51.834782608695654,51.455,101.41666666666667,247,148,73,102,64.0,65,247.0
2024-01-30,196.75333333333336,122.86153846153846,1587.0,53.0,44.82,76.91666666666667,302,165,79,77,56.0,66,302.0
2024-01-31,201.89583333333334,129.39583333333334,1260.5,38.604166666666664,50.6625,107.41666666666667,307,168,63,111,63.0,48,307.0
2024-02-01,102.99166666666667,66.36666666666666,671.9166666666666,22.266666666666666,24.900000000000002,81.83333333333333,121,102,34,82,31.0,28,121.0
2024-02-02,86.29583333333333,56.32916666666667,755.125,23.766666666666666,24.599999999999998,72.125,94,86,38,72,31.0,30,94.0
2024-02-03,90.18333333333334,58.80833333333334,1268.4583333333333,44.59166666666667,39.52857142857143,48.208333333333336,98,90,63,48,49.0,56,98.0
2024-02-04,120.6125,61.25,705.0,31.808333333333334,30.8125,63.083333333333336,104,114,35,63,39.0,40,114.0
2024-02-05,55.97083333333333,33.37916666666667,567.3333333333334,22.6875,20.729166666666668,54.166666666666664,56,56,28,54,26.0,28,56.0
2024-02-06,63.4375,40.18333333333333,682.3333333333334,23.59166666666667,19.675,61.583333333333336,67,63,34,62,25.0,29,67.0
2024-02-07,65.55833333333334,40.666666666666664,562.2916666666666,15.829166666666666,17.625,87.25,68,66,28,87,22.0,20,87.0
2024-02-08,58.01666666666667,35.458333333333336,543.5,15.670833333333334,14.904166666666667,79.5,59,58,27,80,19.0,20,80.0
2024-02-09,103.39583333333333,69.7625,1344.5,42.50416666666667,39.99130434782609,55.125,133,102,67,55,50.0,53,133.0
2024-02-10,131.33333333333334,90.22500000000001,1208.75,43.9,39.0,85.25,201,121,60,85,49.0,55,201.0
2024-02-11,106.70416666666667,73.92083333333333,1129.2083333333333,37.62083333333333,32.22083333333333,81.0,146,104,56,81,40.0,47,146.0
2024-02-12,141.92916666666667,99.04583333333333,1477.2916666666667,47.61666666666667,46.42083333333333,82.95833333333333,230,128,74,83,58.0,60,230.0
2024-02-13,156.29999999999998,108.77499999999999,1229.7083333333333,38.725,41.32083333333333,94.58333333333333,263,138,61,95,52.0,48,263.0
2024-02-14,122.31666666666666,82.64583333333333,1118.625,29.52916666666667,33.2125,98.83333333333333,175,115,56,99,42.0,37,175.0
2024-02-15,109.27499999999999,74.50833333333334,1122.5,33.6,29.96666666666667,89.91666666666667,148,106,56,90,37.0,42,148.0
2024-02-16,95.77083333333333,65.0,992.3333333333334,32.525,26.7375,89.25,117,96,50,89,33.0,41,117.0
2024-02-17,97.06666666666666,62.9375,992.1666666666666,34.354166666666664,29.22083333333333,72.66666666666667,110,97,50,73,37.0,43,110.0
2024-02-18,116.80416666666667,75.02916666666667,978.5833333333334,35.52916666666667,38.05833333333333,111.04166666666667,150,111,49,116,48.0,44,150.0
2024-02-19,109.62083333333334,62.475,563.1666666666666,14.549999999999999,25.383333333333336,108.25,108,106,28,112,32.0,18,112.0
2024-02-20,108.94166666666666,58.49166666666667,702.3333333333334,26.55,27.133333333333336,84.33333333333333,97,106,35,84,34.0,33,106.0
2024-02-21,100.80416666666667,50.862500000000004,600.2083333333334,25.59583333333333,26.625,84.95833333333333,85,101,30,85,33.0,32,101.0
2024-02-22,72.52083333333333,38.354166666666664,563.9166666666666,23.404166666666665,19.358333333333334,66.54166666666667,64,73,28,67,24.0,29,73.0
2024-02-23,68.50833333333334,39.574999999999996,703.2916666666666,28.3125,20.3125,62.375,66,69,35,62,25.0,35,69.0
2024-02-24,83.6625,49.69166666666666,936.7916666666666,38.03333333333333,32.3125,66.04166666666667,83,84,47,66,40.0,48,84.0
2024-02-25,65.64166666666667,38.608333333333334,587.9583333333334,25.0,21.962500000000002,80.83333333333333,64,66,29,81,27.0,31,81.0
2024-02-26,83.73333333333333,52.25416666666666,935.9583333333334,39.770833333333336,35.670833333333334,58.875,87,84,47,59,45.0,50,87.0
2024-02-27,79.10000000000001,40.362500000000004,524.2916666666666,21.8875,19.779166666666665,70.83333333333333,67,79,26,71,25.0,27,79.0
2024-02-28,105.73333333333333,41.329166666666666,541.4583333333334,19.054166666666667,15.729166666666666,84.5,69,104,27,84,20.0,24,104.0
2024-02-29,97.1875,50.0625,912.2916666666666,34.8375,26.516666666666666,76.41666666666667,83,97,46,76,33.0,44,97.0
2024-03-01,102.4875,55.458333333333336,750.375,30.962500000000002,35.233333333333334,89.625,92,102,38,90,44.0,39,102.0
2024-03-02,76.17916666666666,34.71666666666667,393.3333333333333,14.762500000000001,17.0125,89.875,58,76,20,90,21.0,18,90.0
2024-03-03,85.79583333333333,40.458333333333336,507.0,25.054166666666664,21.787499999999998,64.375,67,86,25,64,27.0,31,86.0
2024-03-04,75.37916666666666,31.474999999999998,462.2916666666667,19.629166666666666,16.929166666666667,70.70833333333333,52,75,23,71,21.0,25,75.0
2024-03-05,100.99583333333334,41.766666666666666,505.3333333333333,19.3125,16.825,79.375,70,101,25,79,21.0,24,101.0
2024-03-06,128.4375,60.05833333333334,1034.4166666666667,37.75,33.09583333333333,68.0,100,119,52,68,41.0,47,119.0
2024-03-07,87.75833333333333,46.9,679.6666666666666,29.629166666666666,23.875,80.54166666666667,78,88,34,81,30.0,37,88.0
2024-03-08,90.14166666666667,38.025,510.25,20.358333333333334,17.604166666666668,85.20833333333333,63,90,26,85,22.0,25,90.0
2024-03-09,133.74166666666667,41.454166666666666,629.9583333333334,25.5625,18.9875,88.58333333333333,69,122,31,89,24.0,32,122.0
2024-03-10,116.16666666666667,68.3625,1188.875,53.137499999999996,37.61666666666667,84.125,128,111,59,84,47.0,66,128.0
2024-03-11,109.24583333333334,64.95,825.2916666666666,36.237500000000004,33.97083333333333,112.91666666666667,117,106,41,119,42.0,45,119.0
2024-03-12,108.76666666666667,48.04583333333333,685.375,29.954166666666666,21.95,74.125,80,106,34,74,27.0,37,106.0
2024-03-13,104.01666666666667,41.88333333333333,507.4583333333333,19.212500000000002,21.037499999999998,101.5,70,103,25,102,26.0,24,103.0
2024-03-14,104.10416666666667,42.454166666666666,551.25,24.629166666666666,20.55,80.79166666666667,71,103,28,81,26.0,31,103.0
2024-03-15,126.08749999999999,37.06666666666667,532.2916666666666,24.604166666666668,15.216666666666667,68.375,62,117,27,68,19.0,31,117.0
2024-03-16,91.62083333333334,48.77916666666667,823.2083333333334,37.07083333333333,25.925,79.91666666666667,81,92,41,80,32.0,46,92.0
2024-03-17,112.625,48.6625,890.2916666666666,38.24166666666667,24.891666666666666,73.125,81,108,45,73,31.0,48,108.0
2024-03-18,99.42916666666667,47.69166666666666,813.0,35.75416666666667,21.95,74.41666666666667,79,99,41,74,27.0,45,99.0
2024-03-19,109.06666666666666,56.041666666666664,956.625,41.9125,27.208333333333332,82.16666666666667,93,106,48,82,34.0,52,106.0
2024-03-20,93.98333333333333,54.49583333333334,904.5833333333334,39.733333333333334,26.266666666666666,80.66666666666667,91,94,45,81,33.0,50,94.0
2024-03-21,170.475,65.17083333333333,610.3333333333334,23.6875,24.8125,96.79166666666667,117,147,31,97,31.0,30,147.0
2024-03-22,137.49583333333334,67.62916666666666,856.9583333333334,38.729166666666664,32.8125,108.91666666666667,125,125,43,113,41.0,48,125.0
2024-03-23,148.33333333333334,48.50833333333333,555.5,24.420833333333334,17.108333333333334,82.04166666666667,81,132,28,82,21.0,31,132.0
2024-03-24,126.77499999999999,52.15416666666667,769.75,35.520833333333336,23.795833333333334,68.83333333333333,87,118,38,69,30.0,44,118.0
2024-03-25,128.49583333333334,41.0,467.625,19.104166666666668,16.320833333333333,94.125,68,119,23,94,20.0,24,119.0
2024-03-26,113.26666666666667,45.574999999999996,584.875,27.96666666666667,20.770833333333332,89.125,76,109,29,89,26.0,35,109.0
2024-03-27,139.44166666666666,53.24583333333334,652.25,33.6,27.9875,87.75,89,126,33,88,35.0,42,126.0
2024-03-28,124.67083333333333,48.987500000000004,555.25,28.625,23.916666666666668,94.41666666666667,82,116,28,94,30.0,36,116.0
2024-03-29,150.09166666666667,58.86666666666667,635.25,32.2875,28.4875,99.08333333333333,98,133,32,99,36.0,40,133.0
2024-03-30,119.05833333333334,47.3125,567.5,28.058333333333334,22.40416666666667,95.54166666666667,79,113,28,96,28.0,35,113.0
2024-03-31,135.6625,41.42916666666667,380.8333333333333,16.295833333333334,13.579166666666666,91.33333333333333,69,124,19,91,17.0,20,124.0
2024-04-01,136.62083333333334,36.75416666666667,379.0416666666667,16.533333333333335,12.924999999999999,95.0,61,124,19,95,16.0,21,124.0
2024-04-02,97.55833333333334,28.008333333333336,422.7083333333333,20.733333333333334,15.008333333333333,95.0,47,98,21,95,19.0,26,98.0
2024-04-03,60.75833333333333,30.995833333333334,466.5833333333333,23.849999999999998,21.091666666666665,111.45833333333333,52,61,23,117,26.0,30,117.0
2024-04-04,80.22916666666667,31.233333333333334,384.2916666666667,19.395833333333332,14.791666666666666,100.625,52,80,19,101,18.0,24,101.0
2024-04-05,112.36666666666667,35.295833333333334,457.0833333333333,23.145833333333332,16.037499999999998,83.08333333333333,59,108,23,83,20.0,29,108.0
2024-04-06,96.22500000000001,33.05416666666667,446.875,21.212500000000002,15.670833333333334,98.20833333333333,55,96,22,98,20.0,27,98.0
2024-04-07,83.8625,30.316666666666666,519.6666666666666,26.8625,16.195833333333333,95.0,51,84,26,95,20.0,34,95.0
2024-04-08,81.73333333333333,31.979166666666668,547.0833333333334,28.516666666666666,18.154166666666665,89.25,53,82,27,89,23.0,36,89.0
2024-04-09,65.375,35.083333333333336,571.75,30.020833333333332,23.179166666666664,99.625,58,65,29,100,29.0,38,100.0
2024-04-10,69.75833333333334,38.65833333333333,705.125,37.670833333333334,23.40416666666667,98.33333333333333,64,70,35,98,29.0,47,98.0
2024-04-11,84.44583333333334,41.791666666666664,506.6666666666667,24.583333333333332,22.495833333333334,113.41666666666667,70,84,25,120,28.0,31,120.0
2024-04-12,88.58749999999999,37.6875,472.9166666666667,21.90416666666667,19.804166666666667,115.375,63,89,24,123,25.0,27,123.0
2024-04-13,122.65238095238094,61.74583333333334,506.5833333333333,22.366666666666664,21.916666666666668,119.66666666666667,106,115,25,129,27.0,28,129.0
2024-04-14,138.48749999999998,60.9125,436.4583333333333,17.645833333333332,16.695833333333333,105.20833333333333,103,126,22,108,21.0,22,126.0
2024-04-15,125.56666666666666,50.42916666666667,646.375,30.741666666666664,23.566666666666666,79.875,84,117,32,80,29.0,38,117.0
2024-04-16,185.70869565217393,48.1,387.2083333333333,16.166666666666668,13.583333333333334,98.79166666666667,80,157,19,99,17.0,20,157.0
2024-04-17,170.95000000000002,35.729166666666664,318.0,12.283333333333333,10.754166666666668,115.91666666666667,60,147,16,123,13.0,15,147.0
2024-04-18,107.39565217391304,32.86666666666667,328.75,16.104166666666668,11.141666666666666,88.54166666666667,55,105,16,89,14.0,20,105.0
2024-04-19,156.5875,48.475,583.75,29.104166666666668,18.120833333333334,61.166666666666664,81,138,29,61,23.0,36,138.0
2024-04-20,173.65454545454546,38.36666666666667,359.875,17.754166666666666,11.516666666666666,92.0,64,149,18,92,14.0,22,149.0
2024-04-21,115.58749999999999,30.9875,349.4166666666667,17.270833333333332,12.129166666666668,98.625,52,110,17,99,15.0,22,110.0
2024-04-22,79.2625,27.525000000000002,448.375,26.229166666666668,14.025,93.58333333333333,46,79,22,94,18.0,33,94.0
2024-04-23,120.58333333333333,41.34166666666667,647.0416666666666,37.80416666666667,24.233333333333334,91.125,69,114,32,91,30.0,47,114.0
2024-04-24,116.91666666666667,34.4125,487.3333333333333,24.575,16.691666666666666,108.29166666666667,57,111,24,112,21.0,31,112.0
2024-04-25,99.76666666666667,33.44583333333333,503.1666666666667,27.900000000000002,17.3875,100.83333333333333,56,100,25,101,22.0,35,101.0
2024-04-26,78.375,28.141666666666666,383.125,21.604166666666668,17.400000000000002,101.16666666666667,47,78,19,102,22.0,27,102.0
2024-04-27,102.19166666666666,31.77916666666667,380.5,20.175,15.8375,93.75,53,101,19,94,20.0,25,101.0
2024-04-28,114.00416666666666,36.65833333333334,594.5833333333334,35.63333333333333,18.516666666666666,83.0,61,109,30,83,23.0,45,109.0
2024-04-29,123.82083333333333,40.1125,421.7083333333333,20.754166666666666,18.908333333333335,121.54166666666667,67,116,21,132,24.0,26,132.0
2024-04-30,162.53809523809525,45.6625,521.625,28.07083333333333,17.270833333333332,96.58333333333333,76,142,26,97,22.0,35,142.0
2024-05-01,212.34375,52.395833333333336,293.75,11.979166666666666,9.404166666666667,116.83333333333333,87,175,15,125,12.0,15,175.0
2024-05-02,174.25652173913045,43.61666666666667,366.6666666666667,15.450000000000001,12.9,131.04166666666666,73,150,18,146,16.0,19,150.0
2024-05-03,158.00833333333333,45.5875,510.875,26.3625,16.004166666666666,106.66666666666667,76,139,26,110,20.0,33,139.0
2024-05-04,89.72916666666667,44.51666666666667,783.1666666666666,45.362500000000004,24.445833333333336,98.5,74,90,39,98,31.0,57,98.0
2024-05-05,168.33333333333334,43.90833333333333,439.9166666666667,21.170833333333334,15.083333333333334,113.95833333333333,73,146,22,121,19.0,26,146.0
2024-05-06,139.95833333333334,47.112500000000004,607.7083333333334,33.35,17.854166666666668,94.375,79,127,30,94,22.0,42,127.0
2024-05-07,124.55833333333334,52.458333333333336,585.9166666666666,26.358333333333334,21.84583333333333,120.8695652173913,87,116,29,131,27.0,33,131.0
2024-05-08,230.16521739130437,62.987500000000004,447.75,14.091666666666667,22.03333333333333,154.54166666666666,110,187,22,180,28.0,18,187.0
2024-05-09,189.88333333333333,64.2375,494.5833333333333,16.454166666666666,22.375,145.72727272727272,114,160,25,167,28.0,21,167.0
2024-05-10,172.27333333333334,60.020833333333336,485.75,16.087500000000002,22.316666666666666,157.16666666666666,100,148,24,184,28.0,20,184.0
2024-05-11,204.85454545454547,66.34583333333333,537.625,22.71666666666667,22.945833333333336,125.22727272727273,121,170,27,137,29.0,28,170.0
2024-05-12,177.4608695652174,63.324999999999996,549.75,25.745833333333334,21.233333333333334,122.83333333333333,111,152,27,134,27.0,32,152.0
2024-05-13,125.87916666666666,47.65416666666667,587.125,33.74166666666667,26.620833333333334,119.66666666666667,79,117,29,129,33.0,42,129.0
2024-05-14,109.1125,34.6625,442.0,23.070833333333336,15.2125,116.95833333333333,58,106,22,125,19.0,29,125.0
2024-05-15,117.6875,50.51666666666667,850.75,49.38333333333333,25.179166666666664,103.04166666666667,84,112,43,104,31.0,62,112.0
2024-05-16,144.24583333333334,61.80833333333334,949.9583333333334,48.5625,31.241666666666664,101.2,106,129,47,102,39.0,61,129.0
2024-05-17,156.83157894736843,60.77916666666667,745.5833333333334,39.2875,21.183333333333334,124.125,103,138,37,135,26.0,49,138.0
2024-05-18,168.61176470588236,55.675000000000004,365.5833333333333,15.804166666666667,13.695833333333333,123.16666666666667,93,146,18,134,17.0,20,146.0
2024-05-19,151.58333333333334,52.30416666666667,392.5416666666667,19.608333333333334,13.208333333333334,108.25,87,134,20,112,17.0,25,134.0
2024-05-20,194.7157894736842,62.37916666666666,636.8333333333334,33.4375,21.099999999999998,104.8695652173913,108,163,32,107,26.0,42,163.0
2024-05-21,153.09583333333333,61.67916666666667,641.4166666666666,26.02916666666667,26.375,140.08333333333334,106,135,32,159,33.0,33,159.0
2024-05-22,176.1304347826087,53.17083333333333,494.2916666666667,15.929166666666667,20.900000000000002,150.33333333333334,89,151,25,174,26.0,20,174.0
2024-05-23,205.81363636363633,54.87916666666666,421.8333333333333,14.495833333333332,17.479166666666668,135.0,91,171,21,151,22.0,18,171.0
2024-05-24,122.68333333333334,49.99583333333334,567.25,28.2625,20.162499999999998,112.25,83,115,28,118,25.0,35,118.0
2024-05-25,154.28095238095239,55.8125,500.5,19.45,19.7,132.4090909090909,93,136,25,148,25.0,24,148.0
2024-05-26,147.9625,46.729166666666664,519.3333333333334,27.787499999999998,17.712500000000002,116.33333333333333,78,132,26,124,22.0,35,132.0
2024-05-27,156.90416666666667,50.862500000000004,570.6666666666666,29.95,21.295833333333334,120.61904761904762,85,138,29,130,27.0,37,138.0
2024-05-28,150.3375,49.80833333333334,638.1666666666666,38.233333333333334,24.15833333333333,117.91666666666667,83,134,32,126,30.0,48,134.0
2024-05-29,161.49166666666667,55.04583333333333,589.2916666666666,28.03333333333333,21.816666666666666,120.85,92,141,29,131,27.0,35,141.0
2024-05-30,181.5,44.550000000000004,657.25,39.24166666666667,19.095833333333335,98.16666666666667,74,154,33,98,24.0,49,154.0
2024-05-31,174.775,44.74166666666667,534.0416666666666,28.429166666666664,16.625,118.95833333333333,75,150,27,128,21.0,36,150.0
2024-06-01,152.16470588235296,43.30416666666667,309.8333333333333,18.1125,9.758333333333335,97.83333333333333,72,135,15,98,12.0,23,135.0
2024-06-02,159.37916666666666,44.47083333333333,509.1666666666667,32.083333333333336,17.325,107.0,74,140,25,110,22.0,40,140.0
2024-06-03,187.67083333333335,49.916666666666664,512.4583333333334,31.416666666666668,14.720833333333333,101.875,83,158,26,103,18.0,39,158.0
2024-06-04,193.76666666666668,55.94583333333333,551.2916666666666,34.36666666666667,20.595833333333335,100.58333333333333,93,163,28,101,26.0,43,163.0
2024-06-05,174.91875,57.85,425.5,26.745833333333334,14.383333333333333,92.125,96,150,21,92,18.0,33,150.0
2024-06-06,176.25,70.2625,362.625,21.641666666666666,16.099999999999998,93.66666666666667,134,151,18,94,20.0,27,151.0
2024-06-07,250.46666666666664,68.71249999999999,305.2083333333333,13.9375,12.5,111.70833333333333,129,200,15,117,16.0,17,200.0
2024-06-08,218.45714285714286,66.42083333333333,370.7916666666667,18.833333333333332,14.079166666666666,107.95833333333333,121,179,19,112,18.0,24,179.0
2024-06-09,169.43333333333334,42.63333333333333,344.25,17.82916666666667,12.595833333333333,115.375,71,146,17,123,16.0,22,146.0
2024-06-10,147.5875,36.2875,378.0,20.591666666666665,11.987499999999999,116.08333333333333,60,132,19,124,15.0,26,132.0
2024-06-11,133.85833333333332,37.47083333333333,413.2916666666667,24.245833333333334,15.1875,117.25,62,123,21,125,19.0,30,125.0
2024-06-12,146.01666666666668,35.125,367.9583333333333,18.845833333333335,11.8375,123.95833333333333,59,131,18,135,15.0,24,135.0
2024-06-13,204.65714285714284,49.59166666666667,288.4166666666667,14.641666666666666,9.341666666666667,108.54166666666667,83,170,14,113,12.0,18,170.0
2024-06-14,240.37272727272727,54.1875,249.04166666666666,12.779166666666667,8.141666666666667,100.625,90,194,12,101,10.0,16,194.0
2024-06-15,182.22222222222223,51.25833333333333,255.95833333333334,12.558333333333332,8.183333333333334,102.75,85,155,13,104,10.0,16,155.0
2024-06-16,187.2,45.60833333333333,290.9166666666667,15.779166666666667,9.595833333333333,99.95833333333333,76,158,15,100,12.0,20,158.0
2024-06-17,209.97857142857143,46.833333333333336,256.3333333333333,13.754166666666668,8.654166666666667,93.54166666666667,78,173,13,94,11.0,17,173.0
2024-06-18,218.2133333333333,51.35833333333333,321.25,20.583333333333332,10.65,78.0,86,179,16,78,13.0,26,179.0
2024-06-19,249.30000000000004,65.86666666666666,399.7083333333333,23.358333333333334,14.108333333333334,79.875,120,200,20,80,18.0,29,200.0
2024-06-20,202.1291666666667,58.72083333333333,458.3333333333333,29.325,23.441666666666666,97.66666666666667,98,168,23,98,29.0,37,168.0
2024-06-21,215.91875,80.57083333333334,571.6666666666666,34.94583333333333,31.6375,114.20833333333333,169,177,29,121,40.0,44,177.0
2024-06-22,180.70416666666665,72.375,488.4583333333333,20.462500000000002,29.241666666666664,122.85,141,154,24,134,37.0,26,154.0
2024-06-23,140.83333333333334,70.73333333333333,524.125,25.170833333333334,26.858333333333334,138.45833333333334,136,127,26,157,34.0,31,157.0
2024-06-24,133.86666666666667,73.14166666666667,494.5416666666667,22.02916666666667,26.02916666666667,127.25,144,123,25,140,33.0,28,144.0
2024-06-25,108.55416666666667,65.89999999999999,514.7916666666666,24.55,28.900000000000002,131.41666666666666,120,106,26,146,36.0,31,146.0
2024-06-26,119.09583333333335,75.32916666666667,490.5,22.816666666666666,26.22083333333333,112.95833333333333,151,113,25,119,33.0,29,151.0
2024-06-27,39.858333333333334,27.84166666666667,510.0833333333333,29.995833333333334,23.891666666666666,91.70833333333333,46,40,26,92,30.0,37,92.0
2024-06-28,58.63333333333333,39.4125,729.5,45.06666666666666,31.037499999999998,91.16666666666667,66,59,36,91,39.0,56,91.0
2024-06-29,62.375,33.67916666666667,464.375,26.383333333333336,21.545833333333334,109.66666666666667,56,62,23,114,27.0,33,114.0
2024-06-30,100.3,56.95416666666667,566.0833333333334,28.633333333333336,23.383333333333336,130.16666666666666,95,100,28,144,29.0,36,144.0
2024-07-01,78.93333333333334,40.78333333333333,499.9166666666667,31.25,20.641666666666666,86.33333333333333,68,79,25,86,26.0,39,86.0
2024-07-02,77.1375,41.449999999999996,465.375,30.991666666666664,25.595833333333335,82.95833333333333,69,77,23,83,32.0,39,83.0
2024-07-03,52.42916666666667,29.5125,392.375,24.479166666666668,24.020833333333332,86.79166666666667,49,52,20,87,30.0,31,87.0
2024-07-04,51.4,35.75,659.125,40.4125,31.608333333333334,85.45833333333333,60,51,33,85,40.0,51,85.0
2024-07-05,31.983333333333334,22.441666666666666,424.0,20.279166666666665,22.275000000000002,101.33333333333333,37,32,21,102,28.0,25,102.0
2024-07-06,26.758333333333336,18.733333333333334,394.625,22.270833333333332,24.370833333333334,83.125,31,27,20,83,30.0,28,83.0
2024-07-07,36.84166666666667,24.375,375.8333333333333,22.304166666666664,23.729166666666668,88.79166666666667,41,37,19,89,30.0,28,89.0
2024-07-08,53.9375,34.82083333333333,484.2083333333333,28.620833333333334,22.695833333333336,95.33333333333333,58,54,24,95,28.0,36,95.0
2024-07-09,92.21666666666665,61.65,606.4166666666666,34.25,32.5375,126.54166666666667,105,92,30,139,41.0,43,139.0
2024-07-10,113.39999999999999,75.44583333333334,703.5833333333334,41.854166666666664,26.99166666666667,112.5,151,109,35,118,34.0,52,151.0
2024-07-11,103.64583333333333,59.208333333333336,581.9166666666666,32.87916666666667,21.704166666666666,114.125,99,102,29,121,27.0,41,121.0
2024-07-12,182.5705882352941,66.72083333333333,629.875,40.27916666666667,23.8875,84.83333333333333,122,155,31,85,30.0,50,155.0
2024-07-13,158.92083333333332,67.1375,819.7083333333334,55.9125,31.866666666666664,94.375,124,139,41,94,40.0,70,139.0
2024-07-14,178.13750000000002,83.21666666666667,804.3333333333334,45.979166666666664,39.42916666666667,92.0,177,152,40,92,49.0,57,177.0
2024-07-15,91.36666666666667,60.04583333333333,623.9166666666666,35.766666666666666,28.445833333333336,99.70833333333333,100,91,31,100,36.0,45,100.0
2024-07-16,56.074999999999996,39.34583333333333,402.6666666666667,20.279166666666665,21.370833333333334,107.125,66,56,20,110,27.0,25,110.0
2024-07-17,58.28333333333333,40.637499999999996,416.7083333333333,23.587500000000002,22.820833333333336,103.375,68,58,21,105,29.0,29,105.0
2024-07-18,64.2375,43.69166666666666,484.875,29.40833333333333,28.675,105.29166666666667,73,64,24,108,36.0,37,108.0
2024-07-19,68.33333333333333,44.18333333333334,492.2083333333333,30.6125,28.65833333333333,91.95833333333333,74,68,25,92,36.0,38,92.0
2024-07-20,83.35416666666667,57.083333333333336,601.9166666666666,36.21666666666667,29.379166666666666,99.25,95,83,30,99,37.0,45,99.0
2024-07-21,78.51666666666667,54.3375,495.0416666666667,27.804166666666664,25.104166666666668,107.41666666666667,91,79,25,111,31.0,35,111.0
2024-07-22,63.137499999999996,43.37916666666666,510.5,30.55,26.004166666666666,104.875,72,63,26,107,33.0,38,107.0
2024-07-23,93.62083333333334,61.93333333333334,623.4583333333334,32.9,31.95,122.17391304347827,106,94,31,133,40.0,41,133.0
2024-07-24,93.75833333333333,61.0875,698.125,39.083333333333336,34.13333333333333,110.875,104,94,35,116,43.0,49,116.0
2024-07-25,87.02499999999999,56.25416666666666,635.7916666666666,35.45,27.787499999999998,111.625,94,87,32,117,35.0,44,117.0
2024-07-26,81.47083333333333,55.7875,692.0416666666666,41.94583333333333,35.125,106.125,93,81,35,109,44.0,52,109.0
2024-07-27,65.21249999999999,45.27916666666667,610.0,35.80416666666667,28.916666666666668,85.5,75,65,30,86,36.0,45,86.0
2024-07-28,56.60833333333334,37.30416666666667,494.7083333333333,27.849999999999998,24.21666666666667,100.08333333333333,62,57,25,100,30.0,35,100.0
2024-07-29,66.64999999999999,40.333333333333336,456.125,25.583333333333332,21.55,94.20833333333333,67,67,23,94,27.0,32,94.0
2024-07-30,73.50416666666666,47.0375,578.5,35.15,25.370833333333334,97.95833333333333,78,74,29,98,32.0,44,98.0
2024-07-31,47.54583333333333,29.816666666666666,488.5,29.733333333333334,20.495833333333334,72.875,50,48,24,73,26.0,37,73.0
2024-08-01,58.291666666666664,39.3375,572.25,36.225,30.59166666666667,97.375,66,58,29,97,38.0,45,97.0
2024-08-02,38.8125,26.837500000000002,452.75,26.787499999999998,20.6125,88.04166666666667,45,39,23,88,26.0,33,88.0
2024-08-03,43.1,29.099999999999998,409.25,23.354166666666668,19.416666666666668,88.08333333333333,48,43,20,88,24.0,29,88.0
2024-08-04,32.645833333333336,22.441666666666666,311.9166666666667,14.670833333333334,15.9625,91.0,37,33,16,91,20.0,18,91.0
2024-08-05,32.729166666666664,23.129166666666666,306.1666666666667,17.2,15.908333333333333,76.625,39,33,15,77,20.0,21,77.0
2024-08-06,37.800000000000004,24.391666666666666,392.2916666666667,26.1375,21.212500000000002,73.125,41,38,20,73,27.0,33,73.0
2024-08-07,52.1,34.541666666666664,498.2083333333333,37.1875,25.425,47.541666666666664,58,52,25,48,32.0,46,58.0
2024-08-08,49.99166666666667,34.354166666666664,568.5833333333334,37.09583333333333,30.741666666666664,70.91666666666667,57,50,28,71,38.0,46,71.0
2024-08-09,48.987500000000004,34.449999999999996,507.9583333333333,30.616666666666664,27.583333333333332,86.5,57,49,25,86,34.0,38,86.0
2024-08-10,65.07083333333334,45.57083333333333,550.875,30.224999999999998,30.983333333333334,104.95833333333333,76,65,28,107,39.0,38,107.0
2024-08-11,49.362500000000004,34.9,500.5833333333333,28.370833333333334,28.974999999999998,73.45833333333333,58,49,25,73,36.0,35,73.0
2024-08-12,37.949999999999996,27.025000000000002,389.5833333333333,23.770833333333332,21.287499999999998,62.375,45,38,19,62,27.0,30,62.0
2024-08-13,41.574999999999996,29.27916666666667,530.125,31.879166666666666,24.8,59.583333333333336,49,42,27,60,31.0,40,60.0
2024-08-14,58.975,41.30833333333333,598.375,36.28333333333333,28.09166666666667,81.91666666666667,69,59,30,82,35.0,45,82.0
2024-08-15,50.31666666666666,34.2125,488.625,28.77916666666667,23.77916666666667,88.16666666666667,57,50,24,88,30.0,36,88.0
2024-08-16,30.162499999999998,21.275000000000002,368.1666666666667,22.566666666666666,17.145833333333332,75.66666666666667,35,30,18,76,21.0,28,76.0
2024-08-17,61.5875,42.03333333333333,601.5,36.38333333333333,34.52916666666667,94.54166666666667,70,62,30,95,43.0,45,95.0
2024-08-18,54.2125,33.074999999999996,500.5833333333333,31.020833333333332,17.720833333333335,72.54166666666667,55,54,25,73,22.0,39,73.0
2024-08-19,51.137499999999996,30.679166666666664,437.9166666666667,27.808333333333334,17.270833333333332,72.25,51,51,22,72,22.0,35,72.0
2024-08-20,68.23333333333333,38.125,506.2916666666667,31.3,27.05,94.04166666666667,64,68,25,94,34.0,39,94.0
2024-08-21,68.75833333333334,41.12916666666667,527.5416666666666,31.945833333333336,33.80416666666667,104.20833333333333,69,69,26,106,42.0,40,106.0
2024-08-22,71.3,43.52916666666667,502.9166666666667,25.104166666666668,29.5,122.0,73,71,25,132,37.0,31,132.0
2024-08-23,78.1125,50.87916666666666,871.5,50.73333333333333,38.19166666666667,84.22727272727273,85,78,44,84,48.0,63,85.0
2024-08-24,64.73333333333333,43.65833333333333,585.1666666666666,31.483333333333334,24.71666666666667,92.25,73,65,29,92,31.0,39,92.0
2024-08-25,34.079166666666666,23.05,343.375,14.762500000000001,16.5125,96.79166666666667,38,34,17,97,21.0,18,97.0
2024-08-26,39.6875,27.400000000000002,342.0,14.733333333333334,17.825,101.45833333333333,46,40,17,102,22.0,18,102.0
2024-08-27,34.6,24.1125,323.9166666666667,16.279166666666665,16.604166666666668,87.25,40,35,16,87,21.0,20,87.0
2024-08-28,29.045833333333334,20.2,362.7083333333333,17.554166666666667,17.779166666666665,91.45833333333333,34,29,18,91,22.0,22,91.0
2024-08-29,56.824999999999996,35.579166666666666,534.7916666666666,31.820833333333336,23.945833333333336,69.75,59,57,27,70,30.0,40,70.0
2024-08-30,81.79166666666667,51.29583333333333,666.9166666666666,35.5625,30.054166666666664,108.75,85,82,33,113,38.0,44,113.0
2024-08-31,70.425,37.625,466.7916666666667,24.754166666666666,15.991666666666667,87.54166666666667,63,70,23,88,20.0,31,88.0
2024-09-01,60.21666666666667,38.733333333333334,496.0833333333333,25.758333333333336,21.070833333333333,105.66666666666667,65,60,25,108,26.0,32,108.0
2024-09-02,49.916666666666664,34.25,475.1666666666667,24.40833333333333,23.65833333333333,97.125,57,50,24,97,30.0,31,97.0
2024-09-03,44.3375,30.575,414.875,22.170833333333334,22.004166666666666,93.83333333333333,51,44,21,94,28.0,28,94.0
2024-09-04,56.93333333333334,39.46666666666667,753.3333333333334,43.387499999999996,32.96666666666667,62.875,66,57,38,63,41.0,54,66.0
2024-09-05,67.5125,47.137499999999996,704.6666666666666,34.074999999999996,41.925,112.66666666666667,79,68,35,119,52.0,43,119.0
2024-09-06,40.2875,28.183333333333334,439.5416666666667,22.795833333333334,24.633333333333336,98.66666666666667,47,40,22,99,31.0,28,99.0
2024-09-07,54.20416666666667,37.854166666666664,611.625,34.4625,30.4875,79.75,63,54,31,80,38.0,43,80.0
2024-09-08,58.175000000000004,40.5875,528.75,27.820833333333336,27.1375,88.83333333333333,68,58,26,89,34.0,35,89.0
2024-09-09,76.9375,53.729166666666664,773.9583333333334,40.354166666666664,33.5625,96.08333333333333,90,77,39,96,42.0,50,96.0
2024-09-10,51.81666666666666,36.291666666666664,567.3333333333334,33.387499999999996,28.962500000000002,60.833333333333336,60,52,28,61,36.0,42,61.0
2024-09-11,58.62083333333334,40.49583333333333,544.125,30.2375,24.991666666666664,86.70833333333333,67,59,27,87,31.0,38,87.0
2024-09-12,33.19166666666667,23.145833333333332,475.9166666666667,26.6125,16.166666666666668,47.25,39,33,24,47,20.0,33,47.0
2024-09-13,68.91666666666667,46.49166666666667,722.375,37.550000000000004,23.995833333333334,72.33333333333333,77,69,36,72,30.0,47,77.0
2024-09-14,114.35000000000001,45.40833333333333,562.0833333333334,30.6125,19.020833333333332,66.91666666666667,76,110,28,67,24.0,38,110.0
2024-09-15,92.55833333333334,46.2875,663.875,36.19166666666667,21.170833333333334,74.875,77,93,33,75,26.0,45,93.0
2024-09-16,119.03750000000001,60.22083333333333,819.375,39.9375,25.15833333333333,83.41666666666667,101,113,41,83,31.0,50,113.0
2024-09-17,104.91250000000001,61.13333333333333,804.75,41.020833333333336,27.912499999999998,103.75,104,103,40,106,35.0,51,106.0
2024-09-18,49.65416666666667,33.90833333333333,448.7083333333333,24.5125,20.849999999999998,64.70833333333333,57,50,22,65,26.0,31,65.0
2024-09-19,78.375,54.12916666666666,828.9166666666666,42.079166666666666,29.3125,80.54166666666667,90,78,41,81,37.0,53,90.0
2024-09-20,82.97916666666667,56.35833333333333,1049.375,59.21666666666667,35.72083333333333,76.45833333333333,94,83,52,76,45.0,74,94.0
2024-09-21,113.71666666666665,78.04583333333333,1299.7391304347825,53.76842105263158,49.15416666666667,97.625,160,109,65,98,61.0,67,160.0
2024-09-22,96.22500000000001,63.87083333333334,948.5416666666666,46.80833333333334,29.458333333333332,104.20833333333333,113,96,47,106,37.0,59,113.0
2024-09-23,108.77499999999999,70.64999999999999,951.25,42.86666666666667,27.212500000000002,110.54166666666667,135,106,48,116,34.0,54,135.0
2024-09-24,162.17916666666667,103.80416666666667,1256.0833333333333,45.199999999999996,49.887499999999996,102.6842105263158,246,141,63,104,62.0,56,246.0
2024-09-25,95.72500000000001,64.59166666666667,639.7916666666666,23.616666666666664,28.779166666666665,119.75,115,96,32,129,36.0,30,129.0
2024-09-26,37.09166666666667,25.912499999999998,439.0416666666667,21.541666666666668,21.5125,83.41666666666667,43,37,22,83,27.0,27,83.0
2024-09-27,26.05,18.208333333333332,382.2083333333333,19.9875,20.445833333333333,63.958333333333336,30,26,19,64,26.0,25,64.0
2024-09-28,38.987500000000004,26.745833333333334,559.0833333333334,31.308333333333334,24.870833333333334,68.29166666666667,45,39,28,68,31.0,39,68.0
2024-09-29,61.59166666666667,42.791666666666664,929.8333333333334,44.550000000000004,31.870833333333334,69.70833333333333,71,62,46,70,40.0,56,71.0
2024-09-30,92.72916666666667,49.237500000000004,763.5416666666666,34.62083333333333,20.545833333333334,91.83333333333333,82,93,38,92,26.0,43,93.0
2024-10-01,148.57500000000002,69.50833333333334,923.0416666666666,39.8625,27.708333333333332,88.54166666666667,132,132,46,89,35.0,50,132.0
2024-10-02,161.35416666666666,74.42083333333333,1149.0833333333333,49.21666666666667,33.387499999999996,86.16666666666667,148,141,57,86,42.0,62,148.0
2024-10-03,138.06666666666666,75.35416666666667,1244.3478260869565,63.62916666666666,37.69166666666667,88.58333333333333,151,125,62,89,47.0,80,151.0
2024-10-04,126.91666666666667,67.77499999999999,979.6666666666666,54.760000000000005,38.82173913043478,65.91666666666667,126,118,49,66,49.0,68,126.0
2024-10-05,99.07916666666667,44.54583333333334,992.2083333333334,54.073913043478264,26.84583333333333,58.291666666666664,74,99,50,58,34.0,68,99.0
2024-10-06,109.08749999999999,42.40833333333333,704.75,36.13333333333333,22.729166666666668,86.75,71,106,35,87,28.0,45,106.0
2024-10-07,100.66666666666667,48.875,802.7083333333334,39.42916666666667,26.650000000000002,81.25,81,100,40,81,33.0,49,100.0
2024-10-08,96.10416666666667,41.44166666666667,698.875,35.37916666666667,23.791666666666668,87.33333333333333,69,96,35,87,30.0,44,96.0
2024-10-09,82.22083333333333,35.9625,579.4166666666666,26.0,18.595833333333335,95.70833333333333,60,82,29,96,23.0,32,96.0
2024-10-10,109.425,40.65416666666667,630.75,31.183333333333334,17.704166666666666,74.75,68,106,32,75,22.0,39,106.0
2024-10-11,108.62083333333334,39.40833333333333,764.25,36.74166666666667,20.083333333333332,74.20833333333333,66,106,38,74,25.0,46,106.0
2024-10-12,105.97916666666667,54.979166666666664,1001.6666666666666,49.45416666666667,30.804166666666664,79.41666666666667,92,104,50,79,39.0,62,104.0
2024-10-13,112.88333333333333,60.2875,1133.9166666666667,60.04583333333333,40.09583333333333,93.66666666666667,101,109,57,94,50.0,75,109.0
2024-10-14,113.61666666666667,47.9625,884.125,43.31666666666666,26.895833333333332,84.5,80,109,44,84,34.0,54,109.0
2024-10-15,120.74583333333334,55.550000000000004,981.375,44.11666666666667,25.141666666666666,85.20833333333333,93,114,49,85,31.0,55,114.0
2024-10-16,123.49583333333334,76.69166666666666,1494.75,69.02499999999999,41.35,73.91666666666667,156,116,75,74,52.0,86,156.0
2024-10-17,141.525,91.06666666666666,1452.875,71.53333333333333,49.47083333333333,81.71428571428571,204,128,73,82,62.0,89,204.0
2024-10-18,141.2875,87.92083333333333,1268.2222222222222,72.29166666666667,49.96666666666667,72.0952380952381,193,128,63,72,62.0,90,193.0
2024-10-19,161.14166666666668,92.76666666666667,1321.6666666666667,59.145833333333336,46.06666666666666,86.1,209,141,66,86,58.0,74,209.0
2024-10-20,171.67916666666667,98.74166666666667,1175.5416666666667,55.17083333333333,42.949999999999996,81.23809523809524,229,148,59,81,54.0,69,229.0
2024-10-21,170.1,101.61666666666667,1276.7083333333333,58.57083333333333,43.395833333333336,86.27272727272727,239,147,64,86,54.0,73,239.0
2024-10-22,163.62083333333334,99.14166666666667,1200.5,49.612500000000004,39.108333333333334,111.95833333333333,230,142,60,118,49.0,62,230.0
2024-10-23,140.65833333333333,73.42916666666666,796.125,25.916666666666668,21.3,101.54166666666667,145,127,40,102,27.0,32,145.0
2024-10-24,156.52916666666667,66.575,664.125,23.491666666666664,18.416666666666668,92.79166666666667,122,138,33,93,23.0,29,138.0
2024-10-25,137.6625,54.699999999999996,761.625,32.22083333333333,21.900000000000002,91.04166666666667,91,125,38,91,27.0,40,125.0
2024-10-26,116.14166666666667,65.53333333333333,1097.0416666666667,45.69166666666666,32.6,87.125,118,111,55,87,41.0,57,118.0
2024-10-27,174.54166666666666,100.23333333333333,1162.5294117647059,55.642857142857146,47.50416666666666,87.9090909090909,234,150,58,88,59.0,70,234.0
2024-10-28,161.42499999999998,91.94166666666666,1339.4583333333333,54.916666666666664,36.99583333333333,84.9090909090909,206,141,67,85,46.0,69,206.0
2024-10-29,158.92083333333332,95.10833333333333,1374.2105263157894,64.91666666666667,47.574999999999996,92.125,217,139,69,92,59.0,81,217.0
2024-10-30,142.63333333333333,80.14583333333333,1117.0,55.7125,39.69166666666667,80.0,167,128,56,80,50.0,70,167.0
2024-10-31,137.79999999999998,67.43333333333334,862.25,25.8,19.6875,92.95833333333333,125,125,43,93,25.0,32,125.0
2024-11-01,112.70833333333333,57.166666666666664,1075.7916666666667,43.20416666666667,26.354166666666668,61.541666666666664,95,108,54,62,33.0,54,108.0
2024-11-02,121.27083333333333,73.50416666666666,1318.5833333333333,51.54583333333333,32.18333333333333,84.0,145,114,66,84,40.0,64,145.0
2024-11-03,151.80833333333334,100.76666666666667,1539.8333333333333,57.2875,40.145833333333336,82.45833333333333,236,135,77,82,50.0,72,236.0
2024-11-04,193.72083333333333,127.0125,1527.5416666666667,68.675,49.03333333333333,87.875,305,162,76,88,61.0,86,305.0
2024-11-05,210.7458333333333,125.1,1503.2916666666667,61.55833333333334,48.19166666666666,79.68181818181819,304,174,75,80,60.0,77,304.0
2024-11-06,227.44210526315788,132.17058823529413,1899.4545454545455,67.91250000000001,56.604166666666664,95.79166666666667,309,185,95,96,71.0,85,309.0
2024-11-07,207.38947368421054,123.15555555555554,1649.235294117647,55.262499999999996,48.18333333333334,99.95652173913044,302,172,82,100,60.0,69,302.0
2024-11-08,232.15625,135.74666666666667,1638.75,61.49583333333334,52.89166666666667,84.5,312,188,82,84,66.0,77,312.0
2024-11-09,179.97916666666666,113.47083333333335,1755.2380952380952,46.362500000000004,34.358333333333334,89.125,278,153,88,89,43.0,58,278.0
2024-11-10,168.27083333333334,109.19583333333333,1509.3684210526317,56.00416666666666,41.15416666666667,79.66666666666667,264,146,75,80,51.0,70,264.0
2024-11-11,196.3166666666667,123.65217391304348,1614.7083333333333,64.37916666666666,51.42083333333333,82.95833333333333,303,164,81,83,64.0,80,303.0
2024-11-12,154.23333333333332,103.57083333333333,1059.2916666666667,49.59166666666667,38.21666666666667,78.5909090909091,245,136,53,79,48.0,62,245.0
2024-11-13,191.20833333333334,135.35333333333332,1108.0,53.137499999999996,39.4375,65.875,312,161,55,66,49.0,66,312.0
2024-11-14,158.1875,113.73888888888888,1149.4166666666667,41.60833333333333,34.19583333333333,80.75,279,139,57,81,43.0,52,279.0
2024-11-15,121.35000000000001,112.26666666666667,879.0,27.09583333333333,27.22083333333333,87.95833333333333,274,114,44,88,34.0,34,274.0
2024-11-16,135.80833333333334,126.80416666666667,810.875,33.69583333333333,28.954166666666666,81.83333333333333,305,124,41,82,36.0,42,305.0
2024-11-17,142.42083333333332,132.73333333333332,852.7916666666666,31.429166666666664,27.541666666666668,78.41666666666667,310,128,43,78,34.0,39,310.0
2024-11-18,107.72500000000001,99.90833333333335,827.125,35.891666666666666,25.84166666666667,71.0,233,105,41,71,32.0,45,233.0
2024-11-19,101.12916666666666,97.45416666666667,854.2916666666666,43.68333333333334,27.775000000000002,73.58333333333333,225,101,43,74,35.0,55,225.0
2024-11-20,113.17916666666667,110.65416666666665,990.7916666666666,54.79583333333333,35.2,75.20833333333333,269,109,50,75,44.0,68,269.0
2024-11-21,120.16250000000001,117.52499999999999,1110.1666666666667,58.21666666666667,39.8375,71.5,292,113,56,72,50.0,73,292.0
2024-11-22,171.98333333333335,115.61818181818181,1454.875,71.77083333333333,52.30833333333334,68.125,285,148,73,68,65.0,90,285.0
2024-11-23,170.13333333333333,101.1,1408.8333333333333,80.9047619047619,57.80833333333334,57.541666666666664,237,147,70,58,72.0,101,237.0
2024-11-24,76.1125,72.7375,752.8333333333334,45.92916666666667,26.895833333333332,66.5,142,76,38,66,34.0,57,142.0
2024-11-25,110.14583333333333,104.57916666666667,802.25,30.958333333333332,27.087500000000002,75.875,249,107,40,76,34.0,39,249.0
2024-11-26,77.03750000000001,72.87916666666666,850.5416666666666,34.262499999999996,26.47083333333333,72.95833333333333,143,77,43,73,33.0,43,143.0
2024-11-27,94.58749999999999,91.07916666666667,1244.1666666666667,51.9,40.02916666666667,66.08333333333333,204,95,62,66,50.0,65,204.0
2024-11-28,107.70833333333333,105.28333333333335,1544.125,60.72083333333333,45.362500000000004,68.95833333333333,251,105,77,69,57.0,76,251.0
2024-11-29,124.94166666666666,109.78421052631579,1575.5,63.275,52.74166666666667,72.16666666666667,266,117,79,72,66.0,79,266.0
2024-11-30,85.17916666666666,82.07916666666667,1248.4166666666667,37.891666666666666,34.65416666666667,81.0,174,85,62,81,43.0,47,174.0
2024-12-01,71.57083333333334,68.2375,1008.4583333333334,31.629166666666666,32.983333333333334,82.58333333333333,127,72,50,83,41.0,40,127.0
2024-12-02,69.11666666666666,65.32916666666667,1128.9583333333333,37.43333333333333,32.37916666666667,68.79166666666667,118,69,56,69,40.0,47,118.0
2024-12-03,49.84583333333333,44.6875,834.75,27.175,26.766666666666666,79.29166666666667,74,50,42,79,33.0,34,79.0
2024-12-04,36.74166666666667,34.4625,608.7083333333334,21.8125,21.84583333333333,79.125,57,37,30,79,27.0,27,79.0
2024-12-05,35.858333333333334,35.25833333333333,704.0833333333334,26.5,23.21666666666667,72.66666666666667,59,36,35,73,29.0,33,73.0
2024-12-06,59.987500000000004,58.5,864.875,36.25833333333333,31.40416666666667,69.0,98,60,43,69,39.0,45,98.0
2024-12-07,120.57083333333333,83.97647058823529,1053.0,52.641176470588235,45.08125,60.625,180,114,53,61,56.0,66,180.0
2024-12-08,75.80416666666666,74.67083333333333,724.2083333333334,29.316666666666666,34.824999999999996,100.16666666666667,149,76,36,100,44.0,37,149.0
2024-12-09,69.3,68.09166666666667,816.3333333333334,26.645833333333332,35.858333333333334,89.5,127,69,41,90,45.0,33,127.0
2024-12-10,48.87083333333334,48.237500000000004,717.5,22.729166666666668,25.5125,75.91666666666667,80,49,36,76,32.0,28,80.0
2024-12-11,52.40833333333333,52.041666666666664,883.7083333333334,27.004166666666666,27.733333333333334,74.04166666666667,87,52,44,74,35.0,34,87.0
2024-12-12,68.47083333333333,67.575,941.7916666666666,24.129166666666666,33.87916666666667,96.79166666666667,125,68,47,97,42.0,30,125.0
2024-12-13,45.01666666666667,43.4625,681.3333333333334,16.516666666666666,25.72083333333333,96.95833333333333,72,45,34,97,32.0,21,97.0
2024-12-14,48.48333333333333,48.074999999999996,788.0833333333334,24.945833333333336,27.8,77.16666666666667,80,48,39,77,35.0,31,80.0
2024-12-15,120.75416666666666,91.09411764705882,1591.75,50.270833333333336,46.725,73.08333333333333,204,114,80,73,58.0,63,204.0
2024-12-16,166.09583333333333,115.72307692307693,1973.2777777777778,64.63333333333334,55.352631578947374,70.75,286,144,99,71,69.0,81,286.0
2024-12-17,175.44583333333333,129.87272727272727,1892.05,61.112500000000004,63.29333333333333,77.625,308,150,95,78,79.0,76,308.0
2024-12-18,166.35,123.96428571428571,1843.5,55.4125,62.39523809523809,68.70833333333333,303,144,92,69,78.0,69,303.0
2024-12-19,180.47083333333333,121.28750000000001,1424.0,65.24583333333334,68.28947368421052,73.16666666666667,301,154,71,73,85.0,82,301.0
2024-12-20,124.77499999999999,118.17727272727274,1196.4583333333333,40.7,48.09166666666667,86.95833333333333,294,117,60,87,60.0,51,294.0
2024-12-21,156.21666666666667,122.23571428571428,1303.8333333333333,49.0625,52.637499999999996,65.70833333333333,302,137,65,66,66.0,61,302.0
2024-12-22,168.30833333333334,128.23333333333332,1337.3333333333333,61.6,66.3875,81.33333333333333,306,146,67,81,83.0,77,306.0
2024-12-23,123.54166666666667,121.89999999999999,933.2916666666666,34.641666666666666,39.2125,75.45833333333333,301,116,47,75,49.0,43,301.0
2024-12-24,110.82083333333333,108.87916666666666,1223.3333333333333,39.362500000000004,32.0375,68.70833333333333,263,107,61,69,40.0,49,263.0
2024-12-25,137.07500000000002,115.60625,1339.375,46.25416666666666,44.875,60.25,285,125,67,60,56.0,58,285.0
2024-12-26,164.95416666666668,115.79,1444.0416666666667,71.2,58.6,60.541666666666664,286,143,72,61,73.0,89,286.0
2024-12-27,107.70416666666667,105.72083333333335,638.875,37.020833333333336,26.474999999999998,59.875,252,105,32,60,33.0,46,252.0
2024-12-28,117.65833333333335,116.0625,1161.75,44.44583333333333,44.27916666666667,50.916666666666664,287,112,58,51,55.0,56,287.0
2024-12-29,87.83749999999999,86.75416666666666,864.5416666666666,24.191666666666666,26.9375,64.83333333333333,189,88,43,65,34.0,30,189.0
2024-12-30,99.36666666666667,98.64999999999999,1116.3333333333333,34.925000000000004,34.708333333333336,75.54166666666667,229,99,56,76,43.0,44,229.0
2024-12-31,154.42499999999998,132.06875,1595.1666666666667,43.30833333333334,45.70416666666667,65.33333333333333,309,136,80,65,57.0,54,309.0
2025-01-01,146.07500000000002,136.00526315789475,1360.7083333333333,31.775000000000002,30.037499999999998,79.125,312,131,68,79,38.0,40,312.0
2025-01-02,153.6875,130.62,1649.125,38.237500000000004,40.525,76.16666666666667,308,136,82,76,51.0,48,308.0
2025-01-03,172.63750000000002,120.5,2055.625,58.59583333333333,50.4125,61.791666666666664,300,148,101,62,63.0,73,300.0
2025-01-04,173.0625,87.71666666666665,2155.4117647058824,64.17619047619048,60.404545454545456,80.91666666666667,192,149,102,81,76.0,80,192.0
2025-01-05,155.67916666666667,134.7888888888889,1582.0,38.854166666666664,46.89166666666667,98.70833333333333,311,137,79,99,59.0,49,311.0
2025-01-06,140.275,137.82916666666668,1117.7083333333333,34.9375,48.4625,86.66666666666667,314,127,56,87,61.0,44,314.0
2025-01-07,101.88333333333333,100.7625,766.7916666666666,21.329166666666666,29.2625,93.5,236,101,38,94,37.0,27,236.0
2025-01-08,78.23333333333333,76.37916666666666,1125.0,38.65833333333333,32.90416666666667,73.04166666666667,155,78,56,73,41.0,48,155.0
2025-01-09,118.89285714285714,99.77499999999999,1842.642857142857,62.23125,62.021428571428565,68.33333333333333,233,113,92,68,78.0,78,233.0
2025-01-10,220.90555555555557,137.825,1754.9545454545455,67.64999999999999,64.32380952380952,94.625,314,181,88,95,80.0,85,314.0
2025-01-11,124.57916666666667,107.92,1026.0,34.6875,39.833333333333336,85.25,260,116,51,85,50.0,43,260.0
2025-01-12,97.54583333333333,95.52916666666665,1215.4166666666667,36.69166666666667,37.104166666666664,70.04166666666667,218,98,61,70,46.0,46,218.0
2025-01-13,84.87916666666666,84.41250000000001,1036.375,30.570833333333336,31.47083333333333,70.16666666666667,181,85,52,70,39.0,38,181.0
2025-01-14,156.6875,89.97142857142856,1704.578947368421,65.90833333333333,48.688235294117646,72.04166666666667,200,138,85,72,61.0,82,200.0
2025-01-15,186.8304347826087,123.02000000000001,1481.3333333333333,73.96666666666667,54.55833333333334,75.25,302,158,74,75,68.0,92,302.0
2025-01-16,119.375,117.85416666666667,1073.5,43.68333333333334,42.12916666666667,62.791666666666664,293,113,54,63,53.0,55,293.0
2025-01-17,101.11666666666667,99.77499999999999,951.7083333333334,27.895833333333332,34.87916666666667,72.79166666666667,233,101,48,73,44.0,35,233.0
2025-01-18,161.1625,110.77142857142857,1358.5882352941176,59.99545454545455,51.2,53.083333333333336,269,141,68,53,64.0,75,269.0
2025-01-19,162.25,123.52857142857144,1861.9545454545455,63.17916666666667,58.521052631578954,72.91666666666667,303,142,93,73,73.0,79,303.0
2025-01-20,93.97500000000001,93.33333333333333,1195.875,25.495833333333334,29.162499999999998,84.875,211,94,60,85,36.0,32,211.0
2025-01-21,82.43333333333334,80.82916666666667,1181.75,27.150000000000002,25.212500000000002,82.625,169,82,59,83,32.0,34,169.0
2025-01-22,98.95833333333333,91.79166666666667,1068.6666666666667,48.37083333333334,38.612500000000004,60.125,206,99,53,60,48.0,60,206.0
2025-01-23,70.31666666666666,65.73333333333333,788.5416666666666,30.079166666666666,27.962500000000002,70.75,119,70,39,71,35.0,38,119.0
2025-01-24,59.81666666666666,53.75833333333333,769.75,22.8,24.633333333333336,79.54166666666667,90,60,38,80,31.0,29,90.0
2025-01-25,50.61666666666667,46.61666666666667,885.9166666666666,25.395833333333332,22.0,70.25,78,51,44,70,28.0,32,78.0
2025-01-26,68.64166666666667,65.84583333333333,1132.1666666666667,34.833333333333336,30.30416666666667,69.41666666666667,119,69,57,69,38.0,44,119.0
2025-01-27,74.675,71.62083333333334,1044.3333333333333,28.291666666666668,29.433333333333334,87.375,139,75,52,87,37.0,35,139.0
2025-01-28,124.29166666666667,86.81875,1310.2857142857142,57.21363636363637,50.73809523809524,76.66666666666667,189,116,66,77,63.0,72,189.0
2025-01-29,139.57916666666668,131.03,1190.1666666666667,43.02916666666667,52.30416666666667,114.20833333333333,308,126,60,121,65.0,54,308.0
2025-01-30,165.725,106.025,1545.375,62.95416666666667,59.4625,97.33333333333333,253,144,77,97,74.0,79,253.0
2025-01-31,151.00416666666666,105.11875,1489.7916666666667,61.9,54.38333333333333,85.625,250,134,74,86,68.0,77,250.0
