date,pm10 (μg/m³),pm2_5 (μg/m³),carbon_monoxide (μg/m³),nitrogen_dioxide (μg/m³),sulphur_dioxide (μg/m³),ozone (μg/m³),pm2_5 (μg/m³)_subindex,pm10 (μg/m³)_subindex,carbon_monoxide (μg/m³)_subindex,ozone (μg/m³)_subindex,sulphur_dioxide (μg/m³)_subindex,nitrogen_dioxide (μg/m³)_subindex,AQI
2022-09-01,18.05,12.054166666666667,154.125,8.658823529411764,8.28125,33.208333333333336,20.0,18.0,8.0,33,10.0,11.0,33.0
2022-09-02,26.754166666666666,17.579166666666666,181.41666666666666,4.415384615384616,7.984615384615385,66.33333333333333,29.0,27.0,9.0,66,10.0,6.0,66.0
2022-09-03,37.875,25.604166666666668,212.75,7.8500000000000005,14.185714285714285,78.41666666666667,43.0,38.0,11.0,78,18.0,10.0,78.0
2022-09-04,32.083333333333336,21.441666666666666,188.91666666666666,6.338888888888889,13.754545454545456,92.58333333333333,36.0,32.0,9.0,93,17.0,8.0,93.0
2022-09-05,31.45,21.079166666666666,195.45833333333334,7.36875,18.794117647058822,87.33333333333333,35.0,31.0,10.0,87,23.0,9.0,87.0
2022-09-06,39.625,26.775000000000002,218.66666666666666,9.070588235294117,17.442857142857143,90.83333333333333,45.0,40.0,11.0,91,22.0,11.0,91.0
2022-09-07,31.412499999999998,21.7625,230.0,13.133333333333333,21.4,57.375,36.0,31.0,12.0,57,27.0,16.0,57.0
2022-09-08,26.679166666666664,18.366666666666667,207.75,11.26923076923077,23.8625,54.541666666666664,31.0,27.0,10.0,55,30.0,14.0,55.0
2022-09-09,33.69166666666667,22.983333333333334,242.66666666666666,10.9,18.942857142857143,54.416666666666664,38.0,34.0,12.0,54,24.0,14.0,54.0
2022-09-10,25.416666666666668,17.104166666666668,207.16666666666666,12.67,21.166666666666668,48.791666666666664,29.0,25.0,10.0,49,26.0,16.0,49.0
2022-09-11,27.1875,17.816666666666666,198.95833333333334,13.672727272727274,17.7125,46.041666666666664,30.0,27.0,10.0,46,22.0,17.0,46.0
2022-09-12,29.25,18.7625,180.91666666666666,11.59375,16.942857142857143,58.875,31.0,29.0,9.0,59,21.0,14.0,59.0
2022-09-13,34.862500000000004,21.77916666666667,182.125,8.942105263157895,13.309999999999999,78.875,36.0,35.0,9.0,79,17.0,11.0,79.0
2022-09-14,34.1,21.516666666666666,179.04166666666666,6.725,12.80909090909091,71.16666666666667,36.0,34.0,9.0,71,16.0,8.0,71.0
2022-09-15,46.916666666666664,30.554166666666664,219.79166666666666,9.578571428571427,13.866666666666667,90.0,51.0,47.0,11.0,90,17.0,12.0,90.0
2022-09-16,51.833333333333336,33.75833333333333,244.91666666666666,10.242857142857144,15.75,95.54166666666667,56.0,52.0,12.0,96,20.0,13.0,96.0
2022-09-17,49.612500000000004,31.26521739130435,234.5,8.981250000000001,16.844444444444445,92.375,52.0,50.0,12.0,92,21.0,11.0,92.0
2022-09-18,52.020833333333336,34.42916666666667,276.4166666666667,10.43125,20.053846153846152,87.66666666666667,57.0,52.0,14.0,88,25.0,13.0,88.0
2022-09-19,48.06521739130435,30.781818181818185,261.8333333333333,11.977777777777778,18.39090909090909,71.25,51.0,48.0,13.0,71,23.0,15.0,71.0
2022-09-20,46.1875,29.21666666666667,235.16666666666666,10.492307692307692,15.100000000000001,66.58333333333333,49.0,46.0,12.0,67,19.0,13.0,67.0
2022-09-21,43.90416666666667,27.454166666666666,242.75,9.6125,16.821428571428573,90.95833333333333,46.0,44.0,12.0,91,21.0,12.0,91.0
2022-09-22,47.64166666666667,30.425,247.25,9.727777777777778,17.3875,96.625,51.0,48.0,12.0,97,22.0,12.0,97.0
2022-09-23,47.791666666666664,30.7375,250.33333333333334,9.236363636363636,17.527272727272727,90.79166666666667,51.0,48.0,13.0,91,22.0,12.0,91.0
2022-09-24,33.395833333333336,21.254166666666666,205.70833333333334,5.731578947368422,7.423809523809524,94.91666666666667,35.0,33.0,10.0,95,9.0,7.0,95.0
2022-09-25,32.7125,21.108333333333334,190.79166666666666,4.1000000000000005,8.833333333333334,107.375,35.0,33.0,10.0,111,11.0,5.0,111.0
2022-09-26,41.25833333333333,27.241666666666664,204.04166666666666,5.9350000000000005,9.773913043478261,90.16666666666667,45.0,41.0,10.0,90,12.0,7.0,90.0
2022-09-27,55.30416666666667,36.09166666666667,249.5,5.476470588235294,17.163636363636364,117.58333333333333,60.0,55.0,12.0,126,21.0,7.0,126.0
2022-09-28,63.895833333333336,40.76190476190476,266.4166666666667,11.585714285714285,24.733333333333334,124.33333333333333,68.0,64.0,13.0,136,31.0,14.0,136.0
2022-09-29,54.458333333333336,35.9,276.6666666666667,9.25263157894737,12.505263157894737,109.41666666666667,60.0,54.0,14.0,114,16.0,12.0,114.0
2022-09-30,39.75,26.895833333333332,237.41666666666666,9.24,9.433333333333334,72.66666666666667,45.0,40.0,12.0,73,12.0,12.0,73.0
2022-10-01,15.970833333333333,10.979166666666666,161.33333333333334,7.458333333333333,5.408333333333334,53.291666666666664,18.0,16.0,8.0,53,7.0,9.0,53.0
2022-10-02,29.537499999999998,20.520833333333332,252.20833333333334,6.739999999999999,6.716666666666666,63.791666666666664,34.0,30.0,13.0,64,8.0,8.0,64.0
2022-10-03,45.48333333333333,31.34583333333333,258.85714285714283,7.86,8.25,68.66666666666667,52.0,45.0,13.0,69,10.0,10.0,69.0
2022-10-04,50.425000000000004,34.358333333333334,279.9583333333333,7.118181818181818,11.125,68.08333333333333,57.0,50.0,14.0,68,14.0,9.0,68.0
2022-10-05,49.675000000000004,33.891666666666666,278.25,10.215789473684211,11.695,84.95833333333333,56.0,50.0,14.0,85,15.0,13.0,85.0
2022-10-06,34.96666666666667,24.045833333333334,249.08333333333334,,21.349999999999998,75.91666666666667,40.0,35.0,12.0,76,27.0,,76.0
2022-10-07,32.32083333333333,21.366666666666664,213.875,7.613333333333333,10.6,73.54166666666667,36.0,32.0,11.0,74,13.0,10.0,74.0
2022-10-08,49.6,32.09166666666667,302.75,10.261538461538462,19.11818181818182,93.83333333333333,53.0,50.0,15.0,94,24.0,13.0,94.0
2022-10-09,30.974999999999998,20.275,216.08333333333334,4.2,8.9125,100.45833333333333,34.0,31.0,11.0,101,11.0,5.0,101.0
2022-10-10,24.279166666666665,15.325000000000001,191.79166666666666,5.373913043478261,4.693333333333333,95.41666666666667,26.0,24.0,10.0,95,6.0,7.0,95.0
2022-10-11,17.208333333333332,10.404166666666667,141.5,3.3249999999999997,4.683333333333333,68.125,17.0,17.0,7.0,68,6.0,4.0,68.0
2022-10-12,27.150000000000002,16.5,173.5,5.306666666666667,9.982352941176472,80.70833333333333,28.0,27.0,9.0,81,12.0,7.0,81.0
2022-10-13,21.479166666666668,13.329166666666667,163.58333333333334,5.054545454545455,10.229166666666666,79.04166666666667,22.0,21.0,8.0,79,13.0,6.0,79.0
2022-10-14,28.895833333333332,18.866666666666667,208.41666666666666,6.175,11.946666666666665,103.08333333333333,31.0,29.0,10.0,105,15.0,8.0,105.0
2022-10-15,13.883333333333333,8.995833333333334,170.125,4.870833333333334,6.308333333333334,92.83333333333333,15.0,14.0,9.0,93,8.0,6.0,93.0
2022-10-16,16.058333333333334,9.991666666666665,147.41666666666666,4.7,5.825,86.5,17.0,16.0,7.0,86,7.0,6.0,86.0
2022-10-17,14.491666666666667,9.133333333333333,134.0,6.345833333333334,6.5249999999999995,67.66666666666667,15.0,14.0,7.0,68,8.0,8.0,68.0
2022-10-18,24.349999999999998,15.970833333333333,217.875,6.569565217391304,9.6,92.5,27.0,24.0,11.0,92,12.0,8.0,92.0
2022-10-19,27.245833333333334,17.95,288.875,7.325,11.633333333333333,98.125,30.0,27.0,14.0,98,15.0,9.0,98.0
2022-10-20,16.325,9.779166666666667,231.83333333333334,2.6166666666666667,2.845833333333333,89.58333333333333,16.0,16.0,12.0,90,4.0,3.0,90.0
2022-10-21,26.245833333333334,15.445833333333333,257.9583333333333,6.566666666666666,8.554166666666667,89.41666666666667,26.0,26.0,13.0,89,11.0,8.0,89.0
2022-10-22,46.175000000000004,27.233333333333334,337.8333333333333,6.6625000000000005,11.341666666666667,125.34782608695652,45.0,46.0,17.0,137,14.0,8.0,137.0
2022-10-23,47.94583333333333,31.90416666666667,344.1818181818182,6.0,16.878947368421052,120.73684210526316,53.0,48.0,17.0,130,21.0,8.0,130.0
2022-10-24,50.18333333333334,33.7875,267.77777777777777,3.676470588235294,10.338888888888889,129.5,56.0,50.0,13.0,143,13.0,5.0,143.0
2022-10-25,60.40833333333333,39.31666666666667,311.2631578947368,5.144444444444444,17.833333333333332,140.76470588235293,66.0,60.0,16.0,160,22.0,6.0,160.0
2022-10-26,51.0625,32.295833333333334,261.1666666666667,6.05,13.763157894736842,129.73333333333332,54.0,51.0,13.0,144,17.0,8.0,144.0
2022-10-27,37.0,22.03333333333333,246.21052631578948,7.025,14.754166666666668,106.04166666666667,37.0,37.0,12.0,109,18.0,9.0,109.0
2022-10-28,24.84583333333333,14.125,199.33333333333334,3.6041666666666665,5.154166666666667,90.29166666666667,24.0,25.0,10.0,90,6.0,5.0,90.0
2022-10-29,43.06666666666666,23.325,230.91666666666666,5.7875000000000005,8.924999999999999,108.29166666666667,39.0,43.0,12.0,112,11.0,7.0,112.0
2022-10-30,67.09583333333333,38.270833333333336,285.7083333333333,5.704166666666667,12.504166666666668,128.83333333333334,64.0,67.0,14.0,142,16.0,7.0,142.0
2022-10-31,45.083333333333336,27.883333333333336,268.1666666666667,8.25,10.841666666666667,105.0,46.0,45.0,13.0,107,14.0,10.0,107.0
2022-11-01,22.46666666666667,15.575000000000001,302.8333333333333,10.353846153846153,10.299999999999999,66.08333333333333,26.0,22.0,15.0,66,13.0,13.0,66.0
2022-11-02,20.995833333333334,13.375,269.9583333333333,7.757894736842106,9.091666666666667,66.33333333333333,22.0,21.0,13.0,66,11.0,10.0,66.0
2022-11-03,15.012500000000001,8.904166666666667,194.79166666666666,4.941666666666666,3.0,61.291666666666664,15.0,15.0,10.0,61,4.0,6.0,61.0
2022-11-04,17.3625,9.845833333333333,195.79166666666666,3.5833333333333335,1.9166666666666667,65.75,16.0,17.0,10.0,66,2.0,4.0,66.0
2022-11-05,28.304166666666664,15.779166666666667,250.75,2.875,2.4291666666666667,92.45833333333333,26.0,28.0,13.0,92,3.0,4.0,92.0
2022-11-06,37.237500000000004,20.9875,267.125,3.4291666666666667,3.483333333333333,105.41666666666667,35.0,37.0,13.0,108,4.0,4.0,108.0
2022-11-07,36.55833333333333,20.454166666666666,275.45454545454544,5.833333333333333,8.520833333333334,94.75,34.0,37.0,14.0,95,11.0,7.0,95.0
2022-11-08,30.766666666666666,17.275000000000002,259.7916666666667,6.420833333333333,7.370833333333334,82.29166666666667,29.0,31.0,13.0,82,9.0,8.0,82.0
2022-11-09,32.920833333333334,18.958333333333332,270.6666666666667,8.762500000000001,10.5375,79.95833333333333,32.0,33.0,14.0,80,13.0,11.0,80.0
2022-11-10,33.30416666666667,18.691666666666666,232.16666666666666,6.758333333333333,10.0625,87.5,31.0,33.0,12.0,88,13.0,8.0,88.0
2022-11-11,32.975,19.333333333333332,249.0,8.170833333333333,5.779166666666666,92.91666666666667,32.0,33.0,12.0,93,7.0,10.0,93.0
2022-11-12,18.170833333333334,10.116666666666667,177.29166666666666,1.7874999999999999,1.1083333333333334,77.41666666666667,17.0,18.0,9.0,77,1.0,2.0,77.0
2022-11-13,16.429166666666667,9.779166666666667,214.54166666666666,5.433333333333334,6.4125000000000005,61.083333333333336,16.0,16.0,11.0,61,8.0,7.0,61.0
2022-11-14,52.654545454545456,32.15416666666667,309.5416666666667,5.820833333333333,7.5125,107.08333333333333,54.0,53.0,15.0,110,9.0,7.0,110.0
2022-11-15,65.10833333333333,39.074999999999996,332.26666666666665,6.829166666666667,14.3125,116.875,65.0,65.0,17.0,125,18.0,9.0,125.0
2022-11-16,72.40588235294118,44.78333333333333,294.7647058823529,5.6421052631578945,16.033333333333335,120.75,75.0,72.0,15.0,131,20.0,7.0,131.0
2022-11-17,71.61304347826086,45.56666666666666,342.25,9.34,22.8625,117.52941176470588,76.0,72.0,17.0,126,29.0,12.0,126.0
2022-11-18,71.55238095238094,43.84583333333333,341.22222222222223,9.9625,22.13076923076923,129.05,73.0,72.0,17.0,143,28.0,12.0,143.0
2022-11-19,72.175,42.6,314.72727272727275,8.316666666666666,18.04375,138.25,71.0,72.0,16.0,156,23.0,10.0,156.0
2022-11-20,57.137499999999996,38.025,301.8333333333333,7.983333333333333,19.361904761904764,126.95833333333333,63.0,57.0,15.0,140,24.0,10.0,140.0
2022-11-21,36.11666666666667,24.820833333333336,253.375,5.879166666666666,8.0375,90.45833333333333,41.0,36.0,13.0,90,10.0,7.0,90.0
2022-11-22,39.708333333333336,26.825,316.375,8.745454545454546,10.191666666666666,84.08333333333333,45.0,40.0,16.0,84,13.0,11.0,84.0
2022-11-23,62.23125,39.70625,330.46153846153845,4.953333333333333,11.384615384615385,117.57894736842105,66.0,62.0,17.0,126,14.0,6.0,126.0
2022-11-24,46.275,28.2625,262.625,3.608333333333333,5.3500000000000005,111.66666666666667,47.0,46.0,13.0,117,7.0,5.0,117.0
2022-11-25,24.675,14.966666666666667,188.0,3.7375000000000003,4.379166666666666,69.04166666666667,25.0,25.0,9.0,69,5.0,5.0,69.0
2022-11-26,44.50416666666666,27.108333333333334,311.42857142857144,4.2625,4.508333333333334,111.5,45.0,45.0,16.0,117,6.0,5.0,117.0
2022-11-27,54.92916666666667,34.37083333333333,368.75,3.15,2.9458333333333333,123.66666666666667,57.0,55.0,18.0,135,4.0,4.0,135.0
2022-11-28,74.47777777777777,45.971428571428575,329.2916666666667,3.045833333333333,5.641666666666667,142.04166666666666,77.0,74.0,16.0,162,7.0,4.0,162.0
2022-11-29,67.90416666666667,38.770833333333336,296.3636363636364,5.216666666666667,11.770833333333334,137.23809523809524,65.0,68.0,15.0,155,15.0,7.0,155.0
2022-11-30,63.65714285714286,39.800000000000004,300.77777777777777,5.795,12.254999999999999,112.08333333333333,66.0,64.0,15.0,118,15.0,7.0,118.0
2022-12-01,37.34166666666667,21.59583333333333,277.5416666666667,6.145833333333333,6.379166666666666,87.08333333333333,36.0,37.0,14.0,87,8.0,8.0,87.0
2022-12-02,23.90416666666667,14.079166666666666,222.83333333333334,6.152631578947369,8.54782608695652,60.416666666666664,23.0,24.0,11.0,60,11.0,8.0,60.0
2022-12-03,22.254166666666666,12.691666666666668,217.41666666666666,4.826086956521739,4.9125000000000005,76.16666666666667,21.0,22.0,11.0,76,6.0,6.0,76.0
2022-12-04,47.2,38.752941176470586,337.22727272727275,3.766666666666667,8.120833333333334,125.41666666666667,65.0,47.0,17.0,137,10.0,5.0,137.0
2022-12-05,,,375.8,3.8208333333333333,11.708333333333334,141.5,,,19.0,161,15.0,5.0,161.0
2022-12-06,,,379.0,5.270833333333333,19.856521739130436,145.95652173913044,,,19.0,168,25.0,7.0,168.0
2022-12-07,,,,7.7250000000000005,24.35,161.54166666666666,,,,191,30.0,10.0,191.0
2022-12-08,56.03333333333333,37.595652173913045,309.04545454545456,6.941666666666666,17.018181818181816,117.33333333333333,63.0,56.0,15.0,125,21.0,9.0,125.0
2022-12-09,34.708333333333336,22.979166666666668,301.2631578947368,10.217391304347826,10.316666666666666,90.91666666666667,38.0,35.0,15.0,91,13.0,13.0,91.0
2022-12-10,27.96666666666667,18.491666666666667,293.5416666666667,11.333333333333334,17.408333333333335,85.91666666666667,31.0,28.0,15.0,86,22.0,14.0,86.0
2022-12-11,29.495833333333334,18.587500000000002,230.45833333333334,3.9916666666666667,8.645833333333334,102.04166666666667,31.0,29.0,12.0,103,11.0,5.0,103.0
2022-12-12,25.583333333333332,15.633333333333333,216.08333333333334,2.5708333333333333,1.325,98.125,26.0,26.0,11.0,98,2.0,3.0,98.0
2022-12-13,11.258333333333333,6.808333333333334,109.95833333333333,0.45416666666666666,0.48333333333333334,51.666666666666664,11.0,11.0,5.0,52,1.0,1.0,52.0
2022-12-14,1.0,0.7083333333333334,59.291666666666664,0.0,0.7291666666666666,27.25,1.0,1.0,3.0,27,1.0,0.0,27.0
2022-12-15,0.8708333333333332,0.6041666666666666,61.333333333333336,0.0,0.3541666666666667,32.416666666666664,1.0,1.0,3.0,32,0.0,0.0,32.0
2022-12-16,63.69166666666666,37.125,307.7692307692308,6.946153846153846,14.950000000000001,86.5,62.0,64.0,15.0,86,19.0,9.0,86.0
2022-12-17,68.92083333333333,38.791666666666664,300.3888888888889,5.842105263157895,14.305000000000001,110.45833333333333,65.0,69.0,15.0,115,18.0,7.0,115.0
2022-12-18,56.262499999999996,31.03333333333333,252.79166666666666,3.0,7.591666666666666,120.625,52.0,56.0,13.0,130,9.0,4.0,130.0
2022-12-19,66.40833333333333,38.42916666666667,299.7826086956522,10.78695652173913,14.633333333333333,95.66666666666667,64.0,66.0,15.0,96,18.0,13.0,96.0
2022-12-20,67.76666666666667,39.65416666666667,332.7894736842105,8.68,13.833333333333334,97.29166666666667,66.0,68.0,17.0,97,17.0,11.0,97.0
2022-12-21,60.05833333333334,35.46666666666667,337.2857142857143,9.608333333333333,13.691666666666668,93.08333333333333,59.0,60.0,17.0,93,17.0,12.0,93.0
2022-12-22,73.02727272727272,45.17142857142857,306.7142857142857,5.891666666666667,14.520833333333334,121.45833333333333,75.0,73.0,15.0,132,18.0,7.0,132.0
2022-12-23,,,374.5,7.366666666666667,18.720833333333335,132.54166666666666,,,19.0,148,23.0,9.0,148.0
2022-12-24,35.01538461538461,20.746153846153845,261.2307692307692,6.617391304347826,12.254166666666668,102.0,35.0,35.0,13.0,103,15.0,8.0,103.0
2022-12-25,21.462500000000002,11.8125,190.875,1.7708333333333333,1.3083333333333333,71.83333333333333,20.0,21.0,10.0,72,2.0,2.0,72.0
2022-12-26,21.433333333333334,11.845833333333333,163.29166666666666,1.5333333333333332,0.9791666666666666,65.16666666666667,20.0,21.0,8.0,65,1.0,2.0,65.0
2022-12-27,19.416666666666668,11.466666666666667,196.54166666666666,3.0041666666666664,1.5166666666666666,66.45833333333333,19.0,19.0,10.0,66,2.0,4.0,66.0
2022-12-28,22.695833333333336,13.241666666666667,231.91666666666666,4.258333333333334,2.0749999999999997,77.16666666666667,22.0,23.0,12.0,77,3.0,5.0,77.0
2022-12-29,23.866666666666664,14.666666666666666,249.79166666666666,3.85,2.558333333333333,80.33333333333333,24.0,24.0,12.0,80,3.0,5.0,80.0
2022-12-30,19.879166666666666,12.004166666666668,218.875,2.8333333333333335,3.1750000000000003,82.91666666666667,20.0,20.0,11.0,83,4.0,4.0,83.0
2022-12-31,29.099999999999998,18.616666666666667,224.5,4.704166666666667,3.954166666666667,90.70833333333333,31.0,29.0,11.0,91,5.0,6.0,91.0
2023-01-01,37.925000000000004,23.808333333333334,231.75,3.3333333333333335,3.7125,105.41666666666667,40.0,38.0,12.0,108,5.0,4.0,108.0
2023-01-02,37.791666666666664,21.791666666666668,170.95833333333334,2.779166666666667,2.066666666666667,89.20833333333333,36.0,38.0,9.0,89,3.0,3.0,89.0
2023-01-03,57.68333333333334,33.67916666666667,222.79166666666666,3.6833333333333336,2.716666666666667,104.75,56.0,58.0,11.0,107,3.0,5.0,107.0
2023-01-04,57.762499999999996,32.93333333333333,250.66666666666666,4.381818181818182,3.295833333333333,105.58333333333333,55.0,58.0,13.0,108,4.0,5.0,108.0
2023-01-05,68.81666666666666,43.86842105263158,299.875,4.783333333333333,4.691666666666666,110.91666666666667,73.0,69.0,15.0,116,6.0,6.0,116.0
2023-01-06,62.79130434782609,37.43333333333333,253.16666666666666,3.6833333333333336,4.670833333333333,101.70833333333333,62.0,63.0,13.0,103,6.0,5.0,103.0
2023-01-07,65.23333333333333,40.824999999999996,310.6,5.125,8.183333333333334,114.83333333333333,68.0,65.0,16.0,122,10.0,6.0,122.0
2023-01-08,61.96666666666667,35.97,281.2,4.041666666666667,13.049999999999999,128.58333333333334,60.0,62.0,14.0,142,16.0,5.0,142.0
2023-01-09,51.725,28.97083333333333,235.83333333333334,4.2875000000000005,9.416666666666666,119.25,48.0,52.0,12.0,128,12.0,5.0,128.0
2023-01-10,58.949999999999996,33.5625,325.1333333333333,5.683333333333334,12.985714285714286,115.08333333333333,56.0,59.0,16.0,122,16.0,7.0,122.0
2023-01-11,60.64166666666667,34.604166666666664,341.3125,5.3500000000000005,14.120833333333332,126.16666666666667,58.0,61.0,17.0,138,18.0,7.0,138.0
2023-01-12,48.80416666666667,28.4375,253.4,3.9375,6.491666666666666,115.16666666666667,47.0,49.0,13.0,122,8.0,5.0,122.0
2023-01-13,32.2125,19.320833333333333,193.91666666666666,3.5208333333333335,2.9,94.125,32.0,32.0,10.0,94,4.0,4.0,94.0
2023-01-14,28.099999999999998,16.8125,175.5,2.9125,2.8666666666666667,92.375,28.0,28.0,9.0,92,4.0,4.0,92.0
2023-01-15,29.525000000000002,18.020833333333332,168.04166666666666,3.720833333333333,2.9333333333333336,87.70833333333333,30.0,30.0,8.0,88,4.0,5.0,88.0
2023-01-16,30.5625,18.233333333333334,155.04166666666666,2.7083333333333335,1.9916666666666665,88.875,30.0,31.0,8.0,89,2.0,3.0,89.0
2023-01-17,36.262499999999996,21.183333333333334,175.25,2.725,2.1083333333333334,94.66666666666667,35.0,36.0,9.0,95,3.0,3.0,95.0
2023-01-18,51.37916666666666,30.72083333333333,191.625,2.629166666666667,2.0083333333333333,101.79166666666667,51.0,51.0,10.0,103,3.0,3.0,103.0
2023-01-19,54.03636363636363,32.82608695652174,212.75,3.8541666666666665,2.8041666666666667,106.83333333333333,55.0,54.0,11.0,110,4.0,5.0,110.0
2023-01-20,59.205882352941174,37.98095238095238,272.5,3.978947368421052,3.8499999999999996,100.33333333333333,63.0,59.0,14.0,100,5.0,5.0,100.0
2023-01-21,63.51818181818182,39.19583333333333,277.4583333333333,4.095833333333333,5.645833333333333,109.375,65.0,64.0,14.0,114,7.0,5.0,114.0
2023-01-22,68.12222222222222,43.47692307692308,327.3333333333333,2.7125,4.1000000000000005,122.04166666666667,72.0,68.0,16.0,132,5.0,3.0,132.0
2023-01-23,45.05416666666667,26.72083333333333,204.0,4.708333333333333,2.829166666666667,88.25,45.0,45.0,10.0,88,4.0,6.0,88.0
2023-01-24,39.6875,22.866666666666664,155.91666666666666,1.3291666666666668,1.0374999999999999,98.625,38.0,40.0,8.0,99,1.0,2.0,99.0
2023-01-25,60.324999999999996,36.63333333333333,206.41666666666666,2.379166666666667,1.7291666666666667,104.33333333333333,61.0,60.0,10.0,106,2.0,3.0,106.0
2023-01-26,61.48333333333333,37.4125,223.8095238095238,3.5619047619047617,4.233333333333333,109.70833333333333,62.0,61.0,11.0,114,5.0,4.0,114.0
2023-01-27,33.50833333333333,20.125,203.95833333333334,5.029166666666667,3.6875,91.58333333333333,34.0,34.0,10.0,92,5.0,6.0,92.0
2023-01-28,63.13478260869565,38.09166666666666,293.14285714285717,4.488888888888889,11.066666666666668,110.5,63.0,63.0,15.0,115,14.0,6.0,115.0
2023-01-29,69.78750000000001,41.0375,318.25,3.7409090909090907,4.970833333333333,108.29166666666667,68.0,70.0,16.0,112,6.0,5.0,112.0
2023-01-30,55.1625,33.012499999999996,337.9583333333333,3.6958333333333333,2.9416666666666664,103.91666666666667,55.0,55.0,17.0,106,4.0,5.0,106.0
2023-01-31,43.3375,25.837500000000002,334.6521739130435,4.0,4.7375,102.08333333333333,43.0,43.0,17.0,103,6.0,5.0,103.0
2023-02-01,40.137499999999996,23.900000000000002,352.0,3.8083333333333336,5.05,105.5,40.0,40.0,18.0,108,6.0,5.0,108.0
2023-02-02,55.422222222222224,35.07142857142857,330.75,3.408333333333333,5.058333333333334,119.5,58.0,55.0,17.0,129,6.0,4.0,129.0
2023-02-03,65.24444444444445,40.74782608695652,310.9583333333333,2.733333333333333,3.4499999999999997,113.375,68.0,65.0,16.0,120,4.0,3.0,120.0
2023-02-04,57.9375,32.59583333333333,261.25,3.875,8.1625,126.41666666666667,54.0,58.0,13.0,139,10.0,5.0,139.0
2023-02-05,51.020833333333336,29.3875,256.9583333333333,4.029166666666667,8.275,115.70833333333333,49.0,51.0,13.0,123,10.0,5.0,123.0
2023-02-06,49.012499999999996,29.041666666666668,247.5,4.066666666666667,6.4624999999999995,113.375,48.0,49.0,12.0,120,8.0,5.0,120.0
2023-02-07,35.27916666666667,21.229166666666668,194.16666666666666,2.954166666666666,2.9291666666666667,107.0,35.0,35.0,10.0,110,4.0,4.0,110.0
2023-02-08,29.90833333333333,18.145833333333332,172.45833333333334,2.45,1.8458333333333332,84.375,30.0,30.0,9.0,84,2.0,3.0,84.0
2023-02-09,29.825,18.349999999999998,199.58333333333334,3.7291666666666665,2.470833333333333,79.66666666666667,31.0,30.0,10.0,80,3.0,5.0,80.0
2023-02-10,42.108333333333334,26.59583333333333,208.75,3.3958333333333335,4.079166666666667,108.45833333333333,44.0,42.0,10.0,112,5.0,4.0,112.0
2023-02-11,50.5375,32.079166666666666,200.04166666666666,3.766666666666667,4.416666666666667,122.08333333333333,53.0,51.0,10.0,132,6.0,5.0,132.0
2023-02-12,60.71818181818182,37.82272727272727,231.16666666666666,5.6375,7.570833333333333,121.20833333333333,63.0,61.0,12.0,131,9.0,7.0,131.0
2023-02-13,48.300000000000004,28.179166666666664,182.625,3.475,3.9916666666666667,101.33333333333333,47.0,48.0,9.0,102,5.0,4.0,102.0
2023-02-14,33.15,20.245833333333334,188.70833333333334,3.8708333333333336,2.9875000000000003,100.375,34.0,33.0,9.0,101,4.0,5.0,101.0
2023-02-15,40.80833333333333,25.849999999999998,189.25,3.7083333333333335,4.175,108.29166666666667,43.0,41.0,9.0,112,5.0,5.0,112.0
2023-02-16,62.125,37.67916666666667,197.20833333333334,3.141666666666667,4.145833333333333,113.875,63.0,62.0,10.0,120,5.0,4.0,120.0
2023-02-17,36.74166666666667,21.400000000000002,163.125,2.933333333333333,1.9958333333333333,94.04166666666667,36.0,37.0,8.0,94,2.0,4.0,94.0
2023-02-18,25.041666666666668,14.983333333333334,156.0,2.9499999999999997,2.0083333333333333,70.5,25.0,25.0,8.0,70,3.0,4.0,70.0
2023-02-19,21.712500000000002,12.920833333333334,140.125,2.1416666666666666,1.3333333333333333,64.75,22.0,22.0,7.0,65,2.0,3.0,65.0
2023-02-20,15.9375,9.845833333333333,140.20833333333334,2.1875,1.6416666666666666,64.04166666666667,16.0,16.0,7.0,64,2.0,3.0,64.0
2023-02-21,20.516666666666666,13.179166666666667,163.16666666666666,4.595833333333333,3.408333333333333,64.875,22.0,21.0,8.0,65,4.0,6.0,65.0
2023-02-22,38.204166666666666,23.804166666666664,191.41666666666666,2.875,2.779166666666667,89.375,40.0,38.0,10.0,89,3.0,4.0,89.0
2023-02-23,36.24166666666667,22.087500000000002,178.5,2.6666666666666665,1.75,75.70833333333333,37.0,36.0,9.0,76,2.0,3.0,76.0
2023-02-24,20.3625,12.358333333333334,148.04166666666666,1.5833333333333333,0.7666666666666666,66.95833333333333,21.0,20.0,7.0,67,1.0,2.0,67.0
2023-02-25,19.537499999999998,12.229166666666666,165.875,2.658333333333333,0.9375,76.375,20.0,20.0,8.0,76,1.0,3.0,76.0
2023-02-26,32.47083333333333,19.441666666666666,194.58333333333334,2.6416666666666666,1.0333333333333334,90.04166666666667,32.0,32.0,10.0,90,1.0,3.0,90.0
2023-02-27,45.36666666666667,28.4875,297.0,6.3999999999999995,7.891666666666667,113.20833333333333,47.0,45.0,15.0,119,10.0,8.0,119.0
2023-02-28,54.43333333333334,32.90416666666667,261.0833333333333,2.9791666666666665,2.775,101.45833333333333,55.0,54.0,13.0,102,3.0,4.0,102.0
2023-03-01,49.59583333333333,29.962500000000002,294.25,2.3000000000000003,1.9000000000000001,108.125,50.0,50.0,15.0,112,2.0,3.0,112.0
2023-03-02,44.675000000000004,26.070833333333336,251.16666666666666,5.279166666666667,7.558333333333334,116.33333333333333,43.0,45.0,13.0,124,9.0,7.0,124.0
2023-03-03,51.7875,30.570833333333336,250.4,3.9578947368421056,9.808333333333334,112.45833333333333,51.0,52.0,13.0,118,12.0,5.0,118.0
2023-03-04,50.24583333333334,30.224999999999998,267.9583333333333,5.208333333333333,4.795833333333333,108.41666666666667,50.0,50.0,13.0,112,6.0,7.0,112.0
2023-03-05,46.86666666666667,27.879166666666666,247.66666666666666,5.4875,4.866666666666666,98.58333333333333,46.0,47.0,12.0,99,6.0,7.0,99.0
2023-03-06,36.43333333333333,20.866666666666667,215.79166666666666,2.5166666666666666,3.0541666666666667,102.70833333333333,35.0,36.0,11.0,104,4.0,3.0,104.0
2023-03-07,40.949999999999996,23.7375,219.04166666666666,1.7375,2.308333333333333,99.5,40.0,41.0,11.0,100,3.0,2.0,100.0
2023-03-08,35.875,20.808333333333334,243.5,2.404166666666667,2.191666666666667,92.375,35.0,36.0,12.0,92,3.0,3.0,92.0
2023-03-09,43.25,25.724999999999998,228.79166666666666,2.9416666666666664,3.5833333333333335,94.66666666666667,43.0,43.0,11.0,95,4.0,4.0,95.0
2023-03-10,44.9625,26.675,192.25,2.9250000000000003,4.6125,98.66666666666667,44.0,45.0,10.0,99,6.0,4.0,99.0
2023-03-11,48.729166666666664,29.650000000000002,218.29166666666666,2.6458333333333335,2.6750000000000003,98.0,49.0,49.0,11.0,98,3.0,3.0,98.0
2023-03-12,45.487500000000004,27.474999999999998,269.3333333333333,3.545833333333333,3.6750000000000003,97.58333333333333,46.0,45.0,13.0,98,5.0,4.0,98.0
2023-03-13,48.574999999999996,28.400000000000002,317.125,3.3791666666666664,3.858333333333333,113.91666666666667,47.0,49.0,16.0,120,5.0,4.0,120.0
2023-03-14,42.791666666666664,24.116666666666664,308.875,1.7791666666666668,2.3208333333333333,116.45833333333333,40.0,43.0,15.0,124,3.0,2.0,124.0
2023-03-15,45.99583333333334,27.604166666666668,307.3333333333333,1.2916666666666667,1.425,90.875,46.0,46.0,15.0,91,2.0,2.0,91.0
2023-03-16,34.604166666666664,21.166666666666668,233.375,0.5708333333333333,0.3666666666666667,67.79166666666667,35.0,35.0,12.0,68,0.0,1.0,68.0
2023-03-17,29.458333333333332,17.9875,229.95833333333334,1.1583333333333334,0.9083333333333333,75.08333333333333,30.0,29.0,11.0,75,1.0,1.0,75.0
2023-03-18,27.045833333333334,15.6875,195.54166666666666,1.7416666666666665,1.2249999999999999,69.875,26.0,27.0,10.0,70,2.0,2.0,70.0
2023-03-19,28.53333333333333,16.966666666666665,206.625,5.877272727272728,7.041176470588235,73.95833333333333,28.0,29.0,10.0,74,9.0,7.0,74.0
2023-03-20,25.162499999999998,16.220833333333335,245.79166666666666,6.147058823529412,11.366666666666667,91.875,27.0,25.0,12.0,92,14.0,8.0,92.0
2023-03-21,28.708333333333332,17.625,244.95833333333334,3.959090909090909,6.0181818181818185,85.66666666666667,29.0,29.0,12.0,86,8.0,5.0,86.0
2023-03-22,29.84166666666667,19.0,224.25,3.1666666666666665,7.941666666666666,97.20833333333333,32.0,30.0,11.0,97,10.0,4.0,97.0
2023-03-23,24.7375,14.745833333333332,191.75,4.783333333333333,4.270833333333333,71.66666666666667,25.0,25.0,10.0,72,5.0,6.0,72.0
2023-03-24,42.579166666666666,26.704166666666666,250.41666666666666,4.6625000000000005,6.0055555555555555,103.73913043478261,45.0,43.0,13.0,105,8.0,6.0,105.0
2023-03-25,27.15416666666667,16.45,186.0,2.720833333333333,3.920833333333333,71.20833333333333,27.0,27.0,9.0,71,5.0,3.0,71.0
2023-03-26,19.716666666666665,11.700000000000001,144.45833333333334,2.2624999999999997,0.9666666666666667,38.125,20.0,20.0,7.0,38,1.0,3.0,38.0
2023-03-27,26.291666666666668,15.516666666666666,152.91666666666666,5.458333333333333,4.75,51.583333333333336,26.0,26.0,8.0,52,6.0,7.0,52.0
2023-03-28,26.870833333333334,15.137500000000001,134.95833333333334,1.625,2.1166666666666667,56.875,25.0,27.0,7.0,57,3.0,2.0,57.0
2023-03-29,27.041666666666668,15.095833333333333,126.41666666666667,1.0083333333333333,0.8666666666666667,64.125,25.0,27.0,6.0,64,1.0,1.0,64.0
2023-03-30,18.708333333333332,10.4375,98.04166666666667,0.9458333333333333,0.5166666666666667,55.833333333333336,17.0,19.0,5.0,56,1.0,1.0,56.0
2023-03-31,24.558333333333334,14.445833333333333,137.41666666666666,2.861904761904762,4.21578947368421,62.5,24.0,25.0,7.0,62,5.0,4.0,62.0
2023-04-01,21.016666666666666,12.083333333333334,123.91666666666667,2.2125,2.475,43.083333333333336,20.0,21.0,6.0,43,3.0,3.0,43.0
2023-04-02,35.49166666666667,21.4375,215.75,3.8166666666666664,4.579166666666667,105.0,36.0,35.0,11.0,107,6.0,5.0,107.0
2023-04-03,24.683333333333334,14.716666666666667,168.95833333333334,2.158333333333333,3.0416666666666665,82.20833333333333,25.0,25.0,8.0,82,4.0,3.0,82.0
2023-04-04,28.108333333333334,16.970833333333335,171.33333333333334,4.129166666666666,6.9875,81.08333333333333,28.0,28.0,9.0,81,9.0,5.0,81.0
2023-04-05,19.954166666666666,11.674999999999999,146.20833333333334,2.4208333333333334,3.3249999999999997,60.791666666666664,19.0,20.0,7.0,61,4.0,3.0,61.0
2023-04-06,16.5125,9.308333333333334,133.20833333333334,1.2541666666666667,1.3125,55.25,16.0,17.0,7.0,55,2.0,2.0,55.0
2023-04-07,13.854166666666666,7.441666666666666,119.375,1.3,0.7291666666666666,45.208333333333336,12.0,14.0,6.0,45,1.0,2.0,45.0
2023-04-08,19.1125,10.216666666666667,113.875,1.2291666666666667,0.7583333333333333,61.208333333333336,17.0,19.0,6.0,61,1.0,2.0,61.0
2023-04-09,27.479166666666668,15.700000000000001,137.04166666666666,1.3958333333333333,1.0,70.375,26.0,27.0,7.0,70,1.0,2.0,70.0
2023-04-10,34.15416666666667,20.091666666666665,147.95833333333334,1.8791666666666667,1.1708333333333334,66.25,33.0,34.0,7.0,66,1.0,2.0,66.0
2023-04-11,28.741666666666664,17.320833333333333,154.91666666666666,2.2041666666666666,1.3541666666666667,63.25,29.0,29.0,8.0,63,2.0,3.0,63.0
2023-04-12,26.9875,16.879166666666666,177.70833333333334,4.508333333333334,2.1,56.0,28.0,27.0,9.0,56,3.0,6.0,56.0
2023-04-13,27.366666666666664,17.166666666666668,205.83333333333334,4.825,7.879166666666666,65.125,29.0,27.0,10.0,65,10.0,6.0,65.0
2023-04-14,30.058333333333334,18.591666666666665,190.5,4.679166666666666,4.4375,78.04166666666667,31.0,30.0,10.0,78,6.0,6.0,78.0
2023-04-15,40.75833333333333,25.520833333333332,250.25,5.404761904761905,8.241666666666667,99.33333333333333,43.0,41.0,13.0,99,10.0,7.0,99.0
2023-04-16,50.28333333333333,31.933333333333334,275.1666666666667,4.1421052631578945,8.82,114.04545454545455,53.0,50.0,14.0,121,11.0,5.0,121.0
2023-04-17,45.98333333333333,28.75,266.9166666666667,2.8157894736842106,7.180952380952381,118.83333333333333,48.0,46.0,13.0,128,9.0,4.0,128.0
2023-04-18,36.74166666666667,22.65833333333333,207.25,4.1000000000000005,4.925,83.625,38.0,37.0,10.0,84,6.0,5.0,84.0
2023-04-19,31.004166666666666,18.645833333333332,215.875,5.1125,7.6499999999999995,91.29166666666667,31.0,31.0,11.0,91,10.0,6.0,91.0
2023-04-20,41.708333333333336,25.53333333333333,255.45833333333334,7.825,10.826315789473684,101.16666666666667,43.0,42.0,13.0,102,14.0,10.0,102.0
2023-04-21,35.93333333333333,21.4375,230.58333333333334,6.7124999999999995,10.819047619047618,91.54166666666667,36.0,36.0,12.0,92,14.0,8.0,92.0
2023-04-22,28.020833333333332,16.666666666666668,212.54166666666666,4.866666666666666,8.9375,74.625,28.0,28.0,11.0,75,11.0,6.0,75.0
2023-04-23,29.425,17.604166666666668,237.04166666666666,2.525,5.5125,89.41666666666667,29.0,29.0,12.0,89,7.0,3.0,89.0
2023-04-24,25.329166666666666,14.9125,190.95833333333334,2.5083333333333333,5.229166666666667,64.58333333333333,25.0,25.0,10.0,65,7.0,3.0,65.0
2023-04-25,26.8125,15.737499999999999,157.41666666666666,0.9375,0.44166666666666665,51.083333333333336,26.0,27.0,8.0,51,1.0,1.0,51.0
2023-04-26,41.766666666666666,24.366666666666664,200.125,2.0916666666666663,1.5291666666666668,75.70833333333333,41.0,42.0,10.0,76,2.0,3.0,76.0
2023-04-27,37.1875,21.670833333333334,199.91666666666666,1.2291666666666667,0.8166666666666668,62.666666666666664,36.0,37.0,10.0,63,1.0,2.0,63.0
2023-04-28,22.675,13.725,175.54166666666666,1.0583333333333333,0.6291666666666667,45.375,23.0,23.0,9.0,45,1.0,1.0,45.0
2023-04-29,21.820833333333336,13.275,180.91666666666666,0.8916666666666666,0.39999999999999997,53.791666666666664,22.0,22.0,9.0,54,0.0,1.0,54.0
2023-04-30,15.012500000000001,9.025,154.95833333333334,3.525,1.9541666666666666,54.541666666666664,15.0,15.0,8.0,55,2.0,4.0,55.0
2023-05-01,15.049999999999999,9.25,138.79166666666666,2.625,4.620833333333334,58.25,15.0,15.0,7.0,58,6.0,3.0,58.0
2023-05-02,13.645833333333334,8.625,164.75,3.925,2.923809523809524,53.833333333333336,14.0,14.0,8.0,54,4.0,5.0,54.0
2023-05-03,26.416666666666668,17.8,232.66666666666666,9.011764705882353,11.592857142857143,73.41666666666667,30.0,26.0,12.0,73,14.0,11.0,73.0
2023-05-04,26.929166666666664,17.679166666666667,200.66666666666666,4.6899999999999995,9.0,76.66666666666667,29.0,27.0,10.0,77,11.0,6.0,77.0
2023-05-05,63.333333333333336,42.550000000000004,317.4583333333333,9.02,17.6,84.0,71.0,63.0,16.0,84,22.0,11.0,84.0
2023-05-06,59.235,39.33157894736842,291.6666666666667,7.4750000000000005,11.136363636363637,98.95833333333333,66.0,59.0,15.0,99,14.0,9.0,99.0
2023-05-07,59.025,41.0875,307.3333333333333,11.488888888888889,17.891666666666666,76.375,68.0,59.0,15.0,76,22.0,14.0,76.0
2023-05-08,56.17083333333333,35.476190476190474,292.2083333333333,7.345000000000001,14.963636363636363,119.54166666666667,59.0,56.0,15.0,129,19.0,9.0,129.0
2023-05-09,57.112500000000004,37.85,256.5833333333333,5.40625,13.145,112.75,63.0,57.0,13.0,119,16.0,7.0,119.0
2023-05-10,62.0875,40.57391304347826,276.9166666666667,7.590909090909091,15.414285714285715,114.5,68.0,62.0,14.0,121,19.0,9.0,121.0
2023-05-11,59.949999999999996,38.776923076923076,327.0,12.600000000000001,23.400000000000002,96.75,65.0,60.0,16.0,97,29.0,16.0,97.0
2023-05-12,31.55,20.330000000000002,243.92857142857142,11.5,23.775000000000002,68.47368421052632,34.0,32.0,12.0,68,30.0,14.0,68.0
2023-05-13,53.25500000000001,32.3875,317.0416666666667,13.557142857142859,24.1,70.9090909090909,54.0,53.0,16.0,71,30.0,17.0,71.0
2023-05-14,40.94705882352941,27.38235294117647,269.2083333333333,14.4,21.922222222222224,80.0,46.0,41.0,13.0,80,27.0,18.0,80.0
2023-05-15,38.741176470588236,25.441176470588236,257.625,10.458823529411765,17.84375,85.38888888888889,42.0,39.0,13.0,85,22.0,13.0,85.0
2023-05-16,37.04705882352941,24.141176470588235,262.25,9.527272727272727,14.552941176470588,99.61111111111111,40.0,37.0,13.0,100,18.0,12.0,100.0
2023-05-17,41.32083333333333,25.445833333333336,212.95833333333334,6.925,10.612499999999999,104.875,42.0,41.0,11.0,107,13.0,9.0,107.0
2023-05-18,35.362500000000004,21.179166666666667,181.83333333333334,7.8999999999999995,10.757894736842106,83.16666666666667,35.0,35.0,9.0,83,13.0,10.0,83.0
2023-05-19,41.05833333333333,24.434782608695652,179.125,8.061904761904762,14.430000000000001,85.17391304347827,41.0,41.0,9.0,85,18.0,10.0,85.0
2023-05-20,40.13333333333333,25.125,214.08333333333334,8.752380952380953,12.1,90.5,42.0,40.0,11.0,90,15.0,11.0,90.0
2023-05-21,34.74166666666667,20.858333333333334,187.75,7.31,14.533333333333333,92.75,35.0,35.0,9.0,93,18.0,9.0,93.0
2023-05-22,33.395833333333336,20.3,178.70833333333334,7.6,13.00625,85.875,34.0,33.0,9.0,86,16.0,9.0,86.0
2023-05-23,29.891666666666666,18.7375,180.33333333333334,8.322222222222223,12.392307692307693,79.08333333333333,31.0,30.0,9.0,79,15.0,10.0,79.0
2023-05-24,32.041666666666664,20.2125,184.41666666666666,9.473684210526315,13.221428571428572,76.375,34.0,32.0,9.0,76,17.0,12.0,76.0
2023-05-25,40.147619047619045,26.37142857142857,261.5,10.06842105263158,13.69375,88.75,44.0,40.0,13.0,89,17.0,13.0,89.0
2023-05-26,63.8,40.43636363636364,309.625,6.720000000000001,16.77,85.27777777777777,67.0,64.0,15.0,85,21.0,8.0,85.0
2023-05-27,49.31111111111111,32.90555555555555,292.3333333333333,11.85625,21.10909090909091,78.11111111111111,55.0,49.0,15.0,78,26.0,15.0,78.0
2023-05-28,54.17999999999999,35.23684210526316,290.75,11.733333333333333,19.6,85.35,59.0,54.0,15.0,85,25.0,15.0,85.0
2023-05-29,48.4125,30.162499999999998,237.33333333333334,9.152941176470588,11.205882352941176,95.95652173913044,50.0,48.0,12.0,96,14.0,11.0,96.0
2023-05-30,36.329166666666666,21.75,187.91666666666666,6.347368421052631,10.755555555555555,75.95833333333333,36.0,36.0,9.0,76,13.0,8.0,76.0
2023-05-31,49.362500000000004,31.0625,216.875,8.20625,12.266666666666666,91.66666666666667,52.0,49.0,11.0,92,15.0,10.0,92.0
2023-06-01,44.269999999999996,29.189999999999998,251.375,7.872222222222222,11.321428571428571,95.05,49.0,44.0,13.0,95,14.0,10.0,95.0
2023-06-02,54.48421052631579,35.50555555555556,282.4583333333333,10.379999999999999,18.635714285714283,95.35,59.0,54.0,14.0,95,23.0,13.0,95.0
2023-06-03,42.22941176470588,27.564705882352943,263.875,11.085714285714285,17.0,81.21052631578948,46.0,42.0,13.0,81,21.0,14.0,81.0
2023-06-04,48.392307692307696,32.30769230769231,298.875,10.2875,22.645454545454545,81.0,54.0,48.0,15.0,81,28.0,13.0,81.0
2023-06-05,54.69500000000001,35.54736842105263,276.6666666666667,9.899999999999999,17.52,86.05,59.0,55.0,14.0,86,22.0,12.0,86.0
2023-06-06,42.19,26.836842105263155,254.29166666666666,11.1,16.92727272727273,85.47619047619048,45.0,42.0,13.0,85,21.0,14.0,85.0
2023-06-07,48.87826086956522,31.35,253.5,10.1375,15.68,78.75,52.0,49.0,13.0,79,20.0,13.0,79.0
2023-06-08,34.872727272727275,21.833333333333332,215.66666666666666,12.0,17.9375,68.25,36.0,35.0,11.0,68,22.0,15.0,68.0
2023-06-09,40.07727272727273,25.5,206.625,14.075,19.4875,75.54166666666667,42.0,40.0,10.0,76,24.0,18.0,76.0
2023-06-10,37.00833333333333,24.837500000000002,213.58333333333334,11.342857142857143,14.873333333333333,69.16666666666667,41.0,37.0,11.0,69,19.0,14.0,69.0
2023-06-11,33.88,23.58095238095238,228.45833333333334,13.225,18.146153846153847,69.54166666666667,39.0,34.0,11.0,70,23.0,17.0,70.0
2023-06-12,38.082608695652176,23.572727272727274,213.41666666666666,11.881818181818181,16.933333333333334,67.83333333333333,39.0,38.0,11.0,68,21.0,15.0,68.0
2023-06-13,40.09047619047619,26.85909090909091,211.625,11.292307692307693,12.246153846153845,72.95833333333333,45.0,40.0,11.0,73,15.0,14.0,73.0
2023-06-14,44.364999999999995,27.825,200.04166666666666,10.021428571428572,19.61764705882353,89.125,46.0,44.0,10.0,89,25.0,13.0,89.0
2023-06-15,35.97,21.365000000000002,196.04166666666666,10.726666666666667,16.488235294117647,77.70833333333333,36.0,36.0,10.0,78,21.0,13.0,78.0
2023-06-16,36.464999999999996,22.925,215.08333333333334,9.91764705882353,17.986363636363635,88.22727272727273,38.0,36.0,11.0,88,22.0,12.0,88.0
2023-06-17,38.554545454545455,24.17391304347826,201.95833333333334,12.466666666666667,16.38,48.375,40.0,39.0,10.0,48,20.0,16.0,48.0
2023-06-18,36.24166666666667,22.854166666666668,217.08333333333334,13.88,19.48888888888889,39.125,38.0,36.0,11.0,39,24.0,17.0,39.0
2023-06-19,29.6875,19.416666666666668,194.08333333333334,7.341666666666668,14.966666666666667,59.916666666666664,32.0,30.0,10.0,60,19.0,9.0,60.0
2023-06-20,45.4625,30.445833333333336,259.0833333333333,4.0,7.359999999999999,49.083333333333336,51.0,45.0,13.0,49,9.0,5.0,51.0
2023-06-21,52.28333333333333,33.8375,254.83333333333334,,18.85,68.625,56.0,52.0,13.0,69,24.0,,69.0
2023-06-22,59.48260869565217,37.54761904761905,280.2916666666667,15.025,,80.08333333333333,63.0,59.0,14.0,80,,19.0,80.0
2023-06-23,46.25652173913044,28.454545454545453,233.625,16.3,24.666666666666668,68.5,47.0,46.0,12.0,68,31.0,20.0,68.0
2023-06-24,49.38333333333333,30.03478260869565,233.5,16.25,,55.583333333333336,50.0,49.0,12.0,56,,20.0,56.0
2023-06-25,43.87083333333334,25.704166666666666,201.66666666666666,11.25,16.183333333333334,75.04166666666667,43.0,44.0,10.0,75,20.0,14.0,75.0
2023-06-26,37.800000000000004,24.037499999999998,211.54166666666666,13.530000000000001,19.3,61.208333333333336,40.0,38.0,11.0,61,24.0,17.0,61.0
2023-06-27,32.48695652173913,20.87391304347826,233.83333333333334,11.8125,8.325000000000001,63.875,35.0,32.0,12.0,64,10.0,15.0,64.0
2023-06-28,21.004166666666666,13.125,194.29166666666666,6.729166666666667,10.041666666666666,84.41666666666667,22.0,21.0,10.0,84,13.0,8.0,84.0
2023-06-29,25.650000000000002,16.150000000000002,214.83333333333334,7.233333333333333,10.1625,89.375,27.0,26.0,11.0,89,13.0,9.0,89.0
2023-06-30,28.15833333333333,15.916666666666666,204.83333333333334,6.675,8.920833333333333,88.29166666666667,27.0,28.0,10.0,88,11.0,8.0,88.0
2023-07-01,30.583333333333332,16.554166666666667,238.125,7.909523809523809,7.204166666666667,72.70833333333333,28.0,31.0,12.0,73,9.0,10.0,73.0
2023-07-02,39.604166666666664,19.929166666666667,248.125,10.120833333333334,10.141666666666667,66.375,33.0,40.0,12.0,66,13.0,13.0,66.0
2023-07-03,25.837500000000002,15.920833333333334,239.375,11.004166666666668,11.145833333333334,56.125,27.0,26.0,12.0,56,14.0,14.0,56.0
2023-07-04,11.054166666666667,7.4750000000000005,179.08333333333334,8.254166666666666,10.733333333333334,53.416666666666664,12.0,11.0,9.0,53,13.0,10.0,53.0
2023-07-05,13.804166666666667,9.470833333333333,176.33333333333334,8.308333333333334,11.129166666666668,53.375,16.0,14.0,9.0,53,14.0,10.0,53.0
2023-07-06,15.741666666666667,10.612499999999999,207.125,10.095833333333333,11.525,55.416666666666664,18.0,16.0,10.0,55,14.0,13.0,55.0
2023-07-07,15.808333333333332,10.516666666666667,188.5,10.179166666666667,13.1625,51.208333333333336,18.0,16.0,9.0,51,16.0,13.0,51.0
2023-07-08,17.920833333333334,12.091666666666667,211.5,8.058333333333334,9.054166666666667,68.625,20.0,18.0,11.0,69,11.0,10.0,69.0
2023-07-09,27.858333333333334,16.5625,214.16666666666666,7.645833333333333,11.945833333333333,93.41666666666667,28.0,28.0,11.0,93,15.0,10.0,93.0
2023-07-10,30.4875,17.991666666666667,232.95833333333334,8.575000000000001,12.125,72.75,30.0,30.0,12.0,73,15.0,11.0,73.0
2023-07-11,33.69583333333333,17.883333333333333,238.45833333333334,10.466666666666667,13.279166666666667,67.79166666666667,30.0,34.0,12.0,68,17.0,13.0,68.0
2023-07-12,37.88333333333333,19.729166666666668,239.0,8.804166666666667,12.458333333333334,87.66666666666667,33.0,38.0,12.0,88,16.0,11.0,88.0
2023-07-13,30.03333333333333,17.354166666666668,213.125,9.333333333333334,12.525,75.83333333333333,29.0,30.0,11.0,76,16.0,12.0,76.0
2023-07-14,25.295833333333334,15.933333333333332,211.70833333333334,7.954166666666667,11.299999999999999,81.70833333333333,27.0,25.0,11.0,82,14.0,10.0,82.0
2023-07-15,28.90416666666667,17.029166666666665,239.41666666666666,8.958333333333334,8.666666666666666,81.83333333333333,28.0,29.0,12.0,82,11.0,11.0,82.0
2023-07-16,35.395833333333336,19.083333333333332,234.5,9.066666666666666,11.225,77.875,32.0,35.0,12.0,78,14.0,11.0,78.0
2023-07-17,35.979166666666664,18.625,229.5,7.583333333333333,9.129166666666666,83.16666666666667,31.0,36.0,11.0,83,11.0,9.0,83.0
2023-07-18,26.22083333333333,13.516666666666666,199.08333333333334,7.616666666666667,8.5625,64.625,23.0,26.0,10.0,65,11.0,10.0,65.0
2023-07-19,18.037499999999998,9.341666666666667,153.08333333333334,6.066666666666666,7.0375000000000005,61.125,16.0,18.0,8.0,61,9.0,8.0,61.0
2023-07-20,20.108333333333334,9.25,152.66666666666666,5.645833333333333,5.666666666666667,55.5,15.0,20.0,8.0,56,7.0,7.0,56.0
2023-07-21,25.745833333333334,10.970833333333333,151.125,5.133333333333334,5.429166666666666,57.708333333333336,18.0,26.0,8.0,58,7.0,6.0,58.0
2023-07-22,25.47083333333333,11.783333333333333,150.70833333333334,7.258333333333333,9.525,47.625,20.0,25.0,8.0,48,12.0,9.0,48.0
2023-07-23,23.47083333333333,13.845833333333333,195.54166666666666,9.495833333333334,11.408333333333333,53.416666666666664,23.0,23.0,10.0,53,14.0,12.0,53.0
2023-07-24,21.8125,13.4375,212.75,11.987499999999999,13.862499999999999,45.958333333333336,22.0,22.0,11.0,46,17.0,15.0,46.0
2023-07-25,20.375,13.333333333333334,226.125,10.858333333333334,11.741666666666667,50.375,22.0,20.0,11.0,50,15.0,14.0,50.0
2023-07-26,20.125,12.491666666666667,198.5,8.529166666666667,7.783333333333334,59.333333333333336,21.0,20.0,10.0,59,10.0,11.0,59.0
2023-07-27,20.7,12.054166666666667,199.45833333333334,8.283333333333333,6.879166666666666,58.875,20.0,21.0,10.0,59,9.0,10.0,59.0
2023-07-28,17.891666666666666,9.958333333333334,168.08333333333334,5.870833333333334,4.066666666666666,61.583333333333336,17.0,18.0,8.0,62,5.0,7.0,62.0
2023-07-29,20.45,10.233333333333333,179.08333333333334,5.991666666666667,2.5458333333333334,58.25,17.0,20.0,9.0,58,3.0,7.0,58.0
2023-07-30,26.5125,13.845833333333333,215.41666666666666,7.314285714285714,3.875,62.875,23.0,27.0,11.0,63,5.0,9.0,63.0
2023-07-31,27.90416666666667,13.875,199.25,7.820833333333333,4.079166666666667,64.625,23.0,28.0,10.0,65,5.0,10.0,65.0
2023-08-01,19.416666666666668,9.65,160.125,5.866666666666667,3.0749999999999997,54.625,16.0,19.0,8.0,55,4.0,7.0,55.0
2023-08-02,27.291666666666668,13.983333333333334,189.16666666666666,7.258333333333333,5.0625,67.04166666666667,23.0,27.0,9.0,67,6.0,9.0,67.0
2023-08-03,32.237500000000004,15.545833333333334,181.70833333333334,6.520833333333333,5.3125,70.08333333333333,26.0,32.0,9.0,70,7.0,8.0,70.0
2023-08-04,33.920833333333334,18.3,194.08333333333334,7.9125000000000005,8.920833333333333,71.79166666666667,31.0,34.0,10.0,72,11.0,10.0,72.0
2023-08-05,34.0,18.583333333333332,187.95833333333334,5.2124999999999995,5.841666666666666,77.875,31.0,34.0,9.0,78,7.0,7.0,78.0
2023-08-06,39.47083333333333,22.287499999999998,206.25,5.854166666666667,7.870833333333334,85.70833333333333,37.0,39.0,10.0,86,10.0,7.0,86.0
2023-08-07,39.40833333333333,20.966666666666665,173.04166666666666,4.9125000000000005,8.004166666666666,86.125,35.0,39.0,9.0,86,10.0,6.0,86.0
2023-08-08,41.49166666666667,21.433333333333334,181.875,4.595833333333333,7.3125,86.25,36.0,41.0,9.0,86,9.0,6.0,86.0
2023-08-09,50.78333333333333,28.479166666666668,224.83333333333334,5.254166666666666,9.1,105.58333333333333,47.0,51.0,11.0,108,11.0,7.0,108.0
2023-08-10,40.67916666666667,23.570833333333336,198.70833333333334,5.491666666666667,12.154166666666667,98.45833333333333,39.0,41.0,10.0,98,15.0,7.0,98.0
2023-08-11,53.40416666666667,31.104166666666668,228.58333333333334,6.308333333333334,14.987499999999999,102.83333333333333,52.0,53.0,11.0,104,19.0,8.0,104.0
2023-08-12,45.9625,27.866666666666664,230.375,5.883333333333333,12.829166666666666,106.125,46.0,46.0,12.0,109,16.0,7.0,109.0
2023-08-13,55.05416666666667,30.016666666666666,245.08333333333334,7.266666666666667,10.329166666666667,100.91666666666667,50.0,55.0,12.0,101,13.0,9.0,101.0
2023-08-14,54.020833333333336,29.354166666666668,221.70833333333334,6.654166666666666,11.625,96.95833333333333,49.0,54.0,11.0,97,15.0,8.0,97.0
2023-08-15,45.56666666666666,23.59583333333333,179.25,5.616666666666667,9.983333333333333,90.79166666666667,39.0,46.0,9.0,91,12.0,7.0,91.0
2023-08-16,45.44583333333333,22.291666666666668,184.5,5.7250000000000005,8.708333333333334,87.625,37.0,45.0,9.0,88,11.0,7.0,88.0
2023-08-17,37.770833333333336,19.804166666666667,181.91666666666666,6.7124999999999995,8.566666666666666,80.29166666666667,33.0,38.0,9.0,80,11.0,8.0,80.0
2023-08-18,32.737500000000004,16.662499999999998,190.75,7.720833333333334,7.1375,70.20833333333333,28.0,33.0,10.0,70,9.0,10.0,70.0
2023-08-19,24.508333333333336,13.854166666666666,214.04166666666666,7.7749999999999995,7.183333333333334,65.25,23.0,25.0,11.0,65,9.0,10.0,65.0
2023-08-20,32.46666666666666,18.170833333333334,219.16666666666666,5.170833333333333,6.295833333333333,87.875,30.0,32.0,11.0,88,8.0,6.0,88.0
2023-08-21,32.12916666666667,17.466666666666665,183.25,3.9125,5.379166666666666,85.79166666666667,29.0,32.0,9.0,86,7.0,5.0,86.0
2023-08-22,36.55833333333333,20.162499999999998,186.16666666666666,4.879166666666666,8.929166666666667,95.875,34.0,37.0,9.0,96,11.0,6.0,96.0
2023-08-23,40.670833333333334,21.84166666666667,170.33333333333334,4.616666666666666,9.275,99.79166666666667,36.0,41.0,9.0,100,12.0,6.0,100.0
2023-08-24,41.704166666666666,22.25,170.29166666666666,4.716666666666667,8.137500000000001,96.58333333333333,37.0,42.0,9.0,97,10.0,6.0,97.0
2023-08-25,36.770833333333336,18.741666666666667,155.16666666666666,4.679166666666666,7.629166666666666,82.08333333333333,31.0,37.0,8.0,82,10.0,6.0,82.0
2023-08-26,37.670833333333334,18.679166666666667,174.20833333333334,5.095833333333333,7.579166666666667,72.16666666666667,31.0,38.0,9.0,72,9.0,6.0,72.0
2023-08-27,44.35,26.22083333333333,213.125,5.154166666666667,11.450000000000001,99.66666666666667,44.0,44.0,11.0,100,14.0,6.0,100.0
2023-08-28,36.55833333333333,23.1125,210.33333333333334,6.870833333333334,11.674999999999999,91.625,39.0,37.0,11.0,92,15.0,9.0,92.0
2023-08-29,34.53333333333333,21.7,217.45833333333334,6.554166666666667,8.833333333333334,90.41666666666667,36.0,35.0,11.0,90,11.0,8.0,90.0
2023-08-30,36.4625,22.175,230.91666666666666,5.833333333333333,8.475,98.08333333333333,37.0,36.0,12.0,98,11.0,7.0,98.0
2023-08-31,35.854166666666664,22.375,234.5,5.383333333333333,9.166666666666666,107.91666666666667,37.0,36.0,12.0,112,11.0,7.0,112.0
2023-09-01,30.28333333333333,18.537499999999998,200.5,5.3875,9.216666666666667,95.5,31.0,30.0,10.0,96,12.0,7.0,96.0
2023-09-02,29.666666666666668,18.933333333333334,203.375,6.979166666666667,12.15,93.45833333333333,32.0,30.0,10.0,93,15.0,9.0,93.0
2023-09-03,30.02916666666667,18.404166666666665,202.29166666666666,6.741666666666667,11.366666666666667,86.79166666666667,31.0,30.0,10.0,87,14.0,8.0,87.0
2023-09-04,28.208333333333332,17.633333333333333,218.95833333333334,7.604166666666667,5.566666666666666,64.375,29.0,28.0,11.0,64,7.0,10.0,64.0
2023-09-05,28.445833333333336,18.4625,240.54166666666666,8.383333333333333,10.183333333333334,70.79166666666667,31.0,28.0,12.0,71,13.0,10.0,71.0
2023-09-06,19.045833333333334,12.5,203.25,7.620833333333334,10.383333333333333,73.375,21.0,19.0,10.0,73,13.0,10.0,73.0
2023-09-07,17.454166666666666,11.704166666666666,185.33333333333334,7.7625,11.041666666666666,68.79166666666667,20.0,17.0,9.0,69,14.0,10.0,69.0
2023-09-08,18.8875,11.595833333333333,183.875,7.258333333333333,9.879166666666666,71.58333333333333,19.0,19.0,9.0,72,12.0,9.0,72.0
2023-09-09,21.441666666666666,13.200000000000001,194.04166666666666,6.691666666666666,8.924999999999999,78.375,22.0,21.0,10.0,78,11.0,8.0,78.0
2023-09-10,27.054166666666664,15.549999999999999,212.66666666666666,7.6625000000000005,10.0,80.45833333333333,26.0,27.0,11.0,80,12.0,10.0,80.0
2023-09-11,23.125,14.254166666666668,207.79166666666666,6.891666666666667,9.583333333333334,78.25,24.0,23.0,10.0,78,12.0,9.0,78.0
2023-09-12,23.599999999999998,14.3375,207.66666666666666,6.816666666666666,9.195833333333333,80.25,24.0,24.0,10.0,80,11.0,9.0,80.0
2023-09-13,26.754166666666666,16.0125,206.125,8.641666666666667,12.475,71.41666666666667,27.0,27.0,10.0,71,16.0,11.0,71.0
2023-09-14,26.6375,16.054166666666667,204.75,7.658333333333334,11.204166666666666,76.41666666666667,27.0,27.0,10.0,76,14.0,10.0,76.0
2023-09-15,21.6125,13.416666666666666,191.04166666666666,7.204166666666667,9.570833333333333,69.54166666666667,22.0,22.0,10.0,70,12.0,9.0,70.0
2023-09-16,20.491666666666667,13.225,195.08333333333334,7.683333333333334,11.183333333333332,66.29166666666667,22.0,20.0,10.0,66,14.0,10.0,66.0
2023-09-17,25.15833333333333,15.666666666666666,205.125,9.508333333333333,15.041666666666666,60.0,26.0,25.0,10.0,60,19.0,12.0,60.0
2023-09-18,28.241666666666664,17.770833333333332,235.54166666666666,8.120833333333334,12.495833333333332,80.25,30.0,28.0,12.0,80,16.0,10.0,80.0
2023-09-19,25.46666666666667,15.9625,242.375,8.929166666666667,11.208333333333334,83.66666666666667,27.0,25.0,12.0,84,14.0,11.0,84.0
2023-09-20,27.741666666666664,17.070833333333333,231.5,7.445833333333333,10.0375,92.125,28.0,28.0,12.0,92,13.0,9.0,92.0
2023-09-21,27.266666666666666,16.3125,182.0,5.825,10.066666666666666,82.41666666666667,27.0,27.0,9.0,82,13.0,7.0,82.0
2023-09-22,27.433333333333334,16.291666666666668,186.91666666666666,5.7749999999999995,9.933333333333334,82.08333333333333,27.0,27.0,9.0,82,12.0,7.0,82.0
2023-09-23,24.041666666666668,14.1625,168.16666666666666,5.1375,9.270833333333334,80.125,24.0,24.0,8.0,80,12.0,6.0,80.0
2023-09-24,27.458333333333332,16.325,206.45833333333334,6.541666666666667,9.320833333333333,88.83333333333333,27.0,27.0,10.0,89,12.0,8.0,89.0
2023-09-25,32.525,18.545833333333334,236.45833333333334,6.7625,8.566666666666666,95.45833333333333,31.0,33.0,12.0,95,11.0,8.0,95.0
2023-09-26,31.712500000000002,17.854166666666668,205.0,8.020833333333334,13.195652173913043,80.66666666666667,30.0,32.0,10.0,81,16.0,10.0,81.0
2023-09-27,33.479166666666664,19.6375,225.75,6.983333333333333,11.020833333333334,91.91666666666667,33.0,33.0,11.0,92,14.0,9.0,92.0
2023-09-28,30.733333333333334,18.158333333333335,220.875,7.220833333333334,11.479166666666666,83.75,30.0,31.0,11.0,84,14.0,9.0,84.0
2023-09-29,21.370833333333334,13.8125,216.0,8.391666666666667,11.333333333333334,66.29166666666667,23.0,21.0,11.0,66,14.0,10.0,66.0
2023-09-30,16.849999999999998,10.666666666666666,186.29166666666666,7.7375,10.091666666666667,63.458333333333336,18.0,17.0,9.0,63,13.0,10.0,63.0
2023-10-01,17.795833333333334,11.125,187.125,7.533333333333334,9.841666666666667,63.791666666666664,19.0,18.0,9.0,64,12.0,9.0,64.0
2023-10-02,17.970833333333335,10.875,173.41666666666666,6.508333333333333,8.833333333333334,66.33333333333333,18.0,18.0,9.0,66,11.0,8.0,66.0
2023-10-03,20.670833333333334,12.408333333333333,179.41666666666666,6.0375000000000005,8.075000000000001,75.41666666666667,21.0,21.0,9.0,75,10.0,8.0,75.0
2023-10-04,27.5625,16.504166666666666,187.41666666666666,7.25,9.229166666666666,77.83333333333333,28.0,28.0,9.0,78,12.0,9.0,78.0
2023-10-05,28.508333333333336,17.608333333333334,199.25,8.0875,11.387500000000001,83.41666666666667,29.0,29.0,10.0,83,14.0,10.0,83.0
2023-10-06,35.30416666666667,21.7625,221.20833333333334,7.766666666666667,11.641666666666666,94.41666666666667,36.0,35.0,11.0,94,15.0,10.0,94.0
2023-10-07,34.2875,21.220833333333335,208.33333333333334,6.070833333333333,10.020833333333334,84.91666666666667,35.0,34.0,10.0,85,13.0,8.0,85.0
2023-10-08,18.662499999999998,10.529166666666667,145.875,5.395833333333333,6.908333333333334,60.041666666666664,18.0,19.0,7.0,60,9.0,7.0,60.0
2023-10-09,19.583333333333332,11.654166666666667,166.125,6.466666666666666,9.450000000000001,52.916666666666664,19.0,20.0,8.0,53,12.0,8.0,53.0
2023-10-10,32.13333333333333,20.141666666666666,205.04166666666666,6.795833333333333,12.054166666666667,76.5,34.0,32.0,10.0,76,15.0,8.0,76.0
2023-10-11,42.87083333333334,26.808333333333334,224.58333333333334,6.133333333333333,14.233333333333334,94.66666666666667,45.0,43.0,11.0,95,18.0,8.0,95.0
2023-10-12,29.0625,18.075,188.5,3.716666666666667,9.825,93.83333333333333,30.0,29.0,9.0,94,12.0,5.0,94.0
2023-10-13,31.320833333333336,17.633333333333333,161.29166666666666,2.920833333333333,1.9416666666666667,75.04166666666667,29.0,31.0,8.0,75,2.0,4.0,75.0
2023-10-14,18.416666666666668,11.862499999999999,192.83333333333334,3.1791666666666667,3.0541666666666667,74.45833333333333,20.0,18.0,10.0,74,4.0,4.0,74.0
2023-10-15,10.924999999999999,7.316666666666666,186.58333333333334,4.083333333333333,5.1125,66.83333333333333,12.0,11.0,9.0,67,6.0,5.0,67.0
2023-10-16,10.825000000000001,6.941666666666666,173.25,2.858333333333333,2.5708333333333333,65.54166666666667,12.0,11.0,9.0,66,3.0,4.0,66.0
2023-10-17,41.25833333333333,22.991666666666664,200.41666666666666,2.2291666666666665,2.0333333333333337,77.91666666666667,38.0,41.0,10.0,78,3.0,3.0,78.0
2023-10-18,62.00833333333333,32.958333333333336,248.625,3.7541666666666664,2.5833333333333335,87.125,55.0,62.0,12.0,87,3.0,5.0,87.0
2023-10-19,62.96666666666667,34.25416666666667,250.75,4.05,5.925,98.875,57.0,63.0,13.0,99,7.0,5.0,99.0
2023-10-20,61.89166666666667,34.641666666666666,251.45833333333334,4.154166666666667,4.304166666666666,93.66666666666667,58.0,62.0,13.0,94,5.0,5.0,94.0
2023-10-21,50.479166666666664,28.625,266.2083333333333,3.641666666666667,4.729166666666667,109.83333333333333,48.0,50.0,13.0,114,6.0,5.0,114.0
2023-10-22,66.99,38.483333333333334,295.9166666666667,3.8083333333333336,7.491666666666667,133.95833333333334,64.0,67.0,15.0,150,9.0,5.0,150.0
2023-10-23,59.739999999999995,41.762499999999996,309.2916666666667,4.1000000000000005,10.049999999999999,130.1,70.0,60.0,15.0,144,13.0,5.0,144.0
2023-10-24,50.79583333333333,29.96666666666667,243.16666666666666,4.370833333333334,11.970833333333333,114.20833333333333,50.0,51.0,12.0,121,15.0,5.0,121.0
2023-10-25,47.0,27.5125,239.0,4.491666666666666,10.225,105.83333333333333,46.0,47.0,12.0,109,13.0,6.0,109.0
2023-10-26,62.81,38.641666666666666,269.0833333333333,2.6791666666666667,5.4125000000000005,127.33333333333333,64.0,63.0,13.0,140,7.0,3.0,140.0
2023-10-27,51.8125,30.316666666666666,246.0,2.845833333333333,2.7416666666666667,96.29166666666667,51.0,52.0,12.0,96,3.0,4.0,96.0
2023-10-28,30.833333333333332,17.712500000000002,198.16666666666666,2.1083333333333334,1.1624999999999999,68.83333333333333,30.0,31.0,10.0,69,1.0,3.0,69.0
2023-10-29,16.745833333333334,9.520833333333334,181.75,1.6083333333333334,0.8875000000000001,71.04166666666667,16.0,17.0,9.0,71,1.0,2.0,71.0
2023-10-30,38.37916666666667,22.825000000000003,243.54166666666666,3.1791666666666667,2.6750000000000003,90.95833333333333,38.0,38.0,12.0,91,3.0,4.0,91.0
2023-10-31,41.69583333333333,23.40416666666667,225.5909090909091,2.65,3.004166666666667,95.20833333333333,39.0,42.0,11.0,95,4.0,3.0,95.0
2023-11-01,10.225,6.058333333333334,187.125,2.9333333333333336,1.9791666666666667,70.33333333333333,10.0,10.0,9.0,70,2.0,4.0,70.0
2023-11-02,8.066666666666666,4.575,169.54166666666666,2.8874999999999997,1.9208333333333334,55.0,8.0,8.0,8.0,55,2.0,4.0,55.0
2023-11-03,8.358333333333333,4.666666666666667,132.83333333333334,2.0749999999999997,1.3125,52.041666666666664,8.0,8.0,7.0,52,2.0,3.0,52.0
2023-11-04,6.333333333333333,3.8208333333333333,146.08333333333334,3.5500000000000003,2.595833333333333,47.958333333333336,6.0,6.0,7.0,48,3.0,4.0,48.0
2023-11-05,10.133333333333333,6.325,176.125,6.3625,10.215,60.458333333333336,11.0,10.0,9.0,60,13.0,8.0,60.0
2023-11-06,9.579166666666667,5.754166666666666,149.375,3.7375000000000003,2.470833333333333,48.375,10.0,10.0,7.0,48,3.0,5.0,48.0
2023-11-07,7.204166666666667,4.270833333333333,152.79166666666666,3.3333333333333335,2.316666666666667,46.666666666666664,7.0,7.0,8.0,47,3.0,4.0,47.0
2023-11-08,14.35,8.766666666666667,180.75,3.3333333333333335,3.1999999999999997,61.541666666666664,15.0,14.0,9.0,62,4.0,4.0,62.0
2023-11-09,12.079166666666666,7.291666666666667,177.83333333333334,2.7458333333333336,2.1333333333333333,62.75,12.0,12.0,9.0,63,3.0,3.0,63.0
2023-11-10,46.56666666666667,30.157142857142855,239.70833333333334,1.9333333333333333,1.9541666666666666,93.29166666666667,50.0,47.0,12.0,93,2.0,2.0,93.0
2023-11-11,66.82083333333334,37.333333333333336,299.3333333333333,1.9749999999999999,2.504166666666667,107.08333333333333,62.0,67.0,15.0,110,3.0,2.0,110.0
2023-11-12,70.225,45.15,330.7,2.766666666666667,3.4791666666666665,113.95833333333333,75.0,70.0,17.0,121,4.0,3.0,121.0
2023-11-13,43.00769230769231,28.733333333333334,273.57894736842104,2.6791666666666667,3.058333333333333,104.125,48.0,43.0,14.0,106,4.0,3.0,106.0
2023-11-14,24.84583333333333,15.245833333333332,227.66666666666666,5.554166666666667,4.375,81.375,25.0,25.0,11.0,81,5.0,7.0,81.0
2023-11-15,19.854166666666668,11.883333333333333,216.79166666666666,4.483333333333333,4.0125,79.0,20.0,20.0,11.0,79,5.0,6.0,79.0
2023-11-16,33.454166666666666,19.416666666666668,255.54166666666666,3.3041666666666667,4.341666666666667,101.125,32.0,33.0,13.0,102,5.0,4.0,102.0
2023-11-17,20.591666666666665,11.3125,212.58333333333334,2.470833333333333,2.3583333333333334,84.70833333333333,19.0,21.0,11.0,85,3.0,3.0,85.0
2023-11-18,13.325000000000001,7.170833333333333,174.95833333333334,1.9749999999999999,1.6291666666666667,68.5,12.0,13.0,9.0,68,2.0,2.0,68.0
2023-11-19,23.320833333333336,12.666666666666666,197.25,3.625,3.75,79.08333333333333,21.0,23.0,10.0,79,5.0,5.0,79.0
2023-11-20,12.35,7.6375,202.5,6.820833333333333,6.920833333333333,63.875,13.0,12.0,10.0,64,9.0,9.0,64.0
2023-11-21,8.041666666666666,4.8625,145.33333333333334,3.045833333333333,2.716666666666667,51.041666666666664,8.0,8.0,7.0,51,3.0,4.0,51.0
2023-11-22,9.1,5.133333333333334,163.125,2.7541666666666664,1.0875000000000001,55.625,9.0,9.0,8.0,56,1.0,3.0,56.0
2023-11-23,10.258333333333333,5.904166666666666,178.5,2.629166666666667,1.7208333333333332,63.25,10.0,10.0,9.0,63,2.0,3.0,63.0
2023-11-24,9.045833333333333,4.983333333333333,175.75,1.8375000000000001,0.9916666666666667,63.75,8.0,9.0,9.0,64,1.0,2.0,64.0
2023-11-25,26.158333333333335,14.420833333333334,167.95833333333334,1.5333333333333332,0.9291666666666667,71.04166666666667,24.0,26.0,8.0,71,1.0,2.0,71.0
2023-11-26,21.037499999999998,11.691666666666668,193.20833333333334,1.4958333333333333,0.7916666666666666,73.25,19.0,21.0,10.0,73,1.0,2.0,73.0
2023-11-27,28.84166666666667,15.737499999999999,185.5,1.8375000000000001,1.0833333333333333,70.375,26.0,29.0,9.0,70,1.0,2.0,70.0
2023-11-28,17.45,9.674999999999999,181.16666666666666,1.9041666666666668,1.1125,69.91666666666667,16.0,17.0,9.0,70,1.0,2.0,70.0
2023-11-29,9.625,5.391666666666667,181.08333333333334,2.2916666666666665,1.7249999999999999,65.75,9.0,10.0,9.0,66,2.0,3.0,66.0
2023-11-30,11.283333333333333,6.533333333333334,213.58333333333334,4.1499999999999995,3.091666666666667,64.875,11.0,11.0,11.0,65,4.0,5.0,65.0
2023-12-01,24.691666666666666,14.0875,213.0,3.9625,4.2375,73.75,23.0,25.0,11.0,74,5.0,5.0,74.0
2023-12-02,16.0375,9.266666666666667,199.58333333333334,4.883333333333334,4.195833333333334,65.29166666666667,15.0,16.0,10.0,65,5.0,6.0,65.0
2023-12-03,4.175,2.7125,197.5,4.620833333333334,3.233333333333333,56.416666666666664,5.0,4.0,10.0,56,4.0,6.0,56.0
2023-12-04,16.349999999999998,10.708333333333334,280.4583333333333,8.391666666666667,7.2250000000000005,61.958333333333336,18.0,16.0,14.0,62,9.0,10.0,62.0
2023-12-05,27.025000000000002,16.491666666666667,293.875,5.595833333333334,8.625,111.79166666666667,27.0,27.0,15.0,117,11.0,7.0,117.0
2023-12-06,20.75,12.0875,231.79166666666666,4.425,8.133333333333333,99.41666666666667,20.0,21.0,12.0,99,10.0,6.0,99.0
2023-12-07,20.8875,12.029166666666667,217.25,4.404166666666667,7.5,82.83333333333333,20.0,21.0,11.0,83,9.0,6.0,83.0
2023-12-08,13.041666666666666,7.470833333333334,187.45833333333334,2.216666666666667,2.158333333333333,67.625,12.0,13.0,9.0,68,3.0,3.0,68.0
2023-12-09,24.445833333333336,14.358333333333334,191.08333333333334,2.8000000000000003,3.0875,71.79166666666667,24.0,24.0,10.0,72,4.0,4.0,72.0
2023-12-10,35.56666666666667,20.891666666666666,230.66666666666666,2.345833333333333,2.4208333333333334,86.125,35.0,36.0,12.0,86,3.0,3.0,86.0
2023-12-11,41.579166666666666,23.974999999999998,238.375,1.6291666666666667,1.7125000000000001,95.70833333333333,40.0,42.0,12.0,96,2.0,2.0,96.0
2023-12-12,52.875,30.633333333333336,254.25,1.8333333333333333,2.125,105.20833333333333,51.0,53.0,13.0,108,3.0,2.0,108.0
2023-12-13,59.0,33.09583333333333,271.3333333333333,2.3541666666666665,3.2624999999999997,109.75,55.0,59.0,14.0,114,4.0,3.0,114.0
2023-12-14,57.895833333333336,33.583333333333336,280.125,4.133333333333334,6.125,109.16666666666667,56.0,58.0,14.0,113,8.0,5.0,113.0
2023-12-15,38.175000000000004,18.929166666666667,251.75,2.7416666666666667,2.558333333333333,90.29166666666667,32.0,38.0,13.0,90,3.0,3.0,90.0
2023-12-16,42.05416666666667,23.691666666666666,224.875,1.5250000000000001,1.1333333333333333,95.70833333333333,39.0,42.0,11.0,96,1.0,2.0,96.0
2023-12-17,53.30416666666667,29.837500000000002,225.79166666666666,1.1208333333333333,1.5583333333333333,116.5,50.0,53.0,11.0,124,2.0,1.0,124.0
2023-12-18,55.699999999999996,31.833333333333332,220.79166666666666,1.4666666666666668,1.9333333333333333,107.91666666666667,53.0,56.0,11.0,112,2.0,2.0,112.0
2023-12-19,56.54583333333333,32.28333333333333,219.95833333333334,2.8791666666666664,3.9958333333333336,102.41666666666667,54.0,57.0,11.0,104,5.0,4.0,104.0
2023-12-20,67.20666666666666,42.083333333333336,274.0416666666667,3.2375000000000003,4.570833333333334,114.16666666666667,70.0,67.0,14.0,121,6.0,4.0,121.0
2023-12-21,77.45,47.02272727272727,324.75,2.7416666666666667,6.795833333333333,130.5,78.0,77.0,16.0,145,8.0,3.0,145.0
2023-12-22,71.15714285714286,44.935,327.6842105263158,3.108333333333333,8.358333333333333,132.29166666666666,75.0,71.0,16.0,147,10.0,4.0,147.0
2023-12-23,65.81666666666666,38.108333333333334,299.5,4.3,7.970833333333334,118.16666666666667,64.0,66.0,15.0,127,10.0,5.0,127.0
2023-12-24,44.88333333333333,25.579166666666666,260.875,4.116666666666666,4.7375,93.91666666666667,43.0,45.0,13.0,94,6.0,5.0,94.0
2023-12-25,23.254166666666666,13.066666666666668,218.16666666666666,2.2875,1.8708333333333333,75.125,22.0,23.0,11.0,75,2.0,3.0,75.0
2023-12-26,29.65833333333333,16.829166666666666,212.91666666666666,3.891666666666667,4.2625,75.5,28.0,30.0,11.0,76,5.0,5.0,76.0
2023-12-27,32.9125,18.454166666666666,219.41666666666666,3.4416666666666664,3.9916666666666667,83.75,31.0,33.0,11.0,84,5.0,4.0,84.0
2023-12-28,30.120833333333334,16.791666666666668,217.16666666666666,2.6041666666666665,2.504166666666667,76.66666666666667,28.0,30.0,11.0,77,3.0,3.0,77.0
2023-12-29,29.879166666666666,16.554166666666667,214.70833333333334,2.379166666666667,2.0375,73.875,28.0,30.0,11.0,74,3.0,3.0,74.0
2023-12-30,47.84583333333333,27.337500000000002,258.25,2.1875,2.6625,97.54166666666667,46.0,48.0,13.0,98,3.0,3.0,98.0
2023-12-31,62.666666666666664,36.229166666666664,283.5,1.9625000000000001,2.1750000000000003,102.54166666666667,60.0,63.0,14.0,104,3.0,2.0,104.0
2024-01-01,60.87142857142857,36.675,289.9047619047619,2.35,3.2875,112.70833333333333,61.0,61.0,14.0,119,4.0,3.0,119.0
2024-01-02,59.98636363636364,35.295833333333334,276.4166666666667,1.7833333333333332,1.4958333333333333,112.08333333333333,59.0,60.0,14.0,118,2.0,2.0,118.0
2024-01-03,47.1875,26.504166666666666,211.91666666666666,1.575,1.075,95.83333333333333,44.0,47.0,11.0,96,1.0,2.0,96.0
2024-01-04,42.31666666666667,23.78333333333333,188.33333333333334,1.7291666666666667,0.9958333333333332,87.45833333333333,40.0,42.0,9.0,87,1.0,2.0,87.0
2024-01-05,37.333333333333336,21.675,212.45833333333334,2.4541666666666666,2.029166666666667,91.0,36.0,37.0,11.0,91,3.0,3.0,91.0
2024-01-06,28.420833333333334,16.383333333333333,179.70833333333334,2.954166666666667,2.191666666666667,72.79166666666667,27.0,28.0,9.0,73,3.0,4.0,73.0
2024-01-07,17.283333333333335,9.637500000000001,176.04166666666666,2.2291666666666665,1.5458333333333334,67.125,16.0,17.0,9.0,67,2.0,3.0,67.0
2024-01-08,35.30833333333333,19.929166666666667,195.0,1.3416666666666668,0.6041666666666666,80.95833333333333,33.0,35.0,10.0,81,1.0,2.0,81.0
2024-01-09,56.48333333333333,32.90416666666667,252.0,1.1666666666666667,0.8375,98.25,55.0,56.0,13.0,98,1.0,1.0,98.0
2024-01-10,46.145833333333336,27.070833333333336,254.125,1.5958333333333332,1.1041666666666667,93.45833333333333,45.0,46.0,13.0,93,1.0,2.0,93.0
2024-01-11,54.395833333333336,32.358333333333334,283.125,1.8375000000000001,2.1458333333333335,99.08333333333333,54.0,54.0,14.0,99,3.0,2.0,99.0
2024-01-12,68.4,42.663636363636364,302.7826086956522,1.7708333333333333,3.1291666666666664,114.29166666666667,71.0,68.0,15.0,121,4.0,2.0,121.0
2024-01-13,,48.38,379.0,3.275,4.1875,118.5,81.0,,19.0,127,5.0,4.0,127.0
2024-01-14,,,,2.8958333333333335,4.208333333333333,120.0,,,,129,5.0,4.0,129.0
2024-01-15,65.89166666666667,39.31666666666667,342.0625,2.8208333333333333,3.7458333333333336,114.25,66.0,66.0,17.0,121,5.0,4.0,121.0
2024-01-16,34.324999999999996,19.608333333333334,232.04166666666666,2.7916666666666665,3.0666666666666664,98.45833333333333,33.0,34.0,12.0,98,4.0,3.0,98.0
2024-01-17,20.783333333333335,12.633333333333333,207.625,3.204166666666667,1.425,78.79166666666667,21.0,21.0,10.0,79,2.0,4.0,79.0
2024-01-18,23.508333333333336,13.816666666666668,188.375,2.3583333333333334,1.4041666666666668,72.58333333333333,23.0,24.0,9.0,73,2.0,3.0,73.0
2024-01-19,27.412499999999998,16.1875,190.5,2.095833333333333,1.3875,65.04166666666667,27.0,27.0,10.0,65,2.0,3.0,65.0
2024-01-20,27.504166666666666,16.075,213.08333333333334,2.3208333333333333,1.375,70.20833333333333,27.0,28.0,11.0,70,2.0,3.0,70.0
2024-01-21,21.97083333333333,12.716666666666667,188.91666666666666,1.9916666666666665,1.0333333333333334,70.91666666666667,21.0,22.0,9.0,71,1.0,2.0,71.0
2024-01-22,23.183333333333334,13.808333333333332,195.29166666666666,3.095833333333333,1.375,75.54166666666667,23.0,23.0,10.0,76,2.0,4.0,76.0
2024-01-23,37.358333333333334,22.108333333333334,230.625,1.6458333333333333,0.7708333333333334,88.33333333333333,37.0,37.0,12.0,88,1.0,2.0,88.0
2024-01-24,40.525,24.304166666666664,234.125,2.0333333333333337,0.7166666666666667,86.29166666666667,41.0,41.0,12.0,86,1.0,3.0,86.0
2024-01-25,32.75833333333333,19.595833333333335,249.5,1.8625,0.8791666666666668,81.66666666666667,33.0,33.0,12.0,82,1.0,2.0,82.0
2024-01-26,37.05833333333333,22.491666666666664,272.5833333333333,2.441666666666667,1.5583333333333333,80.95833333333333,37.0,37.0,14.0,81,2.0,3.0,81.0
2024-01-27,38.02916666666667,22.483333333333334,225.70833333333334,1.6125,0.9458333333333333,82.5,37.0,38.0,11.0,82,1.0,2.0,82.0
2024-01-28,56.52916666666667,33.63333333333333,297.5416666666667,1.4749999999999999,1.3125,103.16666666666667,56.0,57.0,15.0,105,2.0,2.0,105.0
2024-01-29,53.0,28.883333333333336,281.9583333333333,1.8208333333333335,3.454166666666667,120.0,48.0,53.0,14.0,129,4.0,2.0,129.0
2024-01-30,44.354166666666664,24.483333333333334,245.38095238095238,3.0500000000000003,4.845833333333333,97.75,41.0,44.0,12.0,98,6.0,4.0,98.0
2024-01-31,25.108333333333334,14.35,199.95833333333334,1.9416666666666667,1.5041666666666667,73.83333333333333,24.0,25.0,10.0,74,2.0,2.0,74.0
2024-02-01,16.954166666666666,9.920833333333333,212.91666666666666,1.625,0.8541666666666666,59.375,17.0,17.0,11.0,59,1.0,2.0,59.0
2024-02-02,20.591666666666665,12.108333333333333,209.0,1.7583333333333335,0.8208333333333333,57.875,20.0,21.0,10.0,58,1.0,2.0,58.0
2024-02-03,32.108333333333334,19.183333333333334,175.91666666666666,1.3708333333333333,0.9791666666666666,65.875,32.0,32.0,9.0,66,1.0,2.0,66.0
2024-02-04,21.554166666666664,12.445833333333333,164.0,1.675,1.1708333333333334,68.04166666666667,21.0,22.0,8.0,68,1.0,2.0,68.0
2024-02-05,32.9375,19.070833333333333,150.79166666666666,1.8666666666666665,1.1833333333333333,71.0,32.0,33.0,8.0,71,1.0,2.0,71.0
2024-02-06,58.27916666666667,31.96666666666667,229.66666666666666,2.65,1.3499999999999999,81.16666666666667,53.0,58.0,11.0,81,2.0,3.0,81.0
2024-02-07,48.19166666666666,23.40416666666667,248.625,3.4250000000000003,2.7416666666666667,90.25,39.0,48.0,12.0,90,3.0,4.0,90.0
2024-02-08,39.50833333333333,17.558333333333334,206.375,2.654166666666667,1.1916666666666667,74.54166666666667,29.0,40.0,10.0,75,1.0,3.0,75.0
2024-02-09,42.4375,21.425,189.625,1.5958333333333332,1.0583333333333333,72.25,36.0,42.0,9.0,72,1.0,2.0,72.0
2024-02-10,72.47916666666667,41.74166666666667,255.875,1.4625000000000001,0.9541666666666666,96.45833333333333,70.0,72.0,13.0,96,1.0,2.0,96.0
2024-02-11,54.362500000000004,28.675,217.75,1.3041666666666667,1.3166666666666667,111.29166666666667,48.0,54.0,11.0,117,2.0,2.0,117.0
2024-02-12,32.4,17.945833333333333,173.04166666666666,1.5708333333333335,1.0083333333333333,88.83333333333333,30.0,32.0,9.0,89,1.0,2.0,89.0
2024-02-13,34.516666666666666,20.141666666666666,237.16666666666666,2.5333333333333337,1.9541666666666666,88.875,34.0,35.0,12.0,89,2.0,3.0,89.0
2024-02-14,34.13333333333333,19.529166666666665,244.0,1.5708333333333335,0.8875000000000001,90.70833333333333,33.0,34.0,12.0,91,1.0,2.0,91.0
2024-02-15,41.09583333333333,23.21666666666667,215.5,1.5833333333333333,1.1791666666666667,90.95833333333333,39.0,41.0,11.0,91,1.0,2.0,91.0
2024-02-16,32.37083333333333,18.400000000000002,201.16666666666666,1.8708333333333333,1.1916666666666667,87.66666666666667,31.0,32.0,10.0,88,1.0,2.0,88.0
2024-02-17,38.025,22.337500000000002,231.45833333333334,2.8791666666666664,2.191666666666667,86.54166666666667,37.0,38.0,12.0,87,3.0,4.0,87.0
2024-02-18,37.53333333333333,21.616666666666664,219.04166666666666,1.8666666666666665,1.2041666666666666,81.0,36.0,38.0,11.0,81,2.0,2.0,81.0
2024-02-19,40.291666666666664,22.837500000000002,207.04166666666666,1.6166666666666665,0.9541666666666666,77.54166666666667,38.0,40.0,10.0,78,1.0,2.0,78.0
2024-02-20,46.99583333333334,27.816666666666666,220.5,1.3708333333333333,0.9166666666666666,85.91666666666667,46.0,47.0,11.0,86,1.0,2.0,86.0
2024-02-21,40.862500000000004,24.133333333333336,202.70833333333334,1.3708333333333333,0.725,82.54166666666667,40.0,41.0,10.0,83,1.0,2.0,83.0
2024-02-22,34.49583333333333,19.925,197.95833333333334,1.7958333333333334,2.0833333333333335,83.0,33.0,34.0,10.0,83,3.0,2.0,83.0
2024-02-23,38.25416666666667,22.416666666666668,224.875,1.8666666666666665,2.254166666666667,80.29166666666667,37.0,38.0,11.0,80,3.0,2.0,80.0
2024-02-24,35.15,20.150000000000002,172.83333333333334,0.725,0.40416666666666673,73.08333333333333,34.0,35.0,9.0,73,1.0,1.0,73.0
2024-02-25,35.69583333333333,20.066666666666666,156.75,0.9958333333333332,0.5375,67.75,33.0,36.0,8.0,68,1.0,1.0,68.0
2024-02-26,37.38333333333333,21.191666666666666,172.66666666666666,0.9041666666666667,0.5,66.375,35.0,37.0,9.0,66,1.0,1.0,66.0
2024-02-27,29.729166666666668,17.329166666666666,182.625,1.3499999999999999,0.6749999999999999,71.75,29.0,30.0,9.0,72,1.0,2.0,72.0
2024-02-28,36.083333333333336,22.0625,204.75,2.408333333333333,2.1416666666666666,75.79166666666667,37.0,36.0,10.0,76,3.0,3.0,76.0
2024-02-29,39.775,24.695833333333336,222.91666666666666,2.5083333333333333,1.8875000000000002,81.04166666666667,41.0,40.0,11.0,81,2.0,3.0,81.0
2024-03-01,43.475,27.579166666666666,208.33333333333334,2.3958333333333335,1.05,77.41666666666667,46.0,43.0,10.0,77,1.0,3.0,77.0
2024-03-02,56.48333333333333,34.69166666666667,210.58333333333334,2.0166666666666666,0.9166666666666666,82.33333333333333,58.0,56.0,11.0,82,1.0,3.0,82.0
2024-03-03,58.42916666666667,30.108333333333334,218.5,1.3375000000000001,1.5250000000000001,90.20833333333333,50.0,58.0,11.0,90,2.0,2.0,90.0
2024-03-04,45.074999999999996,24.05,191.45833333333334,1.1583333333333334,1.2083333333333333,79.91666666666667,40.0,45.0,10.0,80,2.0,1.0,80.0
2024-03-05,33.36666666666667,18.983333333333334,186.66666666666666,1.6208333333333333,1.0041666666666667,74.08333333333333,32.0,33.0,9.0,74,1.0,2.0,74.0
2024-03-06,31.8875,18.566666666666666,184.5,1.4625000000000001,0.65,66.16666666666667,31.0,32.0,9.0,66,1.0,2.0,66.0
2024-03-07,32.0125,18.633333333333333,168.08333333333334,1.3208333333333335,0.9,62.708333333333336,31.0,32.0,8.0,63,1.0,2.0,63.0
2024-03-08,44.458333333333336,26.308333333333334,178.875,1.3708333333333333,1.4291666666666665,69.25,44.0,44.0,9.0,69,2.0,2.0,69.0
2024-03-09,37.62083333333333,22.295833333333334,189.58333333333334,1.3541666666666667,1.1,71.875,37.0,38.0,9.0,72,1.0,2.0,72.0
2024-03-10,44.8125,26.337500000000002,168.375,1.2916666666666667,0.8291666666666666,74.25,44.0,45.0,8.0,74,1.0,2.0,74.0
2024-03-11,48.67916666666667,26.666666666666668,204.83333333333334,1.2,1.0541666666666667,88.625,44.0,49.0,10.0,89,1.0,1.0,89.0
2024-03-12,38.0875,19.629166666666666,173.75,1.3375000000000001,1.55,94.66666666666667,33.0,38.0,9.0,95,2.0,2.0,95.0
2024-03-13,47.65416666666667,25.579166666666666,174.08333333333334,1.5958333333333332,2.654166666666667,101.08333333333333,43.0,48.0,9.0,102,3.0,2.0,102.0
2024-03-14,38.65,19.966666666666665,177.25,1.2708333333333333,1.7291666666666667,95.25,33.0,39.0,9.0,95,2.0,2.0,95.0
2024-03-15,29.941666666666666,16.345833333333335,172.95833333333334,1.3625,2.254166666666667,83.5,27.0,30.0,9.0,84,3.0,2.0,84.0
2024-03-16,24.416666666666668,13.6,158.33333333333334,0.9041666666666667,0.4041666666666666,64.0,23.0,24.0,8.0,64,1.0,1.0,64.0
2024-03-17,16.945833333333333,9.200000000000001,126.08333333333333,0.7833333333333333,0.3625,54.166666666666664,15.0,17.0,6.0,54,0.0,1.0,54.0
2024-03-18,28.787499999999998,16.195833333333333,178.41666666666666,1.1166666666666667,0.5499999999999999,64.95833333333333,27.0,29.0,9.0,65,1.0,1.0,65.0
2024-03-19,63.800000000000004,34.82083333333333,181.625,0.9375,0.7958333333333334,69.625,58.0,64.0,9.0,70,1.0,1.0,70.0
2024-03-20,39.86666666666667,22.724999999999998,161.5,0.8250000000000001,0.4041666666666666,64.875,38.0,40.0,8.0,65,1.0,1.0,65.0
2024-03-21,32.233333333333334,18.504166666666666,173.04166666666666,1.0708333333333333,0.5416666666666666,61.666666666666664,31.0,32.0,9.0,62,1.0,1.0,62.0
2024-03-22,42.25,24.895833333333332,199.66666666666666,1.125,0.5916666666666667,64.91666666666667,41.0,42.0,10.0,65,1.0,1.0,65.0
2024-03-23,35.09583333333333,20.966666666666665,224.95833333333334,1.2,0.6083333333333333,66.875,35.0,35.0,11.0,67,1.0,1.0,67.0
2024-03-24,32.63333333333333,19.349999999999998,228.41666666666666,1.1791666666666667,0.45416666666666666,64.875,32.0,33.0,11.0,65,1.0,1.0,65.0
2024-03-25,26.3625,15.049999999999999,199.75,1.375,0.5625,63.708333333333336,25.0,26.0,10.0,64,1.0,2.0,64.0
2024-03-26,23.52916666666667,13.208333333333334,192.66666666666666,1.1916666666666667,0.4583333333333333,61.583333333333336,22.0,24.0,10.0,62,1.0,1.0,62.0
2024-03-27,27.891666666666666,16.366666666666667,193.58333333333334,1.7125000000000001,0.5958333333333333,53.583333333333336,27.0,28.0,10.0,54,1.0,2.0,54.0
2024-03-28,25.741666666666664,15.341666666666667,190.45833333333334,1.175,0.4583333333333333,54.541666666666664,26.0,26.0,10.0,55,1.0,1.0,55.0
2024-03-29,27.6875,16.129166666666666,209.875,1.1375,0.4291666666666667,57.5,27.0,28.0,10.0,58,1.0,1.0,58.0
2024-03-30,20.75,11.862499999999999,177.66666666666666,1.1583333333333334,0.4791666666666667,56.791666666666664,20.0,21.0,9.0,57,1.0,1.0,57.0
2024-03-31,19.304166666666667,11.049999999999999,161.125,0.9416666666666668,0.275,45.791666666666664,18.0,19.0,8.0,46,0.0,1.0,46.0
2024-04-01,19.287499999999998,11.145833333333334,160.95833333333334,0.9333333333333332,0.5458333333333333,45.0,19.0,19.0,8.0,45,1.0,1.0,45.0
2024-04-02,24.537499999999998,14.3125,151.41666666666666,1.2041666666666666,1.0958333333333334,43.291666666666664,24.0,25.0,8.0,43,1.0,2.0,43.0
2024-04-03,19.95416666666667,11.654166666666667,141.58333333333334,1.3958333333333333,1.3041666666666667,49.583333333333336,19.0,20.0,7.0,50,2.0,2.0,50.0
2024-04-04,13.299999999999999,7.458333333333333,127.25,1.4333333333333333,0.4875,40.583333333333336,12.0,13.0,6.0,41,1.0,2.0,41.0
2024-04-05,13.433333333333332,7.7749999999999995,151.91666666666666,2.4166666666666665,2.475,54.583333333333336,13.0,13.0,8.0,55,3.0,3.0,55.0
2024-04-06,23.96666666666667,13.266666666666666,145.29166666666666,2.5208333333333335,2.716666666666667,58.083333333333336,22.0,24.0,7.0,58,3.0,3.0,58.0
2024-04-07,27.683333333333334,16.087500000000002,157.54166666666666,2.1708333333333334,1.9708333333333332,56.5,27.0,28.0,8.0,56,2.0,3.0,56.0
2024-04-08,28.616666666666664,16.454166666666666,127.08333333333333,1.2083333333333333,0.9125,49.833333333333336,27.0,29.0,6.0,50,1.0,2.0,50.0
2024-04-09,56.85,30.925,168.875,1.0958333333333334,0.65,57.5,52.0,57.0,8.0,58,1.0,1.0,58.0
2024-04-10,57.36666666666667,31.983333333333334,188.0,1.6166666666666665,0.7625000000000001,60.75,53.0,57.0,9.0,61,1.0,2.0,61.0
2024-04-11,41.9125,24.120833333333334,191.875,1.2958333333333334,0.6541666666666667,62.458333333333336,40.0,42.0,10.0,62,1.0,2.0,62.0
2024-04-12,35.85,20.1875,182.41666666666666,0.8916666666666666,0.4875,68.125,34.0,36.0,9.0,68,1.0,1.0,68.0
2024-04-13,39.50833333333333,22.96666666666667,203.04166666666666,1.3958333333333333,0.6875,70.54166666666667,38.0,40.0,10.0,71,1.0,2.0,71.0
2024-04-14,43.69166666666666,26.008333333333336,203.20833333333334,1.7958333333333334,0.9625,72.45833333333333,43.0,44.0,10.0,72,1.0,2.0,72.0
2024-04-15,30.78333333333333,18.0125,193.125,2.091666666666667,0.85,61.458333333333336,30.0,31.0,10.0,61,1.0,3.0,61.0
2024-04-16,31.5625,18.599999999999998,186.375,1.9708333333333332,1.2875,59.5,31.0,32.0,9.0,60,2.0,2.0,60.0
2024-04-17,30.708333333333332,17.495833333333334,156.41666666666666,1.8499999999999999,1.8499999999999999,59.375,29.0,31.0,8.0,59,2.0,2.0,59.0
2024-04-18,25.804166666666664,14.395833333333334,154.66666666666666,2.9333333333333336,4.116666666666666,79.5,24.0,26.0,8.0,80,5.0,4.0,80.0
2024-04-19,26.4875,14.775,133.25,2.620833333333333,3.1999999999999997,79.04166666666667,25.0,26.0,7.0,79,4.0,3.0,79.0
2024-04-20,25.166666666666668,14.0,154.375,1.8333333333333333,2.0791666666666666,85.5,23.0,25.0,8.0,86,3.0,2.0,86.0
2024-04-21,22.712500000000002,12.254166666666668,132.875,1.5333333333333332,1.2541666666666667,74.08333333333333,20.0,23.0,7.0,74,2.0,2.0,74.0
2024-04-22,24.3875,12.620833333333332,129.20833333333334,1.6791666666666665,1.6083333333333334,69.125,21.0,24.0,6.0,69,2.0,2.0,69.0
2024-04-23,20.604166666666668,10.370833333333334,123.95833333333333,1.3291666666666666,0.6333333333333333,64.29166666666667,17.0,21.0,6.0,64,1.0,2.0,64.0
2024-04-24,16.233333333333334,8.595833333333333,131.83333333333334,2.495833333333333,2.7083333333333335,61.541666666666664,14.0,16.0,7.0,62,3.0,3.0,62.0
2024-04-25,15.516666666666666,6.949999999999999,117.75,1.6624999999999999,0.5958333333333333,50.791666666666664,12.0,16.0,6.0,51,1.0,2.0,51.0
2024-04-26,21.2375,9.329166666666667,126.125,1.6041666666666667,0.625,49.375,16.0,21.0,6.0,49,1.0,2.0,49.0
2024-04-27,17.133333333333333,8.720833333333333,138.75,1.0250000000000001,0.5166666666666667,52.875,15.0,17.0,7.0,53,1.0,1.0,53.0
2024-04-28,12.004166666666668,6.929166666666666,122.58333333333333,1.0458333333333334,0.5916666666666667,39.458333333333336,12.0,12.0,6.0,39,1.0,1.0,39.0
2024-04-29,13.229166666666666,7.520833333333333,123.75,1.1166666666666667,0.7458333333333332,35.833333333333336,13.0,13.0,6.0,36,1.0,1.0,36.0
2024-04-30,17.016666666666666,9.970833333333333,124.20833333333333,1.9124999999999999,2.0458333333333334,36.041666666666664,17.0,17.0,6.0,36,3.0,2.0,36.0
2024-05-01,15.737499999999999,8.970833333333333,152.5,3.4125,5.508333333333333,73.16666666666667,15.0,16.0,8.0,73,7.0,4.0,73.0
2024-05-02,26.7625,15.358333333333334,161.95833333333334,3.408333333333333,3.670833333333333,80.70833333333333,26.0,27.0,8.0,81,5.0,4.0,81.0
2024-05-03,32.69583333333333,18.8625,154.08333333333334,3.3166666666666664,3.5583333333333336,75.0,31.0,33.0,8.0,75,4.0,4.0,75.0
2024-05-04,25.629166666666666,14.895833333333334,158.95833333333334,3.75,3.9250000000000003,76.58333333333333,25.0,26.0,8.0,77,5.0,5.0,77.0
2024-05-05,31.175,17.758333333333333,151.45833333333334,2.8708333333333336,3.5749999999999997,87.375,30.0,31.0,8.0,87,4.0,4.0,87.0
2024-05-06,41.2875,23.97083333333333,175.75,3.3333333333333335,4.4624999999999995,100.83333333333333,40.0,41.0,9.0,101,6.0,4.0,101.0
2024-05-07,31.6875,17.650000000000002,146.66666666666666,1.8333333333333333,1.75,84.83333333333333,29.0,32.0,7.0,85,2.0,2.0,85.0
2024-05-08,18.704166666666666,10.3375,135.0,1.7375,2.1750000000000003,76.375,17.0,19.0,7.0,76,3.0,2.0,76.0
2024-05-09,16.316666666666666,8.858333333333333,110.16666666666667,1.0041666666666667,0.42083333333333334,55.375,15.0,16.0,6.0,55,1.0,1.0,55.0
2024-05-10,12.15,6.704166666666667,106.5,0.8833333333333333,0.48333333333333334,54.333333333333336,11.0,12.0,5.0,54,1.0,1.0,54.0
2024-05-11,8.820833333333333,4.875,108.16666666666667,1.1500000000000001,0.725,57.708333333333336,8.0,9.0,5.0,58,1.0,1.0,58.0
2024-05-12,10.775,5.9125000000000005,99.20833333333333,1.075,0.9291666666666667,48.208333333333336,10.0,11.0,5.0,48,1.0,1.0,48.0
2024-05-13,17.670833333333334,10.479166666666666,147.79166666666666,2.5083333333333333,3.658333333333333,64.25,17.0,18.0,7.0,64,5.0,3.0,64.0
2024-05-14,20.55,11.554166666666667,125.66666666666667,1.8041666666666665,1.8,53.833333333333336,19.0,21.0,6.0,54,2.0,2.0,54.0
2024-05-15,13.608333333333334,7.679166666666667,130.66666666666666,2.858333333333333,3.5124999999999997,48.791666666666664,13.0,14.0,7.0,49,4.0,4.0,49.0
2024-05-16,6.241666666666667,3.6041666666666665,121.16666666666667,2.25,1.0916666666666666,46.833333333333336,6.0,6.0,6.0,47,1.0,3.0,47.0
2024-05-17,8.954166666666667,5.545833333333333,162.20833333333334,4.995833333333334,4.3374999999999995,57.083333333333336,9.0,9.0,8.0,57,5.0,6.0,57.0
2024-05-18,12.5625,7.95,168.625,5.191666666666666,6.183333333333334,63.25,13.0,13.0,8.0,63,8.0,6.0,63.0
2024-05-19,19.95416666666667,12.204166666666666,194.0,3.6833333333333336,6.779166666666666,82.5,20.0,20.0,10.0,82,8.0,5.0,82.0
2024-05-20,5.9750000000000005,3.8541666666666665,183.0,5.4875,4.229166666666667,51.958333333333336,6.0,6.0,9.0,52,5.0,7.0,52.0
2024-05-21,9.049999999999999,6.158333333333334,188.66666666666666,5.7375,4.729166666666667,53.0,10.0,9.0,9.0,53,6.0,7.0,53.0
2024-05-22,9.975,6.745833333333334,198.5,6.258333333333333,5.875,63.166666666666664,11.0,10.0,10.0,63,7.0,8.0,63.0
2024-05-23,15.9,10.25,197.29166666666666,7.8999999999999995,12.70909090909091,75.45833333333333,17.0,16.0,10.0,75,16.0,10.0,75.0
2024-05-24,28.570833333333336,19.091666666666665,255.08333333333334,9.016666666666667,17.045833333333334,86.79166666666667,32.0,29.0,13.0,87,21.0,11.0,87.0
2024-05-25,53.54117647058823,36.05789473684211,364.2142857142857,9.641666666666667,12.291666666666666,101.4,60.0,54.0,18.0,102,15.0,12.0,102.0
2024-05-26,51.35833333333333,30.079166666666666,284.5,8.270833333333334,8.858333333333333,101.41666666666667,50.0,51.0,14.0,102,11.0,10.0,102.0
2024-05-27,41.55833333333333,22.729166666666668,242.16666666666666,7.45,9.262500000000001,102.79166666666667,38.0,42.0,12.0,104,12.0,9.0,104.0
2024-05-28,40.733333333333334,23.2,262.5416666666667,8.741666666666667,10.2125,99.41666666666667,39.0,41.0,13.0,99,13.0,11.0,99.0
2024-05-29,34.12083333333333,20.304166666666667,242.29166666666666,6.458333333333333,8.237499999999999,101.04347826086956,34.0,34.0,12.0,102,10.0,8.0,102.0
2024-05-30,44.98260869565217,27.804166666666664,285.7916666666667,8.1,10.191666666666666,96.63157894736842,46.0,45.0,14.0,97,13.0,10.0,97.0
2024-05-31,47.19583333333333,27.291666666666668,260.7916666666667,5.2875000000000005,6.133333333333333,111.80952380952381,45.0,47.0,13.0,117,8.0,7.0,117.0
2024-06-01,57.3125,32.80416666666667,252.29166666666666,5.4624999999999995,10.316666666666666,115.54166666666667,55.0,57.0,13.0,123,13.0,7.0,123.0
2024-06-02,58.974999999999994,33.36666666666667,256.4166666666667,5.454166666666667,12.129166666666668,111.375,56.0,59.0,13.0,117,15.0,7.0,117.0
2024-06-03,56.137499999999996,34.0875,291.5416666666667,6.0375000000000005,12.204166666666666,105.20833333333333,57.0,56.0,15.0,108,15.0,8.0,108.0
2024-06-04,38.770833333333336,23.383333333333336,244.25,7.470833333333334,11.958333333333334,98.29166666666667,39.0,39.0,12.0,98,15.0,9.0,98.0
2024-06-05,32.737500000000004,20.783333333333335,214.875,7.570833333333333,13.3125,94.125,35.0,33.0,11.0,94,17.0,9.0,94.0
2024-06-06,23.379166666666666,15.549999999999999,193.625,10.066666666666666,16.641666666666666,68.70833333333333,26.0,23.0,10.0,69,21.0,13.0,69.0
2024-06-07,20.404166666666665,13.654166666666667,196.20833333333334,9.516666666666667,15.545833333333334,71.875,23.0,20.0,10.0,72,19.0,12.0,72.0
2024-06-08,19.520833333333332,12.404166666666667,174.45833333333334,7.6625000000000005,12.708333333333334,70.95833333333333,21.0,20.0,9.0,71,16.0,10.0,71.0
2024-06-09,22.97083333333333,13.879166666666668,202.95833333333334,7.666666666666667,10.520833333333334,79.5,23.0,23.0,10.0,80,13.0,10.0,80.0
2024-06-10,26.150000000000002,14.508333333333333,196.125,7.541666666666667,9.770833333333334,76.33333333333333,24.0,26.0,10.0,76,12.0,9.0,76.0
2024-06-11,26.90833333333333,16.529166666666665,198.04166666666666,7.979166666666667,11.145833333333334,80.91666666666667,28.0,27.0,10.0,81,14.0,10.0,81.0
2024-06-12,22.979166666666668,15.091666666666667,240.95833333333334,11.319047619047618,12.791666666666666,56.166666666666664,25.0,23.0,12.0,56,16.0,14.0,56.0
2024-06-13,27.97083333333333,17.075,243.875,8.008333333333333,9.4375,88.20833333333333,28.0,28.0,12.0,88,12.0,10.0,88.0
2024-06-14,35.887499999999996,20.020833333333332,241.5,8.375,10.0625,88.29166666666667,33.0,36.0,12.0,88,13.0,10.0,88.0
2024-06-15,37.362500000000004,19.2375,234.875,8.995833333333334,9.700000000000001,82.66666666666667,32.0,37.0,12.0,83,12.0,11.0,83.0
2024-06-16,38.833333333333336,22.0625,238.54166666666666,8.108333333333333,9.679166666666665,91.16666666666667,37.0,39.0,12.0,91,12.0,10.0,91.0
2024-06-17,28.84583333333333,15.995833333333332,172.79166666666666,6.116666666666667,9.245833333333334,79.20833333333333,27.0,29.0,9.0,79,12.0,8.0,79.0
2024-06-18,27.40833333333333,17.287499999999998,230.25,8.341666666666667,11.862499999999999,88.25,29.0,27.0,12.0,88,15.0,10.0,88.0
2024-06-19,26.2625,16.079166666666666,209.83333333333334,7.983333333333333,13.308333333333332,80.58333333333333,27.0,26.0,10.0,81,17.0,10.0,81.0
2024-06-20,22.729166666666668,14.237499999999999,214.125,9.183333333333334,12.125,67.70833333333333,24.0,23.0,11.0,68,15.0,11.0,68.0
2024-06-21,35.895833333333336,17.191666666666666,238.16666666666666,9.129166666666666,10.320833333333333,81.29166666666667,29.0,36.0,12.0,81,13.0,11.0,81.0
2024-06-22,29.195833333333336,14.745833333333332,201.25,7.029166666666666,10.375,82.54166666666667,25.0,29.0,10.0,83,13.0,9.0,83.0
2024-06-23,21.891666666666666,13.916666666666666,179.79166666666666,6.895833333333333,9.5375,71.75,23.0,22.0,9.0,72,12.0,9.0,72.0
2024-06-24,17.308333333333334,10.866666666666667,170.0,7.7375,10.612499999999999,65.25,18.0,17.0,8.0,65,13.0,10.0,65.0
2024-06-25,19.537499999999998,11.941666666666668,178.0,7.4875,10.549999999999999,64.875,20.0,20.0,9.0,65,13.0,9.0,65.0
2024-06-26,10.15,6.7749999999999995,158.20833333333334,8.5875,11.091666666666667,45.916666666666664,11.0,10.0,8.0,46,14.0,11.0,46.0
2024-06-27,14.533333333333333,9.495833333333334,172.75,9.091666666666667,11.629166666666668,52.5,16.0,15.0,9.0,52,15.0,11.0,52.0
2024-06-28,20.599999999999998,11.141666666666666,153.875,6.0874999999999995,8.975,70.54166666666667,19.0,21.0,8.0,71,11.0,8.0,71.0
2024-06-29,24.383333333333336,12.241666666666667,155.16666666666666,5.579166666666667,9.054166666666667,73.75,20.0,24.0,8.0,74,11.0,7.0,74.0
2024-06-30,26.3125,13.804166666666667,163.125,7.0125,10.108333333333333,69.91666666666667,23.0,26.0,8.0,70,13.0,9.0,70.0
2024-07-01,23.929166666666664,14.25,188.83333333333334,8.291666666666666,16.170833333333334,80.70833333333333,24.0,24.0,9.0,81,20.0,10.0,81.0
2024-07-02,25.983333333333334,14.379166666666668,202.375,8.479166666666666,10.9,68.75,24.0,26.0,10.0,69,14.0,11.0,69.0
2024-07-03,31.479166666666668,16.349999999999998,211.66666666666666,8.383333333333333,11.383333333333333,80.875,27.0,31.0,11.0,81,14.0,10.0,81.0
2024-07-04,37.3375,19.095833333333335,214.41666666666666,8.191666666666666,10.275,80.79166666666667,32.0,37.0,11.0,81,13.0,10.0,81.0
2024-07-05,33.9375,16.279166666666665,184.25,7.2250000000000005,12.612499999999999,81.125,27.0,34.0,9.0,81,16.0,9.0,81.0
2024-07-06,34.0625,16.6125,208.45833333333334,10.685714285714287,17.191304347826087,53.958333333333336,28.0,34.0,10.0,54,21.0,13.0,54.0
2024-07-07,35.15833333333334,14.670833333333334,173.625,7.279166666666666,14.4375,79.375,24.0,35.0,9.0,79,18.0,9.0,79.0
2024-07-08,32.22083333333333,16.195833333333333,193.91666666666666,10.225,15.5375,66.5,27.0,32.0,10.0,66,19.0,13.0,66.0
2024-07-09,24.55,14.25,180.0,7.233333333333333,12.15,72.20833333333333,24.0,25.0,9.0,72,15.0,9.0,72.0
2024-07-10,35.395833333333336,19.091666666666665,203.16666666666666,5.533333333333334,9.054166666666667,93.5,32.0,35.0,10.0,94,11.0,7.0,94.0
2024-07-11,33.50416666666667,18.474999999999998,190.75,4.9750000000000005,5.108333333333333,78.54166666666667,31.0,34.0,10.0,79,6.0,6.0,79.0
2024-07-12,25.566666666666666,14.654166666666667,203.95833333333334,7.25,10.141666666666667,77.29166666666667,24.0,26.0,10.0,77,13.0,9.0,77.0
2024-07-13,27.34166666666667,14.841666666666667,209.79166666666666,9.475,12.487499999999999,59.625,25.0,27.0,10.0,60,16.0,12.0,60.0
2024-07-14,22.829166666666666,11.700000000000001,201.41666666666666,10.625,12.758333333333333,45.041666666666664,20.0,23.0,10.0,45,16.0,13.0,45.0
2024-07-15,12.825000000000001,7.554166666666667,165.125,8.491666666666667,11.483333333333334,45.166666666666664,13.0,13.0,8.0,45,14.0,11.0,45.0
2024-07-16,11.879166666666665,7.3374999999999995,163.70833333333334,9.225,11.283333333333333,37.375,12.0,12.0,8.0,37,14.0,12.0,37.0
2024-07-17,18.041666666666668,10.85,178.125,7.745833333333334,9.320833333333333,53.958333333333336,18.0,18.0,9.0,54,12.0,10.0,54.0
2024-07-18,11.233333333333334,7.304166666666667,174.83333333333334,8.683333333333334,9.745833333333334,42.708333333333336,12.0,11.0,9.0,43,12.0,11.0,43.0
2024-07-19,13.541666666666666,8.720833333333333,193.25,9.645833333333334,8.450000000000001,44.333333333333336,15.0,14.0,10.0,44,11.0,12.0,44.0
2024-07-20,17.879166666666666,10.116666666666665,195.83333333333334,8.316666666666666,7.395833333333333,55.416666666666664,17.0,18.0,10.0,55,9.0,10.0,55.0
2024-07-21,28.224999999999998,13.620833333333332,191.95833333333334,7.3,6.8,60.125,23.0,28.0,10.0,60,8.0,9.0,60.0
2024-07-22,24.099999999999998,12.020833333333334,192.45833333333334,7.279166666666666,7.079166666666667,55.125,20.0,24.0,10.0,55,9.0,9.0,55.0
2024-07-23,26.09583333333333,14.079166666666666,190.625,7.558333333333334,8.258333333333333,64.41666666666667,23.0,26.0,10.0,64,10.0,9.0,64.0
2024-07-24,21.97083333333333,12.254166666666668,199.375,7.4125000000000005,6.029166666666666,60.666666666666664,20.0,22.0,10.0,61,8.0,9.0,61.0
2024-07-25,18.425,10.304166666666667,176.125,8.854166666666666,11.083333333333334,49.916666666666664,17.0,18.0,9.0,50,14.0,11.0,50.0
2024-07-26,13.950000000000001,7.291666666666667,157.25,6.375,5.570833333333333,47.375,12.0,14.0,8.0,47,7.0,8.0,47.0
2024-07-27,19.770833333333332,9.0,147.45833333333334,4.6499999999999995,3.6458333333333335,51.666666666666664,15.0,20.0,7.0,52,5.0,6.0,52.0
2024-07-28,31.375,12.820833333333333,169.20833333333334,6.741666666666667,6.066666666666666,49.25,21.0,31.0,8.0,49,8.0,8.0,49.0
2024-07-29,25.5625,12.420833333333334,179.79166666666666,8.470833333333333,10.158333333333333,50.291666666666664,21.0,26.0,9.0,50,13.0,11.0,50.0
2024-07-30,16.545833333333334,9.720833333333333,202.875,8.004166666666666,7.454166666666667,56.708333333333336,16.0,17.0,10.0,57,9.0,10.0,57.0
2024-07-31,20.329166666666666,12.216666666666667,182.79166666666666,5.833333333333333,9.045833333333333,71.20833333333333,20.0,20.0,9.0,71,11.0,7.0,71.0
2024-08-01,26.650000000000002,15.8375,199.29166666666666,8.083333333333334,11.700000000000001,73.08333333333333,26.0,27.0,10.0,73,15.0,10.0,73.0
2024-08-02,31.495833333333334,19.133333333333333,223.5,8.625,9.325000000000001,70.08333333333333,32.0,31.0,11.0,70,12.0,11.0,70.0
2024-08-03,39.0625,21.458333333333332,210.45833333333334,7.795833333333333,11.7875,79.125,36.0,39.0,11.0,79,15.0,10.0,79.0
2024-08-04,39.9375,22.108333333333334,184.75,5.1000000000000005,11.079166666666666,91.83333333333333,37.0,40.0,9.0,92,14.0,6.0,92.0
2024-08-05,28.479166666666668,17.291666666666668,179.45833333333334,6.9375,14.6,83.66666666666667,29.0,28.0,9.0,84,18.0,9.0,84.0
2024-08-06,29.71666666666667,18.466666666666665,203.41666666666666,4.970833333333333,9.945833333333333,94.375,31.0,30.0,10.0,94,12.0,6.0,94.0
2024-08-07,34.295833333333334,22.59166666666667,230.79166666666666,7.020833333333333,16.854166666666668,99.25,38.0,34.0,12.0,99,21.0,9.0,99.0
2024-08-08,27.958333333333332,17.729166666666668,189.41666666666666,5.283333333333333,8.020833333333334,74.875,30.0,28.0,9.0,75,10.0,7.0,75.0
2024-08-09,29.870833333333334,18.495833333333334,219.125,5.433333333333334,7.958333333333333,87.41666666666667,31.0,30.0,11.0,87,10.0,7.0,87.0
2024-08-10,36.975,24.516666666666666,232.54166666666666,6.945833333333333,14.786956521739132,94.5,41.0,37.0,12.0,94,18.0,9.0,94.0
2024-08-11,43.71666666666667,25.316666666666666,254.08333333333334,4.420833333333333,8.895833333333334,113.625,42.0,44.0,13.0,120,11.0,6.0,120.0
2024-08-12,35.5,21.004166666666666,199.875,2.7583333333333333,7.45,103.04166666666667,35.0,36.0,10.0,104,9.0,3.0,104.0
2024-08-13,22.71666666666667,13.424999999999999,159.54166666666666,2.1999999999999997,3.6624999999999996,69.54166666666667,22.0,23.0,8.0,70,5.0,3.0,70.0
2024-08-14,17.175,10.070833333333333,141.45833333333334,2.9875000000000003,3.795833333333333,65.20833333333333,17.0,17.0,7.0,65,5.0,4.0,65.0
2024-08-15,18.679166666666667,10.720833333333333,125.20833333333333,3.6625,4.745833333333334,58.333333333333336,18.0,19.0,6.0,58,6.0,5.0,58.0
2024-08-16,20.808333333333334,11.691666666666668,132.33333333333334,2.5125,3.0666666666666664,62.125,19.0,21.0,7.0,62,4.0,3.0,62.0
2024-08-17,28.03333333333333,16.866666666666667,187.0,5.179166666666666,9.333333333333334,87.5,28.0,28.0,9.0,88,12.0,6.0,88.0
2024-08-18,26.36666666666667,16.879166666666666,210.58333333333334,5.3374999999999995,11.829166666666666,97.29166666666667,28.0,26.0,11.0,97,15.0,7.0,97.0
2024-08-19,21.983333333333334,13.6875,162.875,6.604166666666667,11.5625,66.625,23.0,22.0,8.0,67,14.0,8.0,67.0
2024-08-20,20.445833333333333,12.575000000000001,165.75,5.779166666666666,9.862499999999999,66.66666666666667,21.0,20.0,8.0,67,12.0,7.0,67.0
2024-08-21,18.175,11.387500000000001,150.875,6.158333333333334,10.116666666666667,62.916666666666664,19.0,18.0,8.0,63,13.0,8.0,63.0
2024-08-22,22.6875,14.583333333333334,170.79166666666666,6.758333333333333,10.183333333333334,67.70833333333333,24.0,23.0,9.0,68,13.0,8.0,68.0
2024-08-23,26.579166666666666,16.158333333333335,166.75,5.733333333333333,9.520833333333334,76.5,27.0,27.0,8.0,76,12.0,7.0,76.0
2024-08-24,26.15833333333333,15.895833333333334,199.41666666666666,7.495833333333334,9.833333333333334,74.375,26.0,26.0,10.0,74,12.0,9.0,74.0
2024-08-25,25.170833333333334,14.875,207.75,7.870833333333334,9.3125,66.70833333333333,25.0,25.0,10.0,67,12.0,10.0,67.0
2024-08-26,22.316666666666666,13.216666666666667,184.70833333333334,6.575,8.612499999999999,68.875,22.0,22.0,9.0,69,11.0,8.0,69.0
2024-08-27,25.483333333333334,15.729166666666666,204.04166666666666,8.116666666666667,11.116666666666667,67.54166666666667,26.0,25.0,10.0,68,14.0,10.0,68.0
2024-08-28,31.900000000000002,20.150000000000002,241.0,9.541666666666666,11.773684210526316,64.29166666666667,34.0,32.0,12.0,64,15.0,12.0,64.0
2024-08-29,18.6875,11.975,196.45833333333334,9.220833333333333,13.404166666666667,53.833333333333336,20.0,19.0,10.0,54,17.0,12.0,54.0
2024-08-30,20.825,11.545833333333334,219.04166666666666,9.558333333333334,11.895833333333334,54.041666666666664,19.0,21.0,11.0,54,15.0,12.0,54.0
2024-08-31,20.908333333333335,12.754166666666668,217.875,8.945833333333333,10.887500000000001,61.291666666666664,21.0,21.0,11.0,61,14.0,11.0,61.0
2024-09-01,22.145833333333332,14.424999999999999,208.79166666666666,7.7124999999999995,10.4625,71.41666666666667,24.0,22.0,10.0,71,13.0,10.0,71.0
2024-09-02,28.245833333333334,16.683333333333334,219.91666666666666,6.641666666666667,8.870833333333334,86.875,28.0,28.0,11.0,87,11.0,8.0,87.0
2024-09-03,28.8625,17.212500000000002,212.16666666666666,7.404166666666666,8.9125,77.83333333333333,29.0,29.0,11.0,78,11.0,9.0,78.0
2024-09-04,33.175000000000004,18.329166666666666,229.375,7.008333333333333,9.174999999999999,80.66666666666667,31.0,33.0,11.0,81,11.0,9.0,81.0
2024-09-05,33.454166666666666,17.491666666666667,234.79166666666666,6.675,6.4624999999999995,88.25,29.0,33.0,12.0,88,8.0,8.0,88.0
2024-09-06,34.50833333333333,16.941666666666666,254.66666666666666,8.866666666666667,5.283333333333333,67.91666666666667,28.0,35.0,13.0,68,7.0,11.0,68.0
2024-09-07,45.80416666666667,20.691666666666666,225.625,7.05,9.237499999999999,74.95833333333333,34.0,46.0,11.0,75,12.0,9.0,75.0
2024-09-08,30.675,16.804166666666667,226.16666666666666,8.441666666666666,11.495833333333332,73.79166666666667,28.0,31.0,11.0,74,14.0,11.0,74.0
2024-09-09,22.900000000000002,14.295833333333334,206.16666666666666,8.991666666666667,10.008333333333333,58.833333333333336,24.0,23.0,10.0,59,13.0,11.0,59.0
2024-09-10,20.825,11.9625,180.79166666666666,6.995833333333334,7.616666666666667,62.375,20.0,21.0,9.0,62,10.0,9.0,62.0
2024-09-11,20.941666666666666,12.554166666666667,181.125,7.083333333333333,9.75,66.04166666666667,21.0,21.0,9.0,66,12.0,9.0,66.0
2024-09-12,24.71666666666667,14.2125,187.04166666666666,4.854166666666667,7.616666666666667,81.66666666666667,24.0,25.0,9.0,82,10.0,6.0,82.0
2024-09-13,29.520833333333332,16.5,203.33333333333334,5.266666666666667,6.8999999999999995,84.54166666666667,28.0,30.0,10.0,85,9.0,7.0,85.0
2024-09-14,29.429166666666664,15.895833333333334,214.79166666666666,6.645833333333333,6.779166666666666,77.25,26.0,29.0,11.0,77,8.0,8.0,77.0
2024-09-15,33.13333333333333,16.141666666666666,193.875,4.145833333333333,4.725,86.29166666666667,27.0,33.0,10.0,86,6.0,5.0,86.0
2024-09-16,30.96666666666667,14.137500000000001,193.58333333333334,4.0625,4.241666666666666,84.08333333333333,24.0,31.0,10.0,84,5.0,5.0,84.0
2024-09-17,29.120833333333334,14.033333333333333,188.625,4.445833333333334,4.858333333333333,81.79166666666667,23.0,29.0,9.0,82,6.0,6.0,82.0
2024-09-18,32.074999999999996,15.9375,205.125,3.466666666666667,4.1125,94.91666666666667,27.0,32.0,10.0,95,5.0,4.0,95.0
2024-09-19,37.25,19.241666666666667,189.95833333333334,4.079166666666667,8.25,94.04166666666667,32.0,37.0,9.0,94,10.0,5.0,94.0
2024-09-20,40.78333333333333,21.412499999999998,195.20833333333334,4.975,7.983333333333333,96.0,36.0,41.0,10.0,96,10.0,6.0,96.0
2024-09-21,30.366666666666664,18.575,219.41666666666666,5.3374999999999995,7.804545454545454,101.70833333333333,31.0,30.0,11.0,103,10.0,7.0,103.0
2024-09-22,36.05833333333333,21.295833333333334,230.125,8.029166666666667,9.216666666666667,80.91666666666667,35.0,36.0,12.0,81,12.0,10.0,81.0
2024-09-23,34.175000000000004,20.941666666666666,219.83333333333334,6.020833333333333,8.616666666666665,88.125,35.0,34.0,11.0,88,11.0,8.0,88.0
2024-09-24,23.337500000000002,14.8125,200.70833333333334,6.716666666666666,11.275,78.58333333333333,25.0,23.0,10.0,79,14.0,8.0,79.0
2024-09-25,31.329166666666666,18.558333333333334,214.625,6.091666666666666,10.208333333333334,86.95833333333333,31.0,31.0,11.0,87,13.0,8.0,87.0
2024-09-26,28.400000000000002,16.504166666666666,184.58333333333334,3.2416666666666667,6.683333333333334,93.75,28.0,28.0,9.0,94,8.0,4.0,94.0
2024-09-27,22.241666666666664,12.020833333333334,140.91666666666666,2.5166666666666666,4.629166666666666,79.33333333333333,20.0,22.0,7.0,79,6.0,3.0,79.0
2024-09-28,18.120833333333334,10.137500000000001,130.58333333333334,2.779166666666667,5.479166666666667,66.29166666666667,17.0,18.0,7.0,66,7.0,3.0,66.0
2024-09-29,14.895833333333334,8.016666666666667,104.75,0.9458333333333333,0.4791666666666667,36.875,13.0,15.0,5.0,37,1.0,1.0,37.0
2024-09-30,13.858333333333334,7.583333333333333,99.375,1.1291666666666667,0.6875,41.375,13.0,14.0,5.0,41,1.0,1.0,41.0
2024-10-01,13.674999999999999,7.329166666666667,117.0,1.7666666666666666,1.5208333333333333,46.375,12.0,14.0,6.0,46,2.0,2.0,46.0
2024-10-02,13.637500000000001,7.866666666666667,141.375,6.345833333333334,9.5375,53.083333333333336,13.0,14.0,7.0,53,12.0,8.0,53.0
2024-10-03,27.766666666666666,17.70416666666667,217.83333333333334,7.083333333333333,12.5,91.91666666666667,30.0,28.0,11.0,92,16.0,9.0,92.0
2024-10-04,29.875,19.4375,232.0,5.620833333333334,13.125,113.54166666666667,32.0,30.0,12.0,120,16.0,7.0,120.0
2024-10-05,32.2875,22.075,276.8333333333333,5.854166666666667,11.458333333333334,115.54166666666667,37.0,32.0,14.0,123,14.0,7.0,123.0
2024-10-06,34.166666666666664,21.308333333333334,240.79166666666666,5.545833333333333,16.679166666666667,114.45833333333333,36.0,34.0,12.0,121,21.0,7.0,121.0
2024-10-07,26.708333333333332,15.070833333333333,177.625,2.8708333333333336,5.545833333333333,79.54166666666667,25.0,27.0,9.0,80,7.0,4.0,80.0
2024-10-08,8.979166666666666,5.158333333333333,138.375,3.0208333333333335,3.3874999999999997,51.833333333333336,9.0,9.0,7.0,52,4.0,4.0,52.0
2024-10-09,10.575000000000001,6.283333333333334,156.20833333333334,4.841666666666667,5.904166666666666,53.416666666666664,10.0,11.0,8.0,53,7.0,6.0,53.0
2024-10-10,7.829166666666667,4.5874999999999995,126.95833333333333,2.704166666666667,2.845833333333333,49.416666666666664,8.0,8.0,6.0,49,4.0,3.0,49.0
2024-10-11,10.108333333333333,5.658333333333334,132.58333333333334,1.2083333333333333,0.5666666666666667,59.833333333333336,9.0,10.0,7.0,60,1.0,2.0,60.0
2024-10-12,10.641666666666667,5.925,131.75,1.1916666666666667,0.4041666666666666,52.833333333333336,10.0,11.0,7.0,53,1.0,1.0,53.0
2024-10-13,9.316666666666666,5.3374999999999995,142.125,2.1791666666666667,1.3625,52.791666666666664,9.0,9.0,7.0,53,2.0,3.0,53.0
2024-10-14,9.879166666666666,5.9375,190.91666666666666,5.941666666666666,4.166666666666667,48.375,10.0,10.0,10.0,48,5.0,7.0,48.0
2024-10-15,11.0625,6.979166666666667,194.91666666666666,8.091666666666667,5.883333333333333,38.375,12.0,11.0,10.0,38,7.0,10.0,38.0
2024-10-16,20.400000000000002,13.870833333333332,256.3333333333333,6.645833333333333,8.329166666666667,76.70833333333333,23.0,20.0,13.0,77,10.0,8.0,77.0
2024-10-17,24.241666666666664,15.354166666666666,226.45833333333334,5.108333333333333,11.941666666666668,107.45833333333333,26.0,24.0,11.0,111,15.0,6.0,111.0
2024-10-18,17.995833333333334,10.941666666666668,172.83333333333334,4.270833333333333,6.841666666666666,86.625,18.0,18.0,9.0,87,9.0,5.0,87.0
2024-10-19,11.625,7.633333333333333,208.5,3.9,6.0874999999999995,90.16666666666667,13.0,12.0,10.0,90,8.0,5.0,90.0
2024-10-20,13.262500000000001,8.191666666666666,186.125,3.3708333333333336,4.279166666666667,89.125,14.0,13.0,9.0,89,5.0,4.0,89.0
2024-10-21,11.887500000000001,7.295833333333333,179.91666666666666,2.9166666666666665,1.9166666666666667,79.41666666666667,12.0,12.0,9.0,79,2.0,4.0,79.0
2024-10-22,14.858333333333334,9.004166666666666,186.95833333333334,4.841666666666667,3.3000000000000003,60.916666666666664,15.0,15.0,9.0,61,4.0,6.0,61.0
2024-10-23,21.90416666666667,13.620833333333332,209.875,5.129166666666666,10.004166666666666,95.20833333333333,23.0,22.0,10.0,95,13.0,6.0,95.0
2024-10-24,26.570833333333336,18.2375,241.58333333333334,7.620833333333334,12.520000000000001,96.5,30.0,27.0,12.0,96,16.0,10.0,96.0
2024-10-25,43.770833333333336,28.2625,267.625,6.333333333333333,16.641666666666666,122.16666666666667,47.0,44.0,13.0,133,21.0,8.0,133.0
2024-10-26,54.04583333333333,34.141666666666666,330.3181818181818,6.3125,14.395238095238096,121.2,57.0,54.0,17.0,131,18.0,8.0,131.0
2024-10-27,69.76666666666667,45.0695652173913,345.09090909090907,6.95,11.575000000000001,133.22222222222223,75.0,70.0,17.0,149,14.0,9.0,149.0
2024-10-28,53.46818181818182,33.612500000000004,337.88235294117646,5.295833333333333,13.1,116.7,56.0,53.0,17.0,125,16.0,7.0,125.0
2024-10-29,55.775,34.0625,282.3,4.870833333333334,12.200000000000001,113.71428571428571,57.0,56.0,14.0,120,15.0,6.0,120.0
2024-10-30,35.15833333333333,21.570833333333336,256.7142857142857,4.295833333333333,6.766666666666667,96.0,36.0,35.0,13.0,96,8.0,5.0,96.0
2024-10-31,20.625,12.362499999999999,188.20833333333334,1.8708333333333333,2.1708333333333334,81.79166666666667,21.0,21.0,9.0,82,3.0,2.0,82.0
2024-11-01,13.5625,8.433333333333334,196.16666666666666,3.0208333333333335,3.4499999999999997,71.25,14.0,14.0,10.0,71,4.0,4.0,71.0
2024-11-02,15.854166666666666,9.608333333333333,177.79166666666666,2.4625,1.7375,62.416666666666664,16.0,16.0,9.0,62,2.0,3.0,62.0
2024-11-03,17.258333333333333,10.0875,186.33333333333334,1.9541666666666666,1.45,60.333333333333336,17.0,17.0,9.0,60,2.0,2.0,60.0
2024-11-04,21.016666666666666,12.125,234.85714285714286,2.4458333333333333,1.4875,63.916666666666664,20.0,21.0,12.0,64,2.0,3.0,64.0
2024-11-05,59.780952380952385,35.108333333333334,299.4117647058824,4.641666666666667,7.4375,108.66666666666667,59.0,60.0,15.0,113,9.0,6.0,113.0
2024-11-06,25.834782608695654,16.291666666666668,291.25,5.575,6.7875000000000005,85.125,27.0,26.0,15.0,85,8.0,7.0,85.0
2024-11-07,14.808333333333332,8.216666666666667,250.20833333333334,4.420833333333333,4.691666666666666,77.375,14.0,15.0,13.0,77,6.0,6.0,77.0
2024-11-08,19.125,10.316666666666666,256.6666666666667,3.170833333333333,2.6166666666666667,72.58333333333333,17.0,19.0,13.0,73,3.0,4.0,73.0
2024-11-09,34.141666666666666,18.95,273.5,3.9,4.158333333333333,80.79166666666667,32.0,34.0,14.0,81,5.0,5.0,81.0
2024-11-10,41.512499999999996,22.7625,263.6842105263158,3.775,5.2124999999999995,101.625,38.0,42.0,13.0,102,7.0,5.0,102.0
2024-11-11,42.362500000000004,23.491666666666664,281.6818181818182,4.483333333333333,8.316666666666666,114.625,39.0,42.0,14.0,122,10.0,6.0,122.0
2024-11-12,9.829166666666667,6.358333333333333,155.16666666666666,3.279166666666667,3.016666666666667,67.04166666666667,11.0,10.0,8.0,67,4.0,4.0,67.0
2024-11-13,5.304166666666666,3.654166666666667,158.375,2.5416666666666665,0.47500000000000003,55.083333333333336,6.0,5.0,8.0,55,1.0,3.0,55.0
2024-11-14,7.158333333333334,5.120833333333334,208.625,2.5833333333333335,1.1416666666666666,66.66666666666667,9.0,7.0,10.0,67,1.0,3.0,67.0
2024-11-15,8.4625,5.929166666666667,216.5,2.220833333333333,0.6458333333333334,66.375,10.0,8.0,11.0,66,1.0,3.0,66.0
2024-11-16,10.5875,8.554166666666667,214.5,2.1625,0.6833333333333332,73.25,14.0,11.0,11.0,73,1.0,3.0,73.0
2024-11-17,47.0,41.22857142857143,327.42857142857144,2.091666666666667,2.6416666666666666,120.41666666666667,69.0,47.0,16.0,130,3.0,3.0,130.0
2024-11-18,42.5875,37.229166666666664,323.2352941176471,2.0083333333333333,2.279166666666667,118.08333333333333,62.0,43.0,16.0,127,3.0,3.0,127.0
2024-11-19,38.47083333333333,33.53333333333333,320.6666666666667,2.9,3.275,110.54166666666667,56.0,38.0,16.0,116,4.0,4.0,116.0
2024-11-20,39.36666666666667,34.68333333333333,327.7142857142857,2.841666666666667,3.9250000000000003,124.04166666666667,58.0,39.0,16.0,135,5.0,4.0,135.0
2024-11-21,42.487500000000004,38.80833333333333,351.77777777777777,2.920833333333333,4.870833333333333,126.625,65.0,42.0,18.0,139,6.0,4.0,139.0
2024-11-22,37.1,33.887499999999996,336.6666666666667,4.908333333333333,5.6125,113.375,56.0,37.0,17.0,120,7.0,6.0,120.0
2024-11-23,23.754166666666666,20.270833333333332,307.9047619047619,3.4,2.7291666666666665,98.375,34.0,24.0,15.0,98,3.0,4.0,98.0
2024-11-24,32.2125,28.545833333333334,324.0,3.8666666666666667,4.183333333333333,109.95833333333333,48.0,32.0,16.0,115,5.0,5.0,115.0
2024-11-25,38.425000000000004,35.358333333333334,364.2,4.516666666666667,5.95,127.125,59.0,38.0,18.0,140,7.0,6.0,140.0
2024-11-26,19.366666666666667,16.675,295.4583333333333,4.191666666666666,2.5791666666666666,88.41666666666667,28.0,19.0,15.0,88,3.0,5.0,88.0
2024-11-27,47.24166666666667,42.237500000000004,354.42857142857144,4.7875000000000005,6.070833333333333,127.75,70.0,47.0,18.0,141,8.0,6.0,141.0
2024-11-28,55.73333333333333,37.46,354.6363636363636,5.695833333333333,13.195833333333333,141.25,62.0,56.0,18.0,161,16.0,7.0,161.0
2024-11-29,21.40833333333333,20.9875,287.84615384615387,6.345833333333334,6.8500000000000005,97.45833333333333,35.0,21.0,14.0,97,9.0,8.0,97.0
2024-11-30,11.625,10.262500000000001,242.83333333333334,4.5375000000000005,3.7916666666666665,77.125,17.0,12.0,12.0,77,5.0,6.0,77.0
2024-12-01,12.866666666666667,11.779166666666667,277.25,6.720833333333334,6.1125,83.875,20.0,13.0,14.0,84,8.0,8.0,84.0
2024-12-02,23.579166666666666,19.858333333333334,261.2916666666667,3.079166666666667,2.841666666666667,109.95833333333333,33.0,24.0,13.0,115,4.0,4.0,115.0
2024-12-03,26.400000000000002,20.716666666666665,220.29166666666666,1.8375000000000001,1.2583333333333333,96.20833333333333,35.0,26.0,11.0,96,2.0,2.0,96.0
2024-12-04,14.470833333333333,11.208333333333334,224.75,2.033333333333333,0.5708333333333333,70.41666666666667,19.0,14.0,11.0,70,1.0,3.0,70.0
2024-12-05,8.554166666666667,6.545833333333333,233.70833333333334,3.2416666666666667,1.1375,57.5,11.0,9.0,12.0,58,1.0,4.0,58.0
2024-12-06,10.454166666666667,7.833333333333333,246.13636363636363,2.75,0.9458333333333333,65.45833333333333,13.0,10.0,12.0,65,1.0,3.0,65.0
2024-12-07,18.191666666666666,13.466666666666667,250.1818181818182,2.8041666666666667,0.9041666666666667,74.75,22.0,18.0,13.0,75,1.0,4.0,75.0
2024-12-08,32.104166666666664,27.604166666666668,292.7142857142857,3.033333333333333,1.8625,90.04166666666667,46.0,32.0,15.0,90,2.0,4.0,90.0
2024-12-09,42.045833333333334,38.5,313.47058823529414,2.725,2.65,106.625,64.0,42.0,16.0,110,3.0,3.0,110.0
2024-12-10,34.854166666666664,31.8125,337.38461538461536,4.5,5.345833333333334,108.79166666666667,53.0,35.0,17.0,113,7.0,6.0,113.0
2024-12-11,16.541666666666668,14.179166666666667,263.2083333333333,4.158333333333333,2.5416666666666665,88.29166666666667,24.0,17.0,13.0,88,3.0,5.0,88.0
2024-12-12,24.2,20.379166666666666,235.04166666666666,1.5999999999999999,0.5416666666666666,94.75,34.0,24.0,12.0,95,1.0,2.0,95.0
2024-12-13,40.275,34.8125,313.7916666666667,2.3916666666666666,1.7541666666666667,112.0,58.0,40.0,16.0,118,2.0,3.0,118.0
2024-12-14,37.762499999999996,32.09166666666667,295.7083333333333,2.5625,2.5166666666666666,123.75,53.0,38.0,15.0,135,3.0,3.0,135.0
2024-12-15,39.93333333333333,34.50833333333333,295.3125,3.4458333333333333,3.858333333333333,124.625,58.0,40.0,15.0,136,5.0,4.0,136.0
2024-12-16,34.2125,30.429166666666664,320.95,5.245833333333334,6.170833333333333,113.16666666666667,51.0,34.0,16.0,119,8.0,7.0,119.0
2024-12-17,27.329166666666666,25.920833333333334,367.7647058823529,7.55,8.458333333333334,105.0,43.0,27.0,18.0,107,11.0,9.0,107.0
2024-12-18,11.841666666666667,11.6875,326.3181818181818,7.566666666666666,5.6499999999999995,80.5,19.0,12.0,16.0,80,7.0,9.0,80.0
2024-12-19,8.941666666666666,8.158333333333333,309.375,8.85,6.858333333333333,67.29166666666667,14.0,9.0,15.0,67,9.0,11.0,67.0
2024-12-20,14.862499999999999,14.174999999999999,281.2916666666667,7.1375,6.3999999999999995,86.58333333333333,24.0,15.0,14.0,87,8.0,9.0,87.0
2024-12-21,18.204166666666666,17.087500000000002,348.14285714285717,7.479166666666667,11.954166666666666,104.33333333333333,28.0,18.0,17.0,106,15.0,9.0,106.0
2024-12-22,15.383333333333333,12.487499999999999,300.0,6.5125,7.595833333333334,92.91666666666667,21.0,15.0,15.0,93,9.0,8.0,93.0
2024-12-23,18.754166666666666,16.125,306.625,7.391666666666667,8.783333333333333,102.54166666666667,27.0,19.0,15.0,104,11.0,9.0,104.0
2024-12-24,11.133333333333333,10.725,318.5833333333333,7.595833333333334,6.945833333333333,85.625,18.0,11.0,16.0,86,9.0,9.0,86.0
2024-12-25,9.320833333333333,9.079166666666667,301.3333333333333,6.4375,5.008333333333334,84.95833333333333,15.0,9.0,15.0,85,6.0,8.0,85.0
2024-12-26,9.025,6.591666666666666,224.79166666666666,2.1875,1.2583333333333333,78.41666666666667,11.0,9.0,11.0,78,2.0,3.0,78.0
2024-12-27,19.95,14.995833333333332,221.58333333333334,1.6500000000000001,0.5541666666666667,96.83333333333333,25.0,20.0,11.0,97,1.0,2.0,97.0
2024-12-28,26.308333333333334,20.479166666666668,244.35,2.504166666666667,1.0916666666666666,99.95833333333333,34.0,26.0,12.0,100,1.0,3.0,100.0
2024-12-29,27.0,22.558333333333334,302.3333333333333,3.8958333333333335,3.2083333333333335,98.29166666666667,38.0,27.0,15.0,98,4.0,5.0,98.0
2024-12-30,30.479166666666668,25.579166666666666,287.0833333333333,3.0500000000000003,2.533333333333333,103.25,43.0,30.0,14.0,105,3.0,4.0,105.0
2024-12-31,34.88333333333333,29.954166666666666,356.2142857142857,3.0,3.766666666666667,110.0,50.0,35.0,18.0,115,5.0,4.0,115.0
2025-01-01,38.275,33.775,316.61538461538464,2.716666666666667,3.266666666666667,111.5,56.0,38.0,16.0,117,4.0,3.0,117.0
2025-01-02,42.475,38.80833333333333,302.09090909090907,2.191666666666667,3.775,126.0,65.0,42.0,15.0,138,5.0,3.0,138.0
2025-01-03,44.4375,39.512499999999996,312.9230769230769,3.4125,5.2625,125.58333333333333,66.0,44.0,16.0,138,7.0,4.0,138.0
2025-01-04,36.87083333333333,28.650000000000002,284.3157894736842,3.975,3.0124999999999997,111.0,48.0,37.0,14.0,116,4.0,5.0,116.0
2025-01-05,30.070833333333336,23.104166666666668,264.05263157894734,3.3833333333333333,1.4875,100.16666666666667,39.0,30.0,13.0,100,2.0,4.0,100.0
2025-01-06,34.175000000000004,30.537499999999998,249.25,5.770833333333333,3.8833333333333333,102.5,51.0,34.0,12.0,104,5.0,7.0,104.0
2025-01-07,31.5625,28.2625,282.5217391304348,4.7749999999999995,4.033333333333333,104.08333333333333,47.0,32.0,14.0,106,5.0,6.0,106.0
2025-01-08,35.0625,32.59583333333333,331.84615384615387,3.3791666666666664,4.7124999999999995,125.58333333333333,54.0,35.0,17.0,138,6.0,4.0,138.0
2025-01-09,38.6625,35.175000000000004,306.1818181818182,3.8333333333333335,4.770833333333333,123.33333333333333,59.0,39.0,15.0,134,6.0,5.0,134.0
2025-01-10,39.9625,34.4,291.6,3.5041666666666664,2.5166666666666666,112.54166666666667,57.0,40.0,15.0,118,3.0,4.0,118.0
2025-01-11,28.866666666666664,22.895833333333332,290.6666666666667,2.6916666666666664,2.0541666666666667,106.54166666666667,38.0,29.0,15.0,110,3.0,3.0,110.0
2025-01-12,21.820833333333336,17.150000000000002,253.625,4.25,2.8666666666666667,94.29166666666667,29.0,22.0,13.0,94,4.0,5.0,94.0
2025-01-13,18.616666666666667,13.554166666666667,268.7083333333333,2.029166666666667,0.9208333333333334,104.95833333333333,23.0,19.0,13.0,107,1.0,3.0,107.0
2025-01-14,19.6375,14.254166666666668,273.375,2.2166666666666663,1.1041666666666667,107.54166666666667,24.0,20.0,14.0,111,1.0,3.0,111.0
2025-01-15,24.9875,19.675,257.125,1.4749999999999999,1.0,112.875,33.0,25.0,13.0,119,1.0,2.0,119.0
2025-01-16,51.770833333333336,41.10625,328.1304347826087,1.5291666666666668,2.0208333333333335,125.75,69.0,52.0,16.0,138,3.0,2.0,138.0
2025-01-17,51.2125,44.67368421052631,334.3157894736842,2.0791666666666666,2.1416666666666666,125.625,74.0,51.0,17.0,138,3.0,3.0,138.0
2025-01-18,30.541666666666668,25.920833333333334,248.33333333333334,4.3500000000000005,3.204166666666667,94.79166666666667,43.0,31.0,12.0,95,4.0,5.0,95.0
2025-01-19,26.0625,21.766666666666666,284.8888888888889,3.016666666666667,2.0791666666666666,100.16666666666667,36.0,26.0,14.0,100,3.0,4.0,100.0
2025-01-20,38.06666666666667,33.84166666666667,314.2857142857143,3.6791666666666667,4.908333333333333,124.58333333333333,56.0,38.0,16.0,136,6.0,5.0,136.0
2025-01-21,35.50833333333333,31.075,288.9230769230769,3.15,3.466666666666667,121.83333333333333,52.0,36.0,14.0,132,4.0,4.0,132.0
2025-01-22,32.87083333333333,28.337500000000002,240.0,3.1875,2.3666666666666667,107.95833333333333,47.0,33.0,12.0,112,3.0,4.0,112.0
2025-01-23,21.34166666666667,16.4875,203.9090909090909,2.6875,0.7916666666666666,90.91666666666667,27.0,21.0,10.0,91,1.0,3.0,91.0
2025-01-24,25.25,20.295833333333334,241.125,3.1,0.9125,92.125,34.0,25.0,12.0,92,1.0,4.0,92.0
2025-01-25,31.945833333333336,26.879166666666666,260.0,2.8625000000000003,1.6166666666666665,98.5,45.0,32.0,13.0,98,2.0,4.0,98.0
2025-01-26,31.433333333333334,26.995833333333334,262.09090909090907,4.279166666666667,2.8625000000000003,99.16666666666667,45.0,31.0,13.0,99,4.0,5.0,99.0
2025-01-27,43.4625,40.670833333333334,301.4375,4.125,3.5833333333333335,116.20833333333333,68.0,43.0,15.0,124,4.0,5.0,124.0
2025-01-28,51.270833333333336,46.63529411764706,313.27777777777777,2.4,2.6375,124.75,78.0,51.0,16.0,136,3.0,3.0,136.0
2025-01-29,40.579166666666666,37.487500000000004,294.30434782608694,4.0625,2.720833333333333,110.54166666666667,62.0,41.0,15.0,116,3.0,5.0,116.0
2025-01-30,32.1,27.995833333333334,254.875,4.258333333333334,3.6458333333333335,91.83333333333333,47.0,32.0,13.0,92,5.0,5.0,92.0
2025-01-31,15.266666666666666,11.775,233.54166666666666,1.5833333333333333,0.32083333333333336,72.33333333333333,20.0,15.0,12.0,72,0.0,2.0,72.0
