date,pm10 (μg/m³),pm2_5 (μg/m³),carbon_monoxide (μg/m³),nitrogen_dioxide (μg/m³),sulphur_dioxide (μg/m³),ozone (μg/m³),pm2_5 (μg/m³)_subindex,pm10 (μg/m³)_subindex,carbon_monoxide (μg/m³)_subindex,ozone (μg/m³)_subindex,sulphur_dioxide (μg/m³)_subindex,nitrogen_dioxide (μg/m³)_subindex,AQI
2022-09-01,26.925,18.479166666666668,227.41666666666666,6.409090909090909,3.0666666666666664,73.70833333333333,31.0,27,11,74,4,8,74.0
2022-09-02,26.03333333333333,18.220833333333335,257.125,3.6666666666666665,4.120833333333334,62.083333333333336,30.0,26,13,62,5,5,62.0
2022-09-03,32.13333333333333,22.320833333333336,262.875,4.266666666666667,9.975,89.79166666666667,37.0,32,13,90,12,5,90.0
2022-09-04,15.6,10.154166666666667,171.75,3.4458333333333333,1.5083333333333335,56.333333333333336,17.0,16,9,56,2,4,56.0
2022-09-05,15.520833333333334,9.995833333333334,149.41666666666666,5.075,0.9500000000000001,34.625,17.0,16,7,35,1,6,35.0
2022-09-06,26.308333333333334,16.708333333333332,203.375,4.37,4.491666666666666,51.833333333333336,28.0,26,10,52,6,5,52.0
2022-09-07,34.391666666666666,22.820833333333336,215.70833333333334,4.358333333333333,4.170833333333333,74.16666666666667,38.0,34,11,74,5,5,74.0
2022-09-08,37.50416666666667,26.008333333333336,211.33333333333334,4.341666666666667,2.75,75.91666666666667,43.0,38,11,76,3,5,76.0
2022-09-09,25.133333333333336,17.570833333333333,231.16666666666666,4.145833333333333,1.8375000000000001,72.29166666666667,29.0,25,12,72,2,5,72.0
2022-09-10,22.929166666666664,15.9375,242.45833333333334,5.333333333333333,2.4583333333333335,74.75,27.0,23,12,75,3,7,75.0
2022-09-11,20.008333333333333,13.941666666666668,290.8333333333333,4.083333333333333,5.241666666666666,97.04166666666667,23.0,20,15,97,7,5,97.0
2022-09-12,17.658333333333335,12.316666666666668,326.4166666666667,4.6625000000000005,5.8374999999999995,98.875,21.0,18,16,99,7,6,99.0
2022-09-13,8.741666666666667,6.104166666666667,275.75,9.534782608695652,5.8999999999999995,70.70833333333333,10.0,9,14,71,7,12,71.0
2022-09-14,7.083333333333333,4.908333333333333,191.0,6.42,4.608333333333333,54.375,8.0,7,10,54,6,8,54.0
2022-09-15,9.475,6.5,171.45833333333334,7.270833333333333,2.529166666666667,49.333333333333336,11.0,9,9,49,3,9,49.0
2022-09-16,7.558333333333334,5.1625,170.04166666666666,5.1454545454545455,1.8375000000000001,50.583333333333336,9.0,8,9,51,2,6,51.0
2022-09-17,13.141666666666666,8.883333333333333,184.08333333333334,6.545,4.2749999999999995,52.791666666666664,15.0,13,9,53,5,8,53.0
2022-09-18,16.308333333333334,10.366666666666667,168.5,5.125,1.7750000000000001,51.375,17.0,16,8,51,2,6,51.0
2022-09-19,20.233333333333334,12.379166666666668,147.95833333333334,3.1750000000000003,1.0166666666666666,56.333333333333336,21.0,20,7,56,1,4,56.0
2022-09-20,21.925,13.620833333333332,149.625,3.7916666666666665,0.7999999999999999,52.708333333333336,23.0,22,7,53,1,5,53.0
2022-09-21,21.554166666666664,13.029166666666667,148.91666666666666,2.8541666666666665,0.9083333333333333,55.708333333333336,22.0,22,7,56,1,4,56.0
2022-09-22,21.504166666666666,13.308333333333332,156.58333333333334,4.331818181818182,2.9375,50.25,22.0,22,8,50,4,5,50.0
2022-09-23,20.3125,12.604166666666666,197.16666666666666,5.338461538461539,6.870833333333334,41.083333333333336,21.0,20,10,41,9,7,41.0
2022-09-24,16.029166666666665,10.704166666666666,166.20833333333334,6.761904761904762,5.1375,46.791666666666664,18.0,16,8,47,6,8,47.0
2022-09-25,20.633333333333333,13.866666666666667,202.54166666666666,4.906666666666666,3.7541666666666664,44.541666666666664,23.0,21,10,45,5,6,45.0
2022-09-26,23.583333333333332,15.641666666666666,204.25,5.916666666666667,3.6166666666666667,49.291666666666664,26.0,24,10,49,5,7,49.0
2022-09-27,19.108333333333334,13.029166666666667,164.25,5.120833333333333,0.8708333333333332,47.708333333333336,22.0,19,8,48,1,6,48.0
2022-09-28,27.412499999999998,18.616666666666667,199.04166666666666,5.020833333333333,2.3125,64.79166666666667,31.0,27,10,65,3,6,65.0
2022-09-29,46.40833333333333,31.84166666666667,298.4166666666667,4.082352941176471,4.533333333333333,80.25,53.0,46,15,80,6,5,80.0
2022-09-30,54.47083333333333,37.02916666666667,294.6666666666667,4.741666666666666,13.950000000000001,106.875,62.0,54,15,110,17,6,110.0
2022-10-01,40.737500000000004,27.037499999999998,219.79166666666666,4.020833333333333,8.533333333333333,98.91666666666667,45.0,41,11,99,11,5,99.0
2022-10-02,25.675,16.970833333333335,165.08333333333334,4.241666666666666,2.279166666666667,64.375,28.0,26,8,64,3,5,64.0
2022-10-03,32.795833333333334,21.433333333333334,195.08333333333334,4.9,8.525,67.95833333333333,36.0,33,10,68,11,6,68.0
2022-10-04,40.44583333333333,26.587500000000002,222.20833333333334,4.75,12.9375,90.08333333333333,44.0,40,11,90,16,6,90.0
2022-10-05,34.854166666666664,22.8875,217.0,6.094736842105263,18.194444444444443,85.70833333333333,38.0,35,11,86,23,8,86.0
2022-10-06,27.6875,18.529166666666665,221.91666666666666,5.279166666666667,11.282608695652174,95.41666666666667,31.0,28,11,95,14,7,95.0
2022-10-07,14.404166666666667,10.079166666666667,298.4583333333333,8.5375,4.8625,75.75,17.0,14,15,76,6,11,76.0
2022-10-08,17.704166666666666,11.916666666666666,206.75,6.75,6.254166666666666,75.875,20.0,18,10,76,8,8,76.0
2022-10-09,25.104166666666668,17.1125,246.54166666666666,6.757894736842106,5.104166666666667,69.79166666666667,29.0,25,12,70,6,8,70.0
2022-10-10,27.329166666666666,18.529166666666665,234.58333333333334,4.2625,2.2916666666666665,79.70833333333333,31.0,27,12,80,3,5,80.0
2022-10-11,41.3125,28.02916666666667,295.3333333333333,5.380952380952381,6.366666666666667,83.25,47.0,41,15,83,8,7,83.0
2022-10-12,43.737500000000004,30.125,281.7083333333333,4.116666666666666,6.608333333333333,97.79166666666667,50.0,44,14,98,8,5,98.0
2022-10-13,31.825,22.066666666666666,252.33333333333334,3.704166666666667,5.670833333333333,104.20833333333333,37.0,32,13,106,7,5,106.0
2022-10-14,24.0625,16.724999999999998,223.0,2.9291666666666667,6.675,103.95833333333333,28.0,24,11,106,8,4,106.0
2022-10-15,25.170833333333334,17.462500000000002,214.25,3.3375,5.0874999999999995,102.54166666666667,29.0,25,11,104,6,4,104.0
2022-10-16,33.30416666666667,23.195833333333336,240.66666666666666,3.1166666666666667,9.700000000000001,103.58333333333333,39.0,33,12,105,12,4,105.0
2022-10-17,20.233333333333334,14.15,189.41666666666666,3.654166666666667,2.6999999999999997,65.45833333333333,24.0,20,9,65,3,5,65.0
2022-10-18,27.295833333333334,19.108333333333334,269.0,6.294444444444444,4.533333333333333,71.0,32.0,27,13,71,6,8,71.0
2022-10-19,29.425,20.579166666666666,313.125,4.49375,3.9166666666666665,79.95833333333333,34.0,29,16,80,5,6,80.0
2022-10-20,25.849999999999998,18.083333333333332,210.91666666666666,4.416666666666667,2.1416666666666666,73.29166666666667,30.0,26,11,73,3,6,73.0
2022-10-21,25.72083333333333,18.0,196.125,2.4125,2.3291666666666666,88.33333333333333,30.0,26,10,88,3,3,88.0
2022-10-22,39.05833333333333,27.245833333333334,238.54166666666666,3.3791666666666664,11.258333333333333,108.20833333333333,45.0,39,12,112,14,4,112.0
2022-10-23,41.166666666666664,28.270833333333332,252.75,4.9375,9.112499999999999,98.25,47.0,41,13,98,11,6,98.0
2022-10-24,54.125,37.06666666666667,339.3333333333333,6.661111111111111,14.566666666666666,99.66666666666667,62.0,54,17,100,18,8,100.0
2022-10-25,57.78333333333333,39.229166666666664,355.375,7.300000000000001,14.875,113.70833333333333,65.0,58,18,120,19,9,120.0
2022-10-26,52.94166666666666,36.15416666666667,364.125,6.88,10.770833333333334,102.33333333333333,60.0,53,18,103,13,9,103.0
2022-10-27,51.824999999999996,35.204166666666666,358.375,7.419047619047619,8.791666666666666,100.125,59.0,52,18,100,11,9,100.0
2022-10-28,45.375,30.425,299.4166666666667,5.891666666666667,7.9125000000000005,101.625,51.0,45,15,102,10,7,102.0
2022-10-29,44.9625,30.75,282.9583333333333,5.9409090909090905,7.7375,98.45833333333333,51.0,45,14,98,10,7,98.0
2022-10-30,49.17916666666667,33.59166666666667,280.2916666666667,6.066666666666666,8.612499999999999,97.79166666666667,56.0,49,14,98,11,8,98.0
2022-10-31,58.987500000000004,40.520833333333336,303.3333333333333,4.958333333333333,7.316666666666666,104.83333333333333,68.0,59,15,107,9,6,107.0
2022-11-01,56.24166666666667,39.079166666666666,306.625,3.9916666666666667,8.799999999999999,112.79166666666667,65.0,56,15,119,11,5,119.0
2022-11-02,46.30833333333334,31.833333333333332,277.625,4.483333333333333,7.0874999999999995,108.70833333333333,53.0,46,14,113,9,6,113.0
2022-11-03,45.73333333333333,31.150000000000002,267.3333333333333,4.308333333333334,5.5874999999999995,107.16666666666667,52.0,46,13,111,7,5,111.0
2022-11-04,49.604166666666664,33.74166666666667,268.2083333333333,5.0,8.720833333333333,105.33333333333333,56.0,50,13,108,11,6,108.0
2022-11-05,51.145833333333336,35.016666666666666,290.5833333333333,6.336842105263158,7.4125000000000005,99.0,58.0,51,15,99,9,8,99.0
2022-11-06,55.987500000000004,38.0875,343.6666666666667,5.300000000000001,8.575000000000001,87.33333333333333,63.0,56,17,87,11,7,87.0
2022-11-07,68.72916666666667,46.84166666666667,340.875,3.475,12.652380952380952,85.04166666666667,78.0,69,17,85,16,4,85.0
2022-11-08,68.28750000000001,46.925000000000004,369.04545454545456,5.205,18.183333333333334,120.5,78.0,68,18,130,23,7,130.0
2022-11-09,60.19583333333333,41.5625,284.625,4.908695652173913,9.970833333333333,109.16666666666667,69.0,60,14,113,12,6,113.0
2022-11-10,57.99166666666667,40.1,267.875,3.6625,8.270833333333334,112.25,67.0,58,13,118,10,5,118.0
2022-11-11,62.916666666666664,43.675000000000004,292.9583333333333,3.7875,6.570833333333333,109.79166666666667,73.0,63,15,114,8,5,114.0
2022-11-12,64.325,44.69166666666666,291.7916666666667,3.1625,7.770833333333333,112.20833333333333,74.0,64,15,118,10,4,118.0
2022-11-13,72.58333333333333,50.37083333333334,302.625,4.308333333333334,10.137500000000001,105.16666666666667,84.0,73,15,108,13,5,108.0
2022-11-14,76.6125,53.5375,368.375,6.531578947368421,13.875,99.875,89.0,77,18,100,17,8,100.0
2022-11-15,70.71249999999999,49.45416666666667,352.0833333333333,6.236363636363635,12.76086956521739,100.25,82.0,71,18,100,16,8,100.0
2022-11-16,65.83333333333333,45.74166666666667,288.9583333333333,4.791666666666667,8.6,109.875,76.0,66,14,115,11,6,115.0
2022-11-17,48.60833333333333,33.291666666666664,246.91666666666666,3.2291666666666665,5.125,106.125,55.0,49,12,109,6,4,109.0
2022-11-18,35.487500000000004,24.47083333333333,201.16666666666666,3.1125000000000003,6.7,109.20833333333333,41.0,35,10,114,8,4,114.0
2022-11-19,37.333333333333336,26.041666666666668,193.875,3.345833333333333,9.520833333333334,107.83333333333333,43.0,37,10,112,12,4,112.0
2022-11-20,44.46666666666667,30.954166666666666,234.91666666666666,2.9416666666666664,7.983333333333333,113.41666666666667,52.0,44,12,120,10,4,120.0
2022-11-21,54.725,37.7125,278.8333333333333,3.2375000000000003,8.870833333333334,117.375,63.0,55,14,126,11,4,126.0
2022-11-22,56.9375,39.1,275.5,3.3000000000000003,8.466666666666667,111.29166666666667,65.0,57,14,117,11,4,117.0
2022-11-23,53.18333333333334,36.52916666666667,263.4583333333333,4.523809523809524,9.383333333333333,105.58333333333333,61.0,53,13,108,12,6,108.0
2022-11-24,57.13333333333333,39.4625,273.7083333333333,5.345833333333334,12.625,108.66666666666667,66.0,57,14,113,16,7,113.0
2022-11-25,79.60416666666667,55.15833333333333,338.125,4.885714285714285,15.504166666666668,116.54166666666667,92.0,80,17,124,19,6,124.0
2022-11-26,75.2625,52.1875,307.4166666666667,4.216666666666667,16.123809523809523,118.16666666666667,87.0,75,15,127,20,5,127.0
2022-11-27,61.025,42.199999999999996,306.2916666666667,5.59,15.13529411764706,99.91666666666667,70.0,61,15,100,19,7,100.0
2022-11-28,53.32083333333333,37.012499999999996,317.2916666666667,5.26,16.4625,94.125,62.0,53,16,94,21,7,94.0
2022-11-29,57.00833333333333,39.63333333333333,290.7083333333333,3.785,15.810526315789472,106.5,66.0,57,15,110,20,5,110.0
2022-11-30,63.5625,44.1875,287.875,4.995833333333334,14.15,111.45833333333333,74.0,64,14,117,18,6,117.0
2022-12-01,61.49166666666667,42.71666666666667,327.9166666666667,5.86,12.637500000000001,111.375,71.0,61,16,117,16,7,117.0
2022-12-02,71.46666666666667,49.6,350.2916666666667,6.0260869565217385,15.405555555555557,113.0,83.0,71,18,119,19,8,119.0
2022-12-03,87.57083333333333,60.74166666666667,345.2916666666667,4.0249999999999995,14.65,120.91666666666667,102.0,88,17,131,18,5,131.0
2022-12-04,98.675,68.32499999999999,392.2916666666667,5.327272727272727,18.21764705882353,111.66666666666667,128.0,99,20,117,23,7,128.0
2022-12-05,98.375,68.0,367.6666666666667,4.004166666666666,17.3625,112.70833333333333,127.0,98,18,119,22,5,127.0
2022-12-06,96.325,66.575,390.5833333333333,4.295,19.716666666666665,107.875,122.0,96,20,112,25,5,122.0
2022-12-07,101.13333333333334,69.17142857142856,363.4583333333333,3.4250000000000003,16.9375,115.33333333333333,131.0,101,18,123,21,4,131.0
2022-12-08,59.65263157894737,41.55789473684211,286.6666666666667,3.85,12.950000000000001,106.79166666666667,69.0,60,14,110,16,5,110.0
2022-12-09,36.88333333333333,25.525000000000002,236.83333333333334,5.134782608695652,15.683333333333332,96.66666666666667,43.0,37,12,97,20,6,97.0
2022-12-10,41.079166666666666,28.412499999999998,285.5833333333333,4.068421052631579,16.152380952380952,99.04166666666667,47.0,41,14,99,20,5,99.0
2022-12-11,45.324999999999996,31.266666666666666,311.04545454545456,4.44375,16.4,87.70833333333333,52.0,45,16,88,20,6,88.0
2022-12-12,42.68333333333334,28.933333333333334,289.0833333333333,3.85,9.1625,83.25,48.0,43,14,83,11,5,83.0
2022-12-13,14.216666666666667,9.7375,153.70833333333334,1.3416666666666668,2.4041666666666663,54.958333333333336,16.0,14,8,55,3,2,55.0
2022-12-14,1.2208333333333334,0.8666666666666667,59.958333333333336,0.0,0.6749999999999999,28.541666666666668,1.0,1,3,29,1,0,29.0
2022-12-15,1.6125,1.125,63.0,0.0,0.23333333333333336,35.0,2.0,2,3,35,0,0,35.0
2022-12-16,37.4625,25.525000000000002,262.0833333333333,6.395833333333333,5.716666666666666,74.45833333333333,43.0,37,13,74,7,8,74.0
2022-12-17,43.0875,29.579166666666666,251.125,4.7,9.545833333333333,84.0,49.0,43,13,84,12,6,84.0
2022-12-18,39.025,27.1375,248.625,4.8125,11.408333333333333,93.375,45.0,39,12,93,14,6,93.0
2022-12-19,34.84166666666667,24.28333333333333,241.75,5.170833333333333,10.583333333333334,91.83333333333333,40.0,35,12,92,13,6,92.0
2022-12-20,35.3375,24.679166666666664,245.29166666666666,5.808333333333334,12.954166666666666,89.45833333333333,41.0,35,12,89,16,7,89.0
2022-12-21,54.14166666666667,37.733333333333334,331.25,6.561111111111111,16.027272727272727,95.41666666666667,63.0,54,17,95,20,8,95.0
2022-12-22,70.79166666666667,49.1875,379.1578947368421,6.2700000000000005,16.655555555555555,90.91666666666667,82.0,71,19,91,21,8,91.0
2022-12-23,62.94583333333333,43.67083333333333,401.8636363636364,6.341666666666668,22.975,97.375,73.0,63,20,97,29,8,97.0
2022-12-24,46.854166666666664,32.46666666666667,317.0416666666667,7.133333333333334,12.97142857142857,94.70833333333333,54.0,47,16,95,16,9,95.0
2022-12-25,49.074999999999996,34.09583333333333,376.7916666666667,7.086666666666667,16.34705882352941,90.04166666666667,57.0,49,19,90,20,9,90.0
2022-12-26,63.46666666666667,44.06666666666666,394.1111111111111,7.633333333333334,18.8375,94.29166666666667,73.0,63,20,94,24,10,94.0
2022-12-27,59.487500000000004,41.137499999999996,411.7083333333333,7.211764705882353,18.54705882352941,93.5,69.0,59,21,94,23,9,94.0
2022-12-28,51.04583333333334,35.4,354.1666666666667,6.405263157894737,10.608333333333333,90.16666666666667,59.0,51,18,90,13,8,90.0
2022-12-29,54.025,37.5625,368.1666666666667,6.65,13.764285714285714,94.5,63.0,54,18,94,17,8,94.0
2022-12-30,51.8375,35.80416666666667,342.3333333333333,6.0095238095238095,20.3,108.66666666666667,60.0,52,17,113,25,8,113.0
2022-12-31,47.354166666666664,31.566666666666666,284.125,4.763636363636364,15.165000000000001,95.16666666666667,53.0,47,14,95,19,6,95.0
2023-01-01,42.050000000000004,28.3875,252.375,4.075,9.791666666666666,94.5,47.0,42,13,94,12,5,94.0
2023-01-02,44.37916666666666,30.587500000000002,291.8333333333333,4.504166666666666,10.9375,102.95833333333333,51.0,44,15,104,14,6,104.0
2023-01-03,50.37916666666666,35.012499999999996,310.25,5.258333333333334,15.245833333333332,105.08333333333333,58.0,50,16,107,19,7,107.0
2023-01-04,87.19473684210527,60.89473684210526,440.0416666666667,3.1208333333333336,20.785714285714285,112.625,103.0,87,22,119,26,4,119.0
2023-01-05,93.89999999999999,64.73333333333333,462.30434782608694,5.086956521739131,17.43846153846154,97.625,116.0,94,23,98,22,6,116.0
2023-01-06,85.725,58.6625,457.7,4.783333333333333,15.526315789473685,94.45833333333333,98.0,86,23,94,19,6,98.0
2023-01-07,90.2909090909091,62.9,434.0,3.6125000000000003,16.095833333333335,105.5,110.0,90,22,108,20,5,110.0
2023-01-08,43.824999999999996,30.5,249.125,3.0583333333333336,9.5375,94.375,51.0,44,12,94,12,4,94.0
2023-01-09,32.63333333333333,22.8,213.625,3.733333333333333,12.512500000000001,86.54166666666667,38.0,33,11,87,16,5,87.0
2023-01-10,37.354166666666664,26.025000000000002,231.875,3.7291666666666665,13.095833333333333,89.0,43.0,37,12,89,16,5,89.0
2023-01-11,57.0625,39.625,322.4166666666667,6.0058823529411764,15.9,93.0,66.0,57,16,93,20,8,93.0
2023-01-12,54.69166666666666,36.5625,337.9583333333333,6.219047619047619,13.125,94.375,61.0,55,17,94,16,8,94.0
2023-01-13,40.06666666666667,24.554166666666664,252.45833333333334,5.89,8.414285714285715,80.16666666666667,41.0,40,13,80,11,7,80.0
2023-01-14,46.00833333333333,31.208333333333332,334.4583333333333,7.2631578947368425,18.3125,94.70833333333333,52.0,46,17,95,23,9,95.0
2023-01-15,54.791666666666664,38.00833333333333,377.375,6.16,13.158823529411764,95.79166666666667,63.0,55,19,96,16,8,96.0
2023-01-16,70.39166666666667,48.862500000000004,419.6111111111111,8.305882352941175,16.72,99.75,81.0,70,21,100,21,10,100.0
2023-01-17,60.72083333333333,42.27916666666667,433.75,6.1722222222222225,16.85625,103.5,70.0,61,22,105,21,8,105.0
2023-01-18,68.7,47.916666666666664,399.8888888888889,4.9875,17.446666666666665,101.79166666666667,80.0,69,20,103,22,6,103.0
2023-01-19,69.78750000000001,48.637499999999996,431.6842105263158,7.229166666666667,22.433333333333334,128.75,81.0,70,22,142,28,9,142.0
2023-01-20,62.15833333333333,43.125,393.7916666666667,7.086363636363637,14.347619047619048,113.79166666666667,72.0,62,20,120,18,9,120.0
2023-01-21,74.86363636363636,51.099999999999994,377.0769230769231,7.5,24.733333333333334,101.04166666666667,85.0,75,19,102,31,9,102.0
2023-01-22,64.27000000000001,43.864999999999995,385.8095238095238,6.535294117647059,20.957142857142856,105.54166666666667,73.0,64,19,108,26,8,108.0
2023-01-23,76.90416666666667,53.025,432.6,6.694117647058824,23.05,109.95833333333333,88.0,77,22,115,29,8,115.0
2023-01-24,94.18571428571428,64.68571428571428,466.26666666666665,6.815789473684211,24.2,113.33333333333333,116.0,94,23,120,30,9,120.0
2023-01-25,100.17,69.16666666666667,515.5,5.6499999999999995,19.188235294117646,124.25,131.0,100,26,136,24,7,136.0
2023-01-26,92.14444444444445,63.4388888888889,434.1666666666667,4.816666666666666,12.6,114.25,111.0,92,22,121,16,6,121.0
2023-01-27,68.95833333333333,46.9,283.1666666666667,3.420833333333333,13.950000000000001,103.125,78.0,69,14,105,17,4,105.0
2023-01-28,66.87083333333334,45.762499999999996,349.125,3.9285714285714284,14.957142857142857,108.33333333333333,76.0,67,17,112,19,5,112.0
2023-01-29,77.32083333333334,51.90416666666667,430.4166666666667,4.005263157894737,11.210526315789474,119.125,87.0,77,22,128,14,5,128.0
2023-01-30,76.63333333333334,51.354166666666664,354.5416666666667,3.783333333333333,11.8125,110.16666666666667,86.0,77,18,115,15,5,115.0
2023-01-31,83.53750000000001,56.92916666666667,331.5416666666667,2.9291666666666667,10.012500000000001,110.79166666666667,95.0,84,17,116,13,4,116.0
2023-02-01,66.54583333333333,45.47083333333333,308.875,2.8333333333333335,10.766666666666666,108.5,76.0,67,15,112,13,4,112.0
2023-02-02,46.19166666666666,31.787499999999998,251.5,4.045833333333333,11.320833333333333,100.08333333333333,53.0,46,13,100,14,5,100.0
2023-02-03,42.775,29.566666666666666,277.7916666666667,4.54,11.417391304347827,96.66666666666667,49.0,43,14,97,14,6,97.0
2023-02-04,42.52916666666667,29.479166666666668,269.375,5.181818181818182,10.125,104.625,49.0,43,13,107,13,6,107.0
2023-02-05,55.46666666666667,38.59166666666667,346.7916666666667,6.088235294117647,13.692307692307692,103.45833333333333,64.0,55,17,105,17,8,105.0
2023-02-06,57.86666666666667,39.887499999999996,345.9583333333333,7.527272727272727,22.391666666666666,118.125,66.0,58,17,127,28,9,127.0
2023-02-07,36.525,21.829166666666666,233.91666666666666,5.6761904761904765,11.141666666666666,90.16666666666667,36.0,37,12,90,14,7,90.0
2023-02-08,30.041666666666668,20.183333333333334,241.29166666666666,5.533333333333334,4.479166666666667,94.79166666666667,34.0,30,12,95,6,7,95.0
2023-02-09,48.28333333333333,33.43333333333333,314.6666666666667,5.93125,9.307142857142859,91.25,56.0,48,16,91,12,7,91.0
2023-02-10,56.62083333333334,38.6875,345.375,6.594117647058824,13.211111111111112,97.66666666666667,64.0,57,17,98,17,8,98.0
2023-02-11,44.30416666666667,29.46666666666667,270.6666666666667,6.394444444444444,15.894117647058822,89.45833333333333,49.0,44,14,89,20,8,89.0
2023-02-12,25.8125,17.070833333333333,201.95833333333334,3.6166666666666667,5.6625000000000005,96.91666666666667,28.0,26,10,97,7,5,97.0
2023-02-13,32.8125,22.558333333333334,218.41666666666666,3.779166666666667,8.304166666666667,108.16666666666667,38.0,33,11,112,10,5,112.0
2023-02-14,28.579166666666666,19.89166666666667,232.95833333333334,3.8125,9.0625,104.5,33.0,29,12,107,11,5,107.0
2023-02-15,21.425,14.520833333333334,229.33333333333334,4.258333333333334,5.154166666666667,105.66666666666667,24.0,21,11,108,6,5,108.0
2023-02-16,22.2,14.754166666666668,236.91666666666666,5.266666666666667,3.4250000000000003,101.625,25.0,22,12,102,4,7,102.0
2023-02-17,22.412499999999998,15.245833333333332,238.95833333333334,4.808333333333334,3.3249999999999997,105.125,25.0,22,12,108,4,6,108.0
2023-02-18,23.599999999999998,16.270833333333332,246.04166666666666,4.841666666666667,5.4375,108.33333333333333,27.0,24,12,112,7,6,112.0
2023-02-19,31.045833333333334,21.375,271.0833333333333,5.654166666666666,5.575,103.79166666666667,36.0,31,14,106,7,7,106.0
2023-02-20,49.85,34.666666666666664,322.125,6.472727272727273,9.907142857142857,116.91666666666667,58.0,50,16,125,12,8,125.0
2023-02-21,46.69583333333333,32.479166666666664,300.0416666666667,6.033333333333334,16.991304347826087,123.70833333333333,54.0,47,15,135,21,8,135.0
2023-02-22,42.625,29.325,291.1666666666667,6.457894736842105,13.123809523809525,107.0,49.0,43,15,110,16,8,110.0
2023-02-23,41.62083333333333,28.666666666666668,292.1666666666667,6.211764705882352,14.805555555555555,96.625,48.0,42,15,97,19,8,97.0
2023-02-24,49.37916666666666,34.18333333333333,333.0833333333333,5.617647058823529,9.084615384615384,104.66666666666667,57.0,49,17,107,11,7,107.0
2023-02-25,60.5,42.1,369.8636363636364,5.81764705882353,13.01,114.66666666666667,70.0,60,18,122,16,7,122.0
2023-02-26,39.35,27.2625,290.5,5.957142857142857,14.799999999999999,110.91666666666667,45.0,39,15,116,18,7,116.0
2023-02-27,41.55833333333333,28.77916666666667,300.6666666666667,5.55,9.528571428571428,100.66666666666667,48.0,42,15,101,12,7,101.0
2023-02-28,44.25,30.650000000000002,298.4166666666667,5.3826086956521735,15.555000000000001,122.83333333333333,51.0,44,15,134,19,7,134.0
2023-03-01,51.4625,35.604166666666664,341.0833333333333,5.622222222222223,9.376923076923076,118.16666666666667,59.0,51,17,127,12,7,127.0
2023-03-02,60.291666666666664,41.949999999999996,398.8333333333333,5.25625,13.552380952380954,114.33333333333333,70.0,60,20,121,17,7,121.0
2023-03-03,61.31666666666666,42.62083333333333,366.5,5.3578947368421055,7.1875,104.58333333333333,71.0,61,18,107,9,7,107.0
2023-03-04,73.09166666666667,50.78333333333333,360.5,4.929166666666666,6.3125,121.375,85.0,73,18,131,8,6,131.0
2023-03-05,84.44166666666666,58.612500000000004,360.75,3.6333333333333333,6.995833333333334,132.0,98.0,84,18,147,9,5,147.0
2023-03-06,75.37916666666666,52.237500000000004,335.6666666666667,4.183333333333334,6.4375,131.0,87.0,75,17,146,8,5,146.0
2023-03-07,54.50833333333333,37.62083333333333,324.5833333333333,4.655555555555555,8.120833333333334,100.41666666666667,63.0,55,16,101,10,6,101.0
2023-03-08,42.041666666666664,28.929166666666664,329.75,5.0,8.9,94.79166666666667,48.0,42,16,95,11,6,95.0
2023-03-09,28.145833333333332,19.358333333333334,258.7916666666667,5.6499999999999995,5.2,99.54166666666667,32.0,28,13,100,7,7,100.0
2023-03-10,28.0125,19.341666666666665,261.9166666666667,3.9909090909090907,4.25,103.20833333333333,32.0,28,13,105,5,5,105.0
2023-03-11,38.92916666666667,26.983333333333334,267.6666666666667,3.8347826086956522,8.959090909090909,109.625,45.0,39,13,114,11,5,114.0
2023-03-12,39.800000000000004,27.641666666666666,263.375,2.9458333333333333,5.4875,108.375,46.0,40,13,112,7,4,112.0
2023-03-13,58.012499999999996,40.300000000000004,298.2083333333333,4.239130434782608,5.991666666666667,119.08333333333333,67.0,58,15,128,7,5,128.0
2023-03-14,61.93333333333334,42.85833333333333,372.625,4.366666666666666,4.125,112.0,71.0,62,19,118,5,5,118.0
2023-03-15,66.41250000000001,45.824999999999996,342.22727272727275,4.0,12.1,123.08333333333333,76.0,66,17,134,15,5,134.0
2023-03-16,67.55,46.199999999999996,366.5,5.527777777777778,5.316666666666666,112.58333333333333,77.0,68,18,119,7,7,119.0
2023-03-17,85.35833333333333,58.475,433.4,4.972727272727273,10.65,102.95833333333333,97.0,85,22,104,13,6,104.0
2023-03-18,58.84166666666667,40.06666666666667,378.7916666666667,5.252941176470588,5.1000000000000005,96.79166666666667,67.0,59,19,97,6,7,97.0
2023-03-19,37.75,22.9875,236.33333333333334,3.8899999999999997,6.875,87.54166666666667,38.0,38,12,88,9,5,88.0
2023-03-20,28.508333333333336,15.433333333333332,179.375,3.266666666666667,2.3041666666666667,85.16666666666667,26.0,29,9,85,3,4,85.0
2023-03-21,28.3125,15.204166666666666,199.875,5.7250000000000005,2.283333333333333,67.54166666666667,25.0,28,10,68,3,7,68.0
2023-03-22,22.59166666666667,12.145833333333334,167.95833333333334,3.6291666666666664,1.0291666666666666,62.166666666666664,20.0,23,8,62,1,5,62.0
2023-03-23,20.295833333333334,11.708333333333334,167.83333333333334,4.079166666666667,0.9333333333333332,54.166666666666664,20.0,20,8,54,1,5,54.0
2023-03-24,24.816666666666666,11.816666666666668,159.91666666666666,3.358333333333333,0.7958333333333334,61.041666666666664,20.0,25,8,61,1,4,61.0
2023-03-25,39.90833333333334,22.425,233.375,5.1875,9.987499999999999,113.25,37.0,40,12,119,12,6,119.0
2023-03-26,45.050000000000004,25.516666666666666,239.45833333333334,4.241666666666666,10.174999999999999,117.54166666666667,43.0,45,12,126,13,5,126.0
2023-03-27,39.983333333333334,23.90833333333333,230.58333333333334,4.379166666666666,5.991666666666667,111.54166666666667,40.0,40,12,117,7,5,117.0
2023-03-28,39.708333333333336,24.741666666666664,228.29166666666666,2.7583333333333333,5.1375,115.5,41.0,40,11,123,6,3,123.0
2023-03-29,40.266666666666666,25.429166666666664,220.125,3.0041666666666664,5.395833333333333,104.41666666666667,42.0,40,11,106,7,4,106.0
2023-03-30,29.170833333333334,16.983333333333334,165.33333333333334,1.9458333333333335,1.325,81.125,28.0,29,8,81,2,2,81.0
2023-03-31,26.125,12.525,144.70833333333334,2.670833333333333,1.0833333333333333,80.95833333333333,21.0,26,7,81,1,3,81.0
2023-04-01,25.620833333333334,14.370833333333332,179.58333333333334,3.9875000000000003,2.316666666666667,80.58333333333333,24.0,26,9,81,3,5,81.0
2023-04-02,29.3625,18.2,201.95833333333334,4.108333333333333,6.9375,96.91666666666667,30.0,29,10,97,9,5,97.0
2023-04-03,28.316666666666666,17.783333333333335,190.04166666666666,3.9291666666666667,1.9791666666666667,86.91666666666667,30.0,28,10,87,2,5,87.0
2023-04-04,41.30416666666667,22.616666666666664,227.125,5.1952380952380945,6.075,95.875,38.0,41,11,96,8,6,96.0
2023-04-05,48.31666666666666,24.608333333333334,229.79166666666666,5.145833333333333,10.5,97.0,41.0,48,11,97,13,6,97.0
2023-04-06,43.887499999999996,24.0125,234.875,4.122222222222223,9.561904761904762,85.83333333333333,40.0,44,12,86,12,5,86.0
2023-04-07,49.125,29.866666666666664,278.8333333333333,6.9941176470588236,12.104166666666666,93.33333333333333,50.0,49,14,93,15,9,93.0
2023-04-08,56.10833333333333,36.35,252.33333333333334,6.2625,4.416666666666667,97.29166666666667,61.0,56,13,97,6,8,97.0
2023-04-09,57.3375,37.733333333333334,298.2916666666667,4.8933333333333335,12.50952380952381,98.0,63.0,57,15,98,16,6,98.0
2023-04-10,58.987500000000004,38.449999999999996,341.8333333333333,4.706666666666666,17.74736842105263,117.125,64.0,59,17,125,22,6,125.0
2023-04-11,55.487500000000004,37.020833333333336,352.1818181818182,3.778571428571429,14.885714285714286,113.45833333333333,62.0,55,18,120,19,5,120.0
2023-04-12,44.3375,30.045833333333334,294.5416666666667,5.278947368421052,16.35238095238095,116.16666666666667,50.0,44,15,124,20,7,124.0
2023-04-13,43.25,29.420833333333334,243.79166666666666,4.941666666666666,12.226315789473684,113.70833333333333,49.0,43,12,120,15,6,120.0
2023-04-14,48.0625,31.895833333333332,255.70833333333334,5.729166666666667,16.95294117647059,115.33333333333333,53.0,48,13,123,21,7,123.0
2023-04-15,40.44583333333333,27.083333333333332,223.58333333333334,5.295833333333333,6.9799999999999995,98.41666666666667,45.0,40,11,98,9,7,98.0
2023-04-16,29.058333333333334,18.945833333333333,225.0,4.6684210526315795,4.195833333333334,97.125,32.0,29,11,97,5,6,97.0
2023-04-17,39.449999999999996,25.2,253.66666666666666,4.61578947368421,4.5600000000000005,104.91666666666667,42.0,39,13,107,6,6,107.0
2023-04-18,40.891666666666666,26.458333333333332,265.1666666666667,4.681818181818182,12.53125,115.20833333333333,44.0,41,13,122,16,6,122.0
2023-04-19,45.449999999999996,30.208333333333332,298.25,5.780952380952381,13.795833333333334,123.83333333333333,50.0,45,15,135,17,7,135.0
2023-04-20,35.725,22.287499999999998,223.41666666666666,5.095833333333333,8.983333333333333,100.58333333333333,37.0,36,11,101,11,6,101.0
2023-04-21,26.429166666666664,14.762500000000001,177.875,3.8958333333333335,2.3291666666666666,83.95833333333333,25.0,26,9,84,3,5,84.0
2023-04-22,21.545833333333334,11.9625,167.16666666666666,3.3333333333333335,2.4,76.20833333333333,20.0,22,8,76,3,4,76.0
2023-04-23,27.2625,15.720833333333333,177.83333333333334,3.0208333333333335,5.175,98.58333333333333,26.0,27,9,99,6,4,99.0
2023-04-24,29.34583333333333,18.579166666666666,211.25,3.4250000000000003,7.717647058823529,118.16666666666667,31.0,29,11,127,10,4,127.0
2023-04-25,35.90416666666667,23.770833333333332,248.16666666666666,3.875,13.921052631578947,131.54166666666666,40.0,36,12,146,17,5,146.0
2023-04-26,35.36666666666667,21.9875,218.08333333333334,3.2583333333333333,8.865,114.125,37.0,35,11,121,11,4,121.0
2023-04-27,36.61666666666667,21.325,193.91666666666666,2.783333333333333,6.158333333333334,91.875,36.0,37,10,92,8,3,92.0
2023-04-28,29.583333333333332,18.441666666666666,184.58333333333334,3.0416666666666665,5.979166666666667,86.375,31.0,30,9,86,7,4,86.0
2023-04-29,21.166666666666668,12.391666666666666,162.66666666666666,2.733333333333333,1.7750000000000001,67.91666666666667,21.0,21,8,68,2,3,68.0
2023-04-30,17.974999999999998,9.983333333333333,139.41666666666666,2.3833333333333333,1.5125,57.541666666666664,17.0,18,7,58,2,3,58.0
2023-05-01,20.408333333333335,10.316666666666666,148.625,2.8333333333333335,1.3833333333333335,69.08333333333333,17.0,20,7,69,2,4,69.0
2023-05-02,20.041666666666668,11.125,162.70833333333334,3.2083333333333335,1.9041666666666668,68.70833333333333,19.0,20,8,69,2,4,69.0
2023-05-03,20.383333333333333,12.295833333333334,167.5,3.0416666666666665,1.2,71.45833333333333,20.0,20,8,71,1,4,71.0
2023-05-04,34.516666666666666,21.724999999999998,188.58333333333334,4.65,2.0749999999999997,81.33333333333333,36.0,35,9,81,3,6,81.0
2023-05-05,38.324999999999996,24.724999999999998,191.79166666666666,3.972727272727273,3.6625,87.58333333333333,41.0,38,10,88,5,5,88.0
2023-05-06,35.94166666666667,23.354166666666668,213.04166666666666,2.7529411764705882,2.9499999999999997,79.16666666666667,39.0,36,11,79,4,3,79.0
2023-05-07,33.75,21.858333333333334,185.79166666666666,4.258333333333334,3.233333333333333,82.95833333333333,36.0,34,9,83,4,5,83.0
2023-05-08,31.558333333333334,20.462500000000002,203.625,4.958333333333333,5.479166666666667,86.95833333333333,34.0,32,10,87,7,6,87.0
2023-05-09,36.52916666666667,23.829166666666666,228.54166666666666,5.466666666666666,12.7,102.16666666666667,40.0,37,11,103,16,7,103.0
2023-05-10,40.7125,26.704166666666666,251.29166666666666,5.0625,14.985,126.79166666666667,45.0,41,13,139,19,6,139.0
2023-05-11,36.479166666666664,24.337500000000002,248.625,4.483333333333333,13.74736842105263,128.20833333333334,41.0,36,12,141,17,6,141.0
2023-05-12,36.2375,23.883333333333336,243.75,4.316666666666666,9.870833333333334,119.58333333333333,40.0,36,12,129,12,5,129.0
2023-05-13,21.587500000000002,14.158333333333333,207.04166666666666,5.325,6.883333333333333,95.625,24.0,22,10,96,9,7,96.0
2023-05-14,17.008333333333333,10.345833333333333,180.79166666666666,4.13,5.758333333333333,72.75,17.0,17,9,73,7,5,73.0
2023-05-15,24.916666666666668,13.383333333333333,150.79166666666666,2.6625,1.6500000000000001,67.04166666666667,22.0,25,8,67,2,3,67.0
2023-05-16,20.54583333333333,10.933333333333332,134.0,1.7833333333333332,1.05,67.0,18.0,21,7,67,1,2,67.0
2023-05-17,24.34583333333333,11.9125,138.5,2.0458333333333334,0.8458333333333333,70.54166666666667,20.0,24,7,71,1,3,71.0
2023-05-18,24.925,12.5875,156.79166666666666,3.1999999999999997,1.1208333333333333,73.29166666666667,21.0,25,8,73,1,4,73.0
2023-05-19,23.666666666666668,10.75,151.5,2.8666666666666667,1.6791666666666665,77.91666666666667,18.0,24,8,78,2,4,78.0
2023-05-20,24.108333333333334,10.7875,146.08333333333334,2.9333333333333336,1.3875,69.5,18.0,24,7,70,2,4,70.0
2023-05-21,22.84583333333333,11.020833333333334,137.16666666666666,2.495833333333333,0.9708333333333333,65.54166666666667,18.0,23,7,66,1,3,66.0
2023-05-22,19.466666666666665,9.795833333333333,142.58333333333334,2.7875,1.1125,69.25,16.0,19,7,69,1,3,69.0
2023-05-23,18.933333333333334,9.170833333333333,133.08333333333334,2.1666666666666665,0.8250000000000001,70.33333333333333,15.0,19,7,70,1,3,70.0
2023-05-24,20.195833333333333,9.258333333333333,126.625,2.0208333333333335,1.4041666666666668,61.291666666666664,15.0,20,6,61,2,3,61.0
2023-05-25,15.541666666666666,8.970833333333333,135.25,2.6791666666666667,1.8833333333333335,63.708333333333336,15.0,16,7,64,2,3,64.0
2023-05-26,18.458333333333332,10.799999999999999,139.58333333333334,1.9333333333333333,1.3,62.791666666666664,18.0,18,7,63,2,2,63.0
2023-05-27,24.1875,11.5625,134.625,2.058333333333333,1.4583333333333333,62.583333333333336,19.0,24,7,63,2,3,63.0
2023-05-28,20.416666666666668,10.054166666666667,117.45833333333333,1.7,0.875,58.666666666666664,17.0,20,6,59,1,2,59.0
2023-05-29,28.5625,14.525,157.29166666666666,3.4958333333333336,5.583333333333333,77.25,24.0,29,8,77,7,4,77.0
2023-05-30,43.175000000000004,22.679166666666664,192.41666666666666,4.295833333333333,11.454166666666666,100.125,38.0,43,10,100,14,5,100.0
2023-05-31,37.15833333333333,19.166666666666668,174.95833333333334,3.6333333333333333,6.320833333333333,90.125,32.0,37,9,90,8,5,90.0
2023-06-01,23.454166666666666,11.520833333333334,140.29166666666666,2.470833333333333,2.8249999999999997,77.70833333333333,19.0,23,7,78,4,3,78.0
2023-06-02,13.4125,7.379166666666666,115.0,1.3916666666666666,0.875,55.291666666666664,12.0,13,6,55,1,2,55.0
2023-06-03,16.075,7.6000000000000005,109.91666666666667,1.7,1.1208333333333333,49.333333333333336,13.0,16,5,49,1,2,49.0
2023-06-04,18.6375,9.3125,122.625,2.3125,1.1583333333333334,58.083333333333336,16.0,19,6,58,1,3,58.0
2023-06-05,23.604166666666668,11.441666666666668,122.16666666666667,2.533333333333333,1.7874999999999999,58.5,19.0,24,6,58,2,3,58.0
2023-06-06,28.6375,12.950000000000001,131.875,3.2291666666666665,2.1458333333333335,60.458333333333336,22.0,29,7,60,3,4,60.0
2023-06-07,27.254166666666666,12.970833333333333,152.41666666666666,5.1499999999999995,5.108333333333333,64.125,22.0,27,8,64,6,6,64.0
2023-06-08,24.104166666666668,11.958333333333334,140.875,4.054166666666666,4.229166666666667,60.708333333333336,20.0,24,7,61,5,5,61.0
2023-06-09,16.616666666666667,10.404166666666667,158.0,5.66,11.233333333333334,69.16666666666667,17.0,17,8,69,14,7,69.0
2023-06-10,15.629166666666668,9.820833333333333,136.0,5.4904761904761905,9.637500000000001,65.45833333333333,16.0,16,7,65,12,7,65.0
2023-06-11,22.958333333333332,13.625,151.625,4.81875,11.504166666666668,63.458333333333336,23.0,23,8,63,14,6,63.0
2023-06-12,20.575,11.191666666666668,110.33333333333333,3.9958333333333336,7.795833333333333,59.625,19.0,21,6,60,10,5,60.0
2023-06-13,19.283333333333335,10.404166666666667,109.70833333333333,5.008333333333334,7.566666666666666,54.166666666666664,17.0,19,5,54,9,6,54.0
2023-06-14,18.712500000000002,9.904166666666667,110.70833333333333,5.1521739130434785,8.012500000000001,51.708333333333336,17.0,19,6,52,10,6,52.0
2023-06-15,20.675,10.433333333333334,115.58333333333333,5.0,7.791666666666667,50.0,17.0,21,6,50,10,6,50.0
2023-06-16,21.5,11.091666666666667,117.875,5.4875,5.879166666666666,46.916666666666664,18.0,22,6,47,7,7,47.0
2023-06-17,29.9375,13.941666666666668,118.375,4.429166666666666,3.891666666666667,47.666666666666664,23.0,30,6,48,5,6,48.0
2023-06-18,34.75833333333333,15.366666666666667,119.375,3.639130434782609,2.783333333333333,45.208333333333336,26.0,35,6,45,3,5,45.0
2023-06-19,31.162499999999998,15.1625,130.75,4.821739130434783,3.0666666666666664,44.958333333333336,25.0,31,7,45,4,6,45.0
2023-06-20,33.50416666666667,14.5625,124.70833333333333,4.625,2.8249999999999997,46.25,24.0,34,6,46,4,6,46.0
2023-06-21,31.8125,12.983333333333334,119.625,3.6166666666666667,2.65,51.541666666666664,22.0,32,6,52,3,5,52.0
2023-06-22,28.166666666666668,12.920833333333334,128.625,4.995652173913044,4.375,46.541666666666664,22.0,28,6,47,5,6,47.0
2023-06-23,19.466666666666665,10.066666666666666,129.45833333333334,4.754166666666666,5.470833333333334,51.791666666666664,17.0,19,6,52,7,6,52.0
2023-06-24,13.004166666666668,7.891666666666667,146.08333333333334,6.033333333333333,6.445833333333333,46.541666666666664,13.0,13,7,47,8,8,47.0
2023-06-25,7.379166666666666,4.891666666666667,150.95833333333334,6.457894736842105,4.483333333333333,46.375,8.0,7,8,46,6,8,46.0
2023-06-26,6.795833333333333,4.641666666666667,146.75,7.622727272727272,3.154166666666667,44.208333333333336,8.0,7,7,44,4,10,44.0
2023-06-27,6.466666666666666,4.270833333333333,137.875,5.566666666666666,2.4166666666666665,46.583333333333336,7.0,6,7,47,3,7,47.0
2023-06-28,5.125,3.2916666666666665,135.5,3.4791666666666665,2.3125,50.666666666666664,5.0,5,7,51,3,4,51.0
2023-06-29,2.3333333333333335,1.6500000000000001,128.70833333333334,3.466666666666667,1.5708333333333335,47.666666666666664,3.0,2,6,48,2,4,48.0
2023-06-30,3.720833333333333,2.6374999999999997,122.29166666666667,3.0666666666666664,1.1541666666666666,44.708333333333336,4.0,4,6,45,1,4,45.0
2023-07-01,4.191666666666666,2.8625000000000003,131.41666666666666,4.445833333333334,2.8000000000000003,43.166666666666664,5.0,4,7,43,4,6,43.0
2023-07-02,8.608333333333333,5.3625,119.20833333333333,4.316666666666666,3.5208333333333335,43.041666666666664,9.0,9,6,43,4,5,43.0
2023-07-03,10.245833333333334,6.0375000000000005,125.29166666666667,4.266666666666667,4.220833333333333,50.833333333333336,10.0,10,6,51,5,5,51.0
2023-07-04,11.416666666666666,6.016666666666667,129.29166666666666,3.6875,2.7458333333333336,48.666666666666664,10.0,11,6,49,3,5,49.0
2023-07-05,13.945833333333333,7.5,144.70833333333334,4.820833333333334,4.466666666666667,54.041666666666664,12.0,14,7,54,6,6,54.0
2023-07-06,10.674999999999999,5.804166666666667,131.125,4.55,5.179166666666666,52.916666666666664,10.0,11,7,53,6,6,53.0
2023-07-07,6.145833333333333,3.8874999999999997,115.75,3.6750000000000003,3.1875,50.166666666666664,6.0,6,6,50,4,5,50.0
2023-07-08,14.208333333333334,7.341666666666666,109.79166666666667,3.0500000000000003,2.4916666666666667,51.083333333333336,12.0,14,5,51,3,4,51.0
2023-07-09,16.958333333333332,7.470833333333334,108.25,3.1041666666666665,2.4583333333333335,46.916666666666664,12.0,17,5,47,3,4,47.0
2023-07-10,31.954166666666666,10.9,100.95833333333333,2.558333333333333,1.6458333333333333,46.958333333333336,18.0,32,5,47,2,3,47.0
2023-07-11,20.145833333333332,8.375,109.25,2.795833333333333,1.5166666666666666,44.333333333333336,14.0,20,5,44,2,3,44.0
2023-07-12,15.987499999999999,7.5,121.875,4.5375000000000005,3.2624999999999997,41.958333333333336,12.0,16,6,42,4,6,42.0
2023-07-13,10.191666666666666,5.633333333333333,128.25,4.8625,3.970833333333333,46.625,9.0,10,6,47,5,6,47.0
2023-07-14,9.183333333333334,4.933333333333334,106.83333333333333,3.225,1.8458333333333332,42.791666666666664,8.0,9,5,43,2,4,43.0
2023-07-15,11.200000000000001,6.070833333333333,104.79166666666667,3.3708333333333336,1.8208333333333335,38.958333333333336,10.0,11,5,39,2,4,39.0
2023-07-16,7.966666666666666,4.329166666666667,112.0,3.6291666666666664,2.441666666666667,41.708333333333336,7.0,8,6,42,3,5,42.0
2023-07-17,6.941666666666666,3.904166666666667,113.70833333333333,3.35,1.8916666666666666,46.166666666666664,7.0,7,6,46,2,4,46.0
2023-07-18,9.183333333333334,5.170833333333333,110.70833333333333,3.0583333333333336,1.1333333333333333,45.208333333333336,9.0,9,6,45,1,4,45.0
2023-07-19,8.808333333333334,6.325,98.58333333333333,2.8708333333333336,1.1375,42.666666666666664,11.0,9,5,43,1,4,43.0
2023-07-20,16.629166666666666,10.358333333333333,105.79166666666667,2.2291666666666665,1.0458333333333334,43.458333333333336,17.0,17,5,43,1,3,43.0
2023-07-21,48.833333333333336,21.775000000000002,115.58333333333333,1.9291666666666665,1.175,57.208333333333336,36.0,49,6,57,1,2,57.0
2023-07-22,9.883333333333335,5.825,110.33333333333333,2.7875,1.0625,48.666666666666664,10.0,10,6,49,1,3,49.0
2023-07-23,5.3125,3.516666666666667,105.66666666666667,2.75,1.3875,45.791666666666664,6.0,5,5,46,2,3,46.0
2023-07-24,7.229166666666667,4.4375,101.41666666666667,2.6083333333333334,1.1791666666666667,42.25,7.0,7,5,42,1,3,42.0
2023-07-25,10.075000000000001,5.625,104.625,2.379166666666667,0.9125,46.333333333333336,9.0,10,5,46,1,3,46.0
2023-07-26,8.233333333333333,4.783333333333333,102.16666666666667,2.4125,0.9416666666666668,48.041666666666664,8.0,8,5,48,1,3,48.0
2023-07-27,14.941666666666668,7.2749999999999995,105.875,2.3416666666666663,0.9708333333333333,47.416666666666664,12.0,15,5,47,1,3,47.0
2023-07-28,12.254166666666665,6.433333333333334,99.5,2.191666666666667,0.8041666666666667,40.541666666666664,11.0,12,5,41,1,3,41.0
2023-07-29,12.333333333333334,6.666666666666667,87.375,2.4583333333333335,1.2249999999999999,37.333333333333336,11.0,12,4,37,2,3,37.0
2023-07-30,14.333333333333334,6.808333333333334,90.08333333333333,2.25,1.0999999999999999,38.583333333333336,11.0,14,5,39,1,3,39.0
2023-07-31,14.379166666666668,6.0874999999999995,99.0,2.6666666666666665,1.2458333333333333,38.75,10.0,14,5,39,2,3,39.0
2023-08-01,22.0125,8.645833333333334,99.5,2.2416666666666667,0.8708333333333332,41.208333333333336,14.0,22,5,41,1,3,41.0
2023-08-02,20.25,8.958333333333334,105.20833333333333,2.433333333333333,1.0875000000000001,41.833333333333336,15.0,20,5,42,1,3,42.0
2023-08-03,18.25,8.220833333333333,98.5,2.2624999999999997,1.0333333333333334,41.125,14.0,18,5,41,1,3,41.0
2023-08-04,18.120833333333334,8.262500000000001,95.375,2.658333333333333,1.2125000000000001,39.5,14.0,18,5,40,2,3,40.0
2023-08-05,19.775,9.174999999999999,90.5,2.1625,1.0958333333333334,43.375,15.0,20,5,43,1,3,43.0
2023-08-06,18.662499999999998,9.608333333333333,96.54166666666667,2.1708333333333334,0.9958333333333335,41.958333333333336,16.0,19,5,42,1,3,42.0
2023-08-07,22.325,11.216666666666667,99.375,2.191666666666667,1.0833333333333333,41.458333333333336,19.0,22,5,41,1,3,41.0
2023-08-08,19.675,9.275,99.20833333333333,2.7416666666666667,1.5791666666666666,42.666666666666664,15.0,20,5,43,2,3,43.0
2023-08-09,20.629166666666666,9.679166666666667,109.70833333333333,2.9499999999999997,1.4041666666666668,40.541666666666664,16.0,21,5,41,2,4,41.0
2023-08-10,17.474999999999998,8.020833333333334,110.79166666666667,3.4250000000000003,1.8916666666666666,41.875,13.0,17,6,42,2,4,42.0
2023-08-11,23.516666666666666,9.641666666666667,102.75,2.6374999999999997,1.2541666666666667,43.041666666666664,16.0,24,5,43,2,3,43.0
2023-08-12,18.454166666666666,7.883333333333333,103.20833333333333,2.25,0.9500000000000001,43.5,13.0,18,5,44,1,3,44.0
2023-08-13,21.037499999999998,9.762500000000001,103.79166666666667,2.404166666666667,1.1208333333333333,41.083333333333336,16.0,21,5,41,1,3,41.0
2023-08-14,21.558333333333334,10.924999999999999,104.66666666666667,2.525,1.6166666666666665,42.791666666666664,18.0,22,5,43,2,3,43.0
2023-08-15,19.2,9.741666666666667,99.91666666666667,3.4583333333333335,2.0208333333333335,40.125,16.0,19,5,40,3,4,40.0
2023-08-16,21.1875,8.8375,100.58333333333333,2.3041666666666667,1.3708333333333333,40.75,15.0,21,5,41,2,3,41.0
2023-08-17,19.591666666666665,8.733333333333333,95.66666666666667,1.9875,1.0541666666666667,40.5,15.0,20,5,40,1,2,40.0
2023-08-18,19.458333333333332,8.575000000000001,98.875,2.1416666666666666,1.2708333333333333,39.333333333333336,14.0,19,5,39,2,3,39.0
2023-08-19,23.170833333333334,10.533333333333333,110.95833333333333,2.7875,2.283333333333333,44.25,18.0,23,6,44,3,3,44.0
2023-08-20,27.945833333333336,9.233333333333333,97.625,2.904166666666667,1.5125,46.0,15.0,28,5,46,2,4,46.0
2023-08-21,27.195833333333336,9.729166666666666,99.08333333333333,2.7083333333333335,1.2874999999999999,45.75,16.0,27,5,46,2,3,46.0
2023-08-22,13.879166666666668,7.366666666666667,102.25,2.7458333333333336,1.2416666666666667,40.708333333333336,12.0,14,5,41,2,3,41.0
2023-08-23,11.541666666666666,5.95,97.58333333333333,2.6750000000000003,1.5333333333333332,35.375,10.0,12,5,35,2,3,35.0
2023-08-24,10.4125,5.454166666666667,115.29166666666667,3.6833333333333336,2.533333333333333,32.416666666666664,9.0,10,6,32,3,5,32.0
2023-08-25,7.833333333333333,4.620833333333334,92.58333333333333,3.7708333333333335,2.5833333333333335,35.0,8.0,8,5,35,3,5,35.0
2023-08-26,8.3125,3.9250000000000003,90.66666666666667,3.2083333333333335,2.1416666666666666,36.083333333333336,7.0,8,5,36,3,4,36.0
2023-08-27,13.549999999999999,6.633333333333333,89.08333333333333,3.279166666666667,1.7666666666666666,35.958333333333336,11.0,14,4,36,2,4,36.0
2023-08-28,15.612499999999999,8.025,104.08333333333333,3.9416666666666664,2.9916666666666667,38.416666666666664,13.0,16,5,38,4,5,38.0
2023-08-29,24.575,10.987499999999999,123.16666666666667,4.054166666666666,2.2708333333333335,43.208333333333336,18.0,25,6,43,3,5,43.0
2023-08-30,33.45,15.183333333333332,134.66666666666666,4.908333333333333,1.7458333333333333,42.833333333333336,25.0,33,7,43,2,6,43.0
2023-08-31,37.395833333333336,16.166666666666668,154.70833333333334,5.391666666666667,1.5,49.375,27.0,37,8,49,2,7,49.0
2023-09-01,44.42916666666667,19.408333333333335,158.875,4.745833333333334,3.2125,60.125,32.0,44,8,60,4,6,60.0
2023-09-02,37.7,16.770833333333332,135.0,3.670833333333333,2.1374999999999997,52.125,28.0,38,7,52,3,5,52.0
2023-09-03,36.975,16.770833333333332,121.04166666666667,2.75,1.1500000000000001,51.166666666666664,28.0,37,6,51,1,3,51.0
2023-09-04,39.233333333333334,16.849999999999998,139.41666666666666,2.9916666666666667,2.0375,52.5,28.0,39,7,52,3,4,52.0
2023-09-05,39.65,18.275000000000002,134.20833333333334,2.9625,2.591666666666667,58.166666666666664,30.0,40,7,58,3,4,58.0
2023-09-06,36.141666666666666,19.529166666666665,119.33333333333333,2.5833333333333335,2.629166666666667,65.20833333333333,33.0,36,6,65,3,3,65.0
2023-09-07,23.429166666666664,13.408333333333333,109.91666666666667,2.5708333333333333,1.4375,59.166666666666664,22.0,23,5,59,2,3,59.0
2023-09-08,13.5625,8.045833333333333,118.91666666666667,3.3625000000000003,2.5083333333333333,54.833333333333336,13.0,14,6,55,3,4,55.0
2023-09-09,18.666666666666668,9.4375,115.0,2.433333333333333,1.2541666666666667,45.791666666666664,16.0,19,6,46,2,3,46.0
2023-09-10,14.012500000000001,7.329166666666667,114.54166666666667,2.6083333333333334,1.3208333333333333,40.0,12.0,14,6,40,2,3,40.0
2023-09-11,14.154166666666667,7.791666666666667,108.91666666666667,2.375,1.0416666666666667,41.208333333333336,13.0,14,5,41,1,3,41.0
2023-09-12,18.2375,9.5375,112.875,2.6374999999999997,1.375,40.958333333333336,16.0,18,6,41,2,3,41.0
2023-09-13,14.975,8.241666666666667,108.66666666666667,3.2583333333333333,1.8875,41.708333333333336,14.0,15,5,42,2,4,42.0
2023-09-14,16.295833333333334,8.404166666666667,139.79166666666666,3.3625000000000003,2.158333333333333,42.708333333333336,14.0,16,7,43,3,4,43.0
2023-09-15,13.629166666666668,6.991666666666667,127.625,2.9583333333333335,1.8833333333333335,38.333333333333336,12.0,14,6,38,2,4,38.0
2023-09-16,9.145833333333334,5.425,120.33333333333333,3.0833333333333335,0.9874999999999999,31.791666666666668,9.0,9,6,32,1,4,32.0
2023-09-17,10.920833333333334,6.3625,118.20833333333333,3.341666666666667,1.8666666666666665,35.083333333333336,11.0,11,6,35,2,4,35.0
2023-09-18,6.870833333333334,4.25,133.625,4.9375,4.670833333333333,39.708333333333336,7.0,7,7,40,6,6,40.0
2023-09-19,7.733333333333333,4.966666666666667,142.04166666666666,4.966666666666667,5.533333333333334,43.291666666666664,8.0,8,7,43,7,6,43.0
2023-09-20,8.924999999999999,5.916666666666667,143.875,5.229166666666667,6.016666666666667,47.875,10.0,9,7,48,8,7,48.0
2023-09-21,8.65,5.720833333333334,153.79166666666666,4.1625000000000005,3.9499999999999997,54.375,10.0,9,8,54,5,5,54.0
2023-09-22,8.583333333333334,5.8,160.66666666666666,4.9875,3.9125,46.708333333333336,10.0,9,8,47,5,6,47.0
2023-09-23,10.9,6.858333333333333,151.66666666666666,4.104166666666667,3.6333333333333333,45.375,11.0,11,8,45,5,5,45.0
2023-09-24,11.641666666666666,6.291666666666667,135.04166666666666,3.3041666666666667,1.2666666666666666,46.25,10.0,12,7,46,2,4,46.0
2023-09-25,14.808333333333332,8.791666666666666,163.66666666666666,4.3374999999999995,1.3916666666666666,48.0,15.0,15,8,48,2,5,48.0
2023-09-26,21.837500000000002,13.5375,182.45833333333334,5.05,1.1625,50.333333333333336,23.0,22,9,50,1,6,50.0
2023-09-27,45.645833333333336,29.95,261.6666666666667,6.0,10.854545454545455,80.875,50.0,46,13,81,14,8,81.0
2023-09-28,43.24583333333334,28.270833333333332,283.75,6.7250000000000005,7.074999999999999,81.16666666666667,47.0,43,14,81,9,8,81.0
2023-09-29,40.75833333333333,25.837500000000002,253.375,4.4875,4.675,86.91666666666667,43.0,41,13,87,6,6,87.0
2023-09-30,52.15,30.833333333333332,275.5416666666667,5.116666666666666,5.791666666666667,85.79166666666667,51.0,52,14,86,7,6,86.0
2023-10-01,50.79583333333333,29.516666666666666,292.375,6.204166666666667,11.945833333333333,115.375,49.0,51,15,123,15,8,123.0
2023-10-02,57.979166666666664,30.295833333333334,200.08333333333334,3.845833333333333,4.645833333333333,83.75,50.0,58,10,84,6,5,84.0
2023-10-03,48.96666666666667,20.8875,175.29166666666666,4.4375,1.8666666666666665,74.0,35.0,49,9,74,2,6,74.0
2023-10-04,54.26666666666667,23.945833333333336,185.75,4.945833333333334,3.2583333333333333,82.875,40.0,54,9,83,4,6,83.0
2023-10-05,64.90416666666667,28.849999999999998,192.75,4.75,5.641666666666667,90.20833333333333,48.0,65,10,90,7,6,90.0
2023-10-06,65.24166666666666,33.50833333333333,204.58333333333334,5.0125,5.8,91.29166666666667,56.0,65,10,91,7,6,91.0
2023-10-07,74.57916666666667,41.8125,267.0,6.766666666666667,13.445833333333333,100.125,70.0,75,13,100,17,8,100.0
2023-10-08,77.80833333333334,44.67083333333333,293.0833333333333,6.070833333333333,16.38235294117647,113.95833333333333,74.0,78,15,121,20,8,121.0
2023-10-09,72.8,41.65416666666667,283.0833333333333,5.870833333333334,13.294999999999998,105.625,69.0,73,14,108,17,7,108.0
2023-10-10,48.38333333333333,29.875,255.29166666666666,5.845833333333334,12.945833333333333,100.29166666666667,50.0,48,13,100,16,7,100.0
2023-10-11,56.02916666666667,34.166666666666664,294.6666666666667,6.758333333333333,17.95,104.0,57.0,56,15,106,22,8,106.0
2023-10-12,59.9625,36.17916666666667,280.9583333333333,5.316666666666666,8.577272727272726,97.625,60.0,60,14,98,11,7,98.0
2023-10-13,63.09166666666667,37.94583333333333,308.1666666666667,5.227777777777778,7.091666666666666,93.375,63.0,63,15,93,9,7,93.0
2023-10-14,61.44583333333333,37.22083333333333,293.6666666666667,6.476190476190476,5.204166666666667,84.91666666666667,62.0,61,15,85,7,8,85.0
2023-10-15,78.35416666666667,46.84583333333333,269.4166666666667,5.952173913043478,7.979166666666667,97.41666666666667,78.0,78,13,97,10,7,97.0
2023-10-16,91.57391304347826,55.10833333333333,293.6666666666667,6.254166666666666,7.425,89.95833333333333,92.0,92,15,90,9,8,92.0
2023-10-17,75.9625,46.708333333333336,289.25,5.95,4.75,88.875,78.0,76,14,89,6,7,89.0
2023-10-18,75.46249999999999,46.083333333333336,267.1666666666667,4.945833333333334,5.066666666666666,90.29166666666667,77.0,75,13,90,6,6,90.0
2023-10-19,50.9625,30.766666666666666,256.75,6.858333333333333,5.358333333333333,80.79166666666667,51.0,51,13,81,7,9,81.0
2023-10-20,75.69166666666666,45.74583333333334,259.0833333333333,4.3500000000000005,5.316666666666666,92.5,76.0,76,13,92,7,5,92.0
2023-10-21,74.37916666666666,44.74583333333334,275.75,4.666666666666667,6.833333333333333,96.95833333333333,75.0,74,14,97,9,6,97.0
2023-10-22,67.53750000000001,38.895833333333336,260.9583333333333,4.808333333333334,6.120833333333334,96.375,65.0,68,13,96,8,6,96.0
2023-10-23,67.66250000000001,37.0875,291.375,5.791666666666667,5.858333333333333,100.16666666666667,62.0,68,15,100,7,7,100.0
2023-10-24,56.8125,30.679166666666664,279.8333333333333,5.4375,4.883333333333334,96.45833333333333,51.0,57,14,96,6,7,96.0
2023-10-25,54.84583333333333,29.412499999999998,287.6666666666667,5.666666666666667,5.3,94.875,49.0,55,14,95,7,7,95.0
2023-10-26,41.18333333333333,22.84166666666667,256.5,4.966666666666667,5.1375,100.29166666666667,38.0,41,13,100,6,6,100.0
2023-10-27,39.762499999999996,22.383333333333336,259.7916666666667,4.970833333333333,5.066666666666666,104.91666666666667,37.0,40,13,107,6,6,107.0
2023-10-28,44.3375,25.77916666666667,265.4166666666667,3.7083333333333335,6.604166666666667,117.58333333333333,43.0,44,13,126,8,5,126.0
2023-10-29,52.34166666666667,30.208333333333332,286.6666666666667,3.7125,6.804166666666667,118.875,50.0,52,14,128,9,5,128.0
2023-10-30,63.19166666666666,37.074999999999996,343.5,5.1450000000000005,7.6499999999999995,111.66666666666667,62.0,63,17,117,10,6,117.0
2023-10-31,62.300000000000004,36.65833333333333,277.2916666666667,3.420833333333333,10.933333333333332,119.75,61.0,62,14,129,14,4,129.0
2023-11-01,67.52083333333333,41.112500000000004,293.9583333333333,3.2291666666666665,13.0375,132.83333333333334,69.0,68,15,148,16,4,148.0
2023-11-02,69.7,42.68333333333334,311.375,3.9125,10.070833333333333,121.875,71.0,70,16,132,13,5,132.0
2023-11-03,63.99583333333334,38.44166666666667,291.4583333333333,4.0,6.4375,109.45833333333333,64.0,64,15,114,8,5,114.0
2023-11-04,55.00416666666666,33.170833333333334,276.5,3.4416666666666664,5.520833333333333,106.83333333333333,55.0,55,14,110,7,4,110.0
2023-11-05,53.737500000000004,32.40833333333333,266.125,3.1666666666666665,6.329166666666667,106.79166666666667,54.0,54,13,110,8,4,110.0
2023-11-06,55.01666666666667,32.266666666666666,266.7916666666667,3.079166666666667,9.020833333333334,117.41666666666667,54.0,55,13,126,11,4,126.0
2023-11-07,66.81666666666666,38.90833333333333,301.0416666666667,3.1458333333333335,10.779166666666667,121.20833333333333,65.0,67,15,131,13,4,131.0
2023-11-08,69.76666666666667,42.949999999999996,379.8095238095238,5.778947368421052,10.729166666666666,110.04166666666667,72.0,70,19,115,13,7,115.0
2023-11-09,73.20416666666667,43.800000000000004,378.875,6.008333333333333,8.166666666666666,97.83333333333333,73.0,73,19,98,10,8,98.0
2023-11-10,74.54166666666667,44.083333333333336,411.0,5.3315789473684205,8.654166666666667,96.91666666666667,73.0,75,21,97,11,7,97.0
2023-11-11,77.07916666666667,44.583333333333336,348.5833333333333,4.020833333333333,9.237499999999999,105.16666666666667,74.0,77,17,108,12,5,108.0
2023-11-12,61.987500000000004,36.666666666666664,312.4166666666667,4.304166666666666,7.508333333333333,100.04166666666667,61.0,62,16,100,9,5,100.0
2023-11-13,55.012499999999996,33.03333333333333,294.4166666666667,4.545833333333333,7.3,99.41666666666667,55.0,55,15,99,9,6,99.0
2023-11-14,59.60833333333333,36.09583333333333,310.0,5.408333333333334,7.1625000000000005,96.29166666666667,60.0,60,16,96,9,7,96.0
2023-11-15,60.74166666666667,37.2125,317.25,4.370833333333334,7.016666666666667,103.41666666666667,62.0,61,16,105,9,5,105.0
2023-11-16,70.27083333333333,42.93333333333334,334.0,4.141666666666667,9.016666666666667,111.16666666666667,72.0,70,17,116,11,5,116.0
2023-11-17,95.74545454545455,57.13333333333333,397.625,3.6916666666666664,13.9375,125.83333333333333,95.0,96,20,138,17,5,138.0
2023-11-18,97.34444444444445,59.96666666666667,423.8333333333333,5.429166666666667,13.241666666666667,119.70833333333333,100.0,97,21,129,17,7,129.0
2023-11-19,81.84166666666667,51.53333333333333,420.7368421052632,5.505263157894737,14.549999999999999,109.75,86.0,82,21,114,18,7,114.0
2023-11-20,63.46666666666667,41.05416666666667,348.6666666666667,3.8625000000000003,9.141666666666667,110.75,68.0,63,17,116,11,5,116.0
2023-11-21,64.48333333333333,41.80833333333333,324.4166666666667,3.558333333333333,9.333333333333334,106.875,70.0,64,16,110,12,4,110.0
2023-11-22,65.21666666666667,42.800000000000004,311.9166666666667,4.3500000000000005,9.416666666666666,100.33333333333333,71.0,65,16,100,12,5,100.0
2023-11-23,69.16666666666667,46.00416666666666,342.875,5.395238095238095,9.883333333333333,96.125,77.0,69,17,96,12,7,96.0
2023-11-24,69.63333333333334,46.387499999999996,321.5,2.845833333333333,11.170833333333334,106.16666666666667,77.0,70,16,109,14,4,109.0
2023-11-25,56.51666666666667,37.516666666666666,327.375,5.004166666666666,8.299999999999999,96.20833333333333,63.0,57,16,96,10,6,96.0
2023-11-26,30.766666666666666,20.404166666666665,273.5833333333333,4.55,5.375,80.66666666666667,34.0,31,14,81,7,6,81.0
2023-11-27,13.262500000000001,8.808333333333334,218.875,4.470833333333333,3.525,69.41666666666667,15.0,13,11,69,4,6,69.0
2023-11-28,30.579166666666666,20.120833333333334,296.2916666666667,5.366666666666667,9.570833333333333,75.79166666666667,34.0,31,15,76,12,7,76.0
2023-11-29,45.425000000000004,30.554166666666664,331.375,7.104166666666667,9.654166666666667,74.83333333333333,51.0,45,17,75,12,9,75.0
2023-11-30,55.208333333333336,37.11666666666667,375.23809523809524,6.294444444444444,10.945833333333333,79.75,62.0,55,19,80,14,8,80.0
2023-12-01,42.85,28.875,357.39130434782606,5.241176470588235,9.433333333333334,73.04166666666667,48.0,43,18,73,12,7,73.0
2023-12-02,44.583333333333336,29.879166666666666,335.9583333333333,5.216666666666667,7.9125000000000005,83.16666666666667,50.0,45,17,83,10,7,83.0
2023-12-03,48.541666666666664,33.4,384.25,5.2749999999999995,10.366666666666667,95.375,56.0,49,19,95,13,7,95.0
2023-12-04,42.9375,29.46666666666667,340.3333333333333,3.658333333333333,10.3125,99.33333333333333,49.0,43,17,99,13,5,99.0
2023-12-05,60.949999999999996,41.666666666666664,345.625,3.016666666666667,12.35,96.20833333333333,69.0,61,17,96,15,4,96.0
2023-12-06,51.3125,35.19583333333333,301.7083333333333,3.1999999999999997,9.612499999999999,78.91666666666667,59.0,51,15,79,12,4,79.0
2023-12-07,42.725,29.458333333333332,292.9166666666667,4.416666666666667,9.845833333333333,72.58333333333333,49.0,43,15,73,12,6,73.0
2023-12-08,34.266666666666666,23.579166666666666,299.6666666666667,4.261904761904762,9.641666666666667,76.33333333333333,39.0,34,15,76,12,5,76.0
2023-12-09,34.012499999999996,23.458333333333332,274.0416666666667,3.5666666666666664,6.966666666666666,82.625,39.0,34,14,83,9,4,83.0
2023-12-10,33.34583333333333,22.945833333333336,285.375,4.554166666666666,7.833333333333333,89.41666666666667,38.0,33,14,89,10,6,89.0
2023-12-11,35.233333333333334,24.349999999999998,316.6666666666667,5.745833333333334,9.570833333333333,87.625,41.0,35,16,88,12,7,88.0
2023-12-12,38.25,26.375,327.625,5.958333333333333,10.158333333333333,90.375,44.0,38,16,90,13,7,90.0
2023-12-13,47.80833333333334,31.120833333333334,312.3333333333333,3.716666666666667,9.3375,113.5,52.0,48,16,120,12,5,120.0
2023-12-14,46.87916666666666,27.754166666666666,288.8333333333333,3.595833333333333,7.583333333333333,106.375,46.0,47,14,109,9,4,109.0
2023-12-15,52.862500000000004,34.387499999999996,299.625,4.895833333333333,8.237499999999999,105.75,57.0,53,15,108,10,6,108.0
2023-12-16,56.916666666666664,37.99583333333333,307.75,4.5249999999999995,7.291666666666667,101.45833333333333,63.0,57,15,102,9,6,102.0
2023-12-17,63.637499999999996,41.925000000000004,284.6666666666667,3.0416666666666665,10.204166666666667,106.54166666666667,70.0,64,14,110,13,4,110.0
2023-12-18,54.50833333333333,36.020833333333336,253.0,2.875,9.970833333333333,98.04166666666667,60.0,55,13,98,12,4,98.0
2023-12-19,51.4625,33.483333333333334,258.4583333333333,2.85,9.0875,102.66666666666667,56.0,51,13,104,11,4,104.0
2023-12-20,40.3125,26.354166666666668,280.2916666666667,3.4791666666666665,10.204166666666667,103.58333333333333,44.0,40,14,105,13,4,105.0
2023-12-21,35.37916666666667,23.620833333333334,325.7083333333333,5.045833333333333,8.708333333333334,96.95833333333333,39.0,35,16,97,11,6,97.0
2023-12-22,45.00833333333333,29.583333333333332,407.7083333333333,7.5,9.470833333333333,86.58333333333333,49.0,45,20,87,12,9,87.0
2023-12-23,44.9375,29.175,351.6818181818182,6.479166666666667,9.4625,93.54166666666667,49.0,45,18,94,12,8,94.0
2023-12-24,52.6625,33.8125,371.4583333333333,4.9375,11.887500000000001,114.83333333333333,56.0,53,19,122,15,6,122.0
2023-12-25,64.1125,40.85,433.125,5.838095238095238,11.770833333333334,109.83333333333333,68.0,64,22,114,15,7,114.0
2023-12-26,65.55,41.55833333333333,438.04545454545456,7.420833333333333,13.354166666666666,105.875,69.0,66,22,109,17,9,109.0
2023-12-27,70.075,44.27916666666667,454.8181818181818,6.93,11.375,102.20833333333333,74.0,70,23,103,14,9,103.0
2023-12-28,89.23529411764706,60.04583333333333,465.7142857142857,5.870588235294117,15.458333333333334,114.16666666666667,100.0,89,23,121,19,7,121.0
2023-12-29,75.04583333333333,48.145833333333336,455.6875,6.7368421052631575,12.866666666666667,102.08333333333333,80.0,75,23,103,16,8,103.0
2023-12-30,67.03750000000001,43.61666666666667,454.59090909090907,6.895454545454545,10.975,100.29166666666667,73.0,67,23,100,14,9,100.0
2023-12-31,58.86666666666667,38.483333333333334,442.54545454545456,7.804166666666667,10.920833333333334,100.91666666666667,64.0,59,22,101,14,10,101.0
2024-01-01,69.3,44.7875,450.8333333333333,6.120833333333334,12.854166666666666,106.45833333333333,75.0,69,23,109,16,8,109.0
2024-01-02,79.76666666666667,52.02916666666667,467.9047619047619,6.75,15.08095238095238,107.54166666666667,87.0,80,23,111,19,8,111.0
2024-01-03,83.10833333333333,53.90833333333333,438.0,5.395833333333333,10.491666666666667,101.5,90.0,83,22,102,13,7,102.0
2024-01-04,77.5,50.82916666666667,423.5833333333333,7.020833333333333,8.616666666666667,86.91666666666667,85.0,78,21,87,11,9,87.0
2024-01-05,68.83478260869565,46.0875,379.3636363636364,5.129166666666666,8.108333333333333,88.20833333333333,77.0,69,19,88,10,6,88.0
2024-01-06,90.43333333333334,60.61818181818182,393.0833333333333,3.3166666666666664,9.604166666666666,97.54166666666667,102.0,90,20,98,12,4,102.0
2024-01-07,61.9695652173913,40.858333333333334,374.625,4.508333333333334,10.225,93.66666666666667,68.0,62,19,94,13,6,94.0
2024-01-08,53.35833333333333,34.2875,383.2916666666667,4.942857142857143,7.5249999999999995,84.0,57.0,53,19,84,9,6,84.0
2024-01-09,36.637499999999996,23.791666666666668,285.1666666666667,4.783333333333333,6.008333333333333,83.95833333333333,40.0,37,14,84,8,6,84.0
2024-01-10,35.65833333333333,23.645833333333332,290.8333333333333,4.933333333333334,5.495833333333334,72.375,39.0,36,15,72,7,6,72.0
2024-01-11,47.541666666666664,31.59583333333333,357.9583333333333,5.569565217391304,6.816666666666666,82.16666666666667,53.0,48,18,82,9,7,82.0
2024-01-12,48.55416666666667,32.19583333333333,394.7916666666667,5.51,11.104166666666666,88.75,54.0,49,20,89,14,7,89.0
2024-01-13,44.69583333333333,29.900000000000002,374.14285714285717,8.033333333333333,11.833333333333334,89.04166666666667,50.0,45,19,89,15,10,89.0
2024-01-14,31.6375,21.179166666666667,279.25,6.0625,10.079166666666667,93.20833333333333,35.0,32,14,93,13,8,93.0
2024-01-15,26.34166666666667,17.958333333333332,283.75,7.110526315789474,14.075000000000001,88.625,30.0,26,14,89,18,9,89.0
2024-01-16,34.766666666666666,23.787499999999998,327.7916666666667,8.320833333333333,14.315000000000001,99.875,40.0,35,16,100,18,10,100.0
2024-01-17,58.229166666666664,37.266666666666666,362.75,6.6000000000000005,19.905555555555555,111.625,62.0,58,18,117,25,8,117.0
2024-01-18,57.958333333333336,35.2875,358.1666666666667,6.654166666666666,15.145833333333334,112.125,59.0,58,18,118,19,8,118.0
2024-01-19,55.65416666666667,36.24583333333333,382.5416666666667,7.7625,12.766666666666666,101.54166666666667,60.0,56,19,102,16,10,102.0
2024-01-20,59.8375,38.63333333333333,382.0833333333333,4.595833333333333,11.799999999999999,110.0,64.0,60,19,115,15,6,115.0
2024-01-21,53.0375,34.19166666666667,353.9583333333333,3.4291666666666667,7.304166666666666,108.95833333333333,57.0,53,18,113,9,4,113.0
2024-01-22,45.70416666666667,29.325,339.1666666666667,4.033333333333333,8.866666666666667,109.41666666666667,49.0,46,17,114,11,5,114.0
2024-01-23,28.96666666666667,18.75,295.1666666666667,4.433333333333334,4.8,98.16666666666667,31.0,29,15,98,6,6,98.0
2024-01-24,26.383333333333336,17.358333333333334,270.9583333333333,3.6374999999999997,5.875,103.91666666666667,29.0,26,14,106,7,5,106.0
2024-01-25,34.1,22.474999999999998,321.0,5.619047619047619,9.166666666666666,95.125,37.0,34,16,95,11,7,95.0
2024-01-26,42.479166666666664,28.166666666666668,362.875,5.552631578947368,10.458333333333334,105.75,47.0,42,18,108,13,7,108.0
2024-01-27,65.47500000000001,42.12916666666667,407.9166666666667,6.790000000000001,14.791666666666666,113.54166666666667,70.0,65,20,120,18,8,120.0
2024-01-28,66.27083333333333,42.05833333333333,382.72727272727275,7.691666666666666,14.923809523809522,106.29166666666667,70.0,66,19,109,19,10,109.0
2024-01-29,56.73333333333333,35.80416666666667,331.0,6.766666666666667,15.209523809523809,110.625,60.0,57,17,116,19,8,116.0
2024-01-30,61.76666666666667,38.65416666666667,356.8333333333333,7.3125,12.170833333333334,109.25,64.0,62,18,114,15,9,114.0
2024-01-31,68.90416666666667,40.12083333333333,384.75,6.666666666666667,20.24736842105263,115.25,67.0,69,19,122,25,8,122.0
2024-02-01,59.354166666666664,32.49583333333333,311.2083333333333,5.6125,15.38695652173913,100.5,54.0,59,16,101,19,7,101.0
2024-02-02,52.57083333333333,29.587500000000002,269.9583333333333,4.5125,10.041666666666666,90.95833333333333,49.0,53,13,91,13,6,91.0
2024-02-03,38.77916666666666,22.25,287.4583333333333,5.909090909090909,5.666666666666667,79.20833333333333,37.0,39,14,79,7,7,79.0
2024-02-04,48.94583333333333,27.170833333333334,304.0416666666667,5.8500000000000005,5.9750000000000005,100.91666666666667,45.0,49,15,101,7,7,101.0
2024-02-05,60.925000000000004,25.604166666666668,274.2916666666667,7.083333333333333,9.783333333333333,88.70833333333333,43.0,61,14,89,12,9,89.0
2024-02-06,58.487500000000004,26.191666666666666,281.0833333333333,7.05,14.4625,84.5,44.0,58,14,84,18,9,84.0
2024-02-07,56.94583333333333,26.691666666666666,258.625,4.929166666666666,7.6875,91.29166666666667,44.0,57,13,91,10,6,91.0
2024-02-08,53.93333333333334,28.05,290.875,5.168181818181818,5.7875000000000005,88.5,47.0,54,15,88,7,6,88.0
2024-02-09,45.9,26.316666666666666,297.2916666666667,5.845833333333334,10.716666666666667,101.29166666666667,44.0,46,15,102,13,7,102.0
2024-02-10,47.520833333333336,28.962500000000002,329.5416666666667,7.075,13.328571428571427,114.04166666666667,48.0,48,16,121,17,9,121.0
2024-02-11,47.354166666666664,29.787499999999998,340.0,6.958333333333333,11.741666666666667,108.95833333333333,50.0,47,17,113,15,9,113.0
2024-02-12,52.85833333333333,33.7125,314.3333333333333,6.345833333333334,10.610526315789473,105.0,56.0,53,16,107,13,8,107.0
2024-02-13,67.84166666666667,43.97083333333333,329.4583333333333,5.041666666666667,13.121739130434783,115.79166666666667,73.0,68,16,123,16,6,123.0
2024-02-14,64.65416666666667,36.983333333333334,337.2083333333333,4.9125000000000005,10.033333333333333,114.875,62.0,65,17,122,13,6,122.0
2024-02-15,62.44166666666666,38.72083333333333,353.2916666666667,4.661904761904762,9.487499999999999,108.08333333333333,65.0,62,18,112,12,6,112.0
2024-02-16,49.98333333333333,33.35,369.2916666666667,4.23125,8.708333333333334,94.75,56.0,50,18,95,11,5,95.0
2024-02-17,48.887499999999996,32.62916666666667,344.4583333333333,6.4624999999999995,11.754166666666668,110.91666666666667,54.0,49,17,116,15,8,116.0
2024-02-18,46.645833333333336,30.641666666666666,299.4583333333333,5.383333333333333,11.233333333333334,117.04166666666667,51.0,47,15,125,14,7,125.0
2024-02-19,23.941666666666666,15.566666666666668,233.58333333333334,4.829166666666667,4.3999999999999995,89.79166666666667,26.0,24,12,90,5,6,90.0
2024-02-20,18.133333333333333,11.595833333333333,221.08333333333334,4.445833333333334,2.904166666666667,73.41666666666667,19.0,18,11,73,4,6,73.0
2024-02-21,27.308333333333334,11.549999999999999,179.70833333333334,3.4791666666666665,1.6583333333333332,68.25,19.0,27,9,68,2,4,68.0
2024-02-22,71.50625,23.71666666666667,197.70833333333334,4.533333333333333,4.2,89.66666666666667,40.0,72,10,90,5,6,90.0
2024-02-23,36.9,18.570833333333333,233.5,4.55,7.4125000000000005,112.66666666666667,31.0,37,12,119,9,6,119.0
2024-02-24,23.650000000000002,13.145833333333334,240.25,4.258333333333334,5.954166666666667,120.08333333333333,22.0,24,12,130,7,5,130.0
2024-02-25,22.6125,14.495833333333332,264.875,4.681818181818182,4.695833333333334,111.41666666666667,24.0,23,13,117,6,6,117.0
2024-02-26,55.19583333333333,35.53333333333333,306.5416666666667,5.175,12.345833333333333,127.5,59.0,55,15,140,15,6,140.0
2024-02-27,68.01666666666667,42.574999999999996,359.0833333333333,7.0375000000000005,13.140909090909092,110.125,71.0,68,18,115,16,9,115.0
2024-02-28,60.59166666666667,38.175000000000004,377.9166666666667,6.966666666666666,14.845833333333333,114.91666666666667,64.0,61,19,122,19,9,122.0
2024-02-29,56.5625,31.495833333333334,328.7916666666667,5.995,5.25,96.08333333333333,52.0,57,16,96,7,7,96.0
2024-03-01,49.916666666666664,29.083333333333332,307.7083333333333,6.104166666666667,5.516666666666667,100.0,48.0,50,15,100,7,8,100.0
2024-03-02,24.9375,15.845833333333333,181.91666666666666,2.5500000000000003,1.6208333333333333,68.95833333333333,26.0,25,9,69,2,3,69.0
2024-03-03,30.787499999999998,12.887500000000001,205.625,4.7625,4.620833333333333,88.375,21.0,31,10,88,6,6,88.0
2024-03-04,25.566666666666666,14.116666666666667,225.625,5.104166666666667,6.466666666666666,100.0,24.0,26,11,100,8,6,100.0
2024-03-05,29.379166666666666,18.8625,266.2083333333333,5.829166666666667,10.924999999999999,119.20833333333333,31.0,29,13,128,14,7,128.0
2024-03-06,34.25,22.933333333333334,305.4583333333333,7.05,12.350000000000001,120.41666666666667,38.0,34,15,130,15,9,130.0
2024-03-07,36.19583333333333,16.945833333333333,234.125,4.3999999999999995,10.354166666666666,112.0,28.0,36,12,118,13,5,118.0
2024-03-08,31.545833333333334,13.283333333333333,215.91666666666666,4.054166666666666,6.454166666666667,104.83333333333333,22.0,32,11,107,8,5,107.0
2024-03-09,32.895833333333336,16.395833333333332,251.625,6.0249999999999995,10.445833333333333,111.75,27.0,33,13,117,13,8,117.0
2024-03-10,41.4625,22.858333333333334,296.5833333333333,7.191666666666666,10.073333333333332,110.20833333333333,38.0,41,15,115,13,9,115.0
2024-03-11,41.829166666666666,22.991666666666664,286.5,5.670833333333333,13.713636363636363,114.95833333333333,38.0,42,14,122,17,7,122.0
2024-03-12,45.041666666666664,20.337500000000002,268.7083333333333,6.195833333333333,13.549999999999999,101.58333333333333,34.0,45,13,102,17,8,102.0
2024-03-13,50.925000000000004,24.820833333333336,264.6666666666667,6.329166666666667,17.349999999999998,108.08333333333333,41.0,51,13,112,22,8,112.0
2024-03-14,60.37083333333334,24.962500000000002,237.625,6.304166666666667,11.208333333333334,102.58333333333333,42.0,60,12,104,14,8,104.0
2024-03-15,53.35,27.162499999999998,255.0,6.541666666666667,12.845833333333333,110.375,45.0,53,13,115,16,8,115.0
2024-03-16,59.09583333333333,30.275000000000002,269.625,7.033333333333334,13.487499999999999,103.08333333333333,50.0,59,13,105,17,9,105.0
2024-03-17,47.4,25.162499999999998,244.45833333333334,5.791666666666667,7.358333333333333,102.91666666666667,42.0,47,12,104,9,7,104.0
2024-03-18,45.15416666666667,24.979166666666668,267.0416666666667,5.0625,9.025,129.0,42.0,45,13,143,11,6,143.0
2024-03-19,30.879166666666666,16.870833333333334,254.33333333333334,4.854166666666667,7.395833333333333,119.58333333333333,28.0,31,13,129,9,6,129.0
2024-03-20,23.03333333333333,12.916666666666666,261.2083333333333,6.466666666666666,6.795833333333333,108.95833333333333,22.0,23,13,113,8,8,113.0
2024-03-21,35.99166666666667,19.383333333333333,260.7083333333333,5.579166666666667,9.104166666666666,125.16666666666667,32.0,36,13,137,11,7,137.0
2024-03-22,53.28333333333333,29.6125,311.3333333333333,6.529166666666666,13.570833333333333,133.29166666666666,49.0,53,16,149,17,8,149.0
2024-03-23,53.72083333333333,29.254166666666666,302.0,6.3374999999999995,17.004545454545454,129.79166666666666,49.0,54,15,144,21,8,144.0
2024-03-24,45.791666666666664,24.816666666666666,268.6666666666667,6.504166666666666,13.379166666666668,107.16666666666667,41.0,46,13,111,17,8,111.0
2024-03-25,49.34166666666667,27.891666666666666,299.875,6.875,16.95263157894737,116.375,46.0,49,15,124,21,9,124.0
2024-03-26,54.87083333333334,30.625,304.625,7.404166666666666,13.977777777777778,116.375,51.0,55,15,124,17,9,124.0
2024-03-27,56.145833333333336,29.833333333333332,274.0416666666667,6.391666666666667,15.929166666666667,115.33333333333333,50.0,56,14,123,20,8,123.0
2024-03-28,56.708333333333336,32.175000000000004,295.7916666666667,7.077272727272727,17.9,119.75,54.0,57,15,129,22,9,129.0
2024-03-29,61.63333333333333,35.266666666666666,316.2083333333333,6.683333333333334,18.554545454545455,114.625,59.0,62,16,122,23,8,122.0
2024-03-30,61.800000000000004,33.44583333333333,318.5833333333333,7.120833333333334,18.741666666666667,110.41666666666667,56.0,62,16,115,23,9,115.0
2024-03-31,52.85,28.099999999999998,289.9583333333333,7.3,16.520833333333332,109.08333333333333,47.0,53,14,113,21,9,113.0
2024-04-01,52.42083333333333,28.504166666666666,228.5,5.7250000000000005,10.433333333333334,109.5,48.0,52,11,114,13,7,114.0
2024-04-02,66.3125,33.916666666666664,249.125,6.4375,12.904166666666667,120.875,57.0,66,12,131,16,8,131.0
2024-04-03,56.85,29.28333333333333,242.70833333333334,5.879166666666666,14.183333333333332,128.125,49.0,57,12,141,18,7,141.0
2024-04-04,48.37083333333334,25.52916666666667,241.33333333333334,6.45,13.279166666666667,115.54166666666667,43.0,48,12,123,17,8,123.0
2024-04-05,49.012499999999996,22.537499999999998,204.75,4.454166666666667,11.479166666666666,122.5,38.0,49,10,133,14,6,133.0
2024-04-06,49.37083333333334,22.729166666666668,222.08333333333334,5.695833333333333,11.666666666666666,108.58333333333333,38.0,49,11,113,15,7,113.0
2024-04-07,47.15,19.941666666666666,234.5,6.208333333333333,9.861904761904762,109.91666666666667,33.0,47,12,115,12,8,115.0
2024-04-08,30.441666666666666,16.954166666666666,223.04166666666666,5.95,9.208333333333334,120.66666666666667,28.0,30,11,130,12,7,130.0
2024-04-09,40.958333333333336,21.108333333333334,237.91666666666666,5.566666666666666,8.220833333333333,115.04166666666667,35.0,41,12,122,10,7,122.0
2024-04-10,43.40833333333333,22.608333333333334,241.25,5.5,5.783333333333334,112.66666666666667,38.0,43,12,119,7,7,119.0
2024-04-11,47.166666666666664,25.675,258.2916666666667,4.415789473684211,5.445833333333333,105.5,43.0,47,13,108,7,6,108.0
2024-04-12,34.75,20.258333333333333,225.45833333333334,4.93,5.091666666666667,88.91666666666667,34.0,35,11,89,6,6,89.0
2024-04-13,22.333333333333332,12.15,175.125,5.326086956521739,3.1999999999999997,83.33333333333333,20.0,22,9,83,4,7,83.0
2024-04-14,34.362500000000004,18.900000000000002,208.08333333333334,5.533333333333334,11.129166666666668,101.5,32.0,34,10,102,14,7,102.0
2024-04-15,43.225,22.233333333333334,233.95833333333334,3.869565217391304,8.93,116.0,37.0,43,12,124,11,5,124.0
2024-04-16,40.920833333333334,20.483333333333334,261.5833333333333,4.427777777777778,5.679166666666667,97.66666666666667,34.0,41,13,98,7,6,98.0
2024-04-17,43.050000000000004,21.895833333333332,256.75,5.127272727272727,10.583333333333334,111.91666666666667,36.0,43,13,118,13,6,118.0
2024-04-18,39.887499999999996,22.325,256.0833333333333,4.920833333333333,14.875,125.5,37.0,40,13,138,19,6,138.0
2024-04-19,44.987500000000004,23.72083333333333,235.91666666666666,5.4125000000000005,12.395833333333334,101.20833333333333,40.0,45,12,102,15,7,102.0
2024-04-20,44.1875,22.054166666666664,226.70833333333334,5.108333333333333,10.233333333333333,102.125,37.0,44,11,103,13,6,103.0
2024-04-21,38.270833333333336,20.3125,232.66666666666666,5.342857142857143,9.387500000000001,103.20833333333333,34.0,38,12,105,12,7,105.0
2024-04-22,46.275,26.608333333333334,246.70833333333334,5.152380952380953,7.758333333333333,104.70833333333333,44.0,46,12,107,10,6,107.0
2024-04-23,41.199999999999996,22.400000000000002,235.25,5.1,9.016666666666667,113.66666666666667,37.0,41,12,120,11,6,120.0
2024-04-24,45.39166666666667,25.325,251.33333333333334,5.086363636363637,10.691666666666668,114.79166666666667,42.0,45,13,122,13,6,122.0
2024-04-25,43.083333333333336,24.8875,256.0833333333333,5.858333333333333,13.3375,108.79166666666667,41.0,43,13,113,17,7,113.0
2024-04-26,61.083333333333336,36.5,279.9166666666667,5.29047619047619,11.358333333333334,104.75,61.0,61,14,107,14,7,107.0
2024-04-27,45.19583333333333,26.9875,258.125,3.9227272727272724,13.75,124.66666666666667,45.0,45,13,136,17,5,136.0
2024-04-28,35.94166666666667,19.795833333333334,220.375,4.608333333333333,10.520833333333334,118.0,33.0,36,11,126,13,6,126.0
2024-04-29,43.30416666666667,22.395833333333332,239.29166666666666,5.745833333333334,17.400000000000002,126.25,37.0,43,12,139,22,7,139.0
2024-04-30,47.449999999999996,20.2625,217.625,5.020833333333333,11.385714285714286,115.04166666666667,34.0,47,11,122,14,6,122.0
2024-05-01,47.27916666666667,18.1875,208.25,4.3500000000000005,7.766666666666667,123.66666666666667,30.0,47,10,135,10,5,135.0
2024-05-02,48.824999999999996,21.416666666666668,220.29166666666666,4.595833333333333,7.779166666666666,129.04166666666666,36.0,49,11,143,10,6,143.0
2024-05-03,49.49583333333334,24.40416666666667,238.5,5.2749999999999995,10.674999999999999,133.0,41.0,49,12,149,13,7,149.0
2024-05-04,46.425000000000004,22.175,219.125,4.966666666666667,11.354166666666666,118.375,37.0,46,11,127,14,6,127.0
2024-05-05,35.958333333333336,17.3125,189.625,4.320833333333334,8.820833333333333,96.41666666666667,29.0,36,9,96,11,5,96.0
2024-05-06,39.74166666666667,16.283333333333335,169.25,3.608333333333333,3.6833333333333336,84.29166666666667,27.0,40,8,84,5,5,84.0
2024-05-07,29.59166666666667,11.075000000000001,143.45833333333334,2.3291666666666666,2.1958333333333333,79.5,18.0,30,7,80,3,3,80.0
2024-05-08,28.816666666666666,10.358333333333333,147.20833333333334,2.5416666666666665,2.3041666666666667,81.66666666666667,17.0,29,7,82,3,3,82.0
2024-05-09,26.7,10.3375,145.875,3.35,1.7249999999999999,70.5,17.0,27,7,70,2,4,70.0
2024-05-10,26.1875,11.770833333333334,151.875,4.620833333333334,1.5958333333333332,59.708333333333336,20.0,26,8,60,2,6,60.0
2024-05-11,35.49583333333333,18.087500000000002,188.83333333333334,4.145833333333333,7.125,90.16666666666667,30.0,35,9,90,9,5,90.0
2024-05-12,44.44166666666666,23.995833333333334,233.375,6.021739130434782,6.608333333333333,94.875,40.0,44,12,95,8,8,95.0
2024-05-13,61.387499999999996,33.800000000000004,271.5416666666667,5.135,10.075000000000001,103.0,56.0,61,14,104,13,6,104.0
2024-05-14,43.770833333333336,25.3,254.70833333333334,6.2,6.3500000000000005,110.66666666666667,42.0,44,13,116,8,8,116.0
2024-05-15,52.76666666666667,31.21666666666667,263.25,5.826086956521739,4.466666666666667,117.95833333333333,52.0,53,13,126,6,7,126.0
2024-05-16,48.09583333333333,26.891666666666666,268.4583333333333,5.342857142857143,3.3666666666666667,117.33333333333333,45.0,48,13,125,4,7,125.0
2024-05-17,69.40416666666667,39.387499999999996,287.0,6.229166666666667,11.220833333333333,139.79166666666666,66.0,69,14,159,14,8,159.0
2024-05-18,63.25,34.11666666666667,276.375,6.791304347826086,9.583333333333334,128.08333333333334,57.0,63,14,141,12,8,141.0
2024-05-19,52.69583333333333,29.7,258.7916666666667,6.720833333333334,14.170833333333334,128.83333333333334,49.0,53,13,142,18,8,142.0
2024-05-20,41.170833333333334,23.054166666666664,224.66666666666666,5.963636363636363,12.975,115.66666666666667,38.0,41,11,123,16,7,123.0
2024-05-21,41.18333333333333,19.629166666666666,216.66666666666666,6.141666666666667,10.308333333333334,109.83333333333333,33.0,41,11,114,13,8,114.0
2024-05-22,57.50833333333333,26.829166666666666,245.25,5.883333333333333,15.68695652173913,121.58333333333333,45.0,58,12,132,20,7,132.0
2024-05-23,45.37916666666666,21.525000000000002,210.16666666666666,5.05,8.754166666666666,110.33333333333333,36.0,45,11,115,11,6,115.0
2024-05-24,33.708333333333336,15.391666666666666,161.5,2.8083333333333336,4.8125,101.91666666666667,26.0,34,8,103,6,4,103.0
2024-05-25,36.00416666666667,13.566666666666668,96.91666666666667,1.8208333333333335,1.6624999999999999,78.875,23.0,36,5,79,2,2,79.0
2024-05-26,38.11666666666667,15.929166666666667,109.25,1.5708333333333335,1.2125000000000001,76.95833333333333,27.0,38,5,77,2,2,77.0
2024-05-27,39.612500000000004,16.670833333333334,107.33333333333333,1.5458333333333334,1.125,70.16666666666667,28.0,40,5,70,1,2,70.0
2024-05-28,41.57083333333333,16.8875,106.33333333333333,1.6666666666666667,1.2083333333333333,64.0,28.0,42,5,64,2,2,64.0
2024-05-29,43.02916666666667,16.654166666666665,105.16666666666667,1.4958333333333333,1.1624999999999999,60.666666666666664,28.0,43,5,61,1,2,61.0
2024-05-30,33.425000000000004,13.133333333333333,95.83333333333333,1.8458333333333332,1.2249999999999999,55.208333333333336,22.0,33,5,55,2,2,55.0
2024-05-31,26.6375,10.870833333333332,107.08333333333333,1.9458333333333335,1.0458333333333334,56.541666666666664,18.0,27,5,57,1,2,57.0
2024-06-01,25.729166666666668,9.929166666666667,126.75,2.058333333333333,1.1333333333333333,56.791666666666664,17.0,26,6,57,1,3,57.0
2024-06-02,29.787499999999998,11.25,139.83333333333334,2.9166666666666665,1.3333333333333333,57.541666666666664,19.0,30,7,58,2,4,58.0
2024-06-03,43.96666666666667,15.608333333333334,138.54166666666666,3.3041666666666667,1.6500000000000001,57.5,26.0,44,7,58,2,4,58.0
2024-06-04,35.69583333333333,14.666666666666666,123.41666666666667,2.8666666666666667,1.6541666666666668,57.416666666666664,24.0,36,6,57,2,4,57.0
2024-06-05,24.958333333333332,12.241666666666667,123.83333333333333,3.475,3.404166666666667,57.458333333333336,20.0,25,6,57,4,4,57.0
2024-06-06,30.27916666666667,12.112499999999999,108.625,2.3958333333333335,1.3708333333333333,57.5,20.0,30,5,58,2,3,58.0
2024-06-07,38.979166666666664,18.441666666666666,137.79166666666666,2.55,2.5500000000000003,75.5,31.0,39,7,76,3,3,76.0
2024-06-08,35.82083333333333,18.641666666666666,157.16666666666666,2.65,2.408333333333333,86.0,31.0,36,8,86,3,3,86.0
2024-06-09,33.737500000000004,16.020833333333332,132.79166666666666,1.875,1.5666666666666667,75.625,27.0,34,7,76,2,2,76.0
2024-06-10,35.22083333333334,16.233333333333334,134.0,2.670833333333333,1.3583333333333334,68.75,27.0,35,7,69,2,3,69.0
2024-06-11,33.75,14.612499999999999,118.04166666666667,2.4916666666666667,1.4666666666666668,61.833333333333336,24.0,34,6,62,2,3,62.0
2024-06-12,20.004166666666666,10.775,141.33333333333334,3.975,3.6208333333333336,54.75,18.0,20,7,55,5,5,55.0
2024-06-13,16.541666666666668,9.566666666666666,142.66666666666666,4.695833333333334,5.241666666666666,54.875,16.0,17,7,55,7,6,55.0
2024-06-14,17.004166666666666,9.6875,137.0,4.2375,4.541666666666667,58.541666666666664,16.0,17,7,59,6,5,59.0
2024-06-15,23.90416666666667,11.950000000000001,145.83333333333334,4.608333333333333,7.229166666666667,68.25,20.0,24,7,68,9,6,68.0
2024-06-16,31.59166666666667,14.220833333333333,133.0,4.175,4.279166666666667,60.083333333333336,24.0,32,7,60,5,5,60.0
2024-06-17,35.19583333333333,15.4375,145.625,5.045833333333333,6.833333333333333,61.541666666666664,26.0,35,7,62,9,6,62.0
2024-06-18,10.9375,6.341666666666666,139.04166666666666,4.7,5.7749999999999995,56.666666666666664,11.0,11,7,57,7,6,57.0
2024-06-19,14.091666666666667,7.291666666666667,137.04166666666666,4.145833333333333,4.845833333333333,58.5,12.0,14,7,58,6,5,58.0
2024-06-20,15.720833333333333,7.029166666666666,127.45833333333333,4.258333333333334,4.029166666666667,52.583333333333336,12.0,16,6,53,5,5,53.0
2024-06-21,29.087500000000002,11.549999999999999,121.0,3.358333333333333,2.6666666666666665,48.583333333333336,19.0,29,6,49,3,4,49.0
2024-06-22,40.69166666666667,13.545833333333334,133.04166666666666,4.45,4.929166666666666,54.75,23.0,41,7,55,6,6,55.0
2024-06-23,36.74583333333333,13.716666666666667,148.83333333333334,4.125,3.7583333333333333,60.25,23.0,37,7,60,5,5,60.0
2024-06-24,26.45,15.987499999999999,159.125,4.8125,6.620833333333334,75.08333333333333,27.0,26,8,75,8,6,75.0
2024-06-25,20.995833333333334,12.791666666666666,149.125,5.883333333333333,6.854166666666667,60.791666666666664,21.0,21,7,61,9,7,61.0
2024-06-26,12.220833333333333,8.091666666666667,131.75,5.55,7.695833333333333,58.708333333333336,13.0,12,7,59,10,7,59.0
2024-06-27,10.612499999999999,6.445833333333333,130.0,4.729166666666667,6.754166666666666,57.208333333333336,11.0,11,6,57,8,6,57.0
2024-06-28,12.358333333333334,7.0375000000000005,127.20833333333333,4.720833333333333,5.4875,52.833333333333336,12.0,12,6,53,7,6,53.0
2024-06-29,16.566666666666666,8.195833333333333,123.25,4.633333333333334,5.8875,51.791666666666664,14.0,17,6,52,7,6,52.0
2024-06-30,11.404166666666667,5.779166666666666,112.83333333333333,4.641666666666667,4.845833333333333,47.583333333333336,10.0,11,6,48,6,6,48.0
2024-07-01,12.941666666666668,6.5375000000000005,113.54166666666667,3.7458333333333336,3.5875,49.041666666666664,11.0,13,6,49,4,5,49.0
2024-07-02,40.979166666666664,17.979166666666668,129.58333333333334,3.0583333333333336,2.6083333333333334,64.625,30.0,41,6,65,3,4,65.0
2024-07-03,15.770833333333334,7.445833333333333,115.875,4.125,3.2916666666666665,40.833333333333336,12.0,16,6,41,4,5,41.0
2024-07-04,12.35,5.866666666666667,112.91666666666667,4.554166666666666,4.1875,38.666666666666664,10.0,12,6,39,5,6,39.0
2024-07-05,16.854166666666668,7.804166666666667,109.625,4.583333333333333,4.3625,42.041666666666664,13.0,17,5,42,5,6,42.0
2024-07-06,17.983333333333334,8.691666666666666,109.70833333333333,3.7416666666666667,3.0833333333333335,50.416666666666664,14.0,18,5,50,4,5,50.0
2024-07-07,31.962500000000002,13.85,121.04166666666667,4.383333333333334,3.329166666666667,46.5,23.0,32,6,46,4,5,46.0
2024-07-08,24.3625,9.716666666666667,135.66666666666666,4.891666666666667,4.608333333333333,47.5,16.0,24,7,48,6,6,48.0
2024-07-09,20.829166666666666,9.233333333333333,132.33333333333334,5.529166666666666,6.1125,48.5,15.0,21,7,48,8,7,48.0
2024-07-10,23.045833333333334,10.3125,135.75,4.958333333333333,5.7625,53.0,17.0,23,7,53,7,6,53.0
2024-07-11,11.020833333333334,5.741666666666667,121.375,3.3666666666666667,2.8958333333333335,41.916666666666664,10.0,11,6,42,4,4,42.0
2024-07-12,7.545833333333333,5.1499999999999995,119.875,3.8833333333333333,1.8916666666666666,37.333333333333336,9.0,8,6,37,2,5,37.0
2024-07-13,8.612499999999999,5.020833333333333,121.08333333333333,3.3166666666666664,1.3,39.875,8.0,9,6,40,2,4,40.0
2024-07-14,22.583333333333332,8.9625,121.625,3.4625,1.4916666666666665,45.291666666666664,15.0,23,6,45,2,4,45.0
2024-07-15,21.758333333333336,10.220833333333333,140.25,4.458333333333333,2.875,46.458333333333336,17.0,22,7,46,4,6,46.0
2024-07-16,6.375,4.341666666666667,137.58333333333334,5.216666666666667,5.529166666666666,51.583333333333336,7.0,6,7,52,7,7,52.0
2024-07-17,7.745833333333334,4.8374999999999995,125.41666666666667,4.683333333333334,4.683333333333333,49.75,8.0,8,6,50,6,6,50.0
2024-07-18,6.7375,4.608333333333333,118.33333333333333,3.6458333333333335,2.65,49.583333333333336,8.0,7,6,50,3,5,50.0
2024-07-19,7.308333333333334,4.579166666666667,122.58333333333333,3.8041666666666667,3.1333333333333333,52.0,8.0,7,6,52,4,5,52.0
2024-07-20,6.620833333333334,4.55,130.58333333333334,4.591666666666667,4.566666666666666,50.583333333333336,8.0,7,7,51,6,6,51.0
2024-07-21,10.104166666666666,6.704166666666667,129.66666666666666,3.3125,2.0083333333333333,52.875,11.0,10,6,53,3,4,53.0
2024-07-22,8.345833333333333,6.183333333333334,127.25,2.9625,1.9041666666666668,58.291666666666664,10.0,8,6,58,2,4,58.0
2024-07-23,8.545833333333333,5.416666666666667,113.08333333333333,2.3125,0.9375,53.75,9.0,9,6,54,1,3,54.0
2024-07-24,30.491666666666664,16.791666666666668,123.95833333333333,1.8125,1.2791666666666666,67.70833333333333,28.0,30,6,68,2,2,68.0
2024-07-25,35.858333333333334,16.870833333333334,115.75,1.6708333333333334,1.2750000000000001,62.791666666666664,28.0,36,6,63,2,2,63.0
2024-07-26,24.02916666666667,10.416666666666666,105.58333333333333,2.0416666666666665,1.1791666666666667,45.791666666666664,17.0,24,5,46,1,3,46.0
2024-07-27,25.054166666666664,10.704166666666666,109.75,2.4,1.0541666666666667,42.166666666666664,18.0,25,5,42,1,3,42.0
2024-07-28,20.941666666666666,9.204166666666667,119.83333333333333,2.7083333333333335,1.2458333333333333,46.041666666666664,15.0,21,6,46,2,3,46.0
2024-07-29,17.2625,8.387500000000001,128.29166666666666,3.4916666666666667,1.9916666666666665,45.25,14.0,17,6,45,2,4,45.0
2024-07-30,25.770833333333332,9.691666666666666,123.45833333333333,3.475,1.8958333333333333,43.791666666666664,16.0,26,6,44,2,4,44.0
2024-07-31,26.65833333333333,8.866666666666667,120.41666666666667,3.0541666666666667,1.5166666666666666,41.833333333333336,15.0,27,6,42,2,4,42.0
2024-08-01,17.2,7.45,115.58333333333333,2.5458333333333334,1.1833333333333333,43.166666666666664,12.0,17,6,43,1,3,43.0
2024-08-02,7.045833333333333,3.8333333333333335,107.29166666666667,2.8000000000000003,1.4124999999999999,41.5,6.0,7,5,42,2,4,42.0
2024-08-03,12.229166666666666,6.795833333333333,112.58333333333333,2.7375000000000003,1.3208333333333333,43.75,11.0,12,6,44,2,3,44.0
2024-08-04,12.975,6.5,113.20833333333333,3.0875,1.5666666666666667,40.208333333333336,11.0,13,6,40,2,4,40.0
2024-08-05,20.129166666666666,8.908333333333333,114.70833333333333,3.658333333333333,2.2624999999999997,37.625,15.0,20,6,38,3,5,38.0
2024-08-06,18.908333333333335,7.0375000000000005,107.45833333333333,2.3958333333333335,1.2666666666666668,42.708333333333336,12.0,19,5,43,2,3,43.0
2024-08-07,19.070833333333333,6.683333333333334,107.79166666666667,2.4875000000000003,1.2750000000000001,40.791666666666664,11.0,19,5,41,2,3,41.0
2024-08-08,16.666666666666668,7.533333333333334,126.16666666666667,3.579166666666667,2.004166666666667,41.5,13.0,17,6,42,3,4,42.0
2024-08-09,18.370833333333334,7.195833333333333,126.83333333333333,3.275,1.3291666666666666,40.541666666666664,12.0,18,6,41,2,4,41.0
2024-08-10,12.170833333333334,5.7250000000000005,112.70833333333333,2.829166666666667,1.2166666666666666,38.541666666666664,10.0,12,6,39,2,4,39.0
2024-08-11,12.65,6.3625,109.25,2.4833333333333334,1.0625,38.75,11.0,13,5,39,1,3,39.0
2024-08-12,12.829166666666666,5.8625,109.75,2.6083333333333334,1.0958333333333334,35.333333333333336,10.0,13,5,35,1,3,35.0
2024-08-13,20.183333333333334,9.35,125.91666666666667,3.4916666666666667,1.9791666666666667,38.333333333333336,16.0,20,6,38,2,4,38.0
2024-08-14,24.116666666666664,9.5625,123.45833333333333,3.5541666666666667,1.5875000000000001,39.083333333333336,16.0,24,6,39,2,4,39.0
2024-08-15,25.775000000000002,9.783333333333333,131.75,3.2541666666666664,1.4791666666666667,38.583333333333336,16.0,26,7,39,2,4,39.0
2024-08-16,24.745833333333334,11.379166666666668,135.91666666666666,3.4916666666666667,1.804166666666667,38.75,19.0,25,7,39,2,4,39.0
2024-08-17,18.162499999999998,8.683333333333334,130.95833333333334,3.216666666666667,1.8499999999999999,43.583333333333336,14.0,18,7,44,2,4,44.0
2024-08-18,21.287499999999998,11.525,175.95833333333334,5.205,2.283333333333333,39.166666666666664,19.0,21,9,39,3,7,39.0
2024-08-19,18.837500000000002,11.566666666666668,172.54166666666666,4.779166666666667,5.029166666666667,61.291666666666664,19.0,19,9,61,6,6,61.0
2024-08-20,23.733333333333334,14.112499999999999,186.08333333333334,5.7749999999999995,3.1374999999999997,49.666666666666664,24.0,24,9,50,4,7,50.0
2024-08-21,39.44583333333333,26.212500000000002,238.83333333333334,6.576190476190476,7.8,62.708333333333336,44.0,39,12,63,10,8,63.0
2024-08-22,42.612500000000004,29.195833333333336,268.7083333333333,5.058333333333334,10.637500000000001,91.5,49.0,43,13,92,13,6,92.0
2024-08-23,13.054166666666667,8.920833333333333,192.20833333333334,4.179166666666666,7.508333333333333,84.58333333333333,15.0,13,10,85,9,5,85.0
2024-08-24,9.854166666666666,5.804166666666667,139.625,3.4875000000000003,2.1625,44.916666666666664,10.0,10,7,45,3,4,45.0
2024-08-25,10.799999999999999,6.245833333333334,126.41666666666667,2.4708333333333337,0.9125000000000001,45.25,10.0,11,6,45,1,3,45.0
2024-08-26,11.120833333333332,6.675,115.91666666666667,3.2916666666666665,1.8,42.333333333333336,11.0,11,6,42,2,4,42.0
2024-08-27,8.549999999999999,4.920833333333333,121.875,4.533333333333333,3.875,40.166666666666664,8.0,9,6,40,5,6,40.0
2024-08-28,11.637500000000001,6.1625000000000005,116.79166666666667,4.375,3.2541666666666664,35.625,10.0,12,6,36,4,5,36.0
2024-08-29,16.795833333333334,7.291666666666667,126.125,4.5375000000000005,3.7916666666666665,36.75,12.0,17,6,37,5,6,37.0
2024-08-30,24.116666666666664,8.066666666666666,128.375,4.566666666666666,4.416666666666667,42.666666666666664,13.0,24,6,43,6,6,43.0
2024-08-31,17.970833333333335,7.833333333333333,121.54166666666667,3.5625,2.1958333333333333,38.958333333333336,13.0,18,6,39,3,4,39.0
2024-09-01,23.09583333333333,7.579166666666667,116.625,2.6166666666666667,1.0708333333333333,37.458333333333336,13.0,23,6,37,1,3,37.0
2024-09-02,20.604166666666668,8.4125,146.66666666666666,4.208333333333333,4.070833333333334,44.083333333333336,14.0,21,7,44,5,5,44.0
2024-09-03,8.595833333333333,4.695833333333334,126.58333333333333,3.454166666666667,1.75,37.666666666666664,8.0,9,6,38,2,4,38.0
2024-09-04,14.137500000000001,6.8125,122.375,2.3249999999999997,1.0166666666666666,45.166666666666664,11.0,14,6,45,1,3,45.0
2024-09-05,8.908333333333333,5.079166666666667,130.83333333333334,2.558333333333333,0.9125,44.25,8.0,9,7,44,1,3,44.0
2024-09-06,10.704166666666666,5.370833333333334,129.375,2.3541666666666665,0.9958333333333332,43.833333333333336,9.0,11,6,44,1,3,44.0
2024-09-07,15.070833333333333,6.683333333333334,128.79166666666666,3.5666666666666664,1.8458333333333332,39.708333333333336,11.0,15,6,40,2,4,40.0
2024-09-08,10.549999999999999,6.133333333333333,126.5,3.4458333333333333,1.8166666666666667,38.416666666666664,10.0,11,6,38,2,4,38.0
2024-09-09,10.612499999999999,6.116666666666667,121.25,2.7708333333333335,1.4375,44.416666666666664,10.0,11,6,44,2,3,44.0
2024-09-10,12.045833333333334,6.841666666666666,120.95833333333333,3.3541666666666665,1.9083333333333332,41.958333333333336,11.0,12,6,42,2,4,42.0
2024-09-11,11.575000000000001,7.133333333333333,136.83333333333334,3.1750000000000003,2.4250000000000003,48.708333333333336,12.0,12,7,49,3,4,49.0
2024-09-12,30.974999999999998,12.616666666666667,142.20833333333334,3.9333333333333336,3.8333333333333335,50.5,21.0,31,7,50,5,5,50.0
2024-09-13,28.891666666666666,12.3375,131.20833333333334,3.454166666666667,2.5,46.75,21.0,29,7,47,3,4,47.0
2024-09-14,15.0625,7.875,127.25,4.0874999999999995,3.975,47.625,13.0,15,6,48,5,5,48.0
2024-09-15,16.954166666666666,8.704166666666667,128.41666666666666,2.858333333333333,1.4625000000000001,48.333333333333336,15.0,17,6,48,2,4,48.0
2024-09-16,33.0875,13.479166666666666,147.45833333333334,3.216666666666667,1.575,52.375,22.0,33,7,52,2,4,52.0
2024-09-17,38.854166666666664,17.054166666666667,161.04166666666666,3.3625000000000003,3.9166666666666665,67.79166666666667,28.0,39,8,68,5,4,68.0
2024-09-18,44.34166666666667,20.804166666666667,165.29166666666666,3.4125,2.6625,73.29166666666667,35.0,44,8,73,3,4,73.0
2024-09-19,39.041666666666664,20.520833333333332,170.29166666666666,3.9875000000000003,1.7083333333333333,68.375,34.0,39,9,68,2,5,68.0
2024-09-20,33.8125,17.8,161.20833333333334,4.2375,1.4416666666666667,59.875,30.0,34,8,60,2,5,60.0
2024-09-21,34.93333333333333,18.679166666666667,162.41666666666666,4.104166666666667,1.3625,59.208333333333336,31.0,35,8,59,2,5,59.0
2024-09-22,50.949999999999996,29.483333333333334,214.375,4.258333333333334,6.108333333333333,82.95833333333333,49.0,51,11,83,8,5,83.0
2024-09-23,42.32083333333333,25.916666666666668,215.125,3.466666666666667,7.420833333333333,89.20833333333333,43.0,42,11,89,9,4,89.0
2024-09-24,24.6875,16.045833333333334,234.33333333333334,3.766666666666666,8.391666666666667,88.91666666666667,27.0,25,12,89,10,5,89.0
2024-09-25,14.512500000000001,10.0,229.58333333333334,3.5083333333333333,6.558333333333334,86.41666666666667,17.0,15,11,86,8,4,86.0
2024-09-26,15.758333333333333,11.058333333333332,286.625,6.791666666666667,11.720833333333333,71.29166666666667,18.0,16,14,71,15,8,71.0
2024-09-27,6.420833333333333,4.529166666666667,215.91666666666666,6.070833333333333,9.108333333333333,64.91666666666667,8.0,6,11,65,11,8,65.0
2024-09-28,9.104166666666666,6.154166666666666,153.83333333333334,2.658333333333333,1.4541666666666666,55.541666666666664,10.0,9,8,56,2,3,56.0
2024-09-29,11.504166666666668,7.741666666666667,180.54166666666666,5.108333333333333,3.2541666666666664,49.791666666666664,13.0,12,9,50,4,6,50.0
2024-09-30,34.6875,23.620833333333334,270.9166666666667,3.4125,4.891666666666667,71.91666666666667,39.0,35,14,72,6,4,72.0
2024-10-01,54.74166666666667,35.49583333333333,289.3333333333333,4.816666666666666,9.030434782608696,80.75,59.0,55,14,81,11,6,81.0
2024-10-02,50.30416666666667,31.458333333333332,231.66666666666666,4.030434782608696,8.15,99.83333333333333,52.0,50,12,100,10,5,100.0
2024-10-03,24.96666666666667,15.429166666666667,168.20833333333334,2.8541666666666665,1.7166666666666668,71.45833333333333,26.0,25,8,71,2,4,71.0
2024-10-04,16.787499999999998,10.529166666666667,147.54166666666666,3.5708333333333333,1.2708333333333333,50.708333333333336,18.0,17,7,51,2,4,51.0
2024-10-05,19.808333333333334,12.654166666666667,177.95833333333334,4.29,1.0666666666666667,46.666666666666664,21.0,20,9,47,1,5,47.0
2024-10-06,51.3375,32.75416666666667,231.41666666666666,4.586956521739131,6.204166666666667,79.16666666666667,55.0,51,12,79,8,6,79.0
2024-10-07,48.94583333333333,30.541666666666668,250.0,4.379166666666666,6.5625,91.125,51.0,49,12,91,8,5,91.0
2024-10-08,48.85,28.7625,266.0833333333333,4.470833333333333,6.529166666666666,94.91666666666667,48.0,49,13,95,8,6,95.0
2024-10-09,71.37916666666666,46.20416666666667,286.25,3.3208333333333333,6.991666666666667,96.33333333333333,77.0,71,14,96,9,4,96.0
2024-10-10,21.1375,14.691666666666668,204.45833333333334,2.8708333333333336,2.9250000000000003,73.54166666666667,24.0,21,10,74,4,4,74.0
2024-10-11,14.633333333333333,10.091666666666667,197.16666666666666,3.4333333333333336,2.3125,54.666666666666664,17.0,15,10,55,3,4,55.0
2024-10-12,13.862499999999999,9.575000000000001,194.70833333333334,4.8875,3.0375,47.958333333333336,16.0,14,10,48,4,6,48.0
2024-10-13,19.629166666666666,13.479166666666666,218.16666666666666,5.741666666666667,3.4625,57.416666666666664,22.0,20,11,57,4,7,57.0
2024-10-14,12.279166666666667,8.516666666666667,208.20833333333334,5.304166666666666,3.0749999999999997,60.5,14.0,12,10,60,4,7,60.0
2024-10-15,29.0125,20.166666666666668,255.54166666666666,4.7,3.6791666666666667,78.33333333333333,34.0,29,13,78,5,6,78.0
2024-10-16,41.295833333333334,28.604166666666668,294.0,5.2124999999999995,6.670833333333333,87.29166666666667,48.0,41,15,87,8,7,87.0
2024-10-17,59.14166666666667,40.550000000000004,286.2083333333333,3.5875,9.370833333333334,101.95833333333333,68.0,59,14,103,12,4,103.0
2024-10-18,23.920833333333334,16.058333333333334,219.58333333333334,4.325,4.441666666666666,70.125,27.0,24,11,70,6,5,70.0
2024-10-19,15.820833333333333,10.958333333333334,208.20833333333334,4.5375000000000005,3.4875000000000003,68.41666666666667,18.0,16,10,68,4,6,68.0
2024-10-20,13.983333333333333,9.729166666666666,217.625,5.091666666666667,3.6,66.29166666666667,16.0,14,11,66,5,6,66.0
2024-10-21,17.470833333333335,12.154166666666667,237.33333333333334,5.722727272727273,2.8958333333333335,60.791666666666664,20.0,17,12,61,4,7,61.0
2024-10-22,22.979166666666668,15.950000000000001,215.41666666666666,3.891666666666667,2.4125,76.5,27.0,23,11,76,3,5,76.0
2024-10-23,48.98333333333333,32.391666666666666,289.5416666666667,4.125,8.141666666666667,99.41666666666667,54.0,49,14,99,10,5,99.0
2024-10-24,72.3875,44.270833333333336,333.625,6.1,8.091666666666667,93.375,74.0,72,17,93,10,8,93.0
2024-10-25,53.875,32.641666666666666,340.75,6.554166666666667,5.875,92.25,54.0,54,17,92,7,8,92.0
2024-10-26,60.34166666666667,32.65,285.5416666666667,6.815789473684211,7.295833333333333,93.20833333333333,54.0,60,14,93,9,9,93.0
2024-10-27,71.02916666666667,39.19583333333333,322.0416666666667,6.254166666666666,14.868181818181819,129.0,65.0,71,16,143,19,8,143.0
2024-10-28,65.16666666666667,37.03333333333333,310.4166666666667,6.52,13.641666666666666,106.375,62.0,65,16,109,17,8,109.0
2024-10-29,75.0125,41.5,312.7083333333333,5.4,18.462500000000002,112.0,69.0,75,16,118,23,7,118.0
2024-10-30,53.39166666666667,30.7,238.875,5.765217391304348,9.104166666666666,97.75,51.0,53,12,98,11,7,98.0
2024-10-31,41.016666666666666,24.4875,211.91666666666666,4.404166666666667,5.133333333333334,93.875,41.0,41,11,94,6,6,94.0
2024-11-01,42.11666666666667,24.829166666666666,203.91666666666666,4.579166666666667,5.458333333333333,91.29166666666667,41.0,42,10,91,7,6,91.0
2024-11-02,41.25,24.245833333333334,221.41666666666666,5.345833333333334,5.345833333333334,89.20833333333333,40.0,41,11,89,7,7,89.0
2024-11-03,59.6,35.49166666666667,256.8333333333333,4.629166666666666,6.158333333333334,100.41666666666667,59.0,60,13,101,8,6,101.0
2024-11-04,76.6375,44.041666666666664,251.58333333333334,3.7875,6.104166666666667,105.45833333333333,73.0,77,13,108,8,5,108.0
2024-11-05,63.20416666666667,36.40416666666667,273.2083333333333,4.066666666666666,5.8125,104.45833333333333,61.0,63,14,107,7,5,107.0
2024-11-06,65.33333333333333,37.69166666666667,310.5,4.408333333333333,5.6375,102.16666666666667,63.0,65,16,103,7,6,103.0
2024-11-07,76.84583333333333,45.333333333333336,316.9583333333333,3.704166666666667,5.808333333333334,106.41666666666667,76.0,77,16,109,7,5,109.0
2024-11-08,78.22916666666667,47.0875,311.875,3.5083333333333333,6.129166666666666,106.375,78.0,78,16,109,8,4,109.0
2024-11-09,73.70833333333333,44.39166666666667,309.5833333333333,3.4458333333333333,5.45,110.125,74.0,74,15,115,7,4,115.0
2024-11-10,68.5125,41.50416666666667,318.7083333333333,3.279166666666667,4.595833333333333,108.95833333333333,69.0,69,16,113,6,4,113.0
2024-11-11,67.87916666666666,41.09583333333333,313.25,3.204166666666667,8.012500000000001,105.625,68.0,68,16,108,10,4,108.0
2024-11-12,40.6875,31.3125,324.4166666666667,3.025,10.820833333333333,116.79166666666667,52.0,41,16,125,14,4,125.0
2024-11-13,37.641666666666666,36.137499999999996,315.375,3.4583333333333335,12.0875,123.125,60.0,38,16,134,15,4,134.0
2024-11-14,38.079166666666666,37.275,320.125,4.166666666666667,12.954166666666666,117.58333333333333,62.0,38,16,126,16,5,126.0
2024-11-15,52.95416666666667,52.32083333333333,325.25,5.870833333333334,15.825000000000001,111.875,87.0,53,16,117,20,7,117.0
2024-11-16,50.05416666666667,49.449999999999996,317.625,5.416666666666667,16.566666666666666,109.33333333333333,82.0,50,16,114,21,7,114.0
2024-11-17,39.37083333333333,38.46666666666667,303.0,3.525,12.504166666666668,113.16666666666667,64.0,39,15,119,16,4,119.0
2024-11-18,41.67916666666667,40.27916666666667,315.375,3.341666666666667,13.333333333333334,119.54166666666667,67.0,42,16,129,17,4,129.0
2024-11-19,54.895833333333336,53.17916666666667,349.9583333333333,3.225,13.320833333333333,128.45833333333334,89.0,55,17,142,17,4,142.0
2024-11-20,53.53333333333333,51.57083333333333,349.5,3.6458333333333335,14.924999999999999,124.04166666666667,86.0,54,17,135,19,5,135.0
2024-11-21,60.949999999999996,58.479166666666664,346.4583333333333,5.338095238095238,14.658333333333333,109.83333333333333,97.0,61,17,114,18,7,114.0
2024-11-22,66.07083333333334,64.00416666666666,390.5833333333333,5.058333333333334,16.154166666666665,119.79166666666667,113.0,66,20,129,20,6,129.0
2024-11-23,71.6375,62.50769230769231,412.875,5.160869565217391,15.108333333333334,119.58333333333333,108.0,72,21,129,19,6,129.0
2024-11-24,83.4875,71.55000000000001,415.5833333333333,4.654166666666667,14.6625,126.29166666666667,139.0,83,21,139,18,6,139.0
2024-11-25,60.791666666666664,56.15416666666667,354.0416666666667,3.0583333333333336,13.125,123.66666666666667,94.0,61,18,135,16,4,135.0
2024-11-26,35.84166666666667,32.99583333333333,267.5416666666667,3.0083333333333333,12.633333333333333,120.20833333333333,55.0,36,13,130,16,4,130.0
2024-11-27,35.25833333333333,33.0,275.8333333333333,3.0999999999999996,16.099999999999998,127.25,55.0,35,14,140,20,4,140.0
2024-11-28,35.020833333333336,31.8,249.16666666666666,3.0,14.191666666666668,115.95833333333333,53.0,35,12,123,18,4,123.0
2024-11-29,32.85,30.59583333333333,272.6666666666667,3.141666666666666,14.5875,114.70833333333333,51.0,33,14,122,18,4,122.0
2024-11-30,55.729166666666664,53.025,318.5,3.4583333333333335,18.966666666666665,122.375,88.0,56,16,133,24,4,133.0
2024-12-01,60.69583333333333,55.575,332.7916666666667,3.783333333333333,18.35,119.16666666666667,93.0,61,17,128,23,5,128.0
2024-12-02,43.52916666666667,42.65833333333333,315.7083333333333,3.0500000000000003,17.45263157894737,102.04166666666667,71.0,44,16,103,22,4,103.0
2024-12-03,33.94583333333333,33.579166666666666,310.0416666666667,3.3249999999999997,11.691666666666668,86.625,56.0,34,16,87,15,4,87.0
2024-12-04,19.191666666666666,19.087500000000002,276.625,3.4625,5.970833333333334,76.66666666666667,32.0,19,14,77,7,4,77.0
2024-12-05,23.820833333333336,23.53333333333333,292.375,4.145833333333333,5.133333333333334,73.04166666666667,39.0,24,15,73,6,5,73.0
2024-12-06,28.516666666666666,28.141666666666666,303.25,5.994736842105263,7.9875,77.58333333333333,47.0,29,15,78,10,7,78.0
2024-12-07,24.2625,22.979166666666668,258.2916666666667,7.320833333333333,11.5375,97.83333333333333,38.0,24,13,98,14,9,98.0
2024-12-08,26.208333333333332,23.96666666666667,243.79166666666666,5.808333333333334,16.354166666666668,109.16666666666667,40.0,26,12,113,20,7,113.0
2024-12-09,18.195833333333333,16.358333333333334,191.16666666666666,3.725,8.445833333333333,102.04166666666667,27.0,18,10,103,11,5,103.0
2024-12-10,19.095833333333335,18.175,254.54166666666666,4.3875,14.804166666666667,100.625,30.0,19,13,101,19,5,101.0
2024-12-11,24.099999999999998,23.620833333333334,279.5833333333333,5.860869565217392,12.495833333333332,88.91666666666667,39.0,24,14,89,16,7,89.0
2024-12-12,23.883333333333336,23.537499999999998,283.9166666666667,4.270833333333333,15.529166666666667,104.875,39.0,24,14,107,19,5,107.0
2024-12-13,27.254166666666666,27.03333333333333,273.25,3.1958333333333333,20.21818181818182,117.20833333333333,45.0,27,14,125,25,4,125.0
2024-12-14,30.041666666666668,29.641666666666666,286.2083333333333,3.5833333333333335,13.745833333333332,115.25,49.0,30,14,122,17,4,122.0
2024-12-15,18.841666666666665,18.545833333333334,287.0416666666667,4.2124999999999995,8.858333333333333,107.33333333333333,31.0,19,14,111,11,5,111.0
2024-12-16,15.654166666666667,15.504166666666668,278.6666666666667,5.325,7.083333333333333,89.70833333333333,26.0,16,14,90,9,7,90.0
2024-12-17,23.837500000000002,23.462500000000002,302.25,6.534999999999999,12.137500000000001,95.33333333333333,39.0,24,15,95,15,8,95.0
2024-12-18,35.737500000000004,34.5875,330.8333333333333,6.276470588235294,14.566666666666668,94.08333333333333,58.0,36,17,94,18,8,94.0
2024-12-19,51.26666666666667,49.916666666666664,343.75,6.970833333333334,15.666666666666666,107.16666666666667,83.0,51,17,111,20,9,111.0
2024-12-20,67.9875,59.041666666666664,362.3333333333333,8.204166666666667,17.675,128.7826086956522,98.0,68,18,142,22,10,142.0
2024-12-21,88.86470588235295,71.475,395.6666666666667,7.2956521739130435,23.214285714285715,124.41666666666667,138.0,89,20,136,29,9,138.0
2024-12-22,75.64545454545454,69.65,395.2083333333333,5.291666666666667,13.038095238095238,101.95833333333333,132.0,76,20,103,16,7,132.0
2024-12-23,74.28421052631579,56.23333333333333,380.3333333333333,5.816666666666666,11.570588235294117,101.125,94.0,74,19,102,14,7,102.0
2024-12-24,87.41739130434782,66.39999999999999,430.5,5.470833333333334,17.508333333333333,95.04166666666667,121.0,87,22,95,22,7,121.0
2024-12-25,93.37619047619047,,399.375,6.6,16.869999999999997,87.58333333333333,,93,20,88,21,8,93.0
2024-12-26,65.97916666666667,42.76153846153846,336.75,6.20952380952381,13.945833333333333,84.5,71.0,66,17,84,17,8,84.0
2024-12-27,55.86875,40.36363636363637,342.75,7.42,10.783333333333333,93.91666666666667,67.0,56,17,94,13,9,94.0
2024-12-28,76.75,54.6875,333.3333333333333,5.954166666666667,15.976470588235296,92.45833333333333,91.0,77,17,92,20,7,92.0
2024-12-29,43.775,43.04583333333333,291.0833333333333,3.829166666666667,10.991666666666667,89.29166666666667,72.0,44,15,89,14,5,89.0
2024-12-30,48.604166666666664,47.80416666666667,308.625,5.673913043478261,14.379166666666668,86.04166666666667,80.0,49,15,86,18,7,86.0
2024-12-31,53.59166666666667,52.63333333333333,317.2083333333333,5.128571428571429,15.358333333333334,95.625,88.0,54,16,96,19,6,96.0
2025-01-01,49.38333333333333,48.42916666666667,330.0,5.2,14.204166666666666,91.20833333333333,81.0,49,16,91,18,7,91.0
2025-01-02,24.337500000000002,24.020833333333332,275.75,4.0,13.259090909090908,93.41666666666667,40.0,24,14,93,17,5,93.0
2025-01-03,17.466666666666665,17.183333333333334,241.45833333333334,5.233333333333333,13.708695652173914,93.04166666666667,29.0,17,12,93,17,7,93.0
2025-01-04,17.754166666666666,17.416666666666668,226.5,4.707142857142857,10.329166666666667,82.41666666666667,29.0,18,11,82,13,6,82.0
2025-01-05,37.829166666666666,37.77916666666667,285.7083333333333,7.890000000000001,11.307692307692308,99.54166666666667,63.0,38,14,100,14,10,100.0
2025-01-06,40.525,39.333333333333336,353.9166666666667,4.866666666666666,15.082352941176469,115.29166666666667,66.0,41,18,122,19,6,122.0
2025-01-07,47.24166666666667,46.64166666666667,332.4583333333333,3.0625,17.070833333333333,121.08333333333333,78.0,47,17,131,21,4,131.0
2025-01-08,39.19583333333333,38.62083333333333,346.375,4.566666666666666,16.95,116.04166666666667,64.0,39,17,124,21,6,124.0
2025-01-09,34.699999999999996,33.449999999999996,335.9166666666667,4.766666666666667,13.525,107.54166666666667,56.0,35,17,111,17,6,111.0
2025-01-10,54.012499999999996,46.810526315789474,371.5833333333333,4.0928571428571425,12.9625,108.875,78.0,54,19,113,16,5,113.0
2025-01-11,66.55,64.2,390.7916666666667,7.075,16.32,111.41666666666667,114.0,67,20,117,20,9,117.0
2025-01-12,63.05833333333334,60.24761904761905,305.5,4.1499999999999995,16.610526315789475,115.54166666666667,101.0,63,15,123,21,5,123.0
2025-01-13,64.575,59.8111111111111,374.5416666666667,3.0124999999999997,15.341666666666667,113.375,100.0,65,19,120,19,4,120.0
2025-01-14,59.887499999999996,58.54782608695652,366.7916666666667,4.673333333333333,15.2875,89.20833333333333,98.0,60,18,89,19,6,98.0
2025-01-15,60.25,45.833333333333336,410.4583333333333,7.3999999999999995,11.399999999999999,99.75,76.0,60,21,100,14,9,100.0
2025-01-16,73.00416666666666,62.73333333333333,385.4583333333333,5.033333333333333,18.047619047619047,105.75,109.0,73,19,108,23,6,109.0
2025-01-17,56.541666666666664,50.58421052631579,372.9583333333333,3.4166666666666665,12.645833333333334,102.16666666666667,84.0,57,19,103,16,4,103.0
2025-01-18,39.15416666666667,38.67916666666667,347.7083333333333,3.4499999999999997,11.291666666666666,106.875,64.0,39,17,110,14,4,110.0
2025-01-19,48.62916666666666,48.18333333333334,379.2916666666667,4.3,15.979166666666666,114.04166666666667,80.0,49,19,121,20,5,121.0
2025-01-20,41.233333333333334,40.94166666666667,341.875,5.131578947368421,12.891666666666666,100.125,68.0,41,17,100,16,6,100.0
2025-01-21,41.30833333333333,41.020833333333336,320.7083333333333,6.072222222222222,16.5625,97.16666666666667,68.0,41,16,97,21,8,97.0
2025-01-22,46.75416666666666,46.18333333333334,328.5416666666667,5.783333333333334,16.604545454545455,117.33333333333333,77.0,47,16,125,21,7,125.0
2025-01-23,42.416666666666664,40.833333333333336,343.625,4.829166666666667,16.599999999999998,114.16666666666667,68.0,42,17,121,21,6,121.0
2025-01-24,45.17916666666667,44.75833333333333,338.875,4.856521739130435,17.608333333333334,117.0,75.0,45,17,125,22,6,125.0
2025-01-25,46.55416666666667,46.15833333333333,339.2083333333333,5.763636363636364,16.441666666666666,109.25,77.0,47,17,114,21,7,114.0
2025-01-26,43.583333333333336,43.237500000000004,324.9583333333333,6.0736842105263165,16.354545454545455,100.20833333333333,72.0,44,16,100,20,8,100.0
2025-01-27,33.55833333333333,33.395833333333336,288.7916666666667,7.377272727272728,13.523809523809524,99.625,56.0,34,14,100,17,9,100.0
2025-01-28,37.395833333333336,37.30416666666667,275.25,8.008333333333333,15.058333333333332,106.58333333333333,62.0,37,14,110,19,10,110.0
2025-01-29,40.699999999999996,40.49583333333333,307.3333333333333,7.066666666666666,12.876470588235295,118.08333333333333,67.0,41,15,127,16,9,127.0
2025-01-30,34.708333333333336,33.21666666666667,221.66666666666666,7.179166666666667,21.294736842105266,116.125,55.0,35,11,124,27,9,124.0
2025-01-31,35.0375,25.433333333333334,223.08333333333334,6.691666666666666,17.8,102.20833333333333,42.0,35,11,103,22,8,103.0
