date,pm10 (μg/m³),pm2_5 (μg/m³),carbon_monoxide (μg/m³),nitrogen_dioxide (μg/m³),sulphur_dioxide (μg/m³),ozone (μg/m³),pm2_5 (μg/m³)_subindex,pm10 (μg/m³)_subindex,carbon_monoxide (μg/m³)_subindex,ozone (μg/m³)_subindex,sulphur_dioxide (μg/m³)_subindex,nitrogen_dioxide (μg/m³)_subindex,AQI
2022-09-01,16.270833333333332,11.308333333333332,200.04166666666666,3.4499999999999997,1.0458333333333334,73.04166666666667,19.0,16,10,73,1.0,4,73.0
2022-09-02,18.091666666666665,12.608333333333334,203.29166666666666,2.8333333333333335,1.0666666666666667,85.875,21.0,18,10,86,1.0,4,86.0
2022-09-03,12.620833333333332,8.820833333333333,227.70833333333334,3.016666666666667,1.5041666666666667,88.125,15.0,13,11,88,2.0,4,88.0
2022-09-04,13.708333333333334,9.491666666666667,236.33333333333334,3.0833333333333335,1.1916666666666667,92.0,16.0,14,12,92,1.0,4,92.0
2022-09-05,10.354166666666666,7.216666666666666,215.83333333333334,3.2583333333333333,0.8541666666666666,82.58333333333333,12.0,10,11,83,1.0,4,83.0
2022-09-06,11.054166666666667,7.7375,217.5,4.395833333333333,0.7291666666666666,66.20833333333333,13.0,11,11,66,1.0,5,66.0
2022-09-07,12.887500000000001,8.9625,188.95833333333334,3.15,0.5833333333333334,55.708333333333336,15.0,13,9,56,1.0,4,56.0
2022-09-08,13.258333333333333,9.262500000000001,216.16666666666666,2.0083333333333333,0.5125000000000001,71.08333333333333,15.0,13,11,71,1.0,3,71.0
2022-09-09,17.254166666666666,12.045833333333334,215.91666666666666,2.2333333333333334,0.9916666666666667,80.29166666666667,20.0,17,11,80,1.0,3,80.0
2022-09-10,13.700000000000001,9.570833333333333,232.125,2.0541666666666667,0.9583333333333334,81.33333333333333,16.0,14,12,81,1.0,3,81.0
2022-09-11,10.558333333333334,7.3374999999999995,219.91666666666666,2.8375000000000004,0.9041666666666667,70.33333333333333,12.0,11,11,70,1.0,4,70.0
2022-09-12,7.891666666666667,5.479166666666667,144.54166666666666,2.670833333333333,0.8041666666666667,52.875,9.0,8,7,53,1.0,3,53.0
2022-09-13,7.7625,5.433333333333334,150.83333333333334,3.4458333333333333,0.8291666666666666,46.5,9.0,8,8,46,1.0,4,46.0
2022-09-14,9.716666666666667,6.7625,162.45833333333334,2.716666666666667,1.0041666666666667,65.375,11.0,10,8,65,1.0,3,65.0
2022-09-15,10.170833333333333,7.104166666666667,202.16666666666666,3.404166666666667,1.0208333333333333,70.29166666666667,12.0,10,10,70,1.0,4,70.0
2022-09-16,14.112499999999999,9.8125,221.875,3.204166666666667,1.1791666666666667,81.66666666666667,16.0,14,11,82,1.0,4,82.0
2022-09-17,17.708333333333332,12.283333333333333,245.04166666666666,3.079166666666667,1.2166666666666666,85.58333333333333,20.0,18,12,86,2.0,4,86.0
2022-09-18,17.570833333333333,12.241666666666667,250.41666666666666,3.3375,0.9541666666666666,85.5,20.0,18,13,86,1.0,4,86.0
2022-09-19,11.875,8.299999999999999,205.875,3.3166666666666664,0.6749999999999999,70.25,14.0,12,10,70,1.0,4,70.0
2022-09-20,12.445833333333333,8.549999999999999,183.33333333333334,2.85,0.8416666666666667,69.625,14.0,12,9,70,1.0,4,70.0
2022-09-21,11.8375,8.145833333333334,179.625,2.829166666666667,0.6458333333333334,73.5,14.0,12,9,74,1.0,4,74.0
2022-09-22,14.9625,10.1875,184.20833333333334,2.8666666666666667,0.6416666666666667,76.5,17.0,15,9,76,1.0,4,76.0
2022-09-23,14.3375,9.870833333333334,187.375,3.1333333333333333,0.6541666666666667,71.16666666666667,16.0,14,9,71,1.0,4,71.0
2022-09-24,17.1875,11.875,202.29166666666666,3.9333333333333336,0.5375,65.29166666666667,20.0,17,10,65,1.0,5,65.0
2022-09-25,17.379166666666666,12.045833333333334,222.16666666666666,4.283333333333333,0.5375,65.70833333333333,20.0,17,11,66,1.0,5,66.0
2022-09-26,17.591666666666665,12.120833333333332,229.625,4.208333333333333,0.9125,70.04166666666667,20.0,18,11,70,1.0,5,70.0
2022-09-27,16.087500000000002,11.15,239.83333333333334,3.2083333333333335,0.5208333333333334,76.75,19.0,16,12,77,1.0,4,77.0
2022-09-28,16.429166666666667,11.4625,272.8333333333333,3.2809523809523813,0.625,75.08333333333333,19.0,16,14,75,1.0,4,75.0
2022-09-29,16.129166666666666,11.270833333333334,258.7916666666667,3.0749999999999997,0.5750000000000001,78.5,19.0,16,13,78,1.0,4,78.0
2022-09-30,17.083333333333332,11.945833333333333,277.2916666666667,3.3318181818181816,0.7958333333333334,71.70833333333333,20.0,17,14,72,1.0,4,72.0
2022-10-01,14.816666666666668,10.345833333333333,267.4583333333333,3.4583333333333335,0.6958333333333333,70.41666666666667,17.0,15,13,70,1.0,4,70.0
2022-10-02,17.416666666666668,12.1625,262.5833333333333,2.879166666666667,0.8666666666666667,73.75,20.0,17,13,74,1.0,4,74.0
2022-10-03,14.9,10.433333333333334,293.1666666666667,4.645833333333333,1.0416666666666667,57.375,17.0,15,15,57,1.0,6,57.0
2022-10-04,15.354166666666666,10.595833333333333,209.875,4.604761904761905,0.8500000000000001,46.625,18.0,15,10,47,1.0,6,47.0
2022-10-05,18.533333333333335,12.654166666666667,178.95833333333334,3.525,1.1458333333333333,56.791666666666664,21.0,19,9,57,1.0,4,57.0
2022-10-06,16.912499999999998,11.745833333333332,196.20833333333334,3.470833333333333,0.8083333333333332,68.08333333333333,20.0,17,10,68,1.0,4,68.0
2022-10-07,17.7375,12.299999999999999,205.54166666666666,4.319047619047619,0.6833333333333335,45.0,20.0,18,10,45,1.0,5,45.0
2022-10-08,19.5125,13.566666666666668,199.0,3.5208333333333335,1.0333333333333334,70.16666666666667,23.0,20,10,70,1.0,4,70.0
2022-10-09,20.579166666666666,14.299999999999999,215.54166666666666,3.704166666666667,2.3583333333333334,77.45833333333333,24.0,21,11,77,3.0,5,77.0
2022-10-10,16.595833333333335,11.575000000000001,214.33333333333334,2.8958333333333335,1.6125,80.54166666666667,19.0,17,11,81,2.0,4,81.0
2022-10-11,12.991666666666667,9.066666666666666,183.875,3.3625000000000003,1.2583333333333333,70.41666666666667,15.0,13,9,70,2.0,4,70.0
2022-10-12,15.4,10.7125,178.875,3.720833333333333,1.0958333333333334,66.58333333333333,18.0,15,9,67,1.0,5,67.0
2022-10-13,15.375,10.700000000000001,174.83333333333334,3.454166666666667,0.7416666666666667,65.5,18.0,15,9,66,1.0,4,66.0
2022-10-14,22.775000000000002,15.870833333333332,228.54166666666666,3.923809523809524,1.1624999999999999,69.91666666666667,26.0,23,11,70,1.0,5,70.0
2022-10-15,27.825,19.391666666666666,254.91666666666666,3.6136363636363638,1.3958333333333333,85.04166666666667,32.0,28,13,85,2.0,5,85.0
2022-10-16,21.84166666666667,15.262500000000001,244.33333333333334,3.289473684210526,1.4291666666666665,79.875,25.0,22,12,80,2.0,4,80.0
2022-10-17,25.054166666666664,17.491666666666667,275.5416666666667,3.1411764705882352,1.3625,74.08333333333333,29.0,25,14,74,2.0,4,74.0
2022-10-18,19.849999999999998,13.883333333333333,223.875,3.733333333333333,0.7791666666666667,73.45833333333333,23.0,20,11,73,1.0,5,73.0
2022-10-19,17.658333333333335,12.3375,197.0,3.1916666666666664,0.4875,72.04166666666667,21.0,18,10,72,1.0,4,72.0
2022-10-20,18.341666666666665,12.820833333333333,214.20833333333334,3.6333333333333333,0.7416666666666667,69.45833333333333,21.0,18,11,69,1.0,5,69.0
2022-10-21,14.391666666666666,10.033333333333333,185.66666666666666,3.09,0.8875000000000001,71.45833333333333,17.0,14,9,71,1.0,4,71.0
2022-10-22,12.483333333333334,8.704166666666667,178.95833333333334,4.2625,0.9125,75.33333333333333,15.0,12,9,75,1.0,5,75.0
2022-10-23,13.820833333333333,9.65,197.875,2.5500000000000003,0.8791666666666668,75.20833333333333,16.0,14,10,75,1.0,3,75.0
2022-10-24,8.174999999999999,5.7250000000000005,152.45833333333334,1.4291666666666665,0.5083333333333333,73.95833333333333,10.0,8,8,74,1.0,2,74.0
2022-10-25,15.424999999999999,10.799999999999999,216.79166666666666,6.325,1.0041666666666667,43.291666666666664,18.0,15,11,43,1.0,8,43.0
2022-10-26,39.887499999999996,27.920833333333334,306.125,3.388888888888889,3.608333333333333,80.625,47.0,40,15,81,5.0,4,81.0
2022-10-27,37.141666666666666,25.929166666666664,278.7083333333333,3.7428571428571424,2.658333333333333,83.875,43.0,37,14,84,3.0,5,84.0
2022-10-28,22.27916666666667,15.504166666666668,242.41666666666666,3.057894736842105,1.1791666666666667,79.75,26.0,22,12,80,1.0,4,80.0
2022-10-29,16.829166666666666,11.679166666666667,225.875,3.8850000000000002,1.0916666666666666,74.25,19.0,17,11,74,1.0,5,74.0
2022-10-30,16.1875,11.233333333333334,218.625,3.8899999999999997,1.0250000000000001,67.95833333333333,19.0,16,11,68,1.0,5,68.0
2022-10-31,15.520833333333334,10.808333333333332,214.29166666666666,4.095454545454545,1.2041666666666666,72.04166666666667,18.0,16,11,72,2.0,5,72.0
2022-11-01,17.141666666666666,11.941666666666668,243.41666666666666,4.116666666666666,1.2083333333333333,65.625,20.0,17,12,66,2.0,5,66.0
2022-11-02,20.375,14.216666666666667,233.41666666666666,4.581818181818182,1.3208333333333333,72.125,24.0,20,12,72,2.0,6,72.0
2022-11-03,23.833333333333332,16.641666666666666,264.0,3.638888888888889,1.1916666666666667,74.125,28.0,24,13,74,1.0,5,74.0
2022-11-04,24.816666666666666,17.25,243.83333333333334,4.266666666666667,1.1416666666666666,71.95833333333333,29.0,25,12,72,1.0,5,72.0
2022-11-05,25.958333333333332,18.029166666666665,273.0833333333333,3.8058823529411767,1.2708333333333333,64.625,30.0,26,14,65,2.0,5,65.0
2022-11-06,23.21666666666667,16.166666666666668,265.625,3.7588235294117647,1.3916666666666666,64.75,27.0,23,13,65,2.0,5,65.0
2022-11-07,28.070833333333336,19.520833333333332,276.2916666666667,4.105555555555556,1.6041666666666667,72.58333333333333,33.0,28,14,73,2.0,5,73.0
2022-11-08,27.162499999999998,18.929166666666667,272.4166666666667,3.55,1.9166666666666667,82.75,32.0,27,14,83,2.0,4,83.0
2022-11-09,20.479166666666668,14.275,251.375,3.511111111111111,1.5625,76.91666666666667,24.0,20,13,77,2.0,4,77.0
2022-11-10,18.829166666666666,13.033333333333333,221.79166666666666,3.611111111111111,1.3333333333333333,73.0,22.0,19,11,73,2.0,5,73.0
2022-11-11,20.5,14.158333333333333,232.16666666666666,4.133333333333334,1.3541666666666667,68.79166666666667,24.0,20,12,69,2.0,5,69.0
2022-11-12,24.858333333333334,17.3125,260.9166666666667,3.905263157894737,1.8291666666666666,76.75,29.0,25,13,77,2.0,5,77.0
2022-11-13,23.929166666666664,16.679166666666667,253.70833333333334,3.1666666666666665,1.2874999999999999,87.125,28.0,24,13,87,2.0,4,87.0
2022-11-14,20.966666666666665,14.554166666666667,266.0833333333333,3.105882352941176,1.0875000000000001,78.16666666666667,24.0,21,13,78,1.0,4,78.0
2022-11-15,20.724999999999998,14.383333333333333,259.875,3.9166666666666665,1.4083333333333334,75.83333333333333,24.0,21,13,76,2.0,5,76.0
2022-11-16,22.566666666666666,15.637500000000001,265.3333333333333,3.8333333333333335,1.5916666666666668,75.75,26.0,23,13,76,2.0,5,76.0
2022-11-17,22.241666666666664,15.366666666666667,254.79166666666666,3.4,1.7125000000000001,83.66666666666667,26.0,22,13,84,2.0,4,84.0
2022-11-18,21.058333333333334,14.5375,222.08333333333334,3.3318181818181816,1.3791666666666667,90.16666666666667,24.0,21,11,90,2.0,4,90.0
2022-11-19,17.804166666666667,12.345833333333333,203.91666666666666,4.3875,1.5,82.33333333333333,21.0,18,10,82,2.0,5,82.0
2022-11-20,18.408333333333335,12.737499999999999,193.95833333333334,4.45,1.6458333333333333,80.91666666666667,21.0,18,10,81,2.0,6,81.0
2022-11-21,17.5625,12.237499999999999,234.16666666666666,3.836842105263158,1.883333333333333,81.83333333333333,20.0,18,12,82,2.0,5,82.0
2022-11-22,19.525000000000002,13.583333333333334,265.9583333333333,3.994736842105263,2.2666666666666666,84.54166666666667,23.0,20,13,85,3.0,5,85.0
2022-11-23,18.558333333333334,12.9375,285.375,3.5176470588235293,1.9749999999999999,83.58333333333333,22.0,19,14,84,2.0,4,84.0
2022-11-24,15.208333333333334,10.570833333333333,246.0,3.7285714285714286,1.7458333333333333,90.875,18.0,15,12,91,2.0,5,91.0
2022-11-25,17.8625,12.429166666666667,268.4583333333333,3.8176470588235296,1.3916666666666666,84.0,21.0,18,13,84,2.0,5,84.0
2022-11-26,19.775000000000002,13.762500000000001,304.2916666666667,3.935294117647059,1.9958333333333333,84.33333333333333,23.0,20,15,84,2.0,5,84.0
2022-11-27,17.983333333333334,12.466666666666667,268.9583333333333,3.629411764705882,1.8291666666666666,86.83333333333333,21.0,18,13,87,2.0,5,87.0
2022-11-28,19.7,13.720833333333333,225.875,3.3777777777777778,1.8375000000000001,84.125,23.0,20,11,84,2.0,4,84.0
2022-11-29,23.587500000000002,16.416666666666668,250.375,4.072222222222222,2.0708333333333333,83.875,27.0,24,13,84,3.0,5,84.0
2022-11-30,25.945833333333336,18.075,281.0,4.111111111111111,2.25,82.625,30.0,26,14,83,3.0,5,83.0
2022-12-01,30.8125,21.491666666666664,282.6666666666667,4.0055555555555555,2.9250000000000003,85.66666666666667,36.0,31,14,86,4.0,5,86.0
2022-12-02,22.34583333333333,15.591666666666667,260.0833333333333,3.884210526315789,1.8625,82.125,26.0,22,13,82,2.0,5,82.0
2022-12-03,21.71666666666667,15.104166666666666,276.125,3.988888888888889,1.8958333333333333,80.5,25.0,22,14,80,2.0,5,80.0
2022-12-04,18.533333333333335,12.8375,253.625,3.615789473684211,2.0625,84.70833333333333,21.0,19,13,85,3.0,5,85.0
2022-12-05,20.254166666666666,14.1,264.7916666666667,4.052631578947368,1.9375,77.0,23.0,20,13,77,2.0,5,77.0
2022-12-06,21.866666666666664,15.2125,278.7916666666667,4.273684210526316,2.1666666666666665,77.70833333333333,25.0,22,14,78,3.0,5,78.0
2022-12-07,21.71666666666667,15.129166666666668,290.8333333333333,3.588235294117647,2.0749999999999997,78.5,25.0,22,15,78,3.0,4,78.0
2022-12-08,20.166666666666668,14.041666666666666,301.3333333333333,3.9176470588235293,1.9583333333333333,78.375,23.0,20,15,78,2.0,5,78.0
2022-12-09,21.55,14.9625,278.875,4.521052631578947,2.3249999999999997,83.41666666666667,25.0,22,14,83,3.0,6,83.0
2022-12-10,24.833333333333332,17.2625,296.375,4.61578947368421,2.7583333333333333,84.41666666666667,29.0,25,15,84,3.0,6,84.0
2022-12-11,29.558333333333334,20.595833333333335,314.9166666666667,4.28421052631579,3.0749999999999997,87.83333333333333,34.0,30,16,88,4.0,5,88.0
2022-12-12,34.208333333333336,23.866666666666664,352.7916666666667,4.5736842105263165,3.079166666666667,83.91666666666667,40.0,34,18,84,4.0,6,84.0
2022-12-13,17.716666666666665,12.362499999999999,178.08333333333334,1.375,2.3000000000000003,68.95833333333333,21.0,18,9,69,3.0,2,69.0
2022-12-14,0.7875000000000001,0.5708333333333334,60.416666666666664,0.0,0.44166666666666665,31.166666666666668,1.0,1,3,31,1.0,0,31.0
2022-12-15,1.1333333333333333,0.7875,62.625,0.0,0.2333333333333333,33.458333333333336,1.0,1,3,33,0.0,0,33.0
2022-12-16,40.612500000000004,28.379166666666666,333.3333333333333,3.7947368421052627,2.2958333333333334,86.66666666666667,47.0,41,17,87,3.0,5,87.0
2022-12-17,29.458333333333332,20.541666666666668,316.5833333333333,3.1944444444444446,2.2624999999999997,86.04166666666667,34.0,29,16,86,3.0,4,86.0
2022-12-18,21.3875,14.825000000000001,277.2916666666667,3.361111111111111,2.533333333333333,77.70833333333333,25.0,21,14,78,3.0,4,78.0
2022-12-19,32.71666666666667,22.620833333333334,333.5238095238095,4.01875,2.1750000000000003,73.5,38.0,33,17,74,3.0,5,74.0
2022-12-20,40.920833333333334,28.412499999999998,348.75,5.09,2.495833333333333,75.58333333333333,47.0,41,17,76,3.0,6,76.0
2022-12-21,38.5875,26.86666666666667,345.4166666666667,5.1375,2.1333333333333333,78.875,45.0,39,17,79,3.0,6,79.0
2022-12-22,40.395833333333336,28.191666666666666,373.5238095238095,4.611111111111111,2.4208333333333334,76.16666666666667,47.0,40,19,76,3.0,6,76.0
2022-12-23,41.170833333333334,28.7625,369.0,4.465,2.4,80.04166666666667,48.0,41,18,80,3.0,6,80.0
2022-12-24,37.88333333333333,26.479166666666668,339.9,4.389473684210526,2.0458333333333334,82.41666666666667,44.0,38,17,82,3.0,5,82.0
2022-12-25,63.78333333333333,44.29583333333333,365.8421052631579,3.927777777777778,3.6624999999999996,90.91666666666667,74.0,64,18,91,5.0,5,91.0
2022-12-26,76.4090909090909,52.69,453.85714285714283,3.6333333333333333,,116.16666666666667,88.0,76,23,124,,5,124.0
2022-12-27,82.5,57.05,466.6842105263158,5.008333333333334,5.5,105.70833333333333,95.0,82,23,108,7.0,6,108.0
2022-12-28,85.55000000000001,,437.65,3.7526315789473683,4.335714285714286,97.375,,86,22,97,5.0,5,97.0
2022-12-29,61.19,41.93,370.4166666666667,3.9111111111111114,4.220833333333333,85.79166666666667,70.0,61,19,86,5.0,5,86.0
2022-12-30,51.3125,35.391666666666666,317.75,3.8066666666666666,3.1625,69.91666666666667,59.0,51,16,70,4.0,5,70.0
2022-12-31,55.93333333333334,38.891666666666666,354.7083333333333,4.8619047619047615,2.8833333333333333,76.79166666666667,65.0,56,18,77,4.0,6,77.0
2023-01-01,49.37083333333334,34.30416666666667,359.9047619047619,3.51764705882353,2.2125,73.625,57.0,49,18,74,3.0,4,74.0
2023-01-02,45.00416666666666,31.28333333333333,334.4583333333333,3.6958333333333333,2.595833333333333,81.41666666666667,52.0,45,17,81,3.0,5,81.0
2023-01-03,37.07083333333333,25.8,323.7916666666667,3.225,2.404166666666667,82.41666666666667,43.0,37,16,82,3.0,4,82.0
2023-01-04,33.07083333333333,22.941666666666666,305.6666666666667,3.045833333333334,2.595833333333333,84.83333333333333,38.0,33,15,85,3.0,4,85.0
2023-01-05,24.758333333333336,17.120833333333334,298.1666666666667,4.3125,1.8333333333333333,82.79166666666667,29.0,25,15,83,2.0,5,83.0
2023-01-06,28.425,19.741666666666667,329.625,3.644444444444444,1.8916666666666666,76.875,33.0,28,16,77,2.0,5,77.0
2023-01-07,26.258333333333336,18.275000000000002,344.1666666666667,3.8529411764705883,2.245833333333333,72.375,30.0,26,17,72,3.0,5,72.0
2023-01-08,27.745833333333334,19.3125,349.2916666666667,4.183333333333334,2.783333333333333,75.45833333333333,32.0,28,17,75,3.0,5,75.0
2023-01-09,30.004166666666666,20.908333333333335,334.2631578947368,3.675,2.629166666666667,75.91666666666667,35.0,30,17,76,3.0,5,76.0
2023-01-10,32.391666666666666,22.604166666666668,341.10526315789474,4.152941176470588,2.845833333333333,80.54166666666667,38.0,32,17,81,4.0,5,81.0
2023-01-11,38.9,27.208333333333332,355.55555555555554,4.18125,2.9333333333333336,79.0,45.0,39,18,79,4.0,5,79.0
2023-01-12,45.62083333333334,31.825,351.125,4.325,3.0875,81.79166666666667,53.0,46,18,82,4.0,5,82.0
2023-01-13,55.92916666666667,38.68333333333333,342.14285714285717,3.646666666666667,3.8874999999999997,82.95833333333333,64.0,56,17,83,5.0,5,83.0
2023-01-14,60.791666666666664,42.145833333333336,429.0,4.529411764705882,5.285714285714286,92.08333333333333,70.0,61,21,92,7.0,6,92.0
2023-01-15,60.07083333333333,41.512499999999996,410.3636363636364,4.764705882352941,5.45,89.58333333333333,69.0,60,21,90,7.0,6,90.0
2023-01-16,71.30416666666666,49.05652173913043,397.4166666666667,4.3125,5.275,84.54166666666667,82.0,71,20,85,7.0,5,85.0
2023-01-17,67.03,45.355555555555554,438.1,4.33125,5.6000000000000005,88.83333333333333,76.0,67,22,89,7.0,5,89.0
2023-01-18,75.17777777777778,52.044444444444444,410.0833333333333,4.033333333333333,5.971428571428571,101.0,87.0,75,21,101,7.0,5,101.0
2023-01-19,67.58333333333333,46.800000000000004,398.0833333333333,3.3666666666666667,4.836363636363637,94.16666666666667,78.0,68,20,94,6.0,4,94.0
2023-01-20,54.55833333333334,37.891666666666666,367.0,3.1333333333333333,4.7124999999999995,89.79166666666667,63.0,55,18,90,6.0,4,90.0
2023-01-21,49.25833333333333,34.19583333333333,389.0833333333333,3.957142857142857,3.75,89.70833333333333,57.0,49,19,90,5.0,5,90.0
2023-01-22,46.97083333333333,32.74583333333333,403.1666666666667,4.534782608695652,3.5041666666666664,93.16666666666667,55.0,47,20,93,4.0,6,93.0
2023-01-23,52.15833333333333,36.362500000000004,383.0416666666667,2.9250000000000003,4.179166666666666,100.91666666666667,61.0,52,19,101,5.0,4,101.0
2023-01-24,54.68333333333334,38.15833333333333,390.63157894736844,3.9428571428571426,3.2916666666666665,98.33333333333333,64.0,55,20,98,4.0,5,98.0
2023-01-25,54.2125,37.86666666666667,381.5,2.9625,3.75,100.16666666666667,63.0,54,19,100,5.0,4,100.0
2023-01-26,54.71666666666667,38.166666666666664,415.7916666666667,4.504166666666666,4.204166666666667,97.54166666666667,64.0,55,21,98,5.0,6,98.0
2023-01-27,54.800000000000004,38.170833333333334,423.5,2.8625000000000003,4.675,99.58333333333333,64.0,55,21,100,6.0,4,100.0
2023-01-28,61.05833333333334,42.5,432.05263157894734,3.9,4.195833333333334,98.54166666666667,71.0,61,22,99,5.0,5,99.0
2023-01-29,62.48333333333333,43.48333333333333,429.1111111111111,3.566666666666667,3.4916666666666667,98.08333333333333,72.0,62,21,98,4.0,4,98.0
2023-01-30,35.800000000000004,24.7625,350.4761904761905,3.5375,2.6833333333333336,92.16666666666667,41.0,36,18,92,3.0,4,92.0
2023-01-31,46.0,31.916666666666668,330.3333333333333,4.24375,3.2458333333333336,92.625,53.0,46,17,93,4.0,5,93.0
2023-02-01,54.65,37.9125,398.3333333333333,4.455555555555556,4.3125,98.58333333333333,63.0,55,20,99,5.0,6,99.0
2023-02-02,48.025,33.4125,381.9583333333333,3.71,2.7416666666666667,101.91666666666667,56.0,48,19,103,3.0,5,103.0
2023-02-03,47.229166666666664,32.8375,326.2916666666667,3.5583333333333336,2.975,100.83333333333333,55.0,47,16,101,4.0,4,101.0
2023-02-04,53.34166666666667,37.09166666666667,325.75,3.1,3.4958333333333336,101.91666666666667,62.0,53,16,103,4.0,4,103.0
2023-02-05,63.487500000000004,44.10833333333333,394.9583333333333,3.3666666666666667,2.85,107.0,74.0,63,20,110,4.0,4,110.0
2023-02-06,68.53809523809524,47.58571428571428,425.5416666666667,1.7166666666666668,2.9125,121.625,79.0,69,21,132,4.0,2,132.0
2023-02-07,57.1625,39.574999999999996,406.875,1.7958333333333334,3.375,134.08333333333334,66.0,57,20,150,4.0,2,150.0
2023-02-08,54.862500000000004,37.62916666666667,336.5416666666667,2.1625,4.366666666666666,112.29166666666667,63.0,55,17,118,5.0,3,118.0
2023-02-09,57.96666666666667,39.90416666666667,386.2916666666667,3.8894736842105266,5.3,102.95833333333333,67.0,58,19,104,7.0,5,104.0
2023-02-10,58.9375,40.57083333333333,358.5416666666667,3.8208333333333333,5.61875,109.66666666666667,68.0,59,18,114,7.0,5,114.0
2023-02-11,58.708333333333336,40.05833333333333,378.8333333333333,3.545833333333333,5.45,125.95833333333333,67.0,59,19,138,7.0,4,138.0
2023-02-12,55.85,38.3125,345.2083333333333,1.6208333333333333,6.85,133.70833333333334,64.0,56,17,150,9.0,2,150.0
2023-02-13,39.1,27.037499999999998,285.5416666666667,1.7208333333333332,5.8149999999999995,105.41666666666667,45.0,39,14,108,7.0,2,108.0
2023-02-14,43.324999999999996,30.141666666666666,300.5416666666667,1.7541666666666667,4.3125,108.75,50.0,43,15,113,5.0,2,113.0
2023-02-15,40.4,28.141666666666666,324.3333333333333,3.329166666666667,5.054166666666666,114.79166666666667,47.0,40,16,122,6.0,4,122.0
2023-02-16,35.0625,24.40833333333333,319.125,2.0083333333333333,3.966666666666667,109.58333333333333,41.0,35,16,114,5.0,3,114.0
2023-02-17,46.17916666666667,32.175000000000004,361.2916666666667,2.470833333333333,4.145833333333333,101.75,54.0,46,18,103,5.0,3,103.0
2023-02-18,46.37916666666666,32.145833333333336,359.2916666666667,2.095833333333333,4.55,108.16666666666667,54.0,46,18,112,6.0,3,112.0
2023-02-19,58.637499999999996,40.57083333333333,399.6842105263158,4.579166666666667,3.6625,103.79166666666667,68.0,59,20,106,5.0,6,106.0
2023-02-20,71.94375,48.03846153846154,433.7916666666667,2.858333333333333,2.4208333333333334,116.29166666666667,80.0,72,22,124,3.0,4,124.0
2023-02-21,67.1590909090909,46.78181818181818,477.75,2.6125000000000003,4.085714285714286,131.16666666666666,78.0,67,24,146,5.0,3,146.0
2023-02-22,47.9375,33.19583333333333,372.0833333333333,2.3541666666666665,3.6666666666666665,124.83333333333333,55.0,48,19,137,5.0,3,137.0
2023-02-23,37.775,25.90833333333333,303.6666666666667,3.0833333333333335,4.066666666666667,105.66666666666667,43.0,38,15,108,5.0,4,108.0
2023-02-24,48.6,33.2375,299.375,1.7166666666666668,5.381818181818182,113.41666666666667,55.0,49,15,120,7.0,2,120.0
2023-02-25,42.03333333333333,29.0125,277.0,1.6208333333333333,4.3,105.75,48.0,42,14,108,5.0,2,108.0
2023-02-26,35.65416666666667,24.650000000000002,257.7083333333333,1.7583333333333335,3.029166666666667,103.04166666666667,41.0,36,13,104,4.0,2,104.0
2023-02-27,40.05416666666667,27.670833333333334,288.125,1.7583333333333335,4.65625,113.16666666666667,46.0,40,14,119,6.0,2,119.0
2023-02-28,43.791666666666664,30.270833333333332,290.5416666666667,1.6833333333333333,4.93,119.375,50.0,44,15,128,6.0,2,128.0
2023-03-01,46.2125,31.991666666666664,308.7083333333333,1.5833333333333333,3.8625000000000003,112.95833333333333,53.0,46,15,119,5.0,2,119.0
2023-03-02,54.59166666666667,37.670833333333334,336.7916666666667,3.329166666666666,4.647826086956522,112.25,63.0,55,17,118,6.0,4,118.0
2023-03-03,63.98260869565217,43.85217391304348,318.0416666666667,2.3916666666666666,3.420833333333333,114.58333333333333,73.0,64,16,121,4.0,3,121.0
2023-03-04,50.62083333333334,34.858333333333334,338.2916666666667,3.377272727272727,2.504166666666667,105.83333333333333,58.0,51,17,109,3.0,4,109.0
2023-03-05,55.19583333333333,38.31666666666667,348.0416666666667,2.9291666666666667,1.9333333333333333,108.41666666666667,64.0,55,17,112,2.0,4,112.0
2023-03-06,54.69583333333333,37.699999999999996,375.0,4.170833333333333,4.733333333333333,109.875,63.0,55,19,115,6.0,5,115.0
2023-03-07,27.4375,18.925,244.95833333333334,1.8541666666666667,4.918181818181818,109.58333333333333,32.0,27,12,114,6.0,2,114.0
2023-03-08,41.949999999999996,28.7625,291.125,2.0124999999999997,4.054166666666666,113.125,48.0,42,15,119,5.0,3,119.0
2023-03-09,42.800000000000004,29.662499999999998,312.625,1.6333333333333335,4.7,119.33333333333333,49.0,43,16,128,6.0,2,128.0
2023-03-10,35.15416666666667,24.40416666666667,269.8333333333333,1.9375,3.3083333333333336,109.45833333333333,41.0,35,13,114,4.0,2,114.0
2023-03-11,45.00833333333333,31.224999999999998,289.625,1.9708333333333332,4.204166666666667,121.375,52.0,45,14,131,5.0,2,131.0
2023-03-12,59.98333333333333,41.72083333333333,324.0416666666667,1.9541666666666666,4.108333333333333,127.25,70.0,60,16,140,5.0,2,140.0
2023-03-13,47.71666666666667,33.18333333333333,347.8333333333333,2.316666666666667,2.495833333333333,120.125,55.0,48,17,130,3.0,3,130.0
2023-03-14,57.925000000000004,40.19583333333333,344.5416666666667,1.575,2.975,127.125,67.0,58,17,140,4.0,2,140.0
2023-03-15,67.63333333333334,46.9625,390.7083333333333,1.6375,4.17,142.29166666666666,78.0,68,20,162,5.0,2,162.0
2023-03-16,63.2,43.68636363636364,369.4166666666667,1.4958333333333333,4.3875,125.79166666666667,73.0,63,18,138,5.0,2,138.0
2023-03-17,65.04545454545455,45.154545454545456,382.7916666666667,1.6875,4.336842105263158,119.08333333333333,75.0,65,19,128,5.0,2,128.0
2023-03-18,60.714285714285715,42.03809523809524,412.7916666666667,1.9124999999999999,2.65,112.875,70.0,61,21,119,3.0,2,119.0
2023-03-19,43.6,30.3,403.5,2.7125,2.245833333333333,101.16666666666667,51.0,44,20,102,3.0,3,102.0
2023-03-20,14.325000000000001,9.9625,288.1666666666667,2.408333333333333,0.9625,82.125,17.0,14,14,82,1.0,3,82.0
2023-03-21,16.404166666666665,11.454166666666666,280.2083333333333,2.8083333333333336,0.8958333333333334,92.83333333333333,19.0,16,14,93,1.0,4,93.0
2023-03-22,31.233333333333334,21.641666666666666,286.6666666666667,2.5500000000000003,1.9625000000000001,107.33333333333333,36.0,31,14,111,2.0,3,111.0
2023-03-23,40.49166666666667,28.141666666666666,299.0,3.6125000000000003,3.829166666666667,107.08333333333333,47.0,40,15,110,5.0,5,110.0
2023-03-24,41.02916666666667,28.52916666666667,299.5,3.576190476190476,3.4125,95.125,48.0,41,15,95,4.0,4,95.0
2023-03-25,49.17083333333333,34.05833333333333,300.5,3.7541666666666664,4.740909090909091,106.41666666666667,57.0,49,15,109,6.0,5,109.0
2023-03-26,45.770833333333336,31.34166666666667,288.5,1.6416666666666666,4.545833333333333,120.58333333333333,52.0,46,14,130,6.0,2,130.0
2023-03-27,43.12083333333334,29.4875,280.0416666666667,1.3416666666666668,3.8476190476190473,115.29166666666667,49.0,43,14,122,5.0,2,122.0
2023-03-28,39.4125,27.03333333333333,271.3333333333333,1.4833333333333334,3.466666666666667,118.41666666666667,45.0,39,14,127,4.0,2,127.0
2023-03-29,53.112500000000004,36.61666666666667,312.5833333333333,3.5583333333333336,4.0375000000000005,110.08333333333333,61.0,53,16,115,5.0,4,115.0
2023-03-30,61.3125,42.46666666666667,382.25,4.3954545454545455,3.965217391304348,106.625,71.0,61,19,110,5.0,5,110.0
2023-03-31,46.479166666666664,31.974999999999998,346.6666666666667,3.408333333333333,2.920833333333333,99.79166666666667,53.0,46,17,100,4.0,4,100.0
2023-04-01,39.84583333333334,27.575,315.375,2.8958333333333335,2.6625,105.54166666666667,46.0,40,16,108,3.0,4,108.0
2023-04-02,33.90833333333334,23.516666666666666,296.0416666666667,2.0166666666666666,1.5541666666666665,113.79166666666667,39.0,34,15,120,2.0,3,120.0
2023-04-03,34.862500000000004,24.15416666666667,268.0416666666667,2.1958333333333333,2.4208333333333334,119.33333333333333,40.0,35,13,128,3.0,3,128.0
2023-04-04,34.166666666666664,23.45,247.83333333333334,2.004166666666667,3.4375,116.625,39.0,34,12,124,4.0,3,124.0
2023-04-05,33.762499999999996,22.958333333333332,247.20833333333334,3.0124999999999997,1.2458333333333333,94.41666666666667,38.0,34,12,94,2.0,4,94.0
2023-04-06,49.88333333333333,34.24166666666667,346.5,3.8619047619047624,3.8833333333333333,106.16666666666667,57.0,50,17,109,5.0,5,109.0
2023-04-07,47.62916666666666,32.94583333333333,354.0,2.7541666666666664,5.0375000000000005,111.25,55.0,48,18,117,6.0,3,117.0
2023-04-08,53.074999999999996,36.87083333333333,377.7083333333333,2.2416666666666667,4.154166666666667,111.08333333333333,61.0,53,19,116,5.0,3,116.0
2023-04-09,43.36666666666667,30.09583333333333,370.75,2.4208333333333334,5.764285714285714,120.66666666666667,50.0,43,19,130,7.0,3,130.0
2023-04-10,41.5625,28.78333333333333,362.7083333333333,2.3000000000000003,6.525,143.95833333333334,48.0,42,18,165,8.0,3,165.0
2023-04-11,53.916666666666664,37.512499999999996,356.6666666666667,3.2458333333333336,6.85,130.79166666666666,63.0,54,18,145,9.0,4,145.0
2023-04-12,43.237500000000004,29.995833333333334,334.6521739130435,2.1875,5.794736842105263,129.29166666666666,50.0,43,17,143,7.0,3,143.0
2023-04-13,40.920833333333334,28.429166666666664,353.2916666666667,1.7666666666666666,6.088888888888889,134.1818181818182,47.0,41,18,150,8.0,2,150.0
2023-04-14,50.362500000000004,34.975,386.7083333333333,1.9333333333333333,5.2250000000000005,136.70833333333334,58.0,50,19,154,7.0,2,154.0
2023-04-15,57.15416666666667,39.608333333333334,378.8333333333333,2.191666666666667,4.3500000000000005,126.54166666666667,66.0,57,19,139,5.0,3,139.0
2023-04-16,50.47083333333333,35.02916666666667,336.5,1.6583333333333332,5.533333333333333,135.58333333333334,58.0,50,17,152,7.0,2,152.0
2023-04-17,52.50833333333333,36.391666666666666,341.2083333333333,1.6375,5.983333333333333,152.0,61.0,53,17,176,7.0,2,176.0
2023-04-18,52.55833333333334,36.15,333.7916666666667,1.6208333333333333,5.709090909090909,136.75,60.0,53,17,154,7.0,2,154.0
2023-04-19,41.30416666666667,28.116666666666664,287.1666666666667,1.6541666666666668,3.9583333333333335,139.83333333333334,47.0,41,14,159,5.0,2,159.0
2023-04-20,42.475,28.77916666666667,268.0,1.7208333333333332,3.641666666666667,124.0,48.0,42,13,135,5.0,2,135.0
2023-04-21,37.77916666666667,25.483333333333334,263.0,1.925,2.4583333333333335,115.70833333333333,42.0,38,13,123,3.0,2,123.0
2023-04-22,39.954166666666666,27.125,295.9166666666667,2.7083333333333335,5.511111111111111,111.125,45.0,40,15,116,7.0,3,116.0
2023-04-23,45.8375,31.72083333333333,339.2916666666667,3.9791666666666665,3.233333333333333,106.29166666666667,53.0,46,17,109,4.0,5,109.0
2023-04-24,28.491666666666664,19.720833333333335,290.9583333333333,3.1130434782608694,2.0708333333333333,98.375,33.0,28,15,98,3.0,4,98.0
2023-04-25,24.954166666666666,17.325,289.6666666666667,3.4863636363636363,1.5208333333333333,96.16666666666667,29.0,25,14,96,2.0,4,96.0
2023-04-26,33.637499999999996,23.34583333333333,340.5833333333333,3.935,2.004166666666667,100.0,39.0,34,17,100,3.0,5,100.0
2023-04-27,53.5,37.145833333333336,363.2916666666667,3.559090909090909,4.758333333333334,124.21739130434783,62.0,54,18,136,6.0,4,136.0
2023-04-28,52.74166666666667,36.516666666666666,373.3333333333333,3.461904761904762,5.261538461538462,117.16666666666667,61.0,53,19,125,7.0,4,125.0
2023-04-29,55.833333333333336,38.733333333333334,364.375,3.1833333333333336,2.955,120.625,65.0,56,18,130,4.0,4,130.0
2023-04-30,38.9625,27.0125,309.2916666666667,3.3249999999999997,2.5791666666666666,109.54166666666667,45.0,39,15,114,3.0,4,114.0
2023-05-01,28.858333333333334,20.020833333333332,266.2916666666667,2.775,1.6500000000000001,100.75,33.0,29,13,101,2.0,3,101.0
2023-05-02,25.666666666666668,17.795833333333334,271.0833333333333,3.629166666666667,2.6958333333333333,87.41666666666667,30.0,26,14,87,3.0,5,87.0
2023-05-03,28.9875,20.133333333333333,290.7083333333333,3.7541666666666664,3.3523809523809525,104.5,34.0,29,15,107,4.0,5,107.0
2023-05-04,23.162499999999998,16.104166666666668,278.7083333333333,3.5583333333333336,1.3208333333333333,101.54166666666667,27.0,23,14,102,2.0,4,102.0
2023-05-05,22.066666666666666,15.35,263.0416666666667,3.1166666666666667,0.9583333333333334,98.875,26.0,22,13,99,1.0,4,99.0
2023-05-06,42.949999999999996,29.945833333333336,313.2916666666667,3.966666666666667,4.086956521739131,117.91666666666667,50.0,43,16,126,5.0,5,126.0
2023-05-07,53.04583333333333,36.80833333333333,314.5833333333333,3.275,4.5875,130.625,61.0,53,16,145,6.0,4,145.0
2023-05-08,52.46666666666667,36.0875,336.5,3.08,6.449999999999999,134.25,60.0,52,17,150,8.0,4,150.0
2023-05-09,43.012499999999996,29.329166666666666,312.875,3.3666666666666667,6.242857142857143,144.83333333333334,49.0,43,16,166,8.0,4,166.0
2023-05-10,47.699999999999996,32.90833333333333,332.5,2.6083333333333334,5.05,155.95652173913044,55.0,48,17,182,6.0,3,182.0
2023-05-11,40.75416666666667,28.1875,314.5,3.6545454545454548,4.658333333333333,127.47826086956522,47.0,41,16,140,6.0,5,140.0
2023-05-12,43.90833333333333,30.270833333333332,292.2083333333333,2.4208333333333334,3.625,127.45833333333333,50.0,44,15,140,5.0,3,140.0
2023-05-13,42.295833333333334,29.333333333333332,279.25,2.8833333333333333,2.2624999999999997,117.5,49.0,42,14,126,3.0,4,126.0
2023-05-14,28.266666666666666,19.716666666666665,243.91666666666666,1.7,1.0,106.5,33.0,28,12,110,1.0,2,110.0
2023-05-15,23.5,16.341666666666665,258.8333333333333,3.1625,1.0875000000000001,105.45833333333333,27.0,24,13,108,1.0,4,108.0
2023-05-16,33.5625,22.616666666666664,312.625,2.6958333333333333,1.1624999999999999,124.20833333333333,38.0,34,16,136,1.0,3,136.0
2023-05-17,24.429166666666664,16.329166666666666,257.4166666666667,3.4375,0.9958333333333335,104.29166666666667,27.0,24,13,106,1.0,4,106.0
2023-05-18,23.712500000000002,15.987499999999999,242.83333333333334,3.1999999999999997,0.7791666666666667,99.625,27.0,24,12,100,1.0,4,100.0
2023-05-19,27.879166666666666,18.504166666666666,244.25,2.7708333333333335,0.8958333333333334,106.08333333333333,31.0,28,12,109,1.0,3,109.0
2023-05-20,32.375,21.537499999999998,242.58333333333334,2.75,0.9791666666666666,110.08333333333333,36.0,32,12,115,1.0,3,115.0
2023-05-21,31.925,21.287499999999998,258.2083333333333,3.473913043478261,1.55,99.95833333333333,35.0,32,13,100,2.0,4,100.0
2023-05-22,36.12083333333333,24.233333333333334,291.0416666666667,3.5476190476190474,1.3833333333333335,98.125,40.0,36,15,98,2.0,4,98.0
2023-05-23,32.63333333333333,21.787499999999998,261.375,3.720833333333333,1.3041666666666667,106.41666666666667,36.0,33,13,109,2.0,5,109.0
2023-05-24,19.995833333333334,13.783333333333333,254.75,3.016666666666667,0.7708333333333334,105.875,23.0,20,13,109,1.0,4,109.0
2023-05-25,24.066666666666666,16.445833333333333,272.875,3.5124999999999997,1.0708333333333333,109.75,27.0,24,14,114,1.0,4,114.0
2023-05-26,28.7375,19.5625,284.125,3.5500000000000003,1.3666666666666665,109.75,33.0,29,14,114,2.0,4,114.0
2023-05-27,27.795833333333334,18.741666666666667,268.7916666666667,4.1375,1.1333333333333333,97.91666666666667,31.0,28,13,98,1.0,5,98.0
2023-05-28,28.6375,19.2,268.0833333333333,3.619047619047619,0.9249999999999999,85.04166666666667,32.0,29,13,85,1.0,5,85.0
2023-05-29,26.28333333333333,17.6875,264.7083333333333,4.158333333333333,1.4291666666666665,93.75,29.0,26,13,94,2.0,5,94.0
2023-05-30,26.454166666666666,18.083333333333332,288.2916666666667,3.15,1.1166666666666667,89.16666666666667,30.0,26,14,89,1.0,4,89.0
2023-05-31,26.129166666666666,17.858333333333334,280.3333333333333,3.5238095238095237,1.2375,103.70833333333333,30.0,26,14,105,2.0,4,105.0
2023-06-01,52.49583333333334,36.05416666666667,325.0,3.0833333333333335,2.9583333333333335,124.83333333333333,60.0,52,16,137,4.0,4,137.0
2023-06-02,46.895833333333336,31.870833333333334,314.0,3.8666666666666667,3.5583333333333336,125.125,53.0,47,16,137,4.0,5,137.0
2023-06-03,45.93333333333334,30.8625,283.75,3.8000000000000003,2.504166666666667,114.66666666666667,51.0,46,14,122,3.0,5,122.0
2023-06-04,55.416666666666664,37.637499999999996,317.0416666666667,3.576190476190476,2.5833333333333335,109.16666666666667,63.0,55,16,113,3.0,4,113.0
2023-06-05,43.37916666666666,29.691666666666666,303.2916666666667,3.0904761904761906,2.129166666666667,116.79166666666667,49.0,43,15,125,3.0,4,125.0
2023-06-06,46.34583333333333,31.787499999999998,313.9166666666667,3.8666666666666667,2.4583333333333335,118.04166666666667,53.0,46,16,127,3.0,5,127.0
2023-06-07,43.12083333333334,29.670833333333334,322.625,4.366666666666666,2.3375,109.5,49.0,43,16,114,3.0,5,114.0
2023-06-08,37.6375,25.724999999999998,287.9583333333333,2.8958333333333335,1.9124999999999999,110.5,43.0,38,14,115,2.0,4,115.0
2023-06-09,30.787499999999998,21.25,293.75,2.908333333333333,1.4291666666666665,107.70833333333333,35.0,31,15,111,2.0,4,111.0
2023-06-10,13.154166666666667,9.208333333333334,268.9583333333333,4.2,0.9041666666666667,72.45833333333333,15.0,13,13,72,1.0,5,72.0
2023-06-11,10.054166666666667,7.0249999999999995,272.9166666666667,3.2291666666666665,1.2291666666666667,90.16666666666667,12.0,10,14,90,2.0,4,90.0
2023-06-12,12.341666666666667,8.595833333333333,273.8333333333333,2.75,0.7791666666666667,110.20833333333333,14.0,12,14,115,1.0,3,115.0
2023-06-13,26.400000000000002,18.066666666666666,262.9583333333333,2.6458333333333335,0.8416666666666667,115.20833333333333,30.0,26,13,122,1.0,3,122.0
2023-06-14,9.025,6.204166666666667,217.29166666666666,3.108333333333334,0.7708333333333334,99.29166666666667,10.0,9,11,99,1.0,4,99.0
2023-06-15,10.395833333333334,6.970833333333334,183.0,3.6208333333333336,0.9083333333333333,81.41666666666667,12.0,10,9,81,1.0,5,81.0
2023-06-16,8.683333333333334,5.995833333333334,184.25,3.3125,0.8291666666666667,81.70833333333333,10.0,9,9,82,1.0,4,82.0
2023-06-17,13.983333333333334,9.549999999999999,182.875,3.3249999999999997,0.8416666666666667,82.45833333333333,16.0,14,9,82,1.0,4,82.0
2023-06-18,11.354166666666666,7.754166666666666,185.54166666666666,3.858333333333333,0.8333333333333334,70.95833333333333,13.0,11,9,71,1.0,5,71.0
2023-06-19,9.154166666666667,6.341666666666666,206.16666666666666,5.391666666666667,0.6333333333333333,59.833333333333336,11.0,9,10,60,1.0,7,60.0
2023-06-20,12.075000000000001,8.291666666666666,193.04166666666666,4.133333333333334,0.7958333333333334,78.5,14.0,12,10,78,1.0,5,78.0
2023-06-21,14.2125,9.8125,179.33333333333334,4.1499999999999995,0.7374999999999999,67.58333333333333,16.0,14,9,68,1.0,5,68.0
2023-06-22,15.533333333333333,10.858333333333334,181.66666666666666,3.9125,0.8416666666666667,67.70833333333333,18.0,16,9,68,1.0,5,68.0
2023-06-23,12.116666666666667,8.420833333333333,163.58333333333334,2.8791666666666664,0.7708333333333334,70.875,14.0,12,8,71,1.0,4,71.0
2023-06-24,13.116666666666667,9.025,164.875,2.8791666666666664,0.7291666666666666,74.0,15.0,13,8,74,1.0,4,74.0
2023-06-25,15.704166666666666,10.895833333333334,181.79166666666666,4.104166666666667,1.0,70.91666666666667,18.0,16,9,71,1.0,5,71.0
2023-06-26,14.15,9.862499999999999,166.41666666666666,2.441666666666667,1.075,70.25,16.0,14,8,70,1.0,3,70.0
2023-06-27,6.7,4.716666666666667,142.70833333333334,2.3625000000000003,1.0291666666666666,63.041666666666664,8.0,7,7,63,1.0,3,63.0
2023-06-28,6.766666666666667,4.5874999999999995,151.16666666666666,2.966666666666667,1.1041666666666667,60.416666666666664,8.0,7,8,60,1.0,4,60.0
2023-06-29,7.804166666666667,5.120833333333334,170.29166666666666,3.5041666666666664,1.3166666666666667,62.083333333333336,9.0,8,9,62,2.0,4,62.0
2023-06-30,6.320833333333333,4.354166666666667,178.0,3.7416666666666667,1.7874999999999999,64.875,7.0,6,9,65,2.0,5,65.0
2023-07-01,9.6,6.7,199.95833333333334,4.4875,1.875,61.166666666666664,11.0,10,10,61,2.0,6,61.0
2023-07-02,11.020833333333334,7.625,193.83333333333334,3.5124999999999997,1.5041666666666667,69.25,13.0,11,10,69,2.0,4,69.0
2023-07-03,13.033333333333333,9.0,186.375,3.7375000000000003,1.2458333333333333,62.5,15.0,13,9,62,2.0,5,62.0
2023-07-04,15.041666666666666,10.379166666666666,184.20833333333334,3.7375000000000003,1.7166666666666668,58.291666666666664,17.0,15,9,58,2.0,5,58.0
2023-07-05,12.808333333333332,8.733333333333333,168.70833333333334,2.8083333333333336,1.2,68.91666666666667,15.0,13,8,69,1.0,4,69.0
2023-07-06,4.4375,3.0833333333333335,152.20833333333334,3.5083333333333333,1.3375000000000001,49.791666666666664,5.0,4,8,50,2.0,4,50.0
2023-07-07,5.5249999999999995,3.8083333333333336,158.25,3.525,1.1958333333333333,51.083333333333336,6.0,6,8,51,1.0,4,51.0
2023-07-08,8.566666666666666,5.908333333333334,157.75,3.0875,1.0708333333333333,63.125,10.0,9,8,63,1.0,4,63.0
2023-07-09,14.891666666666666,10.095833333333333,159.0,2.8000000000000003,1.5583333333333333,70.5,17.0,15,8,70,2.0,4,70.0
2023-07-10,10.329166666666667,7.058333333333334,156.75,3.4375,1.2041666666666666,63.458333333333336,12.0,10,8,63,2.0,4,63.0
2023-07-11,7.116666666666667,4.9750000000000005,163.125,4.020833333333333,1.825,58.083333333333336,8.0,7,8,58,2.0,5,58.0
2023-07-12,5.904166666666666,4.091666666666667,157.625,4.0874999999999995,0.9958333333333332,50.208333333333336,7.0,6,8,50,1.0,5,50.0
2023-07-13,5.2875000000000005,3.7083333333333335,156.375,4.045833333333333,1.7375,49.791666666666664,6.0,5,8,50,2.0,5,50.0
2023-07-14,6.5249999999999995,4.654166666666667,157.45833333333334,3.2125,1.0125,56.458333333333336,8.0,7,8,56,1.0,4,56.0
2023-07-15,11.008333333333333,7.8875,157.5,3.0541666666666667,1.7333333333333334,62.875,13.0,11,8,63,2.0,4,63.0
2023-07-16,14.395833333333334,10.116666666666667,176.5,4.1875,2.2916666666666665,53.083333333333336,17.0,14,9,53,3.0,5,53.0
2023-07-17,10.645833333333334,7.758333333333333,193.79166666666666,4.504166666666666,1.2208333333333334,44.958333333333336,13.0,11,10,45,2.0,6,45.0
2023-07-18,20.670833333333334,14.487499999999999,240.95833333333334,3.522727272727273,1.9041666666666668,75.83333333333333,24.0,21,12,76,2.0,4,76.0
2023-07-19,27.1125,18.858333333333334,252.29166666666666,3.4791666666666665,2.0124999999999997,95.66666666666667,31.0,27,13,96,3.0,4,96.0
2023-07-20,22.070833333333336,15.325000000000001,223.41666666666666,2.8375,1.2833333333333334,89.08333333333333,26.0,22,11,89,2.0,4,89.0
2023-07-21,13.191666666666668,9.2875,226.95833333333334,3.033333333333333,1.491666666666667,74.66666666666667,15.0,13,11,75,2.0,4,75.0
2023-07-22,12.495833333333332,8.85,203.83333333333334,3.7916666666666665,1.625,60.708333333333336,15.0,12,10,61,2.0,5,61.0
2023-07-23,15.366666666666667,10.829166666666666,197.20833333333334,3.6625,1.4375,64.875,18.0,15,10,65,2.0,5,65.0
2023-07-24,20.912499999999998,14.5625,201.25,4.133333333333334,2.154166666666667,66.04166666666667,24.0,21,10,66,3.0,5,66.0
2023-07-25,19.983333333333334,14.025,200.45833333333334,3.670833333333333,2.0375,72.375,23.0,20,10,72,3.0,5,72.0
2023-07-26,11.700000000000001,8.183333333333334,165.83333333333334,3.1458333333333335,1.6333333333333335,64.20833333333333,14.0,12,8,64,2.0,4,64.0
2023-07-27,5.670833333333333,3.8874999999999997,156.66666666666666,3.6666666666666665,1.1958333333333333,55.833333333333336,6.0,6,8,56,1.0,5,56.0
2023-07-28,6.1875,4.216666666666667,156.125,3.4166666666666665,1.3208333333333333,58.583333333333336,7.0,6,8,59,2.0,4,59.0
2023-07-29,10.395833333333334,7.158333333333334,177.45833333333334,4.716666666666667,1.8583333333333334,49.583333333333336,12.0,10,9,50,2.0,6,50.0
2023-07-30,12.275,8.3375,172.5,3.0875,1.075,61.416666666666664,14.0,12,9,61,1.0,4,61.0
2023-07-31,13.554166666666667,9.395833333333334,176.45833333333334,2.8333333333333335,1.075,63.125,16.0,14,9,63,1.0,4,63.0
2023-08-01,9.4375,6.591666666666666,173.0,3.1166666666666667,1.1458333333333333,58.666666666666664,11.0,9,9,59,1.0,4,59.0
2023-08-02,5.675,3.9291666666666667,159.0,2.5458333333333334,1.5208333333333333,62.375,7.0,6,8,62,2.0,3,62.0
2023-08-03,5.808333333333334,3.9416666666666664,158.25,2.7875,1.3916666666666666,65.16666666666667,7.0,6,8,65,2.0,3,65.0
2023-08-04,3.875,2.733333333333333,173.33333333333334,4.1875,1.8875,54.791666666666664,5.0,4,9,55,2.0,5,55.0
2023-08-05,6.454166666666667,4.141666666666667,175.125,3.8083333333333336,1.6666666666666667,63.708333333333336,7.0,6,9,64,2.0,5,64.0
2023-08-06,3.6666666666666665,2.6041666666666665,201.25,4.958333333333333,4.066666666666666,59.125,4.0,4,10,59,5.0,6,59.0
2023-08-07,4.075,2.8625000000000003,202.20833333333334,4.1375,3.0749999999999997,58.625,5.0,4,10,59,4.0,5,59.0
2023-08-08,5.479166666666667,3.920833333333333,265.9166666666667,4.741666666666666,6.75,73.625,7.0,5,13,74,8.0,6,74.0
2023-08-09,22.066666666666666,14.204166666666666,238.08333333333334,3.279166666666667,3.4799999999999995,91.70833333333333,24.0,22,12,92,4.0,4,92.0
2023-08-10,13.174999999999999,9.35,241.16666666666666,3.233333333333333,2.379166666666667,90.70833333333333,16.0,13,12,91,3.0,4,91.0
2023-08-11,13.233333333333334,9.15,232.375,3.8833333333333333,1.7125000000000001,78.375,15.0,13,12,78,2.0,5,78.0
2023-08-12,13.579166666666666,9.075000000000001,221.79166666666666,4.0125,2.025,75.08333333333333,15.0,14,11,75,3.0,5,75.0
2023-08-13,13.083333333333334,9.387500000000001,258.8333333333333,4.358333333333333,2.3000000000000003,66.45833333333333,16.0,13,13,66,3.0,5,66.0
2023-08-14,17.095833333333335,12.0625,261.0416666666667,3.220833333333333,1.5083333333333335,89.41666666666667,20.0,17,13,89,2.0,4,89.0
2023-08-15,23.166666666666668,15.5625,246.125,3.045833333333333,2.2416666666666667,93.54166666666667,26.0,23,12,94,3.0,4,94.0
2023-08-16,23.795833333333334,16.083333333333332,260.0416666666667,3.2916666666666665,1.8708333333333333,91.20833333333333,27.0,24,13,91,2.0,4,91.0
2023-08-17,15.987499999999999,11.204166666666666,239.91666666666666,2.6625,1.3666666666666665,86.0,19.0,16,12,86,2.0,3,86.0
2023-08-18,16.708333333333332,11.929166666666667,235.95833333333334,3.779166666666667,1.8916666666666666,72.41666666666667,20.0,17,12,72,2.0,5,72.0
2023-08-19,16.545833333333334,11.379166666666668,207.20833333333334,3.608333333333333,2.0166666666666666,70.125,19.0,17,10,70,3.0,5,70.0
2023-08-20,26.070833333333336,17.2,191.29166666666666,3.1291666666666664,2.0458333333333334,76.33333333333333,29.0,26,10,76,3.0,4,76.0
2023-08-21,24.133333333333336,15.158333333333333,195.0,3.3708333333333336,2.341666666666667,78.79166666666667,25.0,24,10,79,3.0,4,79.0
2023-08-22,10.966666666666667,7.1625000000000005,168.45833333333334,4.283333333333333,2.4916666666666667,57.458333333333336,12.0,11,8,57,3.0,5,57.0
2023-08-23,8.0,5.658333333333334,182.125,3.5500000000000003,1.8125,62.833333333333336,9.0,8,9,63,2.0,4,63.0
2023-08-24,6.183333333333334,4.404166666666667,191.5,3.6041666666666665,1.7791666666666668,59.791666666666664,7.0,6,10,60,2.0,5,60.0
2023-08-25,7.666666666666667,5.4125000000000005,204.125,3.4958333333333336,1.8416666666666668,66.54166666666667,9.0,8,10,67,2.0,4,67.0
2023-08-26,6.4750000000000005,4.579166666666667,240.95833333333334,4.9375,4.42,63.291666666666664,8.0,6,12,63,6.0,6,63.0
2023-08-27,3.970833333333333,2.6958333333333333,267.4166666666667,5.495833333333334,5.044444444444444,63.333333333333336,4.0,4,13,63,6.0,7,63.0
2023-08-28,51.22083333333333,25.391666666666666,238.75,4.454166666666667,2.670833333333333,71.0,42.0,51,12,71,3.0,6,71.0
2023-08-29,66.22727272727273,42.46666666666667,260.5833333333333,3.7666666666666666,2.1583333333333337,73.5,71.0,66,13,74,3.0,5,74.0
2023-08-30,61.80499999999999,38.38333333333333,278.5,3.975,1.8041666666666665,70.79166666666667,64.0,62,14,71,2.0,5,71.0
2023-08-31,54.37826086956522,32.725,237.25,3.7708333333333335,1.925,84.54166666666667,55.0,54,12,85,2.0,5,85.0
2023-09-01,52.69166666666666,33.87916666666667,274.4166666666667,4.195833333333334,2.0,83.91666666666667,56.0,53,14,84,2.0,5,84.0
2023-09-02,50.145833333333336,32.15,260.0,2.8208333333333333,2.129166666666667,94.54166666666667,54.0,50,13,95,3.0,4,95.0
2023-09-03,17.041666666666668,12.029166666666667,242.83333333333334,3.016666666666667,1.2291666666666667,73.20833333333333,20.0,17,12,73,2.0,4,73.0
2023-09-04,13.862499999999999,9.75,288.125,3.9166666666666665,1.8583333333333334,74.79166666666667,16.0,14,14,75,2.0,5,75.0
2023-09-05,19.741666666666667,13.629166666666668,304.1666666666667,4.516666666666667,1.7416666666666665,76.875,23.0,20,15,77,2.0,6,77.0
2023-09-06,15.3125,10.658333333333333,258.7083333333333,3.1125000000000003,1.5541666666666665,72.375,18.0,15,13,72,2.0,4,72.0
2023-09-07,15.329166666666666,10.700000000000001,251.625,3.4916666666666667,2.8249999999999997,65.375,18.0,15,13,65,4.0,4,65.0
2023-09-08,8.766666666666667,6.133333333333333,191.75,2.8958333333333335,1.4375,64.20833333333333,10.0,9,10,64,2.0,4,64.0
2023-09-09,19.974999999999998,13.487499999999999,213.25,3.9,1.6708333333333334,68.16666666666667,22.0,20,11,68,2.0,5,68.0
2023-09-10,32.387499999999996,21.104166666666668,236.33333333333334,4.095238095238095,1.8583333333333334,61.833333333333336,35.0,32,12,62,2.0,5,62.0
2023-09-11,26.116666666666664,17.183333333333334,227.20833333333334,2.9625000000000004,1.8708333333333333,79.20833333333333,29.0,26,11,79,2.0,4,79.0
2023-09-12,17.1125,11.625,236.04166666666666,3.1333333333333333,1.5291666666666668,81.08333333333333,19.0,17,12,81,2.0,4,81.0
2023-09-13,8.65,6.0625,229.95833333333334,3.5749999999999997,1.7791666666666668,67.95833333333333,10.0,9,11,68,2.0,4,68.0
2023-09-14,9.945833333333333,6.941666666666666,204.33333333333334,3.1041666666666665,2.120833333333333,62.208333333333336,12.0,10,10,62,3.0,4,62.0
2023-09-15,18.0625,11.870833333333332,214.79166666666666,3.9333333333333336,1.3499999999999999,65.91666666666667,20.0,18,11,66,2.0,5,66.0
2023-09-16,16.599999999999998,11.041666666666666,207.375,3.7291666666666665,1.25,70.125,18.0,17,10,70,2.0,5,70.0
2023-09-17,14.424999999999999,9.816666666666666,192.29166666666666,2.2875,0.9166666666666666,77.625,16.0,14,10,78,1.0,3,78.0
2023-09-18,12.608333333333334,8.804166666666667,230.33333333333334,3.529166666666667,1.8791666666666667,63.5,15.0,13,12,64,2.0,4,64.0
2023-09-19,9.175,6.3999999999999995,214.45833333333334,3.6166666666666667,2.845833333333333,52.375,11.0,9,11,52,4.0,5,52.0
2023-09-20,4.295833333333333,2.9333333333333336,164.375,2.7416666666666667,1.4041666666666668,56.041666666666664,5.0,4,8,56,2.0,3,56.0
2023-09-21,5.958333333333333,4.033333333333333,170.5,3.0041666666666664,1.3416666666666668,57.208333333333336,7.0,6,9,57,2.0,4,57.0
2023-09-22,13.016666666666666,8.5875,178.83333333333334,3.5041666666666664,1.6916666666666667,62.375,14.0,13,9,62,2.0,4,62.0
2023-09-23,11.854166666666666,7.954166666666667,180.08333333333334,3.725,1.6166666666666665,56.625,13.0,12,9,57,2.0,5,57.0
2023-09-24,18.658333333333335,12.058333333333332,191.20833333333334,3.829166666666667,1.7833333333333332,61.875,20.0,19,10,62,2.0,5,62.0
2023-09-25,17.729166666666668,11.670833333333334,205.66666666666666,5.0125,1.4375,47.416666666666664,19.0,18,10,47,2.0,6,47.0
2023-09-26,16.791666666666668,11.091666666666667,191.25,4.083333333333333,1.4208333333333334,60.5,18.0,17,10,60,2.0,5,60.0
2023-09-27,14.429166666666667,9.895833333333334,192.54166666666666,3.341666666666667,1.0250000000000001,60.583333333333336,16.0,14,10,61,1.0,4,61.0
2023-09-28,15.262500000000001,10.637500000000001,224.0,3.0041666666666664,1.0916666666666666,66.08333333333333,18.0,15,11,66,1.0,4,66.0
2023-09-29,16.133333333333333,11.254166666666668,219.08333333333334,3.7416666666666667,1.2333333333333332,57.416666666666664,19.0,16,11,57,2.0,5,57.0
2023-09-30,15.491666666666667,10.816666666666668,214.66666666666666,3.9416666666666664,2.9625,58.166666666666664,18.0,15,11,58,4.0,5,58.0
2023-10-01,8.491666666666667,5.9375,195.83333333333334,3.5375,1.6291666666666667,59.125,10.0,8,10,59,2.0,4,59.0
2023-10-02,7.216666666666666,5.0625,178.29166666666666,2.8958333333333335,1.6041666666666667,55.083333333333336,8.0,7,9,55,2.0,4,55.0
2023-10-03,6.679166666666666,4.675,174.375,3.225,1.8458333333333332,58.333333333333336,8.0,7,9,58,2.0,4,58.0
2023-10-04,4.558333333333334,3.1291666666666664,167.20833333333334,3.029166666666667,1.6958333333333335,56.458333333333336,5.0,5,8,56,2.0,4,56.0
2023-10-05,10.120833333333334,6.75,185.45833333333334,3.1458333333333335,1.7666666666666666,54.75,11.0,10,9,55,2.0,4,55.0
2023-10-06,9.470833333333333,6.670833333333333,189.91666666666666,3.8666666666666667,2.5166666666666666,51.666666666666664,11.0,9,9,52,3.0,5,52.0
2023-10-07,13.674999999999999,9.404166666666667,255.75,4.204166666666667,1.3333333333333333,71.0,16.0,14,13,71,2.0,5,71.0
2023-10-08,6.216666666666666,4.341666666666667,278.9583333333333,3.9,0.8666666666666667,77.20833333333333,7.0,6,14,77,1.0,5,77.0
2023-10-09,17.404166666666665,12.120833333333332,267.7083333333333,4.1875,1.2125000000000001,81.29166666666667,20.0,17,13,81,2.0,5,81.0
2023-10-10,38.44583333333333,24.883333333333336,315.625,3.8625000000000003,1.7958333333333334,91.625,41.0,38,16,92,2.0,5,92.0
2023-10-11,52.01666666666667,32.00833333333333,325.0416666666667,3.0749999999999997,1.7916666666666667,99.54166666666667,53.0,52,16,100,2.0,4,100.0
2023-10-12,60.21666666666667,37.737500000000004,338.5,3.35,1.1166666666666667,91.375,63.0,60,17,91,1.0,4,91.0
2023-10-13,46.770833333333336,29.8,380.6666666666667,3.87,1.5250000000000001,70.875,50.0,47,19,71,2.0,5,71.0
2023-10-14,36.86666666666667,23.879166666666666,331.0,4.058333333333334,2.2041666666666666,76.25,40.0,37,17,76,3.0,5,76.0
2023-10-15,33.725,21.6875,345.8333333333333,3.9875000000000003,2.3874999999999997,88.58333333333333,36.0,34,17,89,3.0,5,89.0
2023-10-16,29.40416666666667,19.2625,319.5416666666667,4.1869565217391305,1.8666666666666665,79.625,32.0,29,16,80,2.0,5,80.0
2023-10-17,21.858333333333334,14.354166666666666,278.4583333333333,4.0473684210526315,1.8583333333333334,68.58333333333333,24.0,22,14,69,2.0,5,69.0
2023-10-18,24.47083333333333,15.891666666666667,283.9583333333333,5.195833333333334,1.875,73.33333333333333,26.0,24,14,73,2.0,6,73.0
2023-10-19,24.474999999999998,15.991666666666667,259.5833333333333,4.204166666666667,1.2,74.625,27.0,24,13,75,1.0,5,75.0
2023-10-20,25.599999999999998,16.491666666666667,250.20833333333334,3.0500000000000003,1.0208333333333333,76.95833333333333,27.0,26,13,77,1.0,4,77.0
2023-10-21,21.425,13.983333333333334,267.6666666666667,3.47,1.5958333333333332,71.83333333333333,23.0,21,13,72,2.0,4,72.0
2023-10-22,19.537499999999998,12.983333333333334,265.6666666666667,3.595,1.9916666666666665,69.0,22.0,20,13,69,2.0,4,69.0
2023-10-23,22.254166666666666,15.133333333333333,254.08333333333334,4.016666666666667,1.5708333333333335,62.5,25.0,22,13,62,2.0,5,62.0
2023-10-24,17.179166666666667,11.945833333333333,225.0,3.5875000000000004,1.1708333333333334,56.25,20.0,17,11,56,1.0,4,56.0
2023-10-25,14.366666666666667,9.920833333333333,239.54166666666666,3.3833333333333333,1.4833333333333334,60.375,17.0,14,12,60,2.0,4,60.0
2023-10-26,10.262500000000001,7.1000000000000005,239.70833333333334,3.733333333333333,0.9458333333333333,60.625,12.0,10,12,61,1.0,5,61.0
2023-10-27,15.720833333333333,10.683333333333332,240.125,4.286363636363636,1.25,60.166666666666664,18.0,16,12,60,2.0,5,60.0
2023-10-28,16.354166666666668,11.191666666666668,253.375,3.579166666666667,1.1708333333333334,68.125,19.0,16,13,68,1.0,4,68.0
2023-10-29,15.741666666666667,10.616666666666665,259.7916666666667,3.41,1.6708333333333334,65.70833333333333,18.0,16,13,66,2.0,4,66.0
2023-10-30,11.041666666666666,7.5375000000000005,240.25,3.3899999999999997,1.7,62.791666666666664,13.0,11,12,63,2.0,4,63.0
2023-10-31,7.95,5.333333333333333,236.0,4.040909090909091,1.45,62.958333333333336,9.0,8,12,63,2.0,5,63.0
2023-11-01,8.362499999999999,5.7250000000000005,260.875,4.257142857142857,1.4875,59.833333333333336,10.0,8,13,60,2.0,5,60.0
2023-11-02,9.6625,6.741666666666667,267.25,3.9894736842105263,1.7958333333333334,64.66666666666667,11.0,10,13,65,2.0,5,65.0
2023-11-03,19.995833333333334,13.958333333333334,292.8333333333333,4.780952380952381,2.183333333333333,66.20833333333333,23.0,20,15,66,3.0,6,66.0
2023-11-04,24.516666666666666,17.029166666666665,292.875,5.121739130434783,2.15,68.83333333333333,28.0,25,15,69,3.0,6,69.0
2023-11-05,30.233333333333334,20.566666666666666,311.0,3.5090909090909093,1.9124999999999999,74.04166666666667,34.0,30,16,74,2.0,4,74.0
2023-11-06,22.058333333333334,14.9375,286.1666666666667,3.7649999999999997,1.7125000000000001,67.29166666666667,25.0,22,14,67,2.0,5,67.0
2023-11-07,21.3875,14.612499999999999,283.0,4.347619047619047,2.629166666666667,71.08333333333333,24.0,21,14,71,3.0,5,71.0
2023-11-08,25.504166666666666,17.212500000000002,279.0416666666667,4.195833333333334,2.533333333333333,73.45833333333333,29.0,26,14,73,3.0,5,73.0
2023-11-09,17.141666666666666,11.575000000000001,248.0,3.9583333333333335,1.4958333333333333,67.45833333333333,19.0,17,12,67,2.0,5,67.0
2023-11-10,17.954166666666666,12.045833333333334,270.4583333333333,3.3549999999999995,1.6083333333333334,65.70833333333333,20.0,18,14,66,2.0,4,66.0
2023-11-11,16.145833333333332,10.895833333333334,254.58333333333334,3.5952380952380953,1.8625,67.70833333333333,18.0,16,13,68,2.0,4,68.0
2023-11-12,12.766666666666666,8.733333333333333,243.54166666666666,3.4565217391304346,1.6125,69.91666666666667,15.0,13,12,70,2.0,4,70.0
2023-11-13,11.595833333333333,7.804166666666667,240.25,3.5,1.5166666666666666,62.125,13.0,12,12,62,2.0,4,62.0
2023-11-14,11.766666666666666,7.708333333333333,216.5,3.655,1.9000000000000001,61.916666666666664,13.0,12,11,62,2.0,5,62.0
2023-11-15,14.5375,9.5375,220.16666666666666,3.4,2.1416666666666666,63.041666666666664,16.0,15,11,63,3.0,4,63.0
2023-11-16,11.920833333333334,8.125,212.25,3.185,1.4083333333333332,48.625,14.0,12,11,49,2.0,4,49.0
2023-11-17,8.8125,6.179166666666667,167.70833333333334,2.0124999999999997,1.1833333333333333,52.125,10.0,9,8,52,1.0,3,52.0
2023-11-18,10.012500000000001,7.0125,204.91666666666666,3.4,1.1624999999999999,48.666666666666664,12.0,10,10,49,1.0,4,49.0
2023-11-19,10.920833333333334,7.566666666666666,239.91666666666666,3.5526315789473686,1.0958333333333334,45.208333333333336,13.0,11,12,45,1.0,4,45.0
2023-11-20,11.520833333333334,8.020833333333334,244.79166666666666,4.13,1.5458333333333334,50.75,13.0,12,12,51,2.0,5,51.0
2023-11-21,13.191666666666668,9.15,241.95833333333334,4.3875,2.0166666666666666,63.75,15.0,13,12,64,3.0,5,64.0
2023-11-22,13.325000000000001,9.216666666666667,255.58333333333334,3.2181818181818183,0.975,69.45833333333333,15.0,13,13,69,1.0,4,69.0
2023-11-23,11.091666666666667,7.691666666666666,239.41666666666666,4.141666666666667,0.75,58.041666666666664,13.0,11,12,58,1.0,5,58.0
2023-11-24,9.829166666666667,6.854166666666667,256.5833333333333,3.694736842105263,1.7583333333333335,55.291666666666664,11.0,10,13,55,2.0,5,55.0
2023-11-25,7.479166666666667,5.1375,228.70833333333334,3.652173913043478,1.3125,60.25,9.0,7,11,60,2.0,5,60.0
2023-11-26,6.575,4.5125,235.0,3.925,1.6291666666666667,57.25,8.0,7,12,57,2.0,5,57.0
2023-11-27,7.495833333333334,5.195833333333334,258.7916666666667,3.7684210526315787,2.1166666666666667,59.291666666666664,9.0,7,13,59,3.0,5,59.0
2023-11-28,9.529166666666667,6.6375,260.4166666666667,3.857894736842105,2.591666666666667,59.625,11.0,10,13,60,3.0,5,60.0
2023-11-29,9.754166666666666,6.8,264.4583333333333,2.8666666666666667,2.5500000000000003,61.541666666666664,11.0,10,13,62,3.0,4,62.0
2023-11-30,9.070833333333333,6.345833333333334,252.125,3.0210526315789474,2.0541666666666667,61.541666666666664,11.0,9,13,62,3.0,4,62.0
2023-12-01,8.308333333333334,5.8125,273.4166666666667,3.4,2.408333333333333,62.291666666666664,10.0,8,14,62,3.0,4,62.0
2023-12-02,10.387500000000001,7.245833333333334,290.0,3.655,2.9166666666666665,69.125,12.0,10,14,69,4.0,5,69.0
2023-12-03,13.729166666666666,9.549999999999999,328.6666666666667,3.4578947368421056,2.779166666666667,66.625,16.0,14,16,67,3.0,4,67.0
2023-12-04,16.2375,11.258333333333333,328.0833333333333,3.4,3.033333333333333,67.91666666666667,19.0,16,16,68,4.0,4,68.0
2023-12-05,21.495833333333334,14.895833333333334,338.0833333333333,4.108333333333333,4.308333333333334,67.375,25.0,21,17,67,5.0,5,67.0
2023-12-06,15.1625,10.508333333333335,295.2083333333333,3.6875,2.0416666666666665,61.833333333333336,18.0,15,15,62,3.0,5,62.0
2023-12-07,7.416666666666667,5.195833333333334,213.04166666666666,3.3333333333333335,0.9208333333333334,50.916666666666664,9.0,7,11,51,1.0,4,51.0
2023-12-08,11.545833333333334,8.070833333333333,283.6666666666667,6.095833333333334,2.2666666666666666,39.416666666666664,13.0,12,14,39,3.0,8,39.0
2023-12-09,17.329166666666666,12.079166666666666,333.125,5.741666666666667,1.8416666666666668,46.083333333333336,20.0,17,17,46,2.0,7,46.0
2023-12-10,17.279166666666665,12.008333333333333,301.25,3.858333333333333,1.8458333333333332,61.541666666666664,20.0,17,15,62,2.0,5,62.0
2023-12-11,14.754166666666668,10.254166666666666,292.9166666666667,3.875,0.9666666666666667,55.5,17.0,15,15,56,1.0,5,56.0
2023-12-12,16.733333333333334,11.570833333333333,310.5416666666667,3.9000000000000004,2.875,55.041666666666664,19.0,17,16,55,4.0,5,55.0
2023-12-13,25.258333333333336,20.316666666666666,332.9166666666667,4.716666666666667,2.9499999999999997,77.33333333333333,34.0,25,17,77,4.0,6,77.0
2023-12-14,41.329166666666666,24.670833333333334,448.22222222222223,3.5619047619047617,3.6833333333333336,86.375,41.0,41,22,86,5.0,4,86.0
2023-12-15,25.28333333333333,14.191666666666668,390.9166666666667,3.5450000000000004,2.5541666666666667,71.29166666666667,24.0,25,20,71,3.0,4,71.0
2023-12-16,15.758333333333333,10.975,340.9166666666667,3.689473684210526,2.575,64.5,18.0,16,17,64,3.0,5,64.0
2023-12-17,15.629166666666668,10.9,335.7916666666667,3.9894736842105263,3.2083333333333335,64.375,18.0,16,17,64,4.0,5,64.0
2023-12-18,14.545833333333334,10.0375,298.625,3.6315789473684212,3.908333333333333,69.25,17.0,15,15,69,5.0,5,69.0
2023-12-19,9.05,6.308333333333334,280.4166666666667,3.1,3.266666666666667,60.708333333333336,11.0,9,14,61,4.0,4,61.0
2023-12-20,10.570833333333333,7.354166666666667,291.5,3.7315789473684213,3.470833333333333,55.416666666666664,12.0,11,15,55,4.0,5,55.0
2023-12-21,10.595833333333333,7.379166666666666,284.0416666666667,3.7666666666666666,3.4625,53.958333333333336,12.0,11,14,54,4.0,5,54.0
2023-12-22,14.520833333333334,9.862499999999999,262.5833333333333,3.8894736842105266,3.420833333333333,55.833333333333336,16.0,15,13,56,4.0,5,56.0
2023-12-23,15.566666666666668,10.366666666666667,260.2916666666667,4.131578947368421,3.5666666666666664,55.166666666666664,17.0,16,13,55,4.0,5,55.0
2023-12-24,20.333333333333332,13.829166666666666,318.5416666666667,4.221052631578948,3.095833333333333,55.458333333333336,23.0,20,16,55,4.0,5,55.0
2023-12-25,24.570833333333336,16.8875,340.3157894736842,4.122222222222223,3.0818181818181816,57.208333333333336,28.0,25,17,57,4.0,5,57.0
2023-12-26,21.84166666666667,14.895833333333334,344.90909090909093,3.6368421052631574,3.108333333333333,58.416666666666664,25.0,22,17,58,4.0,5,58.0
2023-12-27,18.395833333333332,12.566666666666668,332.25,4.211111111111111,3.533333333333333,57.541666666666664,21.0,18,17,58,4.0,5,58.0
2023-12-28,17.104166666666668,11.595833333333333,311.69565217391306,3.8526315789473684,3.233333333333333,58.416666666666664,19.0,17,16,58,4.0,5,58.0
2023-12-29,12.516666666666666,8.658333333333333,326.0833333333333,3.5149999999999997,2.9499999999999997,65.83333333333333,14.0,13,16,66,4.0,4,66.0
2023-12-30,15.299999999999999,10.645833333333334,354.0833333333333,3.668421052631579,2.9916666666666667,65.95833333333333,18.0,15,18,66,4.0,5,66.0
2023-12-31,16.079166666666666,11.1875,338.7083333333333,3.4157894736842107,2.779166666666667,64.20833333333333,19.0,16,17,64,3.0,4,64.0
2024-01-01,19.379166666666666,13.541666666666666,356.17391304347825,3.6944444444444446,3.045833333333333,63.833333333333336,23.0,19,18,64,4.0,5,64.0
2024-01-02,21.704166666666666,15.145833333333334,359.75,3.4894736842105263,2.625,65.66666666666667,25.0,22,18,66,3.0,4,66.0
2024-01-03,18.775000000000002,12.991666666666667,315.05263157894734,3.5277777777777777,2.5208333333333335,61.083333333333336,22.0,19,16,61,3.0,4,61.0
2024-01-04,20.904166666666665,14.299999999999999,336.8095238095238,3.688888888888889,3.5043478260869563,64.66666666666667,24.0,21,17,65,4.0,5,65.0
2024-01-05,15.370833333333332,10.529166666666667,339.0833333333333,3.142105263157895,2.5416666666666665,62.25,18.0,15,17,62,3.0,4,62.0
2024-01-06,19.92083333333333,13.458333333333334,323.14285714285717,3.2333333333333334,3.154166666666667,64.91666666666667,22.0,20,16,65,4.0,4,65.0
2024-01-07,23.22083333333333,15.716666666666667,319.4736842105263,3.3111111111111113,3.3791666666666664,67.95833333333333,26.0,23,16,68,4.0,4,68.0
2024-01-08,29.525000000000002,19.904166666666665,338.55555555555554,3.8444444444444446,3.6347826086956525,67.625,33.0,30,17,68,5.0,5,68.0
2024-01-09,32.395833333333336,22.008333333333336,354.7647058823529,3.5470588235294116,3.5681818181818183,66.625,37.0,32,18,67,4.0,4,67.0
2024-01-10,36.166666666666664,24.641666666666666,379.44444444444446,3.4352941176470586,3.6809523809523808,65.54166666666667,41.0,36,19,66,5.0,4,66.0
2024-01-11,38.4625,26.474999999999998,381.3529411764706,3.931578947368421,3.8238095238095235,69.33333333333333,44.0,38,19,69,5.0,5,69.0
2024-01-12,30.46666666666667,21.125,382.8,3.3000000000000003,2.3833333333333333,69.79166666666667,35.0,30,19,70,3.0,4,70.0
2024-01-13,29.504166666666666,20.516666666666666,367.8333333333333,3.3105263157894735,2.6791666666666667,73.41666666666667,34.0,30,18,73,3.0,4,73.0
2024-01-14,21.916666666666668,15.291666666666666,342.44444444444446,3.2294117647058824,2.9761904761904763,70.25,25.0,22,17,70,4.0,4,70.0
2024-01-15,21.170833333333334,14.583333333333334,315.55555555555554,3.6294117647058823,3.9200000000000004,66.91666666666667,24.0,21,16,67,5.0,5,67.0
2024-01-16,29.599999999999998,20.370833333333334,347.57894736842104,4.62,3.9416666666666664,68.0,34.0,30,17,68,5.0,6,68.0
2024-01-17,35.97083333333333,24.833333333333332,329.0769230769231,3.8125,3.6049999999999995,66.5,41.0,36,16,66,5.0,5,66.0
2024-01-18,39.199999999999996,27.116666666666664,419.9375,3.3823529411764706,3.076190476190476,65.91666666666667,45.0,39,21,66,4.0,4,66.0
2024-01-19,35.92916666666667,24.354166666666668,390.8421052631579,3.4947368421052634,3.141666666666667,65.70833333333333,41.0,36,20,66,4.0,4,66.0
2024-01-20,35.80833333333333,24.25,357.3125,4.733333333333333,3.369565217391304,68.08333333333333,40.0,36,18,68,4.0,6,68.0
2024-01-21,46.77916666666667,31.316666666666666,416.4,3.9444444444444446,3.4952380952380957,76.83333333333333,52.0,47,21,77,4.0,5,77.0
2024-01-22,44.48333333333333,29.46666666666667,418.8235294117647,3.7210526315789476,3.7681818181818185,77.20833333333333,49.0,44,21,77,5.0,5,77.0
2024-01-23,40.44583333333333,26.566666666666666,393.1111111111111,4.242105263157894,3.8904761904761904,73.375,44.0,40,20,73,5.0,5,73.0
2024-01-24,50.67083333333333,33.67916666666667,412.2,5.430434782608696,4.0,77.0,56.0,51,21,77,5.0,7,77.0
2024-01-25,46.3375,30.6875,416.875,4.215,3.970833333333333,82.45833333333333,51.0,46,21,82,5.0,5,82.0
2024-01-26,55.1,36.637499999999996,404.0769230769231,4.188888888888889,3.821739130434783,71.08333333333333,61.0,55,20,71,5.0,5,71.0
2024-01-27,60.074999999999996,39.583333333333336,425.45,4.8875,3.6958333333333333,76.16666666666667,66.0,60,21,76,5.0,6,76.0
2024-01-28,54.229166666666664,36.75833333333333,402.4736842105263,3.9047619047619047,2.6166666666666667,67.29166666666667,61.0,54,20,67,3.0,5,67.0
2024-01-29,53.3125,35.57083333333333,425.0,4.54,3.6958333333333333,66.54166666666667,59.0,53,21,67,5.0,6,67.0
2024-01-30,58.53333333333333,37.75,384.84615384615387,4.2368421052631575,4.395652173913043,74.70833333333333,63.0,59,19,75,5.0,5,75.0
2024-01-31,76.17142857142858,54.9375,473.8181818181818,4.604166666666667,5.325,102.0,92.0,76,24,103,7.0,6,103.0
2024-02-01,71.83157894736841,46.11818181818182,430.27777777777777,4.486363636363636,6.145454545454545,92.125,77.0,72,22,92,8.0,6,92.0
2024-02-02,75.40526315789474,50.4625,453.375,3.216666666666667,6.125,98.16666666666667,84.0,75,23,98,8.0,4,98.0
2024-02-03,57.73636363636364,39.104166666666664,418.63157894736844,4.858333333333333,5.388235294117647,82.375,65.0,58,21,82,7.0,6,82.0
2024-02-04,59.32916666666667,38.27916666666667,402.14285714285717,4.539130434782609,5.783333333333334,87.08333333333333,64.0,59,20,87,7.0,6,87.0
2024-02-05,67.26190476190476,41.36818181818182,414.625,3.404166666666667,,100.125,69.0,67,21,100,,4,100.0
2024-02-06,28.4375,15.779166666666667,297.125,2.8874999999999997,3.710526315789474,79.16666666666667,26.0,28,15,79,5.0,4,79.0
2024-02-07,34.275,22.075,340.5,4.591304347826087,4.495833333333334,72.41666666666667,37.0,34,17,72,6.0,6,72.0
2024-02-08,47.1,32.479166666666664,339.22727272727275,3.6666666666666665,4.78695652173913,90.16666666666667,54.0,47,17,90,6.0,5,90.0
2024-02-09,44.1,30.037499999999998,336.8333333333333,3.5652173913043477,2.3333333333333335,87.625,50.0,44,17,88,3.0,4,88.0
2024-02-10,26.84583333333333,18.337500000000002,345.25,3.7350000000000003,2.433333333333333,80.375,31.0,27,17,80,3.0,5,80.0
2024-02-11,26.741666666666664,18.504166666666666,372.125,4.252380952380952,3.420833333333333,85.33333333333333,31.0,27,19,85,4.0,5,85.0
2024-02-12,33.65833333333333,23.229166666666668,359.1904761904762,3.7649999999999997,3.3958333333333335,87.5,39.0,34,18,88,4.0,5,88.0
2024-02-13,32.75416666666667,22.741666666666664,390.95652173913044,4.322727272727272,3.6374999999999997,90.45833333333333,38.0,33,20,90,5.0,5,90.0
2024-02-14,54.85833333333333,35.94166666666667,402.05263157894734,4.09,4.341666666666667,83.29166666666667,60.0,55,20,83,5.0,5,83.0
2024-02-15,63.780952380952385,42.55833333333333,378.9583333333333,3.875,4.625,88.54166666666667,71.0,64,19,89,6.0,5,89.0
2024-02-16,49.47083333333333,31.291666666666668,363.0,3.8000000000000003,2.4625,77.25,52.0,49,18,77,3.0,5,77.0
2024-02-17,59.71666666666667,38.775,409.1666666666667,4.019047619047619,3.483333333333333,74.95833333333333,65.0,60,20,75,4.0,5,75.0
2024-02-18,71.40434782608695,48.0695652173913,417.5,4.504166666666666,5.154545454545455,88.16666666666667,80.0,71,21,88,6.0,6,88.0
2024-02-19,64.525,43.705,457.8888888888889,3.815,4.9523809523809526,83.875,73.0,65,23,84,6.0,5,84.0
2024-02-20,55.404761904761905,39.012499999999996,393.5833333333333,2.9333333333333336,3.9000000000000004,108.45833333333333,65.0,55,20,112,5.0,4,112.0
2024-02-21,43.59583333333333,25.912499999999998,309.9166666666667,2.966666666666667,3.6958333333333333,88.625,43.0,44,15,89,5.0,4,89.0
2024-02-22,37.733333333333334,23.583333333333332,310.7083333333333,3.775,4.016666666666667,81.375,39.0,38,16,81,5.0,5,81.0
2024-02-23,35.28333333333333,21.754166666666666,255.95833333333334,3.0625,2.595833333333333,87.0,36.0,35,13,87,3.0,4,87.0
2024-02-24,54.15,32.762499999999996,301.2916666666667,4.113636363636363,3.6,83.83333333333333,55.0,54,15,84,5.0,5,84.0
2024-02-25,57.26666666666667,38.22083333333333,316.6666666666667,4.533333333333333,3.6374999999999997,71.08333333333333,64.0,57,16,71,5.0,6,71.0
2024-02-26,43.77916666666667,28.929166666666664,286.4166666666667,3.9499999999999997,2.504166666666667,80.875,48.0,44,14,81,3.0,5,81.0
2024-02-27,37.55833333333333,24.858333333333334,320.625,4.8125,3.204166666666667,79.04166666666667,41.0,38,16,79,4.0,6,79.0
2024-02-28,47.637499999999996,31.770833333333332,378.0,4.304166666666666,4.779166666666667,99.54166666666667,53.0,48,19,100,6.0,5,100.0
2024-02-29,60.770833333333336,39.3375,381.125,4.3625,5.489473684210526,98.45833333333333,66.0,61,19,98,7.0,5,98.0
2024-03-01,71.53571428571429,50.126315789473686,388.3333333333333,4.066666666666666,4.4375,89.625,84.0,72,19,90,6.0,5,90.0
2024-03-02,63.51739130434783,42.3375,392.125,3.9818181818181824,4.170833333333333,88.70833333333333,71.0,64,20,89,5.0,5,89.0
2024-03-03,57.71666666666667,38.854166666666664,421.0833333333333,3.8833333333333333,4.070833333333334,92.54166666666667,65.0,58,21,93,5.0,5,93.0
2024-03-04,41.829166666666666,27.291666666666668,325.4166666666667,2.7291666666666665,3.8083333333333336,98.0,45.0,42,16,98,5.0,3,98.0
2024-03-05,32.458333333333336,21.325,280.2083333333333,3.7624999999999997,4.939130434782609,98.54166666666667,36.0,32,14,99,6.0,5,99.0
2024-03-06,22.75,15.7125,315.2916666666667,4.245454545454546,4.745833333333333,94.91666666666667,26.0,23,16,95,6.0,5,95.0
2024-03-07,29.791666666666668,20.554166666666667,351.0,4.0181818181818185,5.3,98.25,34.0,30,18,98,7.0,5,98.0
2024-03-08,31.245833333333334,20.7,346.7916666666667,3.927272727272727,4.7,95.33333333333333,34.0,31,17,95,6.0,5,95.0
2024-03-09,40.079166666666666,26.15416666666667,367.9583333333333,4.625,5.016666666666667,95.625,44.0,40,18,96,6.0,6,96.0
2024-03-10,52.583333333333336,35.4,424.7142857142857,4.040909090909091,4.6000000000000005,102.29166666666667,59.0,53,21,103,6.0,5,103.0
2024-03-11,48.395833333333336,33.112500000000004,441.3333333333333,4.208333333333333,4.008333333333334,109.83333333333333,55.0,48,22,114,5.0,5,114.0
2024-03-12,46.60833333333333,31.52916666666667,388.0833333333333,3.5875,4.84,124.125,53.0,47,19,135,6.0,4,135.0
2024-03-13,55.291666666666664,35.916666666666664,346.9166666666667,2.970833333333333,4.98125,116.41666666666667,60.0,55,17,124,6.0,4,124.0
2024-03-14,57.78333333333333,36.670833333333334,364.5833333333333,3.1958333333333333,3.6666666666666665,110.45833333333333,61.0,58,18,115,5.0,4,115.0
2024-03-15,57.112500000000004,34.729166666666664,364.3333333333333,4.329166666666667,4.033333333333333,101.75,58.0,57,18,103,5.0,5,103.0
2024-03-16,68.82083333333334,41.483333333333334,328.3333333333333,3.220833333333333,4.84,109.54166666666667,69.0,69,16,114,6.0,4,114.0
2024-03-17,55.093333333333334,40.73636363636364,350.5,4.5,5.4799999999999995,102.54166666666667,68.0,55,18,104,7.0,6,104.0
2024-03-18,62.51666666666667,39.3125,401.25,4.1850000000000005,5.946666666666667,104.5,66.0,63,20,107,7.0,5,107.0
2024-03-19,73.87777777777778,48.56923076923077,402.77777777777777,4.505000000000001,4.965217391304348,100.20833333333333,81.0,74,20,100,6.0,6,100.0
2024-03-20,73.25238095238095,48.10952380952381,335.1,4.625,3.3666666666666667,98.66666666666667,80.0,73,17,99,4.0,6,99.0
2024-03-21,57.5375,38.86666666666667,390.25,5.304166666666666,2.3583333333333334,84.91666666666667,65.0,58,20,85,3.0,7,85.0
2024-03-22,38.262499999999996,25.808333333333334,360.75,4.733333333333333,2.5083333333333333,85.83333333333333,43.0,38,18,86,3.0,6,86.0
2024-03-23,36.55416666666667,24.570833333333336,336.4166666666667,3.795833333333333,3.1999999999999997,102.95833333333333,41.0,37,17,104,4.0,5,104.0
2024-03-24,46.949999999999996,30.462500000000002,338.2916666666667,3.65,3.341666666666667,99.45833333333333,51.0,47,17,99,4.0,5,99.0
2024-03-25,43.525,27.40833333333333,272.3333333333333,2.9916666666666667,2.7375000000000003,96.91666666666667,46.0,44,14,97,3.0,4,97.0
2024-03-26,52.34583333333333,29.704166666666666,287.25,3.691666666666667,3.792307692307692,97.04166666666667,50.0,52,14,97,5.0,5,97.0
2024-03-27,56.95416666666667,34.375,294.6666666666667,2.779166666666667,3.8636363636363638,103.33333333333333,57.0,57,15,105,5.0,3,105.0
2024-03-28,53.24583333333334,33.09166666666667,295.125,3.216666666666667,2.9416666666666664,92.91666666666667,55.0,53,15,93,4.0,4,93.0
2024-03-29,59.72083333333333,36.329166666666666,341.5,4.3875,3.358333333333333,86.33333333333333,61.0,60,17,86,4.0,5,86.0
2024-03-30,59.487500000000004,37.53333333333333,345.5833333333333,3.7954545454545454,3.216666666666667,94.58333333333333,63.0,59,17,95,4.0,5,95.0
2024-03-31,22.041666666666668,14.112499999999999,260.0833333333333,2.9375,2.441666666666667,96.875,24.0,22,13,97,3.0,4,97.0
2024-04-01,35.229166666666664,22.675,297.0,3.2416666666666667,3.4250000000000003,102.95833333333333,38.0,35,15,104,4.0,4,104.0
2024-04-02,42.28333333333333,25.958333333333332,324.0416666666667,4.004166666666666,3.6833333333333336,106.04166666666667,43.0,42,16,109,5.0,5,109.0
2024-04-03,49.074999999999996,31.22083333333333,376.375,4.677272727272728,3.857142857142857,104.08333333333333,52.0,49,19,106,5.0,6,106.0
2024-04-04,57.09583333333333,36.574999999999996,425.1666666666667,4.991666666666666,5.069565217391304,110.375,61.0,57,21,115,6.0,6,115.0
2024-04-05,58.43333333333333,38.51363636363636,382.2173913043478,4.2625,3.1208333333333336,111.625,64.0,58,19,117,4.0,5,117.0
2024-04-06,56.074999999999996,35.291666666666664,292.875,3.1999999999999997,2.545,109.91666666666667,59.0,56,15,115,3.0,4,115.0
2024-04-07,60.17916666666667,36.891666666666666,276.5416666666667,2.8791666666666664,4.966666666666667,118.875,61.0,60,14,128,6.0,4,128.0
2024-04-08,65.375,38.9,364.54545454545456,4.8999999999999995,4.89375,97.875,65.0,65,18,98,6.0,6,98.0
2024-04-09,62.97083333333333,36.604166666666664,373.3333333333333,4.128571428571429,5.133333333333334,101.0,61.0,63,19,101,6.0,5,101.0
2024-04-10,64.5,41.4125,404.0833333333333,4.579166666666667,5.58,117.41666666666667,69.0,64,20,126,7.0,6,126.0
2024-04-11,71.45833333333333,45.574999999999996,413.0833333333333,3.5833333333333335,4.391666666666667,116.58333333333333,76.0,71,21,124,5.0,4,124.0
2024-04-12,69.39333333333335,47.55416666666667,357.2083333333333,3.016666666666667,4.583333333333333,117.29166666666667,79.0,69,18,125,6.0,4,125.0
2024-04-13,60.2047619047619,39.67916666666667,383.9166666666667,3.6166666666666667,5.11,110.45833333333333,66.0,60,19,115,6.0,5,115.0
2024-04-14,59.26666666666666,36.125,369.9166666666667,2.908333333333333,4.3500000000000005,117.75,60.0,59,18,126,5.0,4,126.0
2024-04-15,62.95384615384615,45.23529411764706,396.2916666666667,3.0541666666666667,4.908333333333333,120.0,75.0,63,20,129,6.0,4,129.0
2024-04-16,70.655,46.266666666666666,387.5416666666667,2.8625000000000003,5.521428571428571,128.70833333333334,77.0,71,19,142,7.0,4,142.0
2024-04-17,57.472727272727276,36.670833333333334,356.5,3.3166666666666664,3.553846153846154,121.91666666666667,61.0,57,18,132,4.0,4,132.0
2024-04-18,51.12916666666666,30.791666666666668,320.2916666666667,4.079166666666667,3.7636363636363637,112.20833333333333,51.0,51,16,118,5.0,5,118.0
2024-04-19,50.9125,29.849999999999998,293.1666666666667,3.016666666666667,3.183333333333333,113.08333333333333,50.0,51,15,119,4.0,4,119.0
2024-04-20,35.55416666666667,22.670833333333334,300.0833333333333,4.391666666666667,3.1125000000000003,85.0,38.0,36,15,85,4.0,5,85.0
2024-04-21,24.09583333333333,14.5625,248.33333333333334,3.5541666666666667,2.5916666666666663,92.0,24.0,24,12,92,3.0,4,92.0
2024-04-22,39.82083333333333,24.129166666666666,265.0833333333333,3.4583333333333335,3.1636363636363636,104.54166666666667,40.0,40,13,107,4.0,4,107.0
2024-04-23,50.15833333333333,31.804166666666664,285.5833333333333,2.658333333333333,6.107692307692308,126.75,53.0,50,14,139,8.0,3,139.0
2024-04-24,51.29583333333333,33.43333333333333,325.1666666666667,3.0666666666666664,5.944444444444445,128.58333333333334,56.0,51,16,142,7.0,4,142.0
2024-04-25,41.854166666666664,26.15833333333333,301.9583333333333,3.7291666666666665,5.222222222222222,118.875,44.0,42,15,128,7.0,5,128.0
2024-04-26,44.24166666666667,27.870833333333334,289.9583333333333,3.0416666666666665,4.257894736842106,121.75,46.0,44,14,132,5.0,4,132.0
2024-04-27,49.5625,30.445833333333336,287.0833333333333,3.4583333333333335,4.131818181818182,108.5,51.0,50,14,112,5.0,4,112.0
2024-04-28,45.13333333333333,27.97083333333333,270.0,3.345833333333333,4.3500000000000005,109.75,47.0,45,14,114,5.0,4,114.0
2024-04-29,48.229166666666664,29.416666666666668,282.0,3.4499999999999997,5.25,111.41666666666667,49.0,48,14,117,7.0,4,117.0
2024-04-30,38.6875,24.516666666666666,277.0,3.4125,3.875,107.25,41.0,39,14,111,5.0,4,111.0
2024-05-01,24.320833333333336,14.637500000000001,242.33333333333334,2.8208333333333333,2.025,103.16666666666667,24.0,24,12,105,3.0,4,105.0
2024-05-02,33.13333333333333,19.895833333333332,267.7083333333333,3.3791666666666664,2.0166666666666666,96.25,33.0,33,13,96,3.0,4,96.0
2024-05-03,41.233333333333334,24.825000000000003,320.1666666666667,4.469565217391304,2.9291666666666667,101.25,41.0,41,16,102,4.0,6,102.0
2024-05-04,66.3578947368421,42.2125,334.125,3.641666666666667,4.1875,127.25,70.0,66,17,140,5.0,5,140.0
2024-05-05,42.85833333333333,24.645833333333332,270.3333333333333,2.1375,2.6750000000000003,119.5,41.0,43,14,129,3.0,3,129.0
2024-05-06,16.416666666666668,10.533333333333333,256.8333333333333,2.5791666666666666,1.4708333333333332,91.75,18.0,16,13,92,2.0,3,92.0
2024-05-07,35.49583333333333,22.304166666666664,262.25,3.1666666666666665,1.2,82.91666666666667,37.0,35,13,83,1.0,4,83.0
2024-05-08,39.9625,24.454166666666666,296.75,4.8125,2.8375,84.25,41.0,40,15,84,4.0,6,84.0
2024-05-09,40.925000000000004,25.55,264.7916666666667,3.2083333333333335,1.8791666666666667,88.0,43.0,41,13,88,2.0,4,88.0
2024-05-10,46.35833333333333,28.575,281.1666666666667,3.7083333333333335,2.658333333333333,94.625,48.0,46,14,95,3.0,5,95.0
2024-05-11,53.13333333333333,32.420833333333334,296.125,3.845833333333333,2.379166666666667,94.0,54.0,53,15,94,3.0,5,94.0
2024-05-12,36.208333333333336,23.041666666666668,302.4583333333333,4.979166666666667,1.8166666666666667,82.875,38.0,36,15,83,2.0,6,83.0
2024-05-13,45.300000000000004,29.1375,306.5833333333333,4.654166666666667,1.8166666666666667,89.16666666666667,49.0,45,15,89,2.0,6,89.0
2024-05-14,47.04583333333333,29.495833333333334,269.0,3.9416666666666664,3.025,92.70833333333333,49.0,47,13,93,4.0,5,93.0
2024-05-15,66.76666666666667,40.387499999999996,319.25,4.370833333333334,2.9291666666666667,93.91666666666667,67.0,67,16,94,4.0,5,94.0
2024-05-16,61.237500000000004,37.641666666666666,282.875,2.8166666666666664,2.6166666666666667,109.25,63.0,61,14,114,3.0,4,114.0
2024-05-17,63.54347826086956,40.1,316.2916666666667,3.1750000000000003,5.168181818181818,122.95833333333333,67.0,64,16,134,6.0,4,134.0
2024-05-18,44.012499999999996,27.858333333333334,319.3333333333333,4.079166666666667,2.6916666666666664,97.75,46.0,44,16,98,3.0,5,98.0
2024-05-19,66.77916666666667,41.608333333333334,333.3333333333333,4.095833333333333,4.335,103.625,69.0,67,17,105,5.0,5,105.0
2024-05-20,59.30416666666667,36.50833333333333,267.0416666666667,3.475,2.629166666666667,91.125,61.0,59,13,91,3.0,4,91.0
2024-05-21,55.56666666666666,34.800000000000004,266.9166666666667,3.8375,2.316666666666667,86.5,58.0,56,13,86,3.0,5,86.0
2024-05-22,51.26666666666667,32.69166666666667,306.2083333333333,4.345833333333333,2.3874999999999997,80.54166666666667,54.0,51,15,81,3.0,5,81.0
2024-05-23,32.24583333333333,21.070833333333333,310.2916666666667,4.254166666666666,1.4583333333333333,77.5,35.0,32,16,78,2.0,5,78.0
2024-05-24,22.575,15.120833333333332,284.0,3.3333333333333335,1.3416666666666668,81.83333333333333,25.0,23,14,82,2.0,4,82.0
2024-05-25,18.120833333333334,12.575000000000001,271.75,3.4333333333333336,1.5250000000000001,79.29166666666667,21.0,18,14,79,2.0,4,79.0
2024-05-26,10.241666666666667,7.116666666666667,212.04166666666666,3.5208333333333335,1.6375,56.875,12.0,10,11,57,2.0,4,57.0
2024-05-27,10.45,7.0375000000000005,196.54166666666666,1.7291666666666667,1.2041666666666666,75.41666666666667,12.0,10,10,75,2.0,2,75.0
2024-05-28,5.720833333333334,3.9875000000000003,234.0,3.6458333333333335,1.1500000000000001,61.125,7.0,6,12,61,1.0,5,61.0
2024-05-29,7.733333333333333,4.766666666666667,224.5,3.65,1.1416666666666668,82.16666666666667,8.0,8,11,82,1.0,5,82.0
2024-05-30,20.145833333333332,12.895833333333334,223.91666666666666,3.5541666666666667,1.6541666666666668,79.66666666666667,21.0,20,11,80,2.0,4,80.0
2024-05-31,44.1,25.46666666666667,233.75,3.108333333333333,1.3708333333333333,92.04166666666667,42.0,44,12,92,2.0,4,92.0
2024-06-01,41.666666666666664,24.833333333333332,245.66666666666666,2.8708333333333336,2.433333333333333,104.45833333333333,41.0,42,12,107,3.0,4,107.0
2024-06-02,31.645833333333332,18.520833333333332,216.375,3.220833333333333,1.5708333333333335,86.125,31.0,32,11,86,2.0,4,86.0
2024-06-03,13.5625,7.833333333333333,204.0,3.358333333333333,1.3083333333333333,77.75,13.0,14,10,78,2.0,4,78.0
2024-06-04,25.958333333333332,15.591666666666667,245.625,3.1333333333333333,1.3833333333333335,94.79166666666667,26.0,26,12,95,2.0,4,95.0
2024-06-05,48.34583333333333,27.3,275.7916666666667,4.3500000000000005,1.6541666666666668,83.83333333333333,46.0,48,14,84,2.0,5,84.0
2024-06-06,53.550000000000004,32.49166666666667,309.1666666666667,3.9250000000000003,3.8666666666666667,100.33333333333333,54.0,54,15,100,5.0,5,100.0
2024-06-07,33.3125,21.104166666666668,301.125,2.904166666666667,1.3166666666666667,111.0,35.0,33,15,116,2.0,4,116.0
2024-06-08,59.99333333333333,37.958333333333336,305.0,2.5791666666666666,2.1041666666666665,123.45833333333333,63.0,60,15,134,3.0,3,134.0
2024-06-09,36.775,20.3875,252.125,2.9375,1.3791666666666667,103.91666666666667,34.0,37,13,106,2.0,4,106.0
2024-06-10,44.949999999999996,25.0625,275.0,3.2541666666666664,1.8458333333333332,101.29166666666667,42.0,45,14,102,2.0,4,102.0
2024-06-11,45.291666666666664,26.883333333333336,273.4166666666667,2.85,1.2291666666666667,107.54166666666667,45.0,45,14,111,2.0,4,111.0
2024-06-12,31.212500000000002,17.9875,243.83333333333334,2.6666666666666665,1.0958333333333334,100.16666666666667,30.0,31,12,100,1.0,3,100.0
2024-06-13,11.920833333333334,7.654166666666666,224.33333333333334,3.3958333333333335,1.1958333333333333,81.79166666666667,13.0,12,11,82,1.0,4,82.0
2024-06-14,27.558333333333334,16.491666666666667,263.1666666666667,2.6833333333333336,1.4000000000000001,103.33333333333333,27.0,28,13,105,2.0,3,105.0
2024-06-15,13.758333333333333,8.658333333333333,268.9583333333333,3.5416666666666665,1.4625000000000001,89.70833333333333,14.0,14,13,90,2.0,4,90.0
2024-06-16,11.970833333333333,7.445833333333333,237.04166666666666,4.0874999999999995,1.7583333333333335,68.08333333333333,12.0,12,12,68,2.0,5,68.0
2024-06-17,7.341666666666666,4.7124999999999995,237.5,4.420833333333333,1.7541666666666667,70.375,8.0,7,12,70,2.0,6,70.0
2024-06-18,4.366666666666666,2.9250000000000003,224.91666666666666,4.904166666666667,1.8041666666666665,59.958333333333336,5.0,4,11,60,2.0,6,60.0
2024-06-19,6.0125,3.4791666666666665,207.04166666666666,3.670833333333333,2.004166666666667,73.875,6.0,6,10,74,3.0,5,74.0
2024-06-20,19.616666666666667,10.704166666666666,209.5,2.920833333333333,1.6958333333333335,84.79166666666667,18.0,20,10,85,2.0,4,85.0
2024-06-21,35.5625,21.150000000000002,240.375,3.5666666666666664,1.4166666666666667,90.16666666666667,35.0,36,12,90,2.0,4,90.0
2024-06-22,28.895833333333332,17.329166666666666,244.0,3.6208333333333336,2.4208333333333334,82.29166666666667,29.0,29,12,82,3.0,5,82.0
2024-06-23,18.791666666666668,12.916666666666666,216.16666666666666,3.158333333333333,1.5833333333333333,81.20833333333333,22.0,19,11,81,2.0,4,81.0
2024-06-24,15.220833333333333,10.4625,198.45833333333334,3.7624999999999997,1.2625,67.58333333333333,17.0,15,10,68,2.0,5,68.0
2024-06-25,12.879166666666668,8.75,194.41666666666666,4.345833333333333,1.1958333333333333,58.958333333333336,15.0,13,10,59,1.0,5,59.0
2024-06-26,13.558333333333332,9.2875,206.16666666666666,3.220833333333333,1.4208333333333334,67.08333333333333,15.0,14,10,67,2.0,4,67.0
2024-06-27,10.058333333333334,7.1000000000000005,188.25,3.3333333333333335,1.5625,67.08333333333333,12.0,10,9,67,2.0,4,67.0
2024-06-28,4.116666666666666,2.85,142.58333333333334,3.1166666666666667,1.2208333333333334,49.333333333333336,5.0,4,7,49,2.0,4,49.0
2024-06-29,5.979166666666667,4.216666666666667,162.95833333333334,3.7375000000000003,1.3083333333333333,52.625,7.0,6,8,53,2.0,5,53.0
2024-06-30,4.945833333333334,3.4875000000000003,172.375,4.0125,1.375,52.416666666666664,6.0,5,9,52,2.0,5,52.0
2024-07-01,3.9791666666666665,2.7916666666666665,214.20833333333334,4.945833333333334,3.3874999999999997,60.125,5.0,4,11,60,4.0,6,60.0
2024-07-02,6.625,4.670833333333333,194.25,4.75,3.2875,57.666666666666664,8.0,7,10,58,4.0,6,58.0
2024-07-03,6.779166666666666,4.7875000000000005,174.95833333333334,3.0041666666666664,1.8875,65.29166666666667,8.0,7,9,65,2.0,4,65.0
2024-07-04,5.591666666666666,3.8333333333333335,159.29166666666666,3.35,1.2125000000000001,58.041666666666664,6.0,6,8,58,2.0,4,58.0
2024-07-05,7.325,5.0625,171.54166666666666,3.6208333333333336,1.6041666666666667,57.375,8.0,7,9,57,2.0,5,57.0
2024-07-06,14.862499999999999,9.529166666666667,175.83333333333334,3.795833333333333,1.6416666666666666,59.666666666666664,16.0,15,9,60,2.0,5,60.0
2024-07-07,19.170833333333334,12.066666666666668,170.83333333333334,3.170833333333333,1.8333333333333333,66.95833333333333,20.0,19,9,67,2.0,4,67.0
2024-07-08,18.670833333333334,12.174999999999999,181.58333333333334,3.6,2.2416666666666667,68.5,20.0,19,9,68,3.0,5,68.0
2024-07-09,10.216666666666667,7.145833333333333,162.16666666666666,3.7708333333333335,1.3875,56.333333333333336,12.0,10,8,56,2.0,5,56.0
2024-07-10,4.995833333333334,3.4916666666666667,164.91666666666666,4.333333333333333,1.575,53.125,6.0,5,8,53,2.0,5,53.0
2024-07-11,5.7875000000000005,4.083333333333333,167.70833333333334,4.066666666666666,1.8958333333333333,58.166666666666664,7.0,6,8,58,2.0,5,58.0
2024-07-12,9.825000000000001,6.883333333333333,179.08333333333334,3.470833333333333,1.7666666666666666,64.83333333333333,11.0,10,9,65,2.0,4,65.0
2024-07-13,12.058333333333332,8.454166666666667,197.375,3.6374999999999997,1.9458333333333335,69.41666666666667,14.0,12,10,69,2.0,5,69.0
2024-07-14,18.662499999999998,13.008333333333333,206.95833333333334,4.016666666666667,2.0749999999999997,71.33333333333333,22.0,19,10,71,3.0,5,71.0
2024-07-15,9.233333333333333,6.516666666666667,199.91666666666666,3.0541666666666667,1.7916666666666667,66.66666666666667,11.0,9,10,67,2.0,4,67.0
2024-07-16,15.770833333333334,11.195833333333333,228.16666666666666,4.658333333333333,1.75,58.208333333333336,19.0,16,11,58,2.0,6,58.0
2024-07-17,18.441666666666666,13.025,220.29166666666666,3.9791666666666665,1.7833333333333332,66.5,22.0,18,11,66,2.0,5,66.0
2024-07-18,13.329166666666666,9.387500000000001,220.41666666666666,3.6,1.6375,66.70833333333333,16.0,13,11,67,2.0,5,67.0
2024-07-19,13.887500000000001,9.820833333333333,205.125,3.0625,1.8208333333333335,70.54166666666667,16.0,14,10,71,2.0,4,71.0
2024-07-20,8.625,6.020833333333333,168.54166666666666,3.5583333333333336,1.9583333333333333,56.625,10.0,9,8,57,2.0,4,57.0
2024-07-21,5.758333333333333,3.9166666666666665,144.91666666666666,2.6374999999999997,1.5166666666666666,58.5,7.0,6,7,58,2.0,3,58.0
2024-07-22,4.295833333333333,2.970833333333333,149.41666666666666,2.783333333333333,1.5208333333333333,55.833333333333336,5.0,4,7,56,2.0,3,56.0
2024-07-23,7.366666666666667,5.070833333333334,147.95833333333334,2.8000000000000003,1.8,56.416666666666664,8.0,7,7,56,2.0,4,56.0
2024-07-24,7.1499999999999995,5.016666666666667,164.04166666666666,2.9125,1.8,64.29166666666667,8.0,7,8,64,2.0,4,64.0
2024-07-25,7.220833333333334,5.066666666666666,179.33333333333334,3.766666666666667,1.3791666666666667,56.416666666666664,8.0,7,9,56,2.0,5,56.0
2024-07-26,8.858333333333333,6.2124999999999995,173.83333333333334,3.1999999999999997,1.3875,55.916666666666664,10.0,9,9,56,2.0,4,56.0
2024-07-27,9.970833333333333,6.954166666666667,179.0,2.8333333333333335,1.7083333333333333,65.41666666666667,12.0,10,9,65,2.0,4,65.0
2024-07-28,14.304166666666667,9.995833333333334,194.45833333333334,2.9333333333333336,1.7208333333333332,72.83333333333333,17.0,14,10,73,2.0,4,73.0
2024-07-29,8.858333333333333,6.241666666666667,170.70833333333334,3.0041666666666664,1.6624999999999999,63.208333333333336,10.0,9,9,63,2.0,4,63.0
2024-07-30,7.575,5.316666666666667,175.08333333333334,3.4333333333333336,2.1333333333333333,65.91666666666667,9.0,8,9,66,3.0,4,66.0
2024-07-31,12.8125,9.045833333333333,184.16666666666666,2.85,1.7708333333333333,68.125,15.0,13,9,68,2.0,4,68.0
2024-08-01,2.4458333333333333,1.7833333333333332,148.0,2.0875,1.3458333333333332,54.291666666666664,3.0,2,7,54,2.0,3,54.0
2024-08-02,3.154166666666667,2.1958333333333333,158.54166666666666,2.9166666666666665,1.8125,55.708333333333336,4.0,3,8,56,2.0,4,56.0
2024-08-03,8.816666666666666,6.154166666666666,158.04166666666666,3.483333333333333,1.4749999999999999,51.208333333333336,10.0,9,8,51,2.0,4,51.0
2024-08-04,9.004166666666666,6.195833333333333,172.125,3.329166666666667,1.5374999999999999,68.25,10.0,9,9,68,2.0,4,68.0
2024-08-05,7.345833333333332,5.079166666666667,171.95833333333334,3.5708333333333333,1.7541666666666667,60.875,8.0,7,9,61,2.0,4,61.0
2024-08-06,7.804166666666667,5.466666666666666,178.75,4.6125,2.891666666666667,45.458333333333336,9.0,8,9,45,4.0,6,45.0
2024-08-07,7.604166666666667,5.316666666666666,165.79166666666666,3.3541666666666665,1.825,57.125,9.0,8,8,57,2.0,4,57.0
2024-08-08,5.0625,3.5583333333333336,168.375,3.5749999999999997,1.8458333333333332,52.833333333333336,6.0,5,8,53,2.0,4,53.0
2024-08-09,4.941666666666666,3.4375,167.83333333333334,4.066666666666666,1.9875,48.333333333333336,6.0,5,8,48,2.0,5,48.0
2024-08-10,7.645833333333333,5.216666666666667,178.875,3.8541666666666665,1.6541666666666668,56.208333333333336,9.0,8,9,56,2.0,5,56.0
2024-08-11,4.629166666666667,3.2624999999999997,199.125,4.541666666666667,2.191666666666667,55.333333333333336,5.0,5,10,55,3.0,6,55.0
2024-08-12,8.674999999999999,6.083333333333333,202.66666666666666,3.891666666666667,2.2708333333333335,64.79166666666667,10.0,9,10,65,3.0,5,65.0
2024-08-13,15.970833333333333,11.229166666666666,220.41666666666666,4.320833333333334,1.4166666666666667,65.91666666666667,19.0,16,11,66,2.0,5,66.0
2024-08-14,22.641666666666666,15.729166666666666,220.08333333333334,3.216666666666667,1.3875,83.625,26.0,23,11,84,2.0,4,84.0
2024-08-15,20.037499999999998,13.862499999999999,227.29166666666666,3.591666666666667,1.4083333333333332,76.41666666666667,23.0,20,11,76,2.0,4,76.0
2024-08-16,12.708333333333334,8.954166666666667,243.79166666666666,3.9250000000000003,2.0749999999999997,73.54166666666667,15.0,13,12,74,3.0,5,74.0
2024-08-17,11.833333333333334,8.391666666666667,233.70833333333334,3.6958333333333333,1.3666666666666665,63.875,14.0,12,12,64,2.0,5,64.0
2024-08-18,6.670833333333333,4.75,172.66666666666666,3.4499999999999997,1.7416666666666665,46.333333333333336,8.0,7,9,46,2.0,4,46.0
2024-08-19,3.220833333333333,2.2916666666666665,161.95833333333334,2.845833333333333,1.4749999999999999,49.833333333333336,4.0,3,8,50,2.0,4,50.0
2024-08-20,2.6833333333333336,1.8875000000000002,190.16666666666666,3.591666666666667,1.9166666666666667,46.0,3.0,3,10,46,2.0,4,46.0
2024-08-21,4.245833333333334,2.9625,173.75,3.4916666666666667,2.0,44.708333333333336,5.0,4,9,45,2.0,4,45.0
2024-08-22,4.633333333333334,3.2458333333333336,187.29166666666666,3.65,2.920833333333333,48.5,5.0,5,9,48,4.0,5,48.0
2024-08-23,7.904166666666666,5.520833333333333,170.16666666666666,3.658333333333333,2.095833333333333,49.541666666666664,9.0,8,9,50,3.0,5,50.0
2024-08-24,11.029166666666667,7.683333333333334,200.08333333333334,3.704166666666667,1.9833333333333334,61.875,13.0,11,10,62,2.0,5,62.0
2024-08-25,8.0625,5.620833333333334,175.08333333333334,2.8166666666666664,2.0416666666666665,59.666666666666664,9.0,8,9,60,3.0,4,60.0
2024-08-26,9.5,6.7124999999999995,172.29166666666666,3.295833333333333,2.0416666666666665,54.083333333333336,11.0,10,9,54,3.0,4,54.0
2024-08-27,15.970833333333333,11.241666666666667,198.66666666666666,4.091666666666667,1.7833333333333332,58.166666666666664,19.0,16,10,58,2.0,5,58.0
2024-08-28,20.933333333333334,14.549999999999999,214.54166666666666,4.595833333333333,1.7041666666666666,57.791666666666664,24.0,21,11,58,2.0,6,58.0
2024-08-29,13.9,9.625,205.04166666666666,3.779166666666667,1.2541666666666667,63.125,16.0,14,10,63,2.0,5,63.0
2024-08-30,18.554166666666667,12.987499999999999,247.58333333333334,3.5500000000000003,1.8916666666666666,85.08333333333333,22.0,19,12,85,2.0,4,85.0
2024-08-31,15.458333333333334,10.799999999999999,230.25,3.095833333333333,1.6791666666666665,82.125,18.0,15,12,82,2.0,4,82.0
2024-09-01,13.041666666666666,9.079166666666667,245.66666666666666,3.840909090909091,1.8,68.54166666666667,15.0,13,12,69,2.0,5,69.0
2024-09-02,14.8125,10.35,237.875,3.908333333333333,1.125,67.29166666666667,17.0,15,12,67,1.0,5,67.0
2024-09-03,16.341666666666665,11.429166666666667,243.16666666666666,4.366666666666666,1.8833333333333335,61.833333333333336,19.0,16,12,62,2.0,5,62.0
2024-09-04,16.875,11.720833333333333,221.91666666666666,3.704166666666667,1.9000000000000001,71.20833333333333,20.0,17,11,71,2.0,5,71.0
2024-09-05,15.820833333333333,10.991666666666667,220.5,3.8874999999999997,1.325,67.91666666666667,18.0,16,11,68,2.0,5,68.0
2024-09-06,8.4375,5.904166666666666,208.45833333333334,3.225,0.6666666666666666,65.29166666666667,10.0,8,10,65,1.0,4,65.0
2024-09-07,13.9625,9.7875,235.0,4.016666666666667,1.9791666666666667,68.58333333333333,16.0,14,12,69,2.0,5,69.0
2024-09-08,18.845833333333335,13.191666666666668,264.5833333333333,4.133333333333334,1.7833333333333332,79.54166666666667,22.0,19,13,80,2.0,5,80.0
2024-09-09,13.012500000000001,9.066666666666666,218.75,3.1750000000000003,1.425,82.70833333333333,15.0,13,11,83,2.0,4,83.0
2024-09-10,9.979166666666666,6.829166666666667,201.04166666666666,2.970833333333333,1.3708333333333333,74.75,11.0,10,10,75,2.0,4,75.0
2024-09-11,13.529166666666667,9.458333333333334,236.66666666666666,3.3625000000000003,0.7416666666666667,59.916666666666664,16.0,14,12,60,1.0,4,60.0
2024-09-12,11.354166666666666,7.958333333333333,241.33333333333334,2.6999999999999997,0.975,72.125,13.0,11,12,72,1.0,3,72.0
2024-09-13,8.670833333333333,6.120833333333334,193.58333333333334,3.2083333333333335,1.3875,57.75,10.0,9,10,58,2.0,4,58.0
2024-09-14,7.395833333333333,5.170833333333333,186.375,3.516666666666667,1.9041666666666668,46.333333333333336,9.0,7,9,46,2.0,4,46.0
2024-09-15,7.216666666666666,5.0375000000000005,191.25,3.8541666666666665,2.058333333333333,51.125,8.0,7,10,51,3.0,5,51.0
2024-09-16,17.787499999999998,11.758333333333333,250.29166666666666,4.6000000000000005,1.7375,59.75,20.0,18,13,60,2.0,6,60.0
2024-09-17,16.279166666666665,11.25,225.08333333333334,3.4916666666666667,1.2125000000000001,67.16666666666667,19.0,16,11,67,2.0,4,67.0
2024-09-18,15.104166666666666,10.558333333333334,210.58333333333334,3.341666666666667,1.1041666666666667,63.375,18.0,15,11,63,1.0,4,63.0
2024-09-19,16.95,11.833333333333334,227.16666666666666,3.6625,1.2750000000000001,66.20833333333333,20.0,17,11,66,2.0,5,66.0
2024-09-20,18.145833333333332,12.666666666666666,228.70833333333334,3.783333333333333,1.1125,65.41666666666667,21.0,18,11,65,1.0,5,65.0
2024-09-21,20.741666666666667,14.470833333333333,248.125,4.145833333333333,1.1833333333333333,64.25,24.0,21,12,64,1.0,5,64.0
2024-09-22,19.145833333333332,13.345833333333333,269.2916666666667,3.0041666666666664,1.3375000000000001,79.79166666666667,22.0,19,13,80,2.0,4,80.0
2024-09-23,15.541666666666666,10.8375,281.125,4.3,2.025,66.91666666666667,18.0,16,14,67,3.0,5,67.0
2024-09-24,12.029166666666667,8.404166666666667,237.91666666666666,3.1999999999999997,1.9833333333333334,62.541666666666664,14.0,12,12,63,2.0,4,63.0
2024-09-25,4.995833333333333,3.525,178.875,3.4916666666666667,2.125,48.041666666666664,6.0,5,9,48,3.0,4,48.0
2024-09-26,5.754166666666666,3.954166666666667,193.58333333333334,4.958333333333333,1.9208333333333334,36.5,7.0,6,10,36,2.0,6,36.0
2024-09-27,11.737499999999999,7.845833333333334,189.0,3.725,1.9208333333333334,56.708333333333336,13.0,12,9,57,2.0,5,57.0
2024-09-28,13.916666666666666,9.237499999999999,173.95833333333334,3.595833333333333,1.9916666666666665,54.208333333333336,15.0,14,9,54,2.0,4,54.0
2024-09-29,8.083333333333334,5.6375,226.29166666666666,3.9875000000000003,2.7875,70.08333333333333,9.0,8,11,70,3.0,5,70.0
2024-09-30,22.054166666666664,15.145833333333334,262.5,3.295833333333333,3.6958333333333333,87.16666666666667,25.0,22,13,87,5.0,4,87.0
2024-10-01,13.483333333333334,9.383333333333333,254.625,3.2624999999999997,2.2624999999999997,80.625,16.0,13,13,81,3.0,4,81.0
2024-10-02,9.5875,6.733333333333333,223.54166666666666,3.4458333333333333,0.7999999999999999,58.875,11.0,10,11,59,1.0,4,59.0
2024-10-03,6.5375000000000005,4.566666666666666,218.66666666666666,2.8333333333333335,2.1875,63.666666666666664,8.0,7,11,64,3.0,4,64.0
2024-10-04,8.545833333333333,5.8999999999999995,221.5,2.6875,1.6083333333333334,76.25,10.0,9,11,76,2.0,3,76.0
2024-10-05,6.220833333333334,4.241666666666666,190.79166666666666,3.2583333333333333,1.5666666666666667,62.916666666666664,7.0,6,10,63,2.0,4,63.0
2024-10-06,23.27916666666667,15.0,211.41666666666666,4.408333333333333,1.4124999999999999,57.75,25.0,23,11,58,2.0,6,58.0
2024-10-07,26.212500000000002,17.154166666666665,231.41666666666666,3.725,1.7,72.375,29.0,26,12,72,2.0,5,72.0
2024-10-08,23.420833333333334,15.875,227.66666666666666,2.9791666666666665,1.4958333333333333,82.33333333333333,26.0,23,11,82,2.0,4,82.0
2024-10-09,35.49583333333333,24.09583333333333,263.0833333333333,3.3375,1.7458333333333333,85.70833333333333,40.0,35,13,86,2.0,4,86.0
2024-10-10,32.483333333333334,22.179166666666664,272.4166666666667,3.6041666666666665,2.591666666666667,89.33333333333333,37.0,32,14,89,3.0,5,89.0
2024-10-11,36.30833333333333,24.504166666666666,301.4583333333333,3.6125000000000003,4.379166666666666,92.54166666666667,41.0,36,15,93,5.0,5,93.0
2024-10-12,48.333333333333336,32.020833333333336,317.0416666666667,3.5700000000000003,3.1125000000000003,83.08333333333333,53.0,48,16,83,4.0,4,83.0
2024-10-13,60.05416666666667,38.15,309.3333333333333,3.516666666666667,2.379166666666667,90.66666666666667,64.0,60,15,91,3.0,4,91.0
2024-10-14,47.166666666666664,30.412499999999998,332.2083333333333,3.8157894736842106,2.1958333333333333,69.58333333333333,51.0,47,17,70,3.0,5,70.0
2024-10-15,35.38333333333333,23.195833333333336,272.875,3.9458333333333333,1.9416666666666667,70.0,39.0,35,14,70,2.0,5,70.0
2024-10-16,41.725,27.558333333333334,339.1666666666667,3.85,1.9625000000000001,74.08333333333333,46.0,42,17,74,2.0,5,74.0
2024-10-17,48.9625,31.8625,343.4166666666667,3.9875000000000003,2.9375,83.83333333333333,53.0,49,17,84,4.0,5,84.0
2024-10-18,53.55833333333334,36.49166666666667,309.5,4.483333333333333,2.5875,76.25,61.0,54,15,76,3.0,6,76.0
2024-10-19,36.045833333333334,24.65416666666667,287.3333333333333,3.5625,1.375,82.91666666666667,41.0,36,14,83,2.0,4,83.0
2024-10-20,37.7125,25.208333333333332,256.9583333333333,3.4695652173913043,1.25,74.95833333333333,42.0,38,13,75,2.0,4,75.0
2024-10-21,24.629166666666666,16.9375,230.04166666666666,3.358333333333333,1.1166666666666667,64.58333333333333,28.0,25,12,65,1.0,4,65.0
2024-10-22,17.837500000000002,12.320833333333333,217.70833333333334,3.9124999999999996,1.1333333333333333,59.791666666666664,21.0,18,11,60,1.0,5,60.0
2024-10-23,10.262500000000001,7.104166666666667,170.91666666666666,3.375,1.2708333333333333,47.375,12.0,10,9,47,2.0,4,47.0
2024-10-24,5.2749999999999995,3.6791666666666667,145.08333333333334,2.908333333333333,0.5458333333333333,39.916666666666664,6.0,5,7,40,1.0,4,40.0
2024-10-25,14.208333333333334,9.520833333333334,244.83333333333334,4.122727272727273,1.5875000000000001,47.375,16.0,14,12,47,2.0,5,47.0
2024-10-26,24.729166666666668,16.279166666666665,323.15,4.3304347826086955,1.9541666666666666,55.083333333333336,27.0,25,16,55,2.0,5,55.0
2024-10-27,17.645833333333332,11.924999999999999,294.375,4.308333333333334,1.2416666666666667,57.5,20.0,18,15,58,2.0,5,58.0
2024-10-28,18.458333333333332,12.512500000000001,273.9,3.63,1.5666666666666667,64.04166666666667,21.0,18,14,64,2.0,5,64.0
2024-10-29,20.712500000000002,14.204166666666666,298.95,4.858333333333333,1.5,63.833333333333336,24.0,21,15,64,2.0,6,64.0
2024-10-30,39.74583333333333,27.258333333333336,334.4,4.408333333333333,2.4041666666666663,79.79166666666667,45.0,40,17,80,3.0,6,80.0
2024-10-31,44.199999999999996,30.34583333333333,355.2105263157895,5.1499999999999995,2.375,72.54166666666667,51.0,44,18,73,3.0,6,73.0
2024-11-01,48.824999999999996,33.204166666666666,357.95238095238096,3.904347826086956,1.6208333333333333,77.75,55.0,49,18,78,2.0,5,78.0
2024-11-02,35.329166666666666,24.0625,349.75,3.841666666666667,0.9708333333333333,70.91666666666667,40.0,35,17,71,1.0,5,71.0
2024-11-03,19.791666666666668,13.483333333333334,279.15,4.025,1.75,65.79166666666667,22.0,20,14,66,2.0,5,66.0
2024-11-04,20.962500000000002,14.4625,305.375,3.5190476190476194,1.4541666666666666,70.33333333333333,24.0,21,15,70,2.0,4,70.0
2024-11-05,14.841666666666667,10.216666666666667,292.5,3.6333333333333333,0.8875000000000001,67.875,17.0,15,15,68,1.0,5,68.0
2024-11-06,11.045833333333334,7.4624999999999995,264.6666666666667,2.8000000000000003,0.6083333333333333,61.208333333333336,12.0,11,13,61,1.0,4,61.0
2024-11-07,16.275000000000002,11.079166666666666,249.70833333333334,3.483333333333333,0.9,59.5,18.0,16,12,60,1.0,4,60.0
2024-11-08,6.958333333333333,4.816666666666666,253.25,3.3095238095238093,0.7666666666666666,55.375,8.0,7,13,55,1.0,4,55.0
2024-11-09,6.95,4.845833333333333,278.25,3.4894736842105263,1.1791666666666667,50.25,8.0,7,14,50,1.0,4,50.0
2024-11-10,7.2875000000000005,5.041666666666667,277.5416666666667,3.6105263157894734,1.4791666666666667,53.583333333333336,8.0,7,14,54,2.0,5,54.0
2024-11-11,7.545833333333333,5.245833333333334,257.4583333333333,3.9105263157894736,1.5583333333333333,55.875,9.0,8,13,56,2.0,5,56.0
2024-11-12,12.15,10.591666666666667,268.8333333333333,4.629411764705883,2.1750000000000003,70.58333333333333,18.0,12,13,71,3.0,6,71.0
2024-11-13,9.450000000000001,9.270833333333334,274.4166666666667,4.470588235294118,1.4333333333333333,73.04166666666667,15.0,9,14,73,2.0,6,73.0
2024-11-14,12.1875,11.741666666666667,302.0416666666667,4.61875,1.7458333333333333,72.70833333333333,20.0,12,15,73,2.0,6,73.0
2024-11-15,14.7875,14.299999999999999,316.9583333333333,5.31875,2.1666666666666665,74.16666666666667,24.0,15,16,74,3.0,7,74.0
2024-11-16,15.85,15.525,327.9166666666667,5.323529411764706,2.3000000000000003,78.54166666666667,26.0,16,16,79,3.0,7,79.0
2024-11-17,14.183333333333332,13.791666666666666,281.875,4.153333333333333,2.433333333333333,81.95833333333333,23.0,14,14,82,3.0,5,82.0
2024-11-18,9.108333333333333,8.541666666666666,263.9166666666667,3.742857142857143,1.8416666666666668,71.16666666666667,14.0,9,13,71,2.0,5,71.0
2024-11-19,7.004166666666666,6.4875,248.70833333333334,4.013333333333334,2.120833333333333,80.41666666666667,11.0,7,12,80,3.0,5,80.0
2024-11-20,8.5375,8.383333333333333,279.7083333333333,4.872222222222223,2.3874999999999997,72.83333333333333,14.0,9,14,73,3.0,6,73.0
2024-11-21,12.85,12.5625,262.5238095238095,5.23125,2.9416666666666664,75.66666666666667,21.0,13,13,76,4.0,7,76.0
2024-11-22,20.858333333333334,20.366666666666667,294.75,5.123529411764705,4.258333333333334,89.875,34.0,21,15,90,5.0,6,90.0
2024-11-23,36.50833333333333,35.25,311.3333333333333,5.59375,3.4791666666666665,89.08333333333333,59.0,37,16,89,4.0,7,89.0
2024-11-24,33.92916666666667,32.291666666666664,357.4,4.26,2.2916666666666665,86.25,54.0,34,18,86,3.0,5,86.0
2024-11-25,21.020833333333332,19.770833333333332,300.5238095238095,4.05,1.6541666666666668,75.54166666666667,33.0,21,15,76,2.0,5,76.0
2024-11-26,13.383333333333333,12.049999999999999,303.0416666666667,3.6666666666666665,2.341666666666667,72.20833333333333,20.0,13,15,72,3.0,5,72.0
2024-11-27,8.358333333333333,7.0375000000000005,297.5,3.9000000000000004,1.6166666666666665,73.20833333333333,12.0,8,15,73,2.0,5,73.0
2024-11-28,8.429166666666667,7.291666666666667,278.875,4.768421052631578,2.091666666666667,74.04166666666667,12.0,8,14,74,3.0,6,74.0
2024-11-29,8.729166666666666,7.758333333333333,254.58333333333334,4.242857142857143,2.1083333333333334,65.0,13.0,9,13,65,3.0,5,65.0
2024-11-30,8.108333333333333,7.708333333333333,272.125,4.335714285714286,2.3833333333333333,67.625,13.0,8,14,68,3.0,5,68.0
2024-12-01,14.091666666666667,12.791666666666666,290.7916666666667,4.357142857142857,2.8833333333333333,72.95833333333333,21.0,14,15,73,4.0,5,73.0
2024-12-02,16.595833333333335,13.529166666666667,284.42857142857144,4.073333333333333,2.5875,77.75,23.0,17,14,78,3.0,5,78.0
2024-12-03,15.545833333333334,13.237499999999999,299.0,4.464285714285714,3.0875,75.29166666666667,22.0,16,15,75,4.0,6,75.0
2024-12-04,23.495833333333334,21.929166666666664,315.0416666666667,3.5454545454545454,3.595833333333333,75.66666666666667,37.0,23,16,76,4.0,4,76.0
2024-12-05,32.145833333333336,30.358333333333334,394.1666666666667,3.875,3.8625000000000003,81.20833333333333,51.0,32,20,81,5.0,5,81.0
2024-12-06,45.708333333333336,39.96363636363637,443.17391304347825,6.186956521739131,4.523529411764706,100.625,67.0,46,22,101,6.0,8,101.0
2024-12-07,54.333333333333336,43.56875,366.1363636363636,4.488235294117647,2.880952380952381,85.58333333333333,73.0,54,18,86,4.0,6,86.0
2024-12-08,38.204166666666666,32.17142857142857,295.05,3.9071428571428575,3.6125000000000003,84.5,54.0,38,15,84,5.0,5,84.0
2024-12-09,24.3,22.72083333333333,307.5416666666667,5.617647058823529,4.195833333333334,81.125,38.0,24,15,81,5.0,7,81.0
2024-12-10,37.204166666666666,35.329166666666666,386.2173913043478,5.16875,4.782608695652174,81.45833333333333,59.0,37,19,81,6.0,6,81.0
2024-12-11,32.96666666666667,31.895833333333332,410.7391304347826,4.629411764705883,3.225,79.29166666666667,53.0,33,21,79,4.0,6,79.0
2024-12-12,30.858333333333334,30.070833333333336,340.95,3.923076923076923,3.2125,71.33333333333333,50.0,31,17,71,4.0,5,71.0
2024-12-13,29.72083333333333,29.070833333333336,344.6,4.442857142857143,4.4526315789473685,84.625,48.0,30,17,85,6.0,6,85.0
2024-12-14,19.166666666666668,18.508333333333333,283.8333333333333,4.194117647058824,3.8833333333333333,85.75,31.0,19,14,86,5.0,5,86.0
2024-12-15,9.920833333333333,9.424999999999999,272.90909090909093,4.52,3.1041666666666665,78.29166666666667,16.0,10,14,78,4.0,6,78.0
2024-12-16,9.516666666666667,8.983333333333333,290.57142857142856,5.71875,3.6695652173913045,74.45833333333333,15.0,10,15,74,5.0,7,74.0
2024-12-17,11.029166666666667,10.424999999999999,285.95,5.526666666666667,3.875,79.08333333333333,17.0,11,14,79,5.0,7,79.0
2024-12-18,17.841666666666665,17.537499999999998,384.8695652173913,5.555555555555555,5.1947368421052635,87.04166666666667,29.0,18,19,87,6.0,7,87.0
2024-12-19,23.508333333333336,23.041666666666668,321.0,5.266666666666667,4.65625,84.58333333333333,38.0,24,16,85,6.0,7,85.0
2024-12-20,22.150000000000002,21.541666666666668,298.9047619047619,4.55,4.366666666666667,83.375,36.0,22,15,83,5.0,6,83.0
2024-12-21,23.65416666666667,23.179166666666664,329.36842105263156,4.34375,4.252380952380952,83.70833333333333,39.0,24,16,84,5.0,5,84.0
2024-12-22,18.712500000000002,18.208333333333332,337.90909090909093,4.8,2.6916666666666664,82.54166666666667,30.0,19,17,83,3.0,6,83.0
2024-12-23,12.795833333333334,12.254166666666668,293.1363636363636,4.49375,2.8083333333333336,76.5,20.0,13,15,76,4.0,6,76.0
2024-12-24,14.9,14.358333333333334,303.3333333333333,4.707142857142857,3.3227272727272723,71.04166666666667,24.0,15,15,71,4.0,6,71.0
2024-12-25,18.108333333333334,17.545833333333334,307.05,4.515384615384615,3.9714285714285715,75.20833333333333,29.0,18,15,75,5.0,6,75.0
2024-12-26,20.516666666666666,19.75,351.45454545454544,4.652941176470588,3.3625000000000003,80.41666666666667,33.0,21,18,80,4.0,6,80.0
2024-12-27,17.483333333333334,16.825,317.05,4.2733333333333325,3.1625,80.25,28.0,17,16,80,4.0,5,80.0
2024-12-28,15.237499999999999,14.454166666666666,314.36842105263156,4.886666666666667,3.8954545454545455,87.625,24.0,15,16,88,5.0,6,88.0
2024-12-29,24.71666666666667,23.683333333333334,301.1666666666667,4.814285714285715,4.0,82.08333333333333,39.0,25,15,82,5.0,6,82.0
2024-12-30,30.620833333333334,29.674999999999997,335.59090909090907,4.582352941176471,4.029166666666667,87.45833333333333,49.0,31,17,87,5.0,6,87.0
2024-12-31,29.566666666666666,28.6375,362.3157894736842,4.53125,3.4869565217391307,81.20833333333333,48.0,30,18,81,4.0,6,81.0
2025-01-01,26.620833333333334,25.825,342.8,4.676470588235294,3.3249999999999997,84.125,43.0,27,17,84,4.0,6,84.0
2025-01-02,22.912499999999998,21.979166666666668,321.1,4.04375,3.3958333333333335,82.08333333333333,37.0,23,16,82,4.0,5,82.0
2025-01-03,18.591666666666665,15.387500000000001,296.0,4.25,3.276190476190476,74.0,26.0,19,15,74,4.0,5,74.0
2025-01-04,17.854166666666668,14.025,285.6842105263158,4.866666666666666,3.1285714285714286,73.25,23.0,18,14,73,4.0,6,73.0
2025-01-05,20.0,18.133333333333333,291.5238095238095,5.16,3.625,75.25,30.0,20,15,75,5.0,6,75.0
2025-01-06,20.7,19.704166666666666,316.7,5.776470588235294,3.5318181818181817,80.70833333333333,33.0,21,16,81,4.0,7,81.0
2025-01-07,22.46666666666667,21.954166666666666,359.7083333333333,4.983333333333333,4.7625,117.58333333333333,37.0,22,18,126,6.0,6,126.0
2025-01-08,55.99583333333334,44.919999999999995,375.42105263157896,4.711111111111111,4.844444444444445,104.0,75.0,56,19,106,6.0,6,106.0
2025-01-09,40.541666666666664,39.49166666666667,396.77777777777777,4.088235294117647,3.191304347826087,94.20833333333333,66.0,41,20,94,4.0,5,94.0
2025-01-10,24.7,23.825,314.6,4.117647058823529,3.2454545454545456,89.25,40.0,25,16,89,4.0,5,89.0
2025-01-11,16.883333333333333,16.083333333333332,299.22222222222223,4.394444444444444,3.6875,89.41666666666667,27.0,17,15,89,5.0,5,89.0
2025-01-12,13.045833333333334,12.375,302.05263157894734,4.586666666666667,4.235,82.125,21.0,13,15,82,5.0,6,82.0
2025-01-13,28.754166666666666,27.325,354.4,4.223076923076923,5.316666666666666,93.91666666666667,46.0,29,18,94,7.0,5,94.0
2025-01-14,33.858333333333334,32.479166666666664,347.4736842105263,4.85,4.195833333333334,89.91666666666667,54.0,34,17,90,5.0,6,90.0
2025-01-15,25.133333333333336,24.441666666666666,325.8888888888889,4.325,3.7714285714285714,87.875,41.0,25,16,88,5.0,5,88.0
2025-01-16,18.779166666666665,18.4875,343.95,4.614285714285714,3.9899999999999998,83.20833333333333,31.0,19,17,83,5.0,6,83.0
2025-01-17,20.366666666666667,20.033333333333335,349.2631578947368,5.346666666666667,4.033333333333333,86.0,33.0,20,17,86,5.0,7,86.0
2025-01-18,26.191666666666666,25.84166666666667,411.70588235294116,4.95,4.328571428571429,92.875,43.0,26,21,93,5.0,6,93.0
2025-01-19,31.066666666666666,30.6875,399.27777777777777,4.793333333333334,4.11,91.66666666666667,51.0,31,20,92,5.0,6,92.0
2025-01-20,40.145833333333336,39.84166666666667,418.35714285714283,4.430769230769231,5.0473684210526315,91.41666666666667,66.0,40,21,91,6.0,6,91.0
2025-01-21,47.762499999999996,46.304545454545455,432.0,4.133333333333334,4.59,91.125,77.0,48,22,91,6.0,5,91.0
2025-01-22,50.34166666666667,47.795,459.0833333333333,3.7545454545454544,4.276190476190476,89.5,80.0,50,23,90,5.0,5,90.0
2025-01-23,66.22272727272728,54.17999999999999,395.7647058823529,5.6,3.957142857142857,101.875,90.0,66,20,103,5.0,7,103.0
2025-01-24,65.33333333333333,48.62222222222223,312.375,3.707692307692308,4.635,93.54166666666667,81.0,65,16,94,6.0,5,94.0
2025-01-25,66.93636363636364,52.44444444444444,361.2307692307692,4.678571428571429,5.41875,91.91666666666667,87.0,67,18,92,7.0,6,92.0
2025-01-26,59.1625,50.0,411.4,4.3428571428571425,4.91578947368421,90.0,83.0,59,21,90,6.0,5,90.0
2025-01-27,61.375,49.19166666666666,399.5625,5.193333333333333,5.095454545454545,86.625,82.0,61,20,87,6.0,6,87.0
2025-01-28,60.73913043478261,46.163636363636364,431.7,5.42,5.286363636363636,97.70833333333333,77.0,61,22,98,7.0,7,98.0
2025-01-29,54.65833333333333,42.94666666666667,432.93333333333334,6.7124999999999995,4.88421052631579,107.08333333333333,72.0,55,22,110,6.0,8,110.0
2025-01-30,60.48888888888889,53.26153846153846,395.375,5.129166666666666,4.5625,136.25,89.0,60,20,153,6.0,6,153.0
2025-01-31,45.387499999999996,37.47222222222222,371.59090909090907,4.826315789473685,4.66,101.79166666666667,62.0,45,19,103,6.0,6,103.0
