time,pm10 (μg/m³),pm2_5 (μg/m³),carbon_monoxide (μg/m³),nitrogen_dioxide (μg/m³),sulphur_dioxide (μg/m³),ozone (μg/m³)
2022-09-01T00:00,21.7,14.6,305.0,25.4,30.6,12.0
2022-09-01T01:00,21.0,14.3,291.0,23.1,30.0,15.0
2022-09-01T02:00,19.0,13.0,272.0,19.9,29.1,20.0
2022-09-01T03:00,15.8,10.7,245.0,15.9,27.8,25.0
2022-09-01T04:00,14.4,9.7,227.0,13.9,26.9,28.0
2022-09-01T05:00,16.3,10.9,209.0,12.4,25.9,30.0
2022-09-01T06:00,18.9,12.7,187.0,10.6,24.0,33.0
2022-09-01T07:00,19.1,12.8,170.0,9.7,21.8,35.0
2022-09-01T08:00,17.5,11.7,154.0,9.1,19.0,38.0
2022-09-01T09:00,15.1,10.0,139.0,8.7,16.0,39.0
2022-09-01T10:00,12.5,8.2,132.0,8.9,14.7,38.0
2022-09-01T11:00,10.2,6.5,128.0,9.4,13.9,35.0
2022-09-01T12:00,14.1,9.2,161.0,14.1,20.0,34.0
2022-09-01T13:00,15.4,10.2,201.0,13.8,20.0,32.0
2022-09-01T14:00,15.9,10.6,258.0,13.4,20.0,29.0
2022-09-01T15:00,15.4,10.1,326.0,13.2,20.9,26.0
2022-09-01T16:00,17.2,11.4,364.0,13.4,22.6,25.0
2022-09-01T17:00,18.8,12.5,396.0,13.9,25.0,24.0
2022-09-01T18:00,19.3,12.8,414.0,14.4,27.8,23.0
2022-09-01T19:00,20.5,13.7,397.0,14.1,28.9,23.0
2022-09-01T20:00,17.7,11.7,362.0,13.6,29.6,24.0
2022-09-01T21:00,16.9,11.2,320.0,13.6,30.2,24.0
2022-09-01T22:00,17.6,11.8,303.0,14.7,30.0,23.0
2022-09-01T23:00,15.1,10.1,291.0,16.3,29.4,22.0
2022-09-02T00:00,26.9,18.2,343.0,20.9,31.5,20.0
2022-09-02T01:00,28.8,19.5,316.0,20.0,,22.0
2022-09-02T02:00,26.0,17.4,278.0,18.6,,25.0
2022-09-02T03:00,23.2,15.4,232.0,16.6,,31.0
2022-09-02T04:00,23.2,15.3,209.0,14.9,,38.0
2022-09-02T05:00,25.4,16.6,191.0,12.9,31.4,46.0
2022-09-02T06:00,27.4,17.7,173.0,10.8,24.5,56.0
2022-09-02T07:00,29.1,18.6,163.0,9.4,20.7,62.0
2022-09-02T08:00,28.5,18.0,156.0,8.2,17.3,68.0
2022-09-02T09:00,26.2,16.4,153.0,8.0,14.0,72.0
2022-09-02T10:00,23.5,14.4,155.0,9.4,12.9,72.0
2022-09-02T11:00,21.5,13.0,160.0,11.9,12.9,70.0
2022-09-02T12:00,25.6,15.4,173.0,14.9,14.2,63.0
2022-09-02T13:00,24.3,14.5,205.0,15.9,13.9,59.0
2022-09-02T14:00,23.0,13.7,249.0,17.3,13.6,53.0
2022-09-02T15:00,21.5,12.8,287.0,18.6,13.2,47.0
2022-09-02T16:00,20.6,12.2,279.0,18.6,13.1,46.0
2022-09-02T17:00,20.1,11.8,252.0,18.2,12.9,48.0
2022-09-02T18:00,21.3,12.3,220.0,17.6,13.6,49.0
2022-09-02T19:00,21.9,12.6,211.0,17.1,14.8,49.0
2022-09-02T20:00,21.9,12.8,206.0,16.6,16.5,48.0
2022-09-02T21:00,22.5,13.4,201.0,16.1,19.0,48.0
2022-09-02T22:00,21.4,12.8,193.0,15.9,20.5,48.0
2022-09-02T23:00,19.7,11.6,185.0,15.9,22.0,48.0
2022-09-03T00:00,33.1,20.8,289.0,21.2,30.9,46.0
2022-09-03T01:00,36.0,23.3,292.0,23.0,,45.0
2022-09-03T02:00,34.9,23.0,296.0,25.4,,43.0
2022-09-03T03:00,38.6,25.8,297.0,26.9,,46.0
2022-09-03T04:00,47.8,32.4,293.0,25.6,,55.0
2022-09-03T05:00,53.0,36.0,287.0,23.1,,69.0
2022-09-03T06:00,58.0,39.5,275.0,19.2,,89.0
2022-09-03T07:00,62.4,42.4,263.0,15.8,,107.0
2022-09-03T08:00,64.7,43.7,248.0,11.9,,127.0
2022-09-03T09:00,52.6,34.7,232.0,9.1,,144.0
2022-09-03T10:00,51.9,33.5,222.0,10.2,,142.0
2022-09-03T11:00,49.4,31.1,213.0,13.1,30.1,133.0
2022-09-03T12:00,54.1,33.9,221.0,18.2,28.2,111.0
2022-09-03T13:00,52.2,32.4,245.0,20.6,26.8,103.0
2022-09-03T14:00,48.3,29.5,279.0,24.0,24.6,92.0
2022-09-03T15:00,44.9,27.2,307.0,27.2,21.9,80.0
2022-09-03T16:00,41.8,25.3,299.0,27.6,19.5,75.0
2022-09-03T17:00,38.9,23.4,277.0,27.0,17.0,72.0
2022-09-03T18:00,36.2,22.1,253.0,25.9,16.5,69.0
2022-09-03T19:00,36.3,23.0,249.0,24.9,20.1,68.0
2022-09-03T20:00,37.7,24.5,251.0,23.8,26.0,69.0
2022-09-03T21:00,39.3,25.8,260.0,22.8,,68.0
2022-09-03T22:00,42.3,28.0,273.0,22.5,,65.0
2022-09-03T23:00,46.6,31.2,291.0,22.5,,61.0
2022-09-04T00:00,49.5,33.2,322.0,26.5,,47.0
2022-09-04T01:00,50.6,34.2,329.0,27.9,,46.0
2022-09-04T02:00,48.0,32.7,339.0,29.6,,44.0
2022-09-04T03:00,51.2,35.2,348.0,30.5,,48.0
2022-09-04T04:00,50.6,34.9,350.0,29.1,,60.0
2022-09-04T05:00,53.7,37.1,348.0,26.5,,76.0
2022-09-04T06:00,57.7,39.8,342.0,22.4,,102.0
2022-09-04T07:00,55.2,38.0,332.0,18.3,,126.0
2022-09-04T08:00,59.8,41.1,319.0,13.7,,152.0
2022-09-04T09:00,64.5,44.1,302.0,10.1,,175.0
2022-09-04T10:00,62.6,42.4,290.0,11.1,,176.0
2022-09-04T11:00,59.1,39.2,278.0,14.1,32.5,168.0
2022-09-04T12:00,41.4,26.9,278.0,20.1,29.0,139.0
2022-09-04T13:00,39.3,25.1,288.0,22.6,26.3,125.0
2022-09-04T14:00,33.6,20.9,303.0,26.1,22.4,106.0
2022-09-04T15:00,31.1,18.9,313.0,29.0,18.0,84.0
2022-09-04T16:00,29.1,17.3,307.0,28.1,16.0,75.0
2022-09-04T17:00,27.9,16.4,293.0,25.8,14.8,71.0
2022-09-04T18:00,28.0,16.5,272.0,22.4,14.1,67.0
2022-09-04T19:00,29.7,17.6,254.0,20.2,14.4,67.0
2022-09-04T20:00,29.6,17.8,233.0,18.0,15.3,68.0
2022-09-04T21:00,28.3,17.5,214.0,15.6,17.4,70.0
2022-09-04T22:00,23.7,15.3,208.0,14.0,19.4,70.0
2022-09-04T23:00,21.7,14.4,207.0,12.6,21.9,69.0
2022-09-05T00:00,26.8,18.2,232.0,15.4,29.4,60.0
2022-09-05T01:00,29.3,20.2,258.0,19.0,,58.0
2022-09-05T02:00,31.3,21.7,294.0,24.1,,55.0
2022-09-05T03:00,32.1,22.4,330.0,28.4,,57.0
2022-09-05T04:00,34.7,24.1,336.0,27.4,,68.0
2022-09-05T05:00,39.5,27.4,332.0,24.1,,84.0
2022-09-05T06:00,45.4,31.3,319.0,19.5,,105.0
2022-09-05T07:00,44.8,30.6,304.0,16.1,,121.0
2022-09-05T08:00,47.6,32.2,284.0,12.4,,138.0
2022-09-05T09:00,44.9,30.0,259.0,9.8,,149.0
2022-09-05T10:00,41.1,27.1,241.0,10.9,29.3,143.0
2022-09-05T11:00,37.4,24.0,224.0,13.9,24.9,128.0
2022-09-05T12:00,42.7,27.4,271.0,20.1,30.6,137.0
2022-09-05T13:00,40.4,25.1,260.0,20.5,27.2,125.0
2022-09-05T14:00,35.4,21.0,244.0,21.0,22.3,108.0
2022-09-05T15:00,33.4,19.0,232.0,22.5,17.9,87.0
2022-09-05T16:00,32.5,18.3,239.0,25.2,18.0,78.0
2022-09-05T17:00,30.6,17.8,255.0,28.7,19.8,71.0
2022-09-05T18:00,33.5,20.5,271.0,,23.2,63.0
2022-09-05T19:00,36.0,23.1,272.0,30.8,26.5,58.0
2022-09-05T20:00,38.1,25.4,269.0,28.5,30.4,54.0
2022-09-05T21:00,41.2,28.0,268.0,26.0,,50.0
2022-09-05T22:00,43.0,29.5,274.0,25.3,,46.0
2022-09-05T23:00,45.2,31.2,282.0,25.1,,43.0
2022-09-06T00:00,41.4,28.8,282.0,23.9,,43.0
2022-09-06T01:00,42.0,29.3,292.0,24.9,,45.0
2022-09-06T02:00,41.3,28.8,307.0,26.4,,48.0
2022-09-06T03:00,39.5,27.4,321.0,27.0,,57.0
2022-09-06T04:00,40.2,27.8,325.0,25.6,,70.0
2022-09-06T05:00,44.7,31.0,325.0,23.3,,88.0
2022-09-06T06:00,49.7,34.5,318.0,19.6,,111.0
2022-09-06T07:00,55.8,38.4,306.0,16.1,,129.0
2022-09-06T08:00,50.1,34.0,290.0,12.1,,148.0
2022-09-06T09:00,48.3,32.2,269.0,9.7,,159.0
2022-09-06T10:00,42.4,27.6,251.0,12.1,32.3,148.0
2022-09-06T11:00,40.0,25.5,232.0,16.9,27.9,125.0
2022-09-06T12:00,41.3,26.4,258.0,24.4,24.3,114.0
2022-09-06T13:00,44.4,28.1,344.0,26.6,25.7,106.0
2022-09-06T14:00,47.7,30.3,465.0,29.9,27.6,94.0
2022-09-06T15:00,50.1,31.4,,,28.4,79.0
2022-09-06T16:00,49.4,30.4,,,25.5,70.0
2022-09-06T17:00,41.8,25.5,404.0,,21.0,62.0
2022-09-06T18:00,36.4,22.8,288.0,,17.7,55.0
2022-09-06T19:00,36.2,23.4,267.0,,19.5,55.0
2022-09-06T20:00,37.3,24.6,273.0,29.4,23.6,59.0
2022-09-06T21:00,39.2,26.4,288.0,24.4,30.2,63.0
2022-09-06T22:00,40.5,27.6,293.0,22.6,,64.0
2022-09-06T23:00,41.0,28.2,301.0,21.8,,63.0
2022-09-07T00:00,41.2,28.6,320.0,22.6,,58.0
2022-09-07T01:00,40.6,28.3,339.0,26.1,,55.0
2022-09-07T02:00,40.0,27.9,366.0,,,52.0
2022-09-07T03:00,40.3,28.2,396.0,,,49.0
2022-09-07T04:00,41.9,29.2,407.0,,,50.0
2022-09-07T05:00,45.3,31.7,412.0,,,54.0
2022-09-07T06:00,48.7,34.0,412.0,,,61.0
2022-09-07T07:00,49.7,34.7,403.0,,,70.0
2022-09-07T08:00,53.1,37.1,389.0,,,82.0
2022-09-07T09:00,55.3,38.6,377.0,,,94.0
2022-09-07T10:00,55.8,38.9,378.0,,,98.0
2022-09-07T11:00,56.8,39.3,385.0,,,99.0
2022-09-07T12:00,54.1,37.8,,,,51.0
2022-09-07T13:00,54.9,38.4,,,,50.0
2022-09-07T14:00,55.2,38.5,,,,49.0
2022-09-07T15:00,53.8,37.4,,,,47.0
2022-09-07T16:00,51.8,36.0,,,,46.0
2022-09-07T17:00,49.0,34.0,,,,44.0
2022-09-07T18:00,44.4,30.7,473.0,,,43.0
2022-09-07T19:00,38.8,26.8,413.0,,31.9,43.0
2022-09-07T20:00,32.8,22.7,348.0,,28.9,42.0
2022-09-07T21:00,28.0,19.4,282.0,22.7,26.2,41.0
2022-09-07T22:00,25.0,17.4,261.0,19.0,25.5,39.0
2022-09-07T23:00,23.8,16.6,256.0,17.2,25.5,36.0
2022-09-08T00:00,22.8,15.8,266.0,17.1,27.0,31.0
2022-09-08T01:00,22.9,15.9,292.0,19.4,29.4,25.0
2022-09-08T02:00,22.6,15.8,331.0,23.3,32.8,19.0
2022-09-08T03:00,21.7,15.1,362.0,26.9,,16.0
2022-09-08T04:00,22.5,15.7,349.0,26.3,,22.0
2022-09-08T05:00,26.1,18.2,318.0,24.2,,33.0
2022-09-08T06:00,31.8,22.1,283.0,22.1,,48.0
2022-09-08T07:00,36.3,25.3,271.0,21.5,,59.0
2022-09-08T08:00,39.7,27.6,266.0,21.5,,70.0
2022-09-08T09:00,42.4,29.5,269.0,23.7,,80.0
2022-09-08T10:00,42.5,29.6,275.0,28.2,,80.0
2022-09-08T11:00,42.8,29.8,286.0,,,76.0
2022-09-08T12:00,33.6,23.5,421.0,,,24.0
2022-09-08T13:00,35.2,24.6,,,,19.0
2022-09-08T14:00,37.8,26.5,,,,13.0
2022-09-08T15:00,38.2,26.7,,,,7.0
2022-09-08T16:00,35.6,24.9,,,,8.0
2022-09-08T17:00,35.3,24.6,,,,11.0
2022-09-08T18:00,35.0,24.3,,,32.7,17.0
2022-09-08T19:00,34.1,23.6,424.0,,29.0,22.0
2022-09-08T20:00,30.6,21.1,353.0,,25.5,29.0
2022-09-08T21:00,27.8,19.2,282.0,25.5,23.5,34.0
2022-09-08T22:00,26.6,18.3,257.0,23.5,25.3,33.0
2022-09-08T23:00,27.3,18.7,248.0,24.8,29.1,29.0
2022-09-09T00:00,26.4,18.4,296.0,23.7,30.8,26.0
2022-09-09T01:00,26.2,18.3,337.0,26.8,,22.0
2022-09-09T02:00,26.6,18.6,395.0,,,17.0
2022-09-09T03:00,27.4,19.2,443.0,,,17.0
2022-09-09T04:00,28.8,20.1,429.0,,,25.0
2022-09-09T05:00,33.3,23.3,390.0,,,39.0
2022-09-09T06:00,38.6,27.0,339.0,28.5,,58.0
2022-09-09T07:00,39.7,27.7,315.0,24.9,,73.0
2022-09-09T08:00,40.9,28.5,294.0,20.6,,89.0
2022-09-09T09:00,43.7,30.3,278.0,18.1,,104.0
2022-09-09T10:00,47.3,32.4,275.0,20.6,31.5,110.0
2022-09-09T11:00,48.3,32.4,280.0,25.6,26.9,111.0
2022-09-09T12:00,44.0,29.5,285.0,29.2,25.1,100.0
2022-09-09T13:00,43.7,29.2,326.0,,28.8,84.0
2022-09-09T14:00,40.6,27.6,385.0,,,61.0
2022-09-09T15:00,38.8,26.7,444.0,,,37.0
2022-09-09T16:00,36.7,25.4,457.0,,,31.0
2022-09-09T17:00,35.2,24.3,454.0,,,30.0
2022-09-09T18:00,33.9,23.5,437.0,,,31.0
2022-09-09T19:00,32.7,22.7,413.0,,32.0,31.0
2022-09-09T20:00,32.8,22.8,379.0,,28.4,31.0
2022-09-09T21:00,34.3,23.7,340.0,,24.5,31.0
2022-09-09T22:00,35.3,24.3,321.0,,23.1,29.0
2022-09-09T23:00,32.9,22.8,306.0,30.8,22.5,27.0
2022-09-10T00:00,34.1,23.7,348.0,,24.4,18.0
2022-09-10T01:00,31.3,21.8,382.0,,25.5,15.0
2022-09-10T02:00,29.5,20.5,429.0,,27.3,12.0
2022-09-10T03:00,28.3,19.6,456.0,,29.1,14.0
2022-09-10T04:00,26.0,18.1,416.0,,29.6,25.0
2022-09-10T05:00,25.9,18.0,345.0,25.1,29.8,41.0
2022-09-10T06:00,28.9,20.1,266.0,18.3,29.3,61.0
2022-09-10T07:00,31.7,22.0,240.0,15.5,27.9,73.0
2022-09-10T08:00,33.5,23.2,228.0,13.8,26.0,83.0
2022-09-10T09:00,34.3,23.7,228.0,14.3,24.2,92.0
2022-09-10T10:00,34.6,23.7,237.0,17.4,24.4,93.0
2022-09-10T11:00,35.7,24.1,256.0,22.4,25.3,89.0
2022-09-10T12:00,36.7,24.7,332.0,,25.2,55.0
2022-09-10T13:00,39.6,26.1,354.0,,25.0,54.0
2022-09-10T14:00,41.1,26.8,386.0,,24.7,53.0
2022-09-10T15:00,41.9,27.5,417.0,,24.7,48.0
2022-09-10T16:00,42.1,27.5,424.0,,25.5,39.0
2022-09-10T17:00,40.5,26.5,423.0,,26.8,28.0
2022-09-10T18:00,36.0,23.7,402.0,,27.4,18.0
2022-09-10T19:00,29.5,19.6,361.0,,25.9,19.0
2022-09-10T20:00,24.4,16.3,304.0,,23.5,23.0
2022-09-10T21:00,21.5,14.4,242.0,22.9,21.0,29.0
2022-09-10T22:00,19.2,13.0,221.0,18.6,20.7,30.0
2022-09-10T23:00,17.2,11.6,213.0,16.7,21.1,30.0
2022-09-11T00:00,13.6,9.3,214.0,15.4,20.2,27.0
2022-09-11T01:00,13.1,9.0,243.0,18.5,21.6,23.0
2022-09-11T02:00,13.8,9.4,284.0,23.0,23.5,17.0
2022-09-11T03:00,15.5,10.4,318.0,26.4,25.5,15.0
2022-09-11T04:00,18.2,12.3,309.0,24.5,26.0,24.0
2022-09-11T05:00,22.1,14.8,282.0,20.5,26.0,38.0
2022-09-11T06:00,27.2,18.4,248.0,15.8,25.4,56.0
2022-09-11T07:00,31.5,21.4,232.0,13.6,24.0,68.0
2022-09-11T08:00,32.2,21.7,220.0,11.8,22.2,80.0
2022-09-11T09:00,33.5,22.4,216.0,12.1,20.8,89.0
2022-09-11T10:00,35.9,23.8,229.0,16.1,21.7,88.0
2022-09-11T11:00,39.5,25.9,251.0,22.2,23.5,83.0
2022-09-11T12:00,42.5,27.8,301.0,,23.5,62.0
2022-09-11T13:00,45.5,29.2,305.0,,21.9,65.0
2022-09-11T14:00,46.4,29.4,312.0,29.5,19.5,68.0
2022-09-11T15:00,44.5,27.9,337.0,29.5,19.1,66.0
2022-09-11T16:00,42.6,26.8,385.0,,23.5,54.0
2022-09-11T17:00,41.3,26.4,448.0,,30.1,35.0
2022-09-11T18:00,42.0,27.1,,,,16.0
2022-09-11T19:00,40.4,26.3,477.0,,,11.0
2022-09-11T20:00,38.1,24.8,427.0,,32.3,10.0
2022-09-11T21:00,35.0,22.9,361.0,,28.4,10.0
2022-09-11T22:00,30.9,20.3,324.0,,26.6,10.0
2022-09-11T23:00,26.3,17.4,288.0,,25.3,12.0
2022-09-12T00:00,25.5,16.8,266.0,30.1,29.3,14.0
2022-09-12T01:00,24.5,16.3,291.0,29.7,31.4,15.0
2022-09-12T02:00,25.1,16.9,326.0,29.0,,16.0
2022-09-12T03:00,25.0,16.8,350.0,26.6,,24.0
2022-09-12T04:00,26.8,18.1,329.0,22.7,,39.0
2022-09-12T05:00,30.7,20.7,287.0,17.5,30.0,60.0
2022-09-12T06:00,34.7,23.3,239.0,12.0,25.4,84.0
2022-09-12T07:00,36.9,24.4,220.0,9.6,23.2,96.0
2022-09-12T08:00,39.8,26.1,207.0,8.3,21.5,105.0
2022-09-12T09:00,43.0,27.7,202.0,9.2,20.2,111.0
2022-09-12T10:00,45.3,28.9,212.0,13.1,20.3,110.0
2022-09-12T11:00,48.1,30.3,231.0,19.0,21.1,105.0
2022-09-12T12:00,52.7,32.4,279.0,26.1,21.8,91.0
2022-09-12T13:00,55.1,33.6,300.0,29.2,21.4,85.0
2022-09-12T14:00,51.7,31.8,330.0,,20.9,76.0
2022-09-12T15:00,46.8,29.2,353.0,,20.4,66.0
2022-09-12T16:00,43.7,27.5,343.0,,20.5,61.0
2022-09-12T17:00,38.8,24.3,318.0,,21.0,57.0
2022-09-12T18:00,34.7,21.5,284.0,,21.4,52.0
2022-09-12T19:00,33.1,20.5,261.0,29.0,21.1,50.0
2022-09-12T20:00,33.2,20.6,236.0,24.6,20.8,48.0
2022-09-12T21:00,33.3,20.8,215.0,21.5,21.1,44.0
2022-09-12T22:00,32.8,20.7,211.0,23.5,22.9,38.0
2022-09-12T23:00,31.8,20.3,216.0,27.9,25.5,30.0
2022-09-13T00:00,28.9,18.7,231.0,,31.5,22.0
2022-09-13T01:00,28.4,18.6,250.0,,,23.0
2022-09-13T02:00,25.3,16.6,277.0,30.2,,25.0
2022-09-13T03:00,26.8,17.8,299.0,27.0,,33.0
2022-09-13T04:00,29.9,19.7,293.0,23.2,,46.0
2022-09-13T05:00,36.4,24.0,276.0,18.8,,64.0
2022-09-13T06:00,41.6,27.3,252.0,13.5,31.2,87.0
2022-09-13T07:00,45.6,29.6,236.0,10.4,27.2,103.0
2022-09-13T08:00,47.0,30.3,219.0,7.7,22.9,118.0
2022-09-13T09:00,47.5,30.2,205.0,6.9,18.9,130.0
2022-09-13T10:00,47.1,29.6,206.0,10.1,18.9,127.0
2022-09-13T11:00,45.8,28.0,215.0,15.6,20.5,117.0
2022-09-13T12:00,39.3,25.0,250.0,24.6,21.9,95.0
2022-09-13T13:00,36.3,22.1,257.0,26.7,21.9,92.0
2022-09-13T14:00,38.2,22.4,267.0,29.5,21.9,87.0
2022-09-13T15:00,39.3,22.5,276.0,,21.8,82.0
2022-09-13T16:00,42.6,24.6,276.0,,21.3,81.0
2022-09-13T17:00,43.3,25.3,273.0,30.8,20.6,81.0
2022-09-13T18:00,41.7,24.6,261.0,27.6,20.1,81.0
2022-09-13T19:00,39.3,23.5,242.0,22.9,20.2,80.0
2022-09-13T20:00,36.3,22.1,216.0,16.7,20.6,78.0
2022-09-13T21:00,36.0,22.5,193.0,11.4,21.6,74.0
2022-09-13T22:00,34.7,22.1,191.0,11.8,22.8,67.0
2022-09-13T23:00,36.0,23.1,197.0,14.6,24.2,58.0
2022-09-14T00:00,37.8,24.0,231.0,23.5,32.3,41.0
2022-09-14T01:00,38.2,24.3,249.0,24.8,,40.0
2022-09-14T02:00,36.8,23.6,274.0,26.6,,38.0
2022-09-14T03:00,37.1,24.0,294.0,26.9,,43.0
2022-09-14T04:00,39.9,25.9,288.0,23.6,,56.0
2022-09-14T05:00,45.5,29.9,271.0,18.6,,74.0
2022-09-14T06:00,47.5,31.2,247.0,12.7,,96.0
2022-09-14T07:00,49.2,32.2,230.0,9.8,31.2,109.0
2022-09-14T08:00,50.6,32.8,211.0,7.6,26.8,121.0
2022-09-14T09:00,50.3,32.0,196.0,7.5,22.6,129.0
2022-09-14T10:00,49.4,30.7,196.0,10.9,22.0,125.0
2022-09-14T11:00,48.9,30.2,204.0,16.5,22.9,116.0
2022-09-14T12:00,47.4,29.2,226.0,24.8,24.0,98.0
2022-09-14T13:00,48.9,29.8,280.0,27.3,24.2,93.0
2022-09-14T14:00,49.1,29.7,356.0,30.9,24.7,86.0
2022-09-14T15:00,50.3,30.7,427.0,,26.3,75.0
2022-09-14T16:00,47.0,29.2,428.0,,29.1,65.0
2022-09-14T17:00,43.9,28.0,404.0,,32.8,53.0
2022-09-14T18:00,40.0,25.9,365.0,,,43.0
2022-09-14T19:00,38.0,24.9,340.0,,,43.0
2022-09-14T20:00,37.6,24.9,313.0,,,47.0
2022-09-14T21:00,37.6,25.0,284.0,26.8,,51.0
2022-09-14T22:00,38.5,25.5,269.0,22.9,,51.0
2022-09-14T23:00,39.8,26.3,258.0,20.2,31.2,49.0
2022-09-15T00:00,38.3,25.6,264.0,22.3,,43.0
2022-09-15T01:00,41.1,27.4,289.0,25.4,,40.0
2022-09-15T02:00,43.2,28.8,325.0,29.8,,36.0
2022-09-15T03:00,45.5,30.4,358.0,,,35.0
2022-09-15T04:00,48.2,32.2,358.0,,,41.0
2022-09-15T05:00,49.6,33.2,347.0,31.0,,51.0
2022-09-15T06:00,52.2,34.8,327.0,27.4,,67.0
2022-09-15T07:00,55.4,36.8,311.0,24.0,,81.0
2022-09-15T08:00,58.2,38.5,293.0,20.0,,98.0
2022-09-15T09:00,58.7,38.4,279.0,17.6,,112.0
2022-09-15T10:00,57.5,37.3,283.0,20.1,,112.0
2022-09-15T11:00,55.2,35.3,294.0,25.0,31.9,106.0
2022-09-15T12:00,59.6,38.2,297.0,29.0,,126.0
2022-09-15T13:00,67.5,43.1,438.0,,,117.0
2022-09-15T14:00,70.1,44.2,,,,104.0
2022-09-15T15:00,69.6,43.4,,,,89.0
2022-09-15T16:00,65.0,39.9,,,,83.0
2022-09-15T17:00,61.2,37.4,,,,79.0
2022-09-15T18:00,59.3,36.3,,,,75.0
2022-09-15T19:00,58.6,36.2,464.0,,31.1,75.0
2022-09-15T20:00,58.1,36.7,411.0,,29.7,76.0
2022-09-15T21:00,58.3,37.5,361.0,,29.2,74.0
2022-09-15T22:00,60.8,39.7,339.0,,30.3,68.0
2022-09-15T23:00,62.6,41.7,329.0,30.2,32.4,59.0
2022-09-16T00:00,65.2,43.8,340.0,,,42.0
2022-09-16T01:00,67.5,45.6,347.0,,,40.0
2022-09-16T02:00,66.8,45.3,357.0,,,37.0
2022-09-16T03:00,64.5,43.8,363.0,30.2,,42.0
2022-09-16T04:00,60.1,40.7,352.0,26.5,,57.0
2022-09-16T05:00,58.7,39.8,333.0,21.6,,78.0
2022-09-16T06:00,57.7,39.0,320.0,17.2,,105.0
2022-09-16T07:00,60.1,40.3,331.0,17.1,,123.0
2022-09-16T08:00,63.1,42.4,353.0,18.7,,141.0
2022-09-16T09:00,63.8,42.5,374.0,21.5,,154.0
2022-09-16T10:00,61.9,41.0,375.0,24.1,,150.0
2022-09-16T11:00,59.4,38.9,370.0,27.4,,137.0
2022-09-16T12:00,47.5,31.9,368.0,,,96.0
2022-09-16T13:00,56.3,36.8,352.0,,,99.0
2022-09-16T14:00,61.5,38.8,329.0,,,104.0
2022-09-16T15:00,61.7,37.7,299.0,,,110.0
2022-09-16T16:00,56.9,33.6,277.0,26.0,,114.0
2022-09-16T17:00,56.9,33.2,255.0,19.5,32.6,117.0
2022-09-16T18:00,59.0,35.0,239.0,13.6,27.7,116.0
2022-09-16T19:00,59.8,36.7,245.0,12.9,26.0,108.0
2022-09-16T20:00,60.1,38.3,262.0,14.4,25.8,95.0
2022-09-16T21:00,60.8,39.6,288.0,18.9,27.1,76.0
2022-09-16T22:00,62.6,41.4,307.0,25.5,30.0,59.0
2022-09-16T23:00,63.1,42.0,328.0,,,40.0
2022-09-17T00:00,61.5,41.0,339.0,,,30.0
2022-09-17T01:00,57.5,38.4,338.0,,,31.0
2022-09-17T02:00,53.0,35.5,335.0,,,32.0
2022-09-17T03:00,49.0,32.9,328.0,30.3,,40.0
2022-09-17T04:00,48.3,32.6,314.0,25.5,,55.0
2022-09-17T05:00,49.2,33.3,296.0,19.8,,76.0
2022-09-17T06:00,51.0,34.5,285.0,14.5,,102.0
2022-09-17T07:00,54.6,36.8,298.0,14.2,,120.0
2022-09-17T08:00,59.0,39.6,323.0,15.9,,138.0
2022-09-17T09:00,63.1,42.0,346.0,18.9,,152.0
2022-09-17T10:00,63.8,42.0,346.0,21.4,,150.0
2022-09-17T11:00,62.2,40.5,338.0,24.4,,141.0
2022-09-17T12:00,56.6,37.5,342.0,,,107.0
2022-09-17T13:00,65.2,42.6,341.0,29.7,,105.0
2022-09-17T14:00,73.3,47.3,341.0,27.1,,103.0
2022-09-17T15:00,78.0,50.1,343.0,26.6,,97.0
2022-09-17T16:00,79.4,51.0,351.0,,,90.0
2022-09-17T17:00,69.2,44.2,361.0,,,82.0
2022-09-17T18:00,65.0,41.6,368.0,,,72.0
2022-09-17T19:00,63.3,40.7,360.0,,,66.0
2022-09-17T20:00,62.9,40.6,346.0,,,62.0
2022-09-17T21:00,61.0,40.0,332.0,27.7,30.7,54.0
2022-09-17T22:00,56.8,37.8,334.0,28.1,28.0,45.0
2022-09-17T23:00,51.2,34.6,341.0,31.0,29.1,34.0
2022-09-18T00:00,63.6,42.5,372.0,,,26.0
2022-09-18T01:00,59.8,40.4,367.0,,,29.0
2022-09-18T02:00,55.2,37.6,360.0,30.6,,33.0
2022-09-18T03:00,46.4,31.8,339.0,24.5,,42.0
2022-09-18T04:00,38.5,26.4,304.0,19.5,31.0,55.0
2022-09-18T05:00,31.9,21.7,258.0,14.2,29.1,71.0
2022-09-18T06:00,31.4,21.2,220.0,10.4,31.9,90.0
2022-09-18T07:00,36.1,24.4,230.0,11.8,,100.0
2022-09-18T08:00,41.2,27.9,259.0,15.7,,108.0
2022-09-18T09:00,44.2,29.9,294.0,21.2,,115.0
2022-09-18T10:00,45.5,30.9,304.0,24.7,,118.0
2022-09-18T11:00,44.9,30.4,308.0,28.1,,118.0
2022-09-18T12:00,48.1,32.1,334.0,,,101.0
2022-09-18T13:00,54.4,36.1,347.0,,,96.0
2022-09-18T14:00,57.2,37.5,365.0,,,90.0
2022-09-18T15:00,59.1,38.6,378.0,,,83.0
2022-09-18T16:00,54.1,35.3,369.0,,,83.0
2022-09-18T17:00,55.3,36.0,350.0,,,85.0
2022-09-18T18:00,59.1,38.1,326.0,26.8,,86.0
2022-09-18T19:00,58.8,37.6,313.0,22.6,31.9,85.0
2022-09-18T20:00,61.2,39.5,302.0,18.0,28.0,84.0
2022-09-18T21:00,63.3,41.2,292.0,14.7,25.2,77.0
2022-09-18T22:00,62.9,41.3,292.0,16.6,26.0,65.0
2022-09-18T23:00,56.6,37.6,296.0,20.9,28.5,49.0
2022-09-19T00:00,66.1,44.6,388.0,,,28.0
2022-09-19T01:00,59.5,40.5,416.0,,,25.0
2022-09-19T02:00,51.5,35.2,454.0,,,20.0
2022-09-19T03:00,40.0,27.4,468.0,,,18.0
2022-09-19T04:00,32.1,21.8,419.0,,,24.0
2022-09-19T05:00,29.2,19.6,340.0,26.9,,33.0
2022-09-19T06:00,31.9,21.1,250.0,19.9,,46.0
2022-09-19T07:00,35.2,23.2,218.0,17.0,32.5,55.0
2022-09-19T08:00,35.6,23.2,202.0,15.0,30.2,64.0
2022-09-19T09:00,35.4,22.8,197.0,15.2,28.8,71.0
2022-09-19T10:00,34.0,21.8,193.0,18.5,29.9,69.0
2022-09-19T11:00,32.7,20.8,195.0,23.7,32.2,63.0
2022-09-19T12:00,39.2,25.6,296.0,,32.5,47.0
2022-09-19T13:00,51.7,34.3,463.0,,,46.0
2022-09-19T14:00,61.2,40.9,,,,45.0
2022-09-19T15:00,62.2,41.1,,,,46.0
2022-09-19T16:00,63.3,41.1,,,,49.0
2022-09-19T17:00,56.7,36.2,,,,54.0
2022-09-19T18:00,50.1,32.0,462.0,,,60.0
2022-09-19T19:00,47.1,30.0,383.0,,31.5,63.0
2022-09-19T20:00,48.1,30.6,327.0,27.2,27.4,65.0
2022-09-19T21:00,47.1,30.3,281.0,20.1,23.8,64.0
2022-09-19T22:00,47.1,30.5,272.0,19.6,23.2,57.0
2022-09-19T23:00,47.5,31.0,283.0,21.4,23.9,46.0
2022-09-20T00:00,34.3,23.0,302.0,23.2,25.5,28.0
2022-09-20T01:00,32.4,21.8,310.0,24.2,27.5,26.0
2022-09-20T02:00,30.0,20.3,322.0,25.5,30.1,24.0
2022-09-20T03:00,26.5,17.5,322.0,25.5,32.3,28.0
2022-09-20T04:00,26.6,16.8,297.0,22.6,31.6,40.0
2022-09-20T05:00,31.4,19.6,259.0,18.1,29.6,58.0
2022-09-20T06:00,34.7,21.1,216.0,13.2,27.0,79.0
2022-09-20T07:00,37.5,22.6,196.0,11.1,25.2,90.0
2022-09-20T08:00,37.6,22.7,181.0,9.9,23.4,100.0
2022-09-20T09:00,37.0,22.5,182.0,11.4,22.6,105.0
2022-09-20T10:00,37.1,22.8,199.0,17.4,24.6,98.0
2022-09-20T11:00,39.8,24.9,230.0,26.0,28.0,86.0
2022-09-20T12:00,44.6,27.8,316.0,,32.0,71.0
2022-09-20T13:00,54.9,35.0,429.0,,31.6,73.0
2022-09-20T14:00,60.1,38.5,,30.8,31.2,75.0
2022-09-20T15:00,57.3,36.1,,31.0,31.0,75.0
2022-09-20T16:00,56.5,35.0,,,31.6,70.0
2022-09-20T17:00,60.3,37.1,,,32.5,62.0
2022-09-20T18:00,65.7,40.5,,,,48.0
2022-09-20T19:00,72.4,44.9,,,,34.0
2022-09-20T20:00,76.4,48.0,,,,18.0
2022-09-20T21:00,77.5,49.7,,,,2.0
2022-09-20T22:00,76.1,49.5,,,,0.0
2022-09-20T23:00,71.0,46.8,,,,0.0
2022-09-21T00:00,43.5,29.0,474.0,,32.0,2.0
2022-09-21T01:00,36.7,24.6,449.0,,32.8,8.0
2022-09-21T02:00,32.6,21.8,412.0,,,17.0
2022-09-21T03:00,29.6,19.8,360.0,,,32.0
2022-09-21T04:00,29.7,19.8,320.0,26.1,,45.0
2022-09-21T05:00,32.8,21.5,279.0,20.9,,59.0
2022-09-21T06:00,36.0,23.1,234.0,15.4,31.1,78.0
2022-09-21T07:00,39.9,25.2,212.0,11.9,29.7,95.0
2022-09-21T08:00,43.4,27.1,197.0,9.2,28.2,112.0
2022-09-21T09:00,40.6,24.9,195.0,8.9,26.4,127.0
2022-09-21T10:00,40.2,24.5,210.0,12.7,25.5,126.0
2022-09-21T11:00,38.9,23.6,238.0,19.1,24.6,119.0
2022-09-21T12:00,31.8,19.7,255.0,25.5,25.2,104.0
2022-09-21T13:00,38.9,24.5,305.0,26.8,23.5,99.0
2022-09-21T14:00,41.3,25.7,376.0,28.8,21.0,92.0
2022-09-21T15:00,41.6,25.4,434.0,30.5,18.6,86.0
2022-09-21T16:00,40.9,23.9,415.0,,18.8,87.0
2022-09-21T17:00,43.0,24.0,363.0,,19.8,91.0
2022-09-21T18:00,46.2,25.3,301.0,29.1,20.5,95.0
2022-09-21T19:00,45.5,25.1,276.0,23.6,19.1,97.0
2022-09-21T20:00,45.8,26.6,258.0,16.0,17.1,97.0
2022-09-21T21:00,44.9,27.6,247.0,10.5,17.2,92.0
2022-09-21T22:00,43.5,27.5,247.0,13.6,21.7,78.0
2022-09-21T23:00,42.6,27.4,256.0,20.6,28.6,59.0
2022-09-22T00:00,46.8,30.5,309.0,27.8,32.2,40.0
2022-09-22T01:00,48.2,31.9,347.0,,,36.0
2022-09-22T02:00,49.7,33.1,401.0,,,30.0
2022-09-22T03:00,48.7,32.2,434.0,,,30.0
2022-09-22T04:00,47.3,31.0,396.0,,,43.0
2022-09-22T05:00,46.2,29.7,325.0,27.8,,63.0
2022-09-22T06:00,43.0,27.1,244.0,16.9,32.8,88.0
2022-09-22T07:00,42.8,27.0,213.0,12.4,30.4,102.0
2022-09-22T08:00,44.5,28.0,194.0,9.4,28.5,115.0
2022-09-22T09:00,44.0,27.6,195.0,9.1,27.4,127.0
2022-09-22T10:00,44.5,27.8,220.0,12.9,28.1,129.0
2022-09-22T11:00,45.2,28.1,262.0,19.3,29.8,127.0
2022-09-22T12:00,39.2,24.8,318.0,26.9,31.6,109.0
2022-09-22T13:00,52.4,33.4,394.0,28.9,30.6,111.0
2022-09-22T14:00,54.9,34.1,,,29.1,114.0
2022-09-22T15:00,55.3,33.6,,,27.4,114.0
2022-09-22T16:00,56.2,34.1,,,26.7,110.0
2022-09-22T17:00,56.1,33.9,,,26.2,103.0
2022-09-22T18:00,55.1,32.8,473.0,,26.2,93.0
2022-09-22T19:00,55.1,32.5,451.0,,26.6,86.0
2022-09-22T20:00,56.1,33.4,435.0,,27.5,78.0
2022-09-22T21:00,57.7,35.4,422.0,,28.8,65.0
2022-09-22T22:00,58.9,37.4,418.0,,29.8,52.0
2022-09-22T23:00,56.7,36.9,419.0,,30.9,37.0
2022-09-23T00:00,50.3,33.2,387.0,,29.8,24.0
2022-09-23T01:00,47.5,31.7,408.0,,32.8,23.0
2022-09-23T02:00,44.1,29.7,438.0,,,23.0
2022-09-23T03:00,40.4,27.1,445.0,,,29.0
2022-09-23T04:00,38.3,25.6,398.0,,,44.0
2022-09-23T05:00,39.0,25.8,323.0,28.8,,65.0
2022-09-23T06:00,36.2,23.7,239.0,18.3,31.9,91.0
2022-09-23T07:00,37.1,24.2,208.0,13.4,30.0,107.0
2022-09-23T08:00,38.8,25.4,191.0,10.0,28.3,121.0
2022-09-23T09:00,40.5,26.5,191.0,9.2,27.0,134.0
2022-09-23T10:00,37.1,24.0,213.0,13.2,27.1,137.0
2022-09-23T11:00,38.4,24.5,252.0,20.1,28.0,135.0
2022-09-23T12:00,25.3,16.4,220.0,28.6,25.1,104.0
2022-09-23T13:00,36.7,24.0,315.0,29.7,24.9,106.0
2022-09-23T14:00,46.0,29.3,448.0,,24.5,109.0
2022-09-23T15:00,49.9,31.1,,,23.6,112.0
2022-09-23T16:00,50.3,31.0,,,22.5,112.0
2022-09-23T17:00,49.6,29.9,450.0,,21.1,111.0
2022-09-23T18:00,49.1,28.9,353.0,,20.3,108.0
2022-09-23T19:00,50.4,29.1,326.0,,21.1,106.0
2022-09-23T20:00,53.1,30.6,315.0,29.5,22.8,103.0
2022-09-23T21:00,56.5,33.4,314.0,26.5,25.5,94.0
2022-09-23T22:00,59.1,36.4,322.0,28.0,28.2,77.0
2022-09-23T23:00,60.3,38.4,340.0,,31.4,56.0
2022-09-24T00:00,54.1,35.5,370.0,,,32.0
2022-09-24T01:00,46.9,31.3,372.0,,,33.0
2022-09-24T02:00,44.7,29.7,373.0,,31.4,35.0
2022-09-24T03:00,37.6,24.5,352.0,,28.1,41.0
2022-09-24T04:00,28.2,18.2,300.0,27.5,24.4,49.0
2022-09-24T05:00,23.6,15.3,229.0,17.9,20.0,60.0
2022-09-24T06:00,22.6,14.6,153.0,7.8,15.2,73.0
2022-09-24T07:00,24.3,15.7,131.0,4.8,13.4,81.0
2022-09-24T08:00,24.7,15.9,126.0,4.2,12.4,89.0
2022-09-24T09:00,24.7,15.8,128.0,5.4,12.1,94.0
2022-09-24T10:00,23.6,14.8,128.0,7.9,12.6,91.0
2022-09-24T11:00,23.3,14.3,131.0,11.7,13.8,84.0
2022-09-24T12:00,20.1,12.4,146.0,15.9,15.1,77.0
2022-09-24T13:00,24.0,14.9,175.0,17.1,15.1,75.0
2022-09-24T14:00,24.6,14.9,216.0,18.9,15.1,73.0
2022-09-24T15:00,24.9,14.7,266.0,21.1,15.7,70.0
2022-09-24T16:00,26.5,15.7,293.0,22.5,16.8,68.0
2022-09-24T17:00,28.6,17.0,316.0,23.8,18.4,66.0
2022-09-24T18:00,29.5,17.5,332.0,26.0,20.9,64.0
2022-09-24T19:00,30.4,18.1,326.0,28.6,23.5,63.0
2022-09-24T20:00,32.4,19.4,308.0,,26.5,62.0
2022-09-24T21:00,35.0,21.2,291.0,,29.5,61.0
2022-09-24T22:00,38.5,23.6,290.0,,29.8,61.0
2022-09-24T23:00,41.2,26.0,294.0,29.3,29.0,61.0
2022-09-25T00:00,42.6,27.4,317.0,28.1,28.3,54.0
2022-09-25T01:00,41.9,27.3,333.0,29.9,31.5,49.0
2022-09-25T02:00,41.4,27.5,356.0,,,42.0
2022-09-25T03:00,39.6,26.6,364.0,,,42.0
2022-09-25T04:00,40.9,27.8,336.0,28.2,,57.0
2022-09-25T05:00,42.3,28.7,289.0,21.5,,81.0
2022-09-25T06:00,42.0,28.5,235.0,13.8,31.4,110.0
2022-09-25T07:00,42.0,28.3,213.0,10.2,27.6,127.0
2022-09-25T08:00,42.1,28.2,199.0,7.6,23.5,141.0
2022-09-25T09:00,36.3,24.0,191.0,6.8,19.9,153.0
2022-09-25T10:00,37.4,24.3,187.0,9.1,19.9,152.0
2022-09-25T11:00,38.2,24.6,189.0,13.4,21.5,145.0
2022-09-25T12:00,31.7,20.0,197.0,17.8,21.5,109.0
2022-09-25T13:00,33.8,21.0,244.0,19.8,21.8,105.0
2022-09-25T14:00,36.1,22.2,312.0,22.8,22.2,98.0
2022-09-25T15:00,37.4,22.6,385.0,26.1,22.9,91.0
2022-09-25T16:00,38.9,23.3,407.0,26.8,22.9,89.0
2022-09-25T17:00,41.7,25.0,415.0,26.7,22.7,87.0
2022-09-25T18:00,41.1,24.6,418.0,29.1,25.8,83.0
2022-09-25T19:00,42.7,26.2,424.0,,,74.0
2022-09-25T20:00,43.2,27.1,428.0,,,63.0
2022-09-25T21:00,43.7,27.9,419.0,,,52.0
2022-09-25T22:00,43.7,28.5,391.0,,,51.0
2022-09-25T23:00,40.2,26.7,351.0,,,54.0
2022-09-26T00:00,49.7,31.3,335.0,,,80.0
2022-09-26T01:00,48.8,30.9,318.0,30.2,,81.0
2022-09-26T02:00,43.2,27.1,295.0,27.5,,82.0
2022-09-26T03:00,40.5,25.7,272.0,24.2,,85.0
2022-09-26T04:00,42.0,27.2,271.0,22.8,,87.0
2022-09-26T05:00,45.3,30.0,277.0,21.7,,89.0
2022-09-26T06:00,47.5,31.9,282.0,19.9,,96.0
2022-09-26T07:00,48.3,32.7,274.0,17.2,,109.0
2022-09-26T08:00,49.5,33.8,262.0,14.1,,125.0
2022-09-26T09:00,45.3,30.9,251.0,12.4,,142.0
2022-09-26T10:00,47.4,32.1,241.0,15.0,,146.0
2022-09-26T11:00,49.0,33.1,232.0,19.6,,145.0
2022-09-26T12:00,32.1,22.0,229.0,29.4,,95.0
2022-09-26T13:00,28.2,19.3,248.0,,,81.0
2022-09-26T14:00,28.5,19.6,275.0,,,61.0
2022-09-26T15:00,27.2,18.6,307.0,,,40.0
2022-09-26T16:00,27.6,18.9,325.0,,,35.0
2022-09-26T17:00,27.6,18.9,340.0,,,35.0
2022-09-26T18:00,27.2,18.6,338.0,,,39.0
2022-09-26T19:00,26.3,17.9,307.0,,,44.0
2022-09-26T20:00,24.3,16.5,260.0,28.5,,50.0
2022-09-26T21:00,21.9,14.7,205.0,18.0,31.1,58.0
2022-09-26T22:00,19.7,13.2,179.0,13.4,29.1,62.0
2022-09-26T23:00,18.7,12.4,160.0,10.7,27.9,65.0
2022-09-27T00:00,21.3,14.1,177.0,12.9,26.2,59.0
2022-09-27T01:00,23.5,15.6,207.0,18.3,29.0,54.0
2022-09-27T02:00,26.5,17.7,250.0,25.9,32.8,47.0
2022-09-27T03:00,31.2,20.8,287.0,,,46.0
2022-09-27T04:00,35.9,24.2,282.0,29.8,,57.0
2022-09-27T05:00,38.6,26.1,260.0,24.3,,74.0
2022-09-27T06:00,39.7,27.0,231.0,17.1,,98.0
2022-09-27T07:00,38.9,26.4,216.0,13.1,30.1,115.0
2022-09-27T08:00,40.6,27.5,202.0,9.5,26.0,132.0
2022-09-27T09:00,41.7,27.9,193.0,7.4,22.0,147.0
2022-09-27T10:00,42.4,27.9,196.0,9.4,21.9,149.0
2022-09-27T11:00,43.8,28.3,206.0,13.6,23.1,147.0
2022-09-27T12:00,39.5,25.8,222.0,18.9,26.5,134.0
2022-09-27T13:00,44.4,28.8,247.0,23.0,25.9,129.0
2022-09-27T14:00,46.3,29.4,282.0,28.6,25.0,122.0
2022-09-27T15:00,46.8,29.2,319.0,,24.6,113.0
2022-09-27T16:00,47.0,29.0,328.0,,25.7,108.0
2022-09-27T17:00,48.0,29.5,329.0,,27.4,103.0
2022-09-27T18:00,47.3,29.2,321.0,,29.1,99.0
2022-09-27T19:00,46.4,28.8,308.0,30.4,29.5,98.0
2022-09-27T20:00,42.4,26.8,289.0,24.9,29.5,99.0
2022-09-27T21:00,37.6,24.1,264.0,18.4,29.2,100.0
2022-09-27T22:00,34.0,22.1,246.0,14.8,28.6,102.0
2022-09-27T23:00,32.1,21.0,228.0,11.8,27.9,106.0
2022-09-28T00:00,37.7,24.7,264.0,15.6,30.5,102.0
2022-09-28T01:00,40.4,26.4,281.0,19.8,31.0,96.0
2022-09-28T02:00,42.3,27.3,304.0,25.6,31.9,87.0
2022-09-28T03:00,43.5,28.3,330.0,,,80.0
2022-09-28T04:00,47.4,31.4,339.0,,,81.0
2022-09-28T05:00,50.1,33.8,344.0,30.0,,85.0
2022-09-28T06:00,50.1,34.1,342.0,26.8,,96.0
2022-09-28T07:00,49.8,34.2,329.0,22.8,,111.0
2022-09-28T08:00,47.7,32.9,309.0,17.8,,129.0
2022-09-28T09:00,49.0,33.9,294.0,15.3,,146.0
2022-09-28T10:00,50.4,34.8,295.0,19.2,,147.0
2022-09-28T11:00,53.0,36.4,304.0,26.4,,143.0
2022-09-28T12:00,49.7,34.2,360.0,,,133.0
2022-09-28T13:00,55.1,37.8,399.0,,,122.0
2022-09-28T14:00,55.4,37.8,454.0,,,106.0
2022-09-28T15:00,52.4,35.6,,,,88.0
2022-09-28T16:00,44.9,30.6,479.0,,30.0,82.0
2022-09-28T17:00,39.1,26.8,435.0,,27.6,79.0
2022-09-28T18:00,33.6,23.1,374.0,,25.4,78.0
2022-09-28T19:00,30.2,20.8,337.0,,24.3,79.0
2022-09-28T20:00,29.3,20.3,300.0,24.0,23.8,83.0
2022-09-28T21:00,29.2,20.1,263.0,16.8,24.0,86.0
2022-09-28T22:00,30.7,21.1,248.0,13.8,24.4,87.0
2022-09-28T23:00,31.9,21.7,242.0,12.4,25.2,87.0
2022-09-29T00:00,46.7,31.8,310.0,20.7,27.5,64.0
2022-09-29T01:00,51.0,34.9,362.0,28.4,31.1,54.0
2022-09-29T02:00,54.9,37.7,435.0,,,40.0
2022-09-29T03:00,56.9,39.2,,,,32.0
2022-09-29T04:00,58.6,40.4,475.0,,,44.0
2022-09-29T05:00,55.6,38.3,423.0,,,66.0
2022-09-29T06:00,53.1,36.4,354.0,30.6,,94.0
2022-09-29T07:00,49.1,33.6,313.0,23.6,,111.0
2022-09-29T08:00,44.7,30.5,274.0,16.1,30.5,127.0
2022-09-29T09:00,43.3,29.5,244.0,11.6,25.0,140.0
2022-09-29T10:00,42.5,28.9,246.0,16.6,25.8,138.0
2022-09-29T11:00,43.2,29.3,264.0,26.2,28.9,129.0
2022-09-29T12:00,44.9,30.5,360.0,,29.5,107.0
2022-09-29T13:00,52.5,35.6,425.0,,28.5,107.0
2022-09-29T14:00,53.2,36.0,,29.9,27.0,106.0
2022-09-29T15:00,51.9,34.8,,29.4,26.1,102.0
2022-09-29T16:00,45.9,30.9,,,27.5,94.0
2022-09-29T17:00,39.6,27.1,451.0,,29.8,84.0
2022-09-29T18:00,38.4,26.5,352.0,,,74.0
2022-09-29T19:00,38.8,26.9,326.0,,,72.0
2022-09-29T20:00,38.1,26.3,320.0,,,72.0
2022-09-29T21:00,38.4,26.5,322.0,,,73.0
2022-09-29T22:00,39.9,27.4,328.0,28.5,,72.0
2022-09-29T23:00,41.2,28.1,340.0,26.5,,71.0
2022-09-30T00:00,26.4,18.0,229.0,16.0,27.8,81.0
2022-09-30T01:00,25.8,17.5,257.0,22.0,28.3,73.0
2022-09-30T02:00,26.0,17.6,298.0,30.4,29.1,61.0
2022-09-30T03:00,27.0,18.5,338.0,,30.3,49.0
2022-09-30T04:00,26.3,18.0,341.0,,31.4,45.0
2022-09-30T05:00,27.3,18.7,331.0,,32.5,44.0
2022-09-30T06:00,33.6,23.2,327.0,,,43.0
2022-09-30T07:00,40.0,27.8,344.0,,,42.0
2022-09-30T08:00,45.4,31.4,370.0,,,40.0
2022-09-30T09:00,45.5,31.5,400.0,,,38.0
2022-09-30T10:00,43.7,30.3,410.0,,,36.0
2022-09-30T11:00,41.7,28.8,416.0,,,33.0
2022-09-30T12:00,43.9,30.5,473.0,,,25.0
2022-09-30T13:00,46.7,32.5,,,,20.0
2022-09-30T14:00,47.1,32.8,,,,13.0
2022-09-30T15:00,45.3,31.5,,,,6.0
2022-09-30T16:00,41.8,29.0,,,,6.0
2022-09-30T17:00,36.7,25.6,,,,8.0
2022-09-30T18:00,28.7,20.0,434.0,,,14.0
2022-09-30T19:00,23.7,16.6,375.0,,29.6,22.0
2022-09-30T20:00,21.1,14.7,318.0,,26.8,31.0
2022-09-30T21:00,19.4,13.6,260.0,20.0,23.6,43.0
2022-09-30T22:00,18.9,13.1,233.0,14.1,20.9,50.0
2022-09-30T23:00,17.8,12.3,217.0,11.7,18.4,56.0
2022-10-01T00:00,15.2,10.6,210.0,10.9,18.6,59.0
2022-10-01T01:00,15.5,10.8,250.0,17.4,20.5,49.0
2022-10-01T02:00,16.7,11.7,305.0,26.7,23.4,35.0
2022-10-01T03:00,18.8,13.1,356.0,,26.6,23.0
2022-10-01T04:00,21.1,14.8,352.0,,28.1,26.0
2022-10-01T05:00,24.3,17.0,328.0,,29.1,34.0
2022-10-01T06:00,27.0,18.9,296.0,29.5,29.5,48.0
2022-10-01T07:00,29.9,20.9,279.0,26.0,28.1,59.0
2022-10-01T08:00,31.8,22.2,263.0,21.9,25.8,72.0
2022-10-01T09:00,33.9,23.6,260.0,21.2,24.5,82.0
2022-10-01T10:00,35.6,24.9,282.0,27.4,26.7,78.0
2022-10-01T11:00,37.4,26.0,318.0,,30.4,68.0
2022-10-01T12:00,38.2,26.7,409.0,,,31.0
2022-10-01T13:00,40.4,28.2,464.0,,,25.0
2022-10-01T14:00,41.2,28.8,,,,16.0
2022-10-01T15:00,39.9,27.9,,,,7.0
2022-10-01T16:00,39.2,27.4,,,,4.0
2022-10-01T17:00,37.6,26.3,,,,3.0
2022-10-01T18:00,33.9,23.6,,,,7.0
2022-10-01T19:00,28.9,20.2,481.0,,,19.0
2022-10-01T20:00,24.7,17.2,381.0,,,35.0
2022-10-01T21:00,21.7,15.1,275.0,22.0,27.4,53.0
2022-10-01T22:00,19.4,13.6,240.0,14.9,24.9,59.0
2022-10-01T23:00,17.5,12.2,227.0,12.1,23.4,61.0
2022-10-02T00:00,14.3,10.0,213.0,9.2,17.6,71.0
2022-10-02T01:00,15.0,10.4,244.0,16.2,18.2,65.0
2022-10-02T02:00,16.9,11.8,289.0,26.0,19.0,56.0
2022-10-02T03:00,20.3,14.1,332.0,,20.6,50.0
2022-10-02T04:00,23.8,16.6,335.0,,22.6,53.0
2022-10-02T05:00,28.3,19.7,323.0,30.8,25.0,60.0
2022-10-02T06:00,34.0,23.6,307.0,26.1,28.0,70.0
2022-10-02T07:00,39.6,27.5,297.0,23.8,29.9,79.0
2022-10-02T08:00,43.0,29.8,288.0,22.0,31.5,90.0
2022-10-02T09:00,44.8,31.1,300.0,25.7,,94.0
2022-10-02T10:00,46.3,32.1,334.0,,,84.0
2022-10-02T11:00,49.4,34.2,384.0,,,66.0
2022-10-02T12:00,46.0,31.8,410.0,,,55.0
2022-10-02T13:00,50.4,34.8,,,,43.0
2022-10-02T14:00,53.9,37.4,,,,25.0
2022-10-02T15:00,56.2,39.0,,,,7.0
2022-10-02T16:00,57.3,39.8,,,,2.0
2022-10-02T17:00,56.5,39.1,,,,2.0
2022-10-02T18:00,53.8,37.3,,,,6.0
2022-10-02T19:00,50.8,35.2,,,,11.0
2022-10-02T20:00,48.0,33.2,,,,18.0
2022-10-02T21:00,46.0,31.9,457.0,,32.8,30.0
2022-10-02T22:00,45.5,31.5,398.0,,31.1,42.0
2022-10-02T23:00,43.8,30.3,351.0,27.0,30.0,55.0
2022-10-03T00:00,42.4,29.2,298.0,16.8,28.8,70.0
2022-10-03T01:00,41.4,28.6,330.0,25.2,29.0,61.0
2022-10-03T02:00,41.1,28.3,375.0,,29.4,49.0
2022-10-03T03:00,41.4,28.6,408.0,,30.0,40.0
2022-10-03T04:00,42.3,29.2,389.0,,30.8,45.0
2022-10-03T05:00,44.6,30.7,346.0,,31.8,55.0
2022-10-03T06:00,48.1,33.2,295.0,26.9,32.2,71.0
2022-10-03T07:00,52.0,36.0,268.0,22.0,31.2,85.0
2022-10-03T08:00,56.3,38.9,246.0,17.8,29.4,101.0
2022-10-03T09:00,53.7,36.9,245.0,18.8,27.9,111.0
2022-10-03T10:00,48.5,33.4,269.0,27.8,28.1,104.0
2022-10-03T11:00,47.6,32.7,312.0,,29.1,89.0
2022-10-03T12:00,48.8,33.5,404.0,,30.5,65.0
2022-10-03T13:00,54.5,37.5,,,,50.0
2022-10-03T14:00,66.1,45.6,,,,30.0
2022-10-03T15:00,77.3,53.4,,,,8.0
2022-10-03T16:00,87.3,,,,,3.0
2022-10-03T17:00,,,,,,3.0
2022-10-03T18:00,,,,,,5.0
2022-10-03T19:00,,,,,,5.0
2022-10-03T20:00,87.5,,,,,5.0
2022-10-03T21:00,79.4,55.1,,,,6.0
2022-10-03T22:00,73.8,51.1,,,,6.0
2022-10-03T23:00,66.6,46.1,,,,5.0
2022-10-04T00:00,48.9,33.8,399.0,,31.8,36.0
2022-10-04T01:00,47.8,32.9,403.0,,31.8,35.0
2022-10-04T02:00,45.9,31.5,408.0,,31.8,33.0
2022-10-04T03:00,45.4,31.2,403.0,,32.2,35.0
2022-10-04T04:00,45.4,31.2,381.0,,,44.0
2022-10-04T05:00,47.8,32.8,349.0,,,56.0
2022-10-04T06:00,51.6,35.4,311.0,30.9,,72.0
2022-10-04T07:00,55.6,38.2,283.0,26.8,,84.0
2022-10-04T08:00,62.2,42.6,256.0,23.3,,95.0
2022-10-04T09:00,61.9,42.3,263.0,25.3,31.8,100.0
2022-10-04T10:00,61.5,41.7,308.0,,,90.0
2022-10-04T11:00,61.9,42.0,382.0,,,73.0
2022-10-04T12:00,56.0,38.0,426.0,,32.7,71.0
2022-10-04T13:00,65.7,44.7,,,,55.0
2022-10-04T14:00,80.6,55.2,,,,31.0
2022-10-04T15:00,,,,,,7.0
2022-10-04T16:00,,,,,,1.0
2022-10-04T17:00,,,,,,0.0
2022-10-04T18:00,,,,,,2.0
2022-10-04T19:00,82.0,55.5,,,,2.0
2022-10-04T20:00,75.0,50.6,,,,4.0
2022-10-04T21:00,74.5,50.3,,,,10.0
2022-10-04T22:00,73.8,49.8,,,,21.0
2022-10-04T23:00,68.5,45.8,,,,35.0
2022-10-05T00:00,48.2,32.4,334.0,27.1,28.2,55.0
2022-10-05T01:00,50.3,34.0,399.0,,31.4,48.0
2022-10-05T02:00,57.2,38.9,,,,38.0
2022-10-05T03:00,61.7,42.0,,,,30.0
2022-10-05T04:00,66.4,45.3,,,,33.0
2022-10-05T05:00,72.6,49.7,,,,42.0
2022-10-05T06:00,74.7,51.3,,,,55.0
2022-10-05T07:00,75.0,51.5,453.0,,,67.0
2022-10-05T08:00,74.0,51.0,413.0,,,80.0
2022-10-05T09:00,74.7,51.5,401.0,,,91.0
2022-10-05T10:00,76.1,52.4,436.0,,,90.0
2022-10-05T11:00,79.4,54.6,,,,84.0
2022-10-05T12:00,80.1,55.6,,,,8.0
2022-10-05T13:00,71.0,49.2,,,,10.0
2022-10-05T14:00,61.9,43.0,,,,13.0
2022-10-05T15:00,55.6,38.6,,,,19.0
2022-10-05T16:00,51.3,35.7,,,,24.0
2022-10-05T17:00,47.8,33.2,,,,30.0
2022-10-05T18:00,45.5,31.4,434.0,,30.8,39.0
2022-10-05T19:00,44.5,30.7,386.0,,25.2,49.0
2022-10-05T20:00,40.7,28.0,334.0,25.0,19.5,62.0
2022-10-05T21:00,38.8,26.7,282.0,13.2,15.5,73.0
2022-10-05T22:00,36.6,25.2,266.0,10.6,17.1,74.0
2022-10-05T23:00,34.2,23.6,262.0,11.4,21.4,71.0
2022-10-06T00:00,29.1,20.1,241.0,12.1,21.5,81.0
2022-10-06T01:00,30.7,21.4,269.0,19.0,24.4,74.0
2022-10-06T02:00,32.5,22.5,309.0,29.0,28.4,65.0
2022-10-06T03:00,32.0,22.2,350.0,,32.8,56.0
2022-10-06T04:00,32.1,22.3,358.0,,,57.0
2022-10-06T05:00,34.0,23.6,355.0,,,62.0
2022-10-06T06:00,38.5,26.8,352.0,,,68.0
2022-10-06T07:00,43.7,30.4,355.0,,,69.0
2022-10-06T08:00,47.4,33.1,360.0,,,69.0
2022-10-06T09:00,47.6,33.2,373.0,,,68.0
2022-10-06T10:00,47.0,32.6,390.0,,,68.0
2022-10-06T11:00,46.6,32.2,412.0,,,68.0
2022-10-06T12:00,58.4,40.7,,,,79.0
2022-10-06T13:00,64.7,45.1,,,,75.0
2022-10-06T14:00,72.2,50.2,,,,69.0
2022-10-06T15:00,73.6,51.0,,,,65.0
2022-10-06T16:00,70.8,48.8,,,,67.0
2022-10-06T17:00,60.8,41.3,,,,72.0
2022-10-06T18:00,49.6,33.6,467.0,,25.6,77.0
2022-10-06T19:00,43.4,29.6,402.0,,22.5,77.0
2022-10-06T20:00,36.6,25.2,380.0,,23.6,74.0
2022-10-06T21:00,33.9,23.5,365.0,26.0,25.9,72.0
2022-10-06T22:00,32.0,22.3,348.0,22.4,25.9,73.0
2022-10-06T23:00,32.5,22.6,337.0,19.5,25.9,74.0
2022-10-07T00:00,51.1,34.9,450.0,28.9,,63.0
2022-10-07T01:00,53.2,36.2,427.0,27.9,,64.0
2022-10-07T02:00,47.0,31.7,394.0,26.3,32.1,66.0
2022-10-07T03:00,41.3,27.8,352.0,23.5,27.6,73.0
2022-10-07T04:00,38.3,25.7,329.0,20.2,27.5,84.0
2022-10-07T05:00,38.9,26.1,310.0,16.4,28.8,99.0
2022-10-07T06:00,40.6,27.0,286.0,12.1,29.2,115.0
2022-10-07T07:00,41.2,27.2,265.0,9.5,26.7,124.0
2022-10-07T08:00,40.3,26.5,244.0,7.4,22.9,130.0
2022-10-07T09:00,38.9,25.6,232.0,8.1,19.4,131.0
2022-10-07T10:00,38.1,25.0,241.0,13.8,19.6,121.0
2022-10-07T11:00,35.6,23.4,260.0,22.4,21.4,106.0
2022-10-07T12:00,53.2,36.1,433.0,,,66.0
2022-10-07T13:00,49.5,33.4,436.0,,,68.0
2022-10-07T14:00,47.8,32.1,440.0,,,70.0
2022-10-07T15:00,48.1,32.2,450.0,,32.8,72.0
2022-10-07T16:00,50.6,33.8,466.0,,31.2,72.0
2022-10-07T17:00,48.3,32.1,,30.2,29.9,72.0
2022-10-07T18:00,49.8,33.1,,29.6,29.6,70.0
2022-10-07T19:00,51.1,33.9,,,31.2,66.0
2022-10-07T20:00,51.0,33.6,456.0,,,60.0
2022-10-07T21:00,50.6,33.4,421.0,,,53.0
2022-10-07T22:00,51.1,33.9,400.0,,,48.0
2022-10-07T23:00,51.6,34.2,382.0,31.0,,43.0
2022-10-08T00:00,52.4,34.7,419.0,,,45.0
2022-10-08T01:00,56.1,37.4,441.0,,,39.0
2022-10-08T02:00,58.3,39.0,471.0,,,32.0
2022-10-08T03:00,61.0,40.7,,,,32.0
2022-10-08T04:00,65.2,43.8,,,,47.0
2022-10-08T05:00,67.1,45.1,478.0,,,71.0
2022-10-08T06:00,68.2,45.8,448.0,30.8,,102.0
2022-10-08T07:00,63.3,41.8,417.0,26.0,,122.0
2022-10-08T08:00,64.3,42.1,380.0,20.5,,140.0
2022-10-08T09:00,62.2,40.3,337.0,16.4,,153.0
2022-10-08T10:00,58.0,37.5,311.0,18.2,30.4,147.0
2022-10-08T11:00,51.0,32.8,290.0,22.9,25.8,132.0
2022-10-08T12:00,61.5,39.2,329.0,30.9,27.4,114.0
2022-10-08T13:00,61.9,39.6,366.0,30.4,25.2,108.0
2022-10-08T14:00,58.0,37.4,419.0,29.6,22.2,99.0
2022-10-08T15:00,53.6,34.9,462.0,28.6,19.4,89.0
2022-10-08T16:00,49.6,32.8,448.0,27.9,19.1,85.0
2022-10-08T17:00,45.8,30.3,412.0,27.0,20.0,82.0
2022-10-08T18:00,40.5,26.8,371.0,26.2,21.0,79.0
2022-10-08T19:00,39.3,26.3,366.0,26.1,21.1,76.0
2022-10-08T20:00,38.1,25.5,370.0,26.3,21.1,73.0
2022-10-08T21:00,38.1,25.6,366.0,26.2,21.1,70.0
2022-10-08T22:00,37.4,25.1,346.0,25.6,21.5,68.0
2022-10-08T23:00,34.1,22.9,318.0,24.9,22.0,66.0
2022-10-09T00:00,44.4,30.2,398.0,,,54.0
2022-10-09T01:00,44.9,30.5,383.0,,,56.0
2022-10-09T02:00,41.7,28.3,361.0,30.6,32.7,59.0
2022-10-09T03:00,36.7,24.6,324.0,26.0,30.4,65.0
2022-10-09T04:00,37.0,24.7,285.0,21.6,27.7,71.0
2022-10-09T05:00,34.1,22.6,240.0,16.5,24.4,79.0
2022-10-09T06:00,32.8,21.7,192.0,11.3,20.8,85.0
2022-10-09T07:00,31.3,20.7,173.0,9.6,19.5,84.0
2022-10-09T08:00,31.3,20.6,164.0,9.3,19.0,81.0
2022-10-09T09:00,28.5,18.8,161.0,9.9,18.0,73.0
2022-10-09T10:00,23.4,15.4,163.0,11.2,15.9,65.0
2022-10-09T11:00,16.8,10.9,171.0,13.3,13.2,54.0
2022-10-09T12:00,13.1,8.3,173.0,13.4,12.8,36.0
2022-10-09T13:00,12.1,7.6,206.0,12.7,13.4,34.0
2022-10-09T14:00,12.1,7.6,253.0,11.6,14.1,32.0
2022-10-09T15:00,12.8,8.1,296.0,10.4,15.1,30.0
2022-10-09T16:00,14.3,9.1,295.0,9.9,15.6,30.0
2022-10-09T17:00,14.6,9.3,278.0,9.6,15.8,30.0
2022-10-09T18:00,11.8,7.4,249.0,9.4,15.8,31.0
2022-10-09T19:00,10.9,6.8,225.0,9.2,14.8,32.0
2022-10-09T20:00,9.6,6.0,197.0,9.1,13.2,34.0
2022-10-09T21:00,9.2,5.8,168.0,9.5,13.1,35.0
2022-10-09T22:00,8.2,5.2,156.0,10.4,15.6,35.0
2022-10-09T23:00,7.5,4.8,151.0,11.6,19.5,34.0
2022-10-10T00:00,18.7,12.6,311.0,,,10.0
2022-10-10T01:00,22.5,15.3,335.0,,,11.0
2022-10-10T02:00,25.7,17.4,368.0,,,13.0
2022-10-10T03:00,29.9,20.2,393.0,,,21.0
2022-10-10T04:00,33.1,22.4,380.0,29.8,,34.0
2022-10-10T05:00,35.0,23.7,351.0,26.0,,50.0
2022-10-10T06:00,35.6,24.0,308.0,20.8,,71.0
2022-10-10T07:00,33.4,22.4,275.0,16.7,,84.0
2022-10-10T08:00,32.5,21.6,238.0,12.4,31.0,95.0
2022-10-10T09:00,28.5,18.6,203.0,9.3,21.1,102.0
2022-10-10T10:00,25.2,16.2,192.0,10.6,17.0,96.0
2022-10-10T11:00,22.5,14.2,191.0,13.9,14.6,84.0
2022-10-10T12:00,17.8,11.1,205.0,19.0,15.7,68.0
2022-10-10T13:00,18.0,11.2,245.0,19.3,15.9,66.0
2022-10-10T14:00,18.9,11.8,301.0,19.8,16.1,64.0
2022-10-10T15:00,19.6,12.2,351.0,20.4,15.9,60.0
2022-10-10T16:00,19.8,12.2,349.0,21.0,14.8,58.0
2022-10-10T17:00,18.9,11.6,326.0,21.6,13.1,55.0
2022-10-10T18:00,19.0,11.6,285.0,20.9,11.2,53.0
2022-10-10T19:00,17.2,10.3,248.0,17.9,10.2,53.0
2022-10-10T20:00,15.8,9.4,203.0,13.6,9.4,55.0
2022-10-10T21:00,16.6,9.8,159.0,9.2,8.7,56.0
2022-10-10T22:00,18.2,10.8,149.0,8.2,8.3,55.0
2022-10-10T23:00,18.0,10.6,151.0,8.4,8.1,54.0
2022-10-11T00:00,22.1,13.3,210.0,14.6,13.8,50.0
2022-10-11T01:00,23.0,14.0,210.0,14.6,15.8,51.0
2022-10-11T02:00,21.2,12.7,209.0,14.8,18.7,53.0
2022-10-11T03:00,20.0,12.0,204.0,14.1,21.2,57.0
2022-10-11T04:00,21.2,12.8,196.0,12.4,20.9,62.0
2022-10-11T05:00,23.3,14.3,184.0,9.9,19.4,68.0
2022-10-11T06:00,25.7,15.9,170.0,7.3,16.9,73.0
2022-10-11T07:00,26.6,16.7,161.0,6.2,15.0,74.0
2022-10-11T08:00,25.8,16.2,153.0,5.4,12.8,72.0
2022-10-11T09:00,23.7,14.7,147.0,5.6,10.6,68.0
2022-10-11T10:00,20.5,12.5,145.0,7.2,9.9,62.0
2022-10-11T11:00,17.1,10.2,146.0,9.6,9.8,53.0
2022-10-11T12:00,16.6,9.8,159.0,12.8,11.3,44.0
2022-10-11T13:00,16.8,10.0,183.0,13.4,11.6,42.0
2022-10-11T14:00,16.2,9.7,218.0,14.2,12.0,40.0
2022-10-11T15:00,16.8,10.1,262.0,15.1,12.9,38.0
2022-10-11T16:00,19.8,12.0,292.0,15.0,14.2,38.0
2022-10-11T17:00,22.5,13.7,321.0,14.6,15.8,38.0
2022-10-11T18:00,22.5,13.8,339.0,14.1,17.2,38.0
2022-10-11T19:00,22.2,13.6,322.0,13.8,16.9,38.0
2022-10-11T20:00,21.5,13.2,288.0,13.4,15.9,38.0
2022-10-11T21:00,22.2,13.7,258.0,13.2,15.6,38.0
2022-10-11T22:00,24.6,15.4,267.0,13.2,17.5,38.0
2022-10-11T23:00,26.9,16.9,291.0,13.4,20.2,38.0
2022-10-12T00:00,24.2,15.5,282.0,19.9,22.5,31.0
2022-10-12T01:00,24.1,15.7,278.0,20.6,27.5,32.0
2022-10-12T02:00,22.1,14.1,273.0,21.6,,33.0
2022-10-12T03:00,23.3,14.9,264.0,21.8,,39.0
2022-10-12T04:00,26.0,16.6,257.0,19.9,,49.0
2022-10-12T05:00,31.0,19.8,250.0,17.0,,62.0
2022-10-12T06:00,34.5,22.0,239.0,13.8,,79.0
2022-10-12T07:00,35.7,22.8,228.0,11.9,31.2,90.0
2022-10-12T08:00,36.7,23.2,215.0,10.6,26.1,100.0
2022-10-12T09:00,36.7,23.1,206.0,11.0,21.0,107.0
2022-10-12T10:00,36.1,22.4,206.0,14.6,20.2,105.0
2022-10-12T11:00,35.9,22.1,210.0,20.0,20.9,98.0
2022-10-12T12:00,48.1,29.7,280.0,28.7,24.0,107.0
2022-10-12T13:00,48.8,29.8,346.0,29.2,24.7,103.0
2022-10-12T14:00,47.0,28.5,438.0,29.9,25.6,98.0
2022-10-12T15:00,48.7,29.7,,30.2,25.4,91.0
2022-10-12T16:00,48.4,29.7,,29.5,22.5,86.0
2022-10-12T17:00,44.5,27.1,427.0,28.4,18.0,81.0
2022-10-12T18:00,35.3,21.1,342.0,26.5,14.1,75.0
2022-10-12T19:00,31.8,19.2,296.0,24.5,13.9,72.0
2022-10-12T20:00,29.8,18.0,253.0,22.2,15.3,71.0
2022-10-12T21:00,26.8,16.1,215.0,19.9,18.6,68.0
2022-10-12T22:00,26.4,16.2,209.0,18.9,21.9,65.0
2022-10-12T23:00,26.0,16.3,216.0,18.4,26.0,62.0
2022-10-13T00:00,24.9,16.5,314.0,29.6,,52.0
2022-10-13T01:00,26.5,17.6,313.0,27.8,,58.0
2022-10-13T02:00,27.1,17.9,312.0,25.1,,66.0
2022-10-13T03:00,27.2,17.9,303.0,21.2,,78.0
2022-10-13T04:00,28.5,18.6,286.0,18.0,,89.0
2022-10-13T05:00,31.5,20.7,263.0,14.4,31.2,102.0
2022-10-13T06:00,33.2,21.7,235.0,10.6,28.1,115.0
2022-10-13T07:00,35.2,23.1,219.0,8.7,25.0,119.0
2022-10-13T08:00,33.9,22.2,205.0,7.6,21.5,119.0
2022-10-13T09:00,30.7,20.0,196.0,8.2,17.6,115.0
2022-10-13T10:00,27.9,18.0,193.0,11.4,15.6,106.0
2022-10-13T11:00,24.7,15.8,194.0,16.4,14.1,93.0
2022-10-13T12:00,27.6,17.9,229.0,25.9,18.8,105.0
2022-10-13T13:00,25.8,16.5,259.0,26.8,18.7,101.0
2022-10-13T14:00,26.4,16.8,303.0,28.0,18.6,94.0
2022-10-13T15:00,27.5,17.5,352.0,30.5,19.8,85.0
2022-10-13T16:00,27.9,17.9,372.0,,21.6,79.0
2022-10-13T17:00,29.7,19.3,384.0,,24.4,72.0
2022-10-13T18:00,29.3,19.2,396.0,,30.5,64.0
2022-10-13T19:00,30.2,20.0,404.0,,,58.0
2022-10-13T20:00,31.5,21.1,409.0,,,52.0
2022-10-13T21:00,34.6,23.3,416.0,,,46.0
2022-10-13T22:00,36.9,25.0,423.0,,,44.0
2022-10-13T23:00,38.1,26.0,431.0,,,43.0
2022-10-14T00:00,40.4,27.7,468.0,,,44.0
2022-10-14T01:00,39.6,27.3,459.0,,,49.0
2022-10-14T02:00,36.4,25.1,447.0,,,56.0
2022-10-14T03:00,33.9,23.3,416.0,,,67.0
2022-10-14T04:00,32.1,22.1,375.0,,,77.0
2022-10-14T05:00,30.3,20.8,323.0,26.2,,88.0
2022-10-14T06:00,28.8,19.6,262.0,17.6,,100.0
2022-10-14T07:00,27.6,18.7,231.0,13.9,,105.0
2022-10-14T08:00,27.9,18.7,207.0,11.5,29.3,107.0
2022-10-14T09:00,25.2,16.9,186.0,10.8,24.3,104.0
2022-10-14T10:00,23.9,15.9,176.0,13.3,21.2,95.0
2022-10-14T11:00,20.8,13.7,173.0,17.7,18.7,81.0
2022-10-14T12:00,18.5,11.6,174.0,20.3,16.8,69.0
2022-10-14T13:00,16.4,10.1,200.0,19.7,16.0,65.0
2022-10-14T14:00,15.4,9.3,237.0,18.9,15.1,58.0
2022-10-14T15:00,15.9,9.6,277.0,17.8,14.1,52.0
2022-10-14T16:00,17.4,10.5,288.0,16.5,13.2,52.0
2022-10-14T17:00,18.6,11.3,289.0,15.1,12.6,54.0
2022-10-14T18:00,17.3,10.5,288.0,15.6,13.6,54.0
2022-10-14T19:00,16.8,10.3,285.0,19.3,17.2,50.0
2022-10-14T20:00,17.9,11.1,280.0,24.9,22.5,45.0
2022-10-14T21:00,19.4,12.3,279.0,,29.4,38.0
2022-10-14T22:00,20.4,13.2,290.0,,,32.0
2022-10-14T23:00,20.4,13.5,307.0,,,26.0
2022-10-15T00:00,17.9,12.0,244.0,28.4,,37.0
2022-10-15T01:00,19.2,13.0,262.0,29.2,,38.0
2022-10-15T02:00,21.1,14.5,287.0,30.5,,41.0
2022-10-15T03:00,21.6,14.9,304.0,29.8,,49.0
2022-10-15T04:00,22.2,15.3,288.0,25.8,,63.0
2022-10-15T05:00,25.4,17.4,258.0,19.9,,81.0
2022-10-15T06:00,28.6,19.4,220.0,13.1,,100.0
2022-10-15T07:00,30.3,20.2,200.0,9.9,27.3,108.0
2022-10-15T08:00,29.3,19.2,183.0,7.4,20.4,112.0
2022-10-15T09:00,26.8,17.2,173.0,6.9,13.8,111.0
2022-10-15T10:00,25.9,16.4,173.0,10.2,12.1,104.0
2022-10-15T11:00,23.4,14.4,179.0,15.6,12.4,92.0
2022-10-15T12:00,21.9,13.4,224.0,21.1,14.2,79.0
2022-10-15T13:00,23.1,14.2,318.0,21.8,17.1,75.0
2022-10-15T14:00,25.9,16.1,445.0,20.9,21.0,74.0
2022-10-15T15:00,29.5,18.6,,19.5,24.2,72.0
2022-10-15T16:00,26.5,16.5,,18.7,23.0,70.0
2022-10-15T17:00,22.2,13.7,420.0,17.9,20.1,69.0
2022-10-15T18:00,20.4,12.5,313.0,17.9,17.1,65.0
2022-10-15T19:00,20.1,12.2,284.0,19.7,17.0,60.0
2022-10-15T20:00,19.3,11.9,274.0,22.5,17.9,53.0
2022-10-15T21:00,19.2,12.0,265.0,24.8,20.0,47.0
2022-10-15T22:00,17.8,11.2,255.0,24.1,22.2,46.0
2022-10-15T23:00,16.5,10.4,248.0,22.2,25.2,46.0
2022-10-16T00:00,21.7,13.5,278.0,27.1,25.5,44.0
2022-10-16T01:00,22.2,13.9,277.0,26.8,30.1,45.0
2022-10-16T02:00,21.9,13.8,275.0,26.4,,45.0
2022-10-16T03:00,20.4,12.9,262.0,24.1,,49.0
2022-10-16T04:00,19.8,12.6,236.0,20.1,,56.0
2022-10-16T05:00,20.6,13.2,200.0,14.7,31.4,66.0
2022-10-16T06:00,22.3,14.4,161.0,9.1,23.0,74.0
2022-10-16T07:00,21.9,14.2,145.0,7.6,19.0,74.0
2022-10-16T08:00,19.5,12.6,135.0,7.4,15.7,70.0
2022-10-16T09:00,17.4,11.2,131.0,8.1,12.6,63.0
2022-10-16T10:00,15.0,9.6,131.0,9.4,11.5,58.0
2022-10-16T11:00,12.4,7.8,135.0,11.2,11.4,51.0
2022-10-16T12:00,13.8,8.5,152.0,14.1,13.4,46.0
2022-10-16T13:00,13.7,8.5,193.0,13.6,13.6,45.0
2022-10-16T14:00,14.7,9.1,251.0,12.8,13.8,44.0
2022-10-16T15:00,15.5,9.7,312.0,11.9,14.1,42.0
2022-10-16T16:00,16.1,10.1,329.0,11.6,14.6,41.0
2022-10-16T17:00,17.3,10.9,333.0,11.5,15.1,41.0
2022-10-16T18:00,17.0,10.7,320.0,11.8,15.7,41.0
2022-10-16T19:00,17.1,10.7,292.0,12.6,16.0,41.0
2022-10-16T20:00,14.9,9.3,252.0,13.8,16.4,41.0
2022-10-16T21:00,13.7,8.5,208.0,14.9,17.4,41.0
2022-10-16T22:00,12.4,7.7,193.0,15.1,18.8,41.0
2022-10-16T23:00,11.2,7.0,186.0,14.9,20.7,41.0
2022-10-17T00:00,14.6,9.3,233.0,22.1,30.1,34.0
2022-10-17T01:00,15.0,9.6,234.0,20.3,30.5,36.0
2022-10-17T02:00,15.3,9.7,234.0,17.7,31.0,38.0
2022-10-17T03:00,15.7,9.9,230.0,14.8,31.2,42.0
2022-10-17T04:00,17.5,11.2,221.0,13.5,31.0,46.0
2022-10-17T05:00,19.8,12.9,207.0,12.7,30.4,50.0
2022-10-17T06:00,23.1,15.3,189.0,11.9,28.3,55.0
2022-10-17T07:00,25.0,16.5,174.0,11.0,24.8,56.0
2022-10-17T08:00,23.5,15.5,157.0,10.1,20.2,57.0
2022-10-17T09:00,22.2,14.6,145.0,10.0,16.1,55.0
2022-10-17T10:00,19.5,12.8,147.0,11.2,16.1,51.0
2022-10-17T11:00,17.9,11.7,155.0,13.3,17.6,46.0
2022-10-17T12:00,19.6,12.7,208.0,20.1,,53.0
2022-10-17T13:00,18.9,12.1,203.0,19.8,,51.0
2022-10-17T14:00,20.1,13.0,195.0,19.3,,47.0
2022-10-17T15:00,18.3,11.8,185.0,18.7,,43.0
2022-10-17T16:00,16.8,10.8,177.0,18.4,,41.0
2022-10-17T17:00,15.5,10.0,170.0,18.1,32.0,38.0
2022-10-17T18:00,15.3,9.9,168.0,18.0,31.3,36.0
2022-10-17T19:00,15.5,10.0,176.0,18.0,32.7,35.0
2022-10-17T20:00,16.5,10.8,190.0,18.0,,34.0
2022-10-17T21:00,21.0,13.9,214.0,18.6,,33.0
2022-10-17T22:00,23.3,15.7,240.0,20.1,,31.0
2022-10-17T23:00,26.6,18.0,272.0,22.1,,30.0
2022-10-18T00:00,47.3,32.4,434.0,,,8.0
2022-10-18T01:00,49.1,33.5,416.0,,,15.0
2022-10-18T02:00,46.9,31.9,389.0,,,25.0
2022-10-18T03:00,38.1,25.5,344.0,25.2,,39.0
2022-10-18T04:00,29.2,19.3,299.0,19.3,,49.0
2022-10-18T05:00,27.9,18.2,246.0,14.5,,58.0
2022-10-18T06:00,28.1,18.2,192.0,10.4,,65.0
2022-10-18T07:00,29.4,18.9,176.0,9.9,31.7,62.0
2022-10-18T08:00,26.1,16.6,172.0,11.1,32.0,55.0
2022-10-18T09:00,20.6,13.0,173.0,12.7,32.0,47.0
2022-10-18T10:00,17.8,11.1,174.0,12.6,30.0,46.0
2022-10-18T11:00,16.5,10.0,177.0,12.1,27.4,46.0
2022-10-18T12:00,15.8,9.5,182.0,12.6,25.6,47.0
2022-10-18T13:00,17.2,10.2,183.0,14.4,27.0,47.0
2022-10-18T14:00,17.9,10.9,184.0,17.1,29.8,47.0
2022-10-18T15:00,17.5,10.8,193.0,21.0,,46.0
2022-10-18T16:00,18.5,11.6,212.0,24.2,,43.0
2022-10-18T17:00,22.1,14.3,238.0,27.8,,39.0
2022-10-18T18:00,25.7,16.9,267.0,31.0,,35.0
2022-10-18T19:00,28.5,18.9,280.0,,,34.0
2022-10-18T20:00,28.8,19.1,288.0,31.0,,34.0
2022-10-18T21:00,29.0,19.3,291.0,29.0,,38.0
2022-10-18T22:00,27.1,17.9,285.0,26.3,,44.0
2022-10-18T23:00,24.0,15.8,272.0,22.8,31.9,53.0
2022-10-19T00:00,22.1,14.5,254.0,18.4,24.8,64.0
2022-10-19T01:00,22.4,14.7,239.0,15.9,20.9,71.0
2022-10-19T02:00,20.4,13.2,223.0,13.6,17.6,78.0
2022-10-19T03:00,19.8,12.8,211.0,11.2,15.6,88.0
2022-10-19T04:00,21.2,13.6,215.0,9.9,17.0,99.0
2022-10-19T05:00,26.3,17.0,226.0,8.9,20.0,112.0
2022-10-19T06:00,29.6,19.3,244.0,8.8,24.4,125.0
2022-10-19T07:00,34.3,22.6,256.0,10.0,27.3,129.0
2022-10-19T08:00,32.9,21.6,270.0,12.0,30.3,129.0
2022-10-19T09:00,31.1,20.3,288.0,14.5,32.7,128.0
2022-10-19T10:00,28.1,18.2,303.0,15.9,32.4,126.0
2022-10-19T11:00,28.3,18.0,319.0,17.1,30.9,124.0
2022-10-19T12:00,29.1,18.3,333.0,17.6,28.0,121.0
2022-10-19T13:00,32.8,20.4,336.0,16.5,25.3,121.0
2022-10-19T14:00,34.8,21.5,335.0,14.4,22.0,122.0
2022-10-19T15:00,34.6,21.1,328.0,11.9,18.2,122.0
2022-10-19T16:00,33.2,20.1,319.0,10.9,16.9,120.0
2022-10-19T17:00,32.0,19.4,306.0,10.4,16.1,117.0
2022-10-19T18:00,31.1,19.1,293.0,9.9,15.3,114.0
2022-10-19T19:00,28.2,17.3,290.0,9.8,14.6,112.0
2022-10-19T20:00,25.7,15.9,291.0,10.0,14.1,110.0
2022-10-19T21:00,27.4,17.2,289.0,9.9,13.1,108.0
2022-10-19T22:00,28.6,18.2,282.0,9.2,12.2,108.0
2022-10-19T23:00,25.9,16.4,271.0,8.3,11.3,108.0
2022-10-20T00:00,32.1,18.6,259.0,8.5,13.9,99.0
2022-10-20T01:00,28.9,16.8,249.0,8.4,13.0,96.0
2022-10-20T02:00,25.8,15.0,234.0,8.3,11.8,92.0
2022-10-20T03:00,24.2,14.2,220.0,8.2,11.7,88.0
2022-10-20T04:00,23.7,14.2,218.0,8.1,13.8,88.0
2022-10-20T05:00,24.2,14.8,221.0,8.1,17.1,90.0
2022-10-20T06:00,24.9,15.4,227.0,8.5,21.8,90.0
2022-10-20T07:00,25.1,15.7,234.0,9.6,25.4,86.0
2022-10-20T08:00,24.6,15.2,244.0,11.0,29.1,80.0
2022-10-20T09:00,22.5,13.6,252.0,12.6,32.0,72.0
2022-10-20T10:00,20.3,12.1,251.0,13.2,31.4,67.0
2022-10-20T11:00,17.8,10.2,247.0,13.6,29.1,63.0
2022-10-20T12:00,18.3,10.3,235.0,12.9,23.2,59.0
2022-10-20T13:00,18.0,10.1,231.0,11.9,20.5,59.0
2022-10-20T14:00,18.3,10.2,226.0,10.2,16.7,59.0
2022-10-20T15:00,18.9,10.7,220.0,8.6,12.6,60.0
2022-10-20T16:00,20.4,11.7,217.0,7.9,11.1,61.0
2022-10-20T17:00,20.1,11.6,215.0,7.5,10.5,61.0
2022-10-20T18:00,19.3,10.9,215.0,7.7,10.7,62.0
2022-10-20T19:00,20.8,11.8,218.0,8.6,12.1,62.0
2022-10-20T20:00,22.5,12.9,224.0,10.1,14.2,61.0
2022-10-20T21:00,21.8,12.8,227.0,11.3,16.0,61.0
2022-10-20T22:00,19.4,11.1,223.0,11.1,15.5,62.0
2022-10-20T23:00,18.1,10.3,217.0,10.1,14.0,64.0
2022-10-21T00:00,14.5,8.2,194.0,6.7,8.8,70.0
2022-10-21T01:00,14.6,8.5,193.0,6.1,8.2,72.0
2022-10-21T02:00,12.9,7.3,191.0,5.2,7.4,75.0
2022-10-21T03:00,15.1,8.7,193.0,4.6,7.8,80.0
2022-10-21T04:00,18.3,10.5,199.0,4.8,9.7,84.0
2022-10-21T05:00,21.0,12.2,209.0,5.3,12.6,89.0
2022-10-21T06:00,25.0,15.0,226.0,6.9,18.4,94.0
2022-10-21T07:00,26.2,15.8,247.0,9.4,26.0,94.0
2022-10-21T08:00,25.6,15.4,273.0,12.5,,93.0
2022-10-21T09:00,25.3,15.0,294.0,15.6,,91.0
2022-10-21T10:00,24.3,14.2,288.0,16.0,,90.0
2022-10-21T11:00,23.5,13.4,270.0,15.4,32.3,88.0
2022-10-21T12:00,31.9,18.6,299.0,14.9,24.1,107.0
2022-10-21T13:00,38.1,22.2,302.0,14.2,22.7,109.0
2022-10-21T14:00,45.1,26.5,306.0,13.2,20.6,111.0
2022-10-21T15:00,51.2,30.4,310.0,11.9,18.1,115.0
2022-10-21T16:00,55.5,33.1,309.0,11.0,16.8,118.0
2022-10-21T17:00,58.6,34.9,306.0,10.1,15.6,121.0
2022-10-21T18:00,61.2,36.3,303.0,8.7,14.2,126.0
2022-10-21T19:00,59.8,35.5,302.0,7.5,12.9,130.0
2022-10-21T20:00,57.7,34.2,303.0,6.2,11.6,135.0
2022-10-21T21:00,55.4,33.1,305.0,5.2,10.6,139.0
2022-10-21T22:00,51.3,30.9,310.0,5.2,10.8,139.0
2022-10-21T23:00,45.9,27.9,318.0,5.8,11.6,138.0
2022-10-22T00:00,56.3,34.5,341.0,7.2,14.9,143.0
2022-10-22T01:00,54.6,33.5,343.0,7.0,13.7,144.0
2022-10-22T02:00,51.2,31.4,345.0,6.7,12.1,145.0
2022-10-22T03:00,50.4,31.0,346.0,6.3,11.1,146.0
2022-10-22T04:00,45.1,27.8,346.0,6.2,12.1,146.0
2022-10-22T05:00,40.9,25.2,344.0,6.3,14.1,145.0
2022-10-22T06:00,39.3,24.3,339.0,6.8,17.2,142.0
2022-10-22T07:00,38.4,23.6,329.0,8.0,19.9,135.0
2022-10-22T08:00,40.0,24.3,315.0,9.6,23.0,126.0
2022-10-22T09:00,39.6,23.7,304.0,11.6,25.6,117.0
2022-10-22T10:00,38.1,22.6,308.0,12.8,25.7,114.0
2022-10-22T11:00,39.7,23.4,318.0,13.9,24.6,113.0
2022-10-22T12:00,54.0,30.7,368.0,18.4,10.5,122.0
2022-10-22T13:00,58.9,33.3,390.0,20.9,11.4,122.0
2022-10-22T14:00,62.4,35.3,421.0,24.5,12.7,121.0
2022-10-22T15:00,67.1,37.8,453.0,28.0,14.6,122.0
2022-10-22T16:00,71.2,40.2,462.0,28.4,16.0,125.0
2022-10-22T17:00,72.9,41.0,463.0,27.8,17.6,130.0
2022-10-22T18:00,71.9,40.6,460.0,25.7,19.4,136.0
2022-10-22T19:00,71.2,40.4,456.0,23.0,20.2,140.0
2022-10-22T20:00,70.5,40.3,449.0,19.6,20.8,144.0
2022-10-22T21:00,70.1,40.3,442.0,15.9,21.2,147.0
2022-10-22T22:00,68.7,39.8,438.0,14.3,21.3,147.0
2022-10-22T23:00,67.1,39.3,435.0,13.3,21.1,145.0
2022-10-23T00:00,52.7,33.9,449.0,13.1,23.4,125.0
2022-10-23T01:00,51.5,33.6,466.0,18.5,25.0,117.0
2022-10-23T02:00,51.7,34.2,,25.9,27.1,107.0
2022-10-23T03:00,49.0,32.8,,,29.0,102.0
2022-10-23T04:00,46.2,31.3,456.0,27.2,29.0,113.0
2022-10-23T05:00,43.9,29.9,396.0,19.2,28.3,131.0
2022-10-23T06:00,43.8,30.0,328.0,10.4,26.8,152.0
2022-10-23T07:00,43.9,30.2,299.0,7.4,25.0,161.0
2022-10-23T08:00,41.7,28.5,279.0,6.1,22.7,167.0
2022-10-23T09:00,41.9,28.6,282.0,8.5,21.0,167.0
2022-10-23T10:00,42.0,28.6,316.0,15.9,21.6,157.0
2022-10-23T11:00,45.9,31.1,370.0,26.8,23.3,141.0
2022-10-23T12:00,42.5,28.5,395.0,,20.9,119.0
2022-10-23T13:00,44.4,29.6,429.0,,21.8,117.0
2022-10-23T14:00,44.4,29.5,477.0,,23.0,115.0
2022-10-23T15:00,44.6,29.6,,,24.6,112.0
2022-10-23T16:00,43.9,29.2,,,25.8,110.0
2022-10-23T17:00,43.9,29.3,,,26.8,109.0
2022-10-23T18:00,43.7,29.3,,,27.5,107.0
2022-10-23T19:00,43.5,29.4,460.0,,26.9,105.0
2022-10-23T20:00,44.1,29.9,423.0,,25.6,103.0
2022-10-23T21:00,45.2,30.7,387.0,,24.6,99.0
2022-10-23T22:00,45.9,31.3,374.0,28.0,24.8,95.0
2022-10-23T23:00,48.1,32.9,370.0,24.3,25.5,90.0
2022-10-24T00:00,66.1,46.0,,,,23.0
2022-10-24T01:00,65.0,45.2,,,,26.0
2022-10-24T02:00,66.4,46.2,,,,31.0
2022-10-24T03:00,64.7,44.9,,,,45.0
2022-10-24T04:00,63.1,43.7,,,,67.0
2022-10-24T05:00,59.6,41.1,,,,97.0
2022-10-24T06:00,52.7,36.1,376.0,27.6,,130.0
2022-10-24T07:00,47.3,32.2,310.0,19.5,,147.0
2022-10-24T08:00,40.7,27.8,258.0,12.4,30.7,159.0
2022-10-24T09:00,38.3,26.1,239.0,8.9,23.0,164.0
2022-10-24T10:00,36.7,25.0,270.0,14.2,22.5,155.0
2022-10-24T11:00,38.6,26.5,335.0,24.1,24.8,137.0
2022-10-24T12:00,51.8,35.6,476.0,,32.5,127.0
2022-10-24T13:00,53.9,37.0,,,32.2,124.0
2022-10-24T14:00,51.5,35.3,,,31.9,121.0
2022-10-24T15:00,50.5,34.7,,,32.0,116.0
2022-10-24T16:00,51.6,35.4,,,,114.0
2022-10-24T17:00,53.3,36.6,,,,111.0
2022-10-24T18:00,54.8,37.6,,,,109.0
2022-10-24T19:00,57.0,39.1,,31.0,,109.0
2022-10-24T20:00,60.8,41.7,,27.8,,110.0
2022-10-24T21:00,61.9,42.5,,30.1,,104.0
2022-10-24T22:00,59.6,40.9,,,,88.0
2022-10-24T23:00,60.8,41.8,,,,66.0
2022-10-25T00:00,,,,,,0.0
2022-10-25T01:00,,,,,,3.0
2022-10-25T02:00,,,,,,9.0
2022-10-25T03:00,,,,,,25.0
2022-10-25T04:00,,,,,,50.0
2022-10-25T05:00,80.1,55.5,,,,82.0
2022-10-25T06:00,71.5,49.4,,,,121.0
2022-10-25T07:00,61.2,42.3,482.0,,,144.0
2022-10-25T08:00,61.7,42.4,419.0,,,163.0
2022-10-25T09:00,60.5,41.3,375.0,21.0,,176.0
2022-10-25T10:00,58.1,39.3,375.0,22.8,,170.0
2022-10-25T11:00,59.0,39.5,402.0,30.0,,155.0
2022-10-25T12:00,64.5,44.4,,,,153.0
2022-10-25T13:00,67.1,45.8,,,,152.0
2022-10-25T14:00,67.5,45.6,,,,151.0
2022-10-25T15:00,67.5,45.1,,,,148.0
2022-10-25T16:00,67.8,44.6,,,,145.0
2022-10-25T17:00,67.3,43.7,,,,141.0
2022-10-25T18:00,65.9,42.1,,,30.5,136.0
2022-10-25T19:00,64.3,40.7,458.0,,28.6,133.0
2022-10-25T20:00,63.8,40.2,429.0,,27.6,129.0
2022-10-25T21:00,65.0,40.9,414.0,,28.0,125.0
2022-10-25T22:00,67.1,42.3,439.0,,30.6,122.0
2022-10-25T23:00,69.4,44.1,,30.2,,119.0
2022-10-26T00:00,63.3,41.2,465.0,28.6,28.8,112.0
2022-10-26T01:00,62.6,40.9,466.0,29.5,28.0,111.0
2022-10-26T02:00,61.7,40.4,466.0,30.7,26.8,111.0
2022-10-26T03:00,58.4,37.8,443.0,29.4,24.9,115.0
2022-10-26T04:00,52.5,34.0,391.0,23.8,23.1,126.0
2022-10-26T05:00,48.2,31.5,320.0,15.6,21.2,142.0
2022-10-26T06:00,47.5,31.2,245.0,7.2,18.8,157.0
2022-10-26T07:00,46.4,30.5,219.0,4.6,17.1,160.0
2022-10-26T08:00,44.4,28.8,209.0,3.9,15.6,159.0
2022-10-26T09:00,41.3,26.5,216.0,6.2,14.4,151.0
2022-10-26T10:00,38.3,24.3,238.0,11.9,14.4,138.0
2022-10-26T11:00,38.1,24.0,274.0,20.2,15.1,121.0
2022-10-26T12:00,36.1,23.0,309.0,29.5,14.9,109.0
2022-10-26T13:00,34.2,21.5,319.0,29.2,14.5,107.0
2022-10-26T14:00,32.6,20.2,333.0,28.8,13.9,104.0
2022-10-26T15:00,32.5,19.9,347.0,28.1,13.4,100.0
2022-10-26T16:00,33.2,20.1,350.0,27.7,13.4,99.0
2022-10-26T17:00,34.2,20.6,348.0,27.1,13.8,98.0
2022-10-26T18:00,34.9,21.0,341.0,26.4,14.2,97.0
2022-10-26T19:00,36.1,21.7,330.0,25.8,14.6,96.0
2022-10-26T20:00,37.8,22.8,316.0,25.0,15.0,94.0
2022-10-26T21:00,39.0,23.5,300.0,23.9,15.2,92.0
2022-10-26T22:00,39.8,24.0,294.0,22.7,14.8,91.0
2022-10-26T23:00,41.1,24.8,290.0,21.3,14.1,90.0
2022-10-27T00:00,40.9,25.0,314.0,21.0,15.2,94.0
2022-10-27T01:00,42.6,26.0,331.0,22.0,14.9,94.0
2022-10-27T02:00,46.0,28.2,354.0,23.2,14.4,93.0
2022-10-27T03:00,42.6,26.1,361.0,22.6,13.4,94.0
2022-10-27T04:00,40.0,24.1,326.0,18.5,12.2,98.0
2022-10-27T05:00,37.6,22.2,270.0,12.3,10.9,103.0
2022-10-27T06:00,38.0,22.5,209.0,5.9,9.3,108.0
2022-10-27T07:00,37.5,22.2,192.0,4.2,8.6,107.0
2022-10-27T08:00,35.4,20.8,187.0,4.0,8.1,105.0
2022-10-27T09:00,31.9,18.6,191.0,5.8,7.9,99.0
2022-10-27T10:00,29.9,17.3,202.0,9.4,8.3,93.0
2022-10-27T11:00,27.4,15.8,219.0,14.8,9.1,85.0
2022-10-27T12:00,23.5,13.2,232.0,20.1,9.0,79.0
2022-10-27T13:00,25.4,14.3,241.0,20.5,9.1,79.0
2022-10-27T14:00,26.6,14.9,254.0,21.1,9.1,80.0
2022-10-27T15:00,26.4,14.7,268.0,21.6,9.2,80.0
2022-10-27T16:00,27.5,15.3,274.0,21.9,9.6,80.0
2022-10-27T17:00,28.9,16.1,277.0,22.0,10.1,80.0
2022-10-27T18:00,29.0,16.4,275.0,21.0,10.5,80.0
2022-10-27T19:00,26.8,15.3,263.0,18.5,10.1,82.0
2022-10-27T20:00,25.5,14.6,246.0,14.9,9.4,85.0
2022-10-27T21:00,25.3,14.6,229.0,11.4,8.9,87.0
2022-10-27T22:00,25.9,15.0,229.0,11.0,8.9,86.0
2022-10-27T23:00,25.3,14.9,235.0,11.6,9.4,84.0
2022-10-28T00:00,26.3,15.9,268.0,16.8,12.7,77.0
2022-10-28T01:00,23.6,14.2,259.0,15.3,12.1,79.0
2022-10-28T02:00,21.0,12.4,246.0,13.2,11.1,81.0
2022-10-28T03:00,21.0,12.4,230.0,10.4,9.9,85.0
2022-10-28T04:00,24.2,14.3,221.0,8.4,9.1,88.0
2022-10-28T05:00,25.4,15.2,212.0,6.3,8.4,91.0
2022-10-28T06:00,28.6,17.2,203.0,4.5,7.7,93.0
2022-10-28T07:00,32.1,19.3,198.0,3.9,7.5,92.0
2022-10-28T08:00,32.7,19.6,194.0,3.9,7.7,91.0
2022-10-28T09:00,32.1,18.8,193.0,5.3,7.9,86.0
2022-10-28T10:00,30.6,17.5,195.0,8.2,8.2,80.0
2022-10-28T11:00,28.8,16.2,201.0,12.2,8.6,72.0
2022-10-28T12:00,27.7,15.7,211.0,16.0,8.1,67.0
2022-10-28T13:00,28.8,16.2,222.0,16.6,8.3,67.0
2022-10-28T14:00,29.8,16.6,237.0,17.5,8.6,67.0
2022-10-28T15:00,30.9,17.1,254.0,18.6,9.2,69.0
2022-10-28T16:00,34.0,18.7,261.0,19.0,9.8,72.0
2022-10-28T17:00,36.3,19.8,265.0,19.4,10.4,76.0
2022-10-28T18:00,39.0,21.3,271.0,19.6,11.9,82.0
2022-10-28T19:00,41.2,22.5,281.0,19.9,14.0,85.0
2022-10-28T20:00,44.1,24.2,292.0,20.0,16.6,88.0
2022-10-28T21:00,47.4,26.4,301.0,19.8,18.5,92.0
2022-10-28T22:00,47.1,26.4,297.0,19.2,17.0,94.0
2022-10-28T23:00,44.0,24.3,287.0,18.5,14.1,96.0
2022-10-29T00:00,39.0,22.0,247.0,15.0,11.6,95.0
2022-10-29T01:00,38.1,21.4,260.0,17.9,15.4,94.0
2022-10-29T02:00,39.2,22.1,278.0,21.9,20.7,93.0
2022-10-29T03:00,41.7,23.3,288.0,24.0,24.7,96.0
2022-10-29T04:00,45.3,25.2,272.0,20.0,22.4,105.0
2022-10-29T05:00,47.8,26.6,245.0,13.2,17.5,118.0
2022-10-29T06:00,49.0,27.5,216.0,6.1,11.9,130.0
2022-10-29T07:00,54.1,30.4,209.0,4.1,10.3,132.0
2022-10-29T08:00,56.0,30.9,209.0,3.7,9.8,131.0
2022-10-29T09:00,56.3,30.5,216.0,5.7,9.8,126.0
2022-10-29T10:00,55.4,29.6,227.0,10.1,9.9,120.0
2022-10-29T11:00,55.1,29.4,243.0,16.5,10.4,112.0
2022-10-29T12:00,50.1,26.8,263.0,21.9,13.4,107.0
2022-10-29T13:00,53.1,28.6,279.0,23.2,13.5,106.0
2022-10-29T14:00,55.3,30.0,303.0,25.1,13.6,105.0
2022-10-29T15:00,57.6,31.4,325.0,27.0,13.6,104.0
2022-10-29T16:00,60.5,33.2,327.0,27.2,13.6,105.0
2022-10-29T17:00,61.5,34.0,321.0,27.0,13.7,106.0
2022-10-29T18:00,62.9,34.9,310.0,25.2,13.7,109.0
2022-10-29T19:00,64.5,35.9,300.0,21.7,13.4,114.0
2022-10-29T20:00,65.9,36.8,289.0,17.0,13.1,121.0
2022-10-29T21:00,67.3,37.7,281.0,12.6,13.0,127.0
2022-10-29T22:00,68.5,38.5,286.0,12.4,13.6,127.0
2022-10-29T23:00,69.2,39.2,298.0,13.8,14.4,125.0
2022-10-30T00:00,69.2,39.3,287.0,11.3,13.6,133.0
2022-10-30T01:00,69.8,39.9,297.0,13.5,14.5,133.0
2022-10-30T02:00,71.5,40.9,312.0,16.6,15.9,133.0
2022-10-30T03:00,73.8,41.8,320.0,18.2,17.0,135.0
2022-10-30T04:00,74.3,42.1,309.0,15.3,16.7,140.0
2022-10-30T05:00,75.9,43.3,288.0,10.1,15.9,148.0
2022-10-30T06:00,77.1,44.4,265.0,4.8,14.7,154.0
2022-10-30T07:00,76.4,44.2,257.0,3.4,14.1,154.0
2022-10-30T08:00,75.7,44.0,253.0,3.2,13.6,151.0
2022-10-30T09:00,75.0,43.4,254.0,5.1,12.9,144.0
2022-10-30T10:00,74.5,43.0,259.0,8.8,12.5,136.0
2022-10-30T11:00,74.5,43.0,268.0,14.0,12.1,125.0
2022-10-30T12:00,70.5,41.1,291.0,22.0,12.3,114.0
2022-10-30T13:00,71.5,41.4,298.0,21.4,12.5,115.0
2022-10-30T14:00,73.3,42.0,307.0,20.6,12.8,116.0
2022-10-30T15:00,75.0,42.7,318.0,19.9,13.1,118.0
2022-10-30T16:00,76.1,43.4,323.0,20.0,13.5,119.0
2022-10-30T17:00,76.1,43.7,327.0,20.6,14.0,120.0
2022-10-30T18:00,76.4,43.9,328.0,20.0,14.0,122.0
2022-10-30T19:00,75.7,43.5,324.0,17.5,13.0,126.0
2022-10-30T20:00,75.9,43.8,316.0,13.9,11.5,131.0
2022-10-30T21:00,76.4,44.5,305.0,9.8,9.8,137.0
2022-10-30T22:00,73.8,43.3,295.0,7.9,8.9,139.0
2022-10-30T23:00,68.2,40.3,283.0,6.6,8.4,140.0
2022-10-31T00:00,72.9,42.7,314.0,11.4,9.8,131.0
2022-10-31T01:00,70.5,41.7,338.0,15.1,10.6,126.0
2022-10-31T02:00,70.8,41.8,372.0,20.2,11.7,120.0
2022-10-31T03:00,72.6,42.7,395.0,23.5,12.6,116.0
2022-10-31T04:00,73.3,43.0,374.0,19.5,12.4,123.0
2022-10-31T05:00,75.9,44.6,334.0,12.4,11.6,135.0
2022-10-31T06:00,80.1,46.9,295.0,6.2,10.6,144.0
2022-10-31T07:00,80.6,47.6,296.0,7.8,10.1,140.0
2022-10-31T08:00,74.0,44.2,310.0,12.4,9.5,131.0
2022-10-31T09:00,63.8,38.8,325.0,18.5,8.8,118.0
2022-10-31T10:00,54.0,33.1,325.0,21.5,8.2,111.0
2022-10-31T11:00,43.8,26.8,322.0,24.4,7.7,104.0
2022-10-31T12:00,47.5,31.7,306.0,23.5,12.6,106.0
2022-10-31T13:00,44.8,29.7,295.0,22.0,12.4,103.0
2022-10-31T14:00,41.2,27.1,280.0,19.9,12.1,99.0
2022-10-31T15:00,38.0,24.6,260.0,17.1,11.9,94.0
2022-10-31T16:00,37.0,23.9,246.0,15.6,11.7,92.0
2022-10-31T17:00,35.9,23.1,231.0,14.2,11.6,90.0
2022-10-31T18:00,34.6,22.1,218.0,12.3,11.1,90.0
2022-10-31T19:00,31.9,20.4,216.0,10.3,10.2,92.0
2022-10-31T20:00,30.7,19.5,219.0,8.1,9.1,94.0
2022-10-31T21:00,29.9,18.9,224.0,6.1,7.8,96.0
2022-10-31T22:00,28.1,17.6,225.0,5.7,7.1,95.0
2022-10-31T23:00,24.7,15.6,226.0,5.9,6.6,92.0
2022-11-01T00:00,20.6,13.2,221.0,7.8,6.4,82.0
2022-11-01T01:00,21.2,13.6,235.0,10.6,7.2,77.0
2022-11-01T02:00,23.1,14.8,254.0,14.6,8.2,71.0
2022-11-01T03:00,23.3,15.1,274.0,18.5,9.5,64.0
2022-11-01T04:00,24.7,16.2,278.0,18.7,10.1,63.0
2022-11-01T05:00,27.2,17.8,278.0,17.5,10.7,64.0
2022-11-01T06:00,30.4,20.0,276.0,16.2,11.4,66.0
2022-11-01T07:00,33.2,21.8,276.0,16.4,11.9,67.0
2022-11-01T08:00,32.0,20.9,275.0,16.9,12.3,69.0
2022-11-01T09:00,30.2,19.7,277.0,17.9,12.5,70.0
2022-11-01T10:00,25.8,16.7,279.0,18.5,11.9,69.0
2022-11-01T11:00,22.3,14.3,281.0,19.4,10.9,66.0
2022-11-01T12:00,35.2,24.2,369.0,,17.2,50.0
2022-11-01T13:00,32.1,21.8,354.0,,15.0,53.0
2022-11-01T14:00,27.9,18.5,333.0,27.4,11.9,56.0
2022-11-01T15:00,23.1,15.0,305.0,21.2,8.5,60.0
2022-11-01T16:00,23.0,15.0,287.0,19.3,7.6,60.0
2022-11-01T17:00,23.4,15.0,269.0,18.5,7.3,60.0
2022-11-01T18:00,21.4,13.4,249.0,17.4,7.2,59.0
2022-11-01T19:00,20.1,12.5,237.0,15.4,6.8,59.0
2022-11-01T20:00,19.9,12.2,228.0,13.0,6.5,60.0
2022-11-01T21:00,20.0,12.2,217.0,10.4,6.2,60.0
2022-11-01T22:00,19.6,11.8,206.0,9.1,6.0,60.0
2022-11-01T23:00,18.2,10.7,194.0,8.4,5.9,60.0
2022-11-02T00:00,21.5,13.8,244.0,9.4,9.6,56.0
2022-11-02T01:00,22.1,14.1,249.0,10.9,10.1,55.0
2022-11-02T02:00,22.7,14.4,255.0,13.1,10.6,53.0
2022-11-02T03:00,20.8,13.0,257.0,14.6,11.3,53.0
2022-11-02T04:00,20.2,12.6,247.0,13.6,11.9,56.0
2022-11-02T05:00,20.6,13.0,232.0,11.4,12.6,60.0
2022-11-02T06:00,21.7,13.9,216.0,9.4,12.8,65.0
2022-11-02T07:00,21.7,14.0,211.0,9.6,11.6,66.0
2022-11-02T08:00,19.0,12.2,210.0,10.5,9.9,65.0
2022-11-02T09:00,16.6,10.4,223.0,12.1,8.1,64.0
2022-11-02T10:00,15.9,9.8,246.0,13.6,8.0,63.0
2022-11-02T11:00,16.4,10.1,279.0,15.3,8.4,62.0
2022-11-02T12:00,15.5,9.6,293.0,20.4,7.8,70.0
2022-11-02T13:00,16.8,10.4,305.0,21.2,7.7,72.0
2022-11-02T14:00,18.3,11.2,321.0,22.5,7.5,76.0
2022-11-02T15:00,20.3,12.4,333.0,23.4,7.3,79.0
2022-11-02T16:00,21.2,13.0,326.0,23.2,7.2,79.0
2022-11-02T17:00,21.1,12.8,311.0,22.6,7.0,79.0
2022-11-02T18:00,19.9,12.0,287.0,20.4,6.8,78.0
2022-11-02T19:00,18.4,10.9,266.0,16.5,6.6,78.0
2022-11-02T20:00,16.4,9.6,243.0,11.4,6.2,79.0
2022-11-02T21:00,15.6,9.1,222.0,6.9,6.1,78.0
2022-11-02T22:00,16.1,9.4,222.0,7.1,6.2,75.0
2022-11-02T23:00,17.1,10.2,229.0,9.1,6.4,70.0
2022-11-03T00:00,16.7,10.3,256.0,13.4,8.9,64.0
2022-11-03T01:00,17.3,10.8,257.0,14.1,10.6,63.0
2022-11-03T02:00,16.2,10.0,259.0,15.0,12.9,62.0
2022-11-03T03:00,15.7,9.6,257.0,15.1,15.1,62.0
2022-11-03T04:00,17.8,10.9,248.0,13.4,15.4,66.0
2022-11-03T05:00,20.4,12.7,235.0,10.8,15.0,72.0
2022-11-03T06:00,22.4,14.1,220.0,8.1,13.9,77.0
2022-11-03T07:00,21.6,13.5,211.0,7.4,12.6,77.0
2022-11-03T08:00,23.0,14.2,204.0,7.5,10.8,76.0
2022-11-03T09:00,21.6,13.0,206.0,8.7,9.1,73.0
2022-11-03T10:00,21.0,12.4,217.0,11.1,8.6,70.0
2022-11-03T11:00,19.9,11.4,236.0,14.3,8.6,65.0
2022-11-03T12:00,18.3,10.6,272.0,18.6,10.8,62.0
2022-11-03T13:00,19.5,11.2,296.0,18.8,11.1,62.0
2022-11-03T14:00,20.3,11.7,330.0,19.0,11.4,61.0
2022-11-03T15:00,21.8,12.7,372.0,18.9,12.1,60.0
2022-11-03T16:00,24.4,14.4,401.0,18.5,12.6,59.0
2022-11-03T17:00,26.5,16.0,429.0,17.8,13.2,57.0
2022-11-03T18:00,26.0,15.8,440.0,16.8,13.4,55.0
2022-11-03T19:00,24.9,15.1,410.0,15.9,12.4,54.0
2022-11-03T20:00,23.9,14.4,359.0,15.1,10.6,54.0
2022-11-03T21:00,21.8,13.1,301.0,14.1,9.1,54.0
2022-11-03T22:00,21.1,12.7,282.0,13.9,8.9,53.0
2022-11-03T23:00,22.1,13.2,274.0,13.9,9.4,52.0
2022-11-04T00:00,26.4,16.9,407.0,16.6,17.2,51.0
2022-11-04T01:00,24.3,15.7,407.0,16.2,16.2,51.0
2022-11-04T02:00,23.5,15.2,408.0,15.8,14.8,50.0
2022-11-04T03:00,20.5,13.2,390.0,14.6,13.5,50.0
2022-11-04T04:00,18.0,11.4,349.0,13.1,13.8,51.0
2022-11-04T05:00,19.5,12.2,294.0,11.2,14.6,54.0
2022-11-04T06:00,21.8,13.6,235.0,9.4,14.9,56.0
2022-11-04T07:00,23.6,14.7,217.0,8.9,13.4,57.0
2022-11-04T08:00,25.1,15.4,212.0,9.1,11.1,57.0
2022-11-04T09:00,24.7,14.9,215.0,9.8,8.8,56.0
2022-11-04T10:00,22.3,13.1,215.0,10.9,8.4,54.0
2022-11-04T11:00,21.0,12.1,218.0,12.6,8.6,52.0
2022-11-04T12:00,19.6,11.6,256.0,14.4,10.1,48.0
2022-11-04T13:00,20.3,11.9,288.0,14.1,10.4,48.0
2022-11-04T14:00,21.0,12.1,333.0,13.6,10.9,48.0
2022-11-04T15:00,22.5,13.1,382.0,13.1,11.5,49.0
2022-11-04T16:00,24.1,14.0,398.0,12.7,12.1,50.0
2022-11-04T17:00,25.0,14.6,404.0,12.4,12.9,51.0
2022-11-04T18:00,26.0,15.1,400.0,12.1,13.6,53.0
2022-11-04T19:00,26.1,15.2,384.0,11.9,13.6,54.0
2022-11-04T20:00,26.3,15.3,359.0,11.9,13.2,55.0
2022-11-04T21:00,26.8,15.6,335.0,12.2,13.4,56.0
2022-11-04T22:00,27.5,16.1,337.0,12.6,14.8,57.0
2022-11-04T23:00,28.5,16.7,348.0,13.2,16.7,58.0
2022-11-05T00:00,31.2,18.5,358.0,14.1,17.5,57.0
2022-11-05T01:00,34.6,20.8,358.0,14.7,17.0,58.0
2022-11-05T02:00,32.5,19.5,358.0,15.6,16.2,60.0
2022-11-05T03:00,26.4,15.1,345.0,15.4,14.8,64.0
2022-11-05T04:00,23.1,12.8,314.0,12.9,12.9,68.0
2022-11-05T05:00,23.3,13.0,272.0,9.1,10.8,73.0
2022-11-05T06:00,24.9,14.0,232.0,5.2,8.6,79.0
2022-11-05T07:00,27.0,15.1,226.0,4.2,7.8,84.0
2022-11-05T08:00,29.6,16.5,233.0,4.1,7.6,88.0
2022-11-05T09:00,32.5,18.1,251.0,5.8,7.8,92.0
2022-11-05T10:00,36.6,20.6,270.0,9.5,8.3,92.0
2022-11-05T11:00,41.3,23.5,296.0,14.6,9.2,91.0
2022-11-05T12:00,36.3,20.2,325.0,18.8,10.4,84.0
2022-11-05T13:00,42.6,24.2,351.0,19.6,10.9,85.0
2022-11-05T14:00,48.9,28.0,387.0,20.9,11.5,86.0
2022-11-05T15:00,48.5,28.2,418.0,22.1,12.1,88.0
2022-11-05T16:00,49.7,28.8,411.0,22.6,12.4,90.0
2022-11-05T17:00,51.3,29.6,390.0,23.0,12.4,92.0
2022-11-05T18:00,54.1,31.0,365.0,22.4,12.6,96.0
2022-11-05T19:00,56.9,32.2,359.0,20.6,12.6,100.0
2022-11-05T20:00,59.4,33.4,358.0,18.1,12.8,103.0
2022-11-05T21:00,61.5,34.5,361.0,15.9,13.4,107.0
2022-11-05T22:00,63.3,35.5,368.0,16.4,14.4,107.0
2022-11-05T23:00,63.8,36.1,378.0,17.9,15.9,106.0
2022-11-06T00:00,65.9,37.1,393.0,20.0,17.2,104.0
2022-11-06T01:00,65.0,36.9,387.0,20.0,16.2,105.0
2022-11-06T02:00,63.8,36.3,377.0,20.0,14.8,107.0
2022-11-06T03:00,60.8,33.4,358.0,18.4,12.8,110.0
2022-11-06T04:00,59.1,32.2,333.0,14.6,11.3,115.0
2022-11-06T05:00,59.6,32.7,303.0,9.4,9.7,120.0
2022-11-06T06:00,60.5,33.5,270.0,4.3,8.1,125.0
2022-11-06T07:00,60.8,33.8,258.0,2.9,7.6,125.0
2022-11-06T08:00,60.3,33.5,252.0,2.8,7.5,122.0
2022-11-06T09:00,59.8,32.9,252.0,4.9,7.6,117.0
2022-11-06T10:00,59.5,32.6,256.0,9.1,7.7,111.0
2022-11-06T11:00,58.6,32.1,264.0,14.9,7.9,103.0
2022-11-06T12:00,56.1,30.6,302.0,21.1,9.1,95.0
2022-11-06T13:00,56.9,31.1,317.0,22.1,9.4,95.0
2022-11-06T14:00,52.6,29.0,337.0,23.5,9.8,94.0
2022-11-06T15:00,53.0,29.5,361.0,24.8,10.4,93.0
2022-11-06T16:00,49.8,28.1,373.0,25.0,10.9,91.0
2022-11-06T17:00,44.6,25.6,382.0,24.6,11.6,88.0
2022-11-06T18:00,39.6,22.9,381.0,23.6,12.1,86.0
2022-11-06T19:00,35.3,20.5,361.0,22.2,11.8,86.0
2022-11-06T20:00,32.6,19.0,331.0,20.3,11.1,86.0
2022-11-06T21:00,29.9,17.5,296.0,17.8,10.1,87.0
2022-11-06T22:00,28.2,16.5,283.0,15.8,9.2,87.0
2022-11-06T23:00,26.7,15.7,277.0,13.9,8.2,86.0
2022-11-07T00:00,42.0,24.4,292.0,11.3,9.4,101.0
2022-11-07T01:00,43.2,25.1,293.0,11.4,9.6,103.0
2022-11-07T02:00,44.6,25.3,294.0,11.7,9.8,106.0
2022-11-07T03:00,45.6,25.7,292.0,11.2,9.9,110.0
2022-11-07T04:00,47.7,26.9,286.0,9.5,9.4,114.0
2022-11-07T05:00,49.7,28.2,278.0,7.2,8.6,117.0
2022-11-07T06:00,50.4,28.7,270.0,4.8,7.8,120.0
2022-11-07T07:00,50.6,29.0,267.0,4.2,7.8,119.0
2022-11-07T08:00,51.6,29.6,265.0,4.2,7.9,116.0
2022-11-07T09:00,49.8,28.5,269.0,6.2,8.4,110.0
2022-11-07T10:00,45.6,25.7,280.0,10.4,8.8,103.0
2022-11-07T11:00,43.0,24.2,296.0,16.2,9.3,94.0
2022-11-07T12:00,52.2,29.5,323.0,23.4,9.3,93.0
2022-11-07T13:00,52.6,29.7,339.0,24.0,9.6,93.0
2022-11-07T14:00,53.2,30.2,361.0,24.8,9.9,93.0
2022-11-07T15:00,53.3,30.2,381.0,25.4,10.4,92.0
2022-11-07T16:00,52.2,29.6,380.0,25.5,10.4,91.0
2022-11-07T17:00,49.8,28.3,371.0,25.4,10.4,89.0
2022-11-07T18:00,46.8,26.8,353.0,24.2,10.1,87.0
2022-11-07T19:00,43.9,25.1,336.0,22.1,9.8,87.0
2022-11-07T20:00,41.0,23.6,316.0,19.2,9.3,87.0
2022-11-07T21:00,39.2,22.6,291.0,15.6,8.8,86.0
2022-11-07T22:00,34.6,20.0,277.0,13.4,8.5,84.0
2022-11-07T23:00,31.3,18.2,264.0,11.5,8.3,82.0
2022-11-08T00:00,38.5,22.8,287.0,13.2,8.0,84.0
2022-11-08T01:00,39.8,23.5,288.0,13.6,9.0,84.0
2022-11-08T02:00,39.7,22.9,289.0,14.2,10.4,85.0
2022-11-08T03:00,40.5,23.4,285.0,13.8,11.3,87.0
2022-11-08T04:00,40.2,23.2,272.0,11.4,10.5,90.0
2022-11-08T05:00,40.9,23.7,254.0,8.0,8.9,95.0
2022-11-08T06:00,42.5,24.7,234.0,4.7,7.2,98.0
2022-11-08T07:00,43.2,25.2,226.0,3.8,6.8,97.0
2022-11-08T08:00,42.5,24.7,222.0,4.0,6.7,94.0
2022-11-08T09:00,41.0,23.7,225.0,5.7,6.8,88.0
2022-11-08T10:00,35.9,20.5,234.0,8.9,7.2,82.0
2022-11-08T11:00,33.1,18.8,248.0,13.4,7.7,75.0
2022-11-08T12:00,42.0,24.2,277.0,19.5,8.8,73.0
2022-11-08T13:00,42.0,24.2,293.0,20.0,9.0,73.0
2022-11-08T14:00,41.4,23.9,315.0,20.5,9.4,74.0
2022-11-08T15:00,40.7,23.5,338.0,21.1,9.8,74.0
2022-11-08T16:00,40.4,23.3,343.0,21.1,10.0,74.0
2022-11-08T17:00,39.8,22.9,341.0,20.9,10.2,74.0
2022-11-08T18:00,39.1,22.5,333.0,20.4,10.3,74.0
2022-11-08T19:00,38.9,22.4,322.0,19.7,10.2,74.0
2022-11-08T20:00,38.3,22.1,306.0,18.8,10.0,75.0
2022-11-08T21:00,37.7,21.9,289.0,17.5,9.8,75.0
2022-11-08T22:00,36.6,21.4,282.0,16.1,9.6,75.0
2022-11-08T23:00,35.7,21.1,278.0,14.5,9.4,75.0
2022-11-09T00:00,43.1,25.4,273.0,10.6,9.6,84.0
2022-11-09T01:00,45.8,27.0,275.0,11.6,9.9,86.0
2022-11-09T02:00,46.2,26.7,278.0,13.1,10.4,89.0
2022-11-09T03:00,48.0,27.8,277.0,13.6,10.5,93.0
2022-11-09T04:00,49.6,28.7,268.0,11.7,9.9,97.0
2022-11-09T05:00,51.5,29.9,254.0,8.6,8.9,101.0
2022-11-09T06:00,49.7,28.9,238.0,5.4,7.9,104.0
2022-11-09T07:00,43.9,25.8,231.0,4.7,7.8,102.0
2022-11-09T08:00,37.3,22.0,226.0,4.7,8.1,96.0
2022-11-09T09:00,29.7,17.5,226.0,6.2,8.3,88.0
2022-11-09T10:00,23.8,13.9,234.0,9.2,8.1,80.0
2022-11-09T11:00,19.3,11.3,248.0,13.4,7.7,70.0
2022-11-09T12:00,27.0,15.3,265.0,19.5,7.9,74.0
2022-11-09T13:00,24.1,13.7,278.0,19.9,8.2,72.0
2022-11-09T14:00,22.8,13.1,297.0,20.2,8.6,70.0
2022-11-09T15:00,21.4,12.3,311.0,20.5,9.0,67.0
2022-11-09T16:00,21.1,12.2,306.0,20.4,9.1,66.0
2022-11-09T17:00,20.7,11.9,292.0,20.0,9.0,64.0
2022-11-09T18:00,19.9,11.4,272.0,18.8,8.9,64.0
2022-11-09T19:00,19.0,10.9,259.0,16.7,8.9,65.0
2022-11-09T20:00,20.5,11.8,245.0,13.9,8.9,68.0
2022-11-09T21:00,23.3,13.3,231.0,11.1,8.8,70.0
2022-11-09T22:00,26.0,14.8,228.0,10.4,8.4,70.0
2022-11-09T23:00,26.4,15.0,228.0,10.6,7.8,69.0
2022-11-10T00:00,21.8,12.7,231.0,10.1,8.7,70.0
2022-11-10T01:00,21.8,12.6,232.0,10.6,9.4,70.0
2022-11-10T02:00,21.8,12.5,234.0,11.4,10.3,71.0
2022-11-10T03:00,23.6,13.4,232.0,11.4,10.8,73.0
2022-11-10T04:00,26.6,15.1,223.0,9.6,9.9,78.0
2022-11-10T05:00,31.7,18.1,210.0,6.9,8.4,84.0
2022-11-10T06:00,35.5,20.3,197.0,4.2,6.8,90.0
2022-11-10T07:00,38.2,21.7,195.0,3.8,6.6,92.0
2022-11-10T08:00,40.5,22.8,197.0,4.2,6.7,91.0
2022-11-10T09:00,41.9,23.3,201.0,6.2,7.0,89.0
2022-11-10T10:00,41.3,22.7,204.0,9.4,7.1,84.0
2022-11-10T11:00,39.0,21.4,208.0,13.8,7.2,78.0
2022-11-10T12:00,38.8,21.4,228.0,18.7,7.4,75.0
2022-11-10T13:00,40.7,22.5,229.0,18.0,7.4,77.0
2022-11-10T14:00,41.9,23.2,232.0,17.0,7.4,80.0
2022-11-10T15:00,43.4,24.3,235.0,15.5,7.3,86.0
2022-11-10T16:00,48.0,26.9,238.0,14.4,7.1,92.0
2022-11-10T17:00,49.8,28.0,241.0,13.4,6.7,99.0
2022-11-10T18:00,50.4,28.3,245.0,11.5,6.3,108.0
2022-11-10T19:00,48.7,27.3,247.0,9.4,6.1,115.0
2022-11-10T20:00,51.9,28.9,249.0,6.9,5.8,122.0
2022-11-10T21:00,56.2,30.9,248.0,4.4,5.6,128.0
2022-11-10T22:00,52.0,28.6,241.0,3.3,5.4,127.0
2022-11-10T23:00,45.2,24.9,231.0,2.7,5.2,123.0
2022-11-11T00:00,61.0,31.9,282.0,3.8,8.8,150.0
2022-11-11T01:00,59.6,31.3,291.0,8.6,8.7,145.0
2022-11-11T02:00,59.6,31.7,304.0,15.2,8.6,137.0
2022-11-11T03:00,58.8,31.5,312.0,21.2,8.4,129.0
2022-11-11T04:00,58.0,31.7,303.0,20.7,8.0,127.0
2022-11-11T05:00,57.3,31.9,286.0,17.6,7.6,126.0
2022-11-11T06:00,53.7,30.5,263.0,14.1,6.9,122.0
2022-11-11T07:00,46.8,27.2,246.0,13.5,6.5,113.0
2022-11-11T08:00,41.2,24.0,229.0,13.6,6.1,102.0
2022-11-11T09:00,33.3,19.4,213.0,14.2,5.7,87.0
2022-11-11T10:00,29.3,17.0,210.0,15.6,5.8,76.0
2022-11-11T11:00,24.7,14.1,212.0,17.6,6.0,65.0
2022-11-11T12:00,32.4,18.8,235.0,21.5,5.6,90.0
2022-11-11T13:00,33.6,19.7,234.0,19.7,5.7,89.0
2022-11-11T14:00,34.0,19.8,233.0,17.2,5.8,88.0
2022-11-11T15:00,29.5,17.3,229.0,14.2,5.8,85.0
2022-11-11T16:00,26.4,15.5,222.0,12.9,5.8,79.0
2022-11-11T17:00,24.7,14.5,213.0,11.8,5.8,72.0
2022-11-11T18:00,24.3,14.1,199.0,10.4,5.8,64.0
2022-11-11T19:00,22.5,12.9,187.0,8.9,5.4,60.0
2022-11-11T20:00,20.5,11.6,175.0,7.2,5.1,57.0
2022-11-11T21:00,20.2,11.3,163.0,5.7,4.8,55.0
2022-11-11T22:00,19.2,10.7,160.0,5.6,4.9,55.0
2022-11-11T23:00,17.9,10.1,161.0,6.1,5.2,57.0
2022-11-12T00:00,15.3,8.7,164.0,6.0,5.2,60.0
2022-11-12T01:00,17.2,10.0,181.0,7.9,6.1,59.0
2022-11-12T02:00,18.9,11.2,205.0,10.6,7.2,58.0
2022-11-12T03:00,18.4,10.7,224.0,12.9,8.5,57.0
2022-11-12T04:00,19.3,11.2,216.0,12.4,9.1,58.0
2022-11-12T05:00,23.3,13.8,196.0,10.8,9.5,60.0
2022-11-12T06:00,23.3,13.7,174.0,8.9,9.6,62.0
2022-11-12T07:00,25.7,15.5,168.0,8.2,9.4,62.0
2022-11-12T08:00,25.1,15.1,165.0,7.8,8.8,62.0
2022-11-12T09:00,21.4,12.6,169.0,8.0,7.9,60.0
2022-11-12T10:00,19.1,11.0,178.0,9.4,7.3,57.0
2022-11-12T11:00,16.7,9.5,192.0,11.6,6.7,54.0
2022-11-12T12:00,12.8,7.6,218.0,13.2,10.1,46.0
2022-11-12T13:00,14.1,8.5,243.0,13.2,10.0,46.0
2022-11-12T14:00,15.2,9.1,278.0,13.2,9.8,46.0
2022-11-12T15:00,15.5,9.2,308.0,13.1,9.5,46.0
2022-11-12T16:00,17.2,10.1,302.0,13.0,9.2,46.0
2022-11-12T17:00,16.8,9.9,283.0,12.8,8.9,46.0
2022-11-12T18:00,15.9,9.3,255.0,12.2,8.4,47.0
2022-11-12T19:00,14.6,8.4,238.0,11.7,8.1,49.0
2022-11-12T20:00,13.4,7.7,222.0,11.1,7.8,52.0
2022-11-12T21:00,12.1,7.2,206.0,10.3,7.4,55.0
2022-11-12T22:00,12.5,7.5,200.0,9.9,7.2,56.0
2022-11-12T23:00,12.2,7.2,197.0,9.4,6.9,56.0
2022-11-13T00:00,11.4,6.9,203.0,9.8,7.5,56.0
2022-11-13T01:00,11.5,7.0,227.0,10.5,7.8,56.0
2022-11-13T02:00,11.5,7.1,261.0,11.6,8.4,55.0
2022-11-13T03:00,12.5,7.8,286.0,12.2,9.0,56.0
2022-11-13T04:00,14.6,9.1,271.0,11.6,9.4,58.0
2022-11-13T05:00,14.8,9.1,240.0,10.4,9.8,61.0
2022-11-13T06:00,15.8,9.7,205.0,9.1,9.8,65.0
2022-11-13T07:00,16.2,10.0,195.0,8.4,8.9,67.0
2022-11-13T08:00,15.8,9.7,191.0,7.8,7.6,69.0
2022-11-13T09:00,16.4,9.9,197.0,8.2,6.7,71.0
2022-11-13T10:00,18.0,10.7,207.0,10.3,7.2,71.0
2022-11-13T11:00,20.5,12.0,223.0,13.4,8.3,70.0
2022-11-13T12:00,15.7,9.8,288.0,16.5,13.4,62.0
2022-11-13T13:00,17.1,10.7,318.0,16.9,13.4,65.0
2022-11-13T14:00,19.4,12.0,361.0,17.4,13.6,69.0
2022-11-13T15:00,22.4,13.8,403.0,17.8,13.6,74.0
2022-11-13T16:00,26.0,15.9,411.0,17.8,13.4,76.0
2022-11-13T17:00,29.3,17.9,406.0,17.5,12.9,78.0
2022-11-13T18:00,31.1,18.9,388.0,17.3,12.1,80.0
2022-11-13T19:00,31.5,19.0,361.0,17.2,11.1,81.0
2022-11-13T20:00,32.5,19.6,326.0,17.1,9.8,81.0
2022-11-13T21:00,37.5,22.4,292.0,16.6,8.6,82.0
2022-11-13T22:00,42.4,25.2,291.0,15.8,8.4,84.0
2022-11-13T23:00,47.3,28.1,302.0,14.6,8.6,87.0
2022-11-14T00:00,40.4,24.2,290.0,11.6,7.9,88.0
2022-11-14T01:00,43.4,26.1,303.0,12.6,9.1,89.0
2022-11-14T02:00,45.3,27.3,321.0,13.9,10.6,89.0
2022-11-14T03:00,52.9,31.7,337.0,14.4,12.1,93.0
2022-11-14T04:00,59.5,35.7,336.0,12.6,12.1,100.0
2022-11-14T05:00,65.0,38.9,328.0,9.6,11.6,108.0
2022-11-14T06:00,73.1,43.7,319.0,6.4,10.8,118.0
2022-11-14T07:00,78.0,46.6,316.0,4.8,10.0,122.0
2022-11-14T08:00,81.5,48.4,315.0,3.6,9.1,124.0
2022-11-14T09:00,83.6,49.7,325.0,4.7,8.7,123.0
2022-11-14T10:00,82.9,49.1,347.0,9.4,9.6,118.0
2022-11-14T11:00,87.8,51.8,378.0,16.4,11.1,110.0
2022-11-14T12:00,69.4,40.5,377.0,22.8,12.6,98.0
2022-11-14T13:00,75.0,43.9,409.0,23.2,13.4,98.0
2022-11-14T14:00,81.7,48.0,454.0,23.9,14.4,99.0
2022-11-14T15:00,87.1,51.1,,24.5,15.4,99.0
2022-11-14T16:00,,53.8,,24.6,15.5,99.0
2022-11-14T17:00,,54.9,482.0,24.5,15.2,99.0
2022-11-14T18:00,,52.7,461.0,24.1,15.4,99.0
2022-11-14T19:00,,54.4,450.0,24.0,16.7,100.0
2022-11-14T20:00,,56.2,440.0,23.9,18.5,101.0
2022-11-14T21:00,,,430.0,23.4,20.1,103.0
2022-11-14T22:00,,,430.0,22.5,20.1,103.0
2022-11-14T23:00,,,433.0,21.2,19.5,103.0
2022-11-15T00:00,75.4,46.0,372.0,14.0,12.6,101.0
2022-11-15T01:00,75.0,45.8,376.0,15.8,14.6,100.0
2022-11-15T02:00,73.1,44.2,381.0,18.2,17.4,98.0
2022-11-15T03:00,70.1,42.5,381.0,19.3,19.5,100.0
2022-11-15T04:00,63.3,38.8,369.0,16.6,18.6,107.0
2022-11-15T05:00,61.7,38.5,351.0,12.1,16.5,118.0
2022-11-15T06:00,61.5,38.6,330.0,7.2,13.9,129.0
2022-11-15T07:00,63.8,40.3,320.0,5.2,13.2,133.0
2022-11-15T08:00,64.7,40.5,313.0,4.2,13.1,136.0
2022-11-15T09:00,70.1,43.3,314.0,5.7,13.2,134.0
2022-11-15T10:00,75.4,46.0,320.0,10.7,13.5,127.0
2022-11-15T11:00,83.6,50.2,331.0,18.0,14.1,116.0
2022-11-15T12:00,61.9,37.5,363.0,25.0,15.4,105.0
2022-11-15T13:00,68.5,41.2,388.0,25.5,16.0,105.0
2022-11-15T14:00,73.8,44.0,424.0,26.3,17.0,104.0
2022-11-15T15:00,78.0,46.4,462.0,26.8,18.2,104.0
2022-11-15T16:00,80.6,48.1,475.0,26.5,19.1,104.0
2022-11-15T17:00,81.7,48.8,481.0,25.9,20.0,105.0
2022-11-15T18:00,82.2,49.1,478.0,24.9,20.9,105.0
2022-11-15T19:00,81.7,49.1,463.0,24.2,21.2,105.0
2022-11-15T20:00,81.3,49.1,440.0,23.5,21.4,106.0
2022-11-15T21:00,81.5,49.2,415.0,22.6,21.6,106.0
2022-11-15T22:00,82.0,49.6,409.0,22.1,22.1,106.0
2022-11-15T23:00,82.7,50.1,408.0,21.8,22.7,106.0
2022-11-16T00:00,80.1,48.8,395.0,19.8,18.7,106.0
2022-11-16T01:00,80.6,49.1,392.0,20.8,19.0,106.0
2022-11-16T02:00,80.1,48.4,387.0,22.0,19.5,106.0
2022-11-16T03:00,80.6,48.5,373.0,21.9,19.8,109.0
2022-11-16T04:00,80.8,48.4,351.0,18.4,19.8,115.0
2022-11-16T05:00,83.6,50.4,322.0,13.3,19.6,123.0
2022-11-16T06:00,86.1,52.4,292.0,7.9,19.2,130.0
2022-11-16T07:00,87.8,53.7,283.0,6.3,18.8,131.0
2022-11-16T08:00,88.5,54.0,280.0,5.9,18.2,129.0
2022-11-16T09:00,87.5,53.6,289.0,7.9,17.8,124.0
2022-11-16T10:00,86.4,52.7,307.0,12.6,17.8,119.0
2022-11-16T11:00,85.9,52.5,332.0,19.2,18.0,112.0
2022-11-16T12:00,76.1,46.2,336.0,27.5,17.0,115.0
2022-11-16T13:00,76.4,46.4,357.0,28.3,17.3,115.0
2022-11-16T14:00,75.7,45.9,386.0,29.5,17.7,116.0
2022-11-16T15:00,75.4,45.8,418.0,30.8,18.6,117.0
2022-11-16T16:00,76.1,46.1,430.0,,19.8,118.0
2022-11-16T17:00,77.1,46.4,437.0,,21.2,119.0
2022-11-16T18:00,77.5,46.7,437.0,30.9,22.9,121.0
2022-11-16T19:00,78.2,46.9,426.0,30.2,23.5,122.0
2022-11-16T20:00,78.9,47.3,408.0,29.4,23.8,123.0
2022-11-16T21:00,79.4,47.6,388.0,27.5,23.9,124.0
2022-11-16T22:00,79.9,48.0,379.0,25.0,23.8,125.0
2022-11-16T23:00,80.6,48.4,373.0,22.0,23.4,126.0
2022-11-17T00:00,78.5,48.9,392.0,17.9,25.4,141.0
2022-11-17T01:00,80.3,50.2,411.0,19.9,25.8,141.0
2022-11-17T02:00,82.7,51.9,437.0,22.6,26.4,141.0
2022-11-17T03:00,80.8,50.9,451.0,23.6,26.6,146.0
2022-11-17T04:00,76.8,48.2,426.0,19.9,26.3,156.0
2022-11-17T05:00,75.7,48.0,383.0,13.9,25.6,170.0
2022-11-17T06:00,74.7,48.0,334.0,7.4,24.4,
2022-11-17T07:00,72.2,46.6,315.0,5.2,22.9,
2022-11-17T08:00,70.1,45.1,304.0,4.3,21.1,
2022-11-17T09:00,69.2,43.8,306.0,6.8,19.9,
2022-11-17T10:00,67.8,42.1,326.0,13.8,20.5,171.0
2022-11-17T11:00,72.6,44.8,359.0,23.8,22.0,156.0
2022-11-17T12:00,71.2,45.9,380.0,,23.8,140.0
2022-11-17T13:00,75.4,48.0,406.0,,24.4,139.0
2022-11-17T14:00,80.8,50.5,443.0,,25.1,137.0
2022-11-17T15:00,87.3,54.0,481.0,,26.0,135.0
2022-11-17T16:00,,,,,26.4,134.0
2022-11-17T17:00,,,,,26.5,133.0
2022-11-17T18:00,,,479.0,,26.2,134.0
2022-11-17T19:00,,,454.0,28.8,25.3,137.0
2022-11-17T20:00,,,418.0,23.5,24.0,140.0
2022-11-17T21:00,,,381.0,17.7,22.5,144.0
2022-11-17T22:00,,,371.0,15.6,22.3,145.0
2022-11-17T23:00,,,370.0,14.6,22.5,144.0
2022-11-18T00:00,,56.1,371.0,14.6,25.9,143.0
2022-11-18T01:00,,55.8,390.0,16.8,25.2,140.0
2022-11-18T02:00,,54.4,416.0,19.7,24.2,136.0
2022-11-18T03:00,86.6,52.7,430.0,21.2,23.2,134.0
2022-11-18T04:00,82.7,49.9,405.0,18.4,23.1,138.0
2022-11-18T05:00,80.3,48.3,363.0,13.4,23.2,145.0
2022-11-18T06:00,80.1,47.8,316.0,7.9,22.9,153.0
2022-11-18T07:00,82.4,48.7,302.0,5.8,21.5,155.0
2022-11-18T08:00,82.0,47.8,297.0,4.7,19.6,156.0
2022-11-18T09:00,80.3,46.3,303.0,6.7,17.6,153.0
2022-11-18T10:00,80.3,46.1,321.0,12.9,17.3,146.0
2022-11-18T11:00,80.1,45.4,348.0,21.9,17.4,135.0
2022-11-18T12:00,80.1,44.9,381.0,,17.6,124.0
2022-11-18T13:00,79.2,44.2,399.0,,17.6,122.0
2022-11-18T14:00,77.8,43.5,414.0,,17.5,122.0
2022-11-18T15:00,75.7,42.4,422.0,,17.4,124.0
2022-11-18T16:00,73.3,41.2,412.0,,17.2,125.0
2022-11-18T17:00,71.7,40.4,393.0,29.6,17.1,128.0
2022-11-18T18:00,71.0,39.8,367.0,25.1,16.6,131.0
2022-11-18T19:00,71.0,39.7,351.0,20.0,16.0,134.0
2022-11-18T20:00,71.0,39.7,335.0,13.9,15.2,138.0
2022-11-18T21:00,70.3,39.1,317.0,7.7,14.1,141.0
2022-11-18T22:00,68.2,38.0,304.0,5.7,13.4,140.0
2022-11-18T23:00,65.4,36.3,292.0,5.2,12.5,138.0
2022-11-19T00:00,68.5,39.5,324.0,8.7,17.0,141.0
2022-11-19T01:00,69.6,40.4,341.0,12.2,17.3,137.0
2022-11-19T02:00,71.0,41.7,366.0,17.1,17.6,131.0
2022-11-19T03:00,68.0,39.9,381.0,20.5,17.7,128.0
2022-11-19T04:00,67.1,39.6,363.0,17.6,17.1,132.0
2022-11-19T05:00,65.4,38.6,330.0,12.1,16.2,140.0
2022-11-19T06:00,65.7,38.2,294.0,5.9,15.1,149.0
2022-11-19T07:00,66.8,38.3,281.0,3.6,14.6,152.0
2022-11-19T08:00,66.8,38.0,275.0,2.3,14.1,154.0
2022-11-19T09:00,65.0,36.6,280.0,4.3,14.1,153.0
2022-11-19T10:00,65.4,36.8,299.0,10.6,15.2,146.0
2022-11-19T11:00,66.6,37.5,328.0,19.9,16.9,136.0
2022-11-19T12:00,70.5,40.6,359.0,27.7,19.0,129.0
2022-11-19T13:00,73.3,42.3,374.0,28.9,19.2,129.0
2022-11-19T14:00,75.9,43.8,394.0,30.6,19.6,129.0
2022-11-19T15:00,77.8,44.8,416.0,,20.0,129.0
2022-11-19T16:00,78.7,45.4,423.0,,20.1,129.0
2022-11-19T17:00,79.2,45.8,426.0,,20.1,129.0
2022-11-19T18:00,79.6,46.0,422.0,29.4,20.0,130.0
2022-11-19T19:00,79.2,45.8,409.0,26.4,19.8,131.0
2022-11-19T20:00,77.1,44.7,391.0,22.4,19.4,133.0
2022-11-19T21:00,75.2,43.8,369.0,17.8,18.9,135.0
2022-11-19T22:00,74.3,43.3,357.0,15.1,18.5,136.0
2022-11-19T23:00,74.0,43.3,347.0,12.9,18.1,138.0
2022-11-20T00:00,68.5,42.5,337.0,9.9,22.9,140.0
2022-11-20T01:00,66.1,43.0,351.0,15.4,23.4,132.0
2022-11-20T02:00,63.6,43.1,370.0,23.0,24.0,120.0
2022-11-20T03:00,64.5,44.2,379.0,29.1,25.2,109.0
2022-11-20T04:00,64.7,44.5,359.0,26.6,26.4,110.0
2022-11-20T05:00,63.8,43.8,324.0,20.5,27.7,115.0
2022-11-20T06:00,64.0,43.8,288.0,14.1,28.9,121.0
2022-11-20T07:00,65.7,44.2,279.0,12.8,28.8,122.0
2022-11-20T08:00,65.7,43.5,279.0,12.9,28.2,122.0
2022-11-20T09:00,65.2,42.8,288.0,15.1,27.3,120.0
2022-11-20T10:00,66.6,43.4,304.0,18.8,26.8,117.0
2022-11-20T11:00,66.4,42.7,326.0,24.0,26.2,112.0
2022-11-20T12:00,66.4,43.9,313.0,28.8,21.6,116.0
2022-11-20T13:00,66.6,43.5,315.0,27.8,20.7,116.0
2022-11-20T14:00,67.8,43.9,318.0,26.3,19.4,116.0
2022-11-20T15:00,63.3,41.0,316.0,23.5,17.5,116.0
2022-11-20T16:00,59.4,38.5,305.0,20.5,16.3,117.0
2022-11-20T17:00,50.6,33.8,290.0,16.9,15.1,118.0
2022-11-20T18:00,49.2,33.5,272.0,12.4,14.2,120.0
2022-11-20T19:00,53.2,36.9,264.0,9.6,14.8,122.0
2022-11-20T20:00,54.7,38.2,260.0,7.2,16.0,124.0
2022-11-20T21:00,55.6,38.8,256.0,4.9,17.5,125.0
2022-11-20T22:00,58.3,40.5,254.0,3.7,17.9,126.0
2022-11-20T23:00,59.8,41.4,253.0,3.0,18.1,126.0
2022-11-21T00:00,38.3,26.9,232.0,5.7,14.9,112.0
2022-11-21T01:00,40.5,28.5,253.0,12.2,16.5,108.0
2022-11-21T02:00,43.7,30.6,283.0,21.6,19.0,102.0
2022-11-21T03:00,48.1,33.5,313.0,30.1,21.9,97.0
2022-11-21T04:00,51.8,36.0,319.0,29.3,23.3,99.0
2022-11-21T05:00,55.5,38.6,316.0,25.0,24.5,104.0
2022-11-21T06:00,60.1,41.7,313.0,20.1,25.8,109.0
2022-11-21T07:00,62.6,43.3,313.0,19.0,26.8,111.0
2022-11-21T08:00,64.0,44.2,313.0,19.0,27.7,113.0
2022-11-21T09:00,63.1,43.7,319.0,21.1,28.5,111.0
2022-11-21T10:00,62.2,42.8,334.0,26.0,28.5,104.0
2022-11-21T11:00,61.0,41.7,354.0,,28.2,93.0
2022-11-21T12:00,57.3,39.3,335.0,,23.9,80.0
2022-11-21T13:00,56.2,38.6,339.0,,23.8,80.0
2022-11-21T14:00,55.5,38.0,345.0,,23.6,81.0
2022-11-21T15:00,55.4,37.7,347.0,28.1,23.0,81.0
2022-11-21T16:00,53.6,36.4,340.0,25.5,21.8,81.0
2022-11-21T17:00,51.5,34.9,329.0,22.6,20.1,81.0
2022-11-21T18:00,49.1,33.3,313.0,18.6,18.3,81.0
2022-11-21T19:00,47.4,32.0,301.0,15.1,17.5,81.0
2022-11-21T20:00,45.9,30.7,287.0,11.2,16.9,81.0
2022-11-21T21:00,43.1,28.8,276.0,7.6,16.6,81.0
2022-11-21T22:00,41.0,27.4,274.0,6.4,16.6,80.0
2022-11-21T23:00,40.3,26.8,276.0,6.3,17.0,78.0
2022-11-22T00:00,43.7,29.1,284.0,9.2,21.5,73.0
2022-11-22T01:00,42.6,28.5,305.0,13.6,22.1,69.0
2022-11-22T02:00,42.0,28.3,335.0,19.7,23.0,64.0
2022-11-22T03:00,42.4,28.6,360.0,24.1,23.4,64.0
2022-11-22T04:00,41.6,28.2,351.0,21.1,22.5,75.0
2022-11-22T05:00,41.4,28.2,329.0,14.8,20.9,93.0
2022-11-22T06:00,45.2,30.7,306.0,8.4,19.0,111.0
2022-11-22T07:00,46.8,31.8,301.0,7.3,17.9,115.0
2022-11-22T08:00,48.1,32.5,302.0,7.9,16.8,115.0
2022-11-22T09:00,46.7,31.4,314.0,11.9,16.7,110.0
2022-11-22T10:00,46.0,31.0,336.0,19.4,18.5,101.0
2022-11-22T11:00,46.6,31.7,367.0,29.4,21.4,89.0
2022-11-22T12:00,46.8,30.9,338.0,30.0,17.0,90.0
2022-11-22T13:00,50.5,32.9,351.0,30.9,17.1,87.0
2022-11-22T14:00,51.0,32.6,368.0,,17.2,84.0
2022-11-22T15:00,50.8,31.9,375.0,,17.1,79.0
2022-11-22T16:00,46.8,29.0,353.0,29.5,16.4,76.0
2022-11-22T17:00,40.3,24.7,317.0,25.6,15.4,74.0
2022-11-22T18:00,34.6,21.0,277.0,20.8,14.7,71.0
2022-11-22T19:00,28.8,17.4,264.0,18.0,14.9,69.0
2022-11-22T20:00,29.2,17.8,258.0,15.6,15.5,68.0
2022-11-22T21:00,29.6,18.3,259.0,13.5,17.1,66.0
2022-11-22T22:00,28.7,18.2,265.0,12.9,19.1,64.0
2022-11-22T23:00,29.1,19.0,276.0,13.0,21.6,63.0
2022-11-23T00:00,15.5,10.7,220.0,8.1,10.7,74.0
2022-11-23T01:00,15.4,10.7,221.0,8.2,11.1,72.0
2022-11-23T02:00,15.9,11.1,223.0,8.6,11.7,70.0
2022-11-23T03:00,15.5,10.8,229.0,9.6,15.6,69.0
2022-11-23T04:00,15.1,10.5,238.0,10.9,22.5,70.0
2022-11-23T05:00,19.8,13.9,250.0,12.8,31.9,72.0
2022-11-23T06:00,25.1,17.6,272.0,15.5,,77.0
2022-11-23T07:00,31.3,21.8,298.0,17.6,,84.0
2022-11-23T08:00,34.0,23.6,329.0,19.9,,93.0
2022-11-23T09:00,36.3,25.0,364.0,23.1,,103.0
2022-11-23T10:00,39.9,27.0,378.0,26.1,,106.0
2022-11-23T11:00,45.5,29.9,385.0,29.3,,107.0
2022-11-23T12:00,58.7,38.3,391.0,28.9,,103.0
2022-11-23T13:00,66.1,42.4,386.0,28.0,,105.0
2022-11-23T14:00,69.8,44.2,378.0,26.6,,107.0
2022-11-23T15:00,71.5,44.7,365.0,24.2,,109.0
2022-11-23T16:00,70.1,43.2,352.0,21.5,,110.0
2022-11-23T17:00,68.5,41.9,338.0,18.2,,111.0
2022-11-23T18:00,67.8,41.4,324.0,15.4,32.5,110.0
2022-11-23T19:00,67.1,41.0,321.0,15.6,,107.0
2022-11-23T20:00,67.1,41.1,323.0,17.0,,103.0
2022-11-23T21:00,67.3,41.7,327.0,19.1,,98.0
2022-11-23T22:00,68.2,42.6,331.0,20.7,,94.0
2022-11-23T23:00,68.2,42.7,337.0,22.4,,90.0
2022-11-24T00:00,64.7,41.7,332.0,22.8,,89.0
2022-11-24T01:00,65.0,42.3,321.0,20.4,,91.0
2022-11-24T02:00,57.6,37.1,306.0,17.0,,94.0
2022-11-24T03:00,46.4,29.2,286.0,13.2,26.5,98.0
2022-11-24T04:00,40.2,25.3,273.0,11.8,23.9,100.0
2022-11-24T05:00,37.3,23.7,260.0,11.1,22.8,102.0
2022-11-24T06:00,38.1,24.5,255.0,11.4,25.2,102.0
2022-11-24T07:00,38.9,25.3,270.0,13.1,32.8,99.0
2022-11-24T08:00,36.9,24.1,294.0,15.7,,94.0
2022-11-24T09:00,33.3,21.7,317.0,18.8,,87.0
2022-11-24T10:00,31.3,20.3,313.0,19.9,,83.0
2022-11-24T11:00,28.6,18.5,299.0,20.5,,78.0
2022-11-24T12:00,34.8,22.6,306.0,21.3,,72.0
2022-11-24T13:00,37.1,24.3,307.0,20.9,,70.0
2022-11-24T14:00,37.8,24.8,308.0,20.1,,67.0
2022-11-24T15:00,38.5,25.3,306.0,19.2,,64.0
2022-11-24T16:00,39.6,26.0,301.0,18.6,,63.0
2022-11-24T17:00,40.9,26.8,293.0,18.1,,62.0
2022-11-24T18:00,41.8,27.3,281.0,17.2,,61.0
2022-11-24T19:00,41.8,27.2,270.0,16.5,,60.0
2022-11-24T20:00,40.3,26.2,257.0,15.6,31.6,58.0
2022-11-24T21:00,34.7,22.5,244.0,14.6,29.2,56.0
2022-11-24T22:00,31.9,20.5,241.0,14.2,29.5,54.0
2022-11-24T23:00,31.1,20.2,241.0,13.9,30.6,51.0
2022-11-25T00:00,50.5,33.6,330.0,14.0,,55.0
2022-11-25T01:00,49.4,32.8,306.0,13.2,,55.0
2022-11-25T02:00,45.6,30.3,271.0,12.1,32.7,56.0
2022-11-25T03:00,32.8,21.1,228.0,10.4,22.3,57.0
2022-11-25T04:00,25.3,15.9,203.0,8.9,18.5,58.0
2022-11-25T05:00,23.7,14.8,182.0,7.4,16.8,59.0
2022-11-25T06:00,24.9,15.7,167.0,6.6,18.0,60.0
2022-11-25T07:00,25.6,16.1,173.0,7.7,23.0,59.0
2022-11-25T08:00,25.6,16.2,190.0,9.6,30.7,56.0
2022-11-25T09:00,24.7,15.5,210.0,12.1,,53.0
2022-11-25T10:00,23.1,14.4,216.0,13.1,,50.0
2022-11-25T11:00,21.0,12.9,219.0,13.9,,48.0
2022-11-25T12:00,20.6,13.1,237.0,15.4,,43.0
2022-11-25T13:00,19.3,12.2,228.0,14.4,,43.0
2022-11-25T14:00,18.9,11.8,215.0,13.1,31.6,42.0
2022-11-25T15:00,19.3,12.0,201.0,11.5,25.1,42.0
2022-11-25T16:00,20.5,12.7,195.0,11.1,23.2,43.0
2022-11-25T17:00,21.9,13.5,192.0,10.9,22.6,43.0
2022-11-25T18:00,23.5,14.3,194.0,10.7,23.5,45.0
2022-11-25T19:00,25.9,15.7,201.0,10.4,25.8,47.0
2022-11-25T20:00,29.6,18.0,212.0,10.2,29.2,48.0
2022-11-25T21:00,34.3,21.2,228.0,9.9,32.8,51.0
2022-11-25T22:00,39.3,24.5,241.0,9.4,,53.0
2022-11-25T23:00,39.5,24.4,254.0,8.8,,56.0
2022-11-26T00:00,33.9,20.3,319.0,11.0,16.9,63.0
2022-11-26T01:00,34.3,20.7,319.0,11.2,17.0,65.0
2022-11-26T02:00,35.9,21.7,319.0,11.6,17.2,68.0
2022-11-26T03:00,31.8,18.7,314.0,11.4,17.0,73.0
2022-11-26T04:00,32.7,19.4,303.0,10.2,15.9,79.0
2022-11-26T05:00,35.6,21.4,289.0,8.4,14.4,85.0
2022-11-26T06:00,37.4,22.8,277.0,6.8,12.6,92.0
2022-11-26T07:00,41.7,25.6,278.0,6.3,11.9,94.0
2022-11-26T08:00,38.0,23.3,284.0,6.4,11.5,95.0
2022-11-26T09:00,38.5,23.7,304.0,8.1,11.6,95.0
2022-11-26T10:00,37.4,23.1,325.0,11.4,12.1,93.0
2022-11-26T11:00,35.7,21.9,353.0,16.0,13.1,89.0
2022-11-26T12:00,55.1,35.0,383.0,20.0,15.1,78.0
2022-11-26T13:00,55.2,35.3,445.0,19.5,15.3,79.0
2022-11-26T14:00,56.0,36.1,,19.0,15.6,80.0
2022-11-26T15:00,58.1,37.6,,18.4,16.4,83.0
2022-11-26T16:00,59.8,39.0,,18.1,17.0,86.0
2022-11-26T17:00,61.0,39.7,,18.0,17.6,89.0
2022-11-26T18:00,61.5,40.0,,18.1,19.5,94.0
2022-11-26T19:00,62.9,41.1,,18.5,22.3,98.0
2022-11-26T20:00,65.4,42.7,,19.1,25.8,101.0
2022-11-26T21:00,69.2,45.2,,20.0,30.0,104.0
2022-11-26T22:00,73.1,47.8,,20.0,31.8,105.0
2022-11-26T23:00,77.3,51.0,,19.8,,104.0
2022-11-27T00:00,52.3,34.2,472.0,24.0,22.1,100.0
2022-11-27T01:00,56.5,37.1,,26.2,28.4,97.0
2022-11-27T02:00,54.2,35.6,,29.4,,92.0
2022-11-27T03:00,54.1,35.6,,,,90.0
2022-11-27T04:00,54.7,35.9,,28.8,,95.0
2022-11-27T05:00,57.3,37.6,,24.5,,103.0
2022-11-27T06:00,60.1,39.2,448.0,19.1,,112.0
2022-11-27T07:00,63.6,41.3,431.0,15.9,,116.0
2022-11-27T08:00,65.2,42.1,418.0,12.8,31.5,120.0
2022-11-27T09:00,65.4,41.8,415.0,11.6,24.0,120.0
2022-11-27T10:00,65.2,41.3,418.0,14.8,21.0,115.0
2022-11-27T11:00,66.8,41.9,429.0,20.2,19.5,107.0
2022-11-27T12:00,76.4,48.5,,30.4,20.6,107.0
2022-11-27T13:00,81.5,51.6,,29.4,21.1,106.0
2022-11-27T14:00,87.1,54.8,,28.0,21.9,105.0
2022-11-27T15:00,,,,26.8,23.5,105.0
2022-11-27T16:00,,,,26.6,25.4,107.0
2022-11-27T17:00,,,,27.0,27.6,109.0
2022-11-27T18:00,,,,27.9,31.0,111.0
2022-11-27T19:00,,,,29.4,,110.0
2022-11-27T20:00,,,,,,109.0
2022-11-27T21:00,,,,,,107.0
2022-11-27T22:00,,,,,,107.0
2022-11-27T23:00,,,,,,107.0
2022-11-28T00:00,,,,,,107.0
2022-11-28T01:00,,,,,,109.0
2022-11-28T02:00,,,,,,111.0
2022-11-28T03:00,,,,,,117.0
2022-11-28T04:00,,,,27.1,,124.0
2022-11-28T05:00,,,476.0,20.9,28.8,133.0
2022-11-28T06:00,,,388.0,14.2,23.5,142.0
2022-11-28T07:00,,,357.0,11.1,21.3,146.0
2022-11-28T08:00,,,347.0,9.3,20.1,148.0
2022-11-28T09:00,,,351.0,10.1,19.2,147.0
2022-11-28T10:00,,54.5,363.0,15.0,18.9,140.0
2022-11-28T11:00,86.1,52.2,385.0,22.5,19.0,130.0
2022-11-28T12:00,88.0,53.6,418.0,30.2,19.4,119.0
2022-11-28T13:00,86.6,52.7,443.0,30.2,19.1,120.0
2022-11-28T14:00,84.3,51.1,479.0,30.2,18.9,121.0
2022-11-28T15:00,81.0,48.9,,30.3,18.6,122.0
2022-11-28T16:00,77.5,46.6,,30.3,18.6,123.0
2022-11-28T17:00,75.0,44.7,,30.3,18.6,124.0
2022-11-28T18:00,73.3,43.5,463.0,30.2,19.2,125.0
2022-11-28T19:00,72.9,43.0,449.0,30.2,20.4,125.0
2022-11-28T20:00,73.3,43.2,435.0,30.2,22.0,125.0
2022-11-28T21:00,74.3,43.8,431.0,29.8,24.8,125.0
2022-11-28T22:00,75.4,44.7,450.0,29.0,28.0,125.0
2022-11-28T23:00,78.0,46.3,481.0,28.0,31.9,124.0
2022-11-29T00:00,74.3,44.5,434.0,27.2,25.9,126.0
2022-11-29T01:00,75.4,45.8,434.0,27.8,24.8,125.0
2022-11-29T02:00,73.3,44.4,433.0,28.5,23.2,124.0
2022-11-29T03:00,70.3,41.7,418.0,26.9,21.1,126.0
2022-11-29T04:00,66.1,38.4,386.0,21.5,19.6,135.0
2022-11-29T05:00,66.4,38.5,342.0,13.8,18.0,148.0
2022-11-29T06:00,67.1,39.0,295.0,5.9,16.4,160.0
2022-11-29T07:00,68.0,39.6,278.0,3.5,15.5,161.0
2022-11-29T08:00,69.4,40.3,270.0,3.0,14.9,159.0
2022-11-29T09:00,71.0,41.1,275.0,5.6,14.6,151.0
2022-11-29T10:00,71.5,41.3,292.0,11.6,14.8,141.0
2022-11-29T11:00,73.6,42.6,320.0,20.2,15.4,129.0
2022-11-29T12:00,63.6,36.3,357.0,30.4,15.4,124.0
2022-11-29T13:00,65.7,37.6,367.0,30.9,15.1,123.0
2022-11-29T14:00,67.3,38.5,380.0,,14.6,121.0
2022-11-29T15:00,68.7,39.3,396.0,,14.3,118.0
2022-11-29T16:00,69.8,40.2,403.0,,14.6,116.0
2022-11-29T17:00,70.8,41.0,408.0,30.9,15.4,114.0
2022-11-29T18:00,71.5,41.7,409.0,29.6,16.2,111.0
2022-11-29T19:00,71.5,41.8,404.0,28.5,16.8,109.0
2022-11-29T20:00,72.2,42.4,394.0,27.0,17.5,107.0
2022-11-29T21:00,72.6,43.0,381.0,25.1,17.5,105.0
2022-11-29T22:00,71.9,42.7,368.0,23.5,16.6,104.0
2022-11-29T23:00,69.6,41.6,354.0,21.9,15.0,102.0
2022-11-30T00:00,72.4,43.1,318.0,15.4,12.6,112.0
2022-11-30T01:00,71.7,42.7,332.0,17.5,12.8,110.0
2022-11-30T02:00,73.3,43.5,352.0,20.5,13.0,107.0
2022-11-30T03:00,75.4,44.4,364.0,22.0,13.4,106.0
2022-11-30T04:00,77.8,45.6,347.0,19.0,13.8,111.0
2022-11-30T05:00,82.9,48.5,317.0,14.0,14.3,119.0
2022-11-30T06:00,,53.0,286.0,8.6,14.4,128.0
2022-11-30T07:00,,56.6,279.0,6.7,13.8,131.0
2022-11-30T08:00,,,279.0,5.8,12.7,132.0
2022-11-30T09:00,,,292.0,7.4,11.6,130.0
2022-11-30T10:00,,,315.0,12.4,11.7,123.0
2022-11-30T11:00,,,346.0,19.6,12.1,114.0
2022-11-30T12:00,,,369.0,27.2,12.1,98.0
2022-11-30T13:00,,53.8,372.0,27.2,11.7,97.0
2022-11-30T14:00,81.0,47.4,377.0,27.0,11.2,96.0
2022-11-30T15:00,73.8,43.2,380.0,26.3,10.6,94.0
2022-11-30T16:00,66.6,38.8,377.0,25.1,10.2,93.0
2022-11-30T17:00,59.6,34.8,370.0,23.5,9.9,93.0
2022-11-30T18:00,56.9,33.4,360.0,20.5,9.6,93.0
2022-11-30T19:00,54.8,32.2,350.0,17.0,9.4,95.0
2022-11-30T20:00,54.7,32.1,339.0,12.7,9.2,99.0
2022-11-30T21:00,55.1,32.2,332.0,8.8,9.3,102.0
2022-11-30T22:00,56.8,33.3,336.0,8.6,9.8,102.0
2022-11-30T23:00,57.7,33.9,346.0,9.8,10.5,100.0
2022-12-01T00:00,59.8,35.2,371.0,13.7,12.5,95.0
2022-12-01T01:00,61.7,36.6,385.0,15.4,13.4,94.0
2022-12-01T02:00,63.6,37.6,404.0,17.6,14.5,94.0
2022-12-01T03:00,63.3,36.8,411.0,18.8,15.2,94.0
2022-12-01T04:00,62.2,35.9,385.0,16.2,14.2,97.0
2022-12-01T05:00,57.9,33.6,343.0,12.1,12.5,101.0
2022-12-01T06:00,56.1,32.9,296.0,7.7,10.6,105.0
2022-12-01T07:00,53.1,31.3,279.0,6.4,10.1,105.0
2022-12-01T08:00,48.8,28.8,270.0,6.2,10.1,103.0
2022-12-01T09:00,43.9,25.8,267.0,7.6,10.3,99.0
2022-12-01T10:00,39.7,23.2,268.0,10.9,10.6,93.0
2022-12-01T11:00,36.1,20.9,273.0,15.6,11.2,85.0
2022-12-01T12:00,32.4,18.9,310.0,20.4,11.6,74.0
2022-12-01T13:00,32.4,18.9,331.0,20.3,11.6,73.0
2022-12-01T14:00,32.0,18.8,360.0,20.1,11.5,72.0
2022-12-01T15:00,31.8,18.6,385.0,19.9,11.5,70.0
2022-12-01T16:00,31.4,18.4,383.0,19.5,11.6,69.0
2022-12-01T17:00,31.9,18.9,369.0,19.1,11.6,67.0
2022-12-01T18:00,31.1,18.5,344.0,18.5,11.6,65.0
2022-12-01T19:00,28.6,17.2,320.0,18.1,11.2,63.0
2022-12-01T20:00,26.8,16.0,291.0,17.6,10.6,60.0
2022-12-01T21:00,25.6,15.1,258.0,16.8,10.1,57.0
2022-12-01T22:00,24.5,14.5,244.0,15.9,9.9,56.0
2022-12-01T23:00,23.7,14.0,235.0,14.7,9.8,54.0
2022-12-02T00:00,26.8,16.3,290.0,16.4,13.2,57.0
2022-12-02T01:00,27.2,16.5,282.0,17.2,14.1,56.0
2022-12-02T02:00,27.0,16.3,269.0,18.5,15.4,54.0
2022-12-02T03:00,22.5,13.3,249.0,18.6,16.1,53.0
2022-12-02T04:00,20.6,12.3,229.0,16.3,15.1,54.0
2022-12-02T05:00,21.9,13.3,206.0,12.7,13.4,57.0
2022-12-02T06:00,23.0,14.1,181.0,8.6,11.2,59.0
2022-12-02T07:00,22.6,14.0,170.0,6.9,10.1,58.0
2022-12-02T08:00,22.1,13.6,163.0,5.8,9.4,57.0
2022-12-02T09:00,20.6,12.5,160.0,5.7,8.7,53.0
2022-12-02T10:00,18.0,10.8,161.0,7.0,8.6,49.0
2022-12-02T11:00,15.3,9.0,165.0,9.4,8.9,44.0
2022-12-02T12:00,14.3,8.6,206.0,12.7,9.9,40.0
2022-12-02T13:00,14.4,8.6,222.0,12.4,10.1,40.0
2022-12-02T14:00,15.2,9.0,244.0,11.8,10.1,39.0
2022-12-02T15:00,16.3,9.7,268.0,11.1,10.4,39.0
2022-12-02T16:00,17.6,10.5,277.0,10.6,10.7,39.0
2022-12-02T17:00,19.2,11.5,281.0,10.2,11.1,39.0
2022-12-02T18:00,20.3,12.1,279.0,9.9,11.6,40.0
2022-12-02T19:00,20.5,12.3,270.0,9.6,11.9,41.0
2022-12-02T20:00,21.3,12.7,256.0,9.5,12.2,42.0
2022-12-02T21:00,22.2,13.3,240.0,9.4,12.4,44.0
2022-12-02T22:00,22.8,13.5,233.0,9.5,12.2,47.0
2022-12-02T23:00,21.4,12.7,229.0,9.6,11.7,50.0
2022-12-03T00:00,20.0,11.8,213.0,9.7,10.8,49.0
2022-12-03T01:00,19.8,11.6,218.0,9.9,10.9,53.0
2022-12-03T02:00,19.3,10.8,225.0,10.1,11.0,58.0
2022-12-03T03:00,20.5,11.5,236.0,9.9,10.9,68.0
2022-12-03T04:00,22.1,12.5,245.0,8.5,10.4,79.0
2022-12-03T05:00,26.3,15.0,255.0,6.6,9.6,92.0
2022-12-03T06:00,33.3,19.0,270.0,5.1,9.0,105.0
2022-12-03T07:00,39.2,22.5,281.0,5.5,9.2,109.0
2022-12-03T08:00,43.3,25.0,292.0,6.7,9.8,110.0
2022-12-03T09:00,47.1,27.2,313.0,9.6,10.6,109.0
2022-12-03T10:00,48.2,27.5,335.0,13.6,11.2,106.0
2022-12-03T11:00,46.9,26.5,360.0,18.5,12.0,100.0
2022-12-03T12:00,41.8,23.8,370.0,22.0,11.1,94.0
2022-12-03T13:00,46.7,26.7,394.0,23.5,11.2,95.0
2022-12-03T14:00,51.8,29.6,428.0,25.5,11.3,96.0
2022-12-03T15:00,53.2,30.6,455.0,26.4,11.3,99.0
2022-12-03T16:00,52.9,30.4,445.0,24.1,11.2,102.0
2022-12-03T17:00,53.1,30.4,420.0,20.5,11.1,105.0
2022-12-03T18:00,54.5,31.1,387.0,15.8,10.7,108.0
2022-12-03T19:00,57.9,32.8,369.0,13.2,10.1,109.0
2022-12-03T20:00,53.7,30.4,351.0,11.0,9.4,108.0
2022-12-03T21:00,54.0,31.0,334.0,9.2,8.8,107.0
2022-12-03T22:00,55.4,31.8,327.0,9.2,8.7,106.0
2022-12-03T23:00,53.8,31.3,325.0,10.1,8.9,104.0
2022-12-04T00:00,64.7,37.7,370.0,11.6,10.9,113.0
2022-12-04T01:00,69.2,40.2,372.0,12.9,11.4,115.0
2022-12-04T02:00,75.2,43.7,375.0,14.8,12.1,119.0
2022-12-04T03:00,82.2,47.8,374.0,15.5,12.8,124.0
2022-12-04T04:00,,52.4,365.0,13.1,13.0,130.0
2022-12-04T05:00,,,352.0,9.1,13.0,136.0
2022-12-04T06:00,,,339.0,5.0,12.8,142.0
2022-12-04T07:00,,,337.0,3.8,12.3,143.0
2022-12-04T08:00,,,339.0,3.5,11.6,141.0
2022-12-04T09:00,,,349.0,5.8,11.1,136.0
2022-12-04T10:00,,55.3,365.0,10.7,11.4,129.0
2022-12-04T11:00,,54.1,387.0,17.6,11.9,120.0
2022-12-04T12:00,79.9,48.4,413.0,23.7,12.0,112.0
2022-12-04T13:00,80.6,49.0,430.0,24.6,12.2,112.0
2022-12-04T14:00,81.3,49.6,454.0,25.9,12.4,113.0
2022-12-04T15:00,82.0,50.2,478.0,26.9,12.9,114.0
2022-12-04T16:00,84.1,51.5,,27.0,13.6,114.0
2022-12-04T17:00,87.1,53.3,482.0,26.7,14.3,114.0
2022-12-04T18:00,,55.5,475.0,25.1,15.1,115.0
2022-12-04T19:00,,,464.0,22.2,15.6,118.0
2022-12-04T20:00,,,450.0,18.4,15.9,121.0
2022-12-04T21:00,,,434.0,14.2,16.1,126.0
2022-12-04T22:00,,,429.0,12.8,16.0,129.0
2022-12-04T23:00,,,428.0,12.1,15.6,131.0
2022-12-05T00:00,,,439.0,14.1,15.1,125.0
2022-12-05T01:00,,,439.0,15.1,15.6,126.0
2022-12-05T02:00,,,438.0,16.6,16.1,127.0
2022-12-05T03:00,,,432.0,16.9,16.5,130.0
2022-12-05T04:00,,,419.0,14.1,16.2,135.0
2022-12-05T05:00,,,402.0,10.0,15.6,141.0
2022-12-05T06:00,,,384.0,5.7,14.8,147.0
2022-12-05T07:00,,,379.0,4.3,14.4,147.0
2022-12-05T08:00,,,377.0,3.9,13.9,146.0
2022-12-05T09:00,,,385.0,5.8,13.8,141.0
2022-12-05T10:00,,,400.0,10.6,14.4,135.0
2022-12-05T11:00,,,422.0,17.3,15.2,128.0
2022-12-05T12:00,,,451.0,24.9,16.3,122.0
2022-12-05T13:00,,,471.0,26.2,16.7,122.0
2022-12-05T14:00,,,,28.1,17.3,122.0
2022-12-05T15:00,,,,30.1,18.2,122.0
2022-12-05T16:00,,,,30.8,19.1,123.0
2022-12-05T17:00,,,,31.0,20.0,125.0
2022-12-05T18:00,,,,29.8,21.0,128.0
2022-12-05T19:00,,,,26.6,21.5,132.0
2022-12-05T20:00,,,,22.2,21.6,136.0
2022-12-05T21:00,,,,17.5,21.8,141.0
2022-12-05T22:00,,,,15.6,21.8,142.0
2022-12-05T23:00,,,482.0,14.8,21.8,142.0
2022-12-06T00:00,,,463.0,12.4,19.2,142.0
2022-12-06T01:00,,,462.0,14.0,19.9,141.0
2022-12-06T02:00,,,461.0,16.1,20.8,141.0
2022-12-06T03:00,,,454.0,17.0,21.6,142.0
2022-12-06T04:00,,,443.0,14.3,21.8,147.0
2022-12-06T05:00,,,427.0,9.8,21.5,153.0
2022-12-06T06:00,,,410.0,5.1,21.0,159.0
2022-12-06T07:00,,,401.0,3.7,20.3,159.0
2022-12-06T08:00,,,395.0,3.3,19.5,157.0
2022-12-06T09:00,,,393.0,5.4,18.5,151.0
2022-12-06T10:00,,,400.0,10.4,18.4,144.0
2022-12-06T11:00,,,413.0,17.5,18.5,134.0
2022-12-06T12:00,,,442.0,25.6,18.7,133.0
2022-12-06T13:00,,,453.0,25.9,19.1,136.0
2022-12-06T14:00,,,469.0,26.3,19.9,139.0
2022-12-06T15:00,,,,26.0,20.9,145.0
2022-12-06T16:00,,,,25.0,21.7,149.0
2022-12-06T17:00,,,,23.5,22.6,154.0
2022-12-06T18:00,,,478.0,20.8,23.6,160.0
2022-12-06T19:00,,,471.0,17.7,24.0,163.0
2022-12-06T20:00,,,461.0,13.9,24.1,166.0
2022-12-06T21:00,,,449.0,10.0,24.1,169.0
2022-12-06T22:00,,,440.0,8.1,23.9,170.0
2022-12-06T23:00,,,431.0,7.0,23.5,170.0
2022-12-07T00:00,,,439.0,7.1,24.4,168.0
2022-12-07T01:00,,,448.0,10.4,25.1,167.0
2022-12-07T02:00,,,460.0,15.1,26.0,165.0
2022-12-07T03:00,,,468.0,18.8,26.9,165.0
2022-12-07T04:00,,,460.0,16.8,26.6,169.0
2022-12-07T05:00,,,445.0,12.4,26.0,175.0
2022-12-07T06:00,,,429.0,7.8,25.3,
2022-12-07T07:00,,,424.0,6.4,25.0,
2022-12-07T08:00,,,422.0,6.1,24.7,
2022-12-07T09:00,,,429.0,8.4,24.8,
2022-12-07T10:00,,,445.0,14.3,25.4,175.0
2022-12-07T11:00,,,468.0,22.5,26.2,164.0
2022-12-07T12:00,,,,28.8,29.8,165.0
2022-12-07T13:00,,,,26.5,30.9,169.0
2022-12-07T14:00,,,,23.2,32.3,175.0
2022-12-07T15:00,,,,19.0,,
2022-12-07T16:00,,,,16.8,,
2022-12-07T17:00,,,,14.8,32.7,
2022-12-07T18:00,,,451.0,12.2,31.0,
2022-12-07T19:00,,,431.0,9.9,29.0,173.0
2022-12-07T20:00,,,412.0,7.3,26.5,169.0
2022-12-07T21:00,,,394.0,5.1,23.4,163.0
2022-12-07T22:00,,,387.0,4.1,21.5,160.0
2022-12-07T23:00,,,384.0,3.8,19.8,158.0
2022-12-08T00:00,,54.4,397.0,5.3,26.4,153.0
2022-12-08T01:00,86.1,51.1,403.0,9.3,26.8,141.0
2022-12-08T02:00,81.7,49.0,411.0,14.9,27.2,123.0
2022-12-08T03:00,77.5,46.9,417.0,20.0,27.9,105.0
2022-12-08T04:00,75.9,46.8,414.0,19.8,28.5,100.0
2022-12-08T05:00,76.6,47.6,407.0,17.5,29.1,99.0
2022-12-08T06:00,79.6,49.6,394.0,14.9,29.0,102.0
2022-12-08T07:00,81.7,50.8,379.0,14.6,27.6,108.0
2022-12-08T08:00,72.6,46.1,360.0,14.8,25.4,116.0
2022-12-08T09:00,67.5,43.5,346.0,15.5,22.4,125.0
2022-12-08T10:00,65.4,42.1,353.0,16.8,20.6,127.0
2022-12-08T11:00,69.8,44.1,369.0,18.5,19.0,127.0
2022-12-08T12:00,75.9,48.0,335.0,21.0,18.2,132.0
2022-12-08T13:00,76.4,47.5,335.0,18.6,17.9,132.0
2022-12-08T14:00,76.1,46.9,334.0,15.1,17.4,131.0
2022-12-08T15:00,74.7,45.8,327.0,10.8,16.0,130.0
2022-12-08T16:00,70.5,43.3,312.0,8.5,14.2,128.0
2022-12-08T17:00,65.9,40.4,291.0,6.6,11.9,125.0
2022-12-08T18:00,61.9,37.7,267.0,4.4,9.0,121.0
2022-12-08T19:00,56.2,34.2,257.0,3.1,7.2,120.0
2022-12-08T20:00,49.1,29.8,251.0,2.1,5.4,119.0
2022-12-08T21:00,43.5,26.1,245.0,1.3,3.8,118.0
2022-12-08T22:00,40.7,24.2,240.0,0.9,3.2,116.0
2022-12-08T23:00,42.6,25.2,235.0,0.8,3.1,113.0
2022-12-09T00:00,37.5,22.3,226.0,2.7,4.2,108.0
2022-12-09T01:00,34.8,20.6,235.0,6.3,4.8,102.0
2022-12-09T02:00,38.1,22.4,247.0,11.5,5.4,94.0
2022-12-09T03:00,37.8,22.6,262.0,16.5,6.5,85.0
2022-12-09T04:00,41.4,24.7,269.0,16.9,7.3,84.0
2022-12-09T05:00,43.3,26.1,275.0,15.5,8.2,85.0
2022-12-09T06:00,49.9,30.4,280.0,14.1,9.1,87.0
2022-12-09T07:00,53.1,32.1,280.0,14.4,9.2,89.0
2022-12-09T08:00,51.9,31.4,278.0,15.3,9.2,92.0
2022-12-09T09:00,51.0,30.6,275.0,16.9,8.9,94.0
2022-12-09T10:00,47.7,28.2,275.0,18.5,8.6,93.0
2022-12-09T11:00,44.7,26.0,276.0,20.5,8.1,92.0
2022-12-09T12:00,35.0,20.3,250.0,19.6,5.5,88.0
2022-12-09T13:00,33.6,19.4,246.0,17.8,5.5,90.0
2022-12-09T14:00,34.2,19.7,241.0,15.1,5.5,93.0
2022-12-09T15:00,35.4,20.3,239.0,11.9,5.6,97.0
2022-12-09T16:00,39.5,22.3,244.0,10.1,5.7,99.0
2022-12-09T17:00,43.2,24.2,252.0,8.5,5.9,100.0
2022-12-09T18:00,45.6,25.2,266.0,7.1,6.6,99.0
2022-12-09T19:00,44.4,24.2,280.0,6.9,7.7,94.0
2022-12-09T20:00,40.4,21.7,296.0,7.3,9.1,85.0
2022-12-09T21:00,35.3,19.1,312.0,7.8,10.9,77.0
2022-12-09T22:00,36.1,19.6,316.0,7.3,11.8,75.0
2022-12-09T23:00,33.9,18.9,315.0,6.8,12.6,75.0
2022-12-10T00:00,22.5,12.7,301.0,6.8,9.1,78.0
2022-12-10T01:00,20.9,12.1,319.0,9.4,10.8,76.0
2022-12-10T02:00,22.9,13.6,344.0,13.3,13.2,73.0
2022-12-10T03:00,23.2,14.1,364.0,16.5,15.9,73.0
2022-12-10T04:00,23.9,14.9,357.0,15.4,16.8,80.0
2022-12-10T05:00,24.7,15.6,339.0,12.5,17.2,90.0
2022-12-10T06:00,27.8,17.6,318.0,9.4,17.4,103.0
2022-12-10T07:00,30.7,19.4,312.0,8.6,17.5,112.0
2022-12-10T08:00,33.8,21.1,309.0,8.3,17.3,121.0
2022-12-10T09:00,34.8,21.5,310.0,10.1,17.1,126.0
2022-12-10T10:00,32.2,19.8,313.0,14.2,17.3,120.0
2022-12-10T11:00,31.4,19.2,318.0,20.1,17.6,108.0
2022-12-10T12:00,33.9,20.6,374.0,25.6,19.6,81.0
2022-12-10T13:00,34.3,21.0,413.0,26.3,19.0,79.0
2022-12-10T14:00,35.2,21.6,468.0,27.2,18.2,77.0
2022-12-10T15:00,36.4,22.5,,28.2,17.0,75.0
2022-12-10T16:00,35.7,22.2,,28.4,15.9,76.0
2022-12-10T17:00,33.9,21.2,,28.4,14.8,78.0
2022-12-10T18:00,33.6,21.1,469.0,28.1,13.4,80.0
2022-12-10T19:00,32.8,20.8,443.0,27.9,12.3,81.0
2022-12-10T20:00,35.3,22.2,412.0,27.5,11.1,81.0
2022-12-10T21:00,36.6,22.8,382.0,26.8,10.9,81.0
2022-12-10T22:00,37.4,23.2,371.0,26.1,12.7,81.0
2022-12-10T23:00,39.8,25.0,367.0,25.5,15.6,80.0
2022-12-11T00:00,41.8,26.5,396.0,25.1,24.7,73.0
2022-12-11T01:00,45.3,28.9,421.0,25.5,24.2,75.0
2022-12-11T02:00,51.0,32.8,455.0,26.0,23.5,77.0
2022-12-11T03:00,47.6,30.0,467.0,24.8,21.8,82.0
2022-12-11T04:00,45.9,28.2,419.0,21.0,19.5,88.0
2022-12-11T05:00,46.8,28.5,343.0,15.5,16.5,96.0
2022-12-11T06:00,46.9,28.8,260.0,10.0,13.3,103.0
2022-12-11T07:00,45.5,27.9,237.0,8.8,12.1,105.0
2022-12-11T08:00,41.3,25.5,232.0,9.0,11.6,104.0
2022-12-11T09:00,37.3,23.1,239.0,10.9,11.2,101.0
2022-12-11T10:00,30.7,18.8,253.0,14.0,11.1,95.0
2022-12-11T11:00,25.9,15.7,276.0,18.2,11.2,86.0
2022-12-11T12:00,29.7,18.3,294.0,21.4,10.9,78.0
2022-12-11T13:00,31.5,19.3,315.0,21.5,10.9,77.0
2022-12-11T14:00,31.2,19.3,343.0,21.6,11.1,76.0
2022-12-11T15:00,32.4,19.9,365.0,21.5,10.8,75.0
2022-12-11T16:00,33.8,20.7,353.0,21.0,9.8,75.0
2022-12-11T17:00,34.9,21.4,326.0,20.4,8.5,75.0
2022-12-11T18:00,33.1,20.4,293.0,19.2,7.2,75.0
2022-12-11T19:00,33.6,20.7,279.0,18.2,6.9,75.0
2022-12-11T20:00,34.5,21.2,268.0,17.0,7.1,75.0
2022-12-11T21:00,34.8,21.5,255.0,15.2,7.3,75.0
2022-12-11T22:00,33.1,20.5,243.0,13.3,7.2,76.0
2022-12-11T23:00,34.1,20.8,232.0,11.1,7.1,78.0
2022-12-12T00:00,25.9,16.1,242.0,11.9,7.7,80.0
2022-12-12T01:00,27.1,16.9,259.0,13.9,8.6,77.0
2022-12-12T02:00,27.0,16.9,282.0,16.8,9.8,74.0
2022-12-12T03:00,27.1,16.9,298.0,18.9,10.9,71.0
2022-12-12T04:00,29.0,18.2,283.0,17.5,11.2,72.0
2022-12-12T05:00,27.7,17.3,255.0,14.7,11.1,75.0
2022-12-12T06:00,31.1,19.6,222.0,11.4,10.6,78.0
2022-12-12T07:00,32.7,20.6,207.0,10.0,9.6,79.0
2022-12-12T08:00,32.1,20.1,197.0,9.0,8.4,78.0
2022-12-12T09:00,32.7,20.3,194.0,9.2,7.4,76.0
2022-12-12T10:00,32.2,19.8,202.0,11.3,7.8,71.0
2022-12-12T11:00,31.5,19.3,218.0,14.6,8.6,65.0
2022-12-12T12:00,34.2,20.9,260.0,19.8,10.1,60.0
2022-12-12T13:00,34.8,21.4,309.0,20.5,11.2,58.0
2022-12-12T14:00,35.9,22.1,377.0,21.6,12.8,56.0
2022-12-12T15:00,37.3,23.2,433.0,22.4,13.6,53.0
2022-12-12T16:00,36.8,22.9,417.0,22.1,12.5,52.0
2022-12-12T17:00,34.9,21.7,372.0,21.5,10.4,51.0
2022-12-12T18:00,31.9,19.6,309.0,19.9,8.1,51.0
2022-12-12T19:00,28.3,17.2,270.0,17.7,7.3,52.0
2022-12-12T20:00,27.4,16.6,232.0,15.0,7.0,53.0
2022-12-12T21:00,27.4,16.6,200.0,12.6,7.7,54.0
2022-12-12T22:00,27.6,16.9,201.0,12.6,9.4,52.0
2022-12-12T23:00,28.1,17.2,216.0,13.6,12.0,50.0
2022-12-13T00:00,28.8,17.9,247.0,14.6,10.8,49.0
2022-12-13T01:00,29.5,18.5,248.0,14.4,10.9,49.0
2022-12-13T02:00,29.8,18.8,248.0,14.3,11.1,49.0
2022-12-13T03:00,23.2,14.2,239.0,13.4,11.1,50.0
2022-12-13T04:00,21.1,12.7,217.0,11.4,10.9,53.0
2022-12-13T05:00,22.2,13.6,187.0,8.8,10.4,57.0
2022-12-13T06:00,24.0,14.7,155.0,6.1,9.9,61.0
2022-12-13T07:00,25.6,15.7,144.0,5.3,9.8,61.0
2022-12-13T08:00,25.5,15.6,140.0,5.2,9.8,60.0
2022-12-13T09:00,23.5,14.2,146.0,6.0,10.0,56.0
2022-12-13T10:00,21.1,12.5,148.0,7.8,9.9,52.0
2022-12-13T11:00,19.0,11.1,154.0,10.2,9.9,46.0
2022-12-13T12:00,0.9,0.6,60.0,0.0,0.6,30.0
2022-12-13T13:00,1.0,0.7,60.0,0.0,0.6,30.0
2022-12-13T14:00,1.0,0.7,60.0,0.0,0.6,30.0
2022-12-13T15:00,1.1,0.8,60.0,0.0,0.6,30.0
2022-12-13T16:00,1.1,0.8,60.0,0.0,0.6,30.0
2022-12-13T17:00,1.2,0.8,60.0,0.0,0.6,29.0
2022-12-13T18:00,1.2,0.8,60.0,0.0,0.6,29.0
2022-12-13T19:00,1.2,0.8,60.0,0.0,0.6,29.0
2022-12-13T20:00,1.2,0.8,59.0,0.0,0.6,29.0
2022-12-13T21:00,1.2,0.8,59.0,0.0,0.6,29.0
2022-12-13T22:00,1.2,0.8,59.0,0.0,0.6,29.0
2022-12-13T23:00,1.2,0.8,59.0,0.0,0.6,28.0
2022-12-14T00:00,1.2,0.8,59.0,0.0,0.6,27.0
2022-12-14T01:00,1.2,0.9,59.0,0.0,0.6,27.0
2022-12-14T02:00,1.2,0.9,59.0,0.0,0.6,26.0
2022-12-14T03:00,1.2,0.9,59.0,0.0,0.7,26.0
2022-12-14T04:00,1.2,0.9,59.0,0.0,0.8,26.0
2022-12-14T05:00,1.2,0.8,59.0,0.0,0.8,26.0
2022-12-14T06:00,1.2,0.8,59.0,0.0,0.8,26.0
2022-12-14T07:00,1.1,0.8,59.0,0.0,0.8,26.0
2022-12-14T08:00,1.1,0.8,59.0,0.0,0.8,25.0
2022-12-14T09:00,1.1,0.7,59.0,0.0,0.8,25.0
2022-12-14T10:00,1.0,0.7,59.0,0.0,0.8,25.0
2022-12-14T11:00,1.0,0.7,59.0,0.0,0.9,25.0
2022-12-14T12:00,0.9,0.6,59.0,0.0,0.9,25.0
2022-12-14T13:00,0.9,0.6,59.0,0.0,0.9,25.0
2022-12-14T14:00,0.9,0.6,59.0,0.0,0.9,25.0
2022-12-14T15:00,1.0,0.7,59.0,0.0,0.8,26.0
2022-12-14T16:00,1.0,0.7,59.0,0.0,0.8,27.0
2022-12-14T17:00,1.1,0.8,59.0,0.0,0.8,28.0
2022-12-14T18:00,1.1,0.8,59.0,0.0,0.7,29.0
2022-12-14T19:00,1.1,0.8,59.0,0.0,0.6,30.0
2022-12-14T20:00,1.0,0.7,59.0,0.0,0.6,31.0
2022-12-14T21:00,0.9,0.7,60.0,0.0,0.5,32.0
2022-12-14T22:00,0.8,0.6,61.0,0.0,0.4,33.0
2022-12-14T23:00,0.7,0.5,61.0,0.0,0.4,33.0
2022-12-15T00:00,1.0,0.7,61.0,0.0,0.3,33.0
2022-12-15T01:00,0.9,0.7,61.0,0.0,0.3,33.0
2022-12-15T02:00,0.9,0.7,62.0,0.0,0.3,33.0
2022-12-15T03:00,1.0,0.7,62.0,0.0,0.3,33.0
2022-12-15T04:00,1.0,0.7,62.0,0.0,0.3,33.0
2022-12-15T05:00,1.0,0.7,62.0,0.0,0.3,32.0
2022-12-15T06:00,1.0,0.7,62.0,0.0,0.3,32.0
2022-12-15T07:00,1.1,0.7,62.0,0.0,0.3,32.0
2022-12-15T08:00,1.1,0.8,63.0,0.0,0.3,33.0
2022-12-15T09:00,1.1,0.8,63.0,0.0,0.3,33.0
2022-12-15T10:00,1.2,0.8,63.0,0.0,0.3,33.0
2022-12-15T11:00,1.2,0.8,63.0,0.0,0.2,34.0
2022-12-15T12:00,0.9,0.7,63.0,0.0,0.2,35.0
2022-12-15T13:00,1.1,0.8,63.0,0.0,0.2,35.0
2022-12-15T14:00,1.1,0.8,63.0,0.0,0.2,35.0
2022-12-15T15:00,1.1,0.8,63.0,0.0,0.2,35.0
2022-12-15T16:00,1.0,0.7,63.0,0.0,0.2,35.0
2022-12-15T17:00,1.0,0.7,63.0,0.0,0.2,35.0
2022-12-15T18:00,1.0,0.7,63.0,0.0,0.2,35.0
2022-12-15T19:00,1.0,0.7,63.0,0.0,0.2,35.0
2022-12-15T20:00,1.0,0.7,63.0,0.0,0.2,35.0
2022-12-15T21:00,1.0,0.7,63.0,0.0,0.2,35.0
2022-12-15T22:00,1.1,0.8,63.0,0.0,0.2,35.0
2022-12-15T23:00,1.2,0.8,62.0,0.0,0.2,35.0
2022-12-16T00:00,55.3,32.8,347.0,17.8,15.8,94.0
2022-12-16T01:00,56.1,33.3,364.0,18.2,16.6,94.0
2022-12-16T02:00,57.9,34.3,387.0,18.8,17.9,94.0
2022-12-16T03:00,59.0,34.5,400.0,18.3,18.9,96.0
2022-12-16T04:00,60.3,34.8,379.0,16.0,18.8,101.0
2022-12-16T05:00,62.2,35.9,342.0,12.9,18.0,107.0
2022-12-16T06:00,66.1,38.4,302.0,9.4,17.0,113.0
2022-12-16T07:00,70.5,41.2,292.0,7.8,16.1,115.0
2022-12-16T08:00,72.6,42.6,290.0,7.0,15.1,116.0
2022-12-16T09:00,73.1,43.0,299.0,8.1,14.2,114.0
2022-12-16T10:00,73.8,43.2,314.0,12.0,14.4,108.0
2022-12-16T11:00,73.8,43.2,337.0,17.8,14.9,101.0
2022-12-16T12:00,64.5,37.1,368.0,23.7,15.8,92.0
2022-12-16T13:00,67.5,39.2,399.0,23.8,16.0,92.0
2022-12-16T14:00,69.4,40.5,444.0,24.0,16.4,91.0
2022-12-16T15:00,70.3,41.2,,24.0,16.9,91.0
2022-12-16T16:00,71.0,41.8,,23.6,17.0,91.0
2022-12-16T17:00,71.9,42.5,474.0,23.2,17.2,92.0
2022-12-16T18:00,71.7,42.6,449.0,22.5,17.2,93.0
2022-12-16T19:00,71.0,42.3,427.0,22.0,17.1,93.0
2022-12-16T20:00,68.9,41.2,401.0,21.5,17.0,93.0
2022-12-16T21:00,66.1,39.7,372.0,20.6,16.9,94.0
2022-12-16T22:00,64.0,38.3,359.0,19.8,17.0,95.0
2022-12-16T23:00,62.9,37.3,351.0,18.8,17.1,97.0
2022-12-17T00:00,63.3,37.6,347.0,17.0,16.3,98.0
2022-12-17T01:00,63.3,37.6,361.0,17.6,17.5,99.0
2022-12-17T02:00,64.0,38.0,381.0,18.4,19.0,100.0
2022-12-17T03:00,64.7,37.5,388.0,17.9,20.5,105.0
2022-12-17T04:00,64.3,36.4,363.0,15.0,20.2,112.0
2022-12-17T05:00,65.7,37.1,321.0,10.8,19.4,122.0
2022-12-17T06:00,68.0,38.5,278.0,6.4,18.3,131.0
2022-12-17T07:00,70.1,39.9,268.0,5.0,17.8,133.0
2022-12-17T08:00,72.6,41.2,268.0,4.6,17.4,133.0
2022-12-17T09:00,71.2,40.0,278.0,6.4,17.1,129.0
2022-12-17T10:00,70.3,39.2,293.0,11.1,17.4,122.0
2022-12-17T11:00,69.8,38.6,314.0,17.9,17.8,113.0
2022-12-17T12:00,75.7,42.8,346.0,25.5,19.5,101.0
2022-12-17T13:00,77.5,44.0,376.0,25.7,19.6,101.0
2022-12-17T14:00,78.9,44.8,419.0,26.0,19.9,101.0
2022-12-17T15:00,79.9,45.5,456.0,26.2,19.9,101.0
2022-12-17T16:00,80.3,46.2,450.0,26.5,19.2,101.0
2022-12-17T17:00,81.3,46.9,427.0,26.8,18.3,101.0
2022-12-17T18:00,80.6,46.8,394.0,25.4,17.0,103.0
2022-12-17T19:00,79.6,46.2,374.0,21.6,16.0,107.0
2022-12-17T20:00,77.5,45.1,353.0,16.4,14.9,113.0
2022-12-17T21:00,73.6,43.1,332.0,10.6,13.9,119.0
2022-12-17T22:00,70.5,41.4,324.0,8.4,13.9,122.0
2022-12-17T23:00,69.6,40.4,321.0,7.2,14.1,125.0
2022-12-18T00:00,67.1,38.9,325.0,8.3,13.8,123.0
2022-12-18T01:00,64.7,37.3,328.0,11.1,14.6,121.0
2022-12-18T02:00,65.9,37.5,333.0,15.1,15.6,117.0
2022-12-18T03:00,66.1,36.7,331.0,17.7,16.5,116.0
2022-12-18T04:00,66.4,36.3,317.0,15.1,16.1,120.0
2022-12-18T05:00,66.1,36.0,295.0,10.4,15.2,126.0
2022-12-18T06:00,64.3,35.0,272.0,5.2,14.0,132.0
2022-12-18T07:00,62.2,34.0,265.0,3.8,13.2,133.0
2022-12-18T08:00,60.5,32.9,262.0,3.5,12.6,133.0
2022-12-18T09:00,57.2,30.7,262.0,5.2,11.9,129.0
2022-12-18T10:00,55.1,29.2,263.0,8.9,11.7,123.0
2022-12-18T11:00,54.0,28.3,265.0,14.4,11.8,115.0
2022-12-18T12:00,57.9,30.9,285.0,20.5,12.9,106.0
2022-12-18T13:00,59.3,31.7,290.0,21.7,12.9,104.0
2022-12-18T14:00,59.0,31.7,296.0,23.5,12.8,101.0
2022-12-18T15:00,58.4,31.5,296.0,24.1,12.6,99.0
2022-12-18T16:00,57.5,31.3,283.0,22.0,12.0,100.0
2022-12-18T17:00,57.2,31.4,263.0,18.5,11.3,103.0
2022-12-18T18:00,57.4,31.8,241.0,14.1,10.4,107.0
2022-12-18T19:00,58.2,32.6,234.0,11.4,10.0,109.0
2022-12-18T20:00,59.0,33.3,231.0,9.0,9.6,110.0
2022-12-18T21:00,59.8,34.2,232.0,7.2,9.4,111.0
2022-12-18T22:00,59.5,34.3,235.0,7.3,9.4,110.0
2022-12-18T23:00,58.8,34.2,240.0,8.6,9.6,107.0
2022-12-19T00:00,54.2,31.8,243.0,11.4,9.6,102.0
2022-12-19T01:00,53.0,31.3,266.0,13.9,9.7,98.0
2022-12-19T02:00,52.4,31.2,298.0,17.6,9.9,93.0
2022-12-19T03:00,53.3,31.8,320.0,19.8,9.9,90.0
2022-12-19T04:00,52.9,31.4,299.0,16.6,9.4,94.0
2022-12-19T05:00,53.9,32.1,260.0,11.2,8.6,101.0
2022-12-19T06:00,55.1,33.1,218.0,5.4,7.7,109.0
2022-12-19T07:00,55.4,33.2,210.0,4.0,7.3,111.0
2022-12-19T08:00,55.2,33.1,213.0,3.8,7.2,111.0
2022-12-19T09:00,53.0,31.7,225.0,5.8,7.3,108.0
2022-12-19T10:00,51.1,30.4,241.0,10.2,7.8,102.0
2022-12-19T11:00,51.5,30.6,263.0,16.2,8.7,94.0
2022-12-19T12:00,59.6,35.6,298.0,23.0,9.8,87.0
2022-12-19T13:00,63.1,37.6,313.0,23.4,10.1,88.0
2022-12-19T14:00,67.1,39.8,334.0,23.8,10.6,88.0
2022-12-19T15:00,71.7,42.4,356.0,24.0,11.1,89.0
2022-12-19T16:00,72.2,42.6,362.0,24.0,11.2,89.0
2022-12-19T17:00,71.7,42.4,362.0,23.7,11.3,89.0
2022-12-19T18:00,74.3,43.8,357.0,22.3,11.1,89.0
2022-12-19T19:00,70.3,41.6,347.0,19.9,10.8,91.0
2022-12-19T20:00,68.9,40.7,334.0,16.6,10.4,93.0
2022-12-19T21:00,67.1,39.7,318.0,12.8,9.8,96.0
2022-12-19T22:00,67.3,40.0,309.0,10.5,9.4,98.0
2022-12-19T23:00,65.4,38.9,302.0,8.6,9.1,100.0
2022-12-20T00:00,62.6,37.5,305.0,7.8,9.0,102.0
2022-12-20T01:00,63.1,38.0,323.0,10.5,9.7,99.0
2022-12-20T02:00,63.3,38.3,348.0,14.4,10.6,95.0
2022-12-20T03:00,63.8,38.4,365.0,17.0,11.4,93.0
2022-12-20T04:00,64.0,38.5,349.0,14.9,11.1,98.0
2022-12-20T05:00,64.7,39.1,318.0,10.8,10.3,105.0
2022-12-20T06:00,66.6,40.4,285.0,6.1,9.4,114.0
2022-12-20T07:00,69.4,42.0,278.0,4.3,9.0,118.0
2022-12-20T08:00,71.5,43.4,278.0,3.5,8.8,121.0
2022-12-20T09:00,73.6,44.6,287.0,4.8,8.7,122.0
2022-12-20T10:00,74.3,44.9,303.0,8.9,9.0,118.0
2022-12-20T11:00,73.6,44.5,325.0,15.1,9.6,111.0
2022-12-20T12:00,74.0,44.6,347.0,21.7,10.1,105.0
2022-12-20T13:00,74.0,44.6,369.0,23.2,10.3,102.0
2022-12-20T14:00,71.7,43.2,401.0,25.3,10.7,99.0
2022-12-20T15:00,69.4,41.8,431.0,27.2,11.0,94.0
2022-12-20T16:00,67.8,41.1,433.0,27.5,11.0,91.0
2022-12-20T17:00,67.1,40.9,426.0,27.1,10.9,87.0
2022-12-20T18:00,65.9,40.2,409.0,25.3,10.6,85.0
2022-12-20T19:00,65.2,39.6,392.0,22.2,10.2,86.0
2022-12-20T20:00,64.5,39.2,371.0,18.1,9.8,89.0
2022-12-20T21:00,63.8,38.9,348.0,13.4,9.2,92.0
2022-12-20T22:00,64.3,39.1,340.0,11.2,9.0,93.0
2022-12-20T23:00,62.4,38.3,336.0,9.6,8.8,94.0
2022-12-21T00:00,60.1,37.0,332.0,8.1,8.2,96.0
2022-12-21T01:00,59.6,36.8,338.0,10.7,8.6,93.0
2022-12-21T02:00,60.1,37.0,347.0,14.4,9.0,90.0
2022-12-21T03:00,60.5,37.0,351.0,16.8,9.3,88.0
2022-12-21T04:00,60.5,36.9,340.0,14.4,9.1,92.0
2022-12-21T05:00,61.7,37.6,322.0,10.1,8.8,98.0
2022-12-21T06:00,61.9,37.8,302.0,5.5,8.2,104.0
2022-12-21T07:00,61.7,37.7,294.0,4.2,7.9,106.0
2022-12-21T08:00,61.2,37.5,289.0,4.0,7.7,107.0
2022-12-21T09:00,60.1,36.7,289.0,5.8,7.6,105.0
2022-12-21T10:00,59.3,36.0,297.0,9.6,7.8,101.0
2022-12-21T11:00,58.6,35.5,309.0,15.2,8.3,94.0
2022-12-21T12:00,58.1,35.0,324.0,21.3,8.8,88.0
2022-12-21T13:00,59.3,35.7,334.0,22.1,9.1,88.0
2022-12-21T14:00,60.1,36.1,348.0,23.2,9.5,88.0
2022-12-21T15:00,60.5,36.4,358.0,23.8,9.9,89.0
2022-12-21T16:00,61.0,36.7,351.0,23.0,10.0,90.0
2022-12-21T17:00,60.8,36.6,337.0,21.6,10.0,91.0
2022-12-21T18:00,60.1,36.2,319.0,18.6,9.8,95.0
2022-12-21T19:00,60.3,36.2,308.0,14.9,9.4,100.0
2022-12-21T20:00,61.5,36.9,298.0,10.5,8.9,107.0
2022-12-21T21:00,63.6,38.2,290.0,6.1,8.6,114.0
2022-12-21T22:00,65.7,39.6,289.0,4.9,8.9,117.0
2022-12-21T23:00,69.2,41.4,291.0,4.9,9.6,119.0
2022-12-22T00:00,71.0,42.6,302.0,5.8,11.1,122.0
2022-12-22T01:00,75.4,44.9,316.0,9.1,11.9,123.0
2022-12-22T02:00,80.1,47.4,335.0,13.7,13.2,124.0
2022-12-22T03:00,86.6,50.8,351.0,17.1,14.5,128.0
2022-12-22T04:00,,52.6,346.0,15.1,14.8,135.0
2022-12-22T05:00,,54.6,332.0,10.6,14.6,145.0
2022-12-22T06:00,,54.6,314.0,5.6,14.2,154.0
2022-12-22T07:00,,53.7,303.0,3.8,13.9,154.0
2022-12-22T08:00,88.5,51.5,291.0,2.8,13.3,151.0
2022-12-22T09:00,84.5,49.0,286.0,4.1,12.9,144.0
2022-12-22T10:00,82.2,47.7,295.0,8.6,13.2,137.0
2022-12-22T11:00,81.5,47.3,312.0,15.4,13.9,128.0
2022-12-22T12:00,,53.6,354.0,23.4,15.6,122.0
2022-12-22T13:00,,53.0,362.0,24.7,15.4,120.0
2022-12-22T14:00,,52.6,373.0,26.5,15.2,117.0
2022-12-22T15:00,88.0,51.5,381.0,27.6,14.8,114.0
2022-12-22T16:00,85.0,49.7,376.0,26.8,14.2,113.0
2022-12-22T17:00,82.7,48.5,366.0,25.0,13.6,112.0
2022-12-22T18:00,79.9,46.9,351.0,21.7,12.9,112.0
2022-12-22T19:00,77.8,45.6,340.0,18.4,12.3,113.0
2022-12-22T20:00,76.1,44.7,328.0,14.4,11.7,115.0
2022-12-22T21:00,74.7,44.1,317.0,10.2,11.2,116.0
2022-12-22T22:00,73.6,43.4,313.0,8.4,11.1,116.0
2022-12-22T23:00,71.0,42.0,311.0,7.3,11.2,115.0
2022-12-23T00:00,78.0,45.8,338.0,7.3,13.4,121.0
2022-12-23T01:00,79.2,46.6,359.0,10.1,14.4,121.0
2022-12-23T02:00,82.9,48.5,389.0,14.1,15.8,120.0
2022-12-23T03:00,,51.5,418.0,16.9,17.0,123.0
2022-12-23T04:00,,54.4,419.0,14.4,16.8,132.0
2022-12-23T05:00,,,411.0,9.8,16.0,143.0
2022-12-23T06:00,,,401.0,4.7,14.9,155.0
2022-12-23T07:00,,,400.0,3.0,14.0,157.0
2022-12-23T08:00,,,401.0,2.4,13.1,156.0
2022-12-23T09:00,,,409.0,3.9,12.2,151.0
2022-12-23T10:00,,,423.0,8.1,12.3,144.0
2022-12-23T11:00,,,441.0,14.1,12.6,135.0
2022-12-23T12:00,,,474.0,20.6,14.4,129.0
2022-12-23T13:00,,,,21.4,14.3,128.0
2022-12-23T14:00,,,,22.5,14.1,126.0
2022-12-23T15:00,,,,22.8,13.7,125.0
2022-12-23T16:00,,,,21.5,13.3,125.0
2022-12-23T17:00,,,,19.4,12.8,125.0
2022-12-23T18:00,,,472.0,16.0,12.1,126.0
2022-12-23T19:00,,,457.0,12.9,11.6,127.0
2022-12-23T20:00,,,441.0,9.3,10.9,128.0
2022-12-23T21:00,,,424.0,5.8,10.3,129.0
2022-12-23T22:00,,,419.0,4.7,10.1,130.0
2022-12-23T23:00,,,417.0,4.5,9.9,130.0
2022-12-24T00:00,,,396.0,5.2,12.1,125.0
2022-12-24T01:00,,,390.0,4.9,11.2,124.0
2022-12-24T02:00,,,382.0,4.7,10.2,122.0
2022-12-24T03:00,,,372.0,4.8,10.1,120.0
2022-12-24T04:00,,,367.0,5.7,11.8,119.0
2022-12-24T05:00,,,364.0,6.8,14.5,118.0
2022-12-24T06:00,,,359.0,8.6,18.6,116.0
2022-12-24T07:00,88.2,53.8,357.0,9.9,22.4,112.0
2022-12-24T08:00,78.0,47.1,355.0,11.2,26.6,107.0
2022-12-24T09:00,69.8,42.1,345.0,12.8,29.5,99.0
2022-12-24T10:00,63.6,38.2,325.0,13.7,27.8,92.0
2022-12-24T11:00,53.7,32.2,298.0,14.4,24.0,83.0
2022-12-24T12:00,44.9,27.0,252.0,11.5,18.2,76.0
2022-12-24T13:00,39.8,23.9,241.0,9.9,15.1,75.0
2022-12-24T14:00,35.0,21.3,225.0,7.4,10.6,74.0
2022-12-24T15:00,33.6,20.3,207.0,4.9,5.9,73.0
2022-12-24T16:00,32.6,19.5,200.0,4.1,4.9,72.0
2022-12-24T17:00,29.2,17.4,195.0,3.8,5.1,70.0
2022-12-24T18:00,28.6,16.6,190.0,3.7,5.4,69.0
2022-12-24T19:00,25.7,14.8,186.0,3.5,5.3,68.0
2022-12-24T20:00,23.9,13.6,183.0,3.4,5.3,68.0
2022-12-24T21:00,22.5,12.7,181.0,3.4,5.3,68.0
2022-12-24T22:00,19.8,11.2,182.0,3.6,5.4,68.0
2022-12-24T23:00,17.0,9.6,183.0,4.0,5.7,68.0
2022-12-25T00:00,17.8,10.1,181.0,3.9,5.7,67.0
2022-12-25T01:00,18.0,10.4,182.0,4.2,5.9,67.0
2022-12-25T02:00,17.0,9.9,184.0,4.8,6.4,67.0
2022-12-25T03:00,17.5,10.2,188.0,5.6,7.8,68.0
2022-12-25T04:00,18.2,10.6,192.0,6.2,8.9,69.0
2022-12-25T05:00,20.1,11.7,196.0,6.8,10.4,70.0
2022-12-25T06:00,22.9,13.4,210.0,8.2,15.9,70.0
2022-12-25T07:00,27.1,16.3,234.0,10.1,26.4,69.0
2022-12-25T08:00,26.9,16.2,264.0,12.4,,67.0
2022-12-25T09:00,25.9,15.4,291.0,14.8,,65.0
2022-12-25T10:00,23.3,13.4,288.0,15.5,,63.0
2022-12-25T11:00,23.2,13.0,273.0,15.7,,62.0
2022-12-25T12:00,26.0,14.5,251.0,14.6,22.6,58.0
2022-12-25T13:00,25.0,13.9,239.0,12.7,18.8,59.0
2022-12-25T14:00,25.0,14.0,221.0,10.1,13.4,60.0
2022-12-25T15:00,24.9,13.9,203.0,7.3,8.0,61.0
2022-12-25T16:00,27.8,15.5,198.0,6.8,7.0,60.0
2022-12-25T17:00,28.8,16.1,197.0,7.1,7.4,59.0
2022-12-25T18:00,29.4,16.4,198.0,7.8,8.6,57.0
2022-12-25T19:00,29.9,16.6,201.0,8.4,9.6,57.0
2022-12-25T20:00,30.5,17.1,205.0,9.1,11.0,57.0
2022-12-25T21:00,29.7,16.7,210.0,9.9,12.2,58.0
2022-12-25T22:00,25.8,14.3,211.0,10.1,12.3,60.0
2022-12-25T23:00,24.1,13.4,211.0,10.1,11.9,62.0
2022-12-26T00:00,26.0,14.4,206.0,9.1,10.1,66.0
2022-12-26T01:00,25.6,14.3,203.0,7.8,9.0,69.0
2022-12-26T02:00,25.6,14.4,198.0,6.2,7.4,74.0
2022-12-26T03:00,23.3,12.8,196.0,4.8,7.2,79.0
2022-12-26T04:00,25.8,14.2,198.0,5.1,9.2,81.0
2022-12-26T05:00,29.3,16.4,203.0,6.2,12.5,82.0
2022-12-26T06:00,31.5,18.0,216.0,8.2,18.9,82.0
2022-12-26T07:00,35.5,20.6,234.0,10.1,26.6,80.0
2022-12-26T08:00,33.6,19.4,258.0,12.6,,78.0
2022-12-26T09:00,32.0,18.5,279.0,15.1,,74.0
2022-12-26T10:00,30.7,17.4,278.0,16.0,,71.0
2022-12-26T11:00,28.7,15.9,268.0,16.4,,68.0
2022-12-26T12:00,29.5,16.4,240.0,16.1,31.5,66.0
2022-12-26T13:00,30.9,17.4,241.0,16.1,30.6,64.0
2022-12-26T14:00,34.3,19.7,242.0,16.1,29.4,62.0
2022-12-26T15:00,37.7,21.8,242.0,15.9,27.6,59.0
2022-12-26T16:00,38.3,22.4,239.0,15.4,26.1,58.0
2022-12-26T17:00,37.1,21.9,236.0,14.9,24.6,58.0
2022-12-26T18:00,36.2,21.5,231.0,14.2,23.1,58.0
2022-12-26T19:00,35.5,21.2,230.0,14.1,23.1,58.0
2022-12-26T20:00,33.6,20.3,229.0,14.0,23.6,58.0
2022-12-26T21:00,31.9,19.2,226.0,13.5,23.0,58.0
2022-12-26T22:00,29.8,17.9,219.0,12.4,20.1,59.0
2022-12-26T23:00,27.2,16.2,211.0,10.9,16.0,60.0
2022-12-27T00:00,27.0,16.2,255.0,13.9,9.5,57.0
2022-12-27T01:00,27.9,16.9,264.0,14.1,10.7,57.0
2022-12-27T02:00,28.2,17.2,276.0,14.2,12.4,57.0
2022-12-27T03:00,24.4,14.7,281.0,13.8,14.0,59.0
2022-12-27T04:00,25.3,15.3,267.0,12.2,14.3,62.0
2022-12-27T05:00,27.5,16.8,244.0,10.1,14.1,66.0
2022-12-27T06:00,30.3,18.7,219.0,8.1,13.4,70.0
2022-12-27T07:00,31.7,19.6,212.0,7.4,12.3,71.0
2022-12-27T08:00,31.4,19.4,210.0,7.4,10.9,72.0
2022-12-27T09:00,30.9,19.0,213.0,8.4,9.8,71.0
2022-12-27T10:00,28.9,17.6,211.0,10.4,10.2,69.0
2022-12-27T11:00,26.9,16.1,209.0,13.1,11.4,65.0
2022-12-27T12:00,23.9,14.5,243.0,16.5,14.2,58.0
2022-12-27T13:00,25.0,15.4,306.0,16.4,15.0,58.0
2022-12-27T14:00,26.2,16.4,395.0,16.1,16.1,58.0
2022-12-27T15:00,27.6,17.4,,15.8,18.2,59.0
2022-12-27T16:00,29.7,18.8,,15.7,20.6,60.0
2022-12-27T17:00,31.9,20.4,,15.7,23.4,60.0
2022-12-27T18:00,33.2,21.2,,15.6,26.6,61.0
2022-12-27T19:00,33.4,21.4,,15.1,28.5,62.0
2022-12-27T20:00,34.7,22.1,,14.6,29.9,62.0
2022-12-27T21:00,36.0,23.1,,14.2,30.8,63.0
2022-12-27T22:00,34.8,22.2,,14.4,30.4,63.0
2022-12-27T23:00,32.0,20.1,,14.7,29.2,63.0
2022-12-28T00:00,43.5,28.2,,22.2,,62.0
2022-12-28T01:00,41.3,26.8,,21.6,,63.0
2022-12-28T02:00,38.4,24.7,,20.8,28.6,63.0
2022-12-28T03:00,28.6,17.8,408.0,18.9,22.9,66.0
2022-12-28T04:00,24.9,15.1,355.0,16.3,20.5,70.0
2022-12-28T05:00,26.4,16.0,304.0,13.1,19.0,75.0
2022-12-28T06:00,28.5,17.5,255.0,9.8,17.5,80.0
2022-12-28T07:00,30.7,19.0,239.0,8.5,16.5,83.0
2022-12-28T08:00,31.7,19.6,237.0,7.9,15.8,85.0
2022-12-28T09:00,30.7,18.9,243.0,8.8,15.1,84.0
2022-12-28T10:00,28.6,17.4,237.0,11.4,14.5,79.0
2022-12-28T11:00,25.8,15.5,232.0,15.4,14.0,72.0
2022-12-28T12:00,32.5,20.1,323.0,22.2,19.4,61.0
2022-12-28T13:00,36.2,22.8,413.0,21.9,20.5,60.0
2022-12-28T14:00,37.5,23.9,,21.3,22.2,57.0
2022-12-28T15:00,36.7,23.5,,20.7,24.2,55.0
2022-12-28T16:00,36.0,23.0,,20.6,25.4,54.0
2022-12-28T17:00,35.9,23.1,,20.6,26.2,53.0
2022-12-28T18:00,36.1,23.2,,20.6,27.5,53.0
2022-12-28T19:00,36.3,23.5,,20.1,28.4,53.0
2022-12-28T20:00,36.8,23.9,,19.5,29.3,54.0
2022-12-28T21:00,37.5,24.5,,19.5,30.6,55.0
2022-12-28T22:00,38.5,25.2,,19.6,31.3,55.0
2022-12-28T23:00,40.3,26.5,,20.0,32.0,55.0
2022-12-29T00:00,54.0,36.2,,,,38.0
2022-12-29T01:00,51.6,34.5,,,,30.0
2022-12-29T02:00,56.2,37.7,,,,20.0
2022-12-29T03:00,63.6,42.5,,,,15.0
2022-12-29T04:00,47.7,30.9,,,,26.0
2022-12-29T05:00,48.1,30.9,,,,45.0
2022-12-29T06:00,49.5,31.9,474.0,,,70.0
2022-12-29T07:00,47.4,30.5,410.0,,,86.0
2022-12-29T08:00,48.0,30.7,379.0,26.0,,101.0
2022-12-29T09:00,46.4,29.7,358.0,21.3,,112.0
2022-12-29T10:00,42.5,26.9,345.0,21.6,,110.0
2022-12-29T11:00,38.4,24.0,343.0,24.5,,101.0
2022-12-29T12:00,45.3,29.1,403.0,30.4,,94.0
2022-12-29T13:00,45.2,28.9,437.0,29.1,,91.0
2022-12-29T14:00,42.5,27.0,,27.2,29.7,86.0
2022-12-29T15:00,39.0,24.5,,25.5,23.0,80.0
2022-12-29T16:00,36.3,22.7,,25.4,22.0,75.0
2022-12-29T17:00,34.5,21.5,,26.0,23.0,70.0
2022-12-29T18:00,33.3,21.1,,26.5,25.0,64.0
2022-12-29T19:00,33.2,21.2,,26.4,27.2,61.0
2022-12-29T20:00,35.3,22.9,,26.0,30.0,59.0
2022-12-29T21:00,39.1,25.7,,25.5,32.0,56.0
2022-12-29T22:00,43.2,28.8,,25.5,30.5,54.0
2022-12-29T23:00,37.0,24.4,,25.5,27.2,53.0
2022-12-30T00:00,38.5,25.6,,29.1,30.0,52.0
2022-12-30T01:00,31.5,20.6,,29.5,,49.0
2022-12-30T02:00,28.3,18.4,460.0,29.9,,46.0
2022-12-30T03:00,29.0,18.9,400.0,30.5,,45.0
2022-12-30T04:00,32.0,21.0,397.0,,,49.0
2022-12-30T05:00,36.6,24.0,414.0,,,56.0
2022-12-30T06:00,41.2,27.2,424.0,,,68.0
2022-12-30T07:00,40.6,26.9,402.0,28.5,,81.0
2022-12-30T08:00,40.9,27.2,368.0,23.5,,96.0
2022-12-30T09:00,39.7,26.4,334.0,19.1,,109.0
2022-12-30T10:00,38.0,25.0,328.0,20.6,,108.0
2022-12-30T11:00,35.3,23.1,333.0,24.3,,100.0
2022-12-30T12:00,33.6,21.9,377.0,30.0,,96.0
2022-12-30T13:00,33.2,21.4,400.0,28.8,30.0,92.0
2022-12-30T14:00,30.5,19.4,433.0,27.0,24.5,87.0
2022-12-30T15:00,27.6,17.3,470.0,24.8,19.2,80.0
2022-12-30T16:00,25.3,15.7,,23.2,18.1,75.0
2022-12-30T17:00,24.0,14.8,,21.9,18.6,71.0
2022-12-30T18:00,23.6,14.6,,20.9,20.5,65.0
2022-12-30T19:00,24.6,15.3,,21.3,23.2,61.0
2022-12-30T20:00,26.8,16.9,,22.4,26.9,58.0
2022-12-30T21:00,30.2,19.4,,24.0,30.2,54.0
2022-12-30T22:00,36.2,23.7,,24.4,29.4,53.0
2022-12-30T23:00,33.8,22.1,,24.8,27.0,52.0
2022-12-31T00:00,44.8,29.8,,,,31.0
2022-12-31T01:00,55.1,37.1,,,,28.0
2022-12-31T02:00,66.8,45.5,,,,25.0
2022-12-31T03:00,59.8,40.2,,,,27.0
2022-12-31T04:00,52.7,35.2,,,,38.0
2022-12-31T05:00,48.3,32.2,,,,55.0
2022-12-31T06:00,48.5,32.6,,,,78.0
2022-12-31T07:00,47.8,32.1,453.0,,,96.0
2022-12-31T08:00,50.9,34.2,418.0,28.1,,116.0
2022-12-31T09:00,49.2,33.1,386.0,23.5,,132.0
2022-12-31T10:00,45.6,30.4,371.0,25.6,,130.0
2022-12-31T11:00,42.3,27.8,365.0,31.0,,120.0
2022-12-31T12:00,57.0,38.1,423.0,,,114.0
2022-12-31T13:00,58.4,38.9,472.0,,,110.0
2022-12-31T14:00,57.7,38.3,,,,105.0
2022-12-31T15:00,56.9,37.6,,,,98.0
2022-12-31T16:00,56.7,37.4,,,,94.0
2022-12-31T17:00,56.6,37.1,,,,90.0
2022-12-31T18:00,56.3,36.9,,,,86.0
2022-12-31T19:00,56.1,36.8,,,,83.0
2022-12-31T20:00,56.9,37.4,,,,80.0
2022-12-31T21:00,54.5,35.7,,,,77.0
2022-12-31T22:00,61.9,41.0,,,,76.0
2022-12-31T23:00,66.1,44.1,,,,75.0
2023-01-01T00:00,66.8,44.6,,,,74.0
2023-01-01T01:00,65.0,43.3,,,,72.0
2023-01-01T02:00,62.9,41.7,,,,69.0
2023-01-01T03:00,60.5,39.9,,,,70.0
2023-01-01T04:00,53.4,34.9,,,,78.0
2023-01-01T05:00,48.9,31.9,445.0,,,89.0
2023-01-01T06:00,50.4,33.1,356.0,25.5,,104.0
2023-01-01T07:00,53.8,35.4,313.0,20.5,,114.0
2023-01-01T08:00,52.6,34.6,284.0,15.1,,123.0
2023-01-01T09:00,49.1,32.1,263.0,11.6,27.5,126.0
2023-01-01T10:00,45.3,29.4,259.0,14.4,22.8,116.0
2023-01-01T11:00,42.8,27.6,267.0,20.1,20.0,99.0
2023-01-01T12:00,43.2,28.2,328.0,28.5,17.9,88.0
2023-01-01T13:00,41.4,26.8,362.0,27.2,17.3,85.0
2023-01-01T14:00,39.5,25.3,410.0,25.3,16.5,80.0
2023-01-01T15:00,38.4,24.3,461.0,23.0,16.0,75.0
2023-01-01T16:00,38.4,24.1,475.0,21.8,16.5,75.0
2023-01-01T17:00,39.5,24.5,479.0,20.8,17.4,76.0
2023-01-01T18:00,41.3,25.5,478.0,19.9,19.3,78.0
2023-01-01T19:00,44.2,27.2,474.0,19.4,21.2,79.0
2023-01-01T20:00,48.4,29.7,466.0,19.1,23.5,81.0
2023-01-01T21:00,52.9,32.6,470.0,19.3,27.2,82.0
2023-01-01T22:00,57.5,35.6,,19.9,31.5,81.0
2023-01-01T23:00,67.8,42.7,,20.7,,79.0
2023-01-02T00:00,58.7,36.1,417.0,20.0,29.2,81.0
2023-01-02T01:00,63.8,39.8,457.0,23.1,28.7,79.0
2023-01-02T02:00,66.4,41.7,,27.5,27.9,77.0
2023-01-02T03:00,62.9,39.2,,29.6,25.9,76.0
2023-01-02T04:00,53.7,32.4,463.0,25.5,23.4,81.0
2023-01-02T05:00,49.2,29.3,348.0,18.2,20.1,88.0
2023-01-02T06:00,47.6,28.3,224.0,10.2,16.5,95.0
2023-01-02T07:00,47.3,28.1,192.0,7.7,14.9,97.0
2023-01-02T08:00,45.6,27.1,186.0,6.7,13.9,97.0
2023-01-02T09:00,42.1,24.7,192.0,7.3,12.9,94.0
2023-01-02T10:00,39.8,23.2,193.0,10.2,12.2,88.0
2023-01-02T11:00,38.3,22.2,199.0,14.6,11.8,79.0
2023-01-02T12:00,39.2,23.2,244.0,20.5,14.0,69.0
2023-01-02T13:00,39.3,23.5,297.0,19.8,14.6,69.0
2023-01-02T14:00,39.6,23.7,372.0,18.8,15.4,69.0
2023-01-02T15:00,40.3,24.2,454.0,17.6,16.6,69.0
2023-01-02T16:00,41.3,25.0,482.0,17.2,17.8,70.0
2023-01-02T17:00,42.3,25.6,,17.0,19.1,71.0
2023-01-02T18:00,42.8,25.8,,16.6,21.0,72.0
2023-01-02T19:00,43.5,26.1,481.0,16.5,22.5,73.0
2023-01-02T20:00,45.4,27.3,455.0,16.2,24.2,75.0
2023-01-02T21:00,48.1,29.0,429.0,16.0,26.2,77.0
2023-01-02T22:00,51.3,31.2,427.0,15.8,27.8,78.0
2023-01-02T23:00,56.9,34.7,432.0,15.4,29.2,79.0
2023-01-03T00:00,58.8,36.7,,23.1,,80.0
2023-01-03T01:00,56.8,34.7,,23.0,32.0,82.0
2023-01-03T02:00,59.6,36.3,442.0,22.6,26.8,85.0
2023-01-03T03:00,55.9,33.2,375.0,20.9,20.5,90.0
2023-01-03T04:00,56.7,33.3,327.0,17.4,17.3,96.0
2023-01-03T05:00,61.0,36.0,278.0,12.6,14.8,103.0
2023-01-03T06:00,64.0,38.1,232.0,7.7,12.1,110.0
2023-01-03T07:00,68.9,41.3,222.0,5.8,10.7,112.0
2023-01-03T08:00,71.9,43.1,226.0,4.8,9.8,113.0
2023-01-03T09:00,71.0,42.6,239.0,5.8,9.1,111.0
2023-01-03T10:00,71.2,42.6,249.0,9.3,9.1,106.0
2023-01-03T11:00,70.3,42.0,263.0,14.4,9.4,99.0
2023-01-03T12:00,66.1,39.5,292.0,20.5,10.7,90.0
2023-01-03T13:00,67.8,40.5,341.0,20.9,11.8,89.0
2023-01-03T14:00,70.1,42.0,410.0,21.5,13.3,88.0
2023-01-03T15:00,72.6,43.7,480.0,22.0,15.1,87.0
2023-01-03T16:00,72.4,43.7,,21.9,15.7,87.0
2023-01-03T17:00,71.7,43.2,,21.6,16.1,87.0
2023-01-03T18:00,71.5,43.0,470.0,21.2,16.4,87.0
2023-01-03T19:00,70.8,42.5,445.0,21.1,16.5,87.0
2023-01-03T20:00,69.2,41.3,412.0,21.0,16.4,87.0
2023-01-03T21:00,69.4,41.3,377.0,20.9,16.5,88.0
2023-01-03T22:00,70.1,41.8,368.0,20.5,17.1,89.0
2023-01-03T23:00,71.2,42.6,367.0,20.1,18.0,90.0
2023-01-04T00:00,72.2,43.4,411.0,20.7,21.1,90.0
2023-01-04T01:00,71.2,42.7,417.0,21.0,20.1,91.0
2023-01-04T02:00,75.4,45.4,425.0,21.5,18.7,92.0
2023-01-04T03:00,73.1,43.4,417.0,20.5,16.6,96.0
2023-01-04T04:00,71.0,41.6,380.0,17.3,14.9,101.0
2023-01-04T05:00,70.5,41.2,326.0,12.8,13.2,108.0
2023-01-04T06:00,71.0,41.6,270.0,7.9,11.1,115.0
2023-01-04T07:00,70.8,41.3,255.0,5.9,10.0,118.0
2023-01-04T08:00,69.4,40.4,253.0,4.8,9.1,119.0
2023-01-04T09:00,66.4,38.4,258.0,5.6,8.4,117.0
2023-01-04T10:00,63.6,36.6,263.0,9.2,8.5,112.0
2023-01-04T11:00,61.5,35.2,272.0,14.8,9.1,104.0
2023-01-04T12:00,61.7,35.5,296.0,20.5,9.8,95.0
2023-01-04T13:00,61.2,35.4,324.0,21.4,10.3,94.0
2023-01-04T14:00,60.1,34.9,364.0,22.6,11.1,93.0
2023-01-04T15:00,59.5,34.6,404.0,23.8,11.9,92.0
2023-01-04T16:00,59.0,34.3,411.0,24.0,12.1,92.0
2023-01-04T17:00,58.2,34.0,406.0,24.0,11.9,92.0
2023-01-04T18:00,57.2,33.3,390.0,23.4,11.6,93.0
2023-01-04T19:00,56.1,32.7,370.0,22.4,11.2,94.0
2023-01-04T20:00,55.2,32.1,343.0,21.1,10.7,96.0
2023-01-04T21:00,55.1,32.0,317.0,19.0,10.1,99.0
2023-01-04T22:00,56.1,32.7,313.0,17.0,10.0,102.0
2023-01-04T23:00,59.4,34.8,318.0,14.6,10.0,107.0
2023-01-05T00:00,64.3,38.1,329.0,14.3,10.6,109.0
2023-01-05T01:00,70.5,42.3,344.0,16.1,10.6,109.0
2023-01-05T02:00,77.1,46.6,365.0,18.7,10.8,109.0
2023-01-05T03:00,82.2,49.9,381.0,19.6,10.6,111.0
2023-01-05T04:00,86.8,53.0,371.0,16.2,10.0,115.0
2023-01-05T05:00,,55.6,351.0,10.8,9.1,121.0
2023-01-05T06:00,,,328.0,5.1,8.2,127.0
2023-01-05T07:00,,,321.0,3.5,7.8,128.0
2023-01-05T08:00,,,319.0,3.2,7.6,126.0
2023-01-05T09:00,,,323.0,5.2,7.6,122.0
2023-01-05T10:00,,,332.0,9.1,8.0,116.0
2023-01-05T11:00,,,346.0,14.8,8.7,109.0
2023-01-05T12:00,83.4,50.8,367.0,20.7,9.8,100.0
2023-01-05T13:00,87.1,53.2,385.0,22.0,10.2,100.0
2023-01-05T14:00,,55.2,411.0,24.0,10.9,100.0
2023-01-05T15:00,,,433.0,25.8,11.6,100.0
2023-01-05T16:00,,,431.0,26.0,11.8,100.0
2023-01-05T17:00,,,419.0,25.8,11.8,101.0
2023-01-05T18:00,,,395.0,23.6,11.6,103.0
2023-01-05T19:00,,,369.0,19.4,10.9,106.0
2023-01-05T20:00,,,338.0,13.6,10.1,111.0
2023-01-05T21:00,,54.2,304.0,7.6,9.2,115.0
2023-01-05T22:00,85.0,51.6,292.0,5.8,8.9,116.0
2023-01-05T23:00,82.4,49.8,287.0,5.4,8.6,116.0
2023-01-06T00:00,78.2,47.4,285.0,7.7,8.9,111.0
2023-01-06T01:00,78.9,47.8,290.0,10.9,9.1,108.0
2023-01-06T02:00,78.0,47.3,296.0,15.4,9.3,103.0
2023-01-06T03:00,77.8,46.9,301.0,18.5,9.4,99.0
2023-01-06T04:00,79.4,48.0,297.0,16.0,8.9,101.0
2023-01-06T05:00,82.0,49.6,289.0,11.1,8.1,106.0
2023-01-06T06:00,83.8,51.0,282.0,5.7,7.2,111.0
2023-01-06T07:00,84.8,51.5,283.0,4.4,6.8,111.0
2023-01-06T08:00,82.9,50.1,287.0,4.2,6.7,110.0
2023-01-06T09:00,79.2,47.6,293.0,5.8,6.7,106.0
2023-01-06T10:00,74.5,44.6,295.0,8.7,6.8,101.0
2023-01-06T11:00,70.1,41.9,297.0,12.9,7.2,95.0
2023-01-06T12:00,65.2,39.0,312.0,17.6,8.1,88.0
2023-01-06T13:00,62.9,37.7,325.0,18.8,8.6,87.0
2023-01-06T14:00,61.2,36.8,344.0,20.4,9.1,85.0
2023-01-06T15:00,59.4,35.7,364.0,22.0,9.7,83.0
2023-01-06T16:00,57.9,34.8,370.0,22.5,10.0,83.0
2023-01-06T17:00,56.6,34.1,371.0,22.5,10.2,85.0
2023-01-06T18:00,55.1,33.1,365.0,21.4,10.2,88.0
2023-01-06T19:00,54.2,32.5,351.0,19.2,9.9,93.0
2023-01-06T20:00,54.6,32.6,331.0,16.1,9.3,99.0
2023-01-06T21:00,56.2,33.4,314.0,12.6,8.8,107.0
2023-01-06T22:00,59.4,35.3,316.0,10.8,8.8,112.0
2023-01-06T23:00,62.2,36.9,326.0,9.4,8.9,116.0
2023-01-07T00:00,61.7,36.7,319.0,8.8,8.8,118.0
2023-01-07T01:00,65.0,38.6,331.0,11.2,9.0,117.0
2023-01-07T02:00,68.9,41.1,348.0,14.6,9.2,117.0
2023-01-07T03:00,72.2,42.8,364.0,17.0,9.6,117.0
2023-01-07T04:00,75.0,44.7,363.0,14.9,9.6,119.0
2023-01-07T05:00,78.9,47.4,356.0,10.9,9.6,123.0
2023-01-07T06:00,83.8,50.6,351.0,6.7,9.8,126.0
2023-01-07T07:00,,54.9,355.0,5.4,9.9,126.0
2023-01-07T08:00,,,362.0,5.0,10.0,126.0
2023-01-07T09:00,,,381.0,6.8,10.4,123.0
2023-01-07T10:00,,,403.0,10.9,10.9,119.0
2023-01-07T11:00,,,430.0,16.8,11.5,114.0
2023-01-07T12:00,,,470.0,21.6,12.9,111.0
2023-01-07T13:00,,,,23.2,13.8,110.0
2023-01-07T14:00,,,,25.5,15.1,109.0
2023-01-07T15:00,,,,27.7,16.6,108.0
2023-01-07T16:00,,,,28.0,17.4,108.0
2023-01-07T17:00,,,,27.6,17.8,109.0
2023-01-07T18:00,,,,26.2,18.1,110.0
2023-01-07T19:00,,,,24.1,18.0,112.0
2023-01-07T20:00,,,,21.2,17.6,114.0
2023-01-07T21:00,,,,17.9,17.0,117.0
2023-01-07T22:00,,,,15.7,16.4,119.0
2023-01-07T23:00,,,,13.8,15.6,120.0
2023-01-08T00:00,,,,11.2,14.2,122.0
2023-01-08T01:00,,,,13.9,15.2,120.0
2023-01-08T02:00,,,,17.5,16.6,118.0
2023-01-08T03:00,,,,19.9,18.1,118.0
2023-01-08T04:00,,,,17.2,18.5,124.0
2023-01-08T05:00,,,,12.4,18.5,132.0
2023-01-08T06:00,,,453.0,7.2,18.2,140.0
2023-01-08T07:00,,,430.0,5.7,17.6,141.0
2023-01-08T08:00,,,407.0,5.3,16.7,139.0
2023-01-08T09:00,,,384.0,7.0,15.9,134.0
2023-01-08T10:00,,55.5,372.0,11.1,15.9,128.0
2023-01-08T11:00,84.5,50.2,364.0,16.9,16.2,119.0
2023-01-08T12:00,74.3,43.5,371.0,20.1,16.2,114.0
2023-01-08T13:00,71.5,41.6,390.0,22.0,16.7,111.0
2023-01-08T14:00,68.2,39.5,418.0,24.5,17.5,107.0
2023-01-08T15:00,65.4,37.8,443.0,27.1,18.2,103.0
2023-01-08T16:00,63.6,36.7,444.0,27.5,18.4,102.0
2023-01-08T17:00,61.7,35.6,436.0,27.2,18.4,101.0
2023-01-08T18:00,59.8,34.5,414.0,25.8,18.0,102.0
2023-01-08T19:00,57.5,32.9,384.0,23.9,17.2,103.0
2023-01-08T20:00,55.4,31.8,346.0,21.2,16.2,105.0
2023-01-08T21:00,53.8,30.9,303.0,18.0,15.1,108.0
2023-01-08T22:00,53.0,30.4,285.0,15.8,14.6,110.0
2023-01-08T23:00,52.4,30.0,273.0,13.6,14.4,111.0
2023-01-09T00:00,53.3,30.6,281.0,13.4,14.8,111.0
2023-01-09T01:00,53.1,30.6,307.0,16.0,15.1,109.0
2023-01-09T02:00,53.9,31.3,343.0,19.8,15.4,106.0
2023-01-09T03:00,53.3,30.7,363.0,21.6,15.6,105.0
2023-01-09T04:00,50.4,28.4,332.0,18.0,15.2,111.0
2023-01-09T05:00,51.6,29.0,276.0,11.7,14.6,120.0
2023-01-09T06:00,53.3,30.0,217.0,5.1,13.6,129.0
2023-01-09T07:00,53.3,30.0,203.0,3.2,13.0,130.0
2023-01-09T08:00,53.3,29.9,201.0,2.7,12.4,129.0
2023-01-09T09:00,52.4,29.3,209.0,4.6,11.9,125.0
2023-01-09T10:00,51.3,28.6,216.0,8.8,11.9,119.0
2023-01-09T11:00,50.5,27.9,227.0,14.9,12.3,111.0
2023-01-09T12:00,56.2,31.8,264.0,22.4,15.1,103.0
2023-01-09T13:00,57.9,32.9,302.0,23.3,15.4,102.0
2023-01-09T14:00,58.6,33.4,355.0,24.6,15.9,100.0
2023-01-09T15:00,58.4,33.3,412.0,25.9,16.5,99.0
2023-01-09T16:00,58.3,33.3,428.0,25.8,17.1,99.0
2023-01-09T17:00,58.1,33.3,431.0,25.2,17.6,99.0
2023-01-09T18:00,57.3,32.8,424.0,24.5,18.2,100.0
2023-01-09T19:00,56.2,32.2,411.0,24.2,18.5,100.0
2023-01-09T20:00,56.0,32.1,392.0,24.1,18.7,100.0
2023-01-09T21:00,56.1,32.4,369.0,23.5,18.4,101.0
2023-01-09T22:00,55.4,32.0,356.0,22.2,17.2,102.0
2023-01-09T23:00,54.4,31.4,345.0,20.5,15.6,103.0
2023-01-10T00:00,53.0,30.5,326.0,16.0,12.5,107.0
2023-01-10T01:00,52.4,30.3,344.0,17.4,12.4,105.0
2023-01-10T02:00,51.9,30.3,370.0,19.1,12.4,103.0
2023-01-10T03:00,52.5,30.4,387.0,19.5,12.1,103.0
2023-01-10T04:00,52.3,30.0,371.0,16.1,11.9,109.0
2023-01-10T05:00,52.4,30.0,340.0,11.1,11.4,117.0
2023-01-10T06:00,53.3,30.9,308.0,5.7,11.1,127.0
2023-01-10T07:00,54.5,31.5,303.0,3.9,10.9,131.0
2023-01-10T08:00,54.8,31.7,306.0,3.3,10.9,133.0
2023-01-10T09:00,54.4,31.2,318.0,4.8,11.1,133.0
2023-01-10T10:00,54.2,30.9,328.0,8.6,11.5,129.0
2023-01-10T11:00,54.6,31.0,341.0,14.2,12.2,123.0
2023-01-10T12:00,56.5,32.2,365.0,15.1,30.4,119.0
2023-01-10T13:00,60.1,34.7,367.0,15.1,29.5,118.0
2023-01-10T14:00,63.3,36.8,370.0,15.1,28.2,118.0
2023-01-10T15:00,65.7,38.3,372.0,14.8,26.6,117.0
2023-01-10T16:00,66.6,38.9,371.0,14.1,25.7,117.0
2023-01-10T17:00,67.5,39.3,368.0,13.1,24.9,118.0
2023-01-10T18:00,69.4,40.5,366.0,12.4,24.4,119.0
2023-01-10T19:00,70.8,41.4,369.0,12.6,25.0,118.0
2023-01-10T20:00,71.0,41.8,373.0,13.4,26.0,117.0
2023-01-10T21:00,69.8,41.3,379.0,14.2,27.3,115.0
2023-01-10T22:00,68.7,40.9,383.0,14.8,27.8,114.0
2023-01-10T23:00,67.3,40.2,386.0,15.4,28.1,113.0
2023-01-11T00:00,66.4,39.8,392.0,15.8,28.8,109.0
2023-01-11T01:00,65.7,39.1,391.0,14.6,27.8,110.0
2023-01-11T02:00,65.0,38.8,389.0,13.0,26.2,113.0
2023-01-11T03:00,64.5,38.1,383.0,10.8,24.0,117.0
2023-01-11T04:00,62.4,35.9,372.0,9.0,22.0,123.0
2023-01-11T05:00,60.5,34.7,358.0,7.2,19.6,131.0
2023-01-11T06:00,59.6,34.5,347.0,6.1,19.2,137.0
2023-01-11T07:00,60.5,35.3,353.0,7.4,23.2,136.0
2023-01-11T08:00,59.8,34.9,367.0,9.9,29.5,133.0
2023-01-11T09:00,59.1,34.3,381.0,12.9,,128.0
2023-01-11T10:00,56.7,32.6,382.0,14.1,,125.0
2023-01-11T11:00,54.4,31.0,378.0,15.0,,122.0
2023-01-11T12:00,56.9,32.9,396.0,19.6,,114.0
2023-01-11T13:00,58.7,34.0,392.0,18.6,,114.0
2023-01-11T14:00,59.5,34.5,387.0,17.2,31.4,114.0
2023-01-11T15:00,60.1,34.8,380.0,15.4,26.7,115.0
2023-01-11T16:00,60.8,35.3,375.0,14.2,25.2,116.0
2023-01-11T17:00,62.2,36.3,370.0,13.1,24.6,117.0
2023-01-11T18:00,64.7,38.0,369.0,12.8,25.4,117.0
2023-01-11T19:00,67.8,40.0,375.0,14.1,27.5,114.0
2023-01-11T20:00,70.3,41.9,385.0,16.2,30.8,111.0
2023-01-11T21:00,72.9,44.5,398.0,18.5,,106.0
2023-01-11T22:00,75.7,46.8,405.0,18.9,,104.0
2023-01-11T23:00,77.1,48.0,411.0,18.6,,103.0
2023-01-12T00:00,75.4,46.8,414.0,18.3,,102.0
2023-01-12T01:00,71.7,44.0,409.0,17.1,,104.0
2023-01-12T02:00,69.8,42.8,402.0,15.4,32.2,106.0
2023-01-12T03:00,66.4,40.3,386.0,12.9,27.8,111.0
2023-01-12T04:00,60.3,35.5,365.0,10.6,24.1,118.0
2023-01-12T05:00,58.0,33.9,339.0,8.0,20.4,126.0
2023-01-12T06:00,58.2,34.2,316.0,6.3,18.9,133.0
2023-01-12T07:00,59.1,35.0,316.0,7.6,22.8,131.0
2023-01-12T08:00,58.0,34.5,324.0,10.2,29.6,126.0
2023-01-12T09:00,56.6,33.8,337.0,14.0,,118.0
2023-01-12T10:00,54.2,32.4,343.0,16.5,,112.0
2023-01-12T11:00,51.8,30.7,349.0,19.1,,105.0
2023-01-12T12:00,44.5,26.2,346.0,21.6,,99.0
2023-01-12T13:00,47.0,27.9,347.0,22.5,,97.0
2023-01-12T14:00,48.5,29.0,349.0,23.7,,93.0
2023-01-12T15:00,49.7,29.8,350.0,24.9,,89.0
2023-01-12T16:00,51.9,31.4,349.0,25.0,,87.0
2023-01-12T17:00,54.9,33.5,348.0,24.8,,85.0
2023-01-12T18:00,58.1,35.9,348.0,24.2,,82.0
2023-01-12T19:00,60.1,37.4,352.0,24.0,,80.0
2023-01-12T20:00,61.7,38.6,358.0,23.8,,78.0
2023-01-12T21:00,62.9,39.9,366.0,23.0,,76.0
2023-01-12T22:00,64.0,41.0,374.0,21.8,,75.0
2023-01-12T23:00,66.1,42.7,382.0,20.3,,74.0
2023-01-13T00:00,74.3,48.5,406.0,17.8,,75.0
2023-01-13T01:00,74.5,48.9,409.0,17.6,,75.0
2023-01-13T02:00,67.1,43.4,412.0,17.2,,74.0
2023-01-13T03:00,63.3,41.1,395.0,15.9,,76.0
2023-01-13T04:00,44.7,27.4,348.0,13.4,,82.0
2023-01-13T05:00,36.8,22.3,282.0,10.1,28.9,91.0
2023-01-13T06:00,37.5,23.1,219.0,7.6,20.6,100.0
2023-01-13T07:00,39.9,24.9,216.0,8.8,24.2,101.0
2023-01-13T08:00,41.6,26.0,234.0,11.6,32.8,99.0
2023-01-13T09:00,41.3,25.9,259.0,15.5,,95.0
2023-01-13T10:00,39.5,24.7,268.0,18.0,,90.0
2023-01-13T11:00,37.4,23.3,275.0,20.4,,84.0
2023-01-13T12:00,36.8,23.1,279.0,22.4,,77.0
2023-01-13T13:00,37.0,23.5,274.0,22.4,,74.0
2023-01-13T14:00,36.2,23.0,265.0,21.4,,72.0
2023-01-13T15:00,35.3,22.4,251.0,20.0,,71.0
2023-01-13T16:00,35.4,22.4,241.0,19.4,,70.0
2023-01-13T17:00,36.6,23.1,231.0,18.8,31.4,70.0
2023-01-13T18:00,37.4,23.6,223.0,18.1,30.0,70.0
2023-01-13T19:00,37.8,23.8,223.0,18.0,30.9,70.0
2023-01-13T20:00,38.9,24.4,227.0,17.9,32.8,69.0
2023-01-13T21:00,40.7,25.8,237.0,17.7,,69.0
2023-01-13T22:00,43.5,27.7,250.0,17.5,,68.0
2023-01-13T23:00,47.4,30.5,266.0,17.1,,67.0
2023-01-14T00:00,51.7,33.6,281.0,16.5,,67.0
2023-01-14T01:00,51.7,33.6,284.0,15.9,,67.0
2023-01-14T02:00,48.2,31.2,282.0,15.1,,67.0
2023-01-14T03:00,42.8,27.3,269.0,13.7,,70.0
2023-01-14T04:00,34.5,21.1,244.0,11.8,32.0,78.0
2023-01-14T05:00,30.2,18.1,210.0,9.4,26.9,88.0
2023-01-14T06:00,34.1,20.8,181.0,7.9,24.0,99.0
2023-01-14T07:00,37.1,22.9,188.0,9.4,28.4,101.0
2023-01-14T08:00,38.6,24.0,209.0,12.1,,100.0
2023-01-14T09:00,38.3,24.0,232.0,15.6,,96.0
2023-01-14T10:00,35.9,22.5,235.0,17.2,,91.0
2023-01-14T11:00,32.8,20.5,233.0,18.5,,83.0
2023-01-14T12:00,30.6,19.2,228.0,19.5,,75.0
2023-01-14T13:00,30.4,19.2,223.0,19.6,,71.0
2023-01-14T14:00,29.6,18.7,218.0,19.3,,68.0
2023-01-14T15:00,29.7,18.8,213.0,18.8,32.0,65.0
2023-01-14T16:00,31.3,19.9,213.0,18.4,31.6,64.0
2023-01-14T17:00,33.8,21.6,215.0,18.0,32.2,63.0
2023-01-14T18:00,36.7,23.6,225.0,17.6,,63.0
2023-01-14T19:00,40.2,26.0,241.0,17.8,,62.0
2023-01-14T20:00,44.1,28.8,263.0,18.1,,62.0
2023-01-14T21:00,48.2,31.8,286.0,18.2,,61.0
2023-01-14T22:00,51.9,34.5,293.0,17.6,,61.0
2023-01-14T23:00,51.0,33.9,295.0,16.8,,61.0
2023-01-15T00:00,44.2,29.1,297.0,16.0,,60.0
2023-01-15T01:00,42.8,28.2,304.0,16.8,,57.0
2023-01-15T02:00,43.3,28.5,311.0,18.1,,54.0
2023-01-15T03:00,48.1,31.9,304.0,18.5,,54.0
2023-01-15T04:00,45.3,29.7,268.0,15.8,,61.0
2023-01-15T05:00,31.8,19.8,217.0,11.7,31.0,73.0
2023-01-15T06:00,32.0,19.8,172.0,8.5,25.3,85.0
2023-01-15T07:00,37.1,23.3,180.0,9.9,30.5,89.0
2023-01-15T08:00,39.8,25.2,208.0,13.1,,90.0
2023-01-15T09:00,40.4,25.7,242.0,17.5,,88.0
2023-01-15T10:00,38.6,24.6,251.0,20.1,,84.0
2023-01-15T11:00,36.2,23.1,254.0,22.5,,78.0
2023-01-15T12:00,34.8,21.8,198.0,20.6,19.7,69.0
2023-01-15T13:00,35.6,22.5,247.0,20.2,18.6,67.0
2023-01-15T14:00,34.7,21.9,317.0,19.8,17.2,65.0
2023-01-15T15:00,33.8,21.4,396.0,19.4,16.3,62.0
2023-01-15T16:00,34.0,21.5,427.0,19.2,17.0,61.0
2023-01-15T17:00,35.5,22.5,446.0,19.3,18.6,60.0
2023-01-15T18:00,37.3,23.7,465.0,19.5,21.6,60.0
2023-01-15T19:00,39.3,25.1,480.0,19.8,25.1,60.0
2023-01-15T20:00,42.6,27.4,,20.2,29.4,59.0
2023-01-15T21:00,46.3,30.0,,20.6,,59.0
2023-01-15T22:00,50.2,32.8,,20.5,,59.0
2023-01-15T23:00,54.7,36.1,,20.1,,60.0
2023-01-16T00:00,55.3,36.6,307.0,19.6,,61.0
2023-01-16T01:00,49.8,32.6,310.0,19.1,,62.0
2023-01-16T02:00,48.7,31.9,313.0,18.4,,62.0
2023-01-16T03:00,47.4,30.9,300.0,16.5,,66.0
2023-01-16T04:00,36.0,22.4,262.0,13.6,30.1,73.0
2023-01-16T05:00,33.2,20.5,210.0,9.9,23.2,82.0
2023-01-16T06:00,34.5,21.4,161.0,6.8,18.5,90.0
2023-01-16T07:00,37.4,23.3,163.0,7.8,23.0,91.0
2023-01-16T08:00,39.2,24.6,184.0,10.6,31.4,88.0
2023-01-16T09:00,39.5,24.6,205.0,13.5,,85.0
2023-01-16T10:00,37.6,23.2,201.0,13.9,,84.0
2023-01-16T11:00,34.9,21.2,190.0,13.4,32.0,82.0
2023-01-16T12:00,33.9,20.2,178.0,13.0,25.5,81.0
2023-01-16T13:00,35.3,21.1,183.0,13.8,25.2,80.0
2023-01-16T14:00,37.5,22.5,190.0,14.9,24.8,80.0
2023-01-16T15:00,39.8,23.9,200.0,16.2,24.6,79.0
2023-01-16T16:00,41.7,25.0,206.0,16.5,25.0,79.0
2023-01-16T17:00,44.0,26.5,211.0,16.5,25.5,80.0
2023-01-16T18:00,45.9,27.8,220.0,16.8,27.4,81.0
2023-01-16T19:00,47.5,28.9,230.0,17.4,29.8,80.0
2023-01-16T20:00,49.5,30.2,241.0,18.1,,79.0
2023-01-16T21:00,51.7,31.7,257.0,18.7,,78.0
2023-01-16T22:00,54.8,34.1,271.0,18.5,,77.0
2023-01-16T23:00,58.1,36.4,287.0,18.0,,76.0
2023-01-17T00:00,69.2,44.6,319.0,16.2,,77.0
2023-01-17T01:00,66.1,42.3,304.0,15.7,,78.0
2023-01-17T02:00,60.5,38.3,284.0,14.9,,80.0
2023-01-17T03:00,47.4,28.8,255.0,13.1,30.8,84.0
2023-01-17T04:00,36.8,21.2,233.0,10.8,24.5,90.0
2023-01-17T05:00,36.2,20.9,210.0,7.9,18.7,97.0
2023-01-17T06:00,38.4,22.5,192.0,5.7,15.3,103.0
2023-01-17T07:00,39.8,23.5,197.0,6.7,18.9,103.0
2023-01-17T08:00,40.5,23.9,212.0,9.1,26.0,101.0
2023-01-17T09:00,41.2,24.4,229.0,12.1,,97.0
2023-01-17T10:00,41.0,24.2,231.0,13.3,,94.0
2023-01-17T11:00,39.7,23.2,229.0,14.2,32.6,90.0
2023-01-17T12:00,37.5,22.1,216.0,15.4,30.4,87.0
2023-01-17T13:00,39.8,23.9,219.0,16.7,30.3,84.0
2023-01-17T14:00,41.7,25.1,224.0,18.5,30.1,81.0
2023-01-17T15:00,43.8,26.6,229.0,20.1,30.0,77.0
2023-01-17T16:00,46.8,28.7,230.0,20.3,29.7,76.0
2023-01-17T17:00,50.9,31.4,230.0,19.9,29.4,77.0
2023-01-17T18:00,54.2,33.8,234.0,19.4,30.5,77.0
2023-01-17T19:00,57.4,35.9,243.0,19.4,,77.0
2023-01-17T20:00,60.8,38.3,256.0,19.6,,76.0
2023-01-17T21:00,65.0,41.1,272.0,19.3,,76.0
2023-01-17T22:00,68.5,43.7,282.0,18.3,,76.0
2023-01-17T23:00,70.1,45.1,290.0,16.9,,77.0
2023-01-18T00:00,64.0,40.6,430.0,19.8,26.0,78.0
2023-01-18T01:00,64.5,40.9,447.0,20.4,24.5,79.0
2023-01-18T02:00,66.4,42.0,470.0,21.2,22.5,80.0
2023-01-18T03:00,66.8,42.0,464.0,20.6,19.4,83.0
2023-01-18T04:00,63.6,39.2,400.0,17.5,16.8,89.0
2023-01-18T05:00,61.2,37.4,305.0,12.9,14.0,97.0
2023-01-18T06:00,62.2,38.0,205.0,7.8,11.0,105.0
2023-01-18T07:00,63.6,39.0,181.0,6.0,9.8,107.0
2023-01-18T08:00,64.5,39.6,180.0,5.1,9.0,108.0
2023-01-18T09:00,65.7,40.3,190.0,5.8,8.6,106.0
2023-01-18T10:00,65.7,40.2,194.0,8.9,8.4,102.0
2023-01-18T11:00,65.0,39.5,203.0,13.6,8.6,96.0
2023-01-18T12:00,56.3,33.9,241.0,18.8,9.4,89.0
2023-01-18T13:00,57.9,34.9,290.0,19.6,10.2,88.0
2023-01-18T14:00,58.8,35.6,360.0,20.9,11.5,87.0
2023-01-18T15:00,59.5,36.1,442.0,22.0,13.6,85.0
2023-01-18T16:00,61.0,37.1,,22.1,15.6,85.0
2023-01-18T17:00,62.4,38.2,,21.9,18.0,85.0
2023-01-18T18:00,62.6,38.3,,21.4,20.9,85.0
2023-01-18T19:00,62.9,38.4,,21.1,22.8,86.0
2023-01-18T20:00,63.8,39.0,,20.8,24.5,86.0
2023-01-18T21:00,65.7,40.5,480.0,20.2,26.6,87.0
2023-01-18T22:00,68.0,42.1,,19.3,28.7,87.0
2023-01-18T23:00,69.2,43.3,,18.2,31.0,87.0
2023-01-19T00:00,72.9,46.3,,25.3,,85.0
2023-01-19T01:00,71.7,45.4,,25.8,31.4,85.0
2023-01-19T02:00,69.4,43.8,,26.2,25.8,85.0
2023-01-19T03:00,67.8,42.3,,24.8,19.0,88.0
2023-01-19T04:00,61.5,37.5,422.0,20.2,15.5,94.0
2023-01-19T05:00,57.9,34.9,319.0,13.8,12.7,102.0
2023-01-19T06:00,58.9,35.6,212.0,6.9,9.9,110.0
2023-01-19T07:00,60.1,36.4,186.0,4.7,8.6,113.0
2023-01-19T08:00,61.7,37.6,186.0,3.9,7.9,113.0
2023-01-19T09:00,61.7,37.6,197.0,5.1,7.5,111.0
2023-01-19T10:00,61.2,37.1,200.0,8.6,7.4,106.0
2023-01-19T11:00,61.5,37.3,208.0,13.6,7.7,98.0
2023-01-19T12:00,53.0,31.8,229.0,18.1,8.5,92.0
2023-01-19T13:00,55.1,33.2,278.0,19.2,9.4,91.0
2023-01-19T14:00,58.0,35.2,348.0,20.8,10.7,89.0
2023-01-19T15:00,61.7,37.6,426.0,22.2,12.6,87.0
2023-01-19T16:00,66.4,40.7,458.0,22.2,13.9,87.0
2023-01-19T17:00,69.8,43.1,478.0,21.8,15.4,88.0
2023-01-19T18:00,71.9,44.5,,20.9,16.9,89.0
2023-01-19T19:00,73.6,45.4,466.0,20.4,17.1,90.0
2023-01-19T20:00,74.7,46.2,434.0,19.8,16.9,90.0
2023-01-19T21:00,76.8,47.5,401.0,19.2,17.4,91.0
2023-01-19T22:00,81.7,50.3,398.0,18.9,19.1,91.0
2023-01-19T23:00,,,404.0,18.6,21.5,92.0
2023-01-20T00:00,,,402.0,19.1,20.7,91.0
2023-01-20T01:00,,,411.0,20.1,19.6,91.0
2023-01-20T02:00,,,424.0,21.5,18.1,90.0
2023-01-20T03:00,,,418.0,21.3,15.9,92.0
2023-01-20T04:00,,55.3,378.0,18.0,13.9,97.0
2023-01-20T05:00,84.8,51.5,319.0,13.1,11.8,103.0
2023-01-20T06:00,82.2,49.9,256.0,7.8,9.4,110.0
2023-01-20T07:00,80.3,48.9,239.0,5.8,8.3,112.0
2023-01-20T08:00,76.6,46.3,237.0,4.8,7.6,112.0
2023-01-20T09:00,72.9,44.1,243.0,5.7,7.2,110.0
2023-01-20T10:00,68.9,41.7,248.0,9.1,7.3,105.0
2023-01-20T11:00,65.9,39.7,257.0,14.1,8.0,97.0
2023-01-20T12:00,72.2,43.9,284.0,19.1,9.4,90.0
2023-01-20T13:00,72.6,44.5,332.0,20.0,10.1,89.0
2023-01-20T14:00,74.7,45.9,401.0,21.0,11.2,87.0
2023-01-20T15:00,76.1,46.8,457.0,22.1,12.0,86.0
2023-01-20T16:00,75.0,45.9,439.0,22.5,11.4,86.0
2023-01-20T17:00,70.1,42.7,391.0,22.7,10.1,87.0
2023-01-20T18:00,67.1,40.9,335.0,22.0,8.9,88.0
2023-01-20T19:00,66.1,40.3,318.0,20.2,8.8,90.0
2023-01-20T20:00,66.1,40.3,309.0,17.8,9.1,92.0
2023-01-20T21:00,66.4,40.5,303.0,15.1,9.6,94.0
2023-01-20T22:00,66.1,40.4,300.0,14.1,9.6,95.0
2023-01-20T23:00,66.4,40.5,300.0,13.8,9.6,95.0
2023-01-21T00:00,64.5,39.2,274.0,8.8,6.8,101.0
2023-01-21T01:00,63.8,38.9,281.0,10.9,7.8,99.0
2023-01-21T02:00,63.6,38.9,291.0,13.9,9.2,97.0
2023-01-21T03:00,61.7,37.5,295.0,15.9,10.4,96.0
2023-01-21T04:00,61.2,37.1,283.0,13.9,10.3,99.0
2023-01-21T05:00,60.5,36.7,263.0,10.1,9.7,104.0
2023-01-21T06:00,61.0,37.3,240.0,5.9,8.6,109.0
2023-01-21T07:00,60.1,36.8,231.0,4.4,7.8,111.0
2023-01-21T08:00,58.8,36.0,225.0,3.7,6.8,111.0
2023-01-21T09:00,57.5,35.2,225.0,4.3,5.8,110.0
2023-01-21T10:00,56.5,34.5,230.0,7.0,5.8,106.0
2023-01-21T11:00,56.0,34.0,240.0,10.9,6.2,101.0
2023-01-21T12:00,63.6,39.0,273.0,16.0,7.4,94.0
2023-01-21T13:00,65.7,40.4,298.0,18.0,7.9,93.0
2023-01-21T14:00,67.5,41.7,335.0,20.7,8.8,92.0
2023-01-21T15:00,68.5,42.3,373.0,23.5,9.6,92.0
2023-01-21T16:00,68.5,42.4,384.0,24.5,9.9,93.0
2023-01-21T17:00,68.2,42.3,386.0,24.8,10.1,94.0
2023-01-21T18:00,68.5,42.4,384.0,23.8,10.2,96.0
2023-01-21T19:00,69.8,43.2,377.0,21.3,10.0,99.0
2023-01-21T20:00,72.2,44.8,367.0,17.7,9.7,102.0
2023-01-21T21:00,75.9,47.3,361.0,14.3,10.0,106.0
2023-01-21T22:00,80.6,50.4,365.0,14.1,11.2,107.0
2023-01-21T23:00,85.7,53.8,375.0,14.9,13.1,107.0
2023-01-22T00:00,78.0,49.4,386.0,16.9,13.9,101.0
2023-01-22T01:00,82.7,52.4,424.0,18.6,14.2,100.0
2023-01-22T02:00,87.5,55.8,476.0,20.9,14.8,100.0
2023-01-22T03:00,88.5,56.1,,21.5,14.9,102.0
2023-01-22T04:00,,55.9,479.0,17.8,14.1,109.0
2023-01-22T05:00,,,415.0,11.9,12.8,119.0
2023-01-22T06:00,,,349.0,5.6,11.4,130.0
2023-01-22T07:00,,,340.0,3.8,11.0,133.0
2023-01-22T08:00,,,348.0,3.3,10.9,133.0
2023-01-22T09:00,,,364.0,4.6,11.1,131.0
2023-01-22T10:00,,,369.0,7.4,11.2,127.0
2023-01-22T11:00,,,375.0,11.5,11.4,120.0
2023-01-22T12:00,86.1,53.1,390.0,18.5,11.6,106.0
2023-01-22T13:00,86.1,53.1,429.0,20.1,12.6,104.0
2023-01-22T14:00,85.9,53.0,,22.6,13.8,101.0
2023-01-22T15:00,85.0,52.4,,25.0,15.1,97.0
2023-01-22T16:00,83.1,51.1,,25.2,15.4,96.0
2023-01-22T17:00,80.6,49.2,,24.8,15.4,95.0
2023-01-22T18:00,77.3,47.0,,24.0,15.1,95.0
2023-01-22T19:00,73.6,44.6,465.0,23.8,14.6,94.0
2023-01-22T20:00,69.6,42.0,418.0,23.6,13.9,94.0
2023-01-22T21:00,65.9,39.7,364.0,23.0,13.1,93.0
2023-01-22T22:00,63.1,38.1,335.0,21.8,12.6,93.0
2023-01-22T23:00,60.8,36.7,311.0,20.1,12.4,93.0
2023-01-23T00:00,59.1,35.6,306.0,17.6,10.9,93.0
2023-01-23T01:00,58.2,35.0,296.0,18.4,10.8,91.0
2023-01-23T02:00,57.3,34.7,281.0,19.4,10.6,89.0
2023-01-23T03:00,51.6,30.9,257.0,19.1,10.4,87.0
2023-01-23T04:00,47.3,28.4,234.0,16.2,9.9,89.0
2023-01-23T05:00,47.6,28.9,208.0,11.9,9.4,92.0
2023-01-23T06:00,49.8,30.5,181.0,7.2,8.6,95.0
2023-01-23T07:00,49.2,30.2,172.0,5.7,8.1,95.0
2023-01-23T08:00,48.2,29.5,168.0,5.1,7.6,95.0
2023-01-23T09:00,46.9,28.6,168.0,5.6,7.2,92.0
2023-01-23T10:00,46.1,27.9,167.0,7.3,7.2,88.0
2023-01-23T11:00,45.2,27.2,169.0,9.9,7.4,84.0
2023-01-23T12:00,38.2,23.1,187.0,15.2,7.5,76.0
2023-01-23T13:00,38.2,23.1,204.0,16.3,7.9,75.0
2023-01-23T14:00,38.1,23.0,228.0,17.8,8.4,74.0
2023-01-23T15:00,38.4,23.2,256.0,19.1,9.2,72.0
2023-01-23T16:00,39.1,23.6,270.0,19.2,9.8,72.0
2023-01-23T17:00,40.0,24.3,282.0,18.9,10.2,72.0
2023-01-23T18:00,40.3,24.4,284.0,18.3,10.6,72.0
2023-01-23T19:00,40.3,24.4,268.0,18.0,10.4,72.0
2023-01-23T20:00,40.3,24.4,243.0,17.6,9.9,73.0
2023-01-23T21:00,40.9,24.7,217.0,17.1,9.5,74.0
2023-01-23T22:00,41.9,25.3,212.0,16.6,10.1,75.0
2023-01-23T23:00,43.3,26.3,214.0,16.1,10.9,76.0
2023-01-24T00:00,41.0,24.8,203.0,12.6,9.1,80.0
2023-01-24T01:00,43.2,26.1,211.0,14.6,9.6,80.0
2023-01-24T02:00,44.9,27.3,222.0,17.3,10.1,81.0
2023-01-24T03:00,41.9,24.8,227.0,18.9,10.6,84.0
2023-01-24T04:00,40.9,23.9,216.0,16.5,10.4,89.0
2023-01-24T05:00,42.7,25.1,197.0,12.3,10.1,96.0
2023-01-24T06:00,44.9,26.4,178.0,7.6,9.6,104.0
2023-01-24T07:00,45.9,27.0,175.0,5.8,9.2,107.0
2023-01-24T08:00,45.1,26.1,177.0,4.9,8.9,109.0
2023-01-24T09:00,45.2,26.0,181.0,4.8,8.5,110.0
2023-01-24T10:00,43.9,25.0,180.0,5.2,8.1,109.0
2023-01-24T11:00,41.9,23.5,178.0,6.4,7.8,106.0
2023-01-24T12:00,41.4,23.3,198.0,11.0,7.8,97.0
2023-01-24T13:00,41.6,23.4,224.0,13.9,8.4,94.0
2023-01-24T14:00,42.6,24.1,260.0,18.0,9.2,89.0
2023-01-24T15:00,44.6,25.4,300.0,22.1,10.2,84.0
2023-01-24T16:00,47.5,27.5,314.0,22.8,10.6,83.0
2023-01-24T17:00,50.9,30.0,321.0,22.2,10.9,83.0
2023-01-24T18:00,53.9,32.2,318.0,21.1,11.2,83.0
2023-01-24T19:00,56.6,34.2,301.0,20.6,11.1,83.0
2023-01-24T20:00,60.1,36.7,274.0,20.1,10.7,84.0
2023-01-24T21:00,63.3,38.9,252.0,19.5,11.2,84.0
2023-01-24T22:00,67.1,41.6,258.0,19.5,13.4,84.0
2023-01-24T23:00,71.0,44.1,276.0,19.5,16.4,84.0
2023-01-25T00:00,72.6,45.4,298.0,19.9,18.4,85.0
2023-01-25T01:00,76.8,48.3,323.0,21.0,18.1,85.0
2023-01-25T02:00,81.3,51.6,359.0,22.5,17.6,85.0
2023-01-25T03:00,75.0,46.8,377.0,22.3,16.5,88.0
2023-01-25T04:00,70.3,43.2,342.0,18.2,14.5,94.0
2023-01-25T05:00,70.5,43.3,283.0,12.1,12.1,102.0
2023-01-25T06:00,71.5,44.0,220.0,5.8,9.4,111.0
2023-01-25T07:00,72.4,44.5,208.0,4.0,8.6,114.0
2023-01-25T08:00,72.4,44.4,213.0,3.6,8.4,114.0
2023-01-25T09:00,72.2,44.1,224.0,4.6,8.4,113.0
2023-01-25T10:00,71.9,43.9,225.0,6.4,8.5,110.0
2023-01-25T11:00,72.2,43.8,227.0,9.1,8.8,107.0
2023-01-25T12:00,58.4,35.2,249.0,12.8,9.3,100.0
2023-01-25T13:00,61.7,37.4,296.0,15.6,10.0,98.0
2023-01-25T14:00,65.9,39.9,362.0,19.4,11.0,96.0
2023-01-25T15:00,69.6,42.4,443.0,23.4,12.8,94.0
2023-01-25T16:00,72.9,44.4,,24.2,14.6,94.0
2023-01-25T17:00,75.4,45.9,,24.0,16.9,95.0
2023-01-25T18:00,76.6,46.7,,23.5,19.1,97.0
2023-01-25T19:00,76.1,46.3,,23.3,19.6,98.0
2023-01-25T20:00,75.4,45.9,,23.0,19.5,98.0
2023-01-25T21:00,74.3,45.2,469.0,22.6,19.6,99.0
2023-01-25T22:00,73.6,44.8,459.0,22.3,20.8,99.0
2023-01-25T23:00,73.6,45.1,456.0,22.0,22.2,99.0
2023-01-26T00:00,71.5,44.4,459.0,20.9,21.0,98.0
2023-01-26T01:00,71.2,44.2,472.0,21.9,19.9,97.0
2023-01-26T02:00,72.6,45.4,,23.2,18.1,97.0
2023-01-26T03:00,71.7,44.5,480.0,22.8,15.6,98.0
2023-01-26T04:00,68.9,42.3,423.0,18.8,13.6,103.0
2023-01-26T05:00,66.8,40.9,339.0,12.9,11.4,111.0
2023-01-26T06:00,68.9,42.5,248.0,6.6,9.0,118.0
2023-01-26T07:00,69.8,43.4,221.0,4.6,8.1,119.0
2023-01-26T08:00,69.8,43.5,214.0,3.8,7.8,118.0
2023-01-26T09:00,68.7,43.0,214.0,4.9,7.7,113.0
2023-01-26T10:00,67.1,41.9,214.0,8.1,7.6,106.0
2023-01-26T11:00,65.7,41.0,218.0,12.9,7.8,97.0
2023-01-26T12:00,69.2,43.7,232.0,17.4,8.1,89.0
2023-01-26T13:00,68.7,43.4,263.0,18.5,8.6,87.0
2023-01-26T14:00,67.5,42.8,306.0,20.1,9.4,83.0
2023-01-26T15:00,65.7,41.7,351.0,21.6,10.4,80.0
2023-01-26T16:00,63.6,40.3,361.0,21.6,10.8,79.0
2023-01-26T17:00,61.7,39.0,360.0,21.1,11.1,80.0
2023-01-26T18:00,59.6,37.6,350.0,20.4,11.7,80.0
2023-01-26T19:00,57.2,36.0,335.0,20.1,12.4,80.0
2023-01-26T20:00,54.8,34.5,315.0,20.0,13.4,79.0
2023-01-26T21:00,53.0,33.2,298.0,19.8,14.9,79.0
2023-01-26T22:00,51.6,32.5,303.0,19.5,17.0,79.0
2023-01-26T23:00,50.6,32.0,318.0,19.1,19.5,79.0
2023-01-27T00:00,50.2,31.9,304.0,18.8,16.3,79.0
2023-01-27T01:00,48.8,31.1,315.0,19.4,15.6,78.0
2023-01-27T02:00,47.8,30.5,329.0,20.1,14.6,76.0
2023-01-27T03:00,44.4,27.9,328.0,19.2,13.1,77.0
2023-01-27T04:00,36.0,22.0,293.0,15.6,11.4,82.0
2023-01-27T05:00,34.7,21.2,240.0,10.4,9.6,89.0
2023-01-27T06:00,35.9,22.0,186.0,5.1,7.8,96.0
2023-01-27T07:00,37.0,22.9,175.0,3.7,7.4,98.0
2023-01-27T08:00,37.4,23.1,178.0,3.5,7.4,99.0
2023-01-27T09:00,36.9,22.8,187.0,4.7,7.7,97.0
2023-01-27T10:00,36.4,22.4,187.0,6.7,7.8,93.0
2023-01-27T11:00,36.4,22.3,187.0,9.4,8.0,88.0
2023-01-27T12:00,31.0,18.7,214.0,12.8,8.8,80.0
2023-01-27T13:00,33.5,20.6,264.0,14.4,9.6,78.0
2023-01-27T14:00,35.9,22.2,335.0,16.7,10.9,75.0
2023-01-27T15:00,38.0,23.6,415.0,19.0,12.6,72.0
2023-01-27T16:00,40.2,25.2,451.0,19.2,14.1,72.0
2023-01-27T17:00,42.3,26.5,474.0,18.8,15.9,73.0
2023-01-27T18:00,43.2,27.2,479.0,18.0,17.1,74.0
2023-01-27T19:00,43.2,27.2,450.0,17.8,16.5,74.0
2023-01-27T20:00,43.1,27.1,400.0,17.5,15.2,75.0
2023-01-27T21:00,42.8,27.0,342.0,17.2,13.6,75.0
2023-01-27T22:00,42.6,26.9,317.0,16.8,13.1,75.0
2023-01-27T23:00,43.0,27.2,300.0,16.3,12.7,76.0
2023-01-28T00:00,44.2,28.1,293.0,15.3,11.4,76.0
2023-01-28T01:00,46.3,29.3,300.0,15.8,11.8,77.0
2023-01-28T02:00,50.4,31.9,310.0,16.3,12.4,79.0
2023-01-28T03:00,53.9,34.0,313.0,15.8,12.8,85.0
2023-01-28T04:00,60.5,38.1,299.0,13.2,12.4,95.0
2023-01-28T05:00,67.5,42.4,278.0,9.5,11.8,107.0
2023-01-28T06:00,75.7,47.6,256.0,5.6,10.9,121.0
2023-01-28T07:00,81.5,51.3,253.0,4.2,10.4,127.0
2023-01-28T08:00,84.8,53.1,257.0,3.7,10.0,130.0
2023-01-28T09:00,85.2,52.9,265.0,4.5,9.8,131.0
2023-01-28T10:00,84.1,51.3,267.0,6.7,9.9,128.0
2023-01-28T11:00,82.7,49.9,268.0,10.0,10.2,123.0
2023-01-28T12:00,65.0,38.0,281.0,13.8,10.9,117.0
2023-01-28T13:00,67.1,39.1,328.0,17.0,11.7,114.0
2023-01-28T14:00,68.9,40.3,394.0,21.7,12.9,110.0
2023-01-28T15:00,70.5,41.1,463.0,26.4,14.2,106.0
2023-01-28T16:00,72.4,42.0,482.0,27.1,14.8,105.0
2023-01-28T17:00,74.3,43.1,,26.6,15.1,106.0
2023-01-28T18:00,75.0,43.5,474.0,25.6,15.2,107.0
2023-01-28T19:00,75.2,43.4,456.0,25.5,15.1,107.0
2023-01-28T20:00,75.2,43.4,428.0,25.3,14.9,107.0
2023-01-28T21:00,75.0,43.3,398.0,24.5,14.4,107.0
2023-01-28T22:00,74.5,43.1,386.0,22.7,14.1,108.0
2023-01-28T23:00,73.6,42.7,379.0,20.4,13.9,109.0
2023-01-29T00:00,73.8,43.5,370.0,16.2,12.1,109.0
2023-01-29T01:00,74.0,43.9,370.0,16.6,12.4,108.0
2023-01-29T02:00,75.0,44.6,370.0,17.2,12.6,107.0
2023-01-29T03:00,72.2,42.3,364.0,16.4,12.4,108.0
2023-01-29T04:00,72.4,42.6,350.0,13.2,11.1,112.0
2023-01-29T05:00,73.1,43.5,332.0,8.9,9.2,117.0
2023-01-29T06:00,74.3,44.7,311.0,4.3,7.2,122.0
2023-01-29T07:00,75.2,45.6,303.0,3.1,6.3,122.0
2023-01-29T08:00,75.0,45.6,298.0,3.0,5.8,119.0
2023-01-29T09:00,73.3,44.7,297.0,4.2,5.6,114.0
2023-01-29T10:00,71.5,43.5,298.0,6.2,5.7,109.0
2023-01-29T11:00,69.8,42.5,301.0,9.3,6.2,103.0
2023-01-29T12:00,65.2,39.5,307.0,12.6,7.2,97.0
2023-01-29T13:00,66.6,40.4,341.0,15.1,8.1,94.0
2023-01-29T14:00,67.5,41.0,390.0,18.7,9.3,89.0
2023-01-29T15:00,68.0,41.3,445.0,22.4,10.8,85.0
2023-01-29T16:00,67.1,41.0,469.0,22.9,11.6,84.0
2023-01-29T17:00,65.9,40.3,,22.4,12.4,85.0
2023-01-29T18:00,64.5,39.6,,21.6,13.0,86.0
2023-01-29T19:00,63.6,38.9,474.0,21.5,13.2,86.0
2023-01-29T20:00,63.1,38.8,447.0,21.5,13.4,86.0
2023-01-29T21:00,62.9,38.6,414.0,21.2,13.2,86.0
2023-01-29T22:00,63.8,39.3,400.0,20.9,12.9,86.0
2023-01-29T23:00,63.6,39.1,389.0,20.5,12.6,86.0
2023-01-30T00:00,59.8,37.0,391.0,20.6,10.4,88.0
2023-01-30T01:00,56.9,35.2,387.0,20.2,10.4,89.0
2023-01-30T02:00,58.7,36.1,380.0,19.8,10.2,91.0
2023-01-30T03:00,57.0,34.8,368.0,17.9,9.9,95.0
2023-01-30T04:00,57.9,35.2,353.0,14.6,9.3,100.0
2023-01-30T05:00,59.1,36.0,334.0,10.5,8.6,105.0
2023-01-30T06:00,62.2,38.1,317.0,6.2,7.8,111.0
2023-01-30T07:00,64.5,39.6,316.0,4.8,7.4,112.0
2023-01-30T08:00,64.5,39.7,321.0,4.6,7.1,111.0
2023-01-30T09:00,63.8,39.1,329.0,5.2,6.8,109.0
2023-01-30T10:00,61.2,37.4,332.0,6.4,6.7,106.0
2023-01-30T11:00,58.1,35.4,335.0,8.3,6.7,102.0
2023-01-30T12:00,56.1,34.0,334.0,11.1,6.9,96.0
2023-01-30T13:00,56.5,34.3,350.0,13.8,7.2,93.0
2023-01-30T14:00,56.8,34.6,372.0,17.7,7.4,90.0
2023-01-30T15:00,57.3,34.9,396.0,21.2,7.8,87.0
2023-01-30T16:00,58.2,35.5,403.0,21.3,7.8,89.0
2023-01-30T17:00,59.1,36.2,405.0,20.0,7.8,92.0
2023-01-30T18:00,59.8,36.6,403.0,17.3,7.8,97.0
2023-01-30T19:00,60.3,36.7,398.0,14.5,7.7,101.0
2023-01-30T20:00,60.1,36.3,391.0,11.0,7.5,106.0
2023-01-30T21:00,59.4,35.9,385.0,7.7,7.4,110.0
2023-01-30T22:00,58.8,35.5,388.0,7.1,7.8,111.0
2023-01-30T23:00,58.6,35.4,396.0,7.6,8.2,110.0
2023-01-31T00:00,57.9,35.4,369.0,6.0,9.8,111.0
2023-01-31T01:00,57.2,35.0,363.0,5.4,8.5,112.0
2023-01-31T02:00,57.0,34.9,355.0,4.6,6.8,114.0
2023-01-31T03:00,58.2,35.4,346.0,4.0,5.8,116.0
2023-01-31T04:00,56.3,34.1,343.0,4.0,6.7,117.0
2023-01-31T05:00,56.3,34.1,342.0,4.2,8.4,117.0
2023-01-31T06:00,56.0,34.0,345.0,5.8,12.9,115.0
2023-01-31T07:00,54.6,33.2,353.0,8.7,19.8,110.0
2023-01-31T08:00,53.6,32.5,363.0,12.6,28.5,103.0
2023-01-31T09:00,48.5,29.3,370.0,16.1,,96.0
2023-01-31T10:00,43.0,25.7,362.0,16.2,,94.0
2023-01-31T11:00,37.1,22.2,348.0,15.1,28.6,93.0
2023-01-31T12:00,43.8,26.3,350.0,13.9,22.7,97.0
2023-01-31T13:00,44.2,26.5,343.0,12.0,19.3,98.0
2023-01-31T14:00,43.8,26.3,334.0,9.3,14.4,100.0
2023-01-31T15:00,43.5,26.2,324.0,6.4,9.5,102.0
2023-01-31T16:00,43.9,26.5,322.0,5.8,8.6,102.0
2023-01-31T17:00,45.2,27.2,324.0,5.9,9.0,102.0
2023-01-31T18:00,45.6,27.6,326.0,6.2,9.8,102.0
2023-01-31T19:00,46.4,28.0,326.0,6.2,9.8,102.0
2023-01-31T20:00,47.4,28.6,327.0,6.3,9.8,102.0
2023-01-31T21:00,49.1,29.6,330.0,6.5,10.1,102.0
2023-01-31T22:00,50.1,30.3,337.0,7.0,10.8,102.0
2023-01-31T23:00,51.0,31.0,345.0,7.7,11.8,101.0
2023-02-01T00:00,49.1,29.9,326.0,4.5,7.2,108.0
2023-02-01T01:00,50.2,30.4,327.0,4.2,6.7,110.0
2023-02-01T02:00,51.8,31.5,329.0,3.9,5.9,112.0
2023-02-01T03:00,52.4,31.8,334.0,3.7,5.8,115.0
2023-02-01T04:00,53.3,32.5,340.0,3.7,6.8,117.0
2023-02-01T05:00,55.1,33.5,347.0,3.8,8.4,119.0
2023-02-01T06:00,56.2,34.3,357.0,4.6,11.4,119.0
2023-02-01T07:00,56.8,34.9,366.0,6.2,15.4,116.0
2023-02-01T08:00,56.6,34.7,376.0,8.3,20.2,111.0
2023-02-01T09:00,57.0,34.9,383.0,10.2,23.9,106.0
2023-02-01T10:00,53.8,32.7,380.0,10.1,22.1,104.0
2023-02-01T11:00,52.2,31.5,372.0,9.1,18.0,103.0
2023-02-01T12:00,44.9,27.0,359.0,8.2,13.6,102.0
2023-02-01T13:00,45.5,27.3,356.0,7.3,11.9,103.0
2023-02-01T14:00,46.4,27.8,353.0,6.1,9.4,104.0
2023-02-01T15:00,46.4,27.7,349.0,4.7,6.9,105.0
2023-02-01T16:00,46.6,27.8,349.0,4.1,6.3,106.0
2023-02-01T17:00,47.6,28.3,349.0,3.8,6.3,107.0
2023-02-01T18:00,48.7,28.8,349.0,3.6,6.3,108.0
2023-02-01T19:00,48.7,28.8,346.0,3.5,6.1,108.0
2023-02-01T20:00,48.1,28.5,343.0,3.5,5.8,108.0
2023-02-01T21:00,47.7,28.2,338.0,3.7,5.7,108.0
2023-02-01T22:00,48.5,28.5,336.0,3.8,5.8,109.0
2023-02-01T23:00,50.2,29.4,334.0,4.2,6.3,110.0
2023-02-02T00:00,54.6,32.0,323.0,3.7,7.3,119.0
2023-02-02T01:00,56.9,33.3,331.0,6.8,8.1,118.0
2023-02-02T02:00,59.6,34.8,343.0,11.1,9.1,116.0
2023-02-02T03:00,62.4,36.2,350.0,14.4,10.0,117.0
2023-02-02T04:00,63.3,36.9,341.0,12.6,9.9,122.0
2023-02-02T05:00,65.4,38.3,326.0,8.8,9.4,129.0
2023-02-02T06:00,68.9,40.5,309.0,4.6,8.8,136.0
2023-02-02T07:00,71.5,42.1,305.0,3.8,8.6,136.0
2023-02-02T08:00,72.4,42.8,304.0,3.9,8.5,134.0
2023-02-02T09:00,71.7,42.3,307.0,5.0,8.6,131.0
2023-02-02T10:00,71.9,42.3,312.0,6.5,8.8,129.0
2023-02-02T11:00,73.3,43.0,320.0,8.6,9.1,127.0
2023-02-02T12:00,69.4,40.7,320.0,11.4,9.3,122.0
2023-02-02T13:00,72.2,42.4,332.0,13.2,9.6,120.0
2023-02-02T14:00,73.6,43.2,349.0,15.9,10.1,118.0
2023-02-02T15:00,75.2,44.2,367.0,18.3,10.6,116.0
2023-02-02T16:00,77.3,45.5,371.0,18.5,10.9,116.0
2023-02-02T17:00,78.9,46.7,370.0,17.8,11.1,116.0
2023-02-02T18:00,80.6,47.7,365.0,16.0,11.1,117.0
2023-02-02T19:00,81.3,48.1,356.0,13.6,10.9,119.0
2023-02-02T20:00,81.7,48.4,344.0,10.6,10.6,123.0
2023-02-02T21:00,82.0,48.7,331.0,7.4,10.2,126.0
2023-02-02T22:00,81.5,48.2,329.0,6.2,9.9,127.0
2023-02-02T23:00,80.6,47.6,330.0,5.7,9.8,127.0
2023-02-03T00:00,78.0,46.2,332.0,5.8,9.4,127.0
2023-02-03T01:00,76.8,45.5,335.0,7.6,9.5,126.0
2023-02-03T02:00,75.9,45.1,339.0,10.2,9.6,123.0
2023-02-03T03:00,74.5,44.0,339.0,12.1,9.6,121.0
2023-02-03T04:00,72.9,43.2,332.0,11.1,9.1,120.0
2023-02-03T05:00,73.8,44.0,320.0,8.7,8.5,120.0
2023-02-03T06:00,74.5,44.7,306.0,5.9,7.7,119.0
2023-02-03T07:00,75.0,45.2,298.0,4.9,7.2,118.0
2023-02-03T08:00,73.8,44.5,291.0,4.3,6.8,117.0
2023-02-03T09:00,70.5,42.4,282.0,4.3,6.5,115.0
2023-02-03T10:00,67.3,40.2,274.0,4.6,6.3,112.0
2023-02-03T11:00,64.0,38.1,267.0,5.3,6.3,108.0
2023-02-03T12:00,55.8,32.7,267.0,8.1,6.8,104.0
2023-02-03T13:00,54.9,32.4,276.0,11.6,7.1,100.0
2023-02-03T14:00,54.0,31.8,289.0,16.3,7.5,94.0
2023-02-03T15:00,53.4,31.3,300.0,21.2,8.1,87.0
2023-02-03T16:00,52.4,30.6,300.0,22.3,8.4,85.0
2023-02-03T17:00,51.5,29.9,295.0,22.1,8.8,84.0
2023-02-03T18:00,51.1,29.6,286.0,20.9,9.3,85.0
2023-02-03T19:00,51.1,29.6,275.0,19.0,9.8,88.0
2023-02-03T20:00,51.8,29.9,262.0,16.2,10.2,93.0
2023-02-03T21:00,54.0,31.1,253.0,13.5,11.3,100.0
2023-02-03T22:00,57.5,33.1,260.0,12.9,12.9,104.0
2023-02-03T23:00,61.2,35.4,274.0,12.9,14.8,108.0
2023-02-04T00:00,62.2,36.2,292.0,13.6,15.4,108.0
2023-02-04T01:00,65.4,38.3,308.0,16.1,15.9,107.0
2023-02-04T02:00,69.2,40.7,332.0,19.6,16.7,107.0
2023-02-04T03:00,68.2,39.5,348.0,21.6,17.1,109.0
2023-02-04T04:00,68.9,39.6,336.0,18.7,16.7,115.0
2023-02-04T05:00,71.2,41.2,311.0,13.4,15.9,124.0
2023-02-04T06:00,73.8,43.0,283.0,7.6,14.8,134.0
2023-02-04T07:00,75.4,44.2,273.0,5.6,14.0,138.0
2023-02-04T08:00,75.4,44.5,268.0,4.6,13.2,140.0
2023-02-04T09:00,73.3,43.1,265.0,4.9,12.7,139.0
2023-02-04T10:00,69.8,41.0,262.0,6.7,12.9,135.0
2023-02-04T11:00,67.1,39.2,260.0,9.7,13.6,129.0
2023-02-04T12:00,59.5,34.2,276.0,13.9,13.2,125.0
2023-02-04T13:00,59.5,34.5,306.0,17.7,13.4,120.0
2023-02-04T14:00,57.9,33.4,350.0,23.1,13.7,113.0
2023-02-04T15:00,56.8,32.6,398.0,28.5,14.3,105.0
2023-02-04T16:00,55.9,32.1,416.0,29.2,14.9,103.0
2023-02-04T17:00,55.4,31.8,426.0,28.4,15.6,102.0
2023-02-04T18:00,54.8,31.4,430.0,27.0,17.0,102.0
2023-02-04T19:00,54.2,31.2,423.0,26.5,18.5,101.0
2023-02-04T20:00,54.8,31.7,409.0,26.1,20.4,101.0
2023-02-04T21:00,54.7,32.0,395.0,25.4,22.7,100.0
2023-02-04T22:00,55.4,32.8,395.0,24.5,24.1,100.0
2023-02-04T23:00,56.3,33.5,399.0,23.6,25.5,99.0
2023-02-05T00:00,61.7,37.6,307.0,19.8,,99.0
2023-02-05T01:00,59.5,36.0,299.0,17.5,30.8,102.0
2023-02-05T02:00,58.6,35.4,288.0,14.1,26.9,106.0
2023-02-05T03:00,52.4,30.7,273.0,10.2,22.5,112.0
2023-02-05T04:00,47.7,27.1,263.0,8.1,20.4,117.0
2023-02-05T05:00,49.1,28.1,253.0,6.4,18.8,123.0
2023-02-05T06:00,51.3,29.6,247.0,5.6,19.2,128.0
2023-02-05T07:00,53.2,31.0,255.0,6.8,23.4,126.0
2023-02-05T08:00,54.8,32.1,269.0,9.3,29.7,122.0
2023-02-05T09:00,54.9,32.2,282.0,11.9,,116.0
2023-02-05T10:00,53.6,31.4,280.0,12.1,,114.0
2023-02-05T11:00,52.2,30.5,273.0,11.6,29.5,113.0
2023-02-05T12:00,54.9,32.2,267.0,11.7,25.5,110.0
2023-02-05T13:00,57.2,33.9,276.0,13.1,26.2,108.0
2023-02-05T14:00,60.8,36.3,288.0,15.1,27.3,105.0
2023-02-05T15:00,63.8,38.5,303.0,17.2,28.8,102.0
2023-02-05T16:00,66.6,40.4,309.0,17.8,29.8,102.0
2023-02-05T17:00,69.6,42.5,313.0,17.9,30.8,102.0
2023-02-05T18:00,72.2,44.4,318.0,18.0,32.0,103.0
2023-02-05T19:00,72.2,44.6,322.0,18.4,,103.0
2023-02-05T20:00,71.7,44.5,327.0,18.9,,102.0
2023-02-05T21:00,70.5,43.9,332.0,19.2,,102.0
2023-02-05T22:00,70.3,43.9,337.0,19.0,,102.0
2023-02-05T23:00,71.0,44.5,342.0,18.5,,102.0
2023-02-06T00:00,67.1,41.6,331.0,18.5,,105.0
2023-02-06T01:00,68.7,42.7,325.0,16.7,32.0,107.0
2023-02-06T02:00,66.4,41.0,316.0,14.1,28.4,111.0
2023-02-06T03:00,61.7,37.4,303.0,10.9,24.2,117.0
2023-02-06T04:00,57.9,34.3,293.0,8.8,21.9,123.0
2023-02-06T05:00,58.2,34.6,282.0,6.8,20.0,131.0
2023-02-06T06:00,59.5,35.4,273.0,6.1,20.0,136.0
2023-02-06T07:00,60.8,36.3,276.0,8.2,23.9,132.0
2023-02-06T08:00,59.3,35.4,285.0,11.9,29.8,125.0
2023-02-06T09:00,58.6,34.9,291.0,15.7,,116.0
2023-02-06T10:00,56.3,33.4,286.0,15.8,,114.0
2023-02-06T11:00,53.0,31.2,276.0,14.7,31.8,113.0
2023-02-06T12:00,50.8,30.0,293.0,17.6,,106.0
2023-02-06T13:00,52.0,31.1,292.0,18.2,,103.0
2023-02-06T14:00,51.6,31.0,292.0,19.0,,99.0
2023-02-06T15:00,50.4,30.4,288.0,19.3,30.1,95.0
2023-02-06T16:00,49.8,30.0,281.0,18.1,28.0,95.0
2023-02-06T17:00,49.2,29.9,273.0,16.2,25.7,97.0
2023-02-06T18:00,49.1,30.0,264.0,14.5,24.2,98.0
2023-02-06T19:00,48.5,29.7,263.0,14.8,25.1,97.0
2023-02-06T20:00,48.5,29.7,265.0,15.9,27.1,96.0
2023-02-06T21:00,52.0,32.5,267.0,17.1,29.6,95.0
2023-02-06T22:00,54.7,34.3,267.0,17.5,30.7,95.0
2023-02-06T23:00,57.0,35.9,266.0,17.6,31.5,95.0
2023-02-07T00:00,45.5,27.9,297.0,23.0,23.3,90.0
2023-02-07T01:00,46.1,28.4,305.0,22.4,25.9,90.0
2023-02-07T02:00,46.6,28.9,317.0,21.5,29.5,89.0
2023-02-07T03:00,44.8,27.8,326.0,20.1,,92.0
2023-02-07T04:00,45.2,28.0,322.0,19.1,,99.0
2023-02-07T05:00,48.5,30.3,312.0,18.0,,108.0
2023-02-07T06:00,50.9,31.8,297.0,16.3,,118.0
2023-02-07T07:00,51.3,32.2,285.0,14.4,,123.0
2023-02-07T08:00,50.8,31.9,273.0,12.3,,126.0
2023-02-07T09:00,49.4,30.9,259.0,11.1,28.6,125.0
2023-02-07T10:00,46.3,28.8,247.0,12.5,26.3,119.0
2023-02-07T11:00,42.8,26.5,235.0,15.3,24.8,110.0
2023-02-07T12:00,48.7,29.9,246.0,18.8,22.8,100.0
2023-02-07T13:00,47.6,29.3,286.0,20.4,21.3,95.0
2023-02-07T14:00,45.8,28.1,343.0,22.7,19.2,88.0
2023-02-07T15:00,44.1,27.2,408.0,24.7,17.2,81.0
2023-02-07T16:00,43.5,27.0,437.0,24.4,17.3,79.0
2023-02-07T17:00,43.9,27.3,457.0,23.3,18.0,79.0
2023-02-07T18:00,43.9,27.2,468.0,22.0,19.3,80.0
2023-02-07T19:00,43.0,26.8,460.0,21.7,20.4,80.0
2023-02-07T20:00,43.4,27.0,440.0,21.7,21.6,80.0
2023-02-07T21:00,48.0,30.3,409.0,21.8,22.5,80.0
2023-02-07T22:00,51.2,32.4,386.0,22.2,22.1,79.0
2023-02-07T23:00,51.2,32.4,360.0,22.8,21.1,79.0
2023-02-08T00:00,48.0,30.0,376.0,21.8,22.5,82.0
2023-02-08T01:00,41.7,25.5,352.0,21.1,23.2,83.0
2023-02-08T02:00,40.2,24.5,318.0,20.2,24.1,84.0
2023-02-08T03:00,38.8,23.5,280.0,18.6,25.2,87.0
2023-02-08T04:00,37.5,22.8,267.0,17.2,26.0,91.0
2023-02-08T05:00,40.3,24.7,260.0,15.6,26.8,96.0
2023-02-08T06:00,43.4,27.0,252.0,13.5,26.8,101.0
2023-02-08T07:00,44.4,27.7,242.0,11.8,25.3,104.0
2023-02-08T08:00,43.5,27.3,231.0,10.0,23.0,107.0
2023-02-08T09:00,41.7,26.1,220.0,9.4,20.4,107.0
2023-02-08T10:00,38.9,24.3,209.0,11.5,19.5,101.0
2023-02-08T11:00,36.7,22.9,198.0,14.9,19.1,93.0
2023-02-08T12:00,42.7,26.8,230.0,18.4,19.8,84.0
2023-02-08T13:00,42.7,26.9,282.0,19.2,18.9,80.0
2023-02-08T14:00,41.6,26.2,356.0,20.3,17.6,75.0
2023-02-08T15:00,40.5,25.6,442.0,21.1,16.9,69.0
2023-02-08T16:00,39.8,25.2,481.0,20.8,17.6,67.0
2023-02-08T17:00,40.4,25.6,,19.9,19.0,67.0
2023-02-08T18:00,40.7,25.8,,18.8,21.7,67.0
2023-02-08T19:00,40.6,25.7,,18.3,24.5,67.0
2023-02-08T20:00,41.9,26.7,,17.8,28.0,67.0
2023-02-08T21:00,45.6,29.3,,17.9,31.1,66.0
2023-02-08T22:00,53.6,34.9,,19.0,30.6,65.0
2023-02-08T23:00,57.3,37.6,,20.6,28.8,64.0
2023-02-09T00:00,54.7,35.9,,,,61.0
2023-02-09T01:00,46.9,30.4,,,,56.0
2023-02-09T02:00,45.9,29.6,,,,50.0
2023-02-09T03:00,46.6,30.2,435.0,,,48.0
2023-02-09T04:00,45.8,29.5,402.0,,,56.0
2023-02-09T05:00,46.3,29.8,378.0,,,69.0
2023-02-09T06:00,48.9,31.4,346.0,26.3,,88.0
2023-02-09T07:00,50.4,32.5,313.0,21.1,,102.0
2023-02-09T08:00,51.3,33.1,279.0,15.3,,117.0
2023-02-09T09:00,47.6,30.4,244.0,10.4,27.4,128.0
2023-02-09T10:00,42.5,26.7,227.0,10.8,22.9,122.0
2023-02-09T11:00,37.3,23.1,218.0,13.4,20.6,109.0
2023-02-09T12:00,40.5,25.4,246.0,17.5,19.6,91.0
2023-02-09T13:00,44.1,27.9,315.0,19.2,19.5,86.0
2023-02-09T14:00,44.9,28.5,413.0,21.5,19.5,78.0
2023-02-09T15:00,45.1,28.5,,23.7,19.6,71.0
2023-02-09T16:00,45.1,28.5,,23.6,20.0,70.0
2023-02-09T17:00,45.1,28.5,,22.6,20.6,71.0
2023-02-09T18:00,44.5,28.1,,21.6,21.6,72.0
2023-02-09T19:00,44.1,27.7,,21.7,22.4,72.0
2023-02-09T20:00,44.7,28.0,,22.1,23.2,71.0
2023-02-09T21:00,46.8,29.5,470.0,22.8,25.4,70.0
2023-02-09T22:00,50.5,32.2,,22.2,28.4,70.0
2023-02-09T23:00,58.6,38.1,,21.4,32.2,71.0
2023-02-10T00:00,70.8,47.4,,,,34.0
2023-02-10T01:00,58.4,38.5,,,,36.0
2023-02-10T02:00,59.3,39.1,,,,39.0
2023-02-10T03:00,62.6,41.7,,,,48.0
2023-02-10T04:00,60.5,40.2,,,,60.0
2023-02-10T05:00,60.8,40.5,,,,77.0
2023-02-10T06:00,62.9,42.1,470.0,,,98.0
2023-02-10T07:00,66.6,44.8,413.0,,,115.0
2023-02-10T08:00,66.4,44.6,357.0,23.8,,132.0
2023-02-10T09:00,64.3,43.0,297.0,15.4,,144.0
2023-02-10T10:00,58.1,38.5,263.0,16.2,,136.0
2023-02-10T11:00,51.9,34.1,238.0,20.7,31.6,120.0
2023-02-10T12:00,55.1,36.2,245.0,26.7,29.0,113.0
2023-02-10T13:00,57.4,37.6,286.0,27.3,26.7,106.0
2023-02-10T14:00,55.4,36.0,345.0,28.2,23.5,95.0
2023-02-10T15:00,54.2,35.2,412.0,29.1,20.1,84.0
2023-02-10T16:00,54.5,35.0,440.0,29.2,19.0,80.0
2023-02-10T17:00,55.9,35.9,457.0,29.0,18.6,78.0
2023-02-10T18:00,57.3,36.7,473.0,28.6,19.5,77.0
2023-02-10T19:00,59.1,37.8,,28.4,22.0,76.0
2023-02-10T20:00,62.4,40.0,,28.1,25.7,76.0
2023-02-10T21:00,67.1,43.4,,27.8,28.9,76.0
2023-02-10T22:00,72.4,47.1,470.0,27.2,28.0,76.0
2023-02-10T23:00,71.0,46.1,447.0,26.4,25.5,77.0
2023-02-11T00:00,72.2,46.9,,28.0,26.5,77.0
2023-02-11T01:00,71.0,46.2,463.0,30.2,29.3,73.0
2023-02-11T02:00,71.0,46.2,434.0,,,67.0
2023-02-11T03:00,69.4,45.1,405.0,,,65.0
2023-02-11T04:00,66.8,43.7,404.0,,,73.0
2023-02-11T05:00,70.3,46.2,413.0,,,86.0
2023-02-11T06:00,70.3,46.6,415.0,,,106.0
2023-02-11T07:00,70.8,47.3,395.0,28.2,,126.0
2023-02-11T08:00,71.5,48.0,364.0,21.3,,148.0
2023-02-11T09:00,70.3,47.0,331.0,16.5,,166.0
2023-02-11T10:00,67.1,44.7,315.0,20.1,,163.0
2023-02-11T11:00,62.9,41.6,304.0,27.3,,151.0
2023-02-11T12:00,67.3,44.5,308.0,,31.8,133.0
2023-02-11T13:00,70.3,46.4,367.0,,31.0,128.0
2023-02-11T14:00,70.1,46.1,451.0,,30.0,120.0
2023-02-11T15:00,69.4,45.5,,,29.6,111.0
2023-02-11T16:00,68.7,45.1,,,30.9,106.0
2023-02-11T17:00,69.2,45.3,,,,101.0
2023-02-11T18:00,69.8,45.6,,,,97.0
2023-02-11T19:00,70.1,45.6,,,,95.0
2023-02-11T20:00,71.7,46.8,,,,94.0
2023-02-11T21:00,74.0,48.5,,,,93.0
2023-02-11T22:00,74.5,48.9,,,,90.0
2023-02-11T23:00,73.6,48.4,,,,87.0
2023-02-12T00:00,79.2,52.6,,,,74.0
2023-02-12T01:00,78.7,52.0,,,,72.0
2023-02-12T02:00,81.5,53.9,,,,69.0
2023-02-12T03:00,81.7,54.0,,,,73.0
2023-02-12T04:00,71.0,46.6,,,,87.0
2023-02-12T05:00,63.3,41.2,481.0,,,108.0
2023-02-12T06:00,65.9,43.1,410.0,25.3,,134.0
2023-02-12T07:00,68.7,44.8,370.0,19.2,,151.0
2023-02-12T08:00,71.2,46.7,336.0,13.8,,168.0
2023-02-12T09:00,69.8,45.5,305.0,11.1,,
2023-02-12T10:00,66.6,43.0,288.0,15.3,,169.0
2023-02-12T11:00,61.0,38.8,277.0,23.2,31.5,151.0
2023-02-12T12:00,78.5,50.3,277.0,,27.5,133.0
2023-02-12T13:00,80.1,51.2,332.0,,26.2,126.0
2023-02-12T14:00,78.5,49.9,411.0,,24.3,116.0
2023-02-12T15:00,76.4,48.3,,,23.5,105.0
2023-02-12T16:00,75.2,47.5,,,25.1,101.0
2023-02-12T17:00,75.2,47.3,,,28.0,99.0
2023-02-12T18:00,76.4,48.1,,,,97.0
2023-02-12T19:00,78.7,49.7,,,,95.0
2023-02-12T20:00,82.0,52.0,,,,93.0
2023-02-12T21:00,84.8,54.1,,,,90.0
2023-02-12T22:00,86.8,55.9,,,,87.0
2023-02-12T23:00,86.8,56.0,,,,85.0
2023-02-13T00:00,,,,,,77.0
2023-02-13T01:00,88.5,,,,,75.0
2023-02-13T02:00,,,,,,73.0
2023-02-13T03:00,87.1,55.6,,,,76.0
2023-02-13T04:00,72.9,45.4,,,,87.0
2023-02-13T05:00,67.8,41.9,471.0,,,103.0
2023-02-13T06:00,68.7,42.4,352.0,26.5,,123.0
2023-02-13T07:00,69.2,42.8,299.0,20.2,,137.0
2023-02-13T08:00,68.2,42.4,263.0,14.3,,150.0
2023-02-13T09:00,64.7,39.9,231.0,9.9,29.2,157.0
2023-02-13T10:00,60.3,36.9,211.0,11.1,24.1,148.0
2023-02-13T11:00,53.0,31.9,198.0,14.9,20.7,131.0
2023-02-13T12:00,46.1,27.4,209.0,19.7,18.2,116.0
2023-02-13T13:00,48.5,29.1,252.0,21.8,17.4,108.0
2023-02-13T14:00,46.2,27.5,313.0,24.8,16.3,96.0
2023-02-13T15:00,44.1,26.1,391.0,27.8,16.0,83.0
2023-02-13T16:00,43.3,25.5,434.0,28.2,17.1,79.0
2023-02-13T17:00,43.7,25.8,472.0,27.6,19.0,77.0
2023-02-13T18:00,44.9,26.7,,27.0,22.7,76.0
2023-02-13T19:00,47.1,28.2,,27.3,26.8,74.0
2023-02-13T20:00,50.3,30.4,,27.8,31.8,73.0
2023-02-13T21:00,53.7,33.1,,27.9,,72.0
2023-02-13T22:00,57.0,35.7,,26.5,,72.0
2023-02-13T23:00,59.6,37.7,,24.4,,72.0
2023-02-14T00:00,56.5,35.7,,,,67.0
2023-02-14T01:00,61.2,39.6,,,,54.0
2023-02-14T02:00,71.9,47.5,,,,35.0
2023-02-14T03:00,83.8,56.1,,,,24.0
2023-02-14T04:00,85.9,,,,,36.0
2023-02-14T05:00,63.6,41.6,,,,58.0
2023-02-14T06:00,58.1,38.1,,,,89.0
2023-02-14T07:00,55.1,36.1,415.0,,,110.0
2023-02-14T08:00,54.5,35.6,370.0,29.5,,131.0
2023-02-14T09:00,51.3,33.1,321.0,20.1,,148.0
2023-02-14T10:00,46.2,29.1,275.0,17.3,,147.0
2023-02-14T11:00,40.3,24.6,232.0,17.2,30.2,138.0
2023-02-14T12:00,45.8,27.9,319.0,27.0,,148.0
2023-02-14T13:00,51.2,31.3,340.0,29.4,,139.0
2023-02-14T14:00,48.7,29.4,369.0,,29.2,127.0
2023-02-14T15:00,46.2,27.6,407.0,,21.2,113.0
2023-02-14T16:00,44.7,26.4,430.0,,19.2,107.0
2023-02-14T17:00,43.9,25.9,451.0,,19.3,103.0
2023-02-14T18:00,43.1,25.4,471.0,,20.6,98.0
2023-02-14T19:00,41.9,24.7,475.0,,22.5,95.0
2023-02-14T20:00,43.7,26.0,473.0,,25.3,93.0
2023-02-14T21:00,47.7,29.1,473.0,,28.3,89.0
2023-02-14T22:00,53.2,33.3,474.0,,28.4,85.0
2023-02-14T23:00,52.0,32.6,476.0,,27.7,80.0
2023-02-15T00:00,58.6,37.5,,,31.5,67.0
2023-02-15T01:00,68.5,44.9,,,,59.0
2023-02-15T02:00,75.0,49.6,,,,48.0
2023-02-15T03:00,78.5,52.0,,,,45.0
2023-02-15T04:00,76.1,50.5,,,,61.0
2023-02-15T05:00,66.8,44.2,,,,86.0
2023-02-15T06:00,65.2,43.3,,,,119.0
2023-02-15T07:00,60.5,40.0,438.0,,,140.0
2023-02-15T08:00,61.0,40.3,388.0,24.0,,161.0
2023-02-15T09:00,60.5,39.7,333.0,15.1,,
2023-02-15T10:00,57.9,37.5,296.0,13.7,,
2023-02-15T11:00,52.2,33.1,266.0,15.4,,172.0
2023-02-15T12:00,75.7,49.0,277.0,19.6,31.1,167.0
2023-02-15T13:00,76.8,49.4,307.0,24.2,28.0,156.0
2023-02-15T14:00,76.1,48.9,349.0,30.6,23.7,139.0
2023-02-15T15:00,74.7,47.6,403.0,,19.7,121.0
2023-02-15T16:00,73.1,46.7,435.0,,19.5,114.0
2023-02-15T17:00,72.6,46.4,463.0,,20.7,111.0
2023-02-15T18:00,72.9,46.4,,,23.4,107.0
2023-02-15T19:00,73.3,46.8,,,26.2,104.0
2023-02-15T20:00,75.7,48.3,,30.5,29.7,103.0
2023-02-15T21:00,78.0,50.3,,29.3,,100.0
2023-02-15T22:00,81.3,52.7,,28.3,,98.0
2023-02-15T23:00,88.0,,,27.5,,95.0
2023-02-16T00:00,,,,,,95.0
2023-02-16T01:00,,,,,,93.0
2023-02-16T02:00,88.2,,,,,91.0
2023-02-16T03:00,86.1,56.0,,,29.1,92.0
2023-02-16T04:00,65.2,41.0,,,27.9,99.0
2023-02-16T05:00,61.7,38.5,403.0,24.5,28.7,109.0
2023-02-16T06:00,61.7,38.6,262.0,14.5,28.5,120.0
2023-02-16T07:00,61.0,38.2,220.0,10.7,25.6,123.0
2023-02-16T08:00,58.8,36.7,210.0,8.4,21.5,124.0
2023-02-16T09:00,56.3,34.9,207.0,7.4,17.1,122.0
2023-02-16T10:00,52.9,32.6,195.0,8.2,15.7,118.0
2023-02-16T11:00,50.3,30.7,186.0,10.3,15.2,113.0
2023-02-16T12:00,62.9,38.8,219.0,13.8,15.3,104.0
2023-02-16T13:00,66.1,40.9,262.0,16.7,15.3,100.0
2023-02-16T14:00,68.0,41.9,325.0,20.7,15.3,94.0
2023-02-16T15:00,70.3,43.3,421.0,25.2,16.9,87.0
2023-02-16T16:00,73.8,45.5,,26.7,20.2,85.0
2023-02-16T17:00,78.2,48.4,,27.3,24.8,84.0
2023-02-16T18:00,82.2,51.0,,27.6,30.5,84.0
2023-02-16T19:00,82.4,51.0,,27.8,,83.0
2023-02-16T20:00,84.3,52.4,,27.8,,83.0
2023-02-16T21:00,87.5,55.1,,27.4,,83.0
2023-02-16T22:00,,,,26.4,,83.0
2023-02-16T23:00,,,,25.1,,84.0
2023-02-17T00:00,,,,,,84.0
2023-02-17T01:00,,,,,,84.0
2023-02-17T02:00,,,,,,84.0
2023-02-17T03:00,79.6,48.5,,,,87.0
2023-02-17T04:00,68.5,40.5,430.0,26.3,29.0,94.0
2023-02-17T05:00,64.0,37.8,348.0,19.8,23.8,104.0
2023-02-17T06:00,62.4,36.8,263.0,12.5,18.1,114.0
2023-02-17T07:00,60.1,35.6,232.0,9.3,15.7,118.0
2023-02-17T08:00,56.6,33.5,220.0,7.3,14.3,119.0
2023-02-17T09:00,52.4,31.1,211.0,6.4,13.2,117.0
2023-02-17T10:00,48.0,28.4,196.0,7.3,12.6,111.0
2023-02-17T11:00,43.4,25.7,183.0,9.5,12.4,102.0
2023-02-17T12:00,45.1,26.8,206.0,15.2,15.4,99.0
2023-02-17T13:00,43.0,25.8,251.0,17.8,15.0,92.0
2023-02-17T14:00,39.9,24.2,315.0,21.4,14.5,81.0
2023-02-17T15:00,37.4,22.7,387.0,25.1,14.3,70.0
2023-02-17T16:00,35.5,21.7,419.0,25.7,14.9,66.0
2023-02-17T17:00,34.8,21.4,441.0,25.3,15.9,65.0
2023-02-17T18:00,34.5,21.3,446.0,24.5,17.1,64.0
2023-02-17T19:00,33.2,20.5,419.0,24.3,17.3,63.0
2023-02-17T20:00,32.5,20.1,374.0,24.0,17.2,62.0
2023-02-17T21:00,32.6,20.2,333.0,23.6,18.1,61.0
2023-02-17T22:00,33.9,21.1,337.0,22.9,20.8,60.0
2023-02-17T23:00,36.2,22.7,358.0,22.1,24.5,59.0
2023-02-18T00:00,46.0,29.9,,26.3,,58.0
2023-02-18T01:00,53.6,35.4,,30.6,,57.0
2023-02-18T02:00,55.6,36.9,,,30.3,55.0
2023-02-18T03:00,49.5,32.4,,,26.2,55.0
2023-02-18T04:00,34.9,22.0,,,22.9,58.0
2023-02-18T05:00,28.5,17.6,389.0,25.4,19.3,62.0
2023-02-18T06:00,28.9,17.9,202.0,15.0,15.6,66.0
2023-02-18T07:00,30.3,18.9,161.0,11.7,14.2,68.0
2023-02-18T08:00,30.2,18.8,164.0,10.2,13.7,69.0
2023-02-18T09:00,28.7,17.8,177.0,9.6,13.3,69.0
2023-02-18T10:00,26.6,16.4,169.0,9.8,13.0,68.0
2023-02-18T11:00,24.4,14.9,162.0,10.7,12.9,67.0
2023-02-18T12:00,27.2,16.4,183.0,12.7,13.1,73.0
2023-02-18T13:00,26.6,16.1,215.0,14.2,12.8,68.0
2023-02-18T14:00,25.5,15.5,262.0,16.3,12.3,60.0
2023-02-18T15:00,24.6,14.9,315.0,18.5,12.0,52.0
2023-02-18T16:00,24.7,15.0,341.0,18.9,12.4,49.0
2023-02-18T17:00,25.6,15.7,359.0,18.6,13.1,48.0
2023-02-18T18:00,26.5,16.3,366.0,18.2,14.0,48.0
2023-02-18T19:00,26.7,16.4,347.0,18.1,14.4,48.0
2023-02-18T20:00,27.1,16.6,315.0,17.9,14.7,48.0
2023-02-18T21:00,27.6,17.1,281.0,17.8,15.5,48.0
2023-02-18T22:00,28.8,17.8,273.0,17.5,16.7,48.0
2023-02-18T23:00,29.9,18.5,273.0,17.0,18.3,49.0
2023-02-19T00:00,35.4,22.5,216.0,15.8,,50.0
2023-02-19T01:00,40.9,26.4,224.0,16.3,,50.0
2023-02-19T02:00,49.9,32.8,235.0,16.9,,49.0
2023-02-19T03:00,36.9,23.6,237.0,16.7,,50.0
2023-02-19T04:00,27.0,16.5,218.0,14.5,29.7,53.0
2023-02-19T05:00,25.8,15.8,188.0,11.2,22.7,58.0
2023-02-19T06:00,28.2,17.4,161.0,8.6,17.3,62.0
2023-02-19T07:00,29.9,18.7,164.0,9.7,20.2,61.0
2023-02-19T08:00,30.5,19.2,178.0,12.2,26.6,59.0
2023-02-19T09:00,29.5,18.5,192.0,14.7,32.7,56.0
2023-02-19T10:00,27.6,17.3,190.0,14.3,32.0,56.0
2023-02-19T11:00,25.5,15.8,182.0,12.9,29.1,58.0
2023-02-19T12:00,22.3,13.6,177.0,12.6,27.9,61.0
2023-02-19T13:00,21.9,13.5,177.0,13.1,26.6,58.0
2023-02-19T14:00,21.2,13.2,177.0,13.8,24.7,54.0
2023-02-19T15:00,20.8,13.0,176.0,14.4,22.6,49.0
2023-02-19T16:00,21.1,13.2,174.0,14.2,21.7,48.0
2023-02-19T17:00,22.2,14.1,172.0,13.7,21.1,47.0
2023-02-19T18:00,23.1,14.6,173.0,13.1,21.7,47.0
2023-02-19T19:00,23.5,15.0,178.0,12.9,23.9,47.0
2023-02-19T20:00,25.1,16.1,185.0,12.9,27.1,46.0
2023-02-19T21:00,28.3,18.4,196.0,13.0,31.2,46.0
2023-02-19T22:00,35.0,23.2,209.0,13.4,,45.0
2023-02-19T23:00,36.9,24.4,225.0,14.0,,44.0
2023-02-20T00:00,44.5,29.8,248.0,12.9,,45.0
2023-02-20T01:00,30.6,20.0,232.0,12.6,,45.0
2023-02-20T02:00,26.5,17.2,208.0,12.2,32.5,45.0
2023-02-20T03:00,25.0,16.2,185.0,11.7,25.0,49.0
2023-02-20T04:00,23.4,15.0,181.0,11.3,25.4,56.0
2023-02-20T05:00,26.8,17.2,184.0,10.8,28.8,66.0
2023-02-20T06:00,30.9,20.0,191.0,10.8,,79.0
2023-02-20T07:00,35.5,23.3,198.0,11.7,,88.0
2023-02-20T08:00,38.4,25.4,208.0,13.0,,97.0
2023-02-20T09:00,38.2,25.3,216.0,14.7,,102.0
2023-02-20T10:00,34.3,22.6,215.0,15.6,,98.0
2023-02-20T11:00,28.7,18.7,210.0,16.3,,90.0
2023-02-20T12:00,26.7,17.2,216.0,18.6,,78.0
2023-02-20T13:00,27.2,17.6,215.0,19.0,,71.0
2023-02-20T14:00,25.3,16.3,214.0,19.5,,62.0
2023-02-20T15:00,23.5,15.1,212.0,19.7,31.6,52.0
2023-02-20T16:00,22.8,14.7,208.0,18.9,30.2,49.0
2023-02-20T17:00,23.1,15.0,202.0,17.6,29.3,48.0
2023-02-20T18:00,23.9,15.5,200.0,16.2,29.6,48.0
2023-02-20T19:00,24.9,16.3,205.0,15.6,31.7,47.0
2023-02-20T20:00,27.0,17.8,215.0,15.2,,47.0
2023-02-20T21:00,29.8,19.8,230.0,15.5,,45.0
2023-02-20T22:00,30.6,20.5,245.0,16.9,,43.0
2023-02-20T23:00,30.6,20.5,262.0,18.9,,40.0
2023-02-21T00:00,32.5,21.8,274.0,20.5,,37.0
2023-02-21T01:00,34.2,23.2,280.0,23.7,,32.0
2023-02-21T02:00,35.6,24.2,287.0,28.1,,25.0
2023-02-21T03:00,36.4,24.7,291.0,,,25.0
2023-02-21T04:00,36.2,24.4,283.0,28.3,,38.0
2023-02-21T05:00,38.9,26.2,270.0,23.1,,59.0
2023-02-21T06:00,42.1,28.3,252.0,16.9,,83.0
2023-02-21T07:00,44.8,29.9,239.0,14.7,,94.0
2023-02-21T08:00,42.6,28.2,226.0,13.5,,102.0
2023-02-21T09:00,39.0,25.6,211.0,12.7,,106.0
2023-02-21T10:00,33.3,21.5,203.0,12.8,,101.0
2023-02-21T11:00,28.6,18.3,196.0,13.4,,90.0
2023-02-21T12:00,32.7,20.9,201.0,14.4,29.3,80.0
2023-02-21T13:00,31.9,20.4,202.0,15.4,28.4,74.0
2023-02-21T14:00,29.3,18.6,203.0,16.8,27.2,65.0
2023-02-21T15:00,28.1,17.8,205.0,18.1,26.6,55.0
2023-02-21T16:00,28.9,18.5,205.0,18.1,27.5,52.0
2023-02-21T17:00,31.3,20.2,206.0,17.6,29.1,52.0
2023-02-21T18:00,35.3,22.9,212.0,16.8,32.7,52.0
2023-02-21T19:00,39.0,25.6,224.0,16.3,,52.0
2023-02-21T20:00,43.8,28.9,241.0,15.7,,52.0
2023-02-21T21:00,48.7,32.5,264.0,15.6,,52.0
2023-02-21T22:00,51.0,34.1,281.0,16.7,,51.0
2023-02-21T23:00,49.4,33.1,297.0,18.3,,49.0
2023-02-22T00:00,52.7,35.4,,,,37.0
2023-02-22T01:00,49.9,33.3,,,,37.0
2023-02-22T02:00,51.2,34.1,,,,38.0
2023-02-22T03:00,48.5,32.0,,,,46.0
2023-02-22T04:00,46.1,30.2,419.0,,,62.0
2023-02-22T05:00,46.1,30.0,335.0,22.9,,84.0
2023-02-22T06:00,47.7,31.1,247.0,13.3,31.9,107.0
2023-02-22T07:00,49.9,32.6,218.0,9.4,26.6,115.0
2023-02-22T08:00,50.3,32.7,207.0,7.0,20.9,118.0
2023-02-22T09:00,49.1,31.8,204.0,6.0,15.0,118.0
2023-02-22T10:00,47.1,30.4,198.0,7.3,13.2,114.0
2023-02-22T11:00,45.2,29.1,196.0,10.1,12.9,106.0
2023-02-22T12:00,54.6,35.4,227.0,14.8,13.3,94.0
2023-02-22T13:00,56.8,36.9,276.0,17.3,13.6,89.0
2023-02-22T14:00,56.9,36.9,346.0,20.9,13.9,81.0
2023-02-22T15:00,56.8,36.7,425.0,24.8,14.5,73.0
2023-02-22T16:00,56.9,36.7,457.0,26.0,14.8,71.0
2023-02-22T17:00,57.2,36.6,475.0,26.3,15.2,71.0
2023-02-22T18:00,56.7,36.1,,26.4,15.9,71.0
2023-02-22T19:00,55.4,35.0,469.0,26.4,16.7,71.0
2023-02-22T20:00,54.7,34.6,442.0,26.2,17.6,72.0
2023-02-22T21:00,54.2,34.2,418.0,25.8,19.3,73.0
2023-02-22T22:00,54.0,34.3,426.0,25.5,21.5,72.0
2023-02-22T23:00,55.3,35.3,447.0,25.1,24.3,71.0
2023-02-23T00:00,57.5,37.0,473.0,25.3,24.6,71.0
2023-02-23T01:00,56.9,36.7,460.0,25.4,24.8,71.0
2023-02-23T02:00,55.9,35.9,442.0,25.5,25.0,71.0
2023-02-23T03:00,53.1,33.6,404.0,24.4,25.1,74.0
2023-02-23T04:00,46.8,29.2,358.0,21.9,25.1,80.0
2023-02-23T05:00,45.1,28.1,301.0,18.3,24.9,88.0
2023-02-23T06:00,45.1,28.1,241.0,13.9,23.9,98.0
2023-02-23T07:00,45.3,28.3,222.0,11.0,21.9,103.0
2023-02-23T08:00,43.8,27.4,217.0,8.4,19.2,107.0
2023-02-23T09:00,41.4,25.8,214.0,6.6,16.3,107.0
2023-02-23T10:00,38.2,23.7,206.0,7.6,15.3,102.0
2023-02-23T11:00,35.9,22.2,198.0,9.9,15.0,93.0
2023-02-23T12:00,37.1,22.9,210.0,13.3,14.9,82.0
2023-02-23T13:00,40.0,25.1,252.0,15.0,14.4,77.0
2023-02-23T14:00,39.2,24.7,312.0,17.3,13.7,69.0
2023-02-23T15:00,38.0,23.9,378.0,19.8,13.3,60.0
2023-02-23T16:00,37.3,23.5,404.0,20.4,13.6,57.0
2023-02-23T17:00,37.4,23.6,418.0,20.3,14.3,55.0
2023-02-23T18:00,37.4,23.7,424.0,20.0,15.5,54.0
2023-02-23T19:00,37.0,23.5,413.0,19.8,16.7,53.0
2023-02-23T20:00,37.6,23.9,393.0,19.5,18.1,53.0
2023-02-23T21:00,38.6,24.7,375.0,19.2,20.2,53.0
2023-02-23T22:00,40.2,25.8,384.0,19.1,22.1,53.0
2023-02-23T23:00,41.8,27.0,404.0,19.2,24.3,53.0
2023-02-24T00:00,48.7,32.0,,25.7,31.9,53.0
2023-02-24T01:00,52.0,34.5,482.0,26.2,29.3,53.0
2023-02-24T02:00,47.3,31.1,459.0,26.8,25.6,54.0
2023-02-24T03:00,40.4,26.2,412.0,25.7,21.8,58.0
2023-02-24T04:00,30.2,18.9,355.0,21.8,21.0,66.0
2023-02-24T05:00,31.8,20.0,284.0,16.2,21.2,76.0
2023-02-24T06:00,35.4,22.4,211.0,10.1,21.1,87.0
2023-02-24T07:00,37.1,23.6,190.0,7.9,20.0,93.0
2023-02-24T08:00,36.4,23.2,186.0,6.8,18.5,97.0
2023-02-24T09:00,34.3,21.9,187.0,6.8,16.8,97.0
2023-02-24T10:00,31.7,20.1,180.0,8.3,16.0,90.0
2023-02-24T11:00,29.2,18.6,175.0,10.8,15.3,80.0
2023-02-24T12:00,26.2,16.3,180.0,13.4,14.9,76.0
2023-02-24T13:00,24.6,15.4,214.0,14.5,14.3,71.0
2023-02-24T14:00,23.1,14.5,263.0,16.1,13.4,64.0
2023-02-24T15:00,21.7,13.6,323.0,17.7,13.0,57.0
2023-02-24T16:00,21.2,13.5,356.0,18.0,13.7,55.0
2023-02-24T17:00,21.8,13.9,384.0,17.8,15.1,54.0
2023-02-24T18:00,22.2,14.2,410.0,17.6,17.4,53.0
2023-02-24T19:00,23.1,14.9,414.0,17.6,19.6,52.0
2023-02-24T20:00,25.8,16.9,409.0,17.6,22.1,52.0
2023-02-24T21:00,26.1,17.1,407.0,18.4,25.3,50.0
2023-02-24T22:00,31.8,21.2,417.0,19.8,26.9,48.0
2023-02-24T23:00,37.4,25.2,432.0,21.7,28.1,45.0
2023-02-25T00:00,41.7,28.1,,29.6,,48.0
2023-02-25T01:00,39.3,26.6,,,,41.0
2023-02-25T02:00,44.5,30.2,,,,31.0
2023-02-25T03:00,51.8,35.3,,,,26.0
2023-02-25T04:00,39.1,26.1,,,,37.0
2023-02-25T05:00,38.1,25.3,,,,54.0
2023-02-25T06:00,41.1,27.4,348.0,29.6,,78.0
2023-02-25T07:00,42.8,28.6,295.0,22.8,,93.0
2023-02-25T08:00,39.9,26.5,263.0,17.0,,108.0
2023-02-25T09:00,37.4,24.7,232.0,12.2,,119.0
2023-02-25T10:00,32.8,21.5,206.0,12.2,29.2,115.0
2023-02-25T11:00,27.5,17.8,185.0,14.5,24.2,105.0
2023-02-25T12:00,29.1,18.5,187.0,16.9,16.7,90.0
2023-02-25T13:00,28.9,18.2,252.0,18.6,16.8,84.0
2023-02-25T14:00,29.4,18.6,344.0,21.0,17.1,77.0
2023-02-25T15:00,30.3,19.2,464.0,23.6,18.7,68.0
2023-02-25T16:00,32.0,20.4,,24.4,21.4,65.0
2023-02-25T17:00,34.9,22.5,,24.7,25.0,65.0
2023-02-25T18:00,37.7,24.5,,24.8,30.4,64.0
2023-02-25T19:00,40.7,26.6,,24.8,,63.0
2023-02-25T20:00,44.5,29.3,,24.7,,63.0
2023-02-25T21:00,48.7,32.2,,24.2,,63.0
2023-02-25T22:00,52.4,34.9,,22.9,,63.0
2023-02-25T23:00,56.7,38.1,,21.2,,63.0
2023-02-26T00:00,70.1,47.3,,,,62.0
2023-02-26T01:00,75.2,50.9,,,,62.0
2023-02-26T02:00,81.7,55.4,,,,63.0
2023-02-26T03:00,45.2,29.4,,,,66.0
2023-02-26T04:00,35.9,22.6,445.0,30.4,32.7,73.0
2023-02-26T05:00,36.2,22.6,334.0,21.9,26.4,83.0
2023-02-26T06:00,36.8,22.9,225.0,12.5,19.3,93.0
2023-02-26T07:00,36.4,22.5,186.0,8.6,15.5,96.0
2023-02-26T08:00,36.1,22.2,174.0,6.2,12.6,97.0
2023-02-26T09:00,34.8,21.3,172.0,5.1,10.1,95.0
2023-02-26T10:00,33.4,20.3,165.0,6.0,9.3,92.0
2023-02-26T11:00,32.6,19.7,164.0,8.2,9.5,87.0
2023-02-26T12:00,34.1,20.7,194.0,11.7,10.4,82.0
2023-02-26T13:00,35.0,21.3,253.0,13.7,11.4,80.0
2023-02-26T14:00,37.0,22.7,336.0,16.6,12.8,77.0
2023-02-26T15:00,39.2,24.1,436.0,19.4,15.1,74.0
2023-02-26T16:00,41.0,25.3,,19.8,17.1,74.0
2023-02-26T17:00,42.8,26.5,,19.4,19.4,75.0
2023-02-26T18:00,44.5,27.6,,18.6,22.9,77.0
2023-02-26T19:00,46.1,28.8,,18.0,26.3,78.0
2023-02-26T20:00,48.4,30.5,,17.2,30.0,79.0
2023-02-26T21:00,51.3,32.7,,16.2,,80.0
2023-02-26T22:00,54.2,34.9,,15.2,,80.0
2023-02-26T23:00,55.4,35.7,,14.2,31.7,81.0
2023-02-27T00:00,53.7,34.7,,25.4,,75.0
2023-02-27T01:00,49.7,32.0,,28.2,,71.0
2023-02-27T02:00,49.8,32.4,,,,65.0
2023-02-27T03:00,43.9,27.9,429.0,,,64.0
2023-02-27T04:00,40.2,25.4,390.0,29.9,,75.0
2023-02-27T05:00,41.4,26.5,352.0,23.3,,92.0
2023-02-27T06:00,43.3,28.0,308.0,15.2,,111.0
2023-02-27T07:00,44.4,28.9,283.0,11.2,32.8,119.0
2023-02-27T08:00,43.3,28.2,262.0,8.0,24.2,123.0
2023-02-27T09:00,40.4,26.1,245.0,5.9,15.1,123.0
2023-02-27T10:00,36.8,23.6,239.0,6.9,12.3,116.0
2023-02-27T11:00,34.6,21.8,240.0,9.5,11.4,105.0
2023-02-27T12:00,36.8,23.2,256.0,13.7,11.5,100.0
2023-02-27T13:00,39.0,24.6,288.0,16.1,11.6,95.0
2023-02-27T14:00,39.8,25.0,332.0,19.5,11.6,87.0
2023-02-27T15:00,40.3,25.2,375.0,22.8,11.7,80.0
2023-02-27T16:00,40.7,25.4,379.0,23.1,11.7,79.0
2023-02-27T17:00,41.3,25.8,368.0,22.4,11.7,80.0
2023-02-27T18:00,41.6,25.8,348.0,21.2,11.6,81.0
2023-02-27T19:00,41.7,25.9,330.0,20.6,11.5,81.0
2023-02-27T20:00,41.9,26.1,308.0,19.9,11.4,82.0
2023-02-27T21:00,42.1,26.3,287.0,18.9,11.4,82.0
2023-02-27T22:00,42.4,26.5,284.0,18.1,11.8,82.0
2023-02-27T23:00,42.6,26.8,287.0,17.2,12.4,83.0
2023-02-28T00:00,43.0,27.0,291.0,15.9,12.4,83.0
2023-02-28T01:00,43.7,27.5,296.0,16.3,12.5,83.0
2023-02-28T02:00,43.8,27.6,304.0,16.8,12.7,84.0
2023-02-28T03:00,42.0,26.1,304.0,16.1,12.4,87.0
2023-02-28T04:00,43.0,26.6,290.0,13.3,11.5,92.0
2023-02-28T05:00,46.6,28.9,267.0,9.2,10.2,99.0
2023-02-28T06:00,50.1,31.0,243.0,4.9,8.7,106.0
2023-02-28T07:00,52.9,32.7,236.0,3.6,7.9,108.0
2023-02-28T08:00,54.4,33.4,233.0,3.3,7.2,109.0
2023-02-28T09:00,54.7,33.4,234.0,3.9,6.7,107.0
2023-02-28T10:00,54.4,32.8,234.0,5.2,6.8,104.0
2023-02-28T11:00,54.1,32.5,235.0,7.2,7.2,99.0
2023-02-28T12:00,54.9,33.4,255.0,10.8,8.7,92.0
2023-02-28T13:00,55.5,33.8,289.0,13.5,9.5,89.0
2023-02-28T14:00,56.0,34.1,337.0,17.4,10.5,84.0
2023-02-28T15:00,56.1,34.3,386.0,21.3,11.6,80.0
2023-02-28T16:00,56.2,34.3,396.0,22.0,11.8,80.0
2023-02-28T17:00,55.9,34.1,393.0,21.5,11.7,81.0
2023-02-28T18:00,55.2,33.6,381.0,20.8,11.4,82.0
2023-02-28T19:00,54.7,33.3,367.0,20.8,11.2,82.0
2023-02-28T20:00,54.2,33.1,347.0,20.7,10.9,83.0
2023-02-28T21:00,53.7,32.8,326.0,20.3,10.6,84.0
2023-02-28T22:00,53.4,32.7,321.0,19.2,10.5,86.0
2023-02-28T23:00,53.3,32.7,320.0,17.8,10.6,88.0
2023-03-01T00:00,52.4,32.5,319.0,15.2,9.9,92.0
2023-03-01T01:00,53.1,33.1,320.0,15.8,10.4,93.0
2023-03-01T02:00,52.4,32.2,322.0,16.6,11.1,95.0
2023-03-01T03:00,50.1,30.7,322.0,16.2,11.7,98.0
2023-03-01T04:00,50.2,30.9,319.0,13.6,11.5,103.0
2023-03-01T05:00,50.6,31.3,314.0,9.7,10.9,108.0
2023-03-01T06:00,52.4,32.6,306.0,5.5,10.0,114.0
2023-03-01T07:00,54.4,34.0,299.0,4.2,9.1,115.0
2023-03-01T08:00,52.7,32.9,291.0,3.7,8.1,114.0
2023-03-01T09:00,49.6,30.7,282.0,4.1,7.2,111.0
2023-03-01T10:00,46.7,28.8,273.0,5.3,7.2,106.0
2023-03-01T11:00,43.3,26.4,263.0,7.2,7.5,100.0
2023-03-01T12:00,41.1,24.7,264.0,10.3,8.1,90.0
2023-03-01T13:00,42.0,25.4,284.0,13.0,8.6,87.0
2023-03-01T14:00,43.4,26.3,312.0,16.9,9.2,83.0
2023-03-01T15:00,45.1,27.2,341.0,20.8,10.1,79.0
2023-03-01T16:00,46.6,28.2,349.0,21.6,10.6,79.0
2023-03-01T17:00,48.0,29.1,351.0,21.4,11.1,81.0
2023-03-01T18:00,48.7,29.6,346.0,20.8,11.6,84.0
2023-03-01T19:00,49.2,29.9,334.0,20.5,11.7,87.0
2023-03-01T20:00,50.1,30.4,316.0,20.1,11.7,89.0
2023-03-01T21:00,51.2,31.0,302.0,19.8,12.6,93.0
2023-03-01T22:00,52.2,31.4,307.0,20.0,14.8,95.0
2023-03-01T23:00,53.2,32.1,320.0,20.5,17.9,96.0
2023-03-02T00:00,52.0,31.5,311.0,18.7,16.4,99.0
2023-03-02T01:00,55.9,34.3,336.0,19.9,16.9,99.0
2023-03-02T02:00,56.6,34.8,371.0,21.6,17.5,99.0
2023-03-02T03:00,53.9,32.7,391.0,21.7,18.1,103.0
2023-03-02T04:00,51.2,30.5,362.0,18.3,18.1,110.0
2023-03-02T05:00,51.0,30.3,311.0,13.2,17.8,121.0
2023-03-02T06:00,51.6,30.9,254.0,7.5,17.0,131.0
2023-03-02T07:00,52.0,31.2,237.0,5.5,15.7,134.0
2023-03-02T08:00,51.1,30.7,230.0,4.6,14.0,135.0
2023-03-02T09:00,48.5,29.1,227.0,4.8,12.2,133.0
2023-03-02T10:00,46.4,27.6,221.0,5.9,11.6,130.0
2023-03-02T11:00,45.5,26.8,216.0,7.9,11.5,125.0
2023-03-02T12:00,36.3,21.2,235.0,13.4,13.9,115.0
2023-03-02T13:00,41.3,24.5,310.0,16.7,15.2,109.0
2023-03-02T14:00,45.5,27.2,417.0,21.3,17.2,101.0
2023-03-02T15:00,48.2,28.9,,25.9,19.3,93.0
2023-03-02T16:00,49.9,29.9,,26.5,20.0,91.0
2023-03-02T17:00,51.2,30.6,,25.7,20.4,91.0
2023-03-02T18:00,51.7,31.0,,24.4,20.8,91.0
2023-03-02T19:00,51.7,31.0,,23.9,21.4,91.0
2023-03-02T20:00,52.2,31.3,468.0,23.3,22.0,92.0
2023-03-02T21:00,52.4,31.5,428.0,22.6,22.3,92.0
2023-03-02T22:00,52.3,31.5,406.0,21.9,21.8,92.0
2023-03-02T23:00,51.5,31.2,386.0,21.1,20.8,92.0
2023-03-03T00:00,54.8,33.9,427.0,20.4,25.4,93.0
2023-03-03T01:00,54.1,33.3,419.0,21.6,23.7,93.0
2023-03-03T02:00,53.1,32.5,408.0,23.1,21.3,94.0
2023-03-03T03:00,50.8,30.6,380.0,22.9,18.3,96.0
2023-03-03T04:00,47.0,27.9,340.0,19.0,16.9,101.0
2023-03-03T05:00,46.6,27.7,290.0,13.1,15.8,108.0
2023-03-03T06:00,46.8,28.1,237.0,6.8,14.3,115.0
2023-03-03T07:00,47.3,28.5,220.0,4.8,12.9,118.0
2023-03-03T08:00,46.6,28.1,216.0,4.1,11.4,119.0
2023-03-03T09:00,44.7,26.9,215.0,4.4,10.0,118.0
2023-03-03T10:00,42.1,25.1,211.0,5.5,9.7,115.0
2023-03-03T11:00,41.0,24.1,210.0,7.5,9.9,109.0
2023-03-03T12:00,47.0,28.5,231.0,11.9,11.3,104.0
2023-03-03T13:00,49.8,30.3,270.0,15.1,11.7,100.0
2023-03-03T14:00,51.9,31.5,326.0,19.7,12.3,93.0
2023-03-03T15:00,53.9,32.6,389.0,24.3,13.4,87.0
2023-03-03T16:00,55.2,33.4,415.0,24.9,14.4,86.0
2023-03-03T17:00,56.5,34.1,431.0,24.2,15.6,87.0
2023-03-03T18:00,57.0,34.3,439.0,23.1,17.1,88.0
2023-03-03T19:00,57.0,34.2,430.0,22.8,18.1,88.0
2023-03-03T20:00,57.6,34.6,410.0,22.5,19.2,88.0
2023-03-03T21:00,58.3,35.2,392.0,22.1,20.7,88.0
2023-03-03T22:00,59.1,35.9,396.0,21.5,22.4,88.0
2023-03-03T23:00,59.1,36.2,408.0,20.7,24.4,88.0
2023-03-04T00:00,61.7,38.2,444.0,19.9,27.2,86.0
2023-03-04T01:00,63.8,39.7,428.0,20.7,25.4,86.0
2023-03-04T02:00,66.6,41.9,404.0,21.8,22.8,87.0
2023-03-04T03:00,55.3,33.3,367.0,21.4,19.7,90.0
2023-03-04T04:00,51.0,30.4,334.0,18.1,18.4,95.0
2023-03-04T05:00,51.2,30.9,298.0,13.3,17.4,103.0
2023-03-04T06:00,51.9,31.5,260.0,8.0,16.0,110.0
2023-03-04T07:00,51.8,31.7,247.0,6.0,14.4,112.0
2023-03-04T08:00,51.6,31.8,241.0,5.0,12.6,113.0
2023-03-04T09:00,48.3,29.6,238.0,5.1,10.8,111.0
2023-03-04T10:00,44.5,27.1,233.0,6.5,10.5,106.0
2023-03-04T11:00,40.3,24.3,230.0,8.9,10.8,99.0
2023-03-04T12:00,51.7,31.7,242.0,13.5,11.9,89.0
2023-03-04T13:00,49.9,30.6,272.0,15.5,12.0,86.0
2023-03-04T14:00,48.8,29.8,314.0,18.4,12.1,81.0
2023-03-04T15:00,47.6,29.0,361.0,21.2,12.5,76.0
2023-03-04T16:00,46.9,28.5,380.0,21.4,13.1,75.0
2023-03-04T17:00,46.8,28.4,392.0,20.7,13.9,76.0
2023-03-04T18:00,46.8,28.5,398.0,19.7,15.3,77.0
2023-03-04T19:00,47.0,28.6,395.0,19.4,16.9,78.0
2023-03-04T20:00,47.7,29.2,386.0,19.1,18.9,78.0
2023-03-04T21:00,48.3,29.7,372.0,18.6,20.6,79.0
2023-03-04T22:00,48.5,30.0,361.0,17.9,20.7,80.0
2023-03-04T23:00,47.8,29.6,348.0,17.1,20.0,80.0
2023-03-05T00:00,52.0,32.5,394.0,17.4,25.8,83.0
2023-03-05T01:00,50.4,31.3,376.0,18.4,23.7,83.0
2023-03-05T02:00,49.2,30.3,351.0,19.7,20.8,84.0
2023-03-05T03:00,46.3,27.9,316.0,20.0,17.4,87.0
2023-03-05T04:00,45.6,27.4,290.0,17.8,16.2,92.0
2023-03-05T05:00,47.5,28.6,263.0,14.3,15.5,98.0
2023-03-05T06:00,50.1,30.5,236.0,10.2,14.6,104.0
2023-03-05T07:00,51.3,31.5,226.0,8.2,13.4,106.0
2023-03-05T08:00,51.1,31.4,222.0,6.8,12.1,107.0
2023-03-05T09:00,48.8,29.9,223.0,6.2,10.9,107.0
2023-03-05T10:00,46.7,28.4,223.0,7.3,10.8,106.0
2023-03-05T11:00,45.2,27.3,226.0,9.4,11.2,103.0
2023-03-05T12:00,53.3,32.7,259.0,13.5,13.4,99.0
2023-03-05T13:00,53.8,32.9,293.0,16.1,13.4,95.0
2023-03-05T14:00,53.3,32.7,341.0,19.9,13.4,90.0
2023-03-05T15:00,52.9,32.4,395.0,23.6,13.7,85.0
2023-03-05T16:00,52.9,32.2,416.0,24.0,14.4,84.0
2023-03-05T17:00,53.6,32.7,428.0,23.3,15.3,86.0
2023-03-05T18:00,54.2,33.2,434.0,22.2,16.8,87.0
2023-03-05T19:00,54.7,33.4,427.0,21.9,18.2,87.0
2023-03-05T20:00,55.1,33.8,413.0,21.6,19.7,87.0
2023-03-05T21:00,55.1,34.0,406.0,21.1,22.2,87.0
2023-03-05T22:00,55.9,34.7,426.0,20.4,25.0,87.0
2023-03-05T23:00,57.3,35.9,458.0,19.6,28.3,87.0
2023-03-06T00:00,60.8,38.2,464.0,19.8,30.6,87.0
2023-03-06T01:00,64.0,40.5,437.0,20.2,28.6,88.0
2023-03-06T02:00,62.6,39.3,399.0,20.8,25.8,90.0
2023-03-06T03:00,49.7,29.9,349.0,20.3,22.3,93.0
2023-03-06T04:00,46.4,27.5,316.0,18.0,20.4,96.0
2023-03-06T05:00,47.0,27.9,285.0,14.6,18.8,100.0
2023-03-06T06:00,47.5,28.5,252.0,10.5,16.9,104.0
2023-03-06T07:00,47.7,28.8,237.0,8.3,15.4,105.0
2023-03-06T08:00,46.9,28.3,228.0,6.5,13.9,106.0
2023-03-06T09:00,44.6,26.9,221.0,5.6,12.6,105.0
2023-03-06T10:00,41.8,25.1,213.0,6.6,12.4,103.0
2023-03-06T11:00,40.2,24.0,207.0,8.8,12.6,99.0
2023-03-06T12:00,33.1,19.3,230.0,13.2,14.5,96.0
2023-03-06T13:00,34.5,20.4,281.0,15.7,15.1,93.0
2023-03-06T14:00,35.9,21.4,354.0,19.2,15.9,88.0
2023-03-06T15:00,36.6,21.9,434.0,22.8,17.2,83.0
2023-03-06T16:00,37.6,22.7,460.0,23.3,18.1,83.0
2023-03-06T17:00,39.0,23.5,471.0,22.7,19.0,84.0
2023-03-06T18:00,40.3,24.2,473.0,22.0,20.6,86.0
2023-03-06T19:00,41.3,24.7,463.0,22.1,21.9,87.0
2023-03-06T20:00,43.4,26.1,444.0,22.3,23.4,87.0
2023-03-06T21:00,46.4,28.1,439.0,22.3,26.3,88.0
2023-03-06T22:00,50.1,30.5,475.0,21.7,30.3,88.0
2023-03-06T23:00,54.1,33.5,,20.9,,88.0
2023-03-07T00:00,62.2,38.5,,26.6,,82.0
2023-03-07T01:00,67.5,42.4,,27.4,,82.0
2023-03-07T02:00,61.7,38.2,476.0,28.5,,81.0
2023-03-07T03:00,54.4,32.6,415.0,27.6,30.5,84.0
2023-03-07T04:00,50.1,29.4,368.0,23.1,27.7,92.0
2023-03-07T05:00,49.0,28.9,318.0,16.7,24.5,103.0
2023-03-07T06:00,49.5,29.5,265.0,9.5,20.5,114.0
2023-03-07T07:00,48.8,29.0,243.0,6.9,17.8,117.0
2023-03-07T08:00,47.0,27.9,232.0,5.6,15.1,116.0
2023-03-07T09:00,44.2,26.1,223.0,5.3,12.5,113.0
2023-03-07T10:00,41.8,24.4,217.0,6.3,11.5,108.0
2023-03-07T11:00,39.9,23.1,215.0,8.3,11.1,101.0
2023-03-07T12:00,34.3,19.5,228.0,12.1,12.1,93.0
2023-03-07T13:00,33.4,18.8,248.0,14.4,11.9,89.0
2023-03-07T14:00,32.9,18.6,276.0,17.8,11.5,84.0
2023-03-07T15:00,32.8,18.5,309.0,21.1,11.4,78.0
2023-03-07T16:00,33.2,18.7,327.0,21.6,11.7,77.0
2023-03-07T17:00,34.3,19.5,341.0,21.1,12.3,77.0
2023-03-07T18:00,36.0,20.5,350.0,20.3,13.1,78.0
2023-03-07T19:00,37.0,21.2,343.0,20.1,13.7,78.0
2023-03-07T20:00,38.1,21.9,329.0,19.9,14.3,78.0
2023-03-07T21:00,39.0,22.5,316.0,19.8,15.5,78.0
2023-03-07T22:00,40.0,23.2,320.0,19.8,16.9,78.0
2023-03-07T23:00,41.2,23.9,330.0,19.9,18.7,78.0
2023-03-08T00:00,41.8,24.9,272.0,17.7,30.2,80.0
2023-03-08T01:00,45.4,27.4,266.0,15.4,27.3,82.0
2023-03-08T02:00,48.3,29.5,258.0,12.2,23.1,86.0
2023-03-08T03:00,38.4,22.4,249.0,8.5,18.6,91.0
2023-03-08T04:00,36.7,21.4,246.0,6.8,16.8,95.0
2023-03-08T05:00,38.4,22.6,245.0,5.5,15.7,99.0
2023-03-08T06:00,39.2,23.4,248.0,5.4,16.4,102.0
2023-03-08T07:00,41.6,25.2,256.0,7.5,19.9,99.0
2023-03-08T08:00,42.7,26.1,267.0,10.8,25.2,94.0
2023-03-08T09:00,41.7,25.5,275.0,13.9,29.7,88.0
2023-03-08T10:00,38.1,23.2,269.0,13.5,28.5,86.0
2023-03-08T11:00,34.0,20.4,256.0,11.9,25.0,85.0
2023-03-08T12:00,22.2,12.4,239.0,10.8,22.0,79.0
2023-03-08T13:00,23.1,12.8,236.0,11.0,20.9,78.0
2023-03-08T14:00,24.6,13.7,232.0,11.3,19.3,76.0
2023-03-08T15:00,26.1,14.6,227.0,11.7,17.9,74.0
2023-03-08T16:00,28.3,16.0,226.0,11.8,17.8,74.0
2023-03-08T17:00,30.9,17.6,225.0,11.9,18.2,74.0
2023-03-08T18:00,32.7,18.8,227.0,12.2,19.3,75.0
2023-03-08T19:00,34.3,19.9,231.0,13.0,20.8,75.0
2023-03-08T20:00,35.3,20.6,236.0,14.0,22.7,74.0
2023-03-08T21:00,35.4,20.8,241.0,14.9,24.4,74.0
2023-03-08T22:00,35.4,20.8,242.0,15.1,24.5,74.0
2023-03-08T23:00,35.0,20.6,242.0,14.9,24.0,74.0
2023-03-09T00:00,36.4,21.5,239.0,15.3,24.7,75.0
2023-03-09T01:00,36.3,21.4,228.0,12.5,20.4,79.0
2023-03-09T02:00,34.8,20.1,213.0,8.5,14.3,85.0
2023-03-09T03:00,34.3,19.6,200.0,4.5,8.8,92.0
2023-03-09T04:00,35.5,20.4,200.0,3.7,8.8,96.0
2023-03-09T05:00,38.4,22.5,206.0,3.9,10.9,99.0
2023-03-09T06:00,41.2,24.4,218.0,5.1,15.1,100.0
2023-03-09T07:00,44.1,26.7,231.0,6.7,19.8,98.0
2023-03-09T08:00,46.1,28.1,247.0,8.9,25.6,94.0
2023-03-09T09:00,46.1,28.1,260.0,11.0,30.3,89.0
2023-03-09T10:00,44.5,27.0,256.0,11.2,28.8,86.0
2023-03-09T11:00,42.1,25.3,245.0,10.7,24.7,84.0
2023-03-09T12:00,44.0,26.6,237.0,10.8,21.7,80.0
2023-03-09T13:00,43.0,26.1,232.0,10.4,20.0,80.0
2023-03-09T14:00,43.8,26.7,224.0,9.8,17.6,80.0
2023-03-09T15:00,45.1,27.5,218.0,9.4,15.5,80.0
2023-03-09T16:00,46.6,28.4,219.0,9.6,15.8,81.0
2023-03-09T17:00,48.5,29.6,222.0,10.1,17.0,83.0
2023-03-09T18:00,50.4,30.9,229.0,11.2,19.3,85.0
2023-03-09T19:00,51.9,31.8,235.0,12.5,21.7,84.0
2023-03-09T20:00,53.2,32.7,243.0,14.0,24.6,83.0
2023-03-09T21:00,53.0,32.7,252.0,15.6,27.9,81.0
2023-03-09T22:00,52.5,32.6,258.0,16.1,29.7,80.0
2023-03-09T23:00,52.2,32.6,263.0,16.2,31.1,80.0
2023-03-10T00:00,50.4,31.5,252.0,16.2,31.7,81.0
2023-03-10T01:00,49.1,30.6,238.0,13.5,26.6,85.0
2023-03-10T02:00,44.9,27.5,218.0,9.7,19.5,91.0
2023-03-10T03:00,42.3,25.5,198.0,5.6,12.4,98.0
2023-03-10T04:00,40.4,24.3,193.0,4.4,11.2,103.0
2023-03-10T05:00,41.3,24.9,193.0,4.0,12.1,107.0
2023-03-10T06:00,42.5,25.7,197.0,4.5,15.0,110.0
2023-03-10T07:00,44.0,26.8,205.0,5.9,19.1,109.0
2023-03-10T08:00,45.3,27.7,217.0,8.1,24.6,105.0
2023-03-10T09:00,44.9,27.4,228.0,10.2,28.9,101.0
2023-03-10T10:00,43.1,26.1,226.0,10.2,27.2,99.0
2023-03-10T11:00,41.1,24.7,220.0,9.3,23.0,98.0
2023-03-10T12:00,49.7,30.6,219.0,9.6,21.3,96.0
2023-03-10T13:00,49.6,30.5,222.0,10.0,20.8,94.0
2023-03-10T14:00,49.9,30.7,226.0,10.6,20.0,92.0
2023-03-10T15:00,50.1,30.9,231.0,11.3,19.4,89.0
2023-03-10T16:00,50.4,31.1,233.0,11.4,19.4,88.0
2023-03-10T17:00,51.1,31.4,234.0,11.3,19.6,88.0
2023-03-10T18:00,51.7,31.8,237.0,11.6,20.5,88.0
2023-03-10T19:00,51.9,31.9,240.0,12.4,21.8,87.0
2023-03-10T20:00,52.4,32.2,245.0,13.4,23.5,87.0
2023-03-10T21:00,53.1,32.6,251.0,14.9,26.1,86.0
2023-03-10T22:00,53.7,33.1,258.0,16.3,29.0,85.0
2023-03-10T23:00,55.1,34.1,267.0,17.8,32.2,84.0
2023-03-11T00:00,53.7,33.4,347.0,20.0,21.7,85.0
2023-03-11T01:00,55.9,34.9,331.0,19.3,20.4,87.0
2023-03-11T02:00,55.9,34.9,307.0,18.2,18.5,89.0
2023-03-11T03:00,49.9,30.2,277.0,16.0,15.9,93.0
2023-03-11T04:00,49.4,29.9,258.0,13.4,13.9,96.0
2023-03-11T05:00,51.6,31.4,241.0,10.2,11.8,99.0
2023-03-11T06:00,53.8,33.1,223.0,6.8,9.5,101.0
2023-03-11T07:00,54.8,33.9,216.0,5.6,8.6,100.0
2023-03-11T08:00,54.5,33.8,214.0,5.1,8.1,98.0
2023-03-11T09:00,53.0,32.7,214.0,5.5,7.8,94.0
2023-03-11T10:00,50.8,31.2,212.0,6.6,7.8,91.0
2023-03-11T11:00,48.0,29.3,212.0,8.4,8.0,88.0
2023-03-11T12:00,49.8,30.4,223.0,9.9,8.3,87.0
2023-03-11T13:00,48.8,29.7,252.0,12.5,9.0,83.0
2023-03-11T14:00,48.7,29.7,294.0,16.1,10.0,78.0
2023-03-11T15:00,48.7,29.7,348.0,19.7,11.6,72.0
2023-03-11T16:00,49.5,30.4,385.0,20.1,13.1,71.0
2023-03-11T17:00,50.4,31.0,421.0,19.5,14.7,71.0
2023-03-11T18:00,50.9,31.4,451.0,18.5,16.7,72.0
2023-03-11T19:00,51.0,31.5,449.0,18.2,18.0,72.0
2023-03-11T20:00,51.3,31.9,433.0,18.0,19.3,71.0
2023-03-11T21:00,51.3,31.9,407.0,17.7,20.0,71.0
2023-03-11T22:00,49.8,31.1,389.0,17.4,19.3,71.0
2023-03-11T23:00,48.1,30.2,370.0,17.1,17.8,71.0
2023-03-12T00:00,48.0,30.3,363.0,16.8,18.9,71.0
2023-03-12T01:00,46.2,29.2,337.0,15.8,18.0,73.0
2023-03-12T02:00,45.3,28.6,299.0,14.4,16.8,76.0
2023-03-12T03:00,39.2,24.2,257.0,12.2,14.9,80.0
2023-03-12T04:00,38.6,23.8,242.0,10.1,13.3,84.0
2023-03-12T05:00,40.6,25.2,234.0,7.7,11.6,87.0
2023-03-12T06:00,42.7,26.6,229.0,5.2,9.7,92.0
2023-03-12T07:00,44.5,27.8,228.0,4.2,8.8,95.0
2023-03-12T08:00,45.4,28.3,230.0,3.8,8.2,98.0
2023-03-12T09:00,45.8,28.3,236.0,4.3,7.8,99.0
2023-03-12T10:00,45.3,27.9,241.0,5.7,8.0,96.0
2023-03-12T11:00,44.9,27.5,247.0,7.9,8.5,91.0
2023-03-12T12:00,43.7,26.5,276.0,11.8,9.9,81.0
2023-03-12T13:00,43.5,26.3,299.0,13.9,10.0,80.0
2023-03-12T14:00,44.4,26.7,331.0,16.8,10.2,79.0
2023-03-12T15:00,45.5,27.2,372.0,19.8,10.7,79.0
2023-03-12T16:00,46.6,27.8,395.0,20.5,11.2,81.0
2023-03-12T17:00,48.0,28.6,414.0,20.5,11.8,83.0
2023-03-12T18:00,49.4,29.5,434.0,20.2,13.2,86.0
2023-03-12T19:00,50.5,30.0,441.0,20.2,15.0,87.0
2023-03-12T20:00,51.1,30.6,443.0,20.1,17.4,88.0
2023-03-12T21:00,51.9,31.4,447.0,19.8,20.2,89.0
2023-03-12T22:00,52.0,31.7,456.0,19.2,22.0,89.0
2023-03-12T23:00,52.3,31.9,467.0,18.3,23.6,89.0
2023-03-13T00:00,63.3,39.6,,21.3,,90.0
2023-03-13T01:00,62.4,39.1,,21.7,31.9,91.0
2023-03-13T02:00,51.9,31.5,456.0,22.3,27.3,91.0
2023-03-13T03:00,46.1,27.2,379.0,21.6,22.3,94.0
2023-03-13T04:00,47.0,27.9,356.0,18.7,20.9,98.0
2023-03-13T05:00,49.5,29.6,350.0,14.5,20.6,104.0
2023-03-13T06:00,51.5,31.1,344.0,9.8,19.8,110.0
2023-03-13T07:00,52.7,32.0,334.0,7.7,18.1,114.0
2023-03-13T08:00,52.5,31.8,324.0,6.3,16.0,118.0
2023-03-13T09:00,51.1,30.7,315.0,6.1,13.9,119.0
2023-03-13T10:00,48.4,28.9,311.0,7.8,13.6,114.0
2023-03-13T11:00,46.4,27.6,309.0,10.7,13.9,106.0
2023-03-13T12:00,43.8,25.1,320.0,14.6,13.4,98.0
2023-03-13T13:00,43.8,25.0,347.0,17.1,13.5,95.0
2023-03-13T14:00,44.6,25.5,386.0,20.6,13.7,91.0
2023-03-13T15:00,45.2,25.8,430.0,24.1,14.2,87.0
2023-03-13T16:00,46.1,26.4,448.0,24.5,14.8,87.0
2023-03-13T17:00,46.7,26.8,460.0,23.9,15.6,88.0
2023-03-13T18:00,46.6,26.8,463.0,23.0,16.7,89.0
2023-03-13T19:00,45.8,26.3,449.0,22.8,17.2,90.0
2023-03-13T20:00,45.2,26.0,424.0,22.7,17.6,91.0
2023-03-13T21:00,44.6,26.0,403.0,22.5,18.9,92.0
2023-03-13T22:00,44.8,26.2,411.0,22.2,21.0,93.0
2023-03-13T23:00,45.5,26.8,429.0,21.8,23.7,95.0
2023-03-14T00:00,51.6,31.3,,21.2,30.6,97.0
2023-03-14T01:00,58.7,36.2,467.0,22.5,29.4,97.0
2023-03-14T02:00,55.9,34.2,444.0,24.4,27.7,96.0
2023-03-14T03:00,45.9,27.0,412.0,24.8,25.7,98.0
2023-03-14T04:00,44.9,26.3,391.0,21.8,25.1,104.0
2023-03-14T05:00,46.6,27.5,371.0,17.1,24.8,113.0
2023-03-14T06:00,49.5,29.6,348.0,11.7,23.7,122.0
2023-03-14T07:00,49.8,29.8,336.0,9.3,21.6,125.0
2023-03-14T08:00,49.7,29.7,326.0,7.6,18.9,127.0
2023-03-14T09:00,48.1,28.5,319.0,7.2,16.2,126.0
2023-03-14T10:00,45.9,26.8,315.0,8.8,15.7,122.0
2023-03-14T11:00,44.2,25.6,314.0,11.8,15.9,115.0
2023-03-14T12:00,49.0,28.5,332.0,16.1,16.8,104.0
2023-03-14T13:00,47.8,27.5,354.0,18.5,16.2,100.0
2023-03-14T14:00,47.3,27.0,385.0,22.0,15.4,94.0
2023-03-14T15:00,46.9,26.7,416.0,25.4,14.2,89.0
2023-03-14T16:00,47.0,26.7,421.0,26.0,13.4,88.0
2023-03-14T17:00,47.1,26.5,417.0,25.6,12.5,89.0
2023-03-14T18:00,46.6,26.0,411.0,24.2,11.8,91.0
2023-03-14T19:00,45.5,25.2,407.0,22.1,11.7,93.0
2023-03-14T20:00,45.1,25.0,403.0,19.2,11.8,96.0
2023-03-14T21:00,45.2,25.6,406.0,16.6,12.9,98.0
2023-03-14T22:00,47.1,27.2,424.0,16.7,14.9,96.0
2023-03-14T23:00,49.7,29.2,450.0,18.0,17.6,93.0
2023-03-15T00:00,52.2,31.2,438.0,17.8,17.4,90.0
2023-03-15T01:00,54.0,32.6,436.0,18.6,19.8,90.0
2023-03-15T02:00,53.9,32.4,433.0,19.8,23.3,91.0
2023-03-15T03:00,52.0,31.0,426.0,19.7,25.7,94.0
2023-03-15T04:00,52.9,31.7,416.0,17.0,24.1,101.0
2023-03-15T05:00,56.1,34.0,403.0,12.9,20.6,111.0
2023-03-15T06:00,58.6,36.0,387.0,8.5,16.3,119.0
2023-03-15T07:00,60.5,37.4,377.0,7.1,14.2,119.0
2023-03-15T08:00,60.5,37.4,369.0,6.6,12.5,115.0
2023-03-15T09:00,61.9,38.2,359.0,7.0,10.9,108.0
2023-03-15T10:00,61.9,37.8,352.0,8.3,10.6,101.0
2023-03-15T11:00,59.5,36.2,345.0,10.4,10.8,91.0
2023-03-15T12:00,58.9,36.1,345.0,13.8,11.2,81.0
2023-03-15T13:00,56.0,34.3,359.0,15.5,11.8,76.0
2023-03-15T14:00,54.6,33.6,378.0,17.9,12.7,68.0
2023-03-15T15:00,52.6,32.6,394.0,20.2,13.3,60.0
2023-03-15T16:00,50.8,31.4,392.0,20.5,13.0,57.0
2023-03-15T17:00,48.8,30.3,383.0,20.0,12.2,56.0
2023-03-15T18:00,46.8,28.8,366.0,18.5,11.3,56.0
2023-03-15T19:00,44.7,27.4,348.0,16.2,10.8,57.0
2023-03-15T20:00,42.3,25.8,325.0,13.2,10.3,59.0
2023-03-15T21:00,39.2,24.0,303.0,10.2,10.0,61.0
2023-03-15T22:00,37.5,22.9,299.0,9.7,10.2,60.0
2023-03-15T23:00,36.9,22.5,301.0,10.1,10.7,59.0
2023-03-16T00:00,40.3,25.3,357.0,14.5,15.4,54.0
2023-03-16T01:00,40.9,25.7,343.0,13.7,15.6,56.0
2023-03-16T02:00,36.0,22.1,323.0,12.6,15.8,58.0
2023-03-16T03:00,34.9,21.4,299.0,10.8,15.7,62.0
2023-03-16T04:00,34.8,21.4,287.0,9.2,14.9,66.0
2023-03-16T05:00,37.5,23.2,277.0,7.5,13.8,71.0
2023-03-16T06:00,41.0,25.7,266.0,5.6,12.2,77.0
2023-03-16T07:00,42.8,27.0,259.0,4.7,11.0,80.0
2023-03-16T08:00,42.6,26.8,252.0,4.1,9.9,82.0
2023-03-16T09:00,41.4,26.0,248.0,4.3,8.8,82.0
2023-03-16T10:00,39.6,24.7,245.0,5.6,8.6,78.0
2023-03-16T11:00,37.4,23.2,244.0,7.6,8.7,71.0
2023-03-16T12:00,46.8,29.4,265.0,11.1,9.4,61.0
2023-03-16T13:00,44.8,28.0,288.0,12.6,10.2,58.0
2023-03-16T14:00,44.6,27.8,321.0,14.8,11.2,55.0
2023-03-16T15:00,43.1,26.8,356.0,17.0,12.4,51.0
2023-03-16T16:00,42.0,26.1,368.0,17.3,12.7,50.0
2023-03-16T17:00,41.3,25.6,373.0,17.1,12.8,50.0
2023-03-16T18:00,40.2,24.9,372.0,16.4,12.8,51.0
2023-03-16T19:00,39.5,24.4,364.0,15.8,12.9,52.0
2023-03-16T20:00,39.5,24.4,350.0,15.1,13.0,53.0
2023-03-16T21:00,40.2,25.0,335.0,14.4,13.0,54.0
2023-03-16T22:00,39.3,24.7,334.0,14.3,12.7,55.0
2023-03-16T23:00,39.1,24.6,337.0,14.4,12.4,55.0
2023-03-17T00:00,36.4,22.6,295.0,13.3,9.5,61.0
2023-03-17T01:00,32.6,20.2,294.0,13.4,10.8,62.0
2023-03-17T02:00,26.5,16.6,293.0,13.5,12.8,62.0
2023-03-17T03:00,24.7,15.6,291.0,13.2,15.6,66.0
2023-03-17T04:00,26.3,16.7,289.0,12.3,18.1,73.0
2023-03-17T05:00,29.3,18.6,288.0,11.1,20.9,81.0
2023-03-17T06:00,34.9,22.3,284.0,9.5,22.8,91.0
2023-03-17T07:00,38.1,24.2,279.0,8.3,21.6,96.0
2023-03-17T08:00,38.4,24.5,272.0,7.0,18.9,99.0
2023-03-17T09:00,36.4,23.2,266.0,6.6,15.7,99.0
2023-03-17T10:00,33.9,21.6,265.0,8.1,14.6,92.0
2023-03-17T11:00,31.4,20.1,265.0,10.6,13.8,81.0
2023-03-17T12:00,34.1,21.9,277.0,14.1,12.4,62.0
2023-03-17T13:00,31.4,19.9,286.0,14.5,12.2,61.0
2023-03-17T14:00,31.1,19.4,299.0,15.1,11.8,59.0
2023-03-17T15:00,32.8,20.3,316.0,15.8,11.6,58.0
2023-03-17T16:00,35.2,21.5,328.0,16.0,11.7,58.0
2023-03-17T17:00,36.9,22.4,339.0,16.0,12.0,60.0
2023-03-17T18:00,38.3,23.2,350.0,16.0,12.5,61.0
2023-03-17T19:00,39.3,23.7,351.0,16.0,13.0,62.0
2023-03-17T20:00,40.7,24.5,348.0,15.9,13.5,62.0
2023-03-17T21:00,41.1,24.7,347.0,15.9,13.9,63.0
2023-03-17T22:00,40.9,24.7,354.0,15.9,13.5,64.0
2023-03-17T23:00,41.0,24.9,364.0,16.0,12.7,65.0
2023-03-18T00:00,39.2,23.7,355.0,15.1,12.4,68.0
2023-03-18T01:00,39.3,23.9,351.0,15.8,13.2,69.0
2023-03-18T02:00,35.2,21.0,346.0,16.8,14.3,71.0
2023-03-18T03:00,32.0,19.0,335.0,16.6,15.1,75.0
2023-03-18T04:00,32.1,19.2,322.0,14.0,14.5,80.0
2023-03-18T05:00,33.4,20.1,306.0,10.0,13.2,86.0
2023-03-18T06:00,36.6,22.3,288.0,6.2,12.1,92.0
2023-03-18T07:00,39.0,23.8,278.0,5.8,12.1,92.0
2023-03-18T08:00,40.9,25.0,270.0,6.6,12.6,90.0
2023-03-18T09:00,40.6,24.8,264.0,8.6,13.6,86.0
2023-03-18T10:00,38.9,23.6,260.0,10.7,14.8,81.0
2023-03-18T11:00,36.4,21.9,258.0,13.5,16.2,75.0
2023-03-18T12:00,34.7,21.1,289.0,19.9,18.8,57.0
2023-03-18T13:00,34.3,20.7,311.0,19.7,18.0,55.0
2023-03-18T14:00,35.3,21.1,343.0,19.4,17.0,53.0
2023-03-18T15:00,34.3,20.5,387.0,18.9,16.5,50.0
2023-03-18T16:00,34.6,20.7,426.0,18.4,17.8,49.0
2023-03-18T17:00,36.4,22.0,469.0,17.8,19.9,48.0
2023-03-18T18:00,38.1,23.2,,17.1,21.5,47.0
2023-03-18T19:00,36.0,21.9,455.0,16.6,20.5,47.0
2023-03-18T20:00,33.1,20.0,391.0,16.0,18.4,46.0
2023-03-18T21:00,31.8,19.3,316.0,15.5,16.2,46.0
2023-03-18T22:00,31.0,18.9,287.0,15.2,15.5,45.0
2023-03-18T23:00,29.6,18.0,268.0,15.0,15.2,44.0
2023-03-19T00:00,31.9,19.6,301.0,17.5,19.8,42.0
2023-03-19T01:00,30.9,19.2,303.0,19.3,22.7,41.0
2023-03-19T02:00,28.7,17.6,307.0,21.8,26.9,39.0
2023-03-19T03:00,29.5,18.3,308.0,24.0,31.8,39.0
2023-03-19T04:00,32.9,20.5,305.0,23.7,,43.0
2023-03-19T05:00,36.9,23.3,299.0,22.5,,50.0
2023-03-19T06:00,40.4,25.7,288.0,20.3,,61.0
2023-03-19T07:00,42.0,26.6,276.0,18.0,,72.0
2023-03-19T08:00,44.1,27.9,262.0,15.2,,84.0
2023-03-19T09:00,45.3,28.5,249.0,13.3,30.1,95.0
2023-03-19T10:00,45.3,28.1,245.0,14.7,29.3,94.0
2023-03-19T11:00,43.1,26.4,245.0,17.5,29.1,89.0
2023-03-19T12:00,33.8,20.3,267.0,23.5,27.5,74.0
2023-03-19T13:00,32.1,19.2,303.0,24.0,26.3,67.0
2023-03-19T14:00,30.4,18.3,354.0,24.8,24.5,56.0
2023-03-19T15:00,28.6,17.4,397.0,25.7,22.0,46.0
2023-03-19T16:00,27.6,17.0,388.0,26.5,20.1,44.0
2023-03-19T17:00,26.0,16.3,359.0,27.3,18.1,45.0
2023-03-19T18:00,22.9,14.3,317.0,26.3,15.5,48.0
2023-03-19T19:00,21.8,13.6,291.0,22.4,13.6,50.0
2023-03-19T20:00,20.5,12.8,264.0,16.8,11.8,52.0
2023-03-19T21:00,19.7,12.3,237.0,10.6,9.9,55.0
2023-03-19T22:00,20.7,12.8,225.0,8.2,8.9,57.0
2023-03-19T23:00,22.2,13.5,219.0,6.9,8.2,58.0
2023-03-20T00:00,26.2,16.5,243.0,10.0,13.0,66.0
2023-03-20T01:00,27.1,17.1,257.0,12.7,14.8,65.0
2023-03-20T02:00,25.6,16.2,276.0,16.5,17.2,65.0
2023-03-20T03:00,24.7,15.7,292.0,19.3,19.2,67.0
2023-03-20T04:00,24.1,15.3,285.0,17.5,18.3,73.0
2023-03-20T05:00,23.8,15.1,270.0,13.8,16.2,83.0
2023-03-20T06:00,26.3,17.0,253.0,9.5,14.0,96.0
2023-03-20T07:00,29.5,19.3,251.0,7.8,13.8,108.0
2023-03-20T08:00,33.3,21.8,253.0,6.8,14.2,121.0
2023-03-20T09:00,34.1,22.4,259.0,7.4,15.4,132.0
2023-03-20T10:00,34.5,22.6,264.0,10.1,17.3,131.0
2023-03-20T11:00,33.3,21.8,272.0,14.3,19.7,126.0
2023-03-20T12:00,23.8,15.1,276.0,22.0,22.1,79.0
2023-03-20T13:00,22.5,14.3,292.0,23.4,20.7,74.0
2023-03-20T14:00,20.8,13.1,314.0,25.4,18.7,68.0
2023-03-20T15:00,19.5,12.0,336.0,27.1,16.5,61.0
2023-03-20T16:00,19.9,12.1,340.0,27.1,15.6,60.0
2023-03-20T17:00,21.6,13.0,337.0,26.4,15.0,61.0
2023-03-20T18:00,23.1,13.9,329.0,24.6,15.0,64.0
2023-03-20T19:00,23.7,14.2,319.0,22.0,15.3,67.0
2023-03-20T20:00,25.4,15.4,306.0,18.5,16.1,71.0
2023-03-20T21:00,28.9,17.8,295.0,15.8,19.2,73.0
2023-03-20T22:00,34.2,21.4,297.0,16.5,24.2,69.0
2023-03-20T23:00,38.2,24.3,304.0,18.8,30.9,61.0
2023-03-21T00:00,34.9,22.0,307.0,17.9,26.5,62.0
2023-03-21T01:00,37.0,23.5,313.0,19.1,29.8,60.0
2023-03-21T02:00,35.5,22.5,320.0,20.7,,58.0
2023-03-21T03:00,35.0,22.1,323.0,21.1,,60.0
2023-03-21T04:00,34.0,21.3,313.0,18.5,,70.0
2023-03-21T05:00,35.3,22.1,297.0,14.4,29.6,85.0
2023-03-21T06:00,36.7,22.7,277.0,9.8,22.9,101.0
2023-03-21T07:00,37.4,23.1,265.0,7.8,19.4,108.0
2023-03-21T08:00,37.5,23.2,254.0,6.5,16.2,112.0
2023-03-21T09:00,35.0,21.7,246.0,6.5,13.4,112.0
2023-03-21T10:00,31.9,19.7,247.0,8.4,12.8,105.0
2023-03-21T11:00,30.0,18.5,252.0,11.6,13.2,94.0
2023-03-21T12:00,30.0,18.5,285.0,17.8,16.2,80.0
2023-03-21T13:00,27.4,16.9,308.0,19.2,15.8,75.0
2023-03-21T14:00,26.5,16.5,340.0,21.2,15.2,67.0
2023-03-21T15:00,26.3,16.3,368.0,23.0,14.3,59.0
2023-03-21T16:00,26.8,16.6,366.0,23.4,13.5,57.0
2023-03-21T17:00,27.9,17.2,352.0,23.2,12.7,58.0
2023-03-21T18:00,28.2,17.1,326.0,21.4,11.7,59.0
2023-03-21T19:00,27.6,16.5,302.0,18.0,11.2,60.0
2023-03-21T20:00,27.1,16.0,273.0,13.5,10.8,61.0
2023-03-21T21:00,25.1,14.7,243.0,8.8,10.8,62.0
2023-03-21T22:00,24.3,14.2,233.0,7.7,11.3,61.0
2023-03-21T23:00,23.5,13.9,230.0,7.7,12.1,59.0
2023-03-22T00:00,23.6,14.1,236.0,11.0,11.6,51.0
2023-03-22T01:00,23.0,13.9,242.0,12.4,14.0,50.0
2023-03-22T02:00,22.1,13.3,251.0,14.3,17.3,49.0
2023-03-22T03:00,22.6,13.7,259.0,15.6,21.1,51.0
2023-03-22T04:00,24.3,14.8,260.0,14.7,22.6,59.0
2023-03-22T05:00,28.2,17.4,258.0,12.8,23.6,70.0
2023-03-22T06:00,34.6,21.7,254.0,10.3,23.8,85.0
2023-03-22T07:00,41.2,26.3,248.0,8.6,22.9,97.0
2023-03-22T08:00,42.5,27.1,240.0,7.0,21.3,109.0
2023-03-22T09:00,42.3,27.0,233.0,6.9,19.4,117.0
2023-03-22T10:00,39.3,25.1,232.0,9.7,18.9,110.0
2023-03-22T11:00,35.9,22.8,234.0,14.1,18.7,96.0
2023-03-22T12:00,45.8,29.4,246.0,22.1,21.8,78.0
2023-03-22T13:00,40.0,25.6,261.0,23.0,20.6,71.0
2023-03-22T14:00,34.9,22.2,283.0,24.3,19.0,61.0
2023-03-22T15:00,30.2,18.9,299.0,24.8,16.8,49.0
2023-03-22T16:00,26.1,16.2,290.0,23.6,15.4,44.0
2023-03-22T17:00,23.7,14.5,271.0,21.6,14.1,41.0
2023-03-22T18:00,21.7,13.1,242.0,18.3,12.5,39.0
2023-03-22T19:00,20.7,12.4,221.0,15.5,11.5,38.0
2023-03-22T20:00,20.1,11.9,199.0,12.3,10.7,38.0
2023-03-22T21:00,19.7,11.6,177.0,8.9,10.0,38.0
2023-03-22T22:00,19.7,11.6,168.0,7.4,9.6,39.0
2023-03-22T23:00,20.0,11.7,164.0,6.4,9.5,40.0
2023-03-23T00:00,19.2,11.4,169.0,7.2,8.2,36.0
2023-03-23T01:00,19.0,11.2,183.0,9.6,9.8,36.0
2023-03-23T02:00,19.0,11.3,204.0,13.1,12.1,35.0
2023-03-23T03:00,18.3,11.2,227.0,16.2,15.7,38.0
2023-03-23T04:00,20.4,12.6,238.0,16.1,19.4,44.0
2023-03-23T05:00,23.8,14.8,246.0,14.8,23.6,52.0
2023-03-23T06:00,29.4,18.6,247.0,12.6,26.6,64.0
2023-03-23T07:00,36.1,22.9,236.0,10.5,25.0,74.0
2023-03-23T08:00,37.4,23.4,217.0,8.0,21.2,85.0
2023-03-23T09:00,36.0,22.4,197.0,6.6,16.9,91.0
2023-03-23T10:00,32.5,20.3,192.0,8.5,15.7,83.0
2023-03-23T11:00,26.7,16.6,191.0,11.9,15.2,67.0
2023-03-23T12:00,31.4,19.5,211.0,18.2,15.6,55.0
2023-03-23T13:00,27.8,17.1,234.0,19.1,15.9,51.0
2023-03-23T14:00,26.5,16.2,265.0,20.3,16.3,46.0
2023-03-23T15:00,24.4,14.8,292.0,21.0,16.3,40.0
2023-03-23T16:00,22.9,13.6,285.0,20.3,15.3,39.0
2023-03-23T17:00,22.4,13.1,265.0,18.9,13.9,39.0
2023-03-23T18:00,22.4,13.0,238.0,16.5,12.3,41.0
2023-03-23T19:00,22.6,13.2,224.0,14.0,11.7,43.0
2023-03-23T20:00,22.9,13.3,212.0,10.9,11.3,46.0
2023-03-23T21:00,23.1,13.5,205.0,8.2,11.7,51.0
2023-03-23T22:00,23.2,13.7,209.0,7.7,12.5,55.0
2023-03-23T23:00,23.9,14.3,220.0,8.2,13.7,60.0
2023-03-24T00:00,24.2,14.9,231.0,10.5,18.3,54.0
2023-03-24T01:00,27.5,17.2,257.0,15.1,25.1,50.0
2023-03-24T02:00,29.8,18.7,293.0,21.6,,45.0
2023-03-24T03:00,33.8,21.5,328.0,26.7,,47.0
2023-03-24T04:00,38.6,24.9,330.0,24.5,,61.0
2023-03-24T05:00,42.0,27.0,320.0,19.2,,82.0
2023-03-24T06:00,46.9,30.2,302.0,12.7,,107.0
2023-03-24T07:00,48.0,30.3,285.0,9.6,29.7,121.0
2023-03-24T08:00,49.2,30.7,265.0,7.0,23.6,132.0
2023-03-24T09:00,48.0,29.7,246.0,5.8,17.3,138.0
2023-03-24T10:00,46.4,28.6,245.0,7.7,15.5,131.0
2023-03-24T11:00,43.4,26.7,251.0,11.2,15.3,117.0
2023-03-24T12:00,53.2,32.7,258.0,19.1,18.6,97.0
2023-03-24T13:00,49.1,30.2,275.0,22.1,17.9,90.0
2023-03-24T14:00,46.6,28.6,298.0,26.3,16.8,81.0
2023-03-24T15:00,44.1,27.2,316.0,29.7,15.4,69.0
2023-03-24T16:00,41.1,25.3,308.0,28.8,14.4,63.0
2023-03-24T17:00,38.0,23.2,290.0,26.1,13.3,58.0
2023-03-24T18:00,34.7,21.0,261.0,21.5,12.0,53.0
2023-03-24T19:00,31.5,19.0,239.0,17.4,11.1,51.0
2023-03-24T20:00,29.6,17.6,214.0,12.6,10.3,50.0
2023-03-24T21:00,27.7,16.3,190.0,7.8,9.7,48.0
2023-03-24T22:00,26.7,15.6,183.0,6.6,9.9,46.0
2023-03-24T23:00,26.4,15.4,183.0,6.7,10.5,44.0
2023-03-25T00:00,23.7,13.9,181.0,7.1,10.5,39.0
2023-03-25T01:00,24.3,14.3,192.0,8.9,12.7,38.0
2023-03-25T02:00,23.6,13.9,207.0,11.4,15.8,37.0
2023-03-25T03:00,24.3,14.4,220.0,13.3,18.7,38.0
2023-03-25T04:00,26.7,15.9,217.0,12.2,18.7,44.0
2023-03-25T05:00,30.0,17.9,208.0,9.8,17.6,53.0
2023-03-25T06:00,34.0,20.5,195.0,7.1,15.9,62.0
2023-03-25T07:00,35.9,22.0,188.0,6.0,14.7,66.0
2023-03-25T08:00,36.4,22.5,182.0,5.3,13.3,68.0
2023-03-25T09:00,34.5,21.2,177.0,5.6,12.0,67.0
2023-03-25T10:00,31.1,18.9,175.0,7.3,11.9,60.0
2023-03-25T11:00,27.6,16.6,175.0,10.0,12.4,50.0
2023-03-25T12:00,27.5,16.5,200.0,15.5,14.4,42.0
2023-03-25T13:00,25.0,15.0,217.0,15.8,14.6,39.0
2023-03-25T14:00,24.3,14.5,242.0,16.2,14.8,34.0
2023-03-25T15:00,23.7,14.2,268.0,16.4,15.0,29.0
2023-03-25T16:00,23.6,14.2,278.0,15.9,15.2,28.0
2023-03-25T17:00,23.7,14.4,284.0,15.0,15.3,28.0
2023-03-25T18:00,23.3,14.2,280.0,13.8,15.1,28.0
2023-03-25T19:00,22.8,13.9,264.0,13.0,14.4,28.0
2023-03-25T20:00,22.3,13.6,239.0,12.1,13.4,28.0
2023-03-25T21:00,21.9,13.4,210.0,11.0,12.3,28.0
2023-03-25T22:00,21.9,13.3,198.0,10.0,11.6,28.0
2023-03-25T23:00,22.1,13.4,191.0,9.0,11.1,28.0
2023-03-26T00:00,22.1,13.7,210.0,9.1,12.3,26.0
2023-03-26T01:00,23.3,14.5,207.0,8.9,13.6,26.0
2023-03-26T02:00,22.2,13.6,204.0,8.7,15.5,27.0
2023-03-26T03:00,22.8,13.9,198.0,8.3,17.2,30.0
2023-03-26T04:00,24.7,15.1,193.0,8.0,17.1,35.0
2023-03-26T05:00,28.0,17.2,186.0,7.6,16.2,43.0
2023-03-26T06:00,32.6,20.2,180.0,7.2,15.2,51.0
2023-03-26T07:00,35.2,22.0,177.0,6.7,14.9,56.0
2023-03-26T08:00,36.7,23.1,176.0,6.3,14.8,60.0
2023-03-26T09:00,36.2,22.7,176.0,6.5,14.6,60.0
2023-03-26T10:00,32.2,20.1,176.0,8.1,14.4,54.0
2023-03-26T11:00,27.8,17.2,176.0,10.5,14.2,44.0
2023-03-26T12:00,27.6,17.1,191.0,14.5,15.2,34.0
2023-03-26T13:00,24.9,15.3,211.0,14.0,15.5,31.0
2023-03-26T14:00,23.5,14.5,239.0,13.3,15.8,26.0
2023-03-26T15:00,22.7,13.9,266.0,12.2,16.1,22.0
2023-03-26T16:00,22.4,13.7,270.0,11.4,15.9,22.0
2023-03-26T17:00,23.1,14.0,267.0,10.5,15.5,23.0
2023-03-26T18:00,24.1,14.5,256.0,9.6,15.1,25.0
2023-03-26T19:00,24.4,14.7,243.0,9.4,15.0,26.0
2023-03-26T20:00,24.6,14.9,226.0,9.4,15.0,26.0
2023-03-26T21:00,25.1,15.2,209.0,9.5,15.6,26.0
2023-03-26T22:00,25.1,15.3,206.0,9.4,16.5,26.0
2023-03-26T23:00,25.0,15.4,208.0,9.4,17.8,25.0
2023-03-27T00:00,22.9,14.3,200.0,10.9,20.0,24.0
2023-03-27T01:00,23.1,14.6,216.0,12.5,24.2,22.0
2023-03-27T02:00,23.2,14.7,237.0,14.6,30.2,20.0
2023-03-27T03:00,25.6,16.2,256.0,16.4,,23.0
2023-03-27T04:00,30.4,19.2,253.0,15.9,,33.0
2023-03-27T05:00,37.6,23.7,240.0,14.4,,47.0
2023-03-27T06:00,42.8,26.8,221.0,12.2,,66.0
2023-03-27T07:00,48.0,29.8,207.0,10.2,31.0,81.0
2023-03-27T08:00,50.4,31.1,191.0,7.9,26.5,95.0
2023-03-27T09:00,49.1,29.9,176.0,6.7,21.1,104.0
2023-03-27T10:00,44.9,27.0,171.0,8.6,18.6,94.0
2023-03-27T11:00,39.9,23.7,171.0,11.9,16.7,75.0
2023-03-27T12:00,27.4,15.8,191.0,17.6,19.2,60.0
2023-03-27T13:00,24.6,14.1,206.0,17.5,18.0,54.0
2023-03-27T14:00,22.9,13.1,226.0,17.3,16.2,45.0
2023-03-27T15:00,21.7,12.3,243.0,16.7,14.1,35.0
2023-03-27T16:00,21.1,12.0,238.0,15.6,13.0,33.0
2023-03-27T17:00,21.4,12.1,223.0,14.2,12.0,32.0
2023-03-27T18:00,21.7,12.1,205.0,12.6,11.2,33.0
2023-03-27T19:00,22.6,12.7,195.0,11.8,11.0,34.0
2023-03-27T20:00,24.1,13.6,187.0,11.2,11.1,35.0
2023-03-27T21:00,25.7,14.6,184.0,10.7,12.0,36.0
2023-03-27T22:00,27.6,15.9,194.0,10.4,13.4,36.0
2023-03-27T23:00,29.5,17.3,211.0,10.2,15.2,36.0
2023-03-28T00:00,27.9,16.4,187.0,9.5,15.4,36.0
2023-03-28T01:00,26.5,15.5,189.0,10.3,17.9,36.0
2023-03-28T02:00,26.1,15.3,191.0,11.4,21.5,36.0
2023-03-28T03:00,26.2,15.3,192.0,12.0,24.4,39.0
2023-03-28T04:00,28.2,16.5,188.0,11.0,23.5,47.0
2023-03-28T05:00,33.5,19.9,181.0,9.1,21.1,58.0
2023-03-28T06:00,38.1,22.9,173.0,7.0,17.7,69.0
2023-03-28T07:00,39.7,24.1,168.0,6.0,15.7,73.0
2023-03-28T08:00,38.8,23.6,163.0,5.2,13.8,74.0
2023-03-28T09:00,37.1,22.5,159.0,5.2,11.9,72.0
2023-03-28T10:00,34.3,20.5,157.0,6.6,11.4,66.0
2023-03-28T11:00,31.2,18.3,156.0,8.8,11.5,58.0
2023-03-28T12:00,32.7,19.0,168.0,11.2,11.9,45.0
2023-03-28T13:00,29.5,16.9,182.0,11.8,11.9,43.0
2023-03-28T14:00,28.3,16.1,202.0,12.8,11.9,40.0
2023-03-28T15:00,28.5,16.1,222.0,13.7,12.0,38.0
2023-03-28T16:00,29.0,16.4,226.0,14.1,12.2,38.0
2023-03-28T17:00,29.5,16.5,225.0,14.2,12.4,40.0
2023-03-28T18:00,29.6,16.5,217.0,13.8,12.5,42.0
2023-03-28T19:00,29.7,16.5,204.0,12.6,12.0,44.0
2023-03-28T20:00,30.0,16.6,187.0,10.9,11.3,47.0
2023-03-28T21:00,30.2,16.8,170.0,9.0,10.7,50.0
2023-03-28T22:00,30.3,16.9,167.0,8.4,10.7,51.0
2023-03-28T23:00,31.0,17.3,168.0,8.2,11.0,51.0
2023-03-29T00:00,31.0,17.5,170.0,8.6,11.4,51.0
2023-03-29T01:00,31.5,18.0,172.0,9.2,12.9,51.0
2023-03-29T02:00,30.7,17.3,175.0,9.9,15.1,52.0
2023-03-29T03:00,30.4,17.2,177.0,10.2,16.8,55.0
2023-03-29T04:00,32.0,18.3,174.0,9.2,16.2,60.0
2023-03-29T05:00,35.0,20.2,169.0,7.5,14.7,67.0
2023-03-29T06:00,37.7,22.0,162.0,5.6,12.7,74.0
2023-03-29T07:00,40.0,23.7,158.0,4.8,11.8,78.0
2023-03-29T08:00,39.6,23.6,154.0,4.2,11.0,81.0
2023-03-29T09:00,37.8,22.5,151.0,4.6,10.4,81.0
2023-03-29T10:00,35.6,21.0,150.0,6.3,10.6,75.0
2023-03-29T11:00,32.7,19.1,150.0,8.7,11.2,66.0
2023-03-29T12:00,32.0,18.7,164.0,12.5,12.7,54.0
2023-03-29T13:00,29.6,17.2,178.0,13.2,12.4,50.0
2023-03-29T14:00,28.0,16.2,197.0,14.1,12.0,45.0
2023-03-29T15:00,26.7,15.5,219.0,15.1,11.7,40.0
2023-03-29T16:00,26.0,15.0,228.0,15.4,11.8,39.0
2023-03-29T17:00,25.8,14.9,233.0,15.4,12.1,39.0
2023-03-29T18:00,25.7,14.8,232.0,15.2,12.6,39.0
2023-03-29T19:00,25.6,14.8,223.0,14.8,13.0,39.0
2023-03-29T20:00,26.0,15.1,208.0,14.2,13.4,40.0
2023-03-29T21:00,26.4,15.4,191.0,13.4,13.7,41.0
2023-03-29T22:00,26.5,15.6,184.0,12.9,13.5,42.0
2023-03-29T23:00,26.6,15.6,178.0,12.5,13.0,42.0
2023-03-30T00:00,25.9,15.3,168.0,11.4,12.5,44.0
2023-03-30T01:00,26.5,15.6,161.0,11.0,13.0,45.0
2023-03-30T02:00,23.7,13.5,152.0,10.3,13.8,47.0
2023-03-30T03:00,23.5,13.4,141.0,9.3,14.6,52.0
2023-03-30T04:00,24.6,14.1,137.0,8.4,14.8,58.0
2023-03-30T05:00,27.3,15.9,135.0,7.4,14.8,65.0
2023-03-30T06:00,31.9,19.0,132.0,6.2,14.4,73.0
2023-03-30T07:00,34.0,20.5,129.0,5.4,13.6,77.0
2023-03-30T08:00,33.8,20.4,125.0,4.7,12.5,79.0
2023-03-30T09:00,32.1,19.3,122.0,4.8,11.4,78.0
2023-03-30T10:00,29.8,17.8,121.0,6.2,11.2,72.0
2023-03-30T11:00,26.7,15.8,120.0,8.5,11.2,62.0
2023-03-30T12:00,28.0,16.6,151.0,11.8,24.3,52.0
2023-03-30T13:00,23.3,13.5,140.0,10.5,20.7,50.0
2023-03-30T14:00,21.6,12.4,123.0,8.7,15.5,48.0
2023-03-30T15:00,20.8,11.9,107.0,6.9,10.3,45.0
2023-03-30T16:00,20.7,11.8,104.0,6.5,9.4,44.0
2023-03-30T17:00,20.8,11.9,105.0,6.5,10.0,44.0
2023-03-30T18:00,20.7,11.9,108.0,6.9,11.3,43.0
2023-03-30T19:00,20.8,12.0,111.0,7.3,12.1,42.0
2023-03-30T20:00,21.1,12.2,116.0,7.8,13.0,41.0
2023-03-30T21:00,21.4,12.4,122.0,8.5,14.2,40.0
2023-03-30T22:00,21.9,12.7,126.0,9.0,15.1,39.0
2023-03-30T23:00,21.9,12.9,130.0,9.6,15.9,38.0
2023-03-31T00:00,19.6,11.6,134.0,9.8,16.1,37.0
2023-03-31T01:00,19.9,11.8,129.0,9.0,16.0,38.0
2023-03-31T02:00,18.9,11.0,122.0,7.9,16.0,40.0
2023-03-31T03:00,19.9,11.7,118.0,6.8,17.2,46.0
2023-03-31T04:00,22.1,13.1,122.0,6.5,19.9,56.0
2023-03-31T05:00,26.4,15.7,130.0,6.4,23.5,69.0
2023-03-31T06:00,32.1,19.4,144.0,7.1,28.6,84.0
2023-03-31T07:00,37.1,22.7,159.0,8.7,,90.0
2023-03-31T08:00,40.4,24.7,177.0,10.8,,95.0
2023-03-31T09:00,40.3,24.4,192.0,12.9,,94.0
2023-03-31T10:00,37.7,22.7,189.0,13.2,,86.0
2023-03-31T11:00,32.6,19.3,178.0,12.8,31.1,74.0
2023-03-31T12:00,29.0,16.9,179.0,12.6,25.1,63.0
2023-03-31T13:00,26.3,15.0,168.0,11.3,21.5,60.0
2023-03-31T14:00,25.6,14.6,153.0,9.5,16.4,55.0
2023-03-31T15:00,25.4,14.6,137.0,7.5,11.1,50.0
2023-03-31T16:00,25.4,14.6,133.0,6.9,10.0,48.0
2023-03-31T17:00,25.6,14.8,132.0,6.7,10.2,46.0
2023-03-31T18:00,25.7,14.9,132.0,6.6,10.8,44.0
2023-03-31T19:00,25.8,15.0,131.0,6.6,11.1,43.0
2023-03-31T20:00,25.8,15.0,130.0,6.7,11.5,41.0
2023-03-31T21:00,25.6,14.8,130.0,6.8,11.9,40.0
2023-03-31T22:00,25.3,14.5,130.0,6.9,12.0,39.0
2023-03-31T23:00,25.3,14.5,131.0,7.1,12.0,38.0
2023-04-01T00:00,23.3,13.6,133.0,6.9,11.3,39.0
2023-04-01T01:00,24.0,14.1,131.0,6.2,10.2,40.0
2023-04-01T02:00,23.2,13.5,128.0,5.2,8.8,42.0
2023-04-01T03:00,23.6,13.9,128.0,4.3,8.3,47.0
2023-04-01T04:00,25.1,14.9,135.0,4.3,10.0,55.0
2023-04-01T05:00,28.0,16.9,145.0,4.6,12.9,65.0
2023-04-01T06:00,32.0,19.6,160.0,5.6,17.5,74.0
2023-04-01T07:00,35.9,22.1,171.0,7.2,22.1,75.0
2023-04-01T08:00,37.3,23.1,182.0,9.3,27.4,72.0
2023-04-01T09:00,35.7,22.0,191.0,11.5,31.6,65.0
2023-04-01T10:00,33.4,20.4,189.0,12.1,30.6,57.0
2023-04-01T11:00,27.8,16.6,182.0,12.1,27.3,46.0
2023-04-01T12:00,27.7,16.5,177.0,12.7,24.0,33.0
2023-04-01T13:00,24.2,14.1,168.0,11.6,20.9,32.0
2023-04-01T14:00,22.9,13.4,154.0,10.0,16.6,30.0
2023-04-01T15:00,23.1,13.5,140.0,8.1,11.9,28.0
2023-04-01T16:00,23.2,13.6,136.0,7.2,10.5,28.0
2023-04-01T17:00,22.9,13.4,135.0,6.5,10.0,28.0
2023-04-01T18:00,22.2,13.0,135.0,5.8,9.8,29.0
2023-04-01T19:00,21.9,12.7,135.0,5.5,9.6,29.0
2023-04-01T20:00,22.2,12.8,137.0,5.3,9.6,30.0
2023-04-01T21:00,23.1,13.3,139.0,5.4,10.0,30.0
2023-04-01T22:00,23.3,13.5,142.0,5.9,10.9,30.0
2023-04-01T23:00,22.9,13.3,145.0,6.7,12.1,29.0
2023-04-02T00:00,19.9,11.8,145.0,6.8,11.7,29.0
2023-04-02T01:00,20.3,12.1,142.0,6.4,11.1,30.0
2023-04-02T02:00,20.3,12.0,139.0,5.7,10.2,31.0
2023-04-02T03:00,21.1,12.6,139.0,5.2,10.3,36.0
2023-04-02T04:00,23.3,14.0,144.0,5.1,11.9,44.0
2023-04-02T05:00,27.7,16.8,152.0,5.3,14.5,54.0
2023-04-02T06:00,33.5,20.7,171.0,6.2,18.8,68.0
2023-04-02T07:00,38.9,24.2,197.0,7.9,23.3,79.0
2023-04-02T08:00,43.5,27.4,229.0,10.1,28.6,91.0
2023-04-02T09:00,46.6,29.4,267.0,12.9,,103.0
2023-04-02T10:00,47.7,30.0,287.0,14.7,,108.0
2023-04-02T11:00,47.6,29.8,304.0,16.5,31.6,110.0
2023-04-02T12:00,42.5,26.7,300.0,19.1,16.0,100.0
2023-04-02T13:00,42.6,26.5,315.0,21.9,15.7,96.0
2023-04-02T14:00,43.5,26.9,335.0,25.7,15.4,91.0
2023-04-02T15:00,43.5,26.7,351.0,28.9,14.8,85.0
2023-04-02T16:00,42.6,25.9,345.0,28.0,14.3,82.0
2023-04-02T17:00,41.4,25.0,329.0,25.5,13.7,80.0
2023-04-02T18:00,39.9,23.9,306.0,21.6,13.2,77.0
2023-04-02T19:00,38.0,22.6,289.0,18.7,13.3,74.0
2023-04-02T20:00,36.8,21.9,271.0,15.5,13.5,71.0
2023-04-02T21:00,35.7,21.3,250.0,12.3,14.0,67.0
2023-04-02T22:00,34.8,20.8,239.0,11.1,14.2,64.0
2023-04-02T23:00,34.1,20.4,230.0,10.7,14.3,60.0
2023-04-03T00:00,28.5,16.8,186.0,7.6,13.0,52.0
2023-04-03T01:00,28.8,17.0,199.0,10.2,15.0,52.0
2023-04-03T02:00,28.3,16.8,218.0,13.8,17.7,52.0
2023-04-03T03:00,29.1,17.4,235.0,16.4,20.1,57.0
2023-04-03T04:00,30.9,18.7,234.0,14.6,19.8,69.0
2023-04-03T05:00,34.0,20.8,227.0,10.9,18.4,86.0
2023-04-03T06:00,38.2,23.6,216.0,6.7,16.3,103.0
2023-04-03T07:00,40.6,25.2,208.0,5.4,15.0,108.0
2023-04-03T08:00,40.6,25.2,200.0,4.7,13.6,109.0
2023-04-03T09:00,38.6,24.0,191.0,5.3,12.2,105.0
2023-04-03T10:00,35.4,21.8,188.0,7.3,11.9,96.0
2023-04-03T11:00,31.1,18.9,187.0,10.3,12.0,82.0
2023-04-03T12:00,21.7,12.8,190.0,15.1,13.6,66.0
2023-04-03T13:00,18.5,10.7,201.0,16.2,13.5,60.0
2023-04-03T14:00,17.3,9.8,216.0,17.7,13.3,52.0
2023-04-03T15:00,17.6,10.0,228.0,18.9,13.0,43.0
2023-04-03T16:00,17.9,10.1,224.0,18.5,12.8,40.0
2023-04-03T17:00,18.2,10.2,213.0,17.5,12.6,39.0
2023-04-03T18:00,18.5,10.3,196.0,15.6,12.3,39.0
2023-04-03T19:00,18.9,10.5,182.0,13.8,11.9,39.0
2023-04-03T20:00,19.3,10.7,167.0,11.6,11.3,40.0
2023-04-03T21:00,20.0,11.1,152.0,9.3,11.0,41.0
2023-04-03T22:00,19.9,11.1,148.0,8.4,11.1,41.0
2023-04-03T23:00,20.3,11.3,147.0,7.9,11.5,40.0
2023-04-04T00:00,19.0,11.0,158.0,8.9,13.7,38.0
2023-04-04T01:00,19.5,11.3,160.0,9.4,14.8,38.0
2023-04-04T02:00,18.6,10.7,163.0,10.0,16.2,37.0
2023-04-04T03:00,19.6,11.2,163.0,10.1,17.2,39.0
2023-04-04T04:00,22.0,12.8,158.0,8.9,16.2,43.0
2023-04-04T05:00,25.6,15.1,151.0,7.1,14.3,48.0
2023-04-04T06:00,29.7,17.9,143.0,5.2,12.2,56.0
2023-04-04T07:00,32.2,19.7,141.0,4.5,11.6,64.0
2023-04-04T08:00,33.8,20.6,141.0,4.1,11.3,73.0
2023-04-04T09:00,33.9,20.4,143.0,4.8,11.3,79.0
2023-04-04T10:00,32.4,19.3,146.0,6.8,11.6,75.0
2023-04-04T11:00,29.7,17.5,149.0,9.7,12.3,67.0
2023-04-04T12:00,26.0,15.0,169.0,15.4,14.5,58.0
2023-04-04T13:00,24.1,13.9,181.0,16.2,14.3,53.0
2023-04-04T14:00,23.1,13.2,198.0,17.4,13.9,45.0
2023-04-04T15:00,22.8,13.0,214.0,18.3,13.5,37.0
2023-04-04T16:00,22.9,13.1,213.0,18.0,13.3,35.0
2023-04-04T17:00,22.8,13.1,207.0,17.2,13.1,35.0
2023-04-04T18:00,23.2,13.3,196.0,15.7,13.0,36.0
2023-04-04T19:00,23.4,13.4,188.0,14.0,12.9,38.0
2023-04-04T20:00,24.3,14.0,180.0,12.0,12.9,40.0
2023-04-04T21:00,25.2,14.6,173.0,9.8,13.0,44.0
2023-04-04T22:00,25.7,15.0,173.0,8.9,13.2,47.0
2023-04-04T23:00,25.8,15.3,177.0,8.3,13.5,51.0
2023-04-05T00:00,24.6,14.6,175.0,8.3,13.1,49.0
2023-04-05T01:00,25.7,15.4,185.0,9.7,14.9,51.0
2023-04-05T02:00,25.3,15.1,200.0,11.8,17.5,53.0
2023-04-05T03:00,26.7,16.1,213.0,13.1,19.7,59.0
2023-04-05T04:00,29.0,17.6,211.0,11.8,19.3,67.0
2023-04-05T05:00,33.4,20.4,203.0,9.3,17.8,78.0
2023-04-05T06:00,36.9,22.8,191.0,6.4,15.7,88.0
2023-04-05T07:00,38.8,24.0,182.0,5.3,14.3,91.0
2023-04-05T08:00,38.1,23.6,171.0,4.6,12.9,91.0
2023-04-05T09:00,35.9,22.1,161.0,4.8,11.5,86.0
2023-04-05T10:00,32.6,19.9,157.0,6.3,11.1,76.0
2023-04-05T11:00,28.2,16.9,155.0,8.7,11.2,63.0
2023-04-05T12:00,18.7,10.9,165.0,11.5,11.6,44.0
2023-04-05T13:00,17.1,9.8,173.0,11.8,11.8,40.0
2023-04-05T14:00,16.5,9.4,185.0,12.2,12.1,35.0
2023-04-05T15:00,16.5,9.4,197.0,12.5,12.4,30.0
2023-04-05T16:00,16.9,9.6,200.0,12.5,12.6,29.0
2023-04-05T17:00,17.1,9.7,199.0,12.4,12.7,28.0
2023-04-05T18:00,17.1,9.7,194.0,12.0,12.7,29.0
2023-04-05T19:00,17.1,9.6,185.0,11.3,12.6,30.0
2023-04-05T20:00,16.9,9.5,172.0,10.3,12.3,31.0
2023-04-05T21:00,17.2,9.7,158.0,9.1,12.2,33.0
2023-04-05T22:00,17.5,9.8,154.0,8.4,12.3,34.0
2023-04-05T23:00,18.0,10.1,153.0,7.9,12.4,35.0
2023-04-06T00:00,16.6,9.5,155.0,7.9,13.2,35.0
2023-04-06T01:00,16.0,9.0,159.0,8.6,14.4,35.0
2023-04-06T02:00,16.0,9.1,164.0,9.5,16.1,35.0
2023-04-06T03:00,15.7,9.0,167.0,9.9,17.5,38.0
2023-04-06T04:00,16.9,9.7,164.0,9.0,17.0,44.0
2023-04-06T05:00,20.5,12.2,158.0,7.4,15.7,53.0
2023-04-06T06:00,24.2,14.5,151.0,5.6,14.0,63.0
2023-04-06T07:00,27.1,16.4,147.0,4.9,13.1,69.0
2023-04-06T08:00,28.1,17.1,143.0,4.4,12.3,74.0
2023-04-06T09:00,27.6,16.8,140.0,4.8,11.7,75.0
2023-04-06T10:00,25.7,15.4,141.0,6.5,11.7,69.0
2023-04-06T11:00,23.1,13.7,143.0,9.1,12.1,58.0
2023-04-06T12:00,21.8,12.7,164.0,12.6,12.6,42.0
2023-04-06T13:00,18.3,10.4,171.0,12.5,12.3,39.0
2023-04-06T14:00,16.6,9.2,181.0,12.4,11.8,34.0
2023-04-06T15:00,16.6,9.2,192.0,12.3,11.4,29.0
2023-04-06T16:00,17.3,9.5,197.0,12.2,11.4,28.0
2023-04-06T17:00,18.2,10.0,200.0,12.0,11.6,28.0
2023-04-06T18:00,19.3,10.7,203.0,11.8,12.1,28.0
2023-04-06T19:00,20.3,11.3,204.0,11.6,12.7,28.0
2023-04-06T20:00,21.8,12.3,204.0,11.3,13.5,29.0
2023-04-06T21:00,23.3,13.3,201.0,11.0,14.5,29.0
2023-04-06T22:00,24.5,14.2,195.0,10.7,15.0,29.0
2023-04-06T23:00,25.0,14.5,187.0,10.3,15.3,30.0
2023-04-07T00:00,19.4,10.9,157.0,9.1,15.2,31.0
2023-04-07T01:00,18.8,10.5,159.0,9.6,15.8,31.0
2023-04-07T02:00,17.9,10.0,162.0,10.4,16.7,30.0
2023-04-07T03:00,17.3,9.7,162.0,10.5,17.0,31.0
2023-04-07T04:00,18.2,10.2,157.0,9.2,15.9,33.0
2023-04-07T05:00,20.2,11.6,150.0,7.2,14.0,37.0
2023-04-07T06:00,23.2,13.6,142.0,5.1,11.9,42.0
2023-04-07T07:00,25.6,15.2,140.0,4.4,11.0,48.0
2023-04-07T08:00,27.2,16.4,139.0,4.0,10.5,54.0
2023-04-07T09:00,25.9,15.5,140.0,4.5,10.1,59.0
2023-04-07T10:00,23.7,14.1,141.0,5.9,10.1,56.0
2023-04-07T11:00,21.2,12.5,142.0,8.0,10.3,50.0
2023-04-07T12:00,15.4,8.9,155.0,11.1,11.5,44.0
2023-04-07T13:00,13.9,7.9,162.0,11.4,11.7,41.0
2023-04-07T14:00,12.8,7.2,173.0,11.9,12.0,36.0
2023-04-07T15:00,12.8,7.2,191.0,12.3,12.6,32.0
2023-04-07T16:00,13.4,7.6,210.0,12.1,13.1,32.0
2023-04-07T17:00,14.7,8.4,231.0,11.8,13.7,32.0
2023-04-07T18:00,15.7,9.1,251.0,11.3,14.7,34.0
2023-04-07T19:00,16.8,9.8,249.0,11.1,15.6,35.0
2023-04-07T20:00,17.9,10.5,239.0,11.0,16.5,36.0
2023-04-07T21:00,19.3,11.5,235.0,10.9,18.5,37.0
2023-04-07T22:00,21.5,12.9,254.0,10.8,21.3,37.0
2023-04-07T23:00,23.8,14.5,282.0,10.8,24.8,38.0
2023-04-08T00:00,22.5,13.4,227.0,11.1,18.7,39.0
2023-04-08T01:00,24.0,14.3,210.0,10.7,18.4,41.0
2023-04-08T02:00,17.7,9.7,186.0,10.0,17.9,44.0
2023-04-08T03:00,17.4,9.5,160.0,9.0,17.1,49.0
2023-04-08T04:00,19.3,10.8,151.0,8.1,16.3,54.0
2023-04-08T05:00,22.1,12.7,148.0,7.1,15.3,60.0
2023-04-08T06:00,24.2,14.1,144.0,5.9,13.8,66.0
2023-04-08T07:00,24.9,14.5,139.0,5.0,12.3,68.0
2023-04-08T08:00,24.1,14.0,133.0,4.2,10.6,69.0
2023-04-08T09:00,22.5,12.9,129.0,4.1,9.0,67.0
2023-04-08T10:00,21.2,12.1,128.0,5.3,8.8,63.0
2023-04-08T11:00,19.8,11.1,128.0,7.2,9.1,57.0
2023-04-08T12:00,21.2,12.1,157.0,9.4,20.8,51.0
2023-04-08T13:00,18.7,10.4,151.0,8.7,18.3,50.0
2023-04-08T14:00,18.2,10.1,144.0,7.8,14.7,50.0
2023-04-08T15:00,19.0,10.5,137.0,7.0,11.4,49.0
2023-04-08T16:00,20.7,11.7,138.0,7.2,11.3,49.0
2023-04-08T17:00,23.1,13.1,142.0,7.9,12.5,50.0
2023-04-08T18:00,25.3,14.6,150.0,9.0,15.2,50.0
2023-04-08T19:00,27.4,15.8,157.0,9.9,18.0,50.0
2023-04-08T20:00,29.4,17.1,165.0,10.9,21.5,50.0
2023-04-08T21:00,30.3,17.6,177.0,11.9,26.7,50.0
2023-04-08T22:00,31.5,18.5,190.0,12.2,31.9,50.0
2023-04-08T23:00,33.3,19.7,206.0,12.3,,50.0
2023-04-09T00:00,37.0,22.4,202.0,12.4,,54.0
2023-04-09T01:00,36.8,22.2,188.0,10.5,26.8,57.0
2023-04-09T02:00,29.0,16.6,167.0,7.7,17.2,61.0
2023-04-09T03:00,27.3,15.5,148.0,4.9,8.1,67.0
2023-04-09T04:00,27.6,15.8,147.0,4.1,7.3,71.0
2023-04-09T05:00,29.2,16.9,152.0,3.9,9.5,74.0
2023-04-09T06:00,31.0,18.2,163.0,4.6,14.2,77.0
2023-04-09T07:00,34.5,20.8,175.0,6.1,19.3,78.0
2023-04-09T08:00,35.4,21.4,190.0,8.2,25.7,77.0
2023-04-09T09:00,34.7,21.0,203.0,10.3,30.9,75.0
2023-04-09T10:00,32.7,19.6,200.0,10.5,29.6,72.0
2023-04-09T11:00,30.3,17.9,191.0,10.0,25.6,69.0
2023-04-09T12:00,31.0,18.3,178.0,9.5,20.8,63.0
2023-04-09T13:00,30.2,17.8,174.0,9.2,18.8,61.0
2023-04-09T14:00,30.9,18.3,168.0,8.8,15.9,59.0
2023-04-09T15:00,32.0,19.0,164.0,8.7,13.6,56.0
2023-04-09T16:00,33.9,20.3,166.0,9.3,14.1,55.0
2023-04-09T17:00,36.0,21.8,171.0,10.4,15.7,54.0
2023-04-09T18:00,38.0,23.1,180.0,11.6,18.7,53.0
2023-04-09T19:00,39.6,24.1,188.0,12.2,21.4,53.0
2023-04-09T20:00,41.4,25.3,197.0,12.6,24.6,53.0
2023-04-09T21:00,43.5,26.7,209.0,13.1,29.1,53.0
2023-04-09T22:00,43.4,26.5,220.0,13.6,,53.0
2023-04-09T23:00,43.5,26.5,231.0,14.0,,52.0
2023-04-10T00:00,49.1,30.5,230.0,13.0,,53.0
2023-04-10T01:00,50.6,31.5,210.0,11.4,,56.0
2023-04-10T02:00,39.3,23.5,182.0,9.2,22.6,60.0
2023-04-10T03:00,37.1,22.0,156.0,7.0,11.7,64.0
2023-04-10T04:00,38.6,23.1,154.0,6.7,10.6,66.0
2023-04-10T05:00,40.9,24.6,161.0,7.0,13.1,67.0
2023-04-10T06:00,44.0,26.7,175.0,8.4,18.3,67.0
2023-04-10T07:00,45.2,27.5,187.0,10.6,23.5,66.0
2023-04-10T08:00,46.9,28.8,202.0,13.6,30.0,63.0
2023-04-10T09:00,46.8,28.7,215.0,16.2,,60.0
2023-04-10T10:00,44.6,27.2,213.0,16.0,,59.0
2023-04-10T11:00,41.9,25.3,204.0,14.8,30.3,58.0
2023-04-10T12:00,33.1,19.5,200.0,11.7,25.7,66.0
2023-04-10T13:00,32.7,19.2,195.0,11.3,23.3,64.0
2023-04-10T14:00,32.2,19.0,188.0,10.8,19.8,61.0
2023-04-10T15:00,32.0,18.9,183.0,10.6,17.0,57.0
2023-04-10T16:00,32.8,19.6,185.0,11.2,17.6,56.0
2023-04-10T17:00,34.5,20.6,190.0,12.2,19.6,55.0
2023-04-10T18:00,35.4,21.2,200.0,13.3,23.1,54.0
2023-04-10T19:00,35.7,21.4,208.0,13.8,26.3,54.0
2023-04-10T20:00,37.1,22.4,217.0,14.1,30.0,53.0
2023-04-10T21:00,38.9,23.6,232.0,14.4,,53.0
2023-04-10T22:00,47.8,30.2,250.0,14.7,,52.0
2023-04-10T23:00,52.7,33.5,271.0,14.9,,51.0
2023-04-11T00:00,46.0,28.9,257.0,15.3,,52.0
2023-04-11T01:00,37.8,22.9,237.0,13.1,29.3,55.0
2023-04-11T02:00,36.1,21.8,208.0,10.0,21.6,59.0
2023-04-11T03:00,34.8,21.1,180.0,6.9,15.0,67.0
2023-04-11T04:00,36.6,22.4,179.0,6.3,16.3,77.0
2023-04-11T05:00,39.6,24.5,187.0,6.6,20.9,90.0
2023-04-11T06:00,43.7,27.4,199.0,7.7,27.1,102.0
2023-04-11T07:00,46.9,29.7,207.0,9.0,30.9,104.0
2023-04-11T08:00,48.5,30.9,215.0,10.6,,102.0
2023-04-11T09:00,47.5,30.4,222.0,12.6,,96.0
2023-04-11T10:00,44.8,28.6,221.0,13.5,,89.0
2023-04-11T11:00,41.8,26.7,215.0,14.2,,81.0
2023-04-11T12:00,40.3,25.2,200.0,16.0,17.0,71.0
2023-04-11T13:00,41.4,26.1,227.0,16.7,17.0,65.0
2023-04-11T14:00,40.5,25.6,267.0,17.7,17.0,56.0
2023-04-11T15:00,39.2,24.7,314.0,18.6,17.3,47.0
2023-04-11T16:00,38.8,24.5,338.0,18.4,17.8,45.0
2023-04-11T17:00,38.8,24.6,357.0,17.9,18.5,46.0
2023-04-11T18:00,39.1,24.8,378.0,17.2,20.2,47.0
2023-04-11T19:00,40.6,25.8,388.0,16.7,22.8,47.0
2023-04-11T20:00,42.1,27.0,395.0,16.2,26.0,48.0
2023-04-11T21:00,44.0,28.3,406.0,17.1,29.4,47.0
2023-04-11T22:00,48.9,31.9,420.0,19.1,29.8,44.0
2023-04-11T23:00,50.2,32.9,437.0,22.0,29.3,40.0
2023-04-12T00:00,40.0,25.8,322.0,20.5,23.7,38.0
2023-04-12T01:00,40.3,26.0,313.0,22.0,25.8,37.0
2023-04-12T02:00,39.5,25.4,299.0,24.2,28.9,36.0
2023-04-12T03:00,37.7,24.0,281.0,25.7,32.0,37.0
2023-04-12T04:00,39.1,25.0,270.0,24.8,,42.0
2023-04-12T05:00,42.3,27.1,260.0,22.8,,50.0
2023-04-12T06:00,45.3,29.2,244.0,19.7,32.4,59.0
2023-04-12T07:00,47.8,31.0,227.0,16.7,29.8,64.0
2023-04-12T08:00,48.7,31.4,209.0,13.2,25.9,69.0
2023-04-12T09:00,47.5,30.7,191.0,10.8,21.7,71.0
2023-04-12T10:00,44.6,28.8,184.0,12.5,20.2,67.0
2023-04-12T11:00,41.8,26.8,182.0,16.2,19.5,60.0
2023-04-12T12:00,38.5,24.5,196.0,17.0,17.5,61.0
2023-04-12T13:00,38.3,24.4,227.0,18.4,17.8,56.0
2023-04-12T14:00,37.6,23.9,272.0,20.5,18.3,49.0
2023-04-12T15:00,36.9,23.5,331.0,22.2,19.7,41.0
2023-04-12T16:00,37.0,23.6,371.0,21.6,21.7,40.0
2023-04-12T17:00,37.8,24.3,410.0,20.1,24.3,40.0
2023-04-12T18:00,38.8,25.0,448.0,19.0,27.4,41.0
2023-04-12T19:00,40.2,26.0,457.0,19.6,29.1,40.0
2023-04-12T20:00,41.0,26.7,455.0,20.8,30.5,38.0
2023-04-12T21:00,40.6,26.7,448.0,23.4,31.9,35.0
2023-04-12T22:00,40.5,26.8,442.0,26.4,32.4,30.0
2023-04-12T23:00,41.0,27.2,434.0,30.1,32.6,24.0
2023-04-13T00:00,40.0,26.7,415.0,29.5,30.0,24.0
2023-04-13T01:00,40.5,27.1,404.0,29.4,31.0,26.0
2023-04-13T02:00,36.3,24.2,389.0,29.2,32.5,29.0
2023-04-13T03:00,37.8,25.1,363.0,27.6,,38.0
2023-04-13T04:00,39.1,26.0,339.0,24.6,,50.0
2023-04-13T05:00,40.9,27.2,311.0,20.7,,66.0
2023-04-13T06:00,43.2,28.5,274.0,15.6,32.6,84.0
2023-04-13T07:00,45.3,29.6,247.0,12.0,28.5,95.0
2023-04-13T08:00,44.5,28.7,220.0,8.5,22.8,104.0
2023-04-13T09:00,42.5,27.1,196.0,6.7,17.3,108.0
2023-04-13T10:00,39.2,24.8,190.0,9.4,16.8,100.0
2023-04-13T11:00,36.4,22.8,191.0,14.4,18.1,85.0
2023-04-13T12:00,31.7,19.9,242.0,17.1,32.2,59.0
2023-04-13T13:00,29.5,18.3,237.0,16.6,29.0,55.0
2023-04-13T14:00,27.9,17.2,231.0,16.0,24.5,49.0
2023-04-13T15:00,26.8,16.5,226.0,15.3,20.1,43.0
2023-04-13T16:00,26.8,16.5,227.0,15.0,19.5,42.0
2023-04-13T17:00,27.4,16.9,231.0,14.9,20.2,42.0
2023-04-13T18:00,28.2,17.5,240.0,15.1,22.1,42.0
2023-04-13T19:00,29.0,18.0,250.0,15.6,24.2,41.0
2023-04-13T20:00,30.0,18.9,263.0,16.3,26.9,40.0
2023-04-13T21:00,30.2,19.2,279.0,17.4,29.8,39.0
2023-04-13T22:00,30.7,19.7,290.0,18.6,30.9,37.0
2023-04-13T23:00,30.4,19.6,300.0,20.0,31.3,34.0
2023-04-14T00:00,32.7,21.5,330.0,21.8,,33.0
2023-04-14T01:00,33.2,21.8,317.0,19.5,,36.0
2023-04-14T02:00,32.1,21.0,299.0,16.3,27.8,42.0
2023-04-14T03:00,32.1,21.1,278.0,12.6,22.6,53.0
2023-04-14T04:00,35.3,23.2,271.0,11.0,22.7,68.0
2023-04-14T05:00,37.5,24.7,268.0,9.9,25.0,88.0
2023-04-14T06:00,41.4,27.2,264.0,9.5,28.9,107.0
2023-04-14T07:00,45.2,29.5,260.0,10.3,32.6,112.0
2023-04-14T08:00,45.9,29.7,257.0,11.8,,111.0
2023-04-14T09:00,44.6,28.7,250.0,14.0,,106.0
2023-04-14T10:00,40.3,25.5,242.0,15.5,,99.0
2023-04-14T11:00,36.6,22.8,232.0,17.0,,90.0
2023-04-14T12:00,40.3,25.2,227.0,18.8,,82.0
2023-04-14T13:00,36.8,22.6,221.0,18.5,32.7,76.0
2023-04-14T14:00,33.3,20.1,213.0,18.0,27.9,68.0
2023-04-14T15:00,31.3,18.7,206.0,17.3,22.9,59.0
2023-04-14T16:00,31.0,18.5,207.0,16.9,21.8,56.0
2023-04-14T17:00,31.3,18.8,210.0,16.5,21.9,54.0
2023-04-14T18:00,31.8,19.2,217.0,16.1,22.7,53.0
2023-04-14T19:00,32.0,19.5,222.0,16.0,23.3,52.0
2023-04-14T20:00,32.2,19.8,228.0,16.0,24.3,51.0
2023-04-14T21:00,32.8,20.3,237.0,16.4,25.6,50.0
2023-04-14T22:00,32.8,20.4,246.0,17.5,26.8,48.0
2023-04-14T23:00,33.6,21.1,256.0,19.0,28.1,45.0
2023-04-15T00:00,34.7,22.2,269.0,19.9,31.9,44.0
2023-04-15T01:00,36.2,23.3,265.0,18.1,29.6,48.0
2023-04-15T02:00,38.2,24.9,260.0,15.5,26.4,53.0
2023-04-15T03:00,38.3,24.8,254.0,12.5,23.8,64.0
2023-04-15T04:00,39.9,25.9,250.0,11.1,24.3,78.0
2023-04-15T05:00,42.1,27.2,245.0,10.2,26.1,96.0
2023-04-15T06:00,46.2,29.7,244.0,10.1,29.9,115.0
2023-04-15T07:00,50.5,32.6,249.0,11.5,,122.0
2023-04-15T08:00,53.4,34.1,258.0,13.7,,126.0
2023-04-15T09:00,51.9,32.6,267.0,16.7,,126.0
2023-04-15T10:00,51.3,31.9,269.0,18.7,,121.0
2023-04-15T11:00,49.7,30.6,268.0,20.6,,112.0
2023-04-15T12:00,55.4,34.6,263.0,20.0,,105.0
2023-04-15T13:00,51.7,31.9,256.0,18.8,,98.0
2023-04-15T14:00,47.1,28.7,246.0,17.1,30.7,88.0
2023-04-15T15:00,43.0,26.0,234.0,15.3,24.7,77.0
2023-04-15T16:00,40.2,24.2,227.0,14.6,23.0,72.0
2023-04-15T17:00,38.8,23.3,221.0,14.2,22.8,69.0
2023-04-15T18:00,38.2,23.1,219.0,14.2,23.5,65.0
2023-04-15T19:00,37.3,22.8,223.0,14.7,24.8,62.0
2023-04-15T20:00,37.5,23.1,231.0,15.7,26.7,60.0
2023-04-15T21:00,38.5,24.0,244.0,17.1,29.2,57.0
2023-04-15T22:00,39.1,24.5,256.0,18.5,30.9,54.0
2023-04-15T23:00,39.8,25.2,270.0,20.2,32.6,51.0
2023-04-16T00:00,45.4,29.8,327.0,24.6,,46.0
2023-04-16T01:00,48.5,32.2,324.0,22.0,,51.0
2023-04-16T02:00,48.2,32.0,320.0,18.3,31.8,59.0
2023-04-16T03:00,50.2,33.3,314.0,14.1,28.0,74.0
2023-04-16T04:00,48.5,32.0,307.0,12.2,28.7,91.0
2023-04-16T05:00,49.9,32.7,300.0,10.9,31.3,111.0
2023-04-16T06:00,54.1,35.5,295.0,10.3,,135.0
2023-04-16T07:00,55.8,36.2,300.0,11.1,,147.0
2023-04-16T08:00,60.5,39.0,311.0,12.9,,157.0
2023-04-16T09:00,62.6,39.8,320.0,15.1,,162.0
2023-04-16T10:00,61.9,38.9,320.0,16.5,,159.0
2023-04-16T11:00,59.8,37.1,316.0,17.9,,150.0
2023-04-16T12:00,64.0,40.2,298.0,22.5,26.5,140.0
2023-04-16T13:00,64.7,40.4,317.0,26.1,25.2,128.0
2023-04-16T14:00,62.2,38.3,344.0,,23.3,110.0
2023-04-16T15:00,59.8,36.6,371.0,,21.2,91.0
2023-04-16T16:00,57.5,35.0,378.0,,20.6,84.0
2023-04-16T17:00,56.2,34.3,378.0,,20.3,80.0
2023-04-16T18:00,55.2,33.8,371.0,,20.0,77.0
2023-04-16T19:00,53.8,33.1,358.0,,19.4,76.0
2023-04-16T20:00,53.0,32.6,339.0,29.8,18.8,76.0
2023-04-16T21:00,52.7,32.6,320.0,25.7,18.4,76.0
2023-04-16T22:00,52.0,32.4,315.0,23.0,18.4,76.0
2023-04-16T23:00,52.2,32.7,314.0,20.5,18.8,76.0
2023-04-17T00:00,51.0,32.1,319.0,20.1,18.7,73.0
2023-04-17T01:00,52.6,33.4,337.0,23.0,22.2,71.0
2023-04-17T02:00,56.1,36.1,362.0,27.1,27.1,69.0
2023-04-17T03:00,55.8,35.7,378.0,29.2,31.5,73.0
2023-04-17T04:00,54.2,34.7,360.0,25.3,31.4,86.0
2023-04-17T05:00,51.8,32.8,326.0,18.6,29.5,105.0
2023-04-17T06:00,54.0,34.0,286.0,11.0,26.2,128.0
2023-04-17T07:00,56.1,35.2,271.0,8.1,23.4,141.0
2023-04-17T08:00,56.5,35.2,262.0,6.3,20.2,151.0
2023-04-17T09:00,55.1,34.0,257.0,6.5,17.1,156.0
2023-04-17T10:00,52.2,31.9,259.0,9.3,16.8,149.0
2023-04-17T11:00,49.4,30.0,266.0,13.9,17.5,135.0
2023-04-17T12:00,59.8,37.3,322.0,20.7,,139.0
2023-04-17T13:00,58.9,36.4,314.0,19.5,,132.0
2023-04-17T14:00,56.0,34.2,302.0,17.8,31.6,123.0
2023-04-17T15:00,50.6,30.6,287.0,15.7,24.7,111.0
2023-04-17T16:00,47.5,28.6,277.0,14.5,22.3,105.0
2023-04-17T17:00,46.0,27.7,267.0,13.4,21.2,99.0
2023-04-17T18:00,46.0,27.8,259.0,12.4,20.7,93.0
2023-04-17T19:00,45.6,27.9,258.0,12.2,20.8,88.0
2023-04-17T20:00,44.4,27.5,260.0,12.3,21.5,84.0
2023-04-17T21:00,44.0,27.5,265.0,12.8,22.7,79.0
2023-04-17T22:00,43.8,27.5,272.0,13.7,23.9,75.0
2023-04-17T23:00,43.7,27.6,280.0,15.0,25.4,71.0
2023-04-18T00:00,42.6,27.5,295.0,15.4,25.2,69.0
2023-04-18T01:00,44.5,28.9,296.0,14.6,24.8,70.0
2023-04-18T02:00,47.4,30.9,298.0,13.5,24.2,73.0
2023-04-18T03:00,49.8,32.4,297.0,11.9,24.1,80.0
2023-04-18T04:00,49.5,32.0,290.0,10.5,24.7,92.0
2023-04-18T05:00,50.4,32.5,280.0,9.1,25.7,108.0
2023-04-18T06:00,53.3,34.3,270.0,8.3,28.1,123.0
2023-04-18T07:00,55.5,35.6,270.0,9.5,31.9,126.0
2023-04-18T08:00,57.6,36.9,274.0,11.6,,125.0
2023-04-18T09:00,56.8,36.1,274.0,14.1,,118.0
2023-04-18T10:00,54.0,34.1,264.0,15.0,,108.0
2023-04-18T11:00,49.8,31.2,250.0,15.6,,95.0
2023-04-18T12:00,48.7,30.6,271.0,16.4,32.6,83.0
2023-04-18T13:00,43.0,26.7,257.0,15.7,29.2,77.0
2023-04-18T14:00,39.2,24.3,238.0,14.6,24.3,70.0
2023-04-18T15:00,36.9,22.8,217.0,13.4,19.3,61.0
2023-04-18T16:00,35.9,22.2,210.0,12.9,18.3,58.0
2023-04-18T17:00,35.7,22.1,207.0,12.6,18.5,57.0
2023-04-18T18:00,36.0,22.2,205.0,12.3,19.2,56.0
2023-04-18T19:00,36.0,22.2,205.0,12.2,19.5,55.0
2023-04-18T20:00,35.6,22.0,207.0,12.3,20.0,55.0
2023-04-18T21:00,35.3,21.7,209.0,12.4,20.5,54.0
2023-04-18T22:00,34.5,21.2,211.0,12.6,20.8,53.0
2023-04-18T23:00,33.5,20.6,213.0,12.9,21.0,52.0
2023-04-19T00:00,33.2,20.9,225.0,15.3,24.5,48.0
2023-04-19T01:00,32.1,20.2,218.0,13.3,21.6,51.0
2023-04-19T02:00,31.1,19.5,208.0,10.6,17.6,55.0
2023-04-19T03:00,30.4,18.9,200.0,7.7,14.6,64.0
2023-04-19T04:00,31.9,19.8,200.0,6.9,15.7,74.0
2023-04-19T05:00,35.5,22.1,204.0,6.7,18.6,87.0
2023-04-19T06:00,40.3,25.3,215.0,7.5,24.0,102.0
2023-04-19T07:00,45.4,28.6,230.0,9.2,30.0,110.0
2023-04-19T08:00,48.5,30.7,249.0,11.7,,117.0
2023-04-19T09:00,49.1,31.0,266.0,14.5,,119.0
2023-04-19T10:00,48.0,29.8,264.0,15.7,,113.0
2023-04-19T11:00,45.2,27.6,256.0,16.4,,102.0
2023-04-19T12:00,33.4,19.9,226.0,17.9,16.6,75.0
2023-04-19T13:00,31.1,18.2,244.0,19.4,16.0,68.0
2023-04-19T14:00,29.2,16.8,271.0,21.5,15.1,59.0
2023-04-19T15:00,27.8,15.8,297.0,23.3,14.1,49.0
2023-04-19T16:00,27.4,15.4,302.0,23.2,13.7,46.0
2023-04-19T17:00,26.9,15.2,300.0,22.2,13.5,46.0
2023-04-19T18:00,27.3,15.3,292.0,20.6,13.3,47.0
2023-04-19T19:00,27.6,15.5,283.0,19.3,13.1,48.0
2023-04-19T20:00,27.6,15.5,270.0,17.8,13.0,49.0
2023-04-19T21:00,27.9,15.9,256.0,15.6,13.0,53.0
2023-04-19T22:00,28.1,16.2,249.0,13.3,13.0,58.0
2023-04-19T23:00,27.0,15.7,245.0,10.7,13.2,64.0
2023-04-20T00:00,23.9,14.1,237.0,8.6,14.5,67.0
2023-04-20T01:00,26.4,15.9,260.0,11.1,17.9,67.0
2023-04-20T02:00,31.3,19.2,293.0,14.7,22.6,66.0
2023-04-20T03:00,35.5,22.1,325.0,17.7,27.4,71.0
2023-04-20T04:00,39.6,25.1,327.0,16.9,28.4,82.0
2023-04-20T05:00,44.8,28.8,319.0,14.7,28.1,98.0
2023-04-20T06:00,48.7,31.5,305.0,11.7,26.7,116.0
2023-04-20T07:00,50.5,32.8,294.0,10.0,24.9,126.0
2023-04-20T08:00,52.3,33.8,281.0,8.3,22.5,134.0
2023-04-20T09:00,52.7,33.5,269.0,8.0,19.8,139.0
2023-04-20T10:00,52.7,32.8,268.0,10.3,19.0,135.0
2023-04-20T11:00,51.6,31.4,272.0,14.1,18.7,127.0
2023-04-20T12:00,64.0,39.5,324.0,18.8,,124.0
2023-04-20T13:00,61.5,37.3,308.0,16.6,32.6,122.0
2023-04-20T14:00,58.4,34.7,286.0,13.6,25.5,119.0
2023-04-20T15:00,56.1,33.1,261.0,10.1,17.8,114.0
2023-04-20T16:00,54.5,31.9,252.0,8.7,15.1,110.0
2023-04-20T17:00,52.4,30.9,248.0,7.8,13.9,106.0
2023-04-20T18:00,49.6,29.3,246.0,7.1,13.1,100.0
2023-04-20T19:00,46.9,27.9,246.0,6.7,12.5,96.0
2023-04-20T20:00,44.6,26.6,249.0,6.7,12.4,91.0
2023-04-20T21:00,42.3,25.2,254.0,7.1,12.8,85.0
2023-04-20T22:00,39.3,23.5,260.0,8.3,13.8,78.0
2023-04-20T23:00,37.6,22.5,268.0,9.9,15.2,71.0
2023-04-21T00:00,35.2,21.1,269.0,10.8,17.4,65.0
2023-04-21T01:00,37.5,22.7,263.0,10.1,18.8,67.0
2023-04-21T02:00,37.0,22.8,254.0,9.0,20.7,70.0
2023-04-21T03:00,37.0,22.9,247.0,7.8,23.2,77.0
2023-04-21T04:00,37.1,23.1,248.0,7.2,24.3,88.0
2023-04-21T05:00,39.6,24.9,253.0,6.8,25.2,101.0
2023-04-21T06:00,44.8,28.5,262.0,7.0,27.2,117.0
2023-04-21T07:00,50.4,32.1,271.0,8.2,30.5,125.0
2023-04-21T08:00,54.5,34.6,281.0,10.1,,131.0
2023-04-21T09:00,56.2,35.2,290.0,12.3,,133.0
2023-04-21T10:00,54.4,33.4,290.0,13.5,,128.0
2023-04-21T11:00,50.8,30.6,287.0,14.4,32.7,118.0
2023-04-21T12:00,54.8,33.4,287.0,16.0,30.2,96.0
2023-04-21T13:00,48.0,28.5,275.0,14.1,25.9,95.0
2023-04-21T14:00,45.4,26.6,258.0,11.3,19.9,93.0
2023-04-21T15:00,43.9,25.5,240.0,8.3,13.5,91.0
2023-04-21T16:00,43.0,24.8,235.0,7.2,11.8,90.0
2023-04-21T17:00,42.0,24.2,233.0,6.7,11.6,89.0
2023-04-21T18:00,41.1,23.6,233.0,6.4,11.9,87.0
2023-04-21T19:00,40.7,23.4,233.0,6.3,12.0,86.0
2023-04-21T20:00,40.2,23.1,233.0,6.3,12.4,85.0
2023-04-21T21:00,38.3,22.1,234.0,6.8,13.2,81.0
2023-04-21T22:00,35.7,20.6,236.0,7.7,14.1,74.0
2023-04-21T23:00,32.7,18.9,238.0,8.9,15.1,66.0
2023-04-22T00:00,27.0,16.0,242.0,10.8,17.6,58.0
2023-04-22T01:00,25.7,15.4,241.0,10.5,18.8,57.0
2023-04-22T02:00,25.8,15.5,240.0,10.2,20.5,55.0
2023-04-22T03:00,27.8,17.1,241.0,9.5,22.6,60.0
2023-04-22T04:00,31.3,19.4,243.0,8.6,23.5,75.0
2023-04-22T05:00,36.0,22.4,247.0,7.4,24.2,95.0
2023-04-22T06:00,41.1,25.8,254.0,6.9,25.7,114.0
2023-04-22T07:00,45.4,28.5,264.0,8.1,28.4,115.0
2023-04-22T08:00,47.1,29.6,276.0,10.1,31.8,110.0
2023-04-22T09:00,45.9,28.7,285.0,12.3,,100.0
2023-04-22T10:00,43.1,26.7,281.0,12.9,31.9,91.0
2023-04-22T11:00,37.8,23.0,271.0,13.0,28.0,80.0
2023-04-22T12:00,44.2,27.5,283.0,14.5,29.4,69.0
2023-04-22T13:00,38.1,23.2,271.0,13.2,25.6,65.0
2023-04-22T14:00,35.0,21.2,253.0,11.4,20.2,60.0
2023-04-22T15:00,33.3,20.0,233.0,9.3,14.4,55.0
2023-04-22T16:00,32.1,19.2,225.0,8.2,12.5,54.0
2023-04-22T17:00,31.3,18.6,220.0,7.4,11.9,54.0
2023-04-22T18:00,30.0,17.7,215.0,6.6,11.5,55.0
2023-04-22T19:00,29.1,17.1,212.0,6.3,11.3,54.0
2023-04-22T20:00,28.2,16.5,211.0,6.2,11.3,54.0
2023-04-22T21:00,27.1,15.9,211.0,6.3,11.6,53.0
2023-04-22T22:00,25.8,15.3,211.0,6.6,11.8,52.0
2023-04-22T23:00,24.9,14.8,212.0,7.1,12.1,52.0
2023-04-23T00:00,25.2,15.0,218.0,8.2,13.8,51.0
2023-04-23T01:00,27.3,16.4,222.0,8.2,15.1,54.0
2023-04-23T02:00,29.4,17.8,228.0,8.1,16.9,58.0
2023-04-23T03:00,32.6,19.9,239.0,8.0,19.5,68.0
2023-04-23T04:00,35.7,22.1,250.0,7.6,21.1,82.0
2023-04-23T05:00,41.0,25.6,262.0,7.2,22.6,100.0
2023-04-23T06:00,46.4,29.4,279.0,7.4,25.4,118.0
2023-04-23T07:00,51.5,32.8,293.0,9.0,29.2,122.0
2023-04-23T08:00,53.4,34.1,306.0,11.4,,121.0
2023-04-23T09:00,53.0,33.9,315.0,13.8,,114.0
2023-04-23T10:00,49.4,31.4,309.0,14.3,,104.0
2023-04-23T11:00,44.5,27.9,295.0,14.1,30.4,91.0
2023-04-23T12:00,38.1,23.5,279.0,15.1,14.2,71.0
2023-04-23T13:00,33.1,20.0,283.0,15.9,13.6,65.0
2023-04-23T14:00,30.9,18.4,289.0,17.1,12.8,57.0
2023-04-23T15:00,29.6,17.4,290.0,17.6,11.7,49.0
2023-04-23T16:00,27.8,16.2,281.0,16.4,10.8,50.0
2023-04-23T17:00,26.3,15.0,268.0,14.3,9.9,54.0
2023-04-23T18:00,24.9,13.9,250.0,11.3,9.0,59.0
2023-04-23T19:00,23.6,13.0,239.0,8.9,8.7,62.0
2023-04-23T20:00,22.9,12.5,229.0,6.3,8.7,66.0
2023-04-23T21:00,22.9,12.5,220.0,4.0,8.7,68.0
2023-04-23T22:00,23.7,13.0,220.0,3.8,8.6,67.0
2023-04-23T23:00,24.2,13.3,223.0,4.6,8.5,65.0
2023-04-24T00:00,24.1,13.6,237.0,6.7,11.6,64.0
2023-04-24T01:00,24.7,14.0,240.0,8.1,12.5,62.0
2023-04-24T02:00,24.7,13.8,243.0,10.0,13.8,60.0
2023-04-24T03:00,25.5,14.3,244.0,11.4,15.0,60.0
2023-04-24T04:00,28.4,16.1,239.0,10.4,15.1,64.0
2023-04-24T05:00,31.1,18.0,231.0,8.4,14.8,71.0
2023-04-24T06:00,34.6,20.4,219.0,6.1,13.8,76.0
2023-04-24T07:00,36.1,21.5,209.0,5.1,12.4,75.0
2023-04-24T08:00,34.3,20.5,197.0,4.4,10.6,72.0
2023-04-24T09:00,30.2,17.9,186.0,4.5,9.1,65.0
2023-04-24T10:00,26.4,15.5,181.0,5.9,9.4,56.0
2023-04-24T11:00,24.8,14.4,179.0,8.2,10.3,44.0
2023-04-24T12:00,19.2,10.9,190.0,10.6,10.1,40.0
2023-04-24T13:00,17.6,10.0,196.0,11.1,10.4,37.0
2023-04-24T14:00,18.3,10.4,205.0,11.8,10.9,32.0
2023-04-24T15:00,18.6,10.6,215.0,12.3,11.4,27.0
2023-04-24T16:00,20.1,11.6,220.0,12.0,11.6,26.0
2023-04-24T17:00,21.4,12.4,223.0,11.4,11.6,27.0
2023-04-24T18:00,23.1,13.4,223.0,10.5,11.7,28.0
2023-04-24T19:00,24.6,14.3,216.0,10.1,11.7,28.0
2023-04-24T20:00,26.0,15.3,205.0,9.6,11.7,29.0
2023-04-24T21:00,27.1,15.9,193.0,9.1,11.8,30.0
2023-04-24T22:00,28.2,16.5,188.0,8.6,12.1,31.0
2023-04-24T23:00,29.1,17.1,185.0,8.2,12.6,32.0
2023-04-25T00:00,31.7,18.7,194.0,8.8,12.0,35.0
2023-04-25T01:00,31.5,18.8,195.0,8.7,12.8,37.0
2023-04-25T02:00,30.5,18.0,196.0,8.5,13.9,39.0
2023-04-25T03:00,31.0,18.3,196.0,7.9,14.6,43.0
2023-04-25T04:00,33.1,19.6,192.0,7.0,13.7,47.0
2023-04-25T05:00,36.0,21.5,186.0,5.7,12.0,53.0
2023-04-25T06:00,38.9,23.3,179.0,4.5,10.2,59.0
2023-04-25T07:00,40.4,24.4,177.0,4.1,9.7,63.0
2023-04-25T08:00,40.9,24.6,176.0,4.0,9.5,65.0
2023-04-25T09:00,40.7,24.4,178.0,4.7,9.5,66.0
2023-04-25T10:00,40.0,23.9,180.0,6.2,9.7,62.0
2023-04-25T11:00,37.5,22.2,183.0,8.3,10.1,55.0
2023-04-25T12:00,37.0,22.2,192.0,11.1,11.5,48.0
2023-04-25T13:00,33.6,20.0,209.0,11.6,11.6,46.0
2023-04-25T14:00,33.3,19.7,232.0,12.4,11.7,43.0
2023-04-25T15:00,33.6,19.8,259.0,13.1,12.0,40.0
2023-04-25T16:00,34.6,20.3,270.0,13.2,12.4,40.0
2023-04-25T17:00,35.6,20.8,276.0,13.2,12.9,42.0
2023-04-25T18:00,37.1,21.8,279.0,13.0,13.4,44.0
2023-04-25T19:00,38.8,22.8,274.0,12.7,13.5,46.0
2023-04-25T20:00,39.2,23.2,263.0,12.4,13.5,48.0
2023-04-25T21:00,40.3,23.9,254.0,12.2,13.6,51.0
2023-04-25T22:00,42.0,25.0,256.0,12.5,13.6,52.0
2023-04-25T23:00,43.5,26.1,263.0,13.0,13.5,53.0
2023-04-26T00:00,47.6,28.6,305.0,13.1,14.7,58.0
2023-04-26T01:00,49.0,29.6,291.0,13.3,15.6,61.0
2023-04-26T02:00,46.7,27.7,272.0,13.4,16.8,64.0
2023-04-26T03:00,46.9,27.6,249.0,13.0,17.7,70.0
2023-04-26T04:00,48.4,28.6,237.0,11.6,17.2,75.0
2023-04-26T05:00,51.0,30.5,228.0,9.6,16.2,80.0
2023-04-26T06:00,53.6,32.2,219.0,7.4,14.7,85.0
2023-04-26T07:00,54.9,33.2,214.0,6.4,13.7,87.0
2023-04-26T08:00,55.4,33.4,210.0,5.8,12.6,88.0
2023-04-26T09:00,53.8,32.4,208.0,6.0,11.5,87.0
2023-04-26T10:00,52.4,31.4,206.0,7.3,11.0,84.0
2023-04-26T11:00,49.7,29.6,205.0,9.3,10.8,78.0
2023-04-26T12:00,42.8,25.3,224.0,11.0,9.3,73.0
2023-04-26T13:00,42.3,25.0,250.0,12.7,9.9,71.0
2023-04-26T14:00,44.4,26.3,286.0,15.1,10.8,67.0
2023-04-26T15:00,45.8,27.2,332.0,17.7,12.0,63.0
2023-04-26T16:00,47.6,28.5,359.0,18.6,12.8,61.0
2023-04-26T17:00,49.5,29.6,383.0,18.9,13.6,61.0
2023-04-26T18:00,51.0,30.5,404.0,18.9,14.8,60.0
2023-04-26T19:00,51.9,31.1,405.0,18.5,15.6,60.0
2023-04-26T20:00,53.1,31.8,397.0,17.8,16.3,61.0
2023-04-26T21:00,54.2,32.5,397.0,17.2,18.0,61.0
2023-04-26T22:00,56.7,34.1,423.0,17.7,20.5,60.0
2023-04-26T23:00,57.9,35.3,461.0,18.6,23.7,58.0
2023-04-27T00:00,60.8,37.4,333.0,18.6,,56.0
2023-04-27T01:00,61.0,37.6,309.0,15.5,31.1,61.0
2023-04-27T02:00,53.8,32.1,274.0,11.1,21.4,67.0
2023-04-27T03:00,47.4,27.6,238.0,6.4,12.1,76.0
2023-04-27T04:00,47.3,27.7,229.0,5.1,11.1,82.0
2023-04-27T05:00,48.2,28.4,229.0,4.9,13.0,87.0
2023-04-27T06:00,49.1,29.2,234.0,5.5,17.1,90.0
2023-04-27T07:00,50.5,30.3,241.0,6.8,21.5,87.0
2023-04-27T08:00,48.5,29.1,250.0,8.6,27.0,81.0
2023-04-27T09:00,47.0,28.2,257.0,10.4,31.1,72.0
2023-04-27T10:00,43.2,25.6,251.0,10.4,29.0,66.0
2023-04-27T11:00,39.1,23.0,240.0,9.6,24.2,60.0
2023-04-27T12:00,42.4,25.3,226.0,8.9,18.8,55.0
2023-04-27T13:00,39.9,23.7,222.0,8.6,17.0,53.0
2023-04-27T14:00,39.3,23.5,216.0,8.1,14.4,51.0
2023-04-27T15:00,39.0,23.3,210.0,7.6,11.8,48.0
2023-04-27T16:00,38.6,23.1,209.0,7.5,11.4,47.0
2023-04-27T17:00,38.2,22.9,209.0,7.5,11.7,46.0
2023-04-27T18:00,37.5,22.4,210.0,7.7,12.6,45.0
2023-04-27T19:00,36.6,21.8,212.0,8.1,13.5,44.0
2023-04-27T20:00,36.2,21.5,215.0,8.7,14.6,42.0
2023-04-27T21:00,36.3,21.7,220.0,9.3,16.4,40.0
2023-04-27T22:00,35.7,21.4,225.0,9.7,18.4,39.0
2023-04-27T23:00,35.2,21.2,231.0,10.0,20.7,38.0
2023-04-28T00:00,35.7,21.8,231.0,9.4,22.4,37.0
2023-04-28T01:00,35.4,21.7,219.0,8.0,18.8,39.0
2023-04-28T02:00,31.2,18.7,201.0,6.0,13.7,42.0
2023-04-28T03:00,28.6,17.1,184.0,4.0,9.3,47.0
2023-04-28T04:00,29.5,17.8,181.0,3.7,9.8,52.0
2023-04-28T05:00,31.8,19.2,184.0,3.9,12.3,59.0
2023-04-28T06:00,33.8,20.7,191.0,4.9,16.8,64.0
2023-04-28T07:00,36.2,22.5,202.0,6.3,21.5,64.0
2023-04-28T08:00,37.0,23.2,216.0,8.2,27.1,62.0
2023-04-28T09:00,36.6,22.9,227.0,9.9,31.3,57.0
2023-04-28T10:00,34.0,21.1,223.0,9.9,29.3,52.0
2023-04-28T11:00,30.6,18.9,212.0,9.2,24.6,46.0
2023-04-28T12:00,22.3,13.6,209.0,8.8,20.1,40.0
2023-04-28T13:00,20.0,12.1,203.0,8.3,17.8,38.0
2023-04-28T14:00,19.7,11.9,194.0,7.6,14.5,36.0
2023-04-28T15:00,20.0,12.1,185.0,7.0,11.3,33.0
2023-04-28T16:00,21.0,12.7,184.0,7.0,11.1,32.0
2023-04-28T17:00,22.4,13.6,185.0,7.3,11.9,32.0
2023-04-28T18:00,23.5,14.3,189.0,7.6,13.5,32.0
2023-04-28T19:00,24.4,15.0,194.0,7.7,14.8,32.0
2023-04-28T20:00,25.6,15.8,200.0,7.8,16.4,32.0
2023-04-28T21:00,26.8,16.5,207.0,8.0,18.4,32.0
2023-04-28T22:00,27.5,17.0,212.0,8.3,19.9,32.0
2023-04-28T23:00,27.6,17.2,217.0,8.6,21.5,31.0
2023-04-29T00:00,32.7,20.6,290.0,10.8,17.5,31.0
2023-04-29T01:00,32.7,20.6,277.0,10.8,18.9,33.0
2023-04-29T02:00,29.5,18.3,258.0,10.9,20.9,36.0
2023-04-29T03:00,31.8,19.6,236.0,10.4,22.1,41.0
2023-04-29T04:00,33.9,20.8,225.0,9.2,20.9,47.0
2023-04-29T05:00,35.9,22.2,217.0,7.7,18.5,55.0
2023-04-29T06:00,38.1,23.9,209.0,5.9,15.4,63.0
2023-04-29T07:00,39.3,24.9,204.0,5.1,13.7,67.0
2023-04-29T08:00,39.3,24.9,202.0,4.5,12.1,69.0
2023-04-29T09:00,36.4,23.1,201.0,4.7,10.6,69.0
2023-04-29T10:00,33.4,21.0,203.0,6.1,10.0,64.0
2023-04-29T11:00,30.9,19.2,207.0,8.3,9.9,55.0
2023-04-29T12:00,28.5,17.3,214.0,11.2,11.7,46.0
2023-04-29T13:00,27.2,16.6,231.0,12.0,12.5,44.0
2023-04-29T14:00,26.2,16.0,255.0,13.1,13.6,41.0
2023-04-29T15:00,26.5,16.4,281.0,14.3,15.1,38.0
2023-04-29T16:00,27.0,16.6,289.0,14.6,16.1,37.0
2023-04-29T17:00,26.8,16.6,291.0,14.6,17.0,38.0
2023-04-29T18:00,27.1,16.8,290.0,14.4,18.1,38.0
2023-04-29T19:00,27.6,17.1,287.0,14.2,18.9,38.0
2023-04-29T20:00,28.1,17.5,282.0,13.9,19.6,38.0
2023-04-29T21:00,28.9,18.0,277.0,13.5,20.1,39.0
2023-04-29T22:00,30.2,18.9,279.0,13.4,19.8,40.0
2023-04-29T23:00,28.9,17.9,282.0,13.4,19.1,40.0
2023-04-30T00:00,30.6,19.4,302.0,11.2,18.7,45.0
2023-04-30T01:00,26.8,16.6,292.0,11.9,17.9,46.0
2023-04-30T02:00,25.4,15.6,278.0,12.9,16.9,47.0
2023-04-30T03:00,23.5,14.6,258.0,13.3,15.9,51.0
2023-04-30T04:00,22.7,14.3,244.0,11.9,16.0,57.0
2023-04-30T05:00,26.3,16.7,229.0,9.7,16.6,64.0
2023-04-30T06:00,30.2,19.3,214.0,7.2,16.9,73.0
2023-04-30T07:00,32.4,20.9,208.0,6.1,16.2,79.0
2023-04-30T08:00,32.6,21.1,205.0,5.3,15.1,86.0
2023-04-30T09:00,30.7,19.8,204.0,5.5,13.8,88.0
2023-04-30T10:00,27.9,17.9,205.0,7.1,13.4,82.0
2023-04-30T11:00,24.9,15.8,207.0,9.7,13.2,70.0
2023-04-30T12:00,24.3,15.5,216.0,12.5,12.9,54.0
2023-04-30T13:00,22.3,14.0,224.0,13.2,12.8,51.0
2023-04-30T14:00,21.9,13.8,235.0,14.2,12.6,47.0
2023-04-30T15:00,21.5,13.4,247.0,15.2,12.7,42.0
2023-04-30T16:00,21.3,13.2,250.0,15.3,13.4,41.0
2023-04-30T17:00,21.9,13.6,250.0,15.0,14.4,40.0
2023-04-30T18:00,22.4,13.9,246.0,14.5,15.6,40.0
2023-04-30T19:00,22.2,13.7,238.0,14.2,16.2,40.0
2023-04-30T20:00,22.1,13.7,227.0,13.9,16.8,39.0
2023-04-30T21:00,20.8,12.9,210.0,13.0,16.9,39.0
2023-04-30T22:00,19.6,12.1,195.0,11.5,15.8,40.0
2023-04-30T23:00,18.8,11.6,179.0,9.6,14.2,40.0
2023-05-01T00:00,20.6,12.6,180.0,7.6,8.4,43.0
2023-05-01T01:00,19.6,11.9,187.0,8.9,11.5,41.0
2023-05-01T02:00,18.6,11.3,197.0,10.7,16.0,38.0
2023-05-01T03:00,18.5,11.4,206.0,12.2,20.9,38.0
2023-05-01T04:00,19.8,12.3,204.0,11.8,22.8,43.0
2023-05-01T05:00,23.5,14.7,198.0,10.5,23.9,51.0
2023-05-01T06:00,29.1,18.2,190.0,9.1,23.9,59.0
2023-05-01T07:00,32.1,20.0,185.0,8.5,22.3,61.0
2023-05-01T08:00,31.9,19.8,181.0,8.1,19.7,62.0
2023-05-01T09:00,29.6,18.5,177.0,8.3,16.5,60.0
2023-05-01T10:00,26.0,16.2,175.0,9.5,15.1,55.0
2023-05-01T11:00,20.1,12.4,175.0,11.2,14.1,47.0
2023-05-01T12:00,13.9,8.4,186.0,11.9,9.7,38.0
2023-05-01T13:00,13.4,8.1,206.0,11.7,9.6,37.0
2023-05-01T14:00,14.2,8.6,235.0,11.5,9.4,36.0
2023-05-01T15:00,14.3,8.7,268.0,11.2,9.3,35.0
2023-05-01T16:00,15.9,9.9,284.0,11.1,9.6,35.0
2023-05-01T17:00,16.2,10.0,295.0,11.1,10.1,34.0
2023-05-01T18:00,16.8,10.4,296.0,11.2,10.6,34.0
2023-05-01T19:00,16.4,10.2,280.0,11.4,10.4,33.0
2023-05-01T20:00,15.8,9.8,254.0,11.7,10.0,33.0
2023-05-01T21:00,14.8,9.2,223.0,11.9,10.1,32.0
2023-05-01T22:00,13.0,8.0,211.0,11.7,11.0,32.0
2023-05-01T23:00,13.1,8.1,203.0,11.4,12.3,31.0
2023-05-02T00:00,12.8,7.8,167.0,8.5,9.4,35.0
2023-05-02T01:00,13.4,8.2,184.0,9.4,10.8,34.0
2023-05-02T02:00,14.5,8.9,209.0,10.7,12.9,32.0
2023-05-02T03:00,15.0,9.1,227.0,11.5,15.1,32.0
2023-05-02T04:00,15.4,9.5,216.0,10.6,16.0,34.0
2023-05-02T05:00,17.8,11.1,193.0,9.0,16.4,38.0
2023-05-02T06:00,20.3,12.8,167.0,7.3,16.0,42.0
2023-05-02T07:00,20.8,13.0,158.0,7.0,14.4,43.0
2023-05-02T08:00,18.6,11.6,154.0,7.2,12.0,43.0
2023-05-02T09:00,16.9,10.4,153.0,8.1,9.6,42.0
2023-05-02T10:00,17.1,10.4,155.0,9.4,9.2,42.0
2023-05-02T11:00,15.3,9.2,160.0,11.2,9.5,41.0
2023-05-02T12:00,13.6,8.1,158.0,10.8,11.4,39.0
2023-05-02T13:00,14.8,8.7,193.0,11.8,12.3,38.0
2023-05-02T14:00,16.5,9.9,244.0,13.2,13.5,36.0
2023-05-02T15:00,17.3,10.4,299.0,14.5,15.1,34.0
2023-05-02T16:00,17.9,10.9,321.0,14.5,16.1,34.0
2023-05-02T17:00,18.3,11.3,333.0,14.0,17.1,35.0
2023-05-02T18:00,18.5,11.5,332.0,13.9,18.4,36.0
2023-05-02T19:00,18.2,11.3,310.0,14.9,19.3,36.0
2023-05-02T20:00,15.1,9.1,275.0,16.4,20.1,35.0
2023-05-02T21:00,15.9,9.9,240.0,17.9,21.5,34.0
2023-05-02T22:00,14.8,9.3,235.0,17.8,22.2,35.0
2023-05-02T23:00,15.5,9.9,240.0,17.2,22.9,37.0
2023-05-03T00:00,15.8,10.0,240.0,16.6,20.0,37.0
2023-05-03T01:00,14.3,9.1,249.0,18.9,24.8,36.0
2023-05-03T02:00,13.0,8.4,262.0,22.1,31.6,34.0
2023-05-03T03:00,14.0,9.3,272.0,24.9,,34.0
2023-05-03T04:00,16.9,11.5,269.0,24.5,,37.0
2023-05-03T05:00,21.1,14.4,261.0,22.9,,42.0
2023-05-03T06:00,24.1,16.4,248.0,20.5,,49.0
2023-05-03T07:00,27.0,18.3,236.0,18.8,,54.0
2023-05-03T08:00,30.6,20.8,223.0,16.9,,59.0
2023-05-03T09:00,29.8,20.1,209.0,15.3,32.8,63.0
2023-05-03T10:00,25.0,16.7,200.0,15.3,27.9,62.0
2023-05-03T11:00,19.3,12.7,194.0,16.0,22.4,60.0
2023-05-03T12:00,17.7,11.4,226.0,17.7,19.6,60.0
2023-05-03T13:00,16.7,10.5,260.0,17.7,18.9,60.0
2023-05-03T14:00,16.7,10.4,309.0,17.8,17.8,60.0
2023-05-03T15:00,17.9,11.2,357.0,19.2,17.1,58.0
2023-05-03T16:00,19.8,12.4,363.0,22.5,17.4,55.0
2023-05-03T17:00,20.3,12.7,355.0,27.1,18.2,51.0
2023-05-03T18:00,20.5,12.9,338.0,,20.0,47.0
2023-05-03T19:00,19.6,12.4,324.0,30.6,21.9,47.0
2023-05-03T20:00,19.2,12.3,308.0,28.5,24.3,48.0
2023-05-03T21:00,19.7,13.0,295.0,25.9,28.3,50.0
2023-05-03T22:00,21.0,14.1,300.0,25.3,32.2,50.0
2023-05-03T23:00,23.6,16.1,312.0,25.1,,49.0
2023-05-04T00:00,26.8,18.3,325.0,24.7,,50.0
2023-05-04T01:00,25.8,17.6,324.0,24.6,,53.0
2023-05-04T02:00,24.0,16.4,324.0,24.4,,57.0
2023-05-04T03:00,23.8,16.2,315.0,23.1,,66.0
2023-05-04T04:00,23.3,15.8,299.0,20.6,,76.0
2023-05-04T05:00,28.1,19.0,277.0,17.3,,89.0
2023-05-04T06:00,30.6,20.5,249.0,13.5,,101.0
2023-05-04T07:00,32.6,21.9,233.0,11.8,,103.0
2023-05-04T08:00,31.0,20.5,219.0,10.7,29.5,102.0
2023-05-04T09:00,27.7,18.2,205.0,10.4,23.6,96.0
2023-05-04T10:00,24.4,15.9,197.0,11.4,21.0,86.0
2023-05-04T11:00,21.4,13.8,192.0,13.3,19.2,73.0
2023-05-04T12:00,16.3,10.1,184.0,16.9,14.3,54.0
2023-05-04T13:00,13.0,7.9,200.0,16.8,14.7,51.0
2023-05-04T14:00,13.2,8.0,223.0,16.6,15.2,47.0
2023-05-04T15:00,13.6,8.3,247.0,16.3,15.8,42.0
2023-05-04T16:00,13.4,8.1,252.0,16.0,16.1,40.0
2023-05-04T17:00,14.0,8.5,252.0,15.6,16.4,40.0
2023-05-04T18:00,14.2,8.7,246.0,15.3,16.7,39.0
2023-05-04T19:00,14.5,8.8,236.0,15.2,16.6,39.0
2023-05-04T20:00,15.2,9.3,223.0,15.1,16.3,39.0
2023-05-04T21:00,16.3,10.1,215.0,15.5,17.4,39.0
2023-05-04T22:00,17.7,11.1,224.0,16.2,19.9,38.0
2023-05-04T23:00,19.8,12.8,241.0,17.1,23.5,37.0
2023-05-05T00:00,21.0,13.6,250.0,16.0,20.7,39.0
2023-05-05T01:00,22.6,14.7,248.0,16.5,23.0,41.0
2023-05-05T02:00,22.8,14.6,246.0,17.3,26.2,45.0
2023-05-05T03:00,23.8,15.3,237.0,17.3,28.2,51.0
2023-05-05T04:00,23.7,15.0,223.0,15.6,26.0,58.0
2023-05-05T05:00,26.0,16.5,205.0,13.1,21.9,67.0
2023-05-05T06:00,28.6,18.3,186.0,10.8,17.5,76.0
2023-05-05T07:00,31.7,20.3,181.0,10.8,16.5,78.0
2023-05-05T08:00,30.7,19.7,180.0,11.7,16.5,78.0
2023-05-05T09:00,31.7,20.3,184.0,13.8,17.6,76.0
2023-05-05T10:00,26.7,17.0,184.0,16.2,19.3,74.0
2023-05-05T11:00,24.8,15.8,185.0,19.2,21.7,71.0
2023-05-05T12:00,26.9,17.4,235.0,23.8,21.5,70.0
2023-05-05T13:00,29.9,19.4,285.0,27.7,27.4,69.0
2023-05-05T14:00,33.4,21.7,356.0,,,67.0
2023-05-05T15:00,38.9,25.6,440.0,,,63.0
2023-05-05T16:00,41.6,27.4,480.0,,,57.0
2023-05-05T17:00,44.9,29.7,,,,50.0
2023-05-05T18:00,47.8,31.8,,,,42.0
2023-05-05T19:00,50.8,33.9,,,,38.0
2023-05-05T20:00,53.4,35.9,,,,35.0
2023-05-05T21:00,55.6,37.5,,,,33.0
2023-05-05T22:00,56.3,38.3,,,,35.0
2023-05-05T23:00,57.3,39.0,,,,39.0
2023-05-06T00:00,49.5,34.0,,,,42.0
2023-05-06T01:00,49.5,34.0,,,,46.0
2023-05-06T02:00,50.6,34.8,,,,51.0
2023-05-06T03:00,51.9,35.7,,,,67.0
2023-05-06T04:00,52.9,36.3,,,,92.0
2023-05-06T05:00,57.0,39.1,464.0,26.5,,123.0
2023-05-06T06:00,63.1,43.2,436.0,19.7,,160.0
2023-05-06T07:00,69.6,47.5,417.0,16.3,,
2023-05-06T08:00,74.0,50.4,398.0,13.7,,
2023-05-06T09:00,72.4,48.7,372.0,12.2,,
2023-05-06T10:00,68.5,45.6,344.0,12.9,,
2023-05-06T11:00,61.0,40.2,314.0,15.0,,169.0
2023-05-06T12:00,62.9,40.9,316.0,24.8,30.3,121.0
2023-05-06T13:00,61.0,39.7,374.0,29.6,31.4,110.0
2023-05-06T14:00,60.8,39.8,457.0,,,95.0
2023-05-06T15:00,61.7,40.7,,,,77.0
2023-05-06T16:00,62.4,41.4,,,,70.0
2023-05-06T17:00,63.1,41.9,,,,65.0
2023-05-06T18:00,62.2,41.6,,,,61.0
2023-05-06T19:00,64.3,43.2,,,,58.0
2023-05-06T20:00,65.2,44.1,,,,55.0
2023-05-06T21:00,64.7,44.2,,,,53.0
2023-05-06T22:00,64.3,44.2,463.0,,,53.0
2023-05-06T23:00,64.0,44.1,450.0,,,54.0
2023-05-07T00:00,63.3,43.9,384.0,22.6,,57.0
2023-05-07T01:00,64.7,44.8,403.0,25.8,,56.0
2023-05-07T02:00,65.7,45.5,431.0,30.4,,55.0
2023-05-07T03:00,66.4,46.1,460.0,,,58.0
2023-05-07T04:00,69.2,48.1,471.0,,,65.0
2023-05-07T05:00,74.0,51.5,475.0,,,75.0
2023-05-07T06:00,77.8,54.0,470.0,,,90.0
2023-05-07T07:00,78.5,54.4,452.0,,,102.0
2023-05-07T08:00,78.9,54.5,424.0,,,114.0
2023-05-07T09:00,78.7,53.8,394.0,28.0,,125.0
2023-05-07T10:00,77.5,52.6,381.0,28.3,,125.0
2023-05-07T11:00,77.1,51.7,372.0,30.7,,121.0
2023-05-07T12:00,88.2,,436.0,,,130.0
2023-05-07T13:00,,,,,,124.0
2023-05-07T14:00,,,,,,116.0
2023-05-07T15:00,,,,,,103.0
2023-05-07T16:00,88.5,,,,,91.0
2023-05-07T17:00,,,,,,78.0
2023-05-07T18:00,,,,,,62.0
2023-05-07T19:00,,,,,,52.0
2023-05-07T20:00,,,,,,42.0
2023-05-07T21:00,88.5,,,,,33.0
2023-05-07T22:00,88.0,,,,,30.0
2023-05-07T23:00,85.7,,,,,29.0
2023-05-08T00:00,73.6,51.1,,,,28.0
2023-05-08T01:00,71.5,49.6,,,,35.0
2023-05-08T02:00,68.5,47.5,,,,46.0
2023-05-08T03:00,66.4,45.6,,,,68.0
2023-05-08T04:00,66.4,45.4,470.0,,,95.0
2023-05-08T05:00,69.4,47.3,436.0,28.8,,127.0
2023-05-08T06:00,70.8,48.0,396.0,18.2,,166.0
2023-05-08T07:00,80.8,54.7,377.0,13.5,,
2023-05-08T08:00,85.4,,363.0,10.3,,
2023-05-08T09:00,86.1,,347.0,8.5,,
2023-05-08T10:00,83.6,55.1,332.0,9.4,,
2023-05-08T11:00,77.5,50.6,318.0,12.1,,
2023-05-08T12:00,60.5,39.3,319.0,17.3,,157.0
2023-05-08T13:00,58.9,38.0,359.0,22.2,,143.0
2023-05-08T14:00,60.8,39.0,416.0,29.2,,123.0
2023-05-08T15:00,57.5,36.7,472.0,,,100.0
2023-05-08T16:00,53.8,34.1,479.0,,29.9,90.0
2023-05-08T17:00,49.5,31.1,469.0,,27.1,83.0
2023-05-08T18:00,46.0,28.8,453.0,30.8,24.8,76.0
2023-05-08T19:00,44.9,28.2,445.0,31.0,24.6,70.0
2023-05-08T20:00,46.7,29.5,436.0,,25.4,65.0
2023-05-08T21:00,49.4,31.4,428.0,,27.7,61.0
2023-05-08T22:00,51.6,33.2,430.0,,30.4,60.0
2023-05-08T23:00,54.0,35.0,436.0,,,61.0
2023-05-09T00:00,58.0,38.5,342.0,19.8,,74.0
2023-05-09T01:00,58.3,39.5,361.0,24.0,,70.0
2023-05-09T02:00,59.1,40.5,388.0,30.0,,65.0
2023-05-09T03:00,60.5,41.8,414.0,,,67.0
2023-05-09T04:00,64.3,44.5,417.0,,,81.0
2023-05-09T05:00,66.1,45.8,413.0,30.1,,102.0
2023-05-09T06:00,71.5,49.5,398.0,24.2,,131.0
2023-05-09T07:00,76.8,53.0,380.0,19.1,,152.0
2023-05-09T08:00,70.3,48.0,357.0,13.4,,173.0
2023-05-09T09:00,70.1,47.1,328.0,8.8,,
2023-05-09T10:00,67.5,45.1,310.0,9.7,,
2023-05-09T11:00,63.8,41.9,293.0,13.0,,164.0
2023-05-09T12:00,58.4,37.7,300.0,16.4,32.8,140.0
2023-05-09T13:00,56.2,35.7,320.0,20.3,31.3,131.0
2023-05-09T14:00,55.5,34.7,349.0,25.7,29.2,118.0
2023-05-09T15:00,51.8,31.8,384.0,31.0,26.8,102.0
2023-05-09T16:00,49.5,29.9,402.0,,25.8,96.0
2023-05-09T17:00,47.4,28.2,417.0,29.4,25.1,91.0
2023-05-09T18:00,46.4,27.4,431.0,28.1,24.9,85.0
2023-05-09T19:00,47.3,27.9,433.0,29.7,24.8,78.0
2023-05-09T20:00,48.3,28.6,431.0,,24.9,71.0
2023-05-09T21:00,50.1,30.3,433.0,,28.0,63.0
2023-05-09T22:00,56.1,34.6,447.0,,,58.0
2023-05-09T23:00,62.2,39.0,466.0,,,54.0
2023-05-10T00:00,69.4,45.5,430.0,27.7,,63.0
2023-05-10T01:00,68.7,46.0,440.0,30.0,,64.0
2023-05-10T02:00,65.7,44.5,454.0,,,67.0
2023-05-10T03:00,61.2,41.7,457.0,,,76.0
2023-05-10T04:00,57.0,38.8,436.0,30.1,,92.0
2023-05-10T05:00,53.2,36.0,402.0,23.2,,114.0
2023-05-10T06:00,58.2,39.2,359.0,15.3,,138.0
2023-05-10T07:00,62.9,42.1,335.0,12.0,,149.0
2023-05-10T08:00,63.8,42.3,313.0,9.7,,156.0
2023-05-10T09:00,62.2,40.6,290.0,9.1,,158.0
2023-05-10T10:00,58.8,38.1,277.0,11.1,,150.0
2023-05-10T11:00,52.9,33.6,267.0,14.9,,136.0
2023-05-10T12:00,52.9,32.4,282.0,20.3,27.9,112.0
2023-05-10T13:00,51.0,30.3,296.0,22.2,26.2,106.0
2023-05-10T14:00,49.8,29.0,316.0,24.9,23.8,97.0
2023-05-10T15:00,47.8,27.4,348.0,27.5,21.8,87.0
2023-05-10T16:00,47.7,27.2,378.0,27.7,22.4,83.0
2023-05-10T17:00,48.8,28.0,411.0,27.0,24.0,80.0
2023-05-10T18:00,49.7,28.6,442.0,26.7,26.2,76.0
2023-05-10T19:00,50.6,29.4,445.0,28.0,26.8,72.0
2023-05-10T20:00,51.2,30.2,437.0,29.9,27.2,68.0
2023-05-10T21:00,51.7,30.9,425.0,,29.1,64.0
2023-05-10T22:00,53.8,32.5,418.0,,32.3,63.0
2023-05-10T23:00,57.2,35.0,410.0,,,62.0
2023-05-11T00:00,60.3,36.7,357.0,24.5,,76.0
2023-05-11T01:00,62.6,38.6,374.0,27.0,,77.0
2023-05-11T02:00,63.3,39.6,397.0,30.4,,79.0
2023-05-11T03:00,65.7,42.1,421.0,,,86.0
2023-05-11T04:00,66.8,43.7,426.0,,,96.0
2023-05-11T05:00,68.5,45.3,425.0,29.4,,109.0
2023-05-11T06:00,70.5,46.8,417.0,25.0,,130.0
2023-05-11T07:00,77.5,51.5,406.0,20.5,,152.0
2023-05-11T08:00,83.6,55.2,390.0,15.1,,
2023-05-11T09:00,86.8,,373.0,11.4,,
2023-05-11T10:00,87.5,,366.0,13.5,,
2023-05-11T11:00,86.8,55.9,362.0,18.3,,
2023-05-11T12:00,77.1,48.9,298.0,23.9,,146.0
2023-05-11T13:00,75.9,47.6,323.0,27.1,,138.0
2023-05-11T14:00,72.6,45.2,359.0,,,126.0
2023-05-11T15:00,75.2,46.7,410.0,,,114.0
2023-05-11T16:00,82.2,51.1,452.0,,,111.0
2023-05-11T17:00,87.5,54.5,,,,111.0
2023-05-11T18:00,,,,,,109.0
2023-05-11T19:00,,,,,,104.0
2023-05-11T20:00,,,,,,97.0
2023-05-11T21:00,,,,,,89.0
2023-05-11T22:00,,,,,,85.0
2023-05-11T23:00,,,,,,82.0
2023-05-12T00:00,,,,,,59.0
2023-05-12T01:00,,,,,,53.0
2023-05-12T02:00,,,,,,45.0
2023-05-12T03:00,,,,,,43.0
2023-05-12T04:00,,,,,,53.0
2023-05-12T05:00,,,,,,70.0
2023-05-12T06:00,,,,,,95.0
2023-05-12T07:00,,,,,,115.0
2023-05-12T08:00,,,,,,136.0
2023-05-12T09:00,,,,,28.7,155.0
2023-05-12T10:00,,,,,28.6,157.0
2023-05-12T11:00,,,,,31.7,152.0
2023-05-12T12:00,,,,,,121.0
2023-05-12T13:00,,,,,,119.0
2023-05-12T14:00,,,,,30.3,117.0
2023-05-12T15:00,87.1,,,,27.5,109.0
2023-05-12T16:00,79.4,52.2,,,27.5,97.0
2023-05-12T17:00,74.7,48.8,466.0,,28.5,81.0
2023-05-12T18:00,72.4,47.3,422.0,,30.5,62.0
2023-05-12T19:00,71.9,47.0,383.0,,32.5,51.0
2023-05-12T20:00,69.6,46.0,341.0,,,41.0
2023-05-12T21:00,64.7,43.3,297.0,,,35.0
2023-05-12T22:00,57.6,38.8,277.0,,,39.0
2023-05-12T23:00,51.1,34.5,266.0,26.1,,48.0
2023-05-13T00:00,67.5,46.4,349.0,22.0,30.2,63.0
2023-05-13T01:00,63.8,44.1,390.0,28.6,30.0,61.0
2023-05-13T02:00,61.9,43.0,449.0,,29.7,58.0
2023-05-13T03:00,61.5,42.6,,,29.8,64.0
2023-05-13T04:00,64.3,44.6,,,31.2,83.0
2023-05-13T05:00,67.1,46.7,472.0,,,109.0
2023-05-13T06:00,79.4,55.3,435.0,25.5,,144.0
2023-05-13T07:00,,,408.0,18.7,30.1,169.0
2023-05-13T08:00,,,379.0,11.8,24.7,
2023-05-13T09:00,,,362.0,9.2,19.7,
2023-05-13T10:00,,,376.0,15.8,20.0,
2023-05-13T11:00,81.3,53.4,405.0,27.4,22.3,
2023-05-13T12:00,83.8,55.9,472.0,,24.2,151.0
2023-05-13T13:00,84.5,56.5,,,26.3,115.0
2023-05-13T14:00,84.8,,,,29.3,65.0
2023-05-13T15:00,80.1,54.9,,,31.7,17.0
2023-05-13T16:00,71.9,49.7,,,30.8,14.0
2023-05-13T17:00,62.4,43.4,,,28.6,26.0
2023-05-13T18:00,55.4,38.4,,,25.3,48.0
2023-05-13T19:00,52.0,36.1,474.0,,23.1,64.0
2023-05-13T20:00,50.3,34.8,413.0,,20.7,82.0
2023-05-13T21:00,49.1,34.0,356.0,15.0,18.5,97.0
2023-05-13T22:00,48.8,33.8,337.0,10.4,18.0,95.0
2023-05-13T23:00,48.2,33.3,335.0,11.0,18.1,86.0
2023-05-14T00:00,44.4,30.7,330.0,13.2,19.9,79.0
2023-05-14T01:00,42.8,29.6,350.0,19.3,22.0,73.0
2023-05-14T02:00,41.4,28.6,377.0,27.9,24.9,64.0
2023-05-14T03:00,42.1,29.0,398.0,,28.3,61.0
2023-05-14T04:00,43.8,30.0,385.0,,30.0,72.0
2023-05-14T05:00,47.5,32.6,359.0,27.9,31.3,90.0
2023-05-14T06:00,59.3,40.7,328.0,20.6,31.2,116.0
2023-05-14T07:00,83.6,,317.0,15.8,28.4,136.0
2023-05-14T08:00,,,311.0,11.1,24.0,157.0
2023-05-14T09:00,,,315.0,10.0,20.1,174.0
2023-05-14T10:00,,,332.0,16.6,20.9,173.0
2023-05-14T11:00,85.0,55.4,359.0,27.5,23.5,165.0
2023-05-14T12:00,,,,,26.4,140.0
2023-05-14T13:00,,,,,25.3,132.0
2023-05-14T14:00,88.5,,,,23.6,120.0
2023-05-14T15:00,83.1,54.0,,,22.4,102.0
2023-05-14T16:00,77.3,50.4,,,22.9,86.0
2023-05-14T17:00,71.0,46.1,419.0,,24.1,69.0
2023-05-14T18:00,64.3,41.7,347.0,,26.1,51.0
2023-05-14T19:00,59.5,39.0,323.0,,27.8,45.0
2023-05-14T20:00,57.0,38.0,312.0,,29.7,42.0
2023-05-14T21:00,54.5,36.6,307.0,,31.2,41.0
2023-05-14T22:00,50.4,33.9,304.0,,30.5,41.0
2023-05-14T23:00,46.3,31.2,305.0,28.4,28.8,42.0
2023-05-15T00:00,47.4,32.0,359.0,26.2,25.5,47.0
2023-05-15T01:00,45.3,30.7,393.0,30.7,27.2,48.0
2023-05-15T02:00,46.1,31.4,441.0,,29.6,51.0
2023-05-15T03:00,49.6,33.8,,,32.8,62.0
2023-05-15T04:00,57.2,39.1,,,,81.0
2023-05-15T05:00,71.9,49.4,470.0,,,105.0
2023-05-15T06:00,,,437.0,29.0,,138.0
2023-05-15T07:00,,,402.0,22.1,,162.0
2023-05-15T08:00,,,359.0,14.1,27.5,
2023-05-15T09:00,,,319.0,8.8,20.6,
2023-05-15T10:00,85.7,56.2,316.0,12.6,20.1,
2023-05-15T11:00,78.9,51.7,328.0,20.8,21.8,
2023-05-15T12:00,80.8,52.7,359.0,,21.2,162.0
2023-05-15T13:00,78.0,50.8,399.0,,21.3,154.0
2023-05-15T14:00,75.9,49.2,455.0,,21.5,143.0
2023-05-15T15:00,71.0,45.9,,,21.6,128.0
2023-05-15T16:00,61.5,39.7,459.0,,21.2,119.0
2023-05-15T17:00,53.2,34.2,393.0,,20.6,110.0
2023-05-15T18:00,47.4,30.5,315.0,30.0,20.5,98.0
2023-05-15T19:00,44.4,28.9,285.0,26.0,21.1,87.0
2023-05-15T20:00,44.6,29.2,265.0,23.0,22.1,76.0
2023-05-15T21:00,47.7,31.2,251.0,23.2,24.6,61.0
2023-05-15T22:00,48.5,31.9,249.0,29.8,28.1,49.0
2023-05-15T23:00,45.5,30.0,255.0,,32.6,38.0
2023-05-16T00:00,46.2,31.0,303.0,,,25.0
2023-05-16T01:00,41.4,27.9,320.0,,,29.0
2023-05-16T02:00,40.0,27.1,344.0,,,36.0
2023-05-16T03:00,43.0,29.2,368.0,,,54.0
2023-05-16T04:00,51.2,34.9,374.0,,,80.0
2023-05-16T05:00,63.8,43.8,373.0,27.1,,113.0
2023-05-16T06:00,79.6,54.6,361.0,19.6,,152.0
2023-05-16T07:00,,,337.0,14.3,,172.0
2023-05-16T08:00,,,305.0,9.6,28.0,
2023-05-16T09:00,,,278.0,7.5,22.3,
2023-05-16T10:00,79.9,52.7,282.0,11.5,21.6,
2023-05-16T11:00,75.0,49.4,299.0,18.8,22.5,
2023-05-16T12:00,71.2,47.8,325.0,29.7,23.2,147.0
2023-05-16T13:00,65.9,44.1,357.0,,22.7,141.0
2023-05-16T14:00,54.9,36.3,402.0,,22.1,133.0
2023-05-16T15:00,54.0,34.7,439.0,,21.3,124.0
2023-05-16T16:00,50.5,32.5,430.0,,21.0,121.0
2023-05-16T17:00,45.8,29.3,401.0,,20.9,120.0
2023-05-16T18:00,47.1,31.1,360.0,29.7,20.3,119.0
2023-05-16T19:00,43.9,29.1,332.0,22.5,18.9,119.0
2023-05-16T20:00,40.2,26.5,302.0,14.6,17.1,119.0
2023-05-16T21:00,38.0,24.8,274.0,8.4,16.1,113.0
2023-05-16T22:00,39.2,25.4,270.0,10.1,17.6,99.0
2023-05-16T23:00,42.7,27.5,275.0,15.2,20.2,81.0
2023-05-17T00:00,47.7,31.0,287.0,22.9,26.9,61.0
2023-05-17T01:00,48.3,31.5,295.0,24.9,30.0,61.0
2023-05-17T02:00,45.2,29.6,306.0,27.8,,61.0
2023-05-17T03:00,42.7,28.1,310.0,28.4,,69.0
2023-05-17T04:00,43.3,28.4,296.0,23.7,,85.0
2023-05-17T05:00,46.9,30.5,274.0,16.4,31.7,107.0
2023-05-17T06:00,51.9,33.8,247.0,8.5,26.3,132.0
2023-05-17T07:00,55.1,35.6,234.0,6.0,23.1,144.0
2023-05-17T08:00,54.9,34.7,224.0,5.0,20.0,152.0
2023-05-17T09:00,56.1,34.6,218.0,6.4,17.4,155.0
2023-05-17T10:00,55.6,33.5,220.0,10.4,17.4,149.0
2023-05-17T11:00,54.1,32.1,228.0,16.3,18.6,137.0
2023-05-17T12:00,43.5,26.7,248.0,24.0,18.5,100.0
2023-05-17T13:00,40.6,24.3,256.0,25.5,17.4,94.0
2023-05-17T14:00,36.9,21.7,268.0,27.5,15.8,85.0
2023-05-17T15:00,33.8,19.7,276.0,28.4,14.0,75.0
2023-05-17T16:00,32.6,18.9,269.0,26.4,13.3,71.0
2023-05-17T17:00,30.9,18.2,256.0,22.9,12.9,70.0
2023-05-17T18:00,30.9,18.0,238.0,17.8,12.5,69.0
2023-05-17T19:00,30.9,17.9,226.0,13.8,12.0,71.0
2023-05-17T20:00,31.5,18.4,213.0,9.6,11.4,75.0
2023-05-17T21:00,33.4,19.4,202.0,5.6,11.2,76.0
2023-05-17T22:00,35.0,20.3,200.0,4.8,11.4,71.0
2023-05-17T23:00,35.4,20.7,201.0,5.2,12.0,63.0
2023-05-18T00:00,33.6,20.4,221.0,11.1,19.1,54.0
2023-05-18T01:00,34.0,20.9,233.0,14.0,23.2,52.0
2023-05-18T02:00,33.8,21.0,251.0,18.1,28.9,49.0
2023-05-18T03:00,34.9,21.9,266.0,20.9,,55.0
2023-05-18T04:00,39.1,25.0,264.0,18.5,,74.0
2023-05-18T05:00,45.1,29.0,254.0,13.8,32.5,100.0
2023-05-18T06:00,49.7,32.0,239.0,8.5,29.3,129.0
2023-05-18T07:00,54.2,34.7,227.0,6.5,26.7,139.0
2023-05-18T08:00,56.3,35.6,214.0,5.4,23.5,143.0
2023-05-18T09:00,54.9,34.0,202.0,5.9,20.1,141.0
2023-05-18T10:00,52.6,31.7,199.0,8.7,18.8,132.0
2023-05-18T11:00,47.8,27.9,200.0,13.1,18.1,118.0
2023-05-18T12:00,50.3,29.6,233.0,18.3,,98.0
2023-05-18T13:00,43.8,25.4,221.0,16.2,31.9,96.0
2023-05-18T14:00,39.6,22.6,204.0,13.3,24.3,93.0
2023-05-18T15:00,36.4,20.5,186.0,9.8,16.0,88.0
2023-05-18T16:00,34.2,19.2,181.0,8.2,13.2,85.0
2023-05-18T17:00,32.4,18.1,179.0,7.1,12.0,82.0
2023-05-18T18:00,31.9,17.8,178.0,6.2,11.0,77.0
2023-05-18T19:00,31.2,17.5,175.0,5.8,10.1,72.0
2023-05-18T20:00,30.0,16.8,171.0,5.8,9.5,66.0
2023-05-18T21:00,29.7,16.6,168.0,6.3,9.7,58.0
2023-05-18T22:00,28.4,16.0,168.0,7.3,10.8,53.0
2023-05-18T23:00,27.3,15.6,170.0,8.8,12.7,47.0
2023-05-19T00:00,26.5,15.8,180.0,13.9,22.3,45.0
2023-05-19T01:00,27.0,16.2,180.0,12.7,22.9,50.0
2023-05-19T02:00,27.4,16.6,180.0,10.9,23.9,57.0
2023-05-19T03:00,30.2,18.6,186.0,8.9,25.5,72.0
2023-05-19T04:00,36.2,22.8,199.0,8.0,26.9,90.0
2023-05-19T05:00,44.5,28.8,217.0,7.4,28.5,113.0
2023-05-19T06:00,52.9,34.6,238.0,7.5,31.3,138.0
2023-05-19T07:00,60.8,39.7,248.0,8.6,,149.0
2023-05-19T08:00,65.4,42.4,256.0,10.5,,156.0
2023-05-19T09:00,62.4,39.1,261.0,12.9,,159.0
2023-05-19T10:00,61.2,37.4,260.0,14.7,,156.0
2023-05-19T11:00,58.8,35.2,255.0,16.6,,149.0
2023-05-19T12:00,58.7,34.6,238.0,17.8,,130.0
2023-05-19T13:00,57.2,33.2,228.0,16.3,30.6,124.0
2023-05-19T14:00,54.9,31.7,214.0,14.2,24.6,117.0
2023-05-19T15:00,52.3,30.3,196.0,11.7,17.9,104.0
2023-05-19T16:00,49.1,28.5,187.0,10.4,15.4,93.0
2023-05-19T17:00,45.9,26.6,179.0,9.4,13.9,80.0
2023-05-19T18:00,41.6,23.9,170.0,8.7,13.1,66.0
2023-05-19T19:00,37.4,21.7,165.0,8.9,13.0,58.0
2023-05-19T20:00,35.4,20.8,160.0,9.5,13.5,52.0
2023-05-19T21:00,33.3,19.8,158.0,10.9,15.3,46.0
2023-05-19T22:00,32.4,19.5,159.0,12.6,17.9,42.0
2023-05-19T23:00,32.5,19.7,162.0,14.7,21.3,40.0
2023-05-20T00:00,31.2,19.1,162.0,12.3,22.3,47.0
2023-05-20T01:00,32.7,20.2,170.0,12.1,24.5,49.0
2023-05-20T02:00,35.4,22.2,181.0,11.9,27.6,52.0
2023-05-20T03:00,41.0,26.1,199.0,11.3,31.4,64.0
2023-05-20T04:00,48.7,31.4,216.0,10.4,,83.0
2023-05-20T05:00,57.9,37.6,234.0,9.2,,109.0
2023-05-20T06:00,63.3,40.9,255.0,8.6,,136.0
2023-05-20T07:00,70.1,44.9,264.0,9.5,,145.0
2023-05-20T08:00,71.7,45.6,269.0,11.1,,149.0
2023-05-20T09:00,69.8,44.1,273.0,13.5,,150.0
2023-05-20T10:00,67.8,42.3,276.0,15.6,,147.0
2023-05-20T11:00,64.5,39.7,278.0,18.0,,141.0
2023-05-20T12:00,41.4,24.6,276.0,19.0,,120.0
2023-05-20T13:00,39.0,22.6,266.0,17.1,32.1,119.0
2023-05-20T14:00,36.3,21.0,251.0,14.4,24.9,118.0
2023-05-20T15:00,34.8,20.2,234.0,11.3,17.3,114.0
2023-05-20T16:00,34.5,20.1,228.0,10.1,15.3,108.0
2023-05-20T17:00,34.9,20.4,225.0,9.5,15.0,100.0
2023-05-20T18:00,33.6,19.7,222.0,9.1,15.0,90.0
2023-05-20T19:00,31.7,18.5,220.0,9.0,14.4,83.0
2023-05-20T20:00,29.6,17.4,218.0,9.2,14.0,75.0
2023-05-20T21:00,28.5,16.9,215.0,9.7,14.3,68.0
2023-05-20T22:00,27.8,16.8,213.0,10.6,15.9,64.0
2023-05-20T23:00,28.3,17.3,210.0,11.7,18.2,62.0
2023-05-21T00:00,27.0,16.5,207.0,11.6,19.2,64.0
2023-05-21T01:00,26.8,16.4,203.0,10.6,18.9,68.0
2023-05-21T02:00,27.4,16.5,197.0,9.2,18.6,73.0
2023-05-21T03:00,29.4,17.9,194.0,7.6,19.0,84.0
2023-05-21T04:00,33.4,20.5,201.0,6.9,20.3,96.0
2023-05-21T05:00,39.1,24.3,212.0,6.5,22.3,111.0
2023-05-21T06:00,44.8,28.1,227.0,6.8,26.0,127.0
2023-05-21T07:00,49.9,31.5,237.0,8.3,30.5,134.0
2023-05-21T08:00,51.2,32.0,248.0,10.5,,138.0
2023-05-21T09:00,51.8,31.9,255.0,13.1,,139.0
2023-05-21T10:00,50.2,30.3,252.0,14.4,,136.0
2023-05-21T11:00,47.1,27.7,244.0,15.4,,131.0
2023-05-21T12:00,43.9,25.7,221.0,18.5,17.4,105.0
2023-05-21T13:00,39.1,22.3,232.0,20.5,17.0,98.0
2023-05-21T14:00,36.8,20.6,247.0,23.4,16.5,89.0
2023-05-21T15:00,36.0,20.0,259.0,25.8,15.9,77.0
2023-05-21T16:00,35.5,19.8,256.0,25.2,15.6,72.0
2023-05-21T17:00,34.8,19.5,247.0,23.5,15.3,68.0
2023-05-21T18:00,34.2,19.2,232.0,20.6,15.4,63.0
2023-05-21T19:00,33.1,18.6,219.0,18.0,15.8,59.0
2023-05-21T20:00,31.9,18.2,204.0,15.1,16.4,55.0
2023-05-21T21:00,31.2,18.0,191.0,12.7,18.3,51.0
2023-05-21T22:00,32.2,18.9,190.0,13.4,21.2,48.0
2023-05-21T23:00,34.0,20.2,195.0,15.3,24.9,44.0
2023-05-22T00:00,31.1,18.3,191.0,14.6,24.8,48.0
2023-05-22T01:00,32.7,19.4,207.0,16.5,28.4,49.0
2023-05-22T02:00,34.3,20.7,229.0,19.1,,50.0
2023-05-22T03:00,38.0,23.5,250.0,20.4,,59.0
2023-05-22T04:00,43.9,27.5,253.0,17.9,,76.0
2023-05-22T05:00,50.9,32.2,248.0,13.5,,100.0
2023-05-22T06:00,55.1,34.9,239.0,8.6,29.6,125.0
2023-05-22T07:00,60.5,38.3,230.0,6.8,26.6,135.0
2023-05-22T08:00,62.2,39.0,218.0,5.9,23.4,140.0
2023-05-22T09:00,60.1,37.4,207.0,6.4,19.9,140.0
2023-05-22T10:00,56.5,34.5,205.0,8.9,18.4,133.0
2023-05-22T11:00,51.2,30.5,205.0,12.7,17.4,122.0
2023-05-22T12:00,47.3,28.1,222.0,17.9,19.0,104.0
2023-05-22T13:00,42.8,24.9,225.0,19.0,17.8,98.0
2023-05-22T14:00,39.2,22.2,230.0,20.5,16.2,90.0
2023-05-22T15:00,37.4,20.8,233.0,21.9,14.7,79.0
2023-05-22T16:00,35.5,19.7,230.0,21.9,14.6,72.0
2023-05-22T17:00,33.4,18.7,224.0,21.4,15.1,66.0
2023-05-22T18:00,29.9,16.9,214.0,20.2,16.1,58.0
2023-05-22T19:00,25.6,14.5,204.0,18.5,16.6,53.0
2023-05-22T20:00,22.8,13.0,193.0,16.3,17.3,49.0
2023-05-22T21:00,22.2,13.0,184.0,14.8,19.7,45.0
2023-05-22T22:00,22.1,13.4,186.0,15.8,23.8,42.0
2023-05-22T23:00,23.1,14.4,192.0,17.9,29.3,38.0
2023-05-23T00:00,23.5,15.0,212.0,22.6,,34.0
2023-05-23T01:00,24.3,15.7,230.0,23.7,,35.0
2023-05-23T02:00,25.1,16.2,256.0,25.2,,37.0
2023-05-23T03:00,29.0,19.0,281.0,25.1,,48.0
2023-05-23T04:00,36.9,24.4,283.0,21.8,,68.0
2023-05-23T05:00,46.3,30.9,277.0,16.8,,95.0
2023-05-23T06:00,53.9,35.6,263.0,11.1,,125.0
2023-05-23T07:00,57.9,37.7,248.0,8.5,31.6,138.0
2023-05-23T08:00,59.4,38.3,228.0,6.6,27.1,147.0
2023-05-23T09:00,52.6,33.2,210.0,6.5,22.5,150.0
2023-05-23T10:00,49.0,30.2,208.0,9.5,21.2,144.0
2023-05-23T11:00,47.0,28.3,212.0,14.3,21.1,131.0
2023-05-23T12:00,45.3,28.6,241.0,23.5,24.5,106.0
2023-05-23T13:00,36.3,21.6,248.0,25.7,23.0,99.0
2023-05-23T14:00,34.1,19.6,259.0,28.8,21.0,90.0
2023-05-23T15:00,31.9,18.2,267.0,,18.6,77.0
2023-05-23T16:00,32.4,18.2,264.0,30.6,17.4,70.0
2023-05-23T17:00,30.7,17.3,256.0,28.5,16.5,63.0
2023-05-23T18:00,28.9,16.4,242.0,25.6,16.6,54.0
2023-05-23T19:00,27.3,15.7,229.0,23.8,18.3,48.0
2023-05-23T20:00,26.4,15.7,214.0,21.9,21.0,42.0
2023-05-23T21:00,27.0,16.6,199.0,20.7,25.0,35.0
2023-05-23T22:00,27.2,17.1,195.0,21.7,28.1,30.0
2023-05-23T23:00,27.1,17.1,195.0,23.6,31.3,27.0
2023-05-24T00:00,25.8,16.4,204.0,25.5,,24.0
2023-05-24T01:00,25.4,16.2,221.0,25.4,,26.0
2023-05-24T02:00,25.7,16.4,245.0,25.2,,30.0
2023-05-24T03:00,29.0,18.6,268.0,23.4,,43.0
2023-05-24T04:00,37.3,24.3,269.0,19.7,,66.0
2023-05-24T05:00,48.9,32.2,263.0,14.7,,96.0
2023-05-24T06:00,57.9,38.1,251.0,9.3,30.6,129.0
2023-05-24T07:00,65.7,42.7,240.0,7.0,27.0,143.0
2023-05-24T08:00,70.1,45.1,228.0,5.7,23.1,152.0
2023-05-24T09:00,62.6,39.1,218.0,6.5,19.5,156.0
2023-05-24T10:00,58.3,35.4,222.0,10.3,19.4,154.0
2023-05-24T11:00,55.6,33.1,232.0,16.1,20.8,147.0
2023-05-24T12:00,53.7,32.2,245.0,22.1,21.5,131.0
2023-05-24T13:00,46.6,27.5,260.0,26.6,20.4,117.0
2023-05-24T14:00,40.9,24.0,282.0,,18.8,97.0
2023-05-24T15:00,36.3,21.4,300.0,,17.3,73.0
2023-05-24T16:00,32.9,19.7,296.0,,16.8,61.0
2023-05-24T17:00,29.2,17.6,284.0,,16.8,52.0
2023-05-24T18:00,26.8,16.5,265.0,,18.1,42.0
2023-05-24T19:00,27.5,17.1,250.0,,20.9,35.0
2023-05-24T20:00,28.5,17.9,233.0,,24.7,30.0
2023-05-24T21:00,30.0,19.2,226.0,,29.3,26.0
2023-05-24T22:00,33.5,21.7,239.0,,31.6,25.0
2023-05-24T23:00,38.1,25.0,262.0,,,25.0
2023-05-25T00:00,42.5,28.5,329.0,,,24.0
2023-05-25T01:00,46.4,31.3,359.0,,,31.0
2023-05-25T02:00,49.1,33.4,402.0,,,41.0
2023-05-25T03:00,50.2,34.2,434.0,,,61.0
2023-05-25T04:00,56.2,38.3,419.0,,,83.0
2023-05-25T05:00,72.2,49.4,385.0,24.5,32.0,110.0
2023-05-25T06:00,,,337.0,15.1,25.7,140.0
2023-05-25T07:00,,,306.0,10.6,21.8,154.0
2023-05-25T08:00,,,274.0,7.4,18.2,164.0
2023-05-25T09:00,80.3,53.3,248.0,6.4,15.9,170.0
2023-05-25T10:00,68.9,45.4,249.0,9.4,17.6,170.0
2023-05-25T11:00,62.4,40.2,261.0,14.9,21.2,167.0
2023-05-25T12:00,54.7,35.7,306.0,24.1,21.8,148.0
2023-05-25T13:00,54.6,35.5,340.0,29.8,22.4,142.0
2023-05-25T14:00,55.9,35.7,389.0,,23.3,134.0
2023-05-25T15:00,53.8,34.2,438.0,,24.4,118.0
2023-05-25T16:00,48.1,30.7,451.0,,25.1,99.0
2023-05-25T17:00,42.7,27.7,451.0,,25.8,77.0
2023-05-25T18:00,42.8,28.1,433.0,,26.1,59.0
2023-05-25T19:00,42.1,28.1,398.0,,25.5,65.0
2023-05-25T20:00,40.9,27.6,348.0,,24.3,81.0
2023-05-25T21:00,39.3,26.8,296.0,19.7,23.4,98.0
2023-05-25T22:00,38.3,26.1,280.0,15.5,23.5,99.0
2023-05-25T23:00,37.8,25.8,277.0,14.1,24.0,96.0
2023-05-26T00:00,39.2,26.8,289.0,17.3,27.0,88.0
2023-05-26T01:00,40.0,27.4,313.0,22.8,28.8,82.0
2023-05-26T02:00,40.7,27.9,348.0,30.5,31.4,74.0
2023-05-26T03:00,43.0,29.5,379.0,,,71.0
2023-05-26T04:00,48.7,33.4,378.0,,,80.0
2023-05-26T05:00,61.0,42.0,365.0,30.6,,95.0
2023-05-26T06:00,78.9,54.1,346.0,23.5,,118.0
2023-05-26T07:00,,,333.0,17.9,32.6,140.0
2023-05-26T08:00,,,320.0,11.8,26.1,164.0
2023-05-26T09:00,,,310.0,8.0,20.0,
2023-05-26T10:00,,,312.0,11.2,19.8,
2023-05-26T11:00,83.8,55.9,319.0,17.9,21.8,175.0
2023-05-26T12:00,65.0,43.3,342.0,22.8,,138.0
2023-05-26T13:00,62.6,41.8,354.0,23.7,,135.0
2023-05-26T14:00,60.8,40.5,372.0,25.0,,130.0
2023-05-26T15:00,63.3,42.4,390.0,26.0,,123.0
2023-05-26T16:00,68.5,46.0,396.0,25.7,,120.0
2023-05-26T17:00,72.6,48.7,399.0,24.9,,117.0
2023-05-26T18:00,68.9,45.8,392.0,23.5,,111.0
2023-05-26T19:00,61.9,40.9,373.0,22.3,,103.0
2023-05-26T20:00,57.4,37.8,346.0,20.9,,92.0
2023-05-26T21:00,57.0,37.7,321.0,19.9,29.9,79.0
2023-05-26T22:00,61.0,40.9,324.0,20.6,27.9,70.0
2023-05-26T23:00,61.2,41.6,338.0,22.0,26.8,62.0
2023-05-27T00:00,37.7,25.8,304.0,17.3,21.9,66.0
2023-05-27T01:00,36.6,25.0,303.0,16.5,21.8,68.0
2023-05-27T02:00,37.4,25.6,302.0,15.4,21.6,70.0
2023-05-27T03:00,39.8,27.2,298.0,13.8,22.2,80.0
2023-05-27T04:00,45.9,31.4,292.0,12.3,23.9,98.0
2023-05-27T05:00,57.2,39.2,284.0,10.6,26.3,122.0
2023-05-27T06:00,85.2,,277.0,9.3,29.4,147.0
2023-05-27T07:00,,,278.0,9.6,31.2,156.0
2023-05-27T08:00,,,281.0,10.6,,159.0
2023-05-27T09:00,,,289.0,13.0,,159.0
2023-05-27T10:00,,,297.0,15.7,,156.0
2023-05-27T11:00,80.1,53.3,307.0,19.1,,149.0
2023-05-27T12:00,71.0,48.0,318.0,22.5,,126.0
2023-05-27T13:00,61.5,41.6,333.0,25.1,,120.0
2023-05-27T14:00,56.2,37.8,355.0,28.7,,111.0
2023-05-27T15:00,54.5,36.7,379.0,,,101.0
2023-05-27T16:00,53.3,35.4,386.0,,,98.0
2023-05-27T17:00,52.3,34.5,387.0,,,97.0
2023-05-27T18:00,54.6,36.0,387.0,30.1,,94.0
2023-05-27T19:00,55.9,36.7,386.0,29.6,,89.0
2023-05-27T20:00,56.0,36.7,384.0,29.3,,84.0
2023-05-27T21:00,55.6,36.7,384.0,30.6,,73.0
2023-05-27T22:00,58.9,39.0,392.0,,,59.0
2023-05-27T23:00,64.3,43.1,404.0,,,41.0
2023-05-28T00:00,51.1,34.1,325.0,,27.8,39.0
2023-05-28T01:00,53.0,35.7,322.0,,27.5,46.0
2023-05-28T02:00,54.2,36.6,317.0,30.0,27.0,57.0
2023-05-28T03:00,56.1,37.8,309.0,25.9,26.9,76.0
2023-05-28T04:00,60.1,40.5,300.0,22.0,27.6,95.0
2023-05-28T05:00,63.1,42.5,288.0,17.6,28.7,118.0
2023-05-28T06:00,70.5,47.3,277.0,13.3,30.6,143.0
2023-05-28T07:00,82.4,54.6,275.0,12.2,32.5,155.0
2023-05-28T08:00,87.8,,276.0,12.2,,164.0
2023-05-28T09:00,79.6,51.1,279.0,13.4,,169.0
2023-05-28T10:00,69.6,44.1,282.0,15.4,,166.0
2023-05-28T11:00,64.3,40.6,286.0,18.2,,157.0
2023-05-28T12:00,73.3,46.6,324.0,23.6,,144.0
2023-05-28T13:00,69.6,44.0,324.0,22.7,,143.0
2023-05-28T14:00,67.3,42.3,323.0,21.4,,142.0
2023-05-28T15:00,65.0,41.1,321.0,19.6,,139.0
2023-05-28T16:00,63.8,40.9,316.0,18.4,,136.0
2023-05-28T17:00,61.9,39.9,309.0,17.1,31.9,133.0
2023-05-28T18:00,54.8,35.4,303.0,15.9,28.9,127.0
2023-05-28T19:00,55.6,36.1,301.0,15.2,27.8,121.0
2023-05-28T20:00,55.5,36.3,301.0,14.8,27.5,113.0
2023-05-28T21:00,57.3,37.8,305.0,15.8,27.8,99.0
2023-05-28T22:00,59.6,39.5,314.0,18.6,28.6,83.0
2023-05-28T23:00,62.9,41.2,327.0,22.5,29.9,64.0
2023-05-29T00:00,66.1,43.5,351.0,26.7,,47.0
2023-05-29T01:00,68.5,45.3,346.0,28.0,32.6,48.0
2023-05-29T02:00,68.0,45.3,339.0,29.7,31.6,49.0
2023-05-29T03:00,66.8,44.5,326.0,29.8,31.0,59.0
2023-05-29T04:00,65.4,43.3,312.0,26.2,31.6,79.0
2023-05-29T05:00,66.1,43.3,295.0,20.8,32.8,105.0
2023-05-29T06:00,68.9,44.7,277.0,14.9,,135.0
2023-05-29T07:00,71.2,45.6,272.0,13.3,,148.0
2023-05-29T08:00,67.5,42.5,272.0,13.0,,156.0
2023-05-29T09:00,67.5,42.1,272.0,13.4,,160.0
2023-05-29T10:00,63.1,39.1,270.0,14.3,,155.0
2023-05-29T11:00,58.3,35.6,267.0,15.7,,145.0
2023-05-29T12:00,52.7,32.8,279.0,17.3,,134.0
2023-05-29T13:00,49.4,30.0,265.0,15.6,31.8,129.0
2023-05-29T14:00,44.9,26.8,246.0,13.2,24.9,121.0
2023-05-29T15:00,41.8,24.8,225.0,10.6,17.7,112.0
2023-05-29T16:00,40.2,24.0,219.0,9.8,16.1,107.0
2023-05-29T17:00,39.6,23.8,218.0,9.5,16.3,102.0
2023-05-29T18:00,38.8,23.4,218.0,9.1,16.7,96.0
2023-05-29T19:00,38.5,23.4,217.0,8.4,15.8,93.0
2023-05-29T20:00,38.1,23.1,217.0,7.6,14.7,92.0
2023-05-29T21:00,39.0,23.6,219.0,7.4,14.3,87.0
2023-05-29T22:00,40.3,24.3,223.0,8.6,15.6,79.0
2023-05-29T23:00,42.3,25.3,229.0,10.6,17.8,69.0
2023-05-30T00:00,40.4,23.8,212.0,8.6,13.8,69.0
2023-05-30T01:00,40.3,23.9,210.0,8.9,16.4,67.0
2023-05-30T02:00,38.9,23.3,207.0,9.3,20.2,65.0
2023-05-30T03:00,38.4,23.4,205.0,9.4,24.6,69.0
2023-05-30T04:00,39.2,24.2,208.0,8.7,26.5,84.0
2023-05-30T05:00,42.4,26.5,213.0,7.5,27.7,105.0
2023-05-30T06:00,47.5,30.0,220.0,6.9,29.8,127.0
2023-05-30T07:00,52.7,33.3,224.0,7.9,32.6,132.0
2023-05-30T08:00,56.2,35.3,229.0,9.8,,132.0
2023-05-30T09:00,56.0,34.7,232.0,12.0,,127.0
2023-05-30T10:00,52.5,32.1,232.0,13.2,,119.0
2023-05-30T11:00,47.7,28.6,230.0,14.3,,108.0
2023-05-30T12:00,46.0,27.9,218.0,13.6,28.2,78.0
2023-05-30T13:00,41.6,24.9,217.0,14.2,27.9,76.0
2023-05-30T14:00,41.0,24.6,215.0,15.1,27.6,74.0
2023-05-30T15:00,41.4,25.1,220.0,16.7,28.5,71.0
2023-05-30T16:00,43.0,26.3,233.0,18.5,31.5,68.0
2023-05-30T17:00,44.7,27.6,252.0,20.8,,66.0
2023-05-30T18:00,47.1,29.5,273.0,22.8,,63.0
2023-05-30T19:00,49.4,31.2,280.0,22.9,,62.0
2023-05-30T20:00,50.3,31.9,284.0,22.4,,62.0
2023-05-30T21:00,50.4,32.1,287.0,21.3,,62.0
2023-05-30T22:00,50.5,32.4,290.0,20.7,,61.0
2023-05-30T23:00,51.3,32.9,292.0,20.0,32.1,60.0
2023-05-31T00:00,54.7,35.5,330.0,22.4,30.2,54.0
2023-05-31T01:00,56.1,36.3,337.0,24.2,32.0,54.0
2023-05-31T02:00,57.4,37.0,346.0,26.7,,55.0
2023-05-31T03:00,59.5,38.4,352.0,27.9,,63.0
2023-05-31T04:00,63.8,41.2,346.0,25.3,,77.0
2023-05-31T05:00,67.1,43.4,335.0,20.8,,96.0
2023-05-31T06:00,71.2,46.0,314.0,15.2,,121.0
2023-05-31T07:00,76.4,49.0,292.0,11.7,,138.0
2023-05-31T08:00,71.7,44.5,266.0,8.5,,154.0
2023-05-31T09:00,72.6,44.1,238.0,6.8,27.2,165.0
2023-05-31T10:00,67.8,40.5,227.0,8.9,25.2,159.0
2023-05-31T11:00,58.4,34.6,223.0,13.1,24.2,144.0
2023-05-31T12:00,69.6,41.7,246.0,19.6,28.4,129.0
2023-05-31T13:00,67.1,40.3,263.0,23.5,28.0,118.0
2023-05-31T14:00,63.3,38.2,287.0,29.0,27.4,103.0
2023-05-31T15:00,60.8,36.6,309.0,,26.0,86.0
2023-05-31T16:00,59.6,35.7,308.0,,24.2,82.0
2023-05-31T17:00,58.2,34.7,299.0,,21.9,81.0
2023-05-31T18:00,56.3,33.4,280.0,29.5,19.4,81.0
2023-05-31T19:00,52.3,30.9,258.0,23.8,17.8,79.0
2023-05-31T20:00,46.9,27.6,231.0,16.3,16.4,77.0
2023-05-31T21:00,41.6,24.7,208.0,9.9,17.4,73.0
2023-05-31T22:00,38.6,23.3,208.0,10.8,22.2,66.0
2023-05-31T23:00,41.2,25.6,219.0,14.6,29.2,57.0
2023-06-01T00:00,45.8,29.3,246.0,22.2,,46.0
2023-06-01T01:00,50.6,33.1,273.0,24.8,,48.0
2023-06-01T02:00,53.9,35.5,312.0,28.3,,51.0
2023-06-01T03:00,56.2,37.4,348.0,29.8,,64.0
2023-06-01T04:00,59.3,39.6,349.0,25.5,,88.0
2023-06-01T05:00,64.0,43.0,338.0,18.3,,121.0
2023-06-01T06:00,70.5,47.3,317.0,10.4,30.9,156.0
2023-06-01T07:00,75.9,50.4,299.0,7.4,26.7,168.0
2023-06-01T08:00,79.2,51.6,277.0,5.8,22.4,173.0
2023-06-01T09:00,75.0,47.5,260.0,6.4,18.8,175.0
2023-06-01T10:00,73.3,45.1,264.0,9.8,19.2,175.0
2023-06-01T11:00,69.4,41.6,277.0,15.2,21.3,171.0
2023-06-01T12:00,57.9,35.3,289.0,20.6,20.5,150.0
2023-06-01T13:00,53.8,32.7,313.0,26.8,20.7,137.0
2023-06-01T14:00,51.7,31.9,348.0,,21.1,118.0
2023-06-01T15:00,47.0,29.5,389.0,,21.5,94.0
2023-06-01T16:00,44.1,28.2,412.0,,21.8,76.0
2023-06-01T17:00,42.8,27.8,431.0,,22.1,58.0
2023-06-01T18:00,44.2,29.2,432.0,,21.9,47.0
2023-06-01T19:00,46.8,31.3,398.0,,20.6,60.0
2023-06-01T20:00,49.6,33.6,343.0,27.0,18.7,84.0
2023-06-01T21:00,43.5,29.3,287.0,10.1,17.4,107.0
2023-06-01T22:00,39.9,26.9,274.0,6.9,18.2,107.0
2023-06-01T23:00,39.0,26.3,275.0,8.3,20.0,100.0
2023-06-02T00:00,45.8,31.0,307.0,14.4,21.9,93.0
2023-06-02T01:00,46.8,31.5,327.0,19.6,25.0,88.0
2023-06-02T02:00,46.2,31.1,355.0,27.0,29.5,81.0
2023-06-02T03:00,47.5,32.1,385.0,,,79.0
2023-06-02T04:00,54.0,36.8,394.0,,,87.0
2023-06-02T05:00,67.8,46.3,396.0,,,100.0
2023-06-02T06:00,85.7,,389.0,28.5,,120.0
2023-06-02T07:00,,,372.0,22.9,,138.0
2023-06-02T08:00,,,348.0,15.7,,157.0
2023-06-02T09:00,,,324.0,10.0,23.2,174.0
2023-06-02T10:00,82.7,53.9,318.0,11.9,21.4,174.0
2023-06-02T11:00,72.4,46.6,319.0,17.1,22.0,167.0
2023-06-02T12:00,84.8,54.9,334.0,25.6,20.4,143.0
2023-06-02T13:00,79.2,50.9,358.0,30.6,22.2,138.0
2023-06-02T14:00,77.3,48.7,391.0,,24.8,131.0
2023-06-02T15:00,73.3,46.1,422.0,,26.7,119.0
2023-06-02T16:00,67.8,42.4,421.0,,25.5,109.0
2023-06-02T17:00,61.2,38.9,407.0,,23.1,97.0
2023-06-02T18:00,56.8,36.6,388.0,,20.2,83.0
2023-06-02T19:00,59.0,38.1,379.0,,19.0,74.0
2023-06-02T20:00,60.5,39.3,371.0,30.2,18.1,67.0
2023-06-02T21:00,63.3,41.2,358.0,26.1,18.2,59.0
2023-06-02T22:00,65.4,42.5,340.0,24.3,19.7,55.0
2023-06-02T23:00,63.1,41.2,319.0,23.3,22.1,52.0
2023-06-03T00:00,56.7,37.4,298.0,24.8,26.5,46.0
2023-06-03T01:00,56.7,37.6,328.0,28.4,28.8,46.0
2023-06-03T02:00,58.6,39.2,370.0,,32.1,46.0
2023-06-03T03:00,62.4,42.1,408.0,,,56.0
2023-06-03T04:00,68.9,46.7,407.0,,,76.0
2023-06-03T05:00,78.5,53.3,391.0,26.6,31.2,104.0
2023-06-03T06:00,,,365.0,18.3,27.3,138.0
2023-06-03T07:00,,,344.0,13.5,23.8,156.0
2023-06-03T08:00,,,320.0,9.2,19.9,172.0
2023-06-03T09:00,,,298.0,7.1,16.6,
2023-06-03T10:00,,,292.0,9.9,17.2,
2023-06-03T11:00,70.3,44.5,294.0,15.4,19.4,174.0
2023-06-03T12:00,76.6,47.7,351.0,,22.8,153.0
2023-06-03T13:00,75.0,46.1,382.0,,23.1,144.0
2023-06-03T14:00,73.6,45.2,426.0,,23.5,132.0
2023-06-03T15:00,68.0,42.7,456.0,,23.3,114.0
2023-06-03T16:00,60.8,38.5,434.0,,21.8,101.0
2023-06-03T17:00,52.0,33.1,388.0,,19.6,88.0
2023-06-03T18:00,46.7,29.3,329.0,30.7,18.1,72.0
2023-06-03T19:00,43.3,26.8,296.0,29.3,19.4,61.0
2023-06-03T20:00,40.0,24.9,267.0,29.7,22.0,50.0
2023-06-03T21:00,42.8,27.4,245.0,29.4,24.7,43.0
2023-06-03T22:00,48.1,31.4,249.0,26.1,24.7,47.0
2023-06-03T23:00,52.7,35.0,267.0,21.7,23.9,56.0
2023-06-04T00:00,35.6,23.1,222.0,24.1,28.5,40.0
2023-06-04T01:00,44.1,29.2,268.0,28.0,30.7,43.0
2023-06-04T02:00,51.8,34.9,333.0,,,48.0
2023-06-04T03:00,55.2,37.4,394.0,,,60.0
2023-06-04T04:00,59.3,40.3,393.0,,,76.0
2023-06-04T05:00,73.1,49.9,369.0,29.2,,95.0
2023-06-04T06:00,,,340.0,21.9,,122.0
2023-06-04T07:00,,,332.0,16.8,31.2,143.0
2023-06-04T08:00,,,328.0,11.7,25.9,164.0
2023-06-04T09:00,,,327.0,8.6,20.7,
2023-06-04T10:00,,,324.0,10.3,20.0,
2023-06-04T11:00,,,323.0,14.6,20.9,
2023-06-04T12:00,,,301.0,18.3,18.8,152.0
2023-06-04T13:00,87.5,,418.0,23.9,22.6,145.0
2023-06-04T14:00,85.7,56.3,,,27.9,135.0
2023-06-04T15:00,82.0,53.3,,,32.2,122.0
2023-06-04T16:00,75.2,48.1,,,30.3,116.0
2023-06-04T17:00,59.8,37.5,,,25.9,110.0
2023-06-04T18:00,55.6,35.0,,,21.6,100.0
2023-06-04T19:00,53.9,34.0,471.0,,21.5,86.0
2023-06-04T20:00,57.0,36.6,404.0,,22.8,69.0
2023-06-04T21:00,62.6,40.9,336.0,,25.5,50.0
2023-06-04T22:00,65.0,43.0,310.0,,28.1,40.0
2023-06-04T23:00,64.5,43.0,301.0,,31.4,31.0
2023-06-05T00:00,67.3,44.7,358.0,,29.4,24.0
2023-06-05T01:00,65.4,43.8,388.0,,32.1,25.0
2023-06-05T02:00,65.2,44.0,429.0,,,27.0
2023-06-05T03:00,66.4,45.1,460.0,,,38.0
2023-06-05T04:00,69.2,46.9,442.0,,,57.0
2023-06-05T05:00,81.7,55.4,402.0,,32.7,83.0
2023-06-05T06:00,,,352.0,22.5,27.7,116.0
2023-06-05T07:00,,,325.0,16.1,24.7,140.0
2023-06-05T08:00,,,300.0,10.4,21.9,163.0
2023-06-05T09:00,,,287.0,8.6,20.8,
2023-06-05T10:00,86.1,55.9,302.0,14.9,23.7,
2023-06-05T11:00,77.1,50.5,332.0,25.8,28.7,175.0
2023-06-05T12:00,69.8,45.6,321.0,25.3,22.9,152.0
2023-06-05T13:00,58.3,37.6,351.0,,24.3,134.0
2023-06-05T14:00,53.4,34.2,393.0,,26.4,109.0
2023-06-05T15:00,54.8,35.6,427.0,,27.8,82.0
2023-06-05T16:00,54.7,36.0,418.0,,26.8,75.0
2023-06-05T17:00,52.3,34.3,390.0,,24.7,74.0
2023-06-05T18:00,50.9,33.5,348.0,,22.0,76.0
2023-06-05T19:00,51.3,33.9,314.0,27.8,20.4,80.0
2023-06-05T20:00,46.6,31.0,276.0,19.8,18.8,85.0
2023-06-05T21:00,46.3,31.0,241.0,12.1,17.7,89.0
2023-06-05T22:00,48.2,32.4,237.0,10.2,18.0,86.0
2023-06-05T23:00,49.7,33.5,245.0,10.6,19.0,79.0
2023-06-06T00:00,49.6,33.6,270.0,14.4,23.8,68.0
2023-06-06T01:00,44.8,30.5,291.0,18.9,24.8,62.0
2023-06-06T02:00,40.9,27.7,321.0,25.2,26.1,54.0
2023-06-06T03:00,38.8,26.1,343.0,30.4,27.6,50.0
2023-06-06T04:00,39.2,26.1,328.0,29.0,28.4,57.0
2023-06-06T05:00,48.0,31.8,297.0,24.9,29.0,69.0
2023-06-06T06:00,69.2,46.1,262.0,19.2,28.5,89.0
2023-06-06T07:00,,,252.0,15.3,26.2,107.0
2023-06-06T08:00,,,247.0,11.2,22.9,128.0
2023-06-06T09:00,,,246.0,8.5,19.4,148.0
2023-06-06T10:00,,,241.0,8.8,18.1,153.0
2023-06-06T11:00,86.6,55.8,237.0,10.9,17.5,153.0
2023-06-06T12:00,76.4,49.0,274.0,21.1,,136.0
2023-06-06T13:00,65.2,41.1,297.0,23.7,,132.0
2023-06-06T14:00,60.8,38.1,329.0,27.4,,125.0
2023-06-06T15:00,59.6,37.7,356.0,30.2,,115.0
2023-06-06T16:00,57.3,36.7,350.0,28.8,,106.0
2023-06-06T17:00,53.1,34.3,330.0,25.7,28.8,96.0
2023-06-06T18:00,51.9,33.8,301.0,22.1,21.9,84.0
2023-06-06T19:00,52.0,34.0,283.0,21.3,21.0,77.0
2023-06-06T20:00,49.6,32.6,266.0,21.2,22.1,71.0
2023-06-06T21:00,44.5,29.4,246.0,21.0,23.9,65.0
2023-06-06T22:00,41.6,27.4,235.0,20.2,24.7,63.0
2023-06-06T23:00,40.7,26.8,228.0,19.2,25.5,63.0
2023-06-07T00:00,41.7,27.5,232.0,20.5,29.4,58.0
2023-06-07T01:00,42.3,27.6,227.0,19.9,26.4,61.0
2023-06-07T02:00,43.4,28.2,220.0,19.2,22.3,65.0
2023-06-07T03:00,48.2,31.1,225.0,19.4,22.4,70.0
2023-06-07T04:00,51.6,33.1,248.0,21.0,30.3,71.0
2023-06-07T05:00,52.7,34.3,282.0,23.6,,70.0
2023-06-07T06:00,57.2,37.8,330.0,28.1,,71.0
2023-06-07T07:00,65.0,43.2,371.0,,,76.0
2023-06-07T08:00,68.0,45.2,415.0,,,84.0
2023-06-07T09:00,70.5,46.7,445.0,,,90.0
2023-06-07T10:00,69.6,45.9,423.0,,,89.0
2023-06-07T11:00,64.5,42.1,378.0,,,85.0
2023-06-07T12:00,79.9,53.3,358.0,,,97.0
2023-06-07T13:00,69.6,46.1,351.0,,,96.0
2023-06-07T14:00,64.5,42.8,341.0,,,94.0
2023-06-07T15:00,61.9,41.1,327.0,27.7,30.6,91.0
2023-06-07T16:00,59.8,39.7,320.0,24.8,25.1,89.0
2023-06-07T17:00,58.4,38.4,315.0,22.4,21.7,86.0
2023-06-07T18:00,55.3,36.4,298.0,19.4,18.6,83.0
2023-06-07T19:00,49.7,33.1,270.0,16.7,17.0,82.0
2023-06-07T20:00,42.4,28.1,233.0,14.1,16.2,83.0
2023-06-07T21:00,37.8,25.0,197.0,11.9,16.4,80.0
2023-06-07T22:00,34.9,23.2,190.0,12.2,17.7,73.0
2023-06-07T23:00,32.6,21.8,194.0,13.6,19.9,64.0
2023-06-08T00:00,26.8,18.0,194.0,14.9,19.7,51.0
2023-06-08T01:00,25.0,16.9,190.0,14.5,20.2,49.0
2023-06-08T02:00,25.4,17.3,184.0,13.9,21.1,46.0
2023-06-08T03:00,25.4,17.3,179.0,13.2,23.3,48.0
2023-06-08T04:00,29.6,20.3,178.0,12.7,26.6,56.0
2023-06-08T05:00,38.1,26.1,179.0,12.2,30.9,69.0
2023-06-08T06:00,60.3,41.7,187.0,11.9,,86.0
2023-06-08T07:00,,,200.0,12.0,,98.0
2023-06-08T08:00,,,218.0,12.3,,110.0
2023-06-08T09:00,,,240.0,13.8,,121.0
2023-06-08T10:00,82.7,54.5,253.0,16.7,,122.0
2023-06-08T11:00,67.3,43.2,265.0,20.5,,118.0
2023-06-08T12:00,48.7,30.5,267.0,25.3,,111.0
2023-06-08T13:00,50.3,31.0,270.0,25.9,,106.0
2023-06-08T14:00,49.2,30.5,274.0,26.8,,99.0
2023-06-08T15:00,47.0,29.5,277.0,27.0,,89.0
2023-06-08T16:00,42.0,26.8,273.0,25.4,31.7,82.0
2023-06-08T17:00,37.5,24.3,266.0,23.0,26.2,76.0
2023-06-08T18:00,34.5,22.3,260.0,21.0,20.8,67.0
2023-06-08T19:00,33.6,21.8,262.0,21.7,19.8,60.0
2023-06-08T20:00,35.0,22.9,266.0,23.6,20.5,52.0
2023-06-08T21:00,35.7,23.6,268.0,25.2,21.5,44.0
2023-06-08T22:00,33.5,22.4,263.0,25.0,21.5,39.0
2023-06-08T23:00,29.3,19.7,254.0,24.1,21.3,34.0
2023-06-09T00:00,24.9,17.1,246.0,22.0,22.7,34.0
2023-06-09T01:00,22.0,15.1,237.0,20.5,22.7,36.0
2023-06-09T02:00,23.0,15.8,224.0,18.4,22.6,38.0
2023-06-09T03:00,25.3,17.4,212.0,15.7,23.6,47.0
2023-06-09T04:00,29.2,20.1,211.0,14.2,25.7,61.0
2023-06-09T05:00,44.1,30.4,213.0,12.8,28.7,80.0
2023-06-09T06:00,73.1,50.5,220.0,11.7,32.3,103.0
2023-06-09T07:00,,,227.0,11.3,,118.0
2023-06-09T08:00,,,236.0,11.4,,133.0
2023-06-09T09:00,80.8,53.0,248.0,13.3,,144.0
2023-06-09T10:00,70.1,44.9,258.0,17.4,,142.0
2023-06-09T11:00,66.4,41.4,268.0,23.0,,133.0
2023-06-09T12:00,66.4,41.9,266.0,25.3,,115.0
2023-06-09T13:00,61.9,38.8,270.0,26.8,,105.0
2023-06-09T14:00,57.0,36.3,275.0,28.9,,90.0
2023-06-09T15:00,47.7,31.4,270.0,28.9,,76.0
2023-06-09T16:00,37.4,25.1,246.0,24.1,27.1,77.0
2023-06-09T17:00,32.4,21.8,211.0,16.8,17.2,83.0
2023-06-09T18:00,27.1,18.3,177.0,10.0,8.4,87.0
2023-06-09T19:00,25.5,17.3,175.0,10.2,8.8,82.0
2023-06-09T20:00,26.2,17.7,184.0,12.9,12.8,74.0
2023-06-09T21:00,27.8,18.8,198.0,16.1,17.4,63.0
2023-06-09T22:00,28.9,19.6,205.0,16.6,17.7,57.0
2023-06-09T23:00,29.4,20.0,212.0,16.5,16.9,51.0
2023-06-10T00:00,27.0,18.4,229.0,19.6,23.7,39.0
2023-06-10T01:00,26.7,18.2,226.0,17.6,21.7,39.0
2023-06-10T02:00,25.8,17.7,221.0,14.9,18.9,39.0
2023-06-10T03:00,24.3,16.6,218.0,12.2,18.2,45.0
2023-06-10T04:00,27.2,18.7,222.0,12.0,22.6,57.0
2023-06-10T05:00,37.7,25.9,228.0,12.7,29.6,73.0
2023-06-10T06:00,62.2,42.8,237.0,13.6,,94.0
2023-06-10T07:00,,,242.0,13.5,,109.0
2023-06-10T08:00,,,247.0,13.1,,123.0
2023-06-10T09:00,79.4,52.5,251.0,13.5,,134.0
2023-06-10T10:00,66.6,43.0,250.0,15.2,,132.0
2023-06-10T11:00,60.8,38.0,248.0,17.5,,124.0
2023-06-10T12:00,42.5,26.9,283.0,,,93.0
2023-06-10T13:00,42.4,26.4,285.0,,,91.0
2023-06-10T14:00,45.6,28.3,288.0,30.9,,87.0
2023-06-10T15:00,40.0,24.9,290.0,30.2,31.8,81.0
2023-06-10T16:00,33.9,22.2,289.0,29.5,28.8,74.0
2023-06-10T17:00,32.6,21.6,287.0,28.8,27.7,66.0
2023-06-10T18:00,32.8,21.8,287.0,29.0,28.0,55.0
2023-06-10T19:00,32.2,21.7,292.0,31.0,29.9,47.0
2023-06-10T20:00,31.7,21.5,300.0,,,38.0
2023-06-10T21:00,30.9,21.1,303.0,,,28.0
2023-06-10T22:00,29.2,20.1,297.0,,,22.0
2023-06-10T23:00,24.9,17.1,286.0,,,16.0
2023-06-11T00:00,41.2,28.4,439.0,,,4.0
2023-06-11T01:00,36.4,25.2,399.0,,,12.0
2023-06-11T02:00,32.5,22.4,341.0,,,25.0
2023-06-11T03:00,29.7,20.4,272.0,17.8,25.5,44.0
2023-06-11T04:00,30.4,20.7,234.0,11.0,19.0,62.0
2023-06-11T05:00,38.1,25.8,202.0,6.1,13.8,83.0
2023-06-11T06:00,54.8,37.4,181.0,4.8,15.7,103.0
2023-06-11T07:00,87.3,,196.0,10.9,31.7,105.0
2023-06-11T08:00,,,230.0,21.3,,101.0
2023-06-11T09:00,,,260.0,30.9,,97.0
2023-06-11T10:00,75.9,49.9,250.0,29.9,,100.0
2023-06-11T11:00,62.6,39.9,225.0,25.1,,105.0
2023-06-11T12:00,36.3,23.4,195.0,23.6,,87.0
2023-06-11T13:00,34.8,21.1,216.0,24.7,,86.0
2023-06-11T14:00,34.3,20.2,247.0,26.2,,85.0
2023-06-11T15:00,37.5,22.7,274.0,27.2,,80.0
2023-06-11T16:00,37.7,23.8,269.0,25.8,30.5,72.0
2023-06-11T17:00,34.6,22.9,251.0,23.4,26.4,60.0
2023-06-11T18:00,31.9,21.4,239.0,22.2,23.4,47.0
2023-06-11T19:00,31.0,20.7,254.0,24.5,25.3,41.0
2023-06-11T20:00,33.6,22.5,279.0,28.5,29.4,36.0
2023-06-11T21:00,37.8,25.3,311.0,,,30.0
2023-06-11T22:00,41.3,27.8,331.0,,,23.0
2023-06-11T23:00,42.1,28.4,349.0,,,16.0
2023-06-12T00:00,31.5,21.4,287.0,,29.2,16.0
2023-06-12T01:00,28.9,19.6,274.0,29.5,25.5,23.0
2023-06-12T02:00,28.2,18.9,254.0,21.1,20.5,33.0
2023-06-12T03:00,28.2,18.6,235.0,12.8,18.0,48.0
2023-06-12T04:00,32.7,21.2,231.0,11.4,22.2,61.0
2023-06-12T05:00,45.8,29.6,232.0,12.4,29.9,76.0
2023-06-12T06:00,66.8,43.7,237.0,16.0,,92.0
2023-06-12T07:00,82.9,53.8,246.0,21.3,,97.0
2023-06-12T08:00,86.8,55.4,259.0,28.4,,98.0
2023-06-12T09:00,82.9,52.0,266.0,,,99.0
2023-06-12T10:00,74.0,45.6,254.0,,,103.0
2023-06-12T11:00,63.1,37.8,232.0,27.3,,107.0
2023-06-12T12:00,51.3,30.7,229.0,29.5,,96.0
2023-06-12T13:00,48.2,28.3,227.0,26.2,,95.0
2023-06-12T14:00,45.8,26.1,225.0,21.4,29.4,93.0
2023-06-12T15:00,38.3,21.8,217.0,16.1,17.3,89.0
2023-06-12T16:00,27.9,17.8,203.0,14.1,13.6,83.0
2023-06-12T17:00,22.6,14.3,184.0,13.0,12.4,74.0
2023-06-12T18:00,21.7,13.5,167.0,12.6,12.3,64.0
2023-06-12T19:00,20.3,12.8,168.0,13.2,13.0,59.0
2023-06-12T20:00,19.3,12.3,176.0,14.4,14.7,55.0
2023-06-12T21:00,19.1,12.3,188.0,15.9,16.6,49.0
2023-06-12T22:00,19.7,12.7,194.0,16.6,17.0,43.0
2023-06-12T23:00,20.3,13.0,201.0,17.1,17.1,36.0
2023-06-13T00:00,22.6,14.6,208.0,19.8,22.8,31.0
2023-06-13T01:00,24.6,15.9,212.0,17.6,21.4,34.0
2023-06-13T02:00,26.6,17.3,218.0,14.6,19.6,39.0
2023-06-13T03:00,29.0,18.9,226.0,12.1,20.5,48.0
2023-06-13T04:00,34.6,22.4,231.0,12.2,25.0,60.0
2023-06-13T05:00,45.4,29.3,235.0,13.4,32.0,76.0
2023-06-13T06:00,65.7,43.1,244.0,17.6,,91.0
2023-06-13T07:00,84.8,55.5,259.0,25.0,,93.0
2023-06-13T08:00,,,278.0,,,91.0
2023-06-13T09:00,,,290.0,,,90.0
2023-06-13T10:00,83.6,53.0,279.0,,,95.0
2023-06-13T11:00,70.8,43.4,258.0,,,103.0
2023-06-13T12:00,58.7,36.0,225.0,20.4,19.4,114.0
2023-06-13T13:00,50.1,29.4,250.0,24.8,19.7,107.0
2023-06-13T14:00,52.5,30.2,286.0,,20.2,98.0
2023-06-13T15:00,52.4,29.8,321.0,,20.9,84.0
2023-06-13T16:00,39.1,23.2,326.0,,21.7,72.0
2023-06-13T17:00,34.8,22.0,321.0,,22.5,59.0
2023-06-13T18:00,35.2,22.2,305.0,,23.1,46.0
2023-06-13T19:00,33.4,21.2,283.0,,22.6,44.0
2023-06-13T20:00,28.1,17.7,254.0,27.2,21.6,46.0
2023-06-13T21:00,25.1,15.7,226.0,20.4,20.6,47.0
2023-06-13T22:00,24.6,15.5,219.0,18.2,20.5,44.0
2023-06-13T23:00,24.5,15.7,220.0,17.5,20.6,40.0
2023-06-14T00:00,30.5,20.0,293.0,28.2,26.5,25.0
2023-06-14T01:00,28.6,18.7,309.0,29.9,27.3,24.0
2023-06-14T02:00,29.9,19.7,332.0,,28.4,23.0
2023-06-14T03:00,31.4,19.9,346.0,,29.6,27.0
2023-06-14T04:00,38.2,23.5,328.0,,30.1,36.0
2023-06-14T05:00,48.3,29.2,295.0,27.7,30.5,49.0
2023-06-14T06:00,70.8,44.2,257.0,22.5,29.4,69.0
2023-06-14T07:00,,,241.0,18.2,26.4,87.0
2023-06-14T08:00,,,231.0,13.5,22.1,108.0
2023-06-14T09:00,,,223.0,10.4,17.6,127.0
2023-06-14T10:00,80.8,49.5,220.0,12.3,16.4,129.0
2023-06-14T11:00,66.8,39.1,220.0,16.6,16.3,124.0
2023-06-14T12:00,76.1,46.4,234.0,21.2,18.9,105.0
2023-06-14T13:00,62.6,37.4,269.0,25.2,18.6,101.0
2023-06-14T14:00,53.3,31.1,320.0,30.9,18.2,94.0
2023-06-14T15:00,51.9,30.2,371.0,,18.0,86.0
2023-06-14T16:00,51.6,30.0,383.0,,18.5,82.0
2023-06-14T17:00,51.0,29.7,382.0,,19.2,78.0
2023-06-14T18:00,49.0,28.5,368.0,,20.3,71.0
2023-06-14T19:00,46.9,27.5,348.0,,21.1,62.0
2023-06-14T20:00,44.2,27.0,320.0,,22.0,50.0
2023-06-14T21:00,39.9,25.4,287.0,29.7,22.4,38.0
2023-06-14T22:00,34.5,22.4,269.0,26.2,21.4,33.0
2023-06-14T23:00,30.9,20.3,255.0,22.8,19.7,30.0
2023-06-15T00:00,33.8,22.2,278.0,24.7,19.3,26.0
2023-06-15T01:00,29.7,19.6,295.0,26.8,21.1,25.0
2023-06-15T02:00,29.3,19.2,318.0,29.8,23.5,25.0
2023-06-15T03:00,31.9,20.1,327.0,,26.1,28.0
2023-06-15T04:00,34.7,20.7,296.0,28.3,26.9,36.0
2023-06-15T05:00,42.1,25.3,245.0,23.2,27.2,47.0
2023-06-15T06:00,57.5,36.0,192.0,17.2,26.1,63.0
2023-06-15T07:00,88.0,,181.0,14.2,23.3,75.0
2023-06-15T08:00,,,183.0,11.9,19.4,87.0
2023-06-15T09:00,,,193.0,11.3,15.7,100.0
2023-06-15T10:00,,,203.0,13.9,15.6,104.0
2023-06-15T11:00,79.6,49.2,216.0,18.5,16.9,105.0
2023-06-15T12:00,65.4,41.0,236.0,23.6,21.3,96.0
2023-06-15T13:00,55.6,34.3,261.0,27.1,20.4,91.0
2023-06-15T14:00,47.4,28.7,297.0,,19.2,85.0
2023-06-15T15:00,41.4,24.2,326.0,,18.0,78.0
2023-06-15T16:00,41.0,23.3,318.0,,18.0,76.0
2023-06-15T17:00,40.6,22.9,294.0,,18.4,75.0
2023-06-15T18:00,39.5,22.2,262.0,29.5,19.1,74.0
2023-06-15T19:00,36.3,20.4,241.0,25.0,19.3,73.0
2023-06-15T20:00,34.3,19.4,220.0,19.6,19.4,72.0
2023-06-15T21:00,34.2,20.0,207.0,18.1,20.6,65.0
2023-06-15T22:00,35.5,21.5,218.0,26.6,23.2,50.0
2023-06-15T23:00,36.3,22.8,240.0,,26.6,30.0
2023-06-16T00:00,34.6,21.1,232.0,,31.7,26.0
2023-06-16T01:00,35.3,22.2,270.0,,32.5,25.0
2023-06-16T02:00,37.3,24.2,323.0,,,24.0
2023-06-16T03:00,36.9,24.0,364.0,,,28.0
2023-06-16T04:00,37.8,24.2,345.0,,,38.0
2023-06-16T05:00,48.5,31.2,301.0,29.5,,53.0
2023-06-16T06:00,70.8,46.3,251.0,22.1,32.8,74.0
2023-06-16T07:00,,,238.0,17.7,28.9,92.0
2023-06-16T08:00,,,234.0,13.7,23.6,111.0
2023-06-16T09:00,,,231.0,10.9,18.1,129.0
2023-06-16T10:00,,,222.0,11.5,16.8,131.0
2023-06-16T11:00,84.3,53.9,213.0,13.8,16.9,127.0
2023-06-16T12:00,65.9,43.5,246.0,21.4,19.4,113.0
2023-06-16T13:00,51.8,34.1,293.0,27.9,20.7,106.0
2023-06-16T14:00,45.1,29.3,359.0,,22.5,95.0
2023-06-16T15:00,45.2,29.0,411.0,,24.2,84.0
2023-06-16T16:00,45.5,28.6,390.0,,24.0,83.0
2023-06-16T17:00,42.1,26.0,339.0,,23.1,84.0
2023-06-16T18:00,37.6,23.0,278.0,,22.5,84.0
2023-06-16T19:00,35.7,22.0,260.0,,23.4,79.0
2023-06-16T20:00,37.0,23.2,251.0,29.1,25.0,71.0
2023-06-16T21:00,38.0,24.4,240.0,25.3,26.0,60.0
2023-06-16T22:00,35.3,23.1,224.0,22.5,24.8,52.0
2023-06-16T23:00,30.3,19.8,207.0,19.7,22.8,44.0
2023-06-17T00:00,30.7,20.2,242.0,25.4,24.8,32.0
2023-06-17T01:00,25.3,16.1,243.0,25.1,24.5,30.0
2023-06-17T02:00,23.9,14.8,245.0,24.6,24.2,28.0
2023-06-17T03:00,25.5,15.0,242.0,23.8,24.3,27.0
2023-06-17T04:00,30.5,17.6,233.0,23.2,25.7,30.0
2023-06-17T05:00,40.6,24.3,220.0,22.6,27.6,36.0
2023-06-17T06:00,62.9,39.7,205.0,21.2,28.4,45.0
2023-06-17T07:00,,,197.0,18.8,25.7,55.0
2023-06-17T08:00,,,190.0,15.8,21.5,66.0
2023-06-17T09:00,75.9,48.4,191.0,13.9,17.8,78.0
2023-06-17T10:00,57.7,35.0,205.0,16.0,19.0,81.0
2023-06-17T11:00,54.2,32.1,227.0,20.0,22.1,82.0
2023-06-17T12:00,48.5,28.4,261.0,30.0,24.9,52.0
2023-06-17T13:00,48.1,28.1,266.0,,24.6,50.0
2023-06-17T14:00,44.6,26.5,272.0,,24.1,47.0
2023-06-17T15:00,40.3,24.4,275.0,,24.3,43.0
2023-06-17T16:00,38.5,23.7,269.0,,25.3,42.0
2023-06-17T17:00,39.2,24.4,259.0,,26.8,42.0
2023-06-17T18:00,41.4,25.8,245.0,,29.6,41.0
2023-06-17T19:00,43.4,27.0,236.0,30.5,,39.0
2023-06-17T20:00,43.8,27.0,227.0,30.3,,35.0
2023-06-17T21:00,43.3,26.8,218.0,29.5,,33.0
2023-06-17T22:00,43.2,27.0,214.0,27.5,,34.0
2023-06-17T23:00,43.1,26.7,211.0,24.9,,37.0
2023-06-18T00:00,42.5,27.2,233.0,25.9,30.0,30.0
2023-06-18T01:00,41.1,26.4,246.0,27.9,31.1,28.0
2023-06-18T02:00,40.9,26.4,264.0,30.7,32.7,25.0
2023-06-18T03:00,43.5,27.1,276.0,,,26.0
2023-06-18T04:00,45.3,27.6,262.0,28.4,,35.0
2023-06-18T05:00,50.9,31.0,236.0,22.7,,47.0
2023-06-18T06:00,59.6,36.3,217.0,17.3,32.7,63.0
2023-06-18T07:00,71.5,42.1,231.0,17.1,,73.0
2023-06-18T08:00,68.7,41.6,258.0,18.8,,82.0
2023-06-18T09:00,69.4,42.8,290.0,23.0,,86.0
2023-06-18T10:00,63.3,39.5,299.0,28.0,,77.0
2023-06-18T11:00,54.1,34.1,303.0,,,62.0
2023-06-18T12:00,52.0,32.8,279.0,,26.7,71.0
2023-06-18T13:00,47.6,30.7,291.0,,27.4,60.0
2023-06-18T14:00,44.2,28.9,308.0,,28.3,45.0
2023-06-18T15:00,41.8,27.3,321.0,,28.7,29.0
2023-06-18T16:00,39.1,25.5,317.0,,27.6,26.0
2023-06-18T17:00,37.3,24.2,304.0,,25.7,27.0
2023-06-18T18:00,36.7,23.6,283.0,,23.3,32.0
2023-06-18T19:00,35.6,22.6,262.0,28.8,21.8,37.0
2023-06-18T20:00,38.4,23.6,237.0,22.0,20.3,44.0
2023-06-18T21:00,42.6,26.0,212.0,15.2,19.1,51.0
2023-06-18T22:00,43.5,26.8,202.0,12.6,19.0,52.0
2023-06-18T23:00,41.0,25.5,198.0,11.5,19.4,51.0
2023-06-19T00:00,26.8,17.8,192.0,10.6,14.2,53.0
2023-06-19T01:00,27.5,18.2,215.0,15.4,13.9,48.0
2023-06-19T02:00,29.0,19.3,247.0,22.1,13.5,41.0
2023-06-19T03:00,29.5,19.7,280.0,28.6,14.1,34.0
2023-06-19T04:00,30.4,20.2,284.0,28.6,16.2,34.0
2023-06-19T05:00,31.4,20.8,279.0,26.4,19.2,38.0
2023-06-19T06:00,36.1,23.6,279.0,24.4,23.2,42.0
2023-06-19T07:00,43.2,28.3,294.0,25.2,26.0,46.0
2023-06-19T08:00,47.3,30.9,316.0,27.0,28.9,50.0
2023-06-19T09:00,47.5,30.9,345.0,30.8,31.5,50.0
2023-06-19T10:00,44.1,28.5,366.0,,32.4,42.0
2023-06-19T11:00,40.0,25.8,388.0,,32.6,30.0
2023-06-19T12:00,61.2,37.7,375.0,,,39.0
2023-06-19T13:00,49.5,31.1,346.0,,28.4,41.0
2023-06-19T14:00,45.1,28.0,305.0,,20.3,45.0
2023-06-19T15:00,43.1,26.2,257.0,30.7,12.2,50.0
2023-06-19T16:00,39.6,23.5,238.0,27.6,11.2,55.0
2023-06-19T17:00,37.1,22.2,226.0,25.0,12.7,60.0
2023-06-19T18:00,32.6,20.1,212.0,21.2,14.7,65.0
2023-06-19T19:00,31.5,20.0,199.0,17.4,14.9,68.0
2023-06-19T20:00,30.6,19.9,187.0,13.2,14.8,70.0
2023-06-19T21:00,29.0,19.3,178.0,9.4,14.9,70.0
2023-06-19T22:00,28.3,19.0,178.0,8.4,15.0,68.0
2023-06-19T23:00,28.2,19.2,182.0,8.5,15.3,65.0
2023-06-20T00:00,25.6,17.3,169.0,7.8,12.3,75.0
2023-06-20T01:00,25.4,17.5,197.0,13.4,14.3,68.0
2023-06-20T02:00,25.8,18.2,238.0,21.4,17.2,57.0
2023-06-20T03:00,28.2,19.8,278.0,28.6,21.5,49.0
2023-06-20T04:00,31.3,21.8,283.0,27.9,25.1,52.0
2023-06-20T05:00,36.3,24.9,276.0,24.3,29.0,59.0
2023-06-20T06:00,43.4,29.0,268.0,20.1,32.8,71.0
2023-06-20T07:00,50.6,33.2,268.0,18.9,,82.0
2023-06-20T08:00,57.2,37.1,269.0,18.3,,95.0
2023-06-20T09:00,62.9,40.5,282.0,20.7,32.7,104.0
2023-06-20T10:00,65.4,42.4,305.0,26.5,,100.0
2023-06-20T11:00,65.9,42.6,336.0,,,90.0
2023-06-20T12:00,71.0,46.9,430.0,,30.9,64.0
2023-06-20T13:00,69.6,46.7,445.0,,30.7,52.0
2023-06-20T14:00,64.7,43.8,467.0,,30.3,35.0
2023-06-20T15:00,59.3,40.2,473.0,,28.9,19.0
2023-06-20T16:00,55.3,37.3,444.0,,26.5,19.0
2023-06-20T17:00,51.8,34.5,396.0,,23.4,24.0
2023-06-20T18:00,51.1,33.6,338.0,,20.4,32.0
2023-06-20T19:00,50.5,32.8,308.0,28.0,19.8,38.0
2023-06-20T20:00,49.4,31.5,282.0,21.9,20.2,44.0
2023-06-20T21:00,48.1,30.7,262.0,16.7,21.5,49.0
2023-06-20T22:00,48.3,31.2,259.0,16.0,23.1,48.0
2023-06-20T23:00,48.8,31.7,265.0,17.4,25.4,45.0
2023-06-21T00:00,47.3,31.4,295.0,19.6,29.9,41.0
2023-06-21T01:00,47.7,31.7,326.0,23.7,31.4,38.0
2023-06-21T02:00,49.8,33.1,371.0,29.6,,34.0
2023-06-21T03:00,51.8,34.2,406.0,,,34.0
2023-06-21T04:00,52.9,34.5,392.0,,,41.0
2023-06-21T05:00,55.8,36.1,357.0,,,52.0
2023-06-21T06:00,61.5,39.8,318.0,28.2,,69.0
2023-06-21T07:00,68.2,44.2,308.0,25.3,,85.0
2023-06-21T08:00,74.0,48.1,305.0,22.2,,103.0
2023-06-21T09:00,75.9,49.0,316.0,21.8,,117.0
2023-06-21T10:00,76.6,49.1,343.0,27.2,,114.0
2023-06-21T11:00,76.4,48.8,381.0,,,104.0
2023-06-21T12:00,83.8,55.3,,,,62.0
2023-06-21T13:00,85.2,56.5,,,,60.0
2023-06-21T14:00,83.1,54.8,,,,56.0
2023-06-21T15:00,79.4,51.7,476.0,,,53.0
2023-06-21T16:00,77.8,50.1,452.0,,,53.0
2023-06-21T17:00,76.4,49.1,418.0,,,55.0
2023-06-21T18:00,75.4,48.3,377.0,,,57.0
2023-06-21T19:00,70.1,45.3,356.0,,,58.0
2023-06-21T20:00,69.2,45.1,339.0,29.0,,58.0
2023-06-21T21:00,68.9,44.8,323.0,23.1,,57.0
2023-06-21T22:00,67.5,43.9,316.0,21.0,,54.0
2023-06-21T23:00,63.6,41.4,313.0,20.3,,51.0
2023-06-22T00:00,65.0,42.7,363.0,29.1,,34.0
2023-06-22T01:00,63.3,41.7,381.0,,,34.0
2023-06-22T02:00,61.7,40.7,407.0,,,34.0
2023-06-22T03:00,60.3,40.0,425.0,,,38.0
2023-06-22T04:00,58.7,39.2,412.0,,,48.0
2023-06-22T05:00,59.6,39.8,385.0,,,61.0
2023-06-22T06:00,64.0,42.7,352.0,28.8,,78.0
2023-06-22T07:00,70.1,46.6,334.0,27.1,,89.0
2023-06-22T08:00,75.4,50.1,318.0,26.0,,99.0
2023-06-22T09:00,79.4,52.5,315.0,27.0,,108.0
2023-06-22T10:00,77.3,50.4,338.0,31.0,,110.0
2023-06-22T11:00,76.6,49.6,375.0,,,110.0
2023-06-22T12:00,76.6,50.8,447.0,,,79.0
2023-06-22T13:00,75.0,49.8,473.0,,,77.0
2023-06-22T14:00,72.4,48.0,,,,75.0
2023-06-22T15:00,70.5,46.3,,,,72.0
2023-06-22T16:00,67.8,44.1,,,,71.0
2023-06-22T17:00,63.1,41.1,439.0,,31.6,72.0
2023-06-22T18:00,58.0,37.6,367.0,,27.6,71.0
2023-06-22T19:00,53.8,34.8,329.0,29.8,26.9,69.0
2023-06-22T20:00,50.2,32.6,296.0,22.0,27.6,67.0
2023-06-22T21:00,46.8,30.4,264.0,14.9,29.6,63.0
2023-06-22T22:00,45.8,29.3,250.0,13.2,31.9,60.0
2023-06-22T23:00,44.7,28.3,244.0,13.8,,57.0
2023-06-23T00:00,49.2,30.9,262.0,23.7,,43.0
2023-06-23T01:00,47.5,29.6,274.0,27.5,,41.0
2023-06-23T02:00,44.4,27.6,291.0,,,38.0
2023-06-23T03:00,43.9,27.7,309.0,,,38.0
2023-06-23T04:00,46.1,29.6,313.0,,,43.0
2023-06-23T05:00,49.8,32.2,312.0,,,51.0
2023-06-23T06:00,54.5,35.6,309.0,28.1,,65.0
2023-06-23T07:00,60.3,39.7,305.0,24.9,,80.0
2023-06-23T08:00,68.2,45.1,299.0,21.7,,98.0
2023-06-23T09:00,75.7,50.2,298.0,20.3,,116.0
2023-06-23T10:00,77.1,50.5,301.0,22.6,,122.0
2023-06-23T11:00,77.5,49.9,307.0,27.0,32.6,123.0
2023-06-23T12:00,65.4,42.6,368.0,,,106.0
2023-06-23T13:00,68.0,43.9,392.0,,30.3,106.0
2023-06-23T14:00,68.2,43.7,427.0,,23.6,105.0
2023-06-23T15:00,59.6,38.1,474.0,,18.6,94.0
2023-06-23T16:00,52.5,34.3,,,21.6,71.0
2023-06-23T17:00,52.2,34.5,,,27.9,40.0
2023-06-23T18:00,50.2,33.1,,,,10.0
2023-06-23T19:00,46.7,30.5,,,,8.0
2023-06-23T20:00,40.6,26.4,424.0,,32.2,16.0
2023-06-23T21:00,38.5,24.9,323.0,,29.9,27.0
2023-06-23T22:00,39.5,25.4,287.0,,29.6,31.0
2023-06-23T23:00,41.1,26.5,269.0,26.8,29.8,33.0
2023-06-24T00:00,39.3,25.2,254.0,26.1,28.3,34.0
2023-06-24T01:00,42.1,27.0,296.0,30.0,30.5,30.0
2023-06-24T02:00,44.8,29.2,355.0,,,24.0
2023-06-24T03:00,44.7,29.6,407.0,,,22.0
2023-06-24T04:00,42.8,28.9,401.0,,,28.0
2023-06-24T05:00,42.4,28.8,372.0,,,38.0
2023-06-24T06:00,47.4,32.2,332.0,28.6,,55.0
2023-06-24T07:00,52.7,36.0,309.0,24.6,,70.0
2023-06-24T08:00,57.5,39.2,286.0,20.4,,87.0
2023-06-24T09:00,61.2,41.6,267.0,17.4,31.5,104.0
2023-06-24T10:00,62.6,42.1,263.0,18.0,27.8,110.0
2023-06-24T11:00,59.6,39.3,267.0,20.4,23.9,112.0
2023-06-24T12:00,55.3,37.1,353.0,,,68.0
2023-06-24T13:00,56.3,37.5,391.0,,,71.0
2023-06-24T14:00,58.1,38.0,446.0,,31.8,75.0
2023-06-24T15:00,56.7,36.1,,,28.0,71.0
2023-06-24T16:00,57.3,36.6,,,,54.0
2023-06-24T17:00,55.4,36.3,,,,29.0
2023-06-24T18:00,53.1,35.4,,,,3.0
2023-06-24T19:00,51.3,34.5,,,,0.0
2023-06-24T20:00,52.3,34.9,,,,0.0
2023-06-24T21:00,53.2,35.3,,,,0.0
2023-06-24T22:00,51.5,34.0,,,,0.0
2023-06-24T23:00,49.7,32.8,,,,0.0
2023-06-25T00:00,54.1,36.8,,,,0.0
2023-06-25T01:00,48.9,33.2,,,,1.0
2023-06-25T02:00,45.3,30.7,,,,3.0
2023-06-25T03:00,42.4,28.5,,,,9.0
2023-06-25T04:00,39.9,26.2,440.0,,,17.0
2023-06-25T05:00,41.2,26.4,382.0,,,28.0
2023-06-25T06:00,46.0,29.0,317.0,25.1,,47.0
2023-06-25T07:00,53.8,33.8,282.0,19.5,,70.0
2023-06-25T08:00,56.7,35.2,256.0,14.3,32.3,98.0
2023-06-25T09:00,57.6,35.2,237.0,11.4,26.8,123.0
2023-06-25T10:00,55.5,33.2,237.0,14.7,25.3,124.0
2023-06-25T11:00,53.8,31.4,249.0,21.3,24.9,116.0
2023-06-25T12:00,49.7,28.9,278.0,30.1,28.2,88.0
2023-06-25T13:00,54.2,30.9,304.0,,28.8,86.0
2023-06-25T14:00,59.5,33.3,341.0,,29.5,83.0
2023-06-25T15:00,61.5,33.8,367.0,,29.6,78.0
2023-06-25T16:00,59.0,31.8,347.0,,27.7,74.0
2023-06-25T17:00,53.1,28.3,308.0,,24.9,70.0
2023-06-25T18:00,47.3,25.8,267.0,,23.1,62.0
2023-06-25T19:00,43.3,24.4,261.0,,25.1,53.0
2023-06-25T20:00,42.1,24.9,267.0,,28.7,43.0
2023-06-25T21:00,42.6,25.9,279.0,,,31.0
2023-06-25T22:00,42.4,26.5,287.0,,,24.0
2023-06-25T23:00,41.2,26.5,298.0,,,19.0
2023-06-26T00:00,39.0,25.3,314.0,,,15.0
2023-06-26T01:00,37.4,24.7,342.0,,,15.0
2023-06-26T02:00,34.5,23.0,381.0,,,14.0
2023-06-26T03:00,32.2,21.3,408.0,,,18.0
2023-06-26T04:00,32.0,20.5,388.0,,,27.0
2023-06-26T05:00,36.3,22.9,347.0,28.5,,39.0
2023-06-26T06:00,45.2,28.8,299.0,23.9,,58.0
2023-06-26T07:00,56.1,36.2,280.0,20.7,,76.0
2023-06-26T08:00,61.5,39.6,268.0,17.6,,96.0
2023-06-26T09:00,67.5,43.7,262.0,16.4,,113.0
2023-06-26T10:00,65.7,42.4,263.0,19.5,31.8,112.0
2023-06-26T11:00,61.7,39.5,270.0,24.9,27.8,103.0
2023-06-26T12:00,58.8,36.8,314.0,28.2,25.2,90.0
2023-06-26T13:00,53.6,33.2,371.0,28.7,25.0,85.0
2023-06-26T14:00,54.0,33.8,452.0,29.5,24.6,78.0
2023-06-26T15:00,54.9,34.0,,30.8,24.5,68.0
2023-06-26T16:00,57.5,34.6,474.0,,24.7,62.0
2023-06-26T17:00,57.6,33.8,396.0,,25.1,57.0
2023-06-26T18:00,50.8,29.3,305.0,,26.2,49.0
2023-06-26T19:00,41.6,24.5,273.0,,28.0,42.0
2023-06-26T20:00,37.0,22.8,254.0,,30.4,34.0
2023-06-26T21:00,34.0,21.8,243.0,,32.7,25.0
2023-06-26T22:00,32.2,21.1,243.0,,32.8,20.0
2023-06-26T23:00,30.5,20.3,251.0,,32.1,16.0
2023-06-27T00:00,29.8,19.7,287.0,,29.7,10.0
2023-06-27T01:00,28.8,19.0,323.0,,30.3,10.0
2023-06-27T02:00,29.9,19.8,373.0,,31.1,10.0
2023-06-27T03:00,32.7,21.6,416.0,,32.8,15.0
2023-06-27T04:00,36.3,23.5,407.0,,,25.0
2023-06-27T05:00,43.4,27.7,378.0,,,38.0
2023-06-27T06:00,54.8,34.6,335.0,27.7,,58.0
2023-06-27T07:00,67.3,42.5,306.0,23.8,,74.0
2023-06-27T08:00,75.7,47.1,275.0,19.5,29.1,92.0
2023-06-27T09:00,78.5,48.1,251.0,16.7,22.0,108.0
2023-06-27T10:00,73.3,44.1,258.0,19.0,20.5,110.0
2023-06-27T11:00,66.6,39.5,280.0,23.7,20.7,106.0
2023-06-27T12:00,40.6,19.2,273.0,13.4,6.9,103.0
2023-06-27T13:00,40.6,20.7,281.0,13.3,7.7,108.0
2023-06-27T14:00,40.0,21.6,291.0,13.1,8.9,116.0
2023-06-27T15:00,40.3,22.4,292.0,12.4,9.9,119.0
2023-06-27T16:00,40.3,22.1,268.0,11.0,9.5,112.0
2023-06-27T17:00,37.3,20.3,233.0,9.1,8.5,100.0
2023-06-27T18:00,31.4,17.3,202.0,7.8,7.6,83.0
2023-06-27T19:00,26.6,15.6,212.0,8.8,7.7,70.0
2023-06-27T20:00,24.5,15.3,237.0,10.7,8.2,56.0
2023-06-27T21:00,20.3,13.5,261.0,12.8,8.7,42.0
2023-06-27T22:00,16.5,11.4,256.0,13.1,8.6,36.0
2023-06-27T23:00,13.9,9.8,242.0,12.9,8.4,32.0
2023-06-28T00:00,10.7,7.5,208.0,11.2,8.1,33.0
2023-06-28T01:00,9.8,6.8,213.0,11.1,8.9,34.0
2023-06-28T02:00,10.6,7.4,219.0,11.0,10.1,36.0
2023-06-28T03:00,11.9,8.1,224.0,10.3,11.6,46.0
2023-06-28T04:00,15.3,10.2,222.0,9.2,12.9,63.0
2023-06-28T05:00,21.2,14.0,218.0,7.7,14.2,86.0
2023-06-28T06:00,24.2,15.8,211.0,5.8,14.7,111.0
2023-06-28T07:00,25.1,15.8,204.0,4.6,13.1,121.0
2023-06-28T08:00,25.0,15.1,197.0,3.4,10.4,126.0
2023-06-28T09:00,24.8,14.3,190.0,2.8,7.8,130.0
2023-06-28T10:00,27.1,15.3,191.0,3.5,7.9,131.0
2023-06-28T11:00,30.9,17.3,194.0,4.9,8.9,130.0
2023-06-28T12:00,31.1,17.4,207.0,7.7,7.2,116.0
2023-06-28T13:00,36.7,20.3,206.0,7.9,7.6,116.0
2023-06-28T14:00,38.8,21.2,205.0,8.1,8.3,115.0
2023-06-28T15:00,37.6,20.4,204.0,8.5,8.9,111.0
2023-06-28T16:00,32.2,17.8,202.0,8.8,8.9,104.0
2023-06-28T17:00,26.8,15.1,200.0,9.1,8.6,95.0
2023-06-28T18:00,25.4,14.1,201.0,9.5,8.7,84.0
2023-06-28T19:00,24.9,14.0,205.0,9.9,9.5,78.0
2023-06-28T20:00,25.4,14.6,212.0,10.3,10.6,72.0
2023-06-28T21:00,27.3,16.3,223.0,10.9,11.9,65.0
2023-06-28T22:00,28.9,17.8,233.0,11.5,12.6,58.0
2023-06-28T23:00,29.7,18.7,244.0,12.1,13.2,51.0
2023-06-29T00:00,26.9,18.1,289.0,13.7,11.2,40.0
2023-06-29T01:00,25.3,17.3,302.0,13.7,11.1,43.0
2023-06-29T02:00,24.9,17.2,321.0,13.6,10.9,48.0
2023-06-29T03:00,24.3,17.0,331.0,12.7,11.1,62.0
2023-06-29T04:00,24.6,17.2,314.0,10.8,12.0,82.0
2023-06-29T05:00,28.1,19.7,284.0,8.3,13.3,108.0
2023-06-29T06:00,30.0,20.8,248.0,5.4,13.8,136.0
2023-06-29T07:00,30.3,20.5,234.0,4.0,12.1,145.0
2023-06-29T08:00,30.0,19.5,224.0,3.1,9.4,149.0
2023-06-29T09:00,28.8,17.6,216.0,2.7,6.7,148.0
2023-06-29T10:00,27.8,15.9,213.0,3.3,6.5,144.0
2023-06-29T11:00,30.3,17.2,212.0,4.6,7.2,137.0
2023-06-29T12:00,22.8,13.3,216.0,7.7,5.1,106.0
2023-06-29T13:00,25.1,14.8,226.0,9.1,6.1,104.0
2023-06-29T14:00,28.8,16.7,239.0,11.1,7.4,100.0
2023-06-29T15:00,27.4,16.4,248.0,13.0,8.8,93.0
2023-06-29T16:00,27.5,17.1,240.0,13.1,9.1,85.0
2023-06-29T17:00,26.4,16.7,225.0,12.6,9.0,75.0
2023-06-29T18:00,25.0,16.1,207.0,11.8,8.8,64.0
2023-06-29T19:00,24.9,16.4,201.0,11.5,8.7,58.0
2023-06-29T20:00,23.4,15.6,199.0,11.2,8.6,54.0
2023-06-29T21:00,22.9,15.3,199.0,11.0,8.4,49.0
2023-06-29T22:00,22.9,15.3,203.0,11.1,8.2,44.0
2023-06-29T23:00,22.5,15.0,209.0,11.3,7.9,39.0
2023-06-30T00:00,19.1,13.0,229.0,12.3,7.7,32.0
2023-06-30T01:00,15.9,10.7,232.0,12.2,8.3,34.0
2023-06-30T02:00,15.0,10.1,237.0,11.9,9.2,36.0
2023-06-30T03:00,14.8,9.9,238.0,11.1,10.5,47.0
2023-06-30T04:00,16.5,11.0,232.0,9.7,11.6,66.0
2023-06-30T05:00,21.7,14.3,223.0,7.9,12.8,90.0
2023-06-30T06:00,24.2,15.4,210.0,5.7,13.3,117.0
2023-06-30T07:00,25.8,15.5,200.0,4.4,12.2,128.0
2023-06-30T08:00,26.6,14.7,191.0,3.2,10.3,135.0
2023-06-30T09:00,27.3,14.1,185.0,2.8,8.0,138.0
2023-06-30T10:00,29.3,14.8,188.0,3.6,7.0,134.0
2023-06-30T11:00,32.0,16.2,197.0,5.2,6.3,126.0
2023-06-30T12:00,28.2,15.3,214.0,8.5,5.6,103.0
2023-06-30T13:00,31.3,17.4,220.0,9.3,6.4,104.0
2023-06-30T14:00,34.8,19.3,230.0,10.4,7.5,106.0
2023-06-30T15:00,37.6,20.4,237.0,11.4,8.5,104.0
2023-06-30T16:00,36.0,19.2,235.0,11.4,8.2,96.0
2023-06-30T17:00,31.9,17.2,230.0,10.9,7.4,84.0
2023-06-30T18:00,25.8,14.2,221.0,10.4,6.7,69.0
2023-06-30T19:00,24.9,13.9,212.0,10.3,6.9,60.0
2023-06-30T20:00,26.5,14.3,202.0,10.2,7.3,53.0
2023-06-30T21:00,27.1,14.1,192.0,10.3,8.1,45.0
2023-06-30T22:00,26.0,13.6,189.0,10.6,8.7,41.0
2023-06-30T23:00,26.3,13.9,189.0,11.0,9.5,39.0
2023-07-01T00:00,20.1,12.1,215.0,11.2,7.2,36.0
2023-07-01T01:00,19.9,12.1,226.0,11.4,8.1,39.0
2023-07-01T02:00,21.3,13.3,241.0,11.7,9.4,43.0
2023-07-01T03:00,22.1,14.1,251.0,11.3,10.9,53.0
2023-07-01T04:00,22.5,14.8,241.0,9.9,11.6,67.0
2023-07-01T05:00,24.3,16.3,222.0,7.9,12.1,86.0
2023-07-01T06:00,24.7,16.2,202.0,5.7,12.3,107.0
2023-07-01T07:00,24.8,15.7,195.0,4.7,12.0,118.0
2023-07-01T08:00,26.5,16.1,192.0,4.0,11.4,126.0
2023-07-01T09:00,28.5,16.8,198.0,4.8,10.7,129.0
2023-07-01T10:00,29.3,16.8,215.0,7.7,10.4,121.0
2023-07-01T11:00,29.3,16.4,240.0,12.0,10.1,106.0
2023-07-01T12:00,31.2,16.8,248.0,12.0,7.2,105.0
2023-07-01T13:00,31.8,17.8,270.0,14.9,7.6,95.0
2023-07-01T14:00,31.8,18.0,302.0,18.9,8.2,81.0
2023-07-01T15:00,32.6,18.4,327.0,22.0,8.5,66.0
2023-07-01T16:00,33.1,18.2,319.0,20.5,8.0,63.0
2023-07-01T17:00,33.8,17.8,296.0,17.1,7.0,63.0
2023-07-01T18:00,33.6,17.3,263.0,12.9,6.1,63.0
2023-07-01T19:00,39.2,18.8,238.0,11.0,6.0,60.0
2023-07-01T20:00,38.4,18.2,211.0,9.5,6.1,56.0
2023-07-01T21:00,33.8,15.5,186.0,8.4,6.6,51.0
2023-07-01T22:00,31.4,14.7,179.0,8.4,7.2,48.0
2023-07-01T23:00,30.3,14.6,179.0,9.0,8.1,45.0
2023-07-02T00:00,29.8,15.8,206.0,10.3,7.5,37.0
2023-07-02T01:00,30.5,16.6,225.0,11.8,8.2,35.0
2023-07-02T02:00,31.8,17.8,252.0,13.9,9.3,32.0
2023-07-02T03:00,31.9,18.2,276.0,15.9,11.1,32.0
2023-07-02T04:00,31.7,18.5,274.0,16.0,13.0,37.0
2023-07-02T05:00,31.7,18.0,262.0,15.3,15.2,44.0
2023-07-02T06:00,30.9,17.6,244.0,14.0,17.0,56.0
2023-07-02T07:00,32.1,18.3,231.0,12.5,16.7,67.0
2023-07-02T08:00,33.5,17.8,217.0,10.6,15.5,78.0
2023-07-02T09:00,36.3,17.7,210.0,9.6,14.2,89.0
2023-07-02T10:00,37.8,18.7,221.0,11.3,14.3,89.0
2023-07-02T11:00,41.1,20.7,241.0,14.4,14.8,85.0
2023-07-02T12:00,39.0,22.3,278.0,23.9,17.1,56.0
2023-07-02T13:00,39.5,22.5,290.0,24.7,16.7,53.0
2023-07-02T14:00,39.2,22.3,306.0,25.8,16.2,48.0
2023-07-02T15:00,39.5,22.5,311.0,25.3,14.9,44.0
2023-07-02T16:00,37.4,20.5,290.0,21.8,13.0,46.0
2023-07-02T17:00,38.3,20.3,256.0,16.6,10.6,51.0
2023-07-02T18:00,35.3,18.5,215.0,11.0,8.0,54.0
2023-07-02T19:00,28.3,15.9,195.0,9.2,7.2,52.0
2023-07-02T20:00,18.8,11.2,179.0,8.6,7.0,48.0
2023-07-02T21:00,15.5,9.7,164.0,8.3,6.9,42.0
2023-07-02T22:00,13.8,9.0,158.0,8.1,6.7,39.0
2023-07-02T23:00,12.5,8.4,157.0,8.3,6.5,36.0
2023-07-03T00:00,23.9,14.9,220.0,11.3,10.5,37.0
2023-07-03T01:00,21.4,14.1,239.0,13.2,11.2,32.0
2023-07-03T02:00,20.1,13.6,266.0,15.8,12.2,25.0
2023-07-03T03:00,19.2,13.3,287.0,17.9,13.4,21.0
2023-07-03T04:00,17.2,12.0,277.0,17.1,13.9,25.0
2023-07-03T05:00,16.4,11.1,253.0,15.1,14.3,34.0
2023-07-03T06:00,17.1,11.3,225.0,12.6,14.3,45.0
2023-07-03T07:00,18.8,12.2,213.0,11.5,13.7,52.0
2023-07-03T08:00,20.5,13.0,205.0,10.6,12.7,58.0
2023-07-03T09:00,22.9,14.4,205.0,10.3,11.8,65.0
2023-07-03T10:00,25.8,15.9,218.0,11.3,12.0,70.0
2023-07-03T11:00,28.6,17.5,239.0,12.9,12.6,75.0
2023-07-03T12:00,32.0,19.4,269.0,15.9,8.4,67.0
2023-07-03T13:00,31.5,19.0,269.0,16.1,9.2,65.0
2023-07-03T14:00,33.1,20.0,268.0,16.3,10.3,63.0
2023-07-03T15:00,31.7,19.5,262.0,16.1,11.2,59.0
2023-07-03T16:00,24.0,15.4,248.0,15.2,10.8,54.0
2023-07-03T17:00,18.4,12.1,228.0,13.8,9.8,49.0
2023-07-03T18:00,15.0,10.2,210.0,12.4,8.6,42.0
2023-07-03T19:00,13.4,9.2,210.0,12.2,8.2,38.0
2023-07-03T20:00,12.2,8.6,217.0,12.4,8.0,35.0
2023-07-03T21:00,13.8,9.1,222.0,12.6,8.0,31.0
2023-07-03T22:00,10.9,7.4,215.0,12.5,8.1,29.0
2023-07-03T23:00,9.4,6.4,203.0,12.4,8.4,27.0
2023-07-04T00:00,10.7,7.2,222.0,14.1,9.6,23.0
2023-07-04T01:00,10.7,7.2,235.0,14.3,10.3,24.0
2023-07-04T02:00,12.4,8.4,252.0,14.5,11.4,26.0
2023-07-04T03:00,13.0,8.7,260.0,14.0,12.3,33.0
2023-07-04T04:00,14.6,9.9,251.0,12.4,13.0,48.0
2023-07-04T05:00,17.2,11.7,233.0,10.1,13.6,68.0
2023-07-04T06:00,19.6,13.3,217.0,8.2,13.9,86.0
2023-07-04T07:00,20.5,13.7,206.0,6.6,13.6,100.0
2023-07-04T08:00,21.2,13.9,198.0,5.3,12.9,111.0
2023-07-04T09:00,21.7,13.9,196.0,5.1,12.3,116.0
2023-07-04T10:00,22.5,13.9,203.0,6.7,11.9,112.0
2023-07-04T11:00,25.0,14.6,216.0,9.4,11.5,103.0
2023-07-04T12:00,27.7,17.0,228.0,12.2,16.0,99.0
2023-07-04T13:00,29.0,17.3,247.0,14.8,15.6,88.0
2023-07-04T14:00,27.1,17.3,272.0,18.4,15.0,72.0
2023-07-04T15:00,24.4,16.8,287.0,20.7,14.3,59.0
2023-07-04T16:00,21.0,14.6,282.0,20.5,13.5,50.0
2023-07-04T17:00,16.4,11.4,266.0,19.0,12.7,43.0
2023-07-04T18:00,14.1,9.8,253.0,17.3,11.7,37.0
2023-07-04T19:00,13.3,9.3,248.0,15.8,10.5,33.0
2023-07-04T20:00,12.7,8.8,246.0,14.1,9.3,30.0
2023-07-04T21:00,11.0,7.5,238.0,12.6,8.3,29.0
2023-07-04T22:00,8.1,5.5,216.0,11.1,7.6,29.0
2023-07-04T23:00,6.6,4.4,189.0,9.7,7.3,30.0
2023-07-05T00:00,4.4,3.0,169.0,8.7,7.6,32.0
2023-07-05T01:00,5.0,3.5,188.0,9.4,8.5,32.0
2023-07-05T02:00,6.9,4.8,213.0,10.2,9.9,33.0
2023-07-05T03:00,9.0,6.2,230.0,10.4,10.9,39.0
2023-07-05T04:00,11.4,7.9,230.0,9.4,11.5,54.0
2023-07-05T05:00,14.4,10.0,220.0,7.6,11.7,73.0
2023-07-05T06:00,16.8,11.5,211.0,6.2,11.7,90.0
2023-07-05T07:00,17.3,11.8,202.0,5.0,11.2,102.0
2023-07-05T08:00,18.0,12.2,194.0,4.1,10.3,112.0
2023-07-05T09:00,18.3,12.3,190.0,4.3,9.6,114.0
2023-07-05T10:00,18.5,12.0,194.0,6.4,9.1,106.0
2023-07-05T11:00,19.4,12.2,204.0,9.6,8.8,91.0
2023-07-05T12:00,31.2,19.4,222.0,10.9,7.6,95.0
2023-07-05T13:00,28.1,18.6,251.0,14.9,8.5,81.0
2023-07-05T14:00,27.4,18.6,289.0,20.3,9.6,62.0
2023-07-05T15:00,26.3,18.0,308.0,23.1,10.3,48.0
2023-07-05T16:00,23.4,16.1,289.0,20.9,9.9,43.0
2023-07-05T17:00,18.9,13.0,250.0,16.2,9.0,42.0
2023-07-05T18:00,14.3,10.0,219.0,12.5,8.3,41.0
2023-07-05T19:00,11.9,8.4,207.0,11.1,8.2,39.0
2023-07-05T20:00,11.8,8.3,203.0,10.7,8.3,38.0
2023-07-05T21:00,12.1,8.4,200.0,10.4,8.4,36.0
2023-07-05T22:00,11.5,7.9,193.0,9.9,8.4,34.0
2023-07-05T23:00,10.1,6.9,185.0,9.6,8.4,32.0
2023-07-06T00:00,13.9,9.6,223.0,11.9,11.0,29.0
2023-07-06T01:00,12.1,8.4,229.0,12.1,11.1,31.0
2023-07-06T02:00,11.4,8.0,237.0,12.3,11.3,33.0
2023-07-06T03:00,12.6,8.7,241.0,12.2,11.6,38.0
2023-07-06T04:00,13.4,9.2,237.0,11.5,12.0,45.0
2023-07-06T05:00,14.1,9.7,230.0,10.4,12.5,53.0
2023-07-06T06:00,15.7,10.8,223.0,9.2,12.7,64.0
2023-07-06T07:00,17.4,12.0,219.0,7.4,12.3,81.0
2023-07-06T08:00,19.3,13.3,216.0,5.4,11.5,101.0
2023-07-06T09:00,19.4,13.4,213.0,4.6,10.7,112.0
2023-07-06T10:00,16.9,11.7,209.0,5.6,9.9,110.0
2023-07-06T11:00,14.9,10.4,205.0,7.8,9.1,99.0
2023-07-06T12:00,23.5,15.9,218.0,9.8,8.8,104.0
2023-07-06T13:00,22.4,15.4,249.0,14.5,9.3,87.0
2023-07-06T14:00,21.0,14.3,291.0,20.9,9.9,64.0
2023-07-06T15:00,22.4,15.0,319.0,25.1,10.2,46.0
2023-07-06T16:00,22.5,15.0,323.0,25.1,10.0,37.0
2023-07-06T17:00,20.7,13.8,313.0,23.0,9.4,33.0
2023-07-06T18:00,17.1,11.6,299.0,20.7,8.9,30.0
2023-07-06T19:00,14.0,9.7,280.0,18.8,8.5,27.0
2023-07-06T20:00,12.1,8.4,257.0,16.7,8.1,25.0
2023-07-06T21:00,11.2,7.8,238.0,15.0,7.8,24.0
2023-07-06T22:00,10.8,7.4,225.0,13.7,7.6,23.0
2023-07-06T23:00,10.4,7.0,216.0,12.8,7.5,22.0
2023-07-07T00:00,13.5,9.1,249.0,13.5,8.3,24.0
2023-07-07T01:00,14.6,9.8,264.0,13.8,9.2,27.0
2023-07-07T02:00,16.4,11.0,284.0,14.1,10.5,33.0
2023-07-07T03:00,18.5,12.4,293.0,13.6,11.6,43.0
2023-07-07T04:00,21.0,14.1,282.0,11.6,12.5,61.0
2023-07-07T05:00,22.5,15.1,259.0,8.9,13.2,84.0
2023-07-07T06:00,21.7,14.3,240.0,6.7,13.5,102.0
2023-07-07T07:00,21.2,13.6,227.0,5.4,12.9,110.0
2023-07-07T08:00,20.2,12.7,216.0,4.7,11.9,113.0
2023-07-07T09:00,20.7,13.1,212.0,4.9,11.0,113.0
2023-07-07T10:00,21.4,13.7,217.0,6.2,10.5,112.0
2023-07-07T11:00,21.4,13.9,229.0,8.3,10.2,109.0
2023-07-07T12:00,33.9,20.8,252.0,11.6,10.6,102.0
2023-07-07T13:00,35.0,22.2,283.0,15.3,11.2,91.0
2023-07-07T14:00,36.7,23.6,324.0,20.3,12.0,76.0
2023-07-07T15:00,38.2,24.9,352.0,23.7,12.7,63.0
2023-07-07T16:00,38.5,25.3,354.0,24.1,13.1,53.0
2023-07-07T17:00,36.7,24.2,342.0,22.8,13.3,45.0
2023-07-07T18:00,33.1,22.0,327.0,21.2,13.1,39.0
2023-07-07T19:00,29.0,19.4,311.0,19.3,12.3,35.0
2023-07-07T20:00,24.7,16.7,293.0,17.0,11.1,34.0
2023-07-07T21:00,20.6,14.1,276.0,15.2,10.1,32.0
2023-07-07T22:00,17.3,11.9,260.0,14.1,9.5,30.0
2023-07-07T23:00,15.3,10.5,246.0,13.4,9.0,28.0
2023-07-08T00:00,16.2,11.2,260.0,14.0,9.5,25.0
2023-07-08T01:00,16.1,11.2,273.0,14.0,9.9,30.0
2023-07-08T02:00,17.6,12.2,291.0,14.0,10.4,37.0
2023-07-08T03:00,18.6,12.8,296.0,13.2,11.0,48.0
2023-07-08T04:00,19.4,13.4,278.0,10.9,11.7,68.0
2023-07-08T05:00,21.0,14.6,247.0,7.9,12.4,92.0
2023-07-08T06:00,20.4,14.1,222.0,5.6,12.6,110.0
2023-07-08T07:00,19.9,13.6,207.0,4.4,12.0,118.0
2023-07-08T08:00,20.0,13.1,198.0,4.0,10.9,120.0
2023-07-08T09:00,19.4,12.4,197.0,4.6,10.0,118.0
2023-07-08T10:00,19.4,12.3,207.0,6.6,9.4,113.0
2023-07-08T11:00,20.7,13.1,225.0,9.7,8.9,104.0
2023-07-08T12:00,26.1,16.5,230.0,10.0,8.5,103.0
2023-07-08T13:00,27.5,17.9,267.0,14.9,9.1,89.0
2023-07-08T14:00,28.1,18.6,317.0,21.6,10.0,69.0
2023-07-08T15:00,27.4,18.4,354.0,26.3,10.4,52.0
2023-07-08T16:00,25.8,17.6,366.0,27.0,10.1,42.0
2023-07-08T17:00,24.5,16.7,364.0,25.7,9.3,35.0
2023-07-08T18:00,23.1,15.8,355.0,23.9,8.7,30.0
2023-07-08T19:00,20.4,14.1,337.0,21.8,8.2,26.0
2023-07-08T20:00,17.6,12.3,311.0,19.2,7.9,24.0
2023-07-08T21:00,15.1,10.6,288.0,17.1,7.7,23.0
2023-07-08T22:00,13.3,9.3,269.0,15.9,7.8,22.0
2023-07-08T23:00,12.0,8.3,253.0,15.1,8.1,21.0
2023-07-09T00:00,9.3,6.5,228.0,12.7,7.7,25.0
2023-07-09T01:00,10.1,6.9,238.0,13.0,8.8,27.0
2023-07-09T02:00,12.3,8.2,251.0,13.3,10.4,32.0
2023-07-09T03:00,14.6,9.4,256.0,12.8,11.9,42.0
2023-07-09T04:00,18.3,11.5,246.0,11.0,13.3,63.0
2023-07-09T05:00,22.9,14.2,229.0,8.4,14.7,90.0
2023-07-09T06:00,24.0,14.6,214.0,6.2,15.2,114.0
2023-07-09T07:00,24.5,14.6,207.0,4.7,14.3,132.0
2023-07-09T08:00,25.0,14.5,202.0,3.7,12.6,147.0
2023-07-09T09:00,25.5,14.5,200.0,3.3,10.9,154.0
2023-07-09T10:00,26.2,14.4,197.0,3.5,9.1,149.0
2023-07-09T11:00,26.7,14.4,196.0,4.4,7.3,136.0
2023-07-09T12:00,30.5,16.2,217.0,7.4,5.7,120.0
2023-07-09T13:00,28.9,16.2,253.0,11.7,7.1,109.0
2023-07-09T14:00,30.7,18.5,303.0,17.5,8.9,95.0
2023-07-09T15:00,31.5,19.6,337.0,21.4,10.4,83.0
2023-07-09T16:00,32.5,19.6,340.0,21.5,11.1,79.0
2023-07-09T17:00,33.6,19.9,328.0,19.7,11.4,78.0
2023-07-09T18:00,35.2,20.6,318.0,18.2,11.4,75.0
2023-07-09T19:00,35.3,20.7,319.0,17.8,10.9,67.0
2023-07-09T20:00,35.3,20.8,321.0,17.7,10.0,57.0
2023-07-09T21:00,33.5,20.0,318.0,17.1,9.2,49.0
2023-07-09T22:00,30.2,18.3,299.0,15.5,8.6,44.0
2023-07-09T23:00,27.1,16.5,273.0,13.4,8.1,41.0
2023-07-10T00:00,27.4,16.8,261.0,12.5,9.8,39.0
2023-07-10T01:00,27.1,17.1,287.0,14.4,10.5,37.0
2023-07-10T02:00,28.5,18.4,323.0,17.0,11.6,35.0
2023-07-10T03:00,29.5,19.3,341.0,18.5,12.9,36.0
2023-07-10T04:00,30.0,19.8,327.0,18.0,14.6,44.0
2023-07-10T05:00,30.4,19.7,295.0,16.5,16.7,56.0
2023-07-10T06:00,31.7,19.6,268.0,15.1,18.4,66.0
2023-07-10T07:00,33.2,19.1,252.0,14.1,19.7,74.0
2023-07-10T08:00,35.4,18.2,239.0,13.3,20.8,80.0
2023-07-10T09:00,39.5,17.8,232.0,13.2,21.5,83.0
2023-07-10T10:00,42.6,19.4,231.0,14.5,21.9,83.0
2023-07-10T11:00,45.8,20.9,235.0,16.5,22.0,80.0
2023-07-10T12:00,46.2,21.4,255.0,19.5,24.5,72.0
2023-07-10T13:00,47.0,22.9,266.0,19.3,21.7,70.0
2023-07-10T14:00,44.8,23.0,280.0,18.9,17.8,68.0
2023-07-10T15:00,36.9,20.0,290.0,18.4,14.6,65.0
2023-07-10T16:00,33.3,20.0,291.0,17.6,12.7,61.0
2023-07-10T17:00,29.9,18.8,288.0,16.7,11.6,55.0
2023-07-10T18:00,27.5,17.5,281.0,15.7,10.6,50.0
2023-07-10T19:00,25.3,16.1,269.0,14.5,9.7,45.0
2023-07-10T20:00,24.4,15.0,253.0,13.3,9.1,39.0
2023-07-10T21:00,21.5,13.6,241.0,12.5,8.8,35.0
2023-07-10T22:00,19.7,12.8,233.0,12.1,8.7,32.0
2023-07-10T23:00,19.3,12.4,229.0,12.2,8.9,31.0
2023-07-11T00:00,19.3,12.5,228.0,10.3,9.4,40.0
2023-07-11T01:00,20.5,13.2,254.0,12.0,10.4,39.0
2023-07-11T02:00,22.6,14.7,289.0,14.3,11.9,37.0
2023-07-11T03:00,25.3,16.4,312.0,16.0,13.1,38.0
2023-07-11T04:00,29.5,17.9,310.0,16.4,13.9,43.0
2023-07-11T05:00,33.2,19.2,295.0,16.2,14.4,50.0
2023-07-11T06:00,34.3,19.6,284.0,15.9,15.0,57.0
2023-07-11T07:00,34.3,19.4,282.0,15.6,15.7,65.0
2023-07-11T08:00,34.7,19.5,284.0,15.2,16.5,73.0
2023-07-11T09:00,37.1,21.0,292.0,15.3,16.9,80.0
2023-07-11T10:00,41.3,23.5,309.0,16.3,17.0,86.0
2023-07-11T11:00,44.2,25.0,332.0,17.8,16.7,92.0
2023-07-11T12:00,45.8,25.9,356.0,17.5,14.8,96.0
2023-07-11T13:00,46.8,25.5,363.0,18.7,14.0,89.0
2023-07-11T14:00,48.2,25.5,372.0,20.2,13.0,79.0
2023-07-11T15:00,48.8,25.3,371.0,20.9,12.1,70.0
2023-07-11T16:00,48.1,24.3,349.0,19.8,11.5,63.0
2023-07-11T17:00,44.5,22.5,316.0,17.8,11.1,57.0
2023-07-11T18:00,38.2,20.3,292.0,16.4,11.0,52.0
2023-07-11T19:00,36.2,21.0,284.0,16.4,11.3,47.0
2023-07-11T20:00,32.8,20.1,285.0,17.0,12.0,42.0
2023-07-11T21:00,31.2,19.4,287.0,17.7,13.1,38.0
2023-07-11T22:00,31.7,19.7,286.0,18.3,15.0,34.0
2023-07-11T23:00,33.4,20.6,285.0,19.0,17.4,31.0
2023-07-12T00:00,25.2,16.1,220.0,12.1,12.4,40.0
2023-07-12T01:00,27.2,16.5,246.0,14.0,12.8,36.0
2023-07-12T02:00,29.8,17.6,281.0,16.6,13.4,31.0
2023-07-12T03:00,35.4,20.1,307.0,17.8,14.0,34.0
2023-07-12T04:00,37.3,21.7,315.0,16.5,14.8,50.0
2023-07-12T05:00,40.0,23.9,313.0,13.9,15.6,72.0
2023-07-12T06:00,40.6,24.0,306.0,11.6,15.9,92.0
2023-07-12T07:00,41.2,23.5,294.0,9.8,15.4,106.0
2023-07-12T08:00,41.7,22.4,277.0,8.2,14.5,116.0
2023-07-12T09:00,42.1,21.3,265.0,7.6,13.6,122.0
2023-07-12T10:00,42.8,20.8,259.0,8.0,12.6,123.0
2023-07-12T11:00,44.9,22.1,259.0,9.4,11.6,119.0
2023-07-12T12:00,45.4,21.5,286.0,15.4,17.8,105.0
2023-07-12T13:00,46.7,23.1,320.0,20.7,20.5,93.0
2023-07-12T14:00,48.1,24.2,367.0,27.7,24.1,76.0
2023-07-12T15:00,49.6,25.3,399.0,,25.7,66.0
2023-07-12T16:00,50.3,26.0,402.0,29.4,23.3,69.0
2023-07-12T17:00,51.0,26.7,390.0,24.0,18.8,79.0
2023-07-12T18:00,51.3,27.0,374.0,19.2,15.2,84.0
2023-07-12T19:00,52.2,27.1,352.0,16.1,13.7,81.0
2023-07-12T20:00,51.7,26.7,326.0,13.7,13.2,74.0
2023-07-12T21:00,52.9,25.7,313.0,12.4,13.1,66.0
2023-07-12T22:00,56.7,27.6,324.0,12.9,13.3,57.0
2023-07-12T23:00,59.5,30.0,348.0,14.6,14.0,48.0
2023-07-13T00:00,42.8,22.2,286.0,12.3,13.8,51.0
2023-07-13T01:00,42.5,22.5,305.0,14.1,14.3,48.0
2023-07-13T02:00,43.0,23.5,331.0,16.5,14.9,45.0
2023-07-13T03:00,42.5,24.2,340.0,17.5,15.3,45.0
2023-07-13T04:00,39.2,22.9,319.0,15.8,15.4,51.0
2023-07-13T05:00,34.2,20.5,282.0,12.8,15.2,60.0
2023-07-13T06:00,29.2,17.9,250.0,10.0,14.8,71.0
2023-07-13T07:00,27.2,16.9,230.0,7.9,14.1,84.0
2023-07-13T08:00,26.5,16.3,216.0,6.1,13.1,99.0
2023-07-13T09:00,26.8,15.9,207.0,5.2,12.2,110.0
2023-07-13T10:00,27.5,15.5,204.0,5.6,11.3,114.0
2023-07-13T11:00,31.0,16.6,207.0,6.8,10.4,115.0
2023-07-13T12:00,37.1,20.8,231.0,9.8,10.0,98.0
2023-07-13T13:00,43.0,23.8,236.0,10.9,10.1,98.0
2023-07-13T14:00,46.6,25.6,243.0,12.3,10.2,98.0
2023-07-13T15:00,47.7,26.0,247.0,13.1,10.2,96.0
2023-07-13T16:00,46.4,25.1,244.0,12.6,10.0,93.0
2023-07-13T17:00,42.3,22.9,239.0,11.4,9.6,90.0
2023-07-13T18:00,37.8,21.0,236.0,10.6,9.4,83.0
2023-07-13T19:00,33.8,19.3,241.0,10.8,9.5,71.0
2023-07-13T20:00,32.1,19.6,248.0,11.5,9.8,57.0
2023-07-13T21:00,26.5,17.3,250.0,12.0,9.9,45.0
2023-07-13T22:00,21.1,14.3,237.0,12.1,9.5,37.0
2023-07-13T23:00,18.5,12.6,218.0,12.0,8.8,32.0
2023-07-14T00:00,21.7,14.8,264.0,12.7,9.4,32.0
2023-07-14T01:00,20.4,14.1,276.0,13.2,10.0,34.0
2023-07-14T02:00,21.0,14.6,291.0,13.7,10.9,36.0
2023-07-14T03:00,20.9,14.6,294.0,13.4,11.7,45.0
2023-07-14T04:00,20.8,14.5,275.0,11.4,12.6,63.0
2023-07-14T05:00,22.4,15.5,245.0,8.5,13.5,87.0
2023-07-14T06:00,22.5,15.4,220.0,6.1,13.9,108.0
2023-07-14T07:00,22.5,15.2,207.0,4.5,13.3,124.0
2023-07-14T08:00,22.8,15.0,200.0,3.5,12.3,137.0
2023-07-14T09:00,23.5,14.9,196.0,3.2,11.3,144.0
2023-07-14T10:00,25.4,15.3,192.0,3.7,10.6,142.0
2023-07-14T11:00,30.3,17.3,191.0,4.9,10.0,135.0
2023-07-14T12:00,30.0,17.3,214.0,9.2,9.8,114.0
2023-07-14T13:00,35.4,20.3,219.0,10.3,9.8,110.0
2023-07-14T14:00,38.1,21.5,226.0,11.8,9.8,104.0
2023-07-14T15:00,38.5,21.9,233.0,12.9,9.7,97.0
2023-07-14T16:00,37.0,21.2,238.0,13.0,9.4,91.0
2023-07-14T17:00,35.0,20.1,243.0,12.8,9.1,84.0
2023-07-14T18:00,32.8,19.0,250.0,12.8,8.7,75.0
2023-07-14T19:00,30.4,18.2,265.0,13.7,8.3,61.0
2023-07-14T20:00,28.4,18.2,282.0,14.9,7.8,45.0
2023-07-14T21:00,24.2,16.3,288.0,15.6,7.5,32.0
2023-07-14T22:00,19.8,13.7,272.0,15.3,7.4,25.0
2023-07-14T23:00,16.8,11.6,245.0,14.4,7.5,21.0
2023-07-15T00:00,15.8,10.9,242.0,14.0,7.3,20.0
2023-07-15T01:00,14.5,10.1,250.0,13.7,8.0,23.0
2023-07-15T02:00,15.4,10.7,261.0,13.2,9.0,27.0
2023-07-15T03:00,15.7,11.0,262.0,12.3,10.1,37.0
2023-07-15T04:00,16.3,11.4,245.0,10.6,11.4,55.0
2023-07-15T05:00,19.4,13.4,218.0,8.4,12.8,78.0
2023-07-15T06:00,21.3,14.3,198.0,6.5,13.2,98.0
2023-07-15T07:00,21.9,14.0,190.0,4.7,11.9,115.0
2023-07-15T08:00,23.2,14.1,188.0,3.2,9.6,130.0
2023-07-15T09:00,24.6,14.1,190.0,2.9,7.8,137.0
2023-07-15T10:00,26.1,13.9,196.0,4.5,6.8,131.0
2023-07-15T11:00,29.5,15.2,207.0,7.3,6.3,118.0
2023-07-15T12:00,30.6,16.4,235.0,9.8,5.6,106.0
2023-07-15T13:00,32.2,18.0,265.0,13.7,6.2,100.0
2023-07-15T14:00,33.6,19.3,307.0,19.0,7.0,93.0
2023-07-15T15:00,32.9,19.4,336.0,22.5,7.7,86.0
2023-07-15T16:00,34.0,20.3,341.0,22.4,8.4,83.0
2023-07-15T17:00,37.0,21.8,333.0,20.6,9.0,81.0
2023-07-15T18:00,37.6,21.6,328.0,19.2,9.4,76.0
2023-07-15T19:00,35.3,20.0,332.0,19.2,9.5,66.0
2023-07-15T20:00,36.9,20.5,339.0,19.7,9.3,53.0
2023-07-15T21:00,39.0,21.5,339.0,19.6,9.1,42.0
2023-07-15T22:00,39.0,21.4,327.0,18.4,8.7,35.0
2023-07-15T23:00,37.5,20.8,309.0,16.7,8.3,29.0
2023-07-16T00:00,25.3,15.8,294.0,15.3,7.1,20.0
2023-07-16T01:00,22.8,14.5,297.0,14.7,7.8,23.0
2023-07-16T02:00,22.5,14.6,299.0,13.9,8.8,29.0
2023-07-16T03:00,22.6,14.6,292.0,12.8,10.0,37.0
2023-07-16T04:00,23.0,14.5,265.0,11.4,11.8,50.0
2023-07-16T05:00,25.6,15.8,229.0,9.8,13.7,65.0
2023-07-16T06:00,26.9,15.9,202.0,8.2,14.5,81.0
2023-07-16T07:00,28.5,15.8,192.0,6.4,13.2,97.0
2023-07-16T08:00,29.9,15.7,191.0,4.6,10.8,113.0
2023-07-16T09:00,31.0,15.7,196.0,4.1,8.8,123.0
2023-07-16T10:00,32.8,15.8,204.0,5.4,7.7,122.0
2023-07-16T11:00,37.1,17.6,218.0,8.0,7.0,114.0
2023-07-16T12:00,35.3,17.9,234.0,11.2,7.4,96.0
2023-07-16T13:00,38.4,20.1,260.0,14.1,8.2,91.0
2023-07-16T14:00,39.9,21.4,297.0,18.0,9.2,85.0
2023-07-16T15:00,40.5,22.1,322.0,20.5,10.0,79.0
2023-07-16T16:00,41.9,22.9,325.0,19.9,10.4,77.0
2023-07-16T17:00,42.7,23.3,317.0,17.8,10.4,76.0
2023-07-16T18:00,41.7,22.8,314.0,16.4,10.3,72.0
2023-07-16T19:00,39.7,21.8,324.0,16.8,9.8,61.0
2023-07-16T20:00,38.8,22.1,338.0,17.8,9.0,46.0
2023-07-16T21:00,34.6,20.4,343.0,18.4,8.4,34.0
2023-07-16T22:00,29.6,18.2,331.0,18.1,7.9,26.0
2023-07-16T23:00,24.9,15.8,309.0,17.4,7.5,20.0
2023-07-17T00:00,24.8,15.9,321.0,16.9,7.8,18.0
2023-07-17T01:00,22.6,14.8,321.0,16.4,8.5,21.0
2023-07-17T02:00,22.8,15.2,320.0,15.7,9.5,27.0
2023-07-17T03:00,22.4,14.7,310.0,14.4,10.6,37.0
2023-07-17T04:00,23.5,14.6,285.0,12.3,12.2,55.0
2023-07-17T05:00,27.0,16.2,251.0,9.7,13.9,78.0
2023-07-17T06:00,28.6,16.5,225.0,7.4,14.4,98.0
2023-07-17T07:00,30.2,16.2,211.0,5.4,12.6,114.0
2023-07-17T08:00,30.6,15.6,205.0,3.8,9.6,126.0
2023-07-17T09:00,31.1,15.1,205.0,3.3,7.3,133.0
2023-07-17T10:00,34.2,16.2,209.0,4.2,6.1,131.0
2023-07-17T11:00,38.4,18.6,220.0,6.2,5.6,123.0
2023-07-17T12:00,44.2,21.8,237.0,9.4,5.4,107.0
2023-07-17T13:00,50.8,24.8,268.0,13.7,6.8,100.0
2023-07-17T14:00,52.3,26.2,310.0,19.4,8.8,89.0
2023-07-17T15:00,52.7,26.8,339.0,23.2,10.1,80.0
2023-07-17T16:00,52.0,26.7,340.0,22.8,10.3,75.0
2023-07-17T17:00,47.1,24.9,328.0,20.4,9.8,72.0
2023-07-17T18:00,45.3,23.9,321.0,18.7,9.4,66.0
2023-07-17T19:00,44.0,23.4,332.0,18.9,9.2,55.0
2023-07-17T20:00,41.6,22.9,348.0,19.8,9.0,41.0
2023-07-17T21:00,36.8,21.6,355.0,20.2,8.8,30.0
2023-07-17T22:00,31.4,19.6,343.0,19.5,8.5,24.0
2023-07-17T23:00,27.0,17.3,320.0,18.2,8.2,20.0
2023-07-18T00:00,40.5,24.3,422.0,24.9,10.3,17.0
2023-07-18T01:00,32.9,20.4,386.0,22.3,10.2,20.0
2023-07-18T02:00,26.7,16.6,336.0,18.7,10.1,24.0
2023-07-18T03:00,22.8,13.6,290.0,15.3,10.3,31.0
2023-07-18T04:00,19.9,11.4,252.0,12.6,11.3,43.0
2023-07-18T05:00,20.3,11.8,218.0,10.1,12.7,57.0
2023-07-18T06:00,21.0,12.6,194.0,8.3,13.4,70.0
2023-07-18T07:00,21.4,12.8,182.0,6.9,12.8,82.0
2023-07-18T08:00,22.0,13.1,181.0,6.1,11.6,92.0
2023-07-18T09:00,23.1,13.2,191.0,6.8,10.4,98.0
2023-07-18T10:00,25.0,13.7,219.0,9.9,9.5,97.0
2023-07-18T11:00,28.5,15.1,260.0,14.4,8.8,91.0
2023-07-18T12:00,43.9,21.9,281.0,16.8,7.6,89.0
2023-07-18T13:00,46.6,23.7,334.0,21.9,8.7,76.0
2023-07-18T14:00,46.4,24.6,406.0,28.9,10.2,58.0
2023-07-18T15:00,45.2,24.8,452.0,,11.2,43.0
2023-07-18T16:00,43.7,24.9,455.0,,11.5,32.0
2023-07-18T17:00,39.0,22.9,432.0,,11.2,23.0
2023-07-18T18:00,32.0,19.6,394.0,,10.6,18.0
2023-07-18T19:00,24.3,15.5,335.0,28.3,9.2,19.0
2023-07-18T20:00,17.5,11.5,262.0,20.1,7.5,24.0
2023-07-18T21:00,12.4,8.2,204.0,13.6,6.2,28.0
2023-07-18T22:00,9.1,6.0,172.0,10.6,5.9,29.0
2023-07-18T23:00,7.7,5.0,156.0,9.5,6.1,29.0
2023-07-19T00:00,8.4,5.2,162.0,10.3,7.0,27.0
2023-07-19T01:00,10.2,5.9,172.0,10.6,8.1,27.0
2023-07-19T02:00,14.6,7.6,185.0,11.0,9.7,28.0
2023-07-19T03:00,19.9,9.4,191.0,10.8,10.9,32.0
2023-07-19T04:00,21.5,9.6,184.0,9.7,11.4,41.0
2023-07-19T05:00,20.3,9.1,169.0,8.0,11.6,52.0
2023-07-19T06:00,18.7,9.0,157.0,6.5,11.2,63.0
2023-07-19T07:00,17.2,8.5,148.0,5.2,10.0,73.0
2023-07-19T08:00,16.5,8.0,142.0,4.1,8.3,82.0
2023-07-19T09:00,16.6,8.1,143.0,4.1,7.1,87.0
2023-07-19T10:00,17.5,8.4,153.0,6.0,6.9,87.0
2023-07-19T11:00,18.4,9.2,171.0,9.0,7.1,82.0
2023-07-19T12:00,22.9,11.0,183.0,10.4,6.8,81.0
2023-07-19T13:00,28.6,13.4,221.0,12.1,7.5,75.0
2023-07-19T14:00,29.7,15.4,275.0,14.7,8.5,66.0
2023-07-19T15:00,31.2,16.4,318.0,18.0,9.3,56.0
2023-07-19T16:00,30.7,16.5,348.0,23.5,10.0,43.0
2023-07-19T17:00,29.3,16.6,368.0,29.8,10.6,28.0
2023-07-19T18:00,25.8,15.7,361.0,,10.5,19.0
2023-07-19T19:00,20.3,12.9,308.0,27.2,9.3,19.0
2023-07-19T20:00,14.1,8.9,228.0,18.4,7.4,24.0
2023-07-19T21:00,10.5,6.4,165.0,11.4,6.1,28.0
2023-07-19T22:00,10.5,5.4,136.0,8.6,5.7,29.0
2023-07-19T23:00,13.4,5.5,125.0,7.6,5.8,29.0
2023-07-20T00:00,11.1,5.9,145.0,9.6,6.6,25.0
2023-07-20T01:00,12.8,6.4,159.0,9.7,7.2,25.0
2023-07-20T02:00,13.8,7.1,177.0,9.7,8.0,26.0
2023-07-20T03:00,14.7,8.0,186.0,9.3,8.5,30.0
2023-07-20T04:00,16.4,8.3,176.0,8.0,8.5,40.0
2023-07-20T05:00,16.8,8.0,158.0,6.3,8.2,53.0
2023-07-20T06:00,16.6,7.8,144.0,4.9,7.8,65.0
2023-07-20T07:00,16.6,8.3,141.0,3.9,7.4,77.0
2023-07-20T08:00,17.8,8.4,143.0,3.3,6.9,88.0
2023-07-20T09:00,18.8,8.5,149.0,3.8,6.7,93.0
2023-07-20T10:00,21.0,9.4,161.0,6.0,6.7,89.0
2023-07-20T11:00,20.7,9.7,177.0,9.2,7.0,80.0
2023-07-20T12:00,41.3,16.5,182.0,9.6,6.8,83.0
2023-07-20T13:00,37.8,16.6,191.0,9.9,6.3,80.0
2023-07-20T14:00,36.7,17.3,204.0,10.3,5.6,75.0
2023-07-20T15:00,35.3,17.0,212.0,10.9,5.4,68.0
2023-07-20T16:00,32.0,15.5,213.0,12.1,6.1,56.0
2023-07-20T17:00,25.4,13.2,209.0,13.6,7.2,41.0
2023-07-20T18:00,22.0,10.6,201.0,14.1,7.9,30.0
2023-07-20T19:00,22.1,9.5,186.0,12.8,7.7,27.0
2023-07-20T20:00,20.7,8.8,166.0,10.5,7.0,28.0
2023-07-20T21:00,17.6,7.9,151.0,8.8,6.5,29.0
2023-07-20T22:00,18.1,7.3,144.0,8.4,6.4,28.0
2023-07-20T23:00,16.0,7.0,142.0,8.5,6.6,26.0
2023-07-21T00:00,16.5,7.6,152.0,9.3,6.6,26.0
2023-07-21T01:00,17.3,8.0,166.0,9.4,7.3,28.0
2023-07-21T02:00,17.6,8.6,184.0,9.5,8.3,31.0
2023-07-21T03:00,17.8,9.1,193.0,9.1,9.0,36.0
2023-07-21T04:00,18.3,9.5,184.0,7.9,9.0,46.0
2023-07-21T05:00,18.1,8.8,165.0,6.2,8.8,59.0
2023-07-21T06:00,17.1,8.0,151.0,4.9,8.4,70.0
2023-07-21T07:00,16.7,7.2,145.0,3.9,8.0,80.0
2023-07-21T08:00,17.5,7.2,144.0,3.3,7.5,88.0
2023-07-21T09:00,19.7,8.6,150.0,3.7,7.2,92.0
2023-07-21T10:00,23.7,10.5,162.0,5.9,7.1,89.0
2023-07-21T11:00,27.7,12.1,181.0,9.2,7.2,81.0
2023-07-21T12:00,59.3,22.6,199.0,11.9,8.7,72.0
2023-07-21T13:00,55.9,23.6,236.0,14.0,9.1,65.0
2023-07-21T14:00,54.7,24.9,286.0,17.1,9.8,55.0
2023-07-21T15:00,50.3,23.5,322.0,19.8,10.1,46.0
2023-07-21T16:00,45.8,21.8,331.0,22.4,10.0,37.0
2023-07-21T17:00,41.9,20.3,326.0,24.7,9.7,29.0
2023-07-21T18:00,36.9,18.5,310.0,25.3,9.2,23.0
2023-07-21T19:00,29.9,16.1,281.0,22.8,8.4,22.0
2023-07-21T20:00,21.6,12.6,243.0,18.5,7.4,23.0
2023-07-21T21:00,15.6,9.5,208.0,14.8,6.8,24.0
2023-07-21T22:00,12.4,7.3,180.0,12.4,6.7,24.0
2023-07-21T23:00,10.8,6.1,155.0,10.5,7.0,24.0
2023-07-22T00:00,10.4,5.5,142.0,8.9,7.5,26.0
2023-07-22T01:00,11.9,6.1,155.0,10.0,8.4,24.0
2023-07-22T02:00,20.8,9.4,174.0,11.5,9.6,22.0
2023-07-22T03:00,26.1,11.7,186.0,12.2,10.8,24.0
2023-07-22T04:00,24.9,11.8,187.0,11.5,11.9,33.0
2023-07-22T05:00,24.4,11.8,181.0,10.1,13.0,46.0
2023-07-22T06:00,26.9,12.7,175.0,8.8,13.4,57.0
2023-07-22T07:00,29.9,13.9,168.0,7.5,12.9,66.0
2023-07-22T08:00,38.0,16.6,160.0,6.3,11.7,74.0
2023-07-22T09:00,37.7,16.7,159.0,6.2,10.7,77.0
2023-07-22T10:00,33.8,15.5,168.0,7.9,9.9,74.0
2023-07-22T11:00,23.7,12.5,184.0,10.7,9.3,66.0
2023-07-22T12:00,23.7,12.4,175.0,10.8,10.6,68.0
2023-07-22T13:00,19.1,10.2,228.0,15.5,13.6,58.0
2023-07-22T14:00,21.7,12.8,300.0,22.0,17.6,43.0
2023-07-22T15:00,25.4,15.5,348.0,26.9,19.9,32.0
2023-07-22T16:00,25.3,15.6,353.0,29.1,18.8,27.0
2023-07-22T17:00,24.8,15.2,334.0,29.6,16.0,24.0
2023-07-22T18:00,24.5,15.0,307.0,28.3,13.3,23.0
2023-07-22T19:00,24.6,14.6,270.0,23.8,11.1,23.0
2023-07-22T20:00,19.6,12.0,224.0,17.5,9.0,25.0
2023-07-22T21:00,13.5,8.8,188.0,12.6,7.6,26.0
2023-07-22T22:00,9.7,6.7,167.0,10.7,7.2,25.0
2023-07-22T23:00,8.0,5.5,155.0,10.3,7.4,24.0
2023-07-23T00:00,7.4,5.4,160.0,10.2,7.3,23.0
2023-07-23T01:00,7.2,5.1,180.0,11.2,8.0,21.0
2023-07-23T02:00,9.3,6.1,206.0,12.6,9.0,19.0
2023-07-23T03:00,11.5,7.7,226.0,13.4,10.0,20.0
2023-07-23T04:00,13.9,8.9,231.0,13.3,11.0,25.0
2023-07-23T05:00,16.9,10.5,229.0,12.7,11.9,32.0
2023-07-23T06:00,21.2,12.7,226.0,11.9,12.6,41.0
2023-07-23T07:00,23.4,13.8,222.0,10.5,12.8,54.0
2023-07-23T08:00,25.5,15.1,217.0,8.8,12.8,70.0
2023-07-23T09:00,26.7,16.0,216.0,8.3,12.7,80.0
2023-07-23T10:00,26.7,16.1,222.0,10.0,12.6,82.0
2023-07-23T11:00,24.6,15.4,231.0,13.0,12.4,80.0
2023-07-23T12:00,26.5,17.7,245.0,16.6,13.6,73.0
2023-07-23T13:00,23.9,16.5,260.0,18.6,12.9,63.0
2023-07-23T14:00,22.5,15.7,281.0,21.1,11.9,50.0
2023-07-23T15:00,20.8,14.4,290.0,22.2,10.9,40.0
2023-07-23T16:00,18.5,12.8,279.0,20.3,10.1,36.0
2023-07-23T17:00,15.9,11.1,257.0,16.9,9.3,36.0
2023-07-23T18:00,14.0,9.7,237.0,14.2,8.7,35.0
2023-07-23T19:00,12.0,8.4,225.0,13.0,8.3,32.0
2023-07-23T20:00,10.6,7.4,215.0,12.4,8.1,30.0
2023-07-23T21:00,9.6,6.7,206.0,12.0,8.0,27.0
2023-07-23T22:00,8.8,6.1,196.0,11.6,7.9,25.0
2023-07-23T23:00,8.1,5.6,187.0,11.3,8.0,23.0
2023-07-24T00:00,16.0,10.7,215.0,12.0,10.4,29.0
2023-07-24T01:00,15.4,10.3,229.0,13.4,10.7,26.0
2023-07-24T02:00,14.7,9.9,248.0,15.3,11.0,22.0
2023-07-24T03:00,14.4,9.7,261.0,16.4,11.3,21.0
2023-07-24T04:00,14.7,9.8,264.0,16.0,11.5,25.0
2023-07-24T05:00,15.3,10.2,262.0,14.7,11.6,32.0
2023-07-24T06:00,16.1,10.9,258.0,13.4,11.7,40.0
2023-07-24T07:00,17.3,11.8,249.0,12.0,11.8,51.0
2023-07-24T08:00,19.2,13.2,238.0,10.6,12.0,63.0
2023-07-24T09:00,20.3,13.9,233.0,10.3,12.1,71.0
2023-07-24T10:00,21.4,14.5,239.0,12.0,12.4,71.0
2023-07-24T11:00,22.0,15.0,250.0,14.7,12.6,67.0
2023-07-24T12:00,22.7,15.4,273.0,17.5,11.2,50.0
2023-07-24T13:00,24.3,16.2,281.0,18.5,11.9,47.0
2023-07-24T14:00,25.4,16.8,291.0,19.8,12.9,42.0
2023-07-24T15:00,25.9,17.1,296.0,20.3,13.3,38.0
2023-07-24T16:00,25.4,16.9,292.0,19.3,12.8,36.0
2023-07-24T17:00,23.9,15.9,283.0,17.5,11.8,35.0
2023-07-24T18:00,20.7,14.0,270.0,15.8,10.8,33.0
2023-07-24T19:00,16.9,11.6,252.0,14.4,9.8,30.0
2023-07-24T20:00,13.1,9.1,230.0,13.1,8.8,27.0
2023-07-24T21:00,9.7,6.9,210.0,12.1,8.0,25.0
2023-07-24T22:00,7.5,5.3,192.0,11.3,7.7,24.0
2023-07-24T23:00,6.6,4.6,176.0,10.7,7.6,23.0
2023-07-25T00:00,8.9,5.2,175.0,10.6,7.5,23.0
2023-07-25T01:00,10.1,5.9,193.0,12.0,8.2,22.0
2023-07-25T02:00,12.2,7.4,218.0,14.0,9.2,20.0
2023-07-25T03:00,13.2,8.3,237.0,15.4,10.1,20.0
2023-07-25T04:00,13.9,9.0,244.0,15.7,10.8,22.0
2023-07-25T05:00,13.9,9.2,245.0,15.5,11.4,26.0
2023-07-25T06:00,14.1,9.6,245.0,15.1,11.8,31.0
2023-07-25T07:00,15.0,10.3,243.0,14.4,12.0,39.0
2023-07-25T08:00,16.5,11.4,239.0,13.6,11.9,47.0
2023-07-25T09:00,17.9,12.4,239.0,13.6,11.8,53.0
2023-07-25T10:00,18.7,12.8,246.0,15.0,11.6,53.0
2023-07-25T11:00,18.6,12.8,256.0,17.2,11.2,50.0
2023-07-25T12:00,22.6,15.7,292.0,21.3,12.2,47.0
2023-07-25T13:00,21.4,14.9,290.0,21.4,11.8,42.0
2023-07-25T14:00,19.0,13.3,287.0,21.6,11.3,35.0
2023-07-25T15:00,17.1,12.0,281.0,21.1,10.7,30.0
2023-07-25T16:00,16.2,11.4,272.0,19.6,10.2,28.0
2023-07-25T17:00,15.2,10.6,261.0,17.6,9.7,28.0
2023-07-25T18:00,13.2,9.2,246.0,15.7,9.1,28.0
2023-07-25T19:00,10.6,7.5,224.0,14.0,8.5,27.0
2023-07-25T20:00,8.7,6.1,198.0,12.5,7.8,25.0
2023-07-25T21:00,7.6,5.3,178.0,11.3,7.3,24.0
2023-07-25T22:00,7.3,5.0,165.0,10.5,7.0,23.0
2023-07-25T23:00,7.6,5.1,157.0,10.1,6.9,23.0
2023-07-26T00:00,6.9,4.6,158.0,10.2,6.9,22.0
2023-07-26T01:00,7.0,4.6,174.0,10.8,7.4,21.0
2023-07-26T02:00,7.3,5.0,195.0,11.5,8.2,20.0
2023-07-26T03:00,8.7,6.0,212.0,12.0,9.0,22.0
2023-07-26T04:00,11.1,7.4,220.0,12.0,10.0,28.0
2023-07-26T05:00,12.9,8.8,223.0,11.6,11.1,37.0
2023-07-26T06:00,14.3,9.9,224.0,11.2,11.8,46.0
2023-07-26T07:00,16.2,11.3,221.0,10.4,11.8,55.0
2023-07-26T08:00,17.7,12.3,215.0,9.5,11.5,63.0
2023-07-26T09:00,17.6,12.3,212.0,9.5,11.1,67.0
2023-07-26T10:00,17.3,12.0,215.0,11.3,10.8,64.0
2023-07-26T11:00,17.2,11.8,221.0,14.1,10.6,57.0
2023-07-26T12:00,18.6,13.1,237.0,16.5,10.4,54.0
2023-07-26T13:00,16.4,11.5,234.0,16.9,10.2,48.0
2023-07-26T14:00,15.0,10.4,230.0,17.4,9.9,40.0
2023-07-26T15:00,14.0,9.8,227.0,17.5,9.5,33.0
2023-07-26T16:00,13.1,9.2,227.0,16.9,9.1,30.0
2023-07-26T17:00,12.3,8.6,229.0,16.0,8.7,28.0
2023-07-26T18:00,11.5,8.0,227.0,14.9,8.3,27.0
2023-07-26T19:00,10.7,7.4,219.0,13.7,7.9,27.0
2023-07-26T20:00,9.6,6.8,209.0,12.5,7.6,28.0
2023-07-26T21:00,9.9,6.9,200.0,11.5,7.4,28.0
2023-07-26T22:00,11.5,7.7,193.0,11.0,7.5,27.0
2023-07-26T23:00,12.9,8.5,188.0,10.8,7.7,27.0
2023-07-27T00:00,11.4,7.9,195.0,10.9,8.7,28.0
2023-07-27T01:00,10.9,7.5,205.0,10.6,9.1,30.0
2023-07-27T02:00,12.2,8.3,219.0,10.0,9.5,34.0
2023-07-27T03:00,14.1,9.5,223.0,9.1,9.7,41.0
2023-07-27T04:00,15.5,10.3,209.0,7.4,9.4,56.0
2023-07-27T05:00,18.2,11.8,186.0,5.3,8.8,74.0
2023-07-27T06:00,21.8,13.0,166.0,3.7,8.2,88.0
2023-07-27T07:00,17.3,10.4,152.0,2.8,7.4,93.0
2023-07-27T08:00,15.4,9.0,141.0,2.4,6.6,93.0
2023-07-27T09:00,14.5,8.2,137.0,2.9,6.1,91.0
2023-07-27T10:00,13.8,7.9,142.0,4.3,6.1,87.0
2023-07-27T11:00,14.4,8.5,154.0,6.6,6.4,81.0
2023-07-27T12:00,18.8,11.2,177.0,10.0,7.3,72.0
2023-07-27T13:00,19.8,12.3,219.0,15.6,7.9,60.0
2023-07-27T14:00,21.5,13.7,276.0,23.1,8.8,44.0
2023-07-27T15:00,23.5,15.0,314.0,27.7,9.3,32.0
2023-07-27T16:00,22.7,14.5,315.0,26.6,9.3,29.0
2023-07-27T17:00,21.3,13.8,296.0,22.6,9.1,30.0
2023-07-27T18:00,19.3,12.7,275.0,18.8,8.6,31.0
2023-07-27T19:00,16.9,11.2,258.0,16.4,7.8,29.0
2023-07-27T20:00,15.2,10.1,239.0,14.3,6.8,27.0
2023-07-27T21:00,14.0,9.2,220.0,12.6,6.2,26.0
2023-07-27T22:00,12.9,8.4,199.0,11.4,6.4,25.0
2023-07-27T23:00,12.0,7.7,179.0,10.6,7.1,25.0
2023-07-28T00:00,10.9,6.8,169.0,10.4,7.5,25.0
2023-07-28T01:00,11.4,6.7,182.0,10.3,8.1,26.0
2023-07-28T02:00,12.6,7.7,198.0,10.1,8.8,29.0
2023-07-28T03:00,14.8,8.8,206.0,9.4,9.5,36.0
2023-07-28T04:00,17.2,10.2,197.0,8.0,10.0,53.0
2023-07-28T05:00,19.8,11.9,180.0,6.1,10.4,75.0
2023-07-28T06:00,19.8,11.7,164.0,4.6,10.3,91.0
2023-07-28T07:00,17.9,9.8,151.0,3.5,9.1,98.0
2023-07-28T08:00,19.0,8.8,139.0,2.6,7.4,99.0
2023-07-28T09:00,18.5,8.7,136.0,2.7,6.3,99.0
2023-07-28T10:00,19.2,9.1,144.0,3.8,6.4,100.0
2023-07-28T11:00,20.3,9.9,159.0,5.8,7.0,100.0
2023-07-28T12:00,30.2,14.3,176.0,9.9,7.7,87.0
2023-07-28T13:00,33.2,16.1,215.0,15.8,8.9,70.0
2023-07-28T14:00,39.2,19.0,270.0,24.0,10.4,47.0
2023-07-28T15:00,40.0,20.4,313.0,29.9,11.4,29.0
2023-07-28T16:00,40.0,21.5,339.0,,11.3,22.0
2023-07-28T17:00,38.6,21.7,355.0,,10.7,21.0
2023-07-28T18:00,35.7,20.4,352.0,29.3,9.8,21.0
2023-07-28T19:00,29.5,17.6,321.0,25.2,8.5,22.0
2023-07-28T20:00,22.1,13.9,271.0,19.5,7.0,24.0
2023-07-28T21:00,16.1,10.4,225.0,14.7,6.0,26.0
2023-07-28T22:00,12.4,7.7,185.0,11.5,5.8,27.0
2023-07-28T23:00,11.6,6.7,149.0,9.1,6.2,29.0
2023-07-29T00:00,11.8,6.5,139.0,8.3,6.0,28.0
2023-07-29T01:00,13.1,6.8,149.0,8.4,6.7,29.0
2023-07-29T02:00,15.0,7.7,163.0,8.5,7.8,31.0
2023-07-29T03:00,18.0,9.1,171.0,8.2,8.6,38.0
2023-07-29T04:00,20.8,10.0,167.0,7.0,9.1,53.0
2023-07-29T05:00,22.5,9.9,158.0,5.4,9.4,73.0
2023-07-29T06:00,23.9,10.7,148.0,4.0,9.2,88.0
2023-07-29T07:00,24.9,11.1,138.0,3.0,8.2,94.0
2023-07-29T08:00,25.4,11.1,127.0,2.3,6.7,94.0
2023-07-29T09:00,26.2,10.9,125.0,2.5,5.7,93.0
2023-07-29T10:00,26.4,11.0,131.0,3.5,5.5,91.0
2023-07-29T11:00,25.8,11.3,144.0,5.5,5.7,88.0
2023-07-29T12:00,19.1,9.6,180.0,9.4,6.7,82.0
2023-07-29T13:00,20.8,11.4,235.0,16.6,8.4,66.0
2023-07-29T14:00,24.2,14.4,310.0,26.3,10.6,45.0
2023-07-29T15:00,25.4,15.7,362.0,,12.1,28.0
2023-07-29T16:00,25.1,15.9,374.0,,12.2,21.0
2023-07-29T17:00,23.7,15.4,364.0,,11.4,20.0
2023-07-29T18:00,20.8,13.5,340.0,28.4,10.3,20.0
2023-07-29T19:00,17.9,11.3,298.0,22.9,8.6,22.0
2023-07-29T20:00,15.9,9.6,243.0,15.9,6.6,27.0
2023-07-29T21:00,14.7,8.9,199.0,10.7,5.2,30.0
2023-07-29T22:00,14.8,8.8,174.0,8.7,5.0,30.0
2023-07-29T23:00,15.0,8.8,159.0,8.4,5.5,28.0
2023-07-30T00:00,16.4,9.1,157.0,8.5,6.0,28.0
2023-07-30T01:00,16.5,9.0,161.0,8.3,6.7,29.0
2023-07-30T02:00,16.5,9.1,166.0,8.0,7.6,31.0
2023-07-30T03:00,16.8,9.3,167.0,7.5,8.4,37.0
2023-07-30T04:00,17.6,9.7,161.0,6.6,9.1,49.0
2023-07-30T05:00,18.0,9.8,151.0,5.4,9.6,65.0
2023-07-30T06:00,17.8,9.8,142.0,4.4,9.5,77.0
2023-07-30T07:00,16.1,8.4,132.0,3.4,8.2,83.0
2023-07-30T08:00,15.1,7.2,123.0,2.4,6.2,86.0
2023-07-30T09:00,16.4,7.2,123.0,2.5,4.8,87.0
2023-07-30T10:00,17.8,7.7,132.0,4.0,4.3,87.0
2023-07-30T11:00,19.1,8.8,150.0,6.4,4.4,85.0
2023-07-30T12:00,27.1,12.2,183.0,8.8,6.4,91.0
2023-07-30T13:00,31.3,15.5,228.0,10.3,6.8,86.0
2023-07-30T14:00,34.2,18.6,290.0,12.6,7.4,80.0
2023-07-30T15:00,32.0,17.7,338.0,15.6,8.0,71.0
2023-07-30T16:00,35.6,18.5,362.0,20.3,8.7,59.0
2023-07-30T17:00,38.5,19.5,373.0,25.8,9.4,46.0
2023-07-30T18:00,43.5,20.9,372.0,28.5,9.6,36.0
2023-07-30T19:00,43.7,21.2,355.0,26.3,8.9,31.0
2023-07-30T20:00,38.2,20.0,325.0,21.4,7.7,30.0
2023-07-30T21:00,31.1,17.5,297.0,17.3,6.8,28.0
2023-07-30T22:00,23.9,14.6,274.0,15.4,6.6,25.0
2023-07-30T23:00,19.1,12.3,252.0,14.2,6.7,22.0
2023-07-31T00:00,17.2,10.9,224.0,12.5,7.0,23.0
2023-07-31T01:00,15.9,9.8,216.0,11.8,7.6,24.0
2023-07-31T02:00,16.2,9.6,204.0,10.8,8.5,26.0
2023-07-31T03:00,17.8,9.5,192.0,9.6,9.4,33.0
2023-07-31T04:00,20.8,10.2,179.0,8.3,10.6,46.0
2023-07-31T05:00,22.5,10.1,165.0,6.9,12.0,64.0
2023-07-31T06:00,23.2,10.4,156.0,5.6,12.5,81.0
2023-07-31T07:00,24.5,11.4,152.0,4.3,11.6,98.0
2023-07-31T08:00,25.1,11.7,153.0,3.3,10.0,114.0
2023-07-31T09:00,26.2,12.3,160.0,3.2,8.5,124.0
2023-07-31T10:00,28.0,13.3,173.0,4.6,7.3,123.0
2023-07-31T11:00,28.9,14.5,192.0,6.9,6.3,116.0
2023-07-31T12:00,31.0,15.3,221.0,10.1,6.5,108.0
2023-07-31T13:00,34.3,17.7,251.0,11.8,6.8,98.0
2023-07-31T14:00,35.0,18.5,292.0,14.2,7.3,83.0
2023-07-31T15:00,33.5,17.5,330.0,17.2,7.8,69.0
2023-07-31T16:00,35.5,18.5,364.0,21.7,8.6,57.0
2023-07-31T17:00,39.9,21.2,394.0,26.8,9.5,45.0
2023-07-31T18:00,40.3,21.4,403.0,29.1,9.8,37.0
2023-07-31T19:00,37.8,19.9,378.0,26.3,8.8,34.0
2023-07-31T20:00,32.0,17.7,332.0,20.8,7.2,34.0
2023-07-31T21:00,27.5,15.8,290.0,16.2,6.1,33.0
2023-07-31T22:00,23.7,14.1,258.0,14.1,5.9,30.0
2023-07-31T23:00,21.2,12.7,230.0,12.9,6.2,26.0
2023-08-01T00:00,21.5,13.0,238.0,12.8,6.6,24.0
2023-08-01T01:00,19.4,11.4,218.0,11.5,7.7,26.0
2023-08-01T02:00,18.2,10.5,190.0,9.7,9.2,29.0
2023-08-01T03:00,15.1,8.2,165.0,8.0,10.0,35.0
2023-08-01T04:00,15.4,8.4,148.0,6.4,9.7,46.0
2023-08-01T05:00,16.8,9.1,135.0,4.9,8.7,59.0
2023-08-01T06:00,14.8,7.2,125.0,3.8,7.8,70.0
2023-08-01T07:00,13.9,6.1,118.0,3.1,7.0,77.0
2023-08-01T08:00,14.5,6.2,115.0,2.7,6.3,82.0
2023-08-01T09:00,15.7,6.8,118.0,3.1,5.7,84.0
2023-08-01T10:00,16.7,7.5,128.0,4.3,5.1,84.0
2023-08-01T11:00,19.8,9.2,145.0,6.3,4.7,82.0
2023-08-01T12:00,29.4,12.9,168.0,9.4,6.5,80.0
2023-08-01T13:00,36.8,15.7,212.0,12.0,7.9,72.0
2023-08-01T14:00,40.7,18.0,273.0,15.7,9.9,62.0
2023-08-01T15:00,41.8,20.3,322.0,19.4,11.1,51.0
2023-08-01T16:00,39.5,20.5,352.0,23.7,11.1,40.0
2023-08-01T17:00,36.7,20.2,369.0,28.1,10.4,30.0
2023-08-01T18:00,31.9,18.6,365.0,29.4,9.5,23.0
2023-08-01T19:00,25.4,15.4,324.0,25.1,8.3,23.0
2023-08-01T20:00,20.1,12.3,262.0,17.8,6.9,28.0
2023-08-01T21:00,16.7,10.3,213.0,12.3,6.0,31.0
2023-08-01T22:00,15.5,9.5,190.0,10.7,6.0,30.0
2023-08-01T23:00,14.8,9.0,181.0,10.9,6.6,28.0
2023-08-02T00:00,14.5,8.6,179.0,10.8,7.0,28.0
2023-08-02T01:00,14.9,8.4,183.0,10.7,7.8,28.0
2023-08-02T02:00,16.0,8.8,187.0,10.5,8.9,29.0
2023-08-02T03:00,18.2,9.3,188.0,9.8,9.9,34.0
2023-08-02T04:00,21.1,10.2,181.0,8.4,10.8,48.0
2023-08-02T05:00,22.9,10.4,169.0,6.5,11.6,67.0
2023-08-02T06:00,23.6,10.5,159.0,5.0,11.6,82.0
2023-08-02T07:00,24.0,10.8,151.0,3.7,10.3,92.0
2023-08-02T08:00,25.3,10.8,145.0,2.8,8.2,99.0
2023-08-02T09:00,26.4,11.3,146.0,3.0,6.7,102.0
2023-08-02T10:00,27.6,12.0,156.0,5.0,6.4,98.0
2023-08-02T11:00,29.9,13.4,173.0,8.1,6.6,89.0
2023-08-02T12:00,32.7,14.6,186.0,10.7,6.9,80.0
2023-08-02T13:00,37.8,17.4,229.0,15.5,7.5,70.0
2023-08-02T14:00,41.2,20.2,288.0,21.9,8.3,56.0
2023-08-02T15:00,42.7,22.0,325.0,25.6,8.6,46.0
2023-08-02T16:00,40.0,21.4,317.0,23.9,7.9,46.0
2023-08-02T17:00,34.6,19.2,287.0,19.4,6.7,50.0
2023-08-02T18:00,29.9,16.9,263.0,15.8,5.9,52.0
2023-08-02T19:00,28.3,16.4,256.0,14.5,5.9,47.0
2023-08-02T20:00,26.4,15.9,255.0,14.1,6.3,39.0
2023-08-02T21:00,24.7,15.3,251.0,13.8,6.7,32.0
2023-08-02T22:00,23.3,14.5,240.0,13.3,6.8,29.0
2023-08-02T23:00,22.7,14.0,226.0,12.9,6.9,27.0
2023-08-03T00:00,20.4,12.1,202.0,11.3,7.0,30.0
2023-08-03T01:00,19.3,11.3,198.0,10.7,7.9,31.0
2023-08-03T02:00,18.2,10.4,193.0,9.7,9.1,34.0
2023-08-03T03:00,17.6,9.6,186.0,8.6,10.0,40.0
2023-08-03T04:00,17.9,9.6,176.0,7.1,10.3,53.0
2023-08-03T05:00,18.6,10.0,164.0,5.5,10.2,69.0
2023-08-03T06:00,19.0,9.9,155.0,4.1,9.8,84.0
2023-08-03T07:00,19.0,9.3,151.0,3.1,9.0,97.0
2023-08-03T08:00,20.5,9.7,151.0,2.4,7.8,108.0
2023-08-03T09:00,24.8,11.4,153.0,2.4,6.7,113.0
2023-08-03T10:00,28.1,13.1,156.0,3.0,5.6,110.0
2023-08-03T11:00,31.2,15.1,162.0,4.3,4.5,101.0
2023-08-03T12:00,33.1,15.0,179.0,7.1,4.3,91.0
2023-08-03T13:00,39.1,18.4,206.0,10.0,5.4,84.0
2023-08-03T14:00,43.4,21.1,244.0,14.0,6.9,74.0
2023-08-03T15:00,47.7,24.0,269.0,16.8,7.9,65.0
2023-08-03T16:00,51.0,25.6,271.0,17.3,8.1,60.0
2023-08-03T17:00,49.7,25.0,260.0,16.6,7.8,57.0
2023-08-03T18:00,42.8,22.1,248.0,15.5,7.4,54.0
2023-08-03T19:00,36.3,19.2,235.0,13.9,6.8,52.0
2023-08-03T20:00,33.3,17.6,221.0,11.8,6.1,49.0
2023-08-03T21:00,31.8,16.9,214.0,10.6,5.8,46.0
2023-08-03T22:00,30.6,16.7,221.0,11.0,6.0,39.0
2023-08-03T23:00,28.4,16.2,235.0,12.1,6.5,31.0
2023-08-04T00:00,28.8,16.9,256.0,12.2,6.9,31.0
2023-08-04T01:00,26.3,16.1,247.0,11.5,8.1,32.0
2023-08-04T02:00,24.4,15.2,233.0,10.4,9.8,34.0
2023-08-04T03:00,21.9,12.2,219.0,9.2,11.1,40.0
2023-08-04T04:00,21.9,12.0,203.0,7.7,11.8,54.0
2023-08-04T05:00,22.6,12.6,185.0,6.1,12.2,74.0
2023-08-04T06:00,23.2,12.9,173.0,4.7,11.7,90.0
2023-08-04T07:00,23.3,12.9,169.0,3.4,9.9,103.0
2023-08-04T08:00,26.3,13.6,169.0,2.3,7.3,113.0
2023-08-04T09:00,29.0,14.1,174.0,2.3,5.3,117.0
2023-08-04T10:00,32.1,15.3,183.0,4.2,4.3,109.0
2023-08-04T11:00,34.0,16.1,195.0,7.2,4.0,93.0
2023-08-04T12:00,33.3,16.2,183.0,5.9,3.9,92.0
2023-08-04T13:00,36.7,17.9,203.0,8.6,5.1,88.0
2023-08-04T14:00,37.4,19.3,230.0,12.2,6.7,82.0
2023-08-04T15:00,42.7,21.6,253.0,14.9,7.9,78.0
2023-08-04T16:00,42.1,22.5,267.0,15.6,8.5,77.0
2023-08-04T17:00,39.9,21.7,275.0,15.2,8.8,77.0
2023-08-04T18:00,35.7,19.6,279.0,14.7,8.7,74.0
2023-08-04T19:00,31.4,17.5,276.0,14.1,8.1,65.0
2023-08-04T20:00,29.5,17.0,267.0,13.3,7.1,52.0
2023-08-04T21:00,28.2,16.9,261.0,12.9,6.5,41.0
2023-08-04T22:00,26.1,16.4,260.0,13.3,6.5,32.0
2023-08-04T23:00,23.6,15.4,260.0,14.0,6.8,24.0
2023-08-05T00:00,24.7,15.9,223.0,11.2,7.1,31.0
2023-08-05T01:00,24.4,15.7,236.0,11.4,8.3,32.0
2023-08-05T02:00,23.4,15.4,254.0,11.6,10.0,35.0
2023-08-05T03:00,22.0,14.1,260.0,11.1,11.4,43.0
2023-08-05T04:00,23.3,13.8,244.0,9.4,12.5,61.0
2023-08-05T05:00,27.0,15.5,216.0,7.1,13.3,84.0
2023-08-05T06:00,32.8,16.5,195.0,5.1,13.1,104.0
2023-08-05T07:00,31.3,15.9,191.0,3.8,11.3,119.0
2023-08-05T08:00,33.9,16.6,194.0,2.8,8.5,131.0
2023-08-05T09:00,37.1,16.6,194.0,2.4,6.3,135.0
2023-08-05T10:00,39.5,16.6,184.0,2.8,5.4,125.0
2023-08-05T11:00,38.3,16.1,172.0,3.7,5.1,108.0
2023-08-05T12:00,46.6,19.7,177.0,5.3,5.8,98.0
2023-08-05T13:00,43.4,21.1,188.0,6.6,5.9,93.0
2023-08-05T14:00,38.8,20.1,202.0,8.3,6.1,87.0
2023-08-05T15:00,38.0,20.1,209.0,9.3,6.2,83.0
2023-08-05T16:00,38.0,20.3,201.0,8.7,6.3,83.0
2023-08-05T17:00,39.1,20.7,186.0,7.4,6.4,85.0
2023-08-05T18:00,40.9,21.3,176.0,6.5,6.6,85.0
2023-08-05T19:00,39.2,20.6,176.0,6.6,6.9,80.0
2023-08-05T20:00,36.7,19.0,181.0,7.2,7.3,73.0
2023-08-05T21:00,33.2,16.9,187.0,7.9,7.7,66.0
2023-08-05T22:00,32.2,16.4,192.0,8.6,7.9,58.0
2023-08-05T23:00,33.5,16.8,197.0,9.3,8.1,49.0
2023-08-06T00:00,40.3,21.3,243.0,10.9,7.9,45.0
2023-08-06T01:00,43.7,23.2,257.0,11.5,8.8,44.0
2023-08-06T02:00,44.8,24.3,275.0,12.3,10.1,43.0
2023-08-06T03:00,38.0,21.6,281.0,12.1,11.0,49.0
2023-08-06T04:00,31.2,18.5,262.0,10.3,11.6,67.0
2023-08-06T05:00,31.7,18.6,230.0,7.5,11.8,90.0
2023-08-06T06:00,32.2,16.9,204.0,5.2,11.4,109.0
2023-08-06T07:00,32.8,15.8,191.0,3.7,9.6,119.0
2023-08-06T08:00,35.0,15.7,183.0,2.6,7.2,124.0
2023-08-06T09:00,36.8,16.4,179.0,2.3,5.3,124.0
2023-08-06T10:00,36.7,16.4,177.0,3.1,4.6,117.0
2023-08-06T11:00,36.0,16.4,178.0,4.7,4.5,106.0
2023-08-06T12:00,41.6,20.0,185.0,6.0,4.6,96.0
2023-08-06T13:00,44.2,22.8,223.0,10.9,5.8,92.0
2023-08-06T14:00,47.1,25.7,273.0,17.5,7.4,87.0
2023-08-06T15:00,46.0,25.0,304.0,21.2,8.5,84.0
2023-08-06T16:00,46.3,25.0,294.0,19.2,8.6,86.0
2023-08-06T17:00,45.5,25.0,264.0,14.2,8.3,89.0
2023-08-06T18:00,41.2,22.7,240.0,10.3,7.8,89.0
2023-08-06T19:00,36.0,19.6,234.0,9.0,7.1,81.0
2023-08-06T20:00,35.7,19.2,234.0,8.8,6.3,69.0
2023-08-06T21:00,40.3,21.3,234.0,8.8,6.1,60.0
2023-08-06T22:00,42.6,22.3,229.0,8.8,7.1,55.0
2023-08-06T23:00,46.4,22.9,225.0,9.0,8.7,52.0
2023-08-07T00:00,36.6,18.4,170.0,7.1,10.3,61.0
2023-08-07T01:00,35.6,18.1,182.0,8.2,12.1,60.0
2023-08-07T02:00,37.3,19.3,199.0,9.7,14.5,59.0
2023-08-07T03:00,38.3,20.2,210.0,10.2,16.0,63.0
2023-08-07T04:00,39.3,21.1,211.0,8.9,16.1,78.0
2023-08-07T05:00,41.8,21.4,206.0,6.5,15.2,99.0
2023-08-07T06:00,41.8,19.7,199.0,4.6,13.8,114.0
2023-08-07T07:00,45.6,20.1,189.0,3.4,11.4,120.0
2023-08-07T08:00,49.5,21.3,177.0,2.5,8.3,121.0
2023-08-07T09:00,50.1,21.8,168.0,2.3,6.1,119.0
2023-08-07T10:00,48.5,21.3,162.0,3.0,5.3,112.0
2023-08-07T11:00,46.7,20.6,158.0,4.3,5.3,103.0
2023-08-07T12:00,51.7,23.9,172.0,5.7,5.6,99.0
2023-08-07T13:00,50.3,24.6,180.0,6.8,5.8,95.0
2023-08-07T14:00,49.1,24.0,191.0,8.2,6.1,90.0
2023-08-07T15:00,47.5,23.2,196.0,9.0,6.3,86.0
2023-08-07T16:00,46.4,22.9,187.0,8.4,6.4,86.0
2023-08-07T17:00,45.6,22.9,171.0,7.2,6.5,87.0
2023-08-07T18:00,43.5,22.0,161.0,6.1,6.6,87.0
2023-08-07T19:00,42.1,21.1,163.0,5.4,6.4,87.0
2023-08-07T20:00,40.4,20.7,171.0,4.8,6.1,85.0
2023-08-07T21:00,41.0,21.7,179.0,4.8,6.5,82.0
2023-08-07T22:00,42.8,23.2,184.0,5.7,8.3,74.0
2023-08-07T23:00,44.0,23.8,189.0,7.2,10.8,64.0
2023-08-08T00:00,43.5,23.9,191.0,9.7,18.0,58.0
2023-08-08T01:00,45.5,25.2,205.0,10.8,18.9,56.0
2023-08-08T02:00,47.1,26.7,224.0,12.3,20.0,54.0
2023-08-08T03:00,47.8,27.4,236.0,12.6,20.2,58.0
2023-08-08T04:00,46.6,26.7,235.0,10.7,19.0,75.0
2023-08-08T05:00,46.1,25.1,226.0,7.6,16.8,99.0
2023-08-08T06:00,45.2,22.2,214.0,5.1,14.4,116.0
2023-08-08T07:00,47.8,21.8,197.0,3.6,11.5,122.0
2023-08-08T08:00,50.4,21.9,177.0,2.5,8.3,121.0
2023-08-08T09:00,52.2,21.9,162.0,2.3,6.0,118.0
2023-08-08T10:00,52.0,21.4,156.0,3.3,5.4,111.0
2023-08-08T11:00,50.5,21.0,156.0,5.1,5.8,101.0
2023-08-08T12:00,55.5,24.7,148.0,5.3,7.7,96.0
2023-08-08T13:00,50.4,24.4,158.0,6.1,7.4,91.0
2023-08-08T14:00,47.4,23.2,171.0,7.2,6.9,85.0
2023-08-08T15:00,45.2,22.2,180.0,8.0,6.6,80.0
2023-08-08T16:00,44.0,21.4,179.0,8.1,6.4,77.0
2023-08-08T17:00,43.3,21.2,174.0,7.7,6.4,75.0
2023-08-08T18:00,41.9,20.7,173.0,7.4,6.6,74.0
2023-08-08T19:00,53.7,23.6,181.0,7.1,7.3,76.0
2023-08-08T20:00,52.2,24.9,194.0,6.7,8.2,79.0
2023-08-08T21:00,51.0,25.6,205.0,6.6,9.1,80.0
2023-08-08T22:00,51.2,26.0,211.0,6.8,9.7,76.0
2023-08-08T23:00,50.8,25.9,215.0,7.2,10.3,69.0
2023-08-09T00:00,46.1,24.7,218.0,6.7,8.8,69.0
2023-08-09T01:00,45.9,24.9,230.0,7.6,9.7,68.0
2023-08-09T02:00,46.6,25.6,247.0,8.8,10.9,67.0
2023-08-09T03:00,48.2,26.1,256.0,9.2,11.8,72.0
2023-08-09T04:00,47.6,25.6,252.0,8.0,12.4,89.0
2023-08-09T05:00,46.2,24.6,241.0,6.0,12.8,113.0
2023-08-09T06:00,43.1,22.4,229.0,4.3,12.4,130.0
2023-08-09T07:00,42.0,21.3,217.0,3.2,10.5,135.0
2023-08-09T08:00,43.5,21.0,205.0,2.4,7.8,133.0
2023-08-09T09:00,47.1,21.6,197.0,2.4,5.9,130.0
2023-08-09T10:00,49.4,21.9,196.0,3.5,5.6,125.0
2023-08-09T11:00,50.3,22.2,200.0,5.4,6.1,119.0
2023-08-09T12:00,62.4,30.0,220.0,5.9,7.2,120.0
2023-08-09T13:00,59.3,30.4,221.0,6.3,7.1,114.0
2023-08-09T14:00,58.8,30.2,224.0,7.0,7.0,107.0
2023-08-09T15:00,58.6,29.9,228.0,7.7,7.0,100.0
2023-08-09T16:00,59.3,30.3,237.0,8.7,7.4,95.0
2023-08-09T17:00,58.8,30.6,248.0,9.8,7.9,92.0
2023-08-09T18:00,56.8,29.7,252.0,10.3,8.3,89.0
2023-08-09T19:00,56.9,29.4,243.0,9.4,7.9,88.0
2023-08-09T20:00,53.0,27.7,227.0,7.9,7.2,87.0
2023-08-09T21:00,47.7,25.2,220.0,7.0,7.8,84.0
2023-08-09T22:00,48.9,26.4,230.0,7.5,10.9,77.0
2023-08-09T23:00,58.1,31.3,249.0,8.8,15.1,68.0
2023-08-10T00:00,44.4,26.3,217.0,9.4,19.1,63.0
2023-08-10T01:00,45.1,25.1,224.0,9.9,18.0,60.0
2023-08-10T02:00,46.6,24.6,235.0,10.4,16.5,58.0
2023-08-10T03:00,51.8,25.8,242.0,10.3,15.4,63.0
2023-08-10T04:00,54.4,26.9,244.0,8.8,15.3,84.0
2023-08-10T05:00,54.1,26.8,242.0,6.7,15.5,113.0
2023-08-10T06:00,53.9,26.8,240.0,4.9,15.2,137.0
2023-08-10T07:00,55.8,27.8,237.0,3.8,13.7,152.0
2023-08-10T08:00,57.6,28.8,233.0,3.1,11.6,162.0
2023-08-10T09:00,58.1,28.8,229.0,3.0,9.8,165.0
2023-08-10T10:00,57.3,27.7,222.0,3.6,8.3,157.0
2023-08-10T11:00,56.9,27.9,215.0,4.8,7.1,141.0
2023-08-10T12:00,62.4,31.3,220.0,6.6,6.1,124.0
2023-08-10T13:00,59.6,30.4,235.0,9.1,7.1,115.0
2023-08-10T14:00,58.1,29.9,256.0,12.7,8.5,101.0
2023-08-10T15:00,57.5,30.3,276.0,15.5,9.8,90.0
2023-08-10T16:00,58.0,31.3,298.0,17.3,11.0,82.0
2023-08-10T17:00,57.5,31.5,319.0,18.3,12.1,75.0
2023-08-10T18:00,54.6,30.6,326.0,18.1,12.5,72.0
2023-08-10T19:00,52.0,28.8,307.0,15.7,11.6,74.0
2023-08-10T20:00,44.1,25.5,274.0,11.9,10.0,78.0
2023-08-10T21:00,41.8,24.9,251.0,9.3,9.1,80.0
2023-08-10T22:00,42.1,25.7,247.0,8.8,9.7,76.0
2023-08-10T23:00,43.5,26.9,252.0,9.4,11.0,70.0
2023-08-11T00:00,41.2,25.4,276.0,11.4,8.3,40.0
2023-08-11T01:00,41.9,24.9,278.0,11.7,8.4,42.0
2023-08-11T02:00,44.4,25.4,281.0,12.1,8.6,45.0
2023-08-11T03:00,52.9,27.2,277.0,11.8,9.3,54.0
2023-08-11T04:00,59.0,26.8,260.0,10.4,11.0,72.0
2023-08-11T05:00,64.7,28.2,238.0,8.3,13.3,95.0
2023-08-11T06:00,65.7,28.6,222.0,6.6,14.7,116.0
2023-08-11T07:00,64.7,29.2,221.0,5.4,14.6,134.0
2023-08-11T08:00,62.6,29.5,226.0,4.4,13.7,151.0
2023-08-11T09:00,60.1,29.3,232.0,4.1,12.9,160.0
2023-08-11T10:00,59.0,29.3,231.0,4.5,12.5,158.0
2023-08-11T11:00,58.2,29.5,230.0,5.5,12.3,149.0
2023-08-11T12:00,81.0,37.0,237.0,6.5,10.4,152.0
2023-08-11T13:00,79.2,38.0,264.0,9.7,10.9,139.0
2023-08-11T14:00,75.0,37.8,300.0,14.1,11.6,120.0
2023-08-11T15:00,70.3,36.9,322.0,16.9,11.9,103.0
2023-08-11T16:00,65.7,35.4,321.0,16.8,11.7,91.0
2023-08-11T17:00,57.9,32.0,306.0,15.3,11.2,81.0
2023-08-11T18:00,46.0,26.8,285.0,13.4,10.5,74.0
2023-08-11T19:00,36.9,22.4,256.0,11.5,9.6,72.0
2023-08-11T20:00,30.4,18.5,221.0,9.3,8.5,72.0
2023-08-11T21:00,27.2,16.6,196.0,7.6,7.6,72.0
2023-08-11T22:00,25.7,16.1,187.0,6.7,6.8,69.0
2023-08-11T23:00,25.4,16.1,188.0,6.3,6.3,65.0
2023-08-12T00:00,33.4,21.2,222.0,7.2,8.8,59.0
2023-08-12T01:00,32.9,21.5,241.0,8.6,9.6,58.0
2023-08-12T02:00,33.1,22.1,267.0,10.5,10.7,57.0
2023-08-12T03:00,37.4,24.0,285.0,11.2,11.8,65.0
2023-08-12T04:00,46.9,28.5,289.0,9.7,12.9,91.0
2023-08-12T05:00,53.9,30.6,286.0,7.2,13.9,125.0
2023-08-12T06:00,56.2,29.3,278.0,5.0,14.0,151.0
2023-08-12T07:00,58.0,29.0,265.0,3.6,12.4,161.0
2023-08-12T08:00,58.6,29.3,248.0,2.7,10.0,162.0
2023-08-12T09:00,57.7,28.9,236.0,2.6,8.1,159.0
2023-08-12T10:00,57.5,28.7,228.0,3.4,7.3,151.0
2023-08-12T11:00,56.1,28.6,224.0,4.9,7.2,138.0
2023-08-12T12:00,54.6,29.6,245.0,7.8,8.3,125.0
2023-08-12T13:00,53.8,30.4,273.0,12.6,12.8,114.0
2023-08-12T14:00,52.3,30.6,310.0,19.1,19.0,97.0
2023-08-12T15:00,51.8,30.6,336.0,23.4,22.9,84.0
2023-08-12T16:00,52.3,30.9,340.0,23.7,22.5,76.0
2023-08-12T17:00,49.5,29.8,332.0,21.8,19.9,70.0
2023-08-12T18:00,45.5,27.4,319.0,19.5,16.9,66.0
2023-08-12T19:00,40.3,24.7,299.0,17.0,13.7,63.0
2023-08-12T20:00,36.4,22.6,273.0,14.1,10.1,61.0
2023-08-12T21:00,35.0,21.9,252.0,11.7,7.9,60.0
2023-08-12T22:00,35.6,21.9,238.0,10.2,7.9,60.0
2023-08-12T23:00,37.6,22.3,230.0,9.3,9.3,61.0
2023-08-13T00:00,40.2,23.7,222.0,8.5,10.1,57.0
2023-08-13T01:00,42.3,24.1,235.0,9.5,10.1,56.0
2023-08-13T02:00,45.2,24.9,253.0,10.8,10.2,55.0
2023-08-13T03:00,48.2,25.9,264.0,11.2,10.6,62.0
2023-08-13T04:00,49.9,27.2,264.0,9.9,11.7,83.0
2023-08-13T05:00,49.0,27.0,257.0,7.7,13.1,111.0
2023-08-13T06:00,46.6,25.5,251.0,5.8,13.9,135.0
2023-08-13T07:00,44.7,23.8,246.0,4.5,13.5,153.0
2023-08-13T08:00,45.3,23.6,241.0,3.6,12.5,166.0
2023-08-13T09:00,47.8,25.0,238.0,3.3,11.4,172.0
2023-08-13T10:00,50.4,26.0,237.0,4.0,10.3,166.0
2023-08-13T11:00,53.3,26.7,238.0,5.4,9.3,152.0
2023-08-13T12:00,57.7,30.0,252.0,7.3,8.9,136.0
2023-08-13T13:00,56.7,30.5,280.0,11.4,11.4,125.0
2023-08-13T14:00,56.6,31.5,318.0,17.0,14.7,109.0
2023-08-13T15:00,56.1,32.0,343.0,20.4,16.5,97.0
2023-08-13T16:00,57.5,33.2,344.0,19.8,15.4,93.0
2023-08-13T17:00,57.6,32.8,332.0,17.0,12.8,94.0
2023-08-13T18:00,54.2,29.7,312.0,13.9,10.5,95.0
2023-08-13T19:00,52.7,27.6,279.0,10.6,8.9,98.0
2023-08-13T20:00,53.0,27.4,239.0,7.0,7.6,101.0
2023-08-13T21:00,54.7,28.3,213.0,4.7,7.5,101.0
2023-08-13T22:00,56.3,29.3,210.0,4.6,9.2,92.0
2023-08-13T23:00,55.5,29.2,220.0,5.9,12.0,79.0
2023-08-14T00:00,59.8,34.9,273.0,8.9,17.0,68.0
2023-08-14T01:00,63.3,37.0,292.0,10.7,20.3,64.0
2023-08-14T02:00,66.4,38.8,318.0,13.2,24.7,60.0
2023-08-14T03:00,69.4,39.8,332.0,14.1,27.2,65.0
2023-08-14T04:00,72.4,41.1,325.0,12.2,26.4,88.0
2023-08-14T05:00,69.6,39.1,306.0,8.8,23.7,121.0
2023-08-14T06:00,65.0,35.5,286.0,6.0,20.7,145.0
2023-08-14T07:00,61.5,32.4,264.0,4.3,17.3,153.0
2023-08-14T08:00,58.7,30.2,239.0,3.1,13.6,153.0
2023-08-14T09:00,55.3,27.6,223.0,2.8,11.1,151.0
2023-08-14T10:00,53.4,26.8,219.0,3.7,10.8,149.0
2023-08-14T11:00,54.5,28.1,223.0,5.6,11.7,145.0
2023-08-14T12:00,72.6,38.4,281.0,9.9,16.6,151.0
2023-08-14T13:00,72.4,39.6,307.0,12.7,16.9,137.0
2023-08-14T14:00,73.1,41.2,342.0,16.4,17.2,118.0
2023-08-14T15:00,70.1,40.3,359.0,18.4,16.5,104.0
2023-08-14T16:00,66.1,38.0,342.0,16.9,13.8,99.0
2023-08-14T17:00,59.5,33.8,308.0,13.7,10.2,98.0
2023-08-14T18:00,51.0,28.6,280.0,10.9,8.0,97.0
2023-08-14T19:00,51.7,28.6,269.0,9.2,8.2,96.0
2023-08-14T20:00,55.1,30.6,265.0,8.0,9.7,96.0
2023-08-14T21:00,57.9,32.5,263.0,7.5,11.7,92.0
2023-08-14T22:00,60.5,35.0,262.0,8.0,14.5,82.0
2023-08-14T23:00,60.8,36.1,263.0,9.1,17.7,70.0
2023-08-15T00:00,57.4,33.1,251.0,8.6,19.6,71.0
2023-08-15T01:00,57.2,33.8,257.0,9.8,19.9,68.0
2023-08-15T02:00,54.0,31.5,265.0,11.3,20.2,65.0
2023-08-15T03:00,52.7,31.1,271.0,11.9,20.2,69.0
2023-08-15T04:00,54.1,32.0,275.0,10.6,19.6,86.0
2023-08-15T05:00,57.2,33.5,278.0,8.4,18.5,109.0
2023-08-15T06:00,58.6,33.4,276.0,6.4,17.3,129.0
2023-08-15T07:00,56.3,31.1,265.0,4.9,15.8,143.0
2023-08-15T08:00,55.4,28.6,248.0,3.7,14.2,153.0
2023-08-15T09:00,56.5,28.1,235.0,3.3,12.8,158.0
2023-08-15T10:00,59.8,29.0,227.0,4.0,11.9,155.0
2023-08-15T11:00,61.7,29.9,221.0,5.4,11.2,146.0
2023-08-15T12:00,68.9,34.2,254.0,8.7,9.0,137.0
2023-08-15T13:00,69.4,36.1,254.0,9.5,9.2,131.0
2023-08-15T14:00,69.8,36.4,255.0,10.5,9.5,122.0
2023-08-15T15:00,67.8,35.4,251.0,10.8,9.3,115.0
2023-08-15T16:00,64.0,33.5,241.0,9.6,8.1,111.0
2023-08-15T17:00,61.0,32.4,226.0,7.6,6.6,109.0
2023-08-15T18:00,57.7,31.0,214.0,6.3,5.7,103.0
2023-08-15T19:00,53.9,29.2,206.0,6.3,6.1,91.0
2023-08-15T20:00,48.8,26.7,200.0,7.0,7.2,76.0
2023-08-15T21:00,43.5,23.9,195.0,7.8,8.7,64.0
2023-08-15T22:00,41.0,22.9,186.0,8.5,10.7,57.0
2023-08-15T23:00,39.0,22.0,178.0,9.4,13.0,54.0
2023-08-16T00:00,37.7,22.2,193.0,11.1,17.0,51.0
2023-08-16T01:00,36.4,21.6,211.0,11.4,17.0,51.0
2023-08-16T02:00,37.1,22.2,236.0,11.8,16.9,53.0
2023-08-16T03:00,41.9,24.8,255.0,11.4,16.7,62.0
2023-08-16T04:00,51.8,29.8,261.0,9.5,16.5,86.0
2023-08-16T05:00,59.8,32.8,261.0,6.9,16.1,118.0
2023-08-16T06:00,57.2,29.5,258.0,4.8,15.4,143.0
2023-08-16T07:00,55.4,27.5,252.0,3.6,14.1,158.0
2023-08-16T08:00,55.3,26.8,243.0,2.8,12.5,166.0
2023-08-16T09:00,56.5,27.5,236.0,2.9,11.1,167.0
2023-08-16T10:00,58.4,27.9,231.0,4.1,10.1,158.0
2023-08-16T11:00,59.3,27.7,228.0,6.0,9.3,143.0
2023-08-16T12:00,71.0,32.0,248.0,7.2,9.7,144.0
2023-08-16T13:00,69.2,33.6,261.0,8.9,9.5,133.0
2023-08-16T14:00,64.3,32.2,278.0,11.2,9.1,118.0
2023-08-16T15:00,60.3,31.0,284.0,12.2,8.5,107.0
2023-08-16T16:00,58.4,30.0,268.0,10.8,7.3,104.0
2023-08-16T17:00,56.2,29.0,240.0,8.2,5.9,104.0
2023-08-16T18:00,53.1,27.6,215.0,6.2,5.0,101.0
2023-08-16T19:00,50.9,26.4,199.0,5.6,4.7,91.0
2023-08-16T20:00,48.1,24.6,186.0,5.6,5.0,77.0
2023-08-16T21:00,44.6,22.5,177.0,6.1,6.0,65.0
2023-08-16T22:00,39.8,20.4,171.0,7.3,8.4,56.0
2023-08-16T23:00,37.3,20.0,170.0,9.0,11.6,50.0
2023-08-17T00:00,40.2,23.3,213.0,11.4,16.0,47.0
2023-08-17T01:00,41.0,23.2,227.0,11.7,16.0,48.0
2023-08-17T02:00,40.3,23.1,247.0,12.0,16.0,50.0
2023-08-17T03:00,43.4,24.5,262.0,11.5,15.8,60.0
2023-08-17T04:00,50.4,28.5,268.0,9.7,15.4,84.0
2023-08-17T05:00,56.3,32.2,269.0,7.1,14.7,116.0
2023-08-17T06:00,51.5,29.2,265.0,5.0,13.6,140.0
2023-08-17T07:00,46.6,26.1,254.0,3.5,11.7,151.0
2023-08-17T08:00,43.7,23.9,238.0,2.4,9.3,154.0
2023-08-17T09:00,42.8,22.8,230.0,2.6,7.4,152.0
2023-08-17T10:00,42.0,21.6,235.0,4.7,6.4,142.0
2023-08-17T11:00,41.8,20.9,247.0,8.1,5.8,127.0
2023-08-17T12:00,44.1,23.2,264.0,13.5,7.2,106.0
2023-08-17T13:00,46.7,24.7,271.0,14.0,7.0,103.0
2023-08-17T14:00,48.8,26.0,280.0,14.8,6.7,99.0
2023-08-17T15:00,52.7,27.0,283.0,15.1,6.5,94.0
2023-08-17T16:00,59.6,28.9,274.0,14.6,6.5,90.0
2023-08-17T17:00,61.7,30.4,260.0,13.8,6.6,85.0
2023-08-17T18:00,57.4,29.3,248.0,13.1,7.1,79.0
2023-08-17T19:00,54.5,27.4,246.0,13.0,8.7,71.0
2023-08-17T20:00,54.6,26.1,247.0,13.1,10.7,61.0
2023-08-17T21:00,54.5,24.4,242.0,12.7,11.7,54.0
2023-08-17T22:00,49.5,21.7,219.0,11.0,10.6,50.0
2023-08-17T23:00,39.9,17.9,190.0,8.8,8.4,49.0
2023-08-18T00:00,45.3,25.4,266.0,13.9,11.1,34.0
2023-08-18T01:00,44.1,25.3,298.0,15.5,11.1,32.0
2023-08-18T02:00,43.1,25.4,341.0,17.4,11.1,30.0
2023-08-18T03:00,40.9,24.4,356.0,17.8,11.1,34.0
2023-08-18T04:00,33.5,20.3,319.0,15.0,11.4,48.0
2023-08-18T05:00,28.8,17.3,255.0,10.5,11.7,67.0
2023-08-18T06:00,28.8,17.3,204.0,7.0,11.7,82.0
2023-08-18T07:00,26.8,15.1,179.0,5.3,11.1,91.0
2023-08-18T08:00,26.5,13.8,167.0,4.7,10.1,95.0
2023-08-18T09:00,28.5,13.6,168.0,5.2,9.2,97.0
2023-08-18T10:00,30.4,13.7,187.0,7.5,8.3,94.0
2023-08-18T11:00,33.2,14.8,218.0,10.9,7.3,88.0
2023-08-18T12:00,31.9,14.9,229.0,12.8,6.2,81.0
2023-08-18T13:00,37.0,18.0,257.0,15.5,6.7,78.0
2023-08-18T14:00,41.2,20.5,294.0,19.1,7.3,74.0
2023-08-18T15:00,42.0,20.8,312.0,20.8,7.6,70.0
2023-08-18T16:00,42.3,21.4,290.0,18.5,7.1,69.0
2023-08-18T17:00,42.0,22.0,249.0,14.2,6.3,68.0
2023-08-18T18:00,41.0,21.1,218.0,11.1,6.2,66.0
2023-08-18T19:00,41.9,20.6,211.0,10.7,7.5,61.0
2023-08-18T20:00,46.2,21.5,214.0,11.6,9.6,54.0
2023-08-18T21:00,45.9,22.5,223.0,12.5,11.1,47.0
2023-08-18T22:00,44.4,22.6,235.0,13.2,11.5,40.0
2023-08-18T23:00,39.9,21.8,252.0,14.0,11.4,34.0
2023-08-19T00:00,34.6,21.2,295.0,16.7,12.0,26.0
2023-08-19T01:00,33.5,20.9,313.0,16.5,11.9,30.0
2023-08-19T02:00,32.6,20.7,337.0,16.1,11.7,37.0
2023-08-19T03:00,29.1,18.6,340.0,15.0,11.6,45.0
2023-08-19T04:00,23.7,15.3,303.0,12.8,12.0,56.0
2023-08-19T05:00,23.6,14.7,246.0,10.0,12.5,68.0
2023-08-19T06:00,25.7,15.4,201.0,7.5,12.2,80.0
2023-08-19T07:00,26.5,14.8,181.0,5.4,10.4,92.0
2023-08-19T08:00,28.1,14.5,174.0,3.6,7.9,104.0
2023-08-19T09:00,29.9,14.2,175.0,3.0,6.1,111.0
2023-08-19T10:00,33.3,14.9,184.0,4.2,5.5,112.0
2023-08-19T11:00,39.2,18.5,200.0,6.7,5.7,109.0
2023-08-19T12:00,34.2,16.4,232.0,12.5,5.4,88.0
2023-08-19T13:00,37.4,18.3,280.0,16.8,7.7,77.0
2023-08-19T14:00,42.1,21.2,345.0,22.6,10.7,62.0
2023-08-19T15:00,48.1,24.4,388.0,26.4,12.9,50.0
2023-08-19T16:00,50.4,24.6,389.0,26.0,13.3,47.0
2023-08-19T17:00,53.4,25.5,368.0,23.5,12.9,47.0
2023-08-19T18:00,51.7,24.9,350.0,21.6,12.1,46.0
2023-08-19T19:00,45.6,22.6,348.0,21.6,11.1,40.0
2023-08-19T20:00,39.7,21.6,349.0,22.2,9.7,33.0
2023-08-19T21:00,32.4,19.2,340.0,21.8,8.6,27.0
2023-08-19T22:00,24.2,15.5,309.0,19.5,7.8,23.0
2023-08-19T23:00,17.4,11.8,268.0,16.2,7.2,21.0
2023-08-20T00:00,14.9,10.3,271.0,15.9,7.5,18.0
2023-08-20T01:00,14.0,9.5,277.0,15.3,8.2,22.0
2023-08-20T02:00,16.2,10.8,284.0,14.5,9.3,27.0
2023-08-20T03:00,17.9,11.8,281.0,13.1,10.6,37.0
2023-08-20T04:00,19.9,12.6,258.0,10.9,12.4,53.0
2023-08-20T05:00,24.3,14.5,225.0,8.2,14.5,74.0
2023-08-20T06:00,27.0,14.3,200.0,6.0,15.5,93.0
2023-08-20T07:00,27.5,13.0,190.0,4.4,14.7,111.0
2023-08-20T08:00,30.6,14.1,188.0,3.3,12.9,127.0
2023-08-20T09:00,33.9,15.5,190.0,3.0,11.0,136.0
2023-08-20T10:00,35.9,16.1,196.0,3.9,9.3,132.0
2023-08-20T11:00,35.9,15.9,206.0,5.6,7.6,120.0
2023-08-20T12:00,42.0,19.1,210.0,7.1,8.4,120.0
2023-08-20T13:00,38.3,19.0,209.0,7.0,7.3,113.0
2023-08-20T14:00,33.9,16.9,208.0,6.9,5.8,102.0
2023-08-20T15:00,31.4,15.5,205.0,6.7,4.8,94.0
2023-08-20T16:00,31.3,15.3,201.0,6.5,4.7,90.0
2023-08-20T17:00,32.0,15.5,196.0,6.3,5.1,88.0
2023-08-20T18:00,33.6,16.5,190.0,6.0,5.4,87.0
2023-08-20T19:00,34.6,17.2,181.0,5.1,5.3,87.0
2023-08-20T20:00,35.2,17.3,172.0,4.1,5.1,88.0
2023-08-20T21:00,35.5,17.0,172.0,3.9,5.4,84.0
2023-08-20T22:00,35.3,17.0,189.0,5.3,6.3,71.0
2023-08-20T23:00,36.4,18.2,215.0,7.5,7.5,55.0
2023-08-21T00:00,33.4,16.8,207.0,6.9,7.4,53.0
2023-08-21T01:00,34.8,18.8,236.0,8.7,9.6,52.0
2023-08-21T02:00,37.0,21.2,274.0,11.0,12.7,52.0
2023-08-21T03:00,43.3,25.0,298.0,11.9,15.0,60.0
2023-08-21T04:00,48.3,27.5,292.0,10.1,15.9,85.0
2023-08-21T05:00,50.9,29.0,271.0,7.0,16.0,118.0
2023-08-21T06:00,48.3,27.4,253.0,4.5,15.3,144.0
2023-08-21T07:00,48.7,27.5,247.0,3.3,13.5,158.0
2023-08-21T08:00,49.6,27.3,243.0,2.7,11.0,165.0
2023-08-21T09:00,48.8,25.7,239.0,2.7,9.0,165.0
2023-08-21T10:00,46.6,23.6,229.0,3.4,8.1,155.0
2023-08-21T11:00,45.3,22.8,217.0,4.6,7.6,139.0
2023-08-21T12:00,58.4,29.2,235.0,5.9,10.2,140.0
2023-08-21T13:00,57.4,29.8,240.0,7.0,9.5,130.0
2023-08-21T14:00,52.5,27.9,246.0,8.5,8.5,117.0
2023-08-21T15:00,47.6,25.4,246.0,9.3,7.5,105.0
2023-08-21T16:00,43.5,23.2,235.0,8.7,6.6,98.0
2023-08-21T17:00,41.2,21.7,217.0,7.4,5.9,92.0
2023-08-21T18:00,40.2,20.8,202.0,6.3,5.3,87.0
2023-08-21T19:00,40.2,20.6,193.0,5.7,5.1,82.0
2023-08-21T20:00,39.6,20.2,186.0,5.3,5.1,76.0
2023-08-21T21:00,37.7,19.3,179.0,5.0,5.3,73.0
2023-08-21T22:00,34.8,17.8,168.0,4.7,5.6,72.0
2023-08-21T23:00,32.2,16.1,158.0,4.4,6.1,73.0
2023-08-22T00:00,30.7,16.2,185.0,6.0,6.7,64.0
2023-08-22T01:00,28.9,15.7,198.0,7.4,9.8,62.0
2023-08-22T02:00,31.5,17.8,217.0,9.1,14.0,61.0
2023-08-22T03:00,35.4,21.0,227.0,9.8,16.8,66.0
2023-08-22T04:00,35.9,21.3,223.0,8.3,16.8,84.0
2023-08-22T05:00,32.1,18.2,210.0,5.6,15.4,110.0
2023-08-22T06:00,31.7,17.4,200.0,3.6,13.8,129.0
2023-08-22T07:00,32.8,17.8,194.0,2.7,12.4,138.0
2023-08-22T08:00,34.7,18.6,190.0,2.5,10.9,141.0
2023-08-22T09:00,37.3,19.6,189.0,2.7,9.8,141.0
2023-08-22T10:00,39.9,20.8,190.0,3.5,9.3,140.0
2023-08-22T11:00,41.9,21.8,193.0,4.8,9.3,137.0
2023-08-22T12:00,37.4,20.1,192.0,6.0,8.2,126.0
2023-08-22T13:00,39.1,21.5,208.0,7.9,8.3,119.0
2023-08-22T14:00,40.5,22.5,229.0,10.5,8.5,110.0
2023-08-22T15:00,41.8,23.2,243.0,12.2,8.6,102.0
2023-08-22T16:00,42.4,23.6,244.0,12.2,8.5,97.0
2023-08-22T17:00,42.6,23.6,237.0,11.2,8.2,94.0
2023-08-22T18:00,42.0,23.1,225.0,9.9,8.0,91.0
2023-08-22T19:00,40.2,21.9,201.0,7.9,7.4,90.0
2023-08-22T20:00,38.5,20.6,172.0,5.5,6.7,90.0
2023-08-22T21:00,31.0,17.2,156.0,4.3,7.4,87.0
2023-08-22T22:00,26.8,15.9,166.0,5.4,10.7,79.0
2023-08-22T23:00,30.5,18.8,190.0,7.8,15.3,68.0
2023-08-23T00:00,36.7,23.4,216.0,9.8,18.7,62.0
2023-08-23T01:00,37.1,23.4,222.0,10.4,18.0,61.0
2023-08-23T02:00,36.0,22.4,230.0,11.1,17.1,61.0
2023-08-23T03:00,35.0,21.4,234.0,11.0,16.3,68.0
2023-08-23T04:00,35.7,21.3,231.0,9.2,15.9,88.0
2023-08-23T05:00,38.2,22.2,223.0,6.5,15.6,115.0
2023-08-23T06:00,39.8,22.6,215.0,4.3,14.7,136.0
2023-08-23T07:00,39.7,21.8,206.0,3.1,12.7,145.0
2023-08-23T08:00,42.1,22.1,197.0,2.4,10.1,149.0
2023-08-23T09:00,44.6,22.4,189.0,2.4,8.3,148.0
2023-08-23T10:00,46.0,22.9,184.0,3.3,8.0,143.0
2023-08-23T11:00,47.5,23.7,180.0,4.9,8.5,134.0
2023-08-23T12:00,52.9,27.2,214.0,7.5,6.9,123.0
2023-08-23T13:00,51.6,27.6,221.0,8.7,7.3,119.0
2023-08-23T14:00,50.2,27.3,230.0,10.4,7.8,113.0
2023-08-23T15:00,50.3,27.4,229.0,11.0,8.0,108.0
2023-08-23T16:00,51.6,27.5,211.0,9.7,7.7,104.0
2023-08-23T17:00,49.9,26.2,184.0,7.5,7.0,101.0
2023-08-23T18:00,46.9,24.3,162.0,5.6,6.4,98.0
2023-08-23T19:00,43.3,22.2,149.0,4.4,5.6,95.0
2023-08-23T20:00,40.6,20.9,140.0,3.5,4.8,91.0
2023-08-23T21:00,39.7,20.8,140.0,3.2,4.7,87.0
2023-08-23T22:00,41.6,22.2,153.0,3.9,5.9,80.0
2023-08-23T23:00,44.1,23.8,175.0,5.3,7.8,72.0
2023-08-24T00:00,44.7,26.6,207.0,8.3,16.5,70.0
2023-08-24T01:00,45.4,26.8,212.0,9.5,17.8,67.0
2023-08-24T02:00,45.5,26.4,220.0,11.0,19.5,65.0
2023-08-24T03:00,44.8,26.0,225.0,11.4,20.2,69.0
2023-08-24T04:00,46.0,26.5,226.0,9.6,19.1,87.0
2023-08-24T05:00,48.1,27.2,225.0,6.6,16.9,113.0
2023-08-24T06:00,48.3,26.5,221.0,4.3,14.6,133.0
2023-08-24T07:00,46.4,24.7,213.0,3.1,12.3,142.0
2023-08-24T08:00,47.7,24.1,204.0,2.5,9.9,145.0
2023-08-24T09:00,48.8,24.3,196.0,2.6,8.1,144.0
2023-08-24T10:00,49.1,24.3,194.0,3.8,7.5,138.0
2023-08-24T11:00,49.0,24.3,194.0,5.6,7.5,128.0
2023-08-24T12:00,52.9,26.9,206.0,7.4,7.9,127.0
2023-08-24T13:00,53.0,27.6,198.0,7.3,7.6,121.0
2023-08-24T14:00,51.0,26.5,187.0,7.1,7.3,113.0
2023-08-24T15:00,51.2,26.0,177.0,6.8,6.8,107.0
2023-08-24T16:00,49.2,24.5,167.0,6.1,6.1,104.0
2023-08-24T17:00,46.7,23.2,157.0,5.2,5.4,102.0
2023-08-24T18:00,43.8,22.2,153.0,4.6,4.9,100.0
2023-08-24T19:00,42.6,22.4,161.0,4.3,4.6,97.0
2023-08-24T20:00,43.4,23.0,176.0,4.3,4.6,93.0
2023-08-24T21:00,41.3,21.8,185.0,4.8,5.5,87.0
2023-08-24T22:00,36.2,19.2,181.0,6.2,8.0,76.0
2023-08-24T23:00,33.8,18.9,171.0,8.2,11.3,63.0
2023-08-25T00:00,32.1,18.6,183.0,9.6,13.9,56.0
2023-08-25T01:00,29.6,17.1,189.0,10.4,14.5,54.0
2023-08-25T02:00,28.5,16.4,197.0,11.4,15.4,53.0
2023-08-25T03:00,29.4,17.0,205.0,11.5,16.0,58.0
2023-08-25T04:00,32.9,19.6,216.0,10.1,16.2,76.0
2023-08-25T05:00,38.4,23.3,227.0,7.8,16.2,100.0
2023-08-25T06:00,41.8,25.3,231.0,5.8,15.3,118.0
2023-08-25T07:00,41.0,23.7,220.0,4.4,12.9,126.0
2023-08-25T08:00,40.4,21.9,202.0,3.3,9.6,129.0
2023-08-25T09:00,39.1,19.7,188.0,3.0,7.2,128.0
2023-08-25T10:00,40.5,20.2,184.0,4.0,6.5,124.0
2023-08-25T11:00,42.1,21.1,185.0,5.8,6.7,117.0
2023-08-25T12:00,49.2,25.0,197.0,6.9,7.0,115.0
2023-08-25T13:00,49.6,25.6,198.0,7.3,6.9,112.0
2023-08-25T14:00,49.4,25.4,199.0,7.7,6.8,107.0
2023-08-25T15:00,48.9,25.1,197.0,7.8,6.6,103.0
2023-08-25T16:00,48.7,24.8,188.0,7.1,6.2,101.0
2023-08-25T17:00,47.7,24.3,176.0,6.1,5.6,99.0
2023-08-25T18:00,47.4,24.2,167.0,5.3,5.2,96.0
2023-08-25T19:00,46.3,23.7,165.0,4.7,4.7,90.0
2023-08-25T20:00,44.1,22.6,166.0,4.4,4.4,81.0
2023-08-25T21:00,41.0,21.0,167.0,4.7,4.9,72.0
2023-08-25T22:00,36.7,19.1,166.0,6.3,6.9,60.0
2023-08-25T23:00,33.9,18.2,165.0,8.5,9.8,48.0
2023-08-26T00:00,31.0,17.0,168.0,9.7,11.5,42.0
2023-08-26T01:00,29.5,16.1,172.0,9.8,12.6,41.0
2023-08-26T02:00,28.9,15.5,178.0,9.9,14.0,40.0
2023-08-26T03:00,30.3,15.9,184.0,9.4,14.9,47.0
2023-08-26T04:00,34.6,18.8,192.0,7.9,15.0,67.0
2023-08-26T05:00,39.3,21.8,200.0,5.8,14.6,95.0
2023-08-26T06:00,43.0,23.5,202.0,4.1,13.7,115.0
2023-08-26T07:00,44.5,23.6,192.0,3.0,11.8,122.0
2023-08-26T08:00,45.5,23.4,177.0,2.4,9.4,122.0
2023-08-26T09:00,45.8,23.1,165.0,2.3,7.6,119.0
2023-08-26T10:00,45.9,22.9,158.0,2.8,6.7,114.0
2023-08-26T11:00,47.0,23.4,154.0,3.8,6.5,107.0
2023-08-26T12:00,50.6,26.1,169.0,6.5,6.4,92.0
2023-08-26T13:00,47.8,25.0,187.0,8.6,6.8,88.0
2023-08-26T14:00,48.4,25.4,211.0,11.5,7.5,82.0
2023-08-26T15:00,44.8,23.9,229.0,13.6,8.7,77.0
2023-08-26T16:00,39.6,22.4,234.0,14.4,11.0,76.0
2023-08-26T17:00,38.2,22.2,233.0,14.5,13.9,76.0
2023-08-26T18:00,34.9,20.4,228.0,14.2,15.7,75.0
2023-08-26T19:00,31.7,18.6,220.0,13.5,15.6,72.0
2023-08-26T20:00,29.6,17.5,209.0,12.3,14.5,68.0
2023-08-26T21:00,26.7,16.2,200.0,11.4,13.5,65.0
2023-08-26T22:00,25.0,15.3,194.0,10.7,13.0,62.0
2023-08-26T23:00,24.9,15.3,190.0,10.2,12.6,60.0
2023-08-27T00:00,15.1,9.9,161.0,7.8,9.3,57.0
2023-08-27T01:00,13.6,9.0,172.0,9.1,10.0,52.0
2023-08-27T02:00,12.8,8.6,187.0,10.8,11.0,45.0
2023-08-27T03:00,13.2,9.0,198.0,11.8,12.4,45.0
2023-08-27T04:00,15.1,10.2,199.0,11.3,14.5,55.0
2023-08-27T05:00,18.2,12.1,196.0,10.1,16.9,71.0
2023-08-27T06:00,19.5,12.7,192.0,8.9,18.7,87.0
2023-08-27T07:00,20.7,13.3,189.0,7.6,19.6,103.0
2023-08-27T08:00,22.1,13.9,186.0,6.3,19.9,118.0
2023-08-27T09:00,25.0,15.5,187.0,6.0,19.7,128.0
2023-08-27T10:00,26.5,16.4,195.0,7.5,19.0,130.0
2023-08-27T11:00,27.4,16.6,208.0,9.9,17.9,126.0
2023-08-27T12:00,30.3,17.6,214.0,13.3,19.3,106.0
2023-08-27T13:00,32.2,19.1,239.0,15.5,17.0,98.0
2023-08-27T14:00,33.9,19.8,274.0,18.5,13.8,87.0
2023-08-27T15:00,36.2,20.8,296.0,19.8,11.1,80.0
2023-08-27T16:00,40.2,22.6,294.0,18.1,9.6,80.0
2023-08-27T17:00,43.0,24.0,280.0,14.7,8.6,82.0
2023-08-27T18:00,42.3,23.9,264.0,11.6,7.8,85.0
2023-08-27T19:00,41.1,23.5,248.0,9.0,6.8,86.0
2023-08-27T20:00,40.5,23.3,230.0,6.7,6.1,87.0
2023-08-27T21:00,42.6,25.3,216.0,5.3,6.5,86.0
2023-08-27T22:00,42.8,26.3,209.0,5.4,8.9,82.0
2023-08-27T23:00,41.9,26.2,206.0,6.4,12.4,76.0
2023-08-28T00:00,46.3,29.6,236.0,9.0,17.8,67.0
2023-08-28T01:00,43.4,28.0,244.0,10.1,18.7,66.0
2023-08-28T02:00,41.7,27.1,255.0,11.6,20.0,64.0
2023-08-28T03:00,40.7,26.7,261.0,12.5,20.5,64.0
2023-08-28T04:00,39.1,25.5,258.0,12.2,19.5,68.0
2023-08-28T05:00,36.7,23.2,250.0,11.4,17.8,74.0
2023-08-28T06:00,35.2,21.7,244.0,10.8,16.5,80.0
2023-08-28T07:00,35.2,21.6,244.0,10.8,16.4,86.0
2023-08-28T08:00,36.3,22.5,246.0,11.1,16.7,91.0
2023-08-28T09:00,38.9,23.9,250.0,11.5,16.3,95.0
2023-08-28T10:00,41.7,25.1,259.0,12.3,14.5,96.0
2023-08-28T11:00,43.4,25.5,271.0,13.3,12.1,95.0
2023-08-28T12:00,46.3,27.1,268.0,11.8,10.2,121.0
2023-08-28T13:00,47.8,27.6,282.0,13.4,9.8,109.0
2023-08-28T14:00,50.9,29.1,302.0,15.6,9.2,92.0
2023-08-28T15:00,49.8,28.9,316.0,17.0,8.9,80.0
2023-08-28T16:00,49.9,29.3,322.0,17.2,9.0,77.0
2023-08-28T17:00,51.6,30.9,323.0,16.7,9.3,79.0
2023-08-28T18:00,47.1,28.3,315.0,15.6,9.8,79.0
2023-08-28T19:00,41.6,25.5,287.0,13.6,10.5,76.0
2023-08-28T20:00,39.5,25.1,250.0,11.0,11.4,72.0
2023-08-28T21:00,37.5,24.5,230.0,9.6,12.7,67.0
2023-08-28T22:00,37.8,25.3,242.0,10.5,14.7,59.0
2023-08-28T23:00,39.8,26.9,272.0,12.5,17.1,49.0
2023-08-29T00:00,35.9,24.3,260.0,11.5,16.0,50.0
2023-08-29T01:00,36.6,24.7,271.0,12.0,15.4,49.0
2023-08-29T02:00,37.1,24.9,284.0,12.6,14.5,49.0
2023-08-29T03:00,32.8,21.2,283.0,12.5,13.9,52.0
2023-08-29T04:00,28.5,17.8,252.0,10.9,13.6,60.0
2023-08-29T05:00,26.1,15.4,205.0,8.5,13.4,71.0
2023-08-29T06:00,25.6,14.1,172.0,6.5,13.6,85.0
2023-08-29T07:00,26.0,14.4,164.0,5.2,14.5,105.0
2023-08-29T08:00,28.3,16.1,170.0,4.4,15.7,128.0
2023-08-29T09:00,30.7,17.5,179.0,4.3,16.1,144.0
2023-08-29T10:00,32.7,18.2,189.0,5.2,15.1,148.0
2023-08-29T11:00,36.0,19.7,203.0,6.9,13.4,144.0
2023-08-29T12:00,37.4,21.2,240.0,11.2,8.6,127.0
2023-08-29T13:00,40.4,22.7,236.0,10.8,8.1,125.0
2023-08-29T14:00,42.1,23.3,231.0,10.2,7.5,123.0
2023-08-29T15:00,43.0,23.6,227.0,9.5,6.9,119.0
2023-08-29T16:00,42.5,23.6,228.0,8.6,6.2,113.0
2023-08-29T17:00,41.9,23.6,230.0,7.6,5.5,105.0
2023-08-29T18:00,41.7,23.4,229.0,7.1,5.8,96.0
2023-08-29T19:00,38.0,21.2,222.0,7.5,8.0,86.0
2023-08-29T20:00,33.8,20.8,211.0,8.4,11.2,76.0
2023-08-29T21:00,34.3,21.5,205.0,9.1,13.6,67.0
2023-08-29T22:00,35.7,22.1,203.0,9.4,14.3,60.0
2023-08-29T23:00,36.0,22.0,205.0,9.6,14.1,54.0
2023-08-30T00:00,41.7,25.8,262.0,11.6,14.2,45.0
2023-08-30T01:00,40.7,25.1,285.0,12.3,13.9,47.0
2023-08-30T02:00,41.3,25.6,317.0,13.2,13.6,51.0
2023-08-30T03:00,43.7,27.0,337.0,13.0,13.5,65.0
2023-08-30T04:00,48.9,30.5,333.0,10.8,14.2,99.0
2023-08-30T05:00,52.9,33.3,318.0,7.6,15.2,143.0
2023-08-30T06:00,49.4,30.7,304.0,5.0,15.3,
2023-08-30T07:00,47.1,29.2,297.0,3.6,13.6,
2023-08-30T08:00,46.9,28.7,292.0,2.8,11.0,
2023-08-30T09:00,45.8,27.8,287.0,2.9,9.2,
2023-08-30T10:00,43.7,26.0,277.0,3.7,8.8,
2023-08-30T11:00,42.5,24.3,268.0,5.3,9.2,175.0
2023-08-30T12:00,55.1,31.8,302.0,8.9,10.7,
2023-08-30T13:00,54.4,31.3,344.0,14.5,11.4,170.0
2023-08-30T14:00,57.5,33.8,401.0,22.2,12.5,136.0
2023-08-30T15:00,57.5,34.6,427.0,26.9,14.0,109.0
2023-08-30T16:00,45.3,27.2,395.0,26.0,16.7,96.0
2023-08-30T17:00,39.6,24.5,333.0,22.1,19.8,90.0
2023-08-30T18:00,38.6,24.2,282.0,18.5,21.3,85.0
2023-08-30T19:00,37.5,23.6,256.0,16.0,19.9,81.0
2023-08-30T20:00,34.2,21.8,241.0,13.7,16.9,78.0
2023-08-30T21:00,31.1,20.0,232.0,11.9,14.4,76.0
2023-08-30T22:00,29.8,19.0,228.0,10.8,13.0,74.0
2023-08-30T23:00,31.3,20.1,231.0,10.1,12.1,74.0
2023-08-31T00:00,26.7,17.5,214.0,8.5,7.9,59.0
2023-08-31T01:00,25.7,16.9,231.0,9.8,8.5,56.0
2023-08-31T02:00,26.1,17.3,254.0,11.5,9.5,54.0
2023-08-31T03:00,28.1,18.5,269.0,12.1,10.9,62.0
2023-08-31T04:00,32.4,21.3,266.0,10.7,13.3,88.0
2023-08-31T05:00,35.4,23.1,255.0,8.3,16.1,125.0
2023-08-31T06:00,35.2,22.5,245.0,6.2,17.5,154.0
2023-08-31T07:00,35.6,22.5,241.0,4.6,16.1,171.0
2023-08-31T08:00,38.4,23.3,238.0,3.4,13.3,
2023-08-31T09:00,39.9,23.2,234.0,2.9,10.9,
2023-08-31T10:00,42.0,22.9,224.0,3.7,9.8,168.0
2023-08-31T11:00,40.6,21.6,212.0,5.2,9.2,144.0
2023-08-31T12:00,54.2,29.6,260.0,9.2,8.7,142.0
2023-08-31T13:00,51.7,28.9,272.0,10.9,8.6,128.0
2023-08-31T14:00,49.8,28.4,290.0,13.3,8.6,108.0
2023-08-31T15:00,48.9,28.1,306.0,15.1,8.8,93.0
2023-08-31T16:00,49.0,28.4,323.0,16.0,9.5,89.0
2023-08-31T17:00,49.5,28.9,340.0,16.4,10.4,91.0
2023-08-31T18:00,49.9,29.7,344.0,16.0,11.0,91.0
2023-08-31T19:00,51.6,32.2,326.0,14.4,11.0,87.0
2023-08-31T20:00,46.3,29.8,295.0,12.0,10.7,81.0
2023-08-31T21:00,42.0,27.6,269.0,10.1,10.4,76.0
2023-08-31T22:00,38.2,25.2,253.0,9.3,10.3,71.0
2023-08-31T23:00,35.7,23.9,242.0,9.1,10.2,65.0
2023-09-01T00:00,30.0,20.1,210.0,7.7,9.9,70.0
2023-09-01T01:00,29.7,20.1,230.0,8.8,9.8,69.0
2023-09-01T02:00,29.9,20.4,258.0,10.1,9.6,69.0
2023-09-01T03:00,30.7,21.1,277.0,10.5,9.9,77.0
2023-09-01T04:00,34.9,23.9,282.0,9.0,11.1,103.0
2023-09-01T05:00,38.4,26.0,280.0,6.4,12.8,139.0
2023-09-01T06:00,38.4,25.3,272.0,4.4,13.6,163.0
2023-09-01T07:00,36.7,23.3,257.0,3.3,12.7,167.0
2023-09-01T08:00,34.6,21.4,237.0,2.7,11.0,161.0
2023-09-01T09:00,33.5,20.4,221.0,2.7,9.7,153.0
2023-09-01T10:00,33.4,20.1,213.0,3.6,9.5,146.0
2023-09-01T11:00,35.7,21.2,210.0,5.0,9.8,137.0
2023-09-01T12:00,42.3,25.5,222.0,6.9,9.0,132.0
2023-09-01T13:00,45.3,26.7,223.0,7.4,9.1,128.0
2023-09-01T14:00,47.1,27.0,224.0,8.1,9.1,122.0
2023-09-01T15:00,45.9,25.4,221.0,8.4,8.8,113.0
2023-09-01T16:00,41.1,22.2,206.0,7.8,7.4,100.0
2023-09-01T17:00,35.9,19.2,186.0,6.7,5.7,85.0
2023-09-01T18:00,32.4,17.6,178.0,6.4,5.4,73.0
2023-09-01T19:00,30.0,17.1,193.0,7.6,7.8,67.0
2023-09-01T20:00,31.1,18.9,219.0,9.5,11.6,64.0
2023-09-01T21:00,32.9,21.2,242.0,10.8,14.3,62.0
2023-09-01T22:00,34.2,22.8,254.0,10.8,14.6,60.0
2023-09-01T23:00,33.8,22.8,263.0,10.2,13.7,59.0
2023-09-02T00:00,31.4,21.7,270.0,10.0,13.0,61.0
2023-09-02T01:00,30.7,21.1,275.0,10.2,12.9,65.0
2023-09-02T02:00,30.4,20.8,281.0,10.5,12.8,71.0
2023-09-02T03:00,30.6,20.9,283.0,10.1,12.8,82.0
2023-09-02T04:00,33.5,22.8,276.0,8.4,13.2,104.0
2023-09-02T05:00,36.2,24.3,264.0,6.1,13.8,131.0
2023-09-02T06:00,37.7,24.4,252.0,4.2,14.0,151.0
2023-09-02T07:00,38.4,23.7,239.0,3.2,13.4,159.0
2023-09-02T08:00,39.5,23.7,226.0,2.7,12.5,160.0
2023-09-02T09:00,39.8,23.2,216.0,2.8,11.6,158.0
2023-09-02T10:00,42.3,24.2,212.0,3.9,11.0,153.0
2023-09-02T11:00,44.7,25.4,212.0,5.6,10.5,144.0
2023-09-02T12:00,46.6,27.1,221.0,7.4,10.0,142.0
2023-09-02T13:00,46.1,27.0,228.0,8.7,9.3,130.0
2023-09-02T14:00,43.2,25.3,238.0,10.5,8.3,114.0
2023-09-02T15:00,39.2,23.5,251.0,12.2,7.9,99.0
2023-09-02T16:00,38.1,23.2,274.0,14.0,8.7,88.0
2023-09-02T17:00,39.7,25.1,300.0,15.7,10.0,79.0
2023-09-02T18:00,37.6,25.2,311.0,16.3,10.9,72.0
2023-09-02T19:00,34.6,23.9,293.0,14.9,10.9,69.0
2023-09-02T20:00,31.2,21.7,260.0,12.5,10.6,67.0
2023-09-02T21:00,29.0,20.0,235.0,10.7,10.4,66.0
2023-09-02T22:00,28.2,19.3,226.0,10.3,10.7,63.0
2023-09-02T23:00,28.5,19.4,225.0,10.5,11.2,59.0
2023-09-03T00:00,26.0,17.5,186.0,7.3,7.8,68.0
2023-09-03T01:00,26.3,17.8,204.0,8.6,8.7,65.0
2023-09-03T02:00,27.5,18.7,228.0,10.4,10.1,62.0
2023-09-03T03:00,28.8,19.4,244.0,11.1,11.3,66.0
2023-09-03T04:00,30.9,20.7,245.0,9.7,12.5,84.0
2023-09-03T05:00,31.7,21.0,238.0,7.2,13.7,109.0
2023-09-03T06:00,33.2,21.3,230.0,5.3,14.1,128.0
2023-09-03T07:00,34.0,21.7,221.0,4.5,13.1,136.0
2023-09-03T08:00,32.7,20.8,210.0,4.3,11.2,139.0
2023-09-03T09:00,32.6,20.4,205.0,4.8,9.8,138.0
2023-09-03T10:00,33.1,20.4,208.0,6.3,9.2,132.0
2023-09-03T11:00,32.2,19.8,215.0,8.6,9.0,122.0
2023-09-03T12:00,34.1,21.5,215.0,8.4,7.4,132.0
2023-09-03T13:00,36.1,22.6,232.0,10.2,9.2,126.0
2023-09-03T14:00,39.2,24.1,255.0,12.7,11.6,118.0
2023-09-03T15:00,40.5,24.4,268.0,14.2,13.2,109.0
2023-09-03T16:00,40.7,24.0,260.0,13.8,12.9,100.0
2023-09-03T17:00,38.3,22.6,241.0,12.3,11.7,90.0
2023-09-03T18:00,35.0,21.4,227.0,11.2,11.0,82.0
2023-09-03T19:00,31.7,20.3,227.0,11.0,11.5,75.0
2023-09-03T20:00,32.8,21.5,232.0,11.0,12.4,69.0
2023-09-03T21:00,34.7,22.8,233.0,10.9,12.6,64.0
2023-09-03T22:00,34.7,22.8,224.0,10.1,11.4,59.0
2023-09-03T23:00,32.5,21.5,211.0,9.1,9.6,54.0
2023-09-04T00:00,32.1,20.9,244.0,9.9,9.9,51.0
2023-09-04T01:00,33.5,22.0,260.0,10.8,10.3,49.0
2023-09-04T02:00,35.0,22.8,281.0,11.9,10.9,47.0
2023-09-04T03:00,35.9,23.1,286.0,12.2,11.4,48.0
2023-09-04T04:00,38.6,24.4,261.0,11.0,11.9,57.0
2023-09-04T05:00,39.6,24.3,220.0,9.1,12.5,69.0
2023-09-04T06:00,50.4,31.4,187.0,7.5,12.6,78.0
2023-09-04T07:00,32.4,20.4,168.0,6.4,12.1,79.0
2023-09-04T08:00,26.4,17.2,157.0,5.6,11.1,77.0
2023-09-04T09:00,23.2,15.4,156.0,5.9,10.4,73.0
2023-09-04T10:00,24.2,16.2,173.0,8.1,10.0,68.0
2023-09-04T11:00,24.2,16.8,201.0,11.4,9.9,63.0
2023-09-04T12:00,27.4,18.7,213.0,14.7,10.3,62.0
2023-09-04T13:00,25.0,17.3,230.0,16.5,11.0,56.0
2023-09-04T14:00,26.4,18.3,253.0,18.8,11.9,49.0
2023-09-04T15:00,27.4,18.9,265.0,19.8,12.2,44.0
2023-09-04T16:00,25.9,17.9,257.0,18.1,11.5,45.0
2023-09-04T17:00,22.5,15.8,239.0,15.1,10.2,48.0
2023-09-04T18:00,20.7,14.7,223.0,12.5,9.1,50.0
2023-09-04T19:00,19.7,14.1,213.0,11.0,8.3,49.0
2023-09-04T20:00,19.9,14.1,205.0,9.8,7.7,47.0
2023-09-04T21:00,19.8,14.0,198.0,9.0,7.3,45.0
2023-09-04T22:00,20.1,14.2,191.0,8.3,7.1,45.0
2023-09-04T23:00,20.6,14.5,185.0,7.9,7.0,45.0
2023-09-05T00:00,21.4,15.4,195.0,8.2,6.8,42.0
2023-09-05T01:00,21.0,15.1,213.0,9.7,7.5,41.0
2023-09-05T02:00,21.5,15.5,238.0,11.7,8.5,41.0
2023-09-05T03:00,23.2,16.6,253.0,12.5,9.5,46.0
2023-09-05T04:00,26.1,18.3,249.0,11.0,10.4,61.0
2023-09-05T05:00,29.5,20.1,235.0,8.3,11.2,80.0
2023-09-05T06:00,30.0,19.6,222.0,6.2,11.6,96.0
2023-09-05T07:00,29.7,18.7,211.0,5.0,11.3,106.0
2023-09-05T08:00,29.7,18.7,201.0,4.4,10.5,111.0
2023-09-05T09:00,29.0,18.4,199.0,5.2,9.8,110.0
2023-09-05T10:00,28.9,18.5,209.0,8.0,9.2,99.0
2023-09-05T11:00,29.3,18.9,227.0,12.2,8.7,80.0
2023-09-05T12:00,30.7,19.4,223.0,15.0,11.4,63.0
2023-09-05T13:00,32.1,20.9,269.0,20.3,11.8,53.0
2023-09-05T14:00,32.7,21.8,331.0,27.5,12.3,39.0
2023-09-05T15:00,32.7,21.9,368.0,,12.6,30.0
2023-09-05T16:00,31.4,21.2,356.0,28.8,12.7,29.0
2023-09-05T17:00,29.1,19.3,318.0,23.0,12.6,33.0
2023-09-05T18:00,28.8,19.1,286.0,18.0,12.1,36.0
2023-09-05T19:00,28.0,18.8,271.0,15.1,10.6,38.0
2023-09-05T20:00,24.3,16.5,262.0,12.8,8.7,39.0
2023-09-05T21:00,20.3,13.9,254.0,11.3,7.3,39.0
2023-09-05T22:00,16.8,11.5,243.0,10.6,7.0,36.0
2023-09-05T23:00,14.8,10.2,232.0,10.6,7.2,32.0
2023-09-06T00:00,11.6,8.1,225.0,10.9,7.4,28.0
2023-09-06T01:00,12.6,8.7,241.0,11.1,8.4,30.0
2023-09-06T02:00,14.8,10.2,264.0,11.4,9.7,35.0
2023-09-06T03:00,17.1,11.8,277.0,11.0,10.9,45.0
2023-09-06T04:00,19.0,13.2,274.0,9.4,11.9,66.0
2023-09-06T05:00,21.7,15.1,262.0,7.3,12.9,92.0
2023-09-06T06:00,24.1,16.8,251.0,5.5,13.2,114.0
2023-09-06T07:00,24.1,16.5,240.0,4.3,12.6,128.0
2023-09-06T08:00,24.2,16.3,230.0,3.5,11.4,138.0
2023-09-06T09:00,24.5,16.3,226.0,3.7,10.4,142.0
2023-09-06T10:00,25.1,16.5,234.0,5.7,9.7,138.0
2023-09-06T11:00,25.9,16.6,248.0,8.8,9.2,128.0
2023-09-06T12:00,35.6,22.5,263.0,11.7,9.4,121.0
2023-09-06T13:00,35.7,22.5,280.0,13.6,9.5,112.0
2023-09-06T14:00,36.0,22.5,301.0,16.2,9.7,100.0
2023-09-06T15:00,34.7,21.5,310.0,17.5,9.8,89.0
2023-09-06T16:00,32.7,19.6,294.0,16.4,10.0,80.0
2023-09-06T17:00,31.3,18.5,265.0,13.9,10.1,72.0
2023-09-06T18:00,25.1,15.9,240.0,11.8,10.2,65.0
2023-09-06T19:00,20.3,13.5,223.0,10.4,10.0,61.0
2023-09-06T20:00,18.0,12.2,209.0,9.3,9.7,60.0
2023-09-06T21:00,16.8,11.4,201.0,8.7,9.6,57.0
2023-09-06T22:00,16.5,11.2,201.0,8.7,9.7,52.0
2023-09-06T23:00,16.7,11.3,206.0,9.2,9.9,46.0
2023-09-07T00:00,19.2,12.9,236.0,10.5,10.1,41.0
2023-09-07T01:00,19.3,13.1,252.0,11.3,10.8,41.0
2023-09-07T02:00,20.3,13.8,273.0,12.3,11.8,42.0
2023-09-07T03:00,21.1,14.4,283.0,12.2,12.5,50.0
2023-09-07T04:00,21.8,15.0,270.0,10.1,12.9,71.0
2023-09-07T05:00,23.6,16.2,246.0,7.0,13.0,99.0
2023-09-07T06:00,23.9,16.2,225.0,4.6,12.7,121.0
2023-09-07T07:00,23.9,15.9,214.0,3.3,11.6,134.0
2023-09-07T08:00,24.2,15.7,206.0,2.7,10.0,141.0
2023-09-07T09:00,24.3,15.3,203.0,2.9,8.8,142.0
2023-09-07T10:00,25.1,15.2,205.0,4.4,8.2,136.0
2023-09-07T11:00,29.0,17.0,210.0,6.9,8.0,124.0
2023-09-07T12:00,32.6,18.6,216.0,8.6,7.6,112.0
2023-09-07T13:00,27.1,16.3,220.0,9.4,8.0,105.0
2023-09-07T14:00,23.1,15.0,224.0,10.4,8.6,95.0
2023-09-07T15:00,22.1,14.5,228.0,11.3,9.1,84.0
2023-09-07T16:00,21.4,14.3,229.0,11.8,9.5,72.0
2023-09-07T17:00,21.0,14.0,229.0,12.2,9.9,60.0
2023-09-07T18:00,20.8,13.9,229.0,12.4,10.3,50.0
2023-09-07T19:00,20.5,13.7,229.0,12.3,10.7,44.0
2023-09-07T20:00,19.8,13.4,228.0,12.1,11.0,41.0
2023-09-07T21:00,19.3,13.2,230.0,12.0,11.3,38.0
2023-09-07T22:00,19.0,13.1,234.0,12.1,11.4,34.0
2023-09-07T23:00,18.5,12.8,240.0,12.3,11.4,30.0
2023-09-08T00:00,17.6,12.2,238.0,11.7,10.6,31.0
2023-09-08T01:00,17.5,12.0,249.0,11.7,11.3,34.0
2023-09-08T02:00,18.4,12.6,264.0,11.6,12.3,40.0
2023-09-08T03:00,19.2,13.0,270.0,10.8,12.9,51.0
2023-09-08T04:00,21.4,14.2,258.0,8.8,12.9,72.0
2023-09-08T05:00,23.9,15.4,238.0,6.2,12.5,98.0
2023-09-08T06:00,23.9,14.9,220.0,4.1,11.8,119.0
2023-09-08T07:00,24.1,14.3,209.0,2.9,10.8,130.0
2023-09-08T08:00,24.7,14.3,201.0,2.3,9.5,134.0
2023-09-08T09:00,26.1,14.8,198.0,2.7,8.5,135.0
2023-09-08T10:00,28.6,15.9,204.0,4.8,7.9,131.0
2023-09-08T11:00,32.2,17.8,216.0,7.8,7.5,122.0
2023-09-08T12:00,31.5,18.0,226.0,10.0,8.1,114.0
2023-09-08T13:00,32.2,18.5,230.0,10.9,8.2,107.0
2023-09-08T14:00,31.1,17.9,234.0,12.0,8.4,96.0
2023-09-08T15:00,28.4,16.8,236.0,12.7,8.6,87.0
2023-09-08T16:00,28.7,17.3,232.0,12.6,9.0,80.0
2023-09-08T17:00,27.0,16.4,226.0,12.0,9.4,73.0
2023-09-08T18:00,23.6,14.4,218.0,11.3,9.6,67.0
2023-09-08T19:00,19.1,10.8,207.0,10.4,9.4,62.0
2023-09-08T20:00,20.3,11.3,196.0,9.4,9.1,58.0
2023-09-08T21:00,21.2,12.5,192.0,8.9,9.0,54.0
2023-09-08T22:00,22.2,13.4,200.0,9.4,9.4,48.0
2023-09-08T23:00,22.6,13.9,214.0,10.4,10.0,42.0
2023-09-09T00:00,21.2,14.2,280.0,13.4,9.7,31.0
2023-09-09T01:00,19.1,13.0,283.0,13.1,10.1,32.0
2023-09-09T02:00,17.5,12.0,285.0,12.6,10.7,33.0
2023-09-09T03:00,16.0,10.9,280.0,11.6,11.3,42.0
2023-09-09T04:00,17.6,11.6,260.0,9.6,12.2,63.0
2023-09-09T05:00,21.5,13.9,232.0,7.1,13.2,91.0
2023-09-09T06:00,22.3,13.9,211.0,5.1,13.3,113.0
2023-09-09T07:00,23.1,14.0,202.0,3.7,11.6,126.0
2023-09-09T08:00,23.9,14.1,200.0,2.7,8.9,135.0
2023-09-09T09:00,24.3,13.8,201.0,2.6,7.0,138.0
2023-09-09T10:00,28.5,15.8,207.0,4.0,6.8,136.0
2023-09-09T11:00,33.3,18.5,216.0,6.2,7.3,128.0
2023-09-09T12:00,31.3,17.0,219.0,9.1,5.9,112.0
2023-09-09T13:00,28.6,16.0,206.0,8.3,5.8,109.0
2023-09-09T14:00,28.4,15.7,187.0,7.2,5.8,104.0
2023-09-09T15:00,28.5,15.6,175.0,6.6,5.9,97.0
2023-09-09T16:00,29.0,15.8,174.0,7.0,6.2,87.0
2023-09-09T17:00,29.3,16.2,179.0,8.0,6.8,75.0
2023-09-09T18:00,28.4,15.8,187.0,9.1,7.6,65.0
2023-09-09T19:00,26.2,15.5,200.0,10.1,9.1,58.0
2023-09-09T20:00,23.1,14.3,216.0,11.3,11.0,52.0
2023-09-09T21:00,20.3,13.0,230.0,12.1,12.1,47.0
2023-09-09T22:00,18.5,12.1,239.0,12.4,11.9,41.0
2023-09-09T23:00,17.7,11.8,247.0,12.5,10.9,35.0
2023-09-10T00:00,17.0,11.4,256.0,12.6,9.8,32.0
2023-09-10T01:00,16.9,11.4,271.0,12.9,9.8,33.0
2023-09-10T02:00,18.0,12.1,292.0,13.2,9.9,36.0
2023-09-10T03:00,19.0,12.6,297.0,12.7,10.1,44.0
2023-09-10T04:00,22.4,13.8,273.0,10.7,10.8,61.0
2023-09-10T05:00,25.6,14.2,235.0,7.9,11.6,82.0
2023-09-10T06:00,25.5,12.5,207.0,5.7,12.0,101.0
2023-09-10T07:00,26.4,13.0,197.0,4.3,11.5,116.0
2023-09-10T08:00,28.2,14.1,198.0,3.6,10.4,127.0
2023-09-10T09:00,31.8,15.9,206.0,4.0,9.6,134.0
2023-09-10T10:00,34.8,17.6,227.0,6.6,9.2,133.0
2023-09-10T11:00,36.8,18.7,256.0,10.5,9.0,126.0
2023-09-10T12:00,40.5,20.4,277.0,13.7,7.2,105.0
2023-09-10T13:00,41.0,21.8,278.0,14.1,7.3,103.0
2023-09-10T14:00,38.6,20.8,279.0,14.4,7.5,101.0
2023-09-10T15:00,35.5,19.5,272.0,14.0,7.4,97.0
2023-09-10T16:00,35.5,19.4,248.0,11.7,6.5,92.0
2023-09-10T17:00,34.3,18.8,215.0,8.6,5.5,86.0
2023-09-10T18:00,34.3,18.6,194.0,6.8,5.7,79.0
2023-09-10T19:00,32.0,17.2,194.0,7.8,8.7,71.0
2023-09-10T20:00,31.0,17.8,205.0,10.1,13.0,62.0
2023-09-10T21:00,29.2,17.7,219.0,12.0,15.8,54.0
2023-09-10T22:00,27.2,16.9,231.0,12.5,15.6,47.0
2023-09-10T23:00,25.6,16.1,244.0,12.6,13.8,41.0
2023-09-11T00:00,22.8,15.0,291.0,13.8,10.2,32.0
2023-09-11T01:00,20.7,13.7,301.0,13.9,9.9,32.0
2023-09-11T02:00,19.6,12.9,314.0,13.9,9.4,34.0
2023-09-11T03:00,20.1,13.1,314.0,13.1,9.3,42.0
2023-09-11T04:00,21.8,13.6,287.0,10.7,10.0,63.0
2023-09-11T05:00,22.6,13.4,246.0,7.4,11.0,90.0
2023-09-11T06:00,22.8,13.4,216.0,4.9,11.5,113.0
2023-09-11T07:00,22.4,13.2,208.0,3.6,10.9,127.0
2023-09-11T08:00,23.1,13.8,212.0,3.0,9.6,137.0
2023-09-11T09:00,25.8,14.7,218.0,3.5,8.7,140.0
2023-09-11T10:00,27.9,15.3,225.0,5.8,8.2,134.0
2023-09-11T11:00,30.4,16.2,236.0,9.2,8.0,122.0
2023-09-11T12:00,32.7,17.8,253.0,12.9,7.6,106.0
2023-09-11T13:00,32.7,17.6,258.0,13.5,8.2,102.0
2023-09-11T14:00,30.0,16.6,265.0,14.3,9.0,96.0
2023-09-11T15:00,28.3,16.8,267.0,14.6,9.5,88.0
2023-09-11T16:00,28.2,17.6,258.0,14.2,9.3,77.0
2023-09-11T17:00,27.5,17.3,243.0,13.4,8.8,65.0
2023-09-11T18:00,27.0,16.8,232.0,12.5,8.3,55.0
2023-09-11T19:00,26.4,16.4,227.0,11.5,7.7,50.0
2023-09-11T20:00,25.8,15.9,226.0,10.5,7.1,48.0
2023-09-11T21:00,26.1,15.9,227.0,10.0,7.0,45.0
2023-09-11T22:00,26.7,16.0,230.0,10.4,7.9,40.0
2023-09-11T23:00,26.1,15.8,236.0,11.3,9.3,35.0
2023-09-12T00:00,23.5,14.5,253.0,11.9,9.2,32.0
2023-09-12T01:00,23.1,14.2,265.0,12.2,9.4,34.0
2023-09-12T02:00,22.4,13.9,279.0,12.4,9.6,37.0
2023-09-12T03:00,22.4,13.9,282.0,11.9,9.9,46.0
2023-09-12T04:00,22.3,13.2,260.0,9.7,10.3,65.0
2023-09-12T05:00,22.2,12.8,226.0,6.8,10.6,89.0
2023-09-12T06:00,21.1,11.9,200.0,4.5,10.7,109.0
2023-09-12T07:00,20.1,11.0,190.0,3.5,10.3,120.0
2023-09-12T08:00,21.0,11.5,188.0,3.2,9.7,127.0
2023-09-12T09:00,22.5,12.5,192.0,3.6,9.0,130.0
2023-09-12T10:00,25.0,13.6,204.0,5.2,8.2,131.0
2023-09-12T11:00,26.3,14.7,222.0,7.6,7.3,128.0
2023-09-12T12:00,31.3,17.3,275.0,13.1,6.6,116.0
2023-09-12T13:00,32.5,18.7,272.0,12.6,6.5,113.0
2023-09-12T14:00,29.7,17.1,268.0,11.9,6.4,109.0
2023-09-12T15:00,28.5,16.3,260.0,11.3,6.9,103.0
2023-09-12T16:00,29.3,16.4,247.0,10.8,8.8,94.0
2023-09-12T17:00,29.5,16.5,230.0,10.3,11.3,84.0
2023-09-12T18:00,25.7,15.5,216.0,9.9,13.0,74.0
2023-09-12T19:00,22.2,14.0,207.0,9.7,13.1,66.0
2023-09-12T20:00,20.5,13.0,200.0,9.7,12.5,58.0
2023-09-12T21:00,18.8,11.9,197.0,9.8,12.0,52.0
2023-09-12T22:00,17.8,11.3,195.0,10.0,12.1,47.0
2023-09-12T23:00,17.5,11.1,195.0,10.4,12.3,44.0
2023-09-13T00:00,19.0,11.8,189.0,11.2,14.4,43.0
2023-09-13T01:00,19.8,12.5,220.0,12.2,14.8,42.0
2023-09-13T02:00,21.5,13.9,263.0,13.4,15.4,41.0
2023-09-13T03:00,23.7,15.7,290.0,13.5,15.6,48.0
2023-09-13T04:00,26.6,17.6,288.0,11.5,15.3,70.0
2023-09-13T05:00,30.2,19.7,270.0,8.3,14.7,99.0
2023-09-13T06:00,29.9,18.8,252.0,5.7,13.6,121.0
2023-09-13T07:00,29.5,17.3,233.0,3.9,11.7,131.0
2023-09-13T08:00,30.0,16.5,214.0,2.6,9.3,135.0
2023-09-13T09:00,31.3,16.3,207.0,2.9,7.6,134.0
2023-09-13T10:00,34.6,17.6,225.0,6.2,7.2,127.0
2023-09-13T11:00,36.9,18.9,256.0,11.0,7.4,115.0
2023-09-13T12:00,39.9,21.4,287.0,14.7,7.3,105.0
2023-09-13T13:00,44.5,24.4,292.0,14.7,7.7,104.0
2023-09-13T14:00,44.4,24.3,298.0,14.7,8.4,101.0
2023-09-13T15:00,39.7,22.1,295.0,14.5,9.4,96.0
2023-09-13T16:00,35.5,20.1,276.0,13.9,11.0,85.0
2023-09-13T17:00,34.6,20.1,249.0,13.0,12.9,70.0
2023-09-13T18:00,32.0,19.0,228.0,12.3,14.2,59.0
2023-09-13T19:00,29.6,17.8,220.0,11.7,14.5,55.0
2023-09-13T20:00,28.7,17.3,218.0,11.3,14.2,53.0
2023-09-13T21:00,27.8,16.9,219.0,11.0,13.9,52.0
2023-09-13T22:00,26.9,16.5,222.0,11.0,13.7,48.0
2023-09-13T23:00,26.2,16.2,229.0,11.2,13.3,44.0
2023-09-14T00:00,24.8,15.5,239.0,11.5,12.2,41.0
2023-09-14T01:00,24.6,15.4,263.0,12.2,12.0,42.0
2023-09-14T02:00,25.3,16.1,294.0,13.0,11.7,43.0
2023-09-14T03:00,26.0,16.6,309.0,12.8,11.5,52.0
2023-09-14T04:00,27.5,17.4,293.0,10.6,11.8,74.0
2023-09-14T05:00,29.2,18.0,261.0,7.5,12.2,103.0
2023-09-14T06:00,29.3,16.7,234.0,4.9,12.0,125.0
2023-09-14T07:00,30.4,15.8,219.0,3.4,10.3,134.0
2023-09-14T08:00,33.2,16.4,209.0,2.5,8.0,135.0
2023-09-14T09:00,36.9,18.0,206.0,2.7,6.5,134.0
2023-09-14T10:00,39.3,19.4,215.0,4.8,6.7,131.0
2023-09-14T11:00,43.2,22.2,231.0,8.0,7.8,125.0
2023-09-14T12:00,41.3,21.9,255.0,11.3,7.0,112.0
2023-09-14T13:00,39.6,21.7,238.0,10.2,7.0,106.0
2023-09-14T14:00,34.6,19.0,214.0,8.7,7.1,98.0
2023-09-14T15:00,27.2,15.2,198.0,7.8,7.3,89.0
2023-09-14T16:00,25.6,14.8,198.0,8.3,7.8,78.0
2023-09-14T17:00,26.4,15.4,205.0,9.4,8.5,66.0
2023-09-14T18:00,25.2,15.0,209.0,10.0,8.8,57.0
2023-09-14T19:00,23.2,13.9,204.0,9.5,8.3,52.0
2023-09-14T20:00,20.9,12.7,196.0,8.5,7.5,49.0
2023-09-14T21:00,19.6,12.1,192.0,8.0,7.3,46.0
2023-09-14T22:00,19.5,12.1,193.0,8.3,8.2,43.0
2023-09-14T23:00,20.2,12.5,197.0,9.0,9.6,41.0
2023-09-15T00:00,21.4,13.4,220.0,10.2,10.5,38.0
2023-09-15T01:00,21.7,13.8,237.0,10.5,11.3,40.0
2023-09-15T02:00,22.9,14.7,258.0,10.8,12.5,44.0
2023-09-15T03:00,23.6,15.3,269.0,10.4,13.1,53.0
2023-09-15T04:00,23.6,15.5,257.0,8.5,12.8,72.0
2023-09-15T05:00,23.2,15.4,234.0,5.8,12.1,96.0
2023-09-15T06:00,22.8,14.7,215.0,3.7,11.2,115.0
2023-09-15T07:00,22.8,14.3,207.0,2.7,10.2,126.0
2023-09-15T08:00,23.6,14.4,204.0,2.3,9.0,132.0
2023-09-15T09:00,25.7,14.8,203.0,2.6,8.1,133.0
2023-09-15T10:00,30.4,16.8,206.0,4.0,7.7,130.0
2023-09-15T11:00,35.3,19.5,211.0,6.2,7.5,122.0
2023-09-15T12:00,32.0,18.0,219.0,8.5,6.5,111.0
2023-09-15T13:00,32.0,18.3,216.0,8.6,6.3,103.0
2023-09-15T14:00,31.2,17.9,212.0,8.9,6.1,91.0
2023-09-15T15:00,32.4,18.5,212.0,9.4,6.4,80.0
2023-09-15T16:00,32.4,18.6,221.0,10.6,7.7,71.0
2023-09-15T17:00,29.0,17.1,233.0,12.2,9.5,62.0
2023-09-15T18:00,26.0,16.1,239.0,13.1,11.0,55.0
2023-09-15T19:00,22.8,14.5,231.0,12.9,11.9,50.0
2023-09-15T20:00,20.6,13.2,217.0,12.1,12.4,47.0
2023-09-15T21:00,19.2,12.3,207.0,11.5,12.7,44.0
2023-09-15T22:00,18.2,11.8,206.0,11.4,12.7,40.0
2023-09-15T23:00,17.5,11.4,210.0,11.5,12.5,36.0
2023-09-16T00:00,16.2,10.7,212.0,12.0,12.6,33.0
2023-09-16T01:00,16.7,11.1,235.0,12.5,12.8,33.0
2023-09-16T02:00,18.2,12.3,265.0,13.0,13.0,34.0
2023-09-16T03:00,19.2,13.0,282.0,12.7,13.2,41.0
2023-09-16T04:00,20.3,13.7,272.0,10.7,13.3,59.0
2023-09-16T05:00,23.4,15.8,249.0,7.9,13.3,82.0
2023-09-16T06:00,25.1,16.5,230.0,5.6,13.0,102.0
2023-09-16T07:00,25.6,16.1,221.0,4.3,12.2,116.0
2023-09-16T08:00,26.3,15.8,215.0,3.5,11.2,127.0
2023-09-16T09:00,29.8,17.3,212.0,3.6,10.4,132.0
2023-09-16T10:00,34.5,19.7,211.0,5.0,9.9,127.0
2023-09-16T11:00,36.7,20.7,213.0,7.3,9.5,116.0
2023-09-16T12:00,37.7,21.3,216.0,8.7,8.6,108.0
2023-09-16T13:00,32.2,19.5,231.0,10.7,9.4,99.0
2023-09-16T14:00,31.9,19.8,252.0,13.5,10.5,88.0
2023-09-16T15:00,28.6,17.9,263.0,15.1,11.4,78.0
2023-09-16T16:00,26.7,17.0,255.0,14.5,12.0,74.0
2023-09-16T17:00,24.4,16.0,237.0,12.7,12.5,72.0
2023-09-16T18:00,23.2,15.7,223.0,11.4,13.0,69.0
2023-09-16T19:00,22.9,15.7,218.0,11.2,13.6,63.0
2023-09-16T20:00,21.9,15.1,217.0,11.4,14.2,56.0
2023-09-16T21:00,20.8,14.4,220.0,11.8,14.7,50.0
2023-09-16T22:00,21.0,14.6,227.0,12.3,14.9,44.0
2023-09-16T23:00,21.2,14.8,239.0,13.0,14.8,38.0
2023-09-17T00:00,17.6,12.3,233.0,11.8,12.7,36.0
2023-09-17T01:00,18.0,12.4,256.0,12.1,12.6,37.0
2023-09-17T02:00,19.4,13.3,288.0,12.5,12.5,39.0
2023-09-17T03:00,21.2,14.5,305.0,12.0,12.5,49.0
2023-09-17T04:00,24.3,16.6,296.0,10.0,12.8,74.0
2023-09-17T05:00,26.9,18.2,273.0,7.1,13.2,108.0
2023-09-17T06:00,26.7,17.3,251.0,4.8,13.2,133.0
2023-09-17T07:00,26.6,16.3,233.0,3.4,12.4,144.0
2023-09-17T08:00,27.2,15.8,216.0,2.6,11.3,146.0
2023-09-17T09:00,29.5,16.5,208.0,2.9,10.7,144.0
2023-09-17T10:00,32.5,18.0,212.0,4.8,11.3,139.0
2023-09-17T11:00,35.5,19.7,224.0,7.8,12.5,129.0
2023-09-17T12:00,46.1,26.0,253.0,10.7,13.4,127.0
2023-09-17T13:00,47.7,27.5,281.0,13.6,14.0,114.0
2023-09-17T14:00,46.9,27.6,317.0,17.5,14.7,95.0
2023-09-17T15:00,46.2,27.7,333.0,19.4,14.7,81.0
2023-09-17T16:00,40.5,24.2,308.0,17.2,13.3,75.0
2023-09-17T17:00,34.7,20.7,262.0,13.0,11.2,73.0
2023-09-17T18:00,28.7,17.8,224.0,9.6,9.7,70.0
2023-09-17T19:00,24.8,16.1,206.0,8.4,9.5,66.0
2023-09-17T20:00,22.8,14.9,197.0,8.0,9.8,61.0
2023-09-17T21:00,18.6,12.2,189.0,7.9,9.9,56.0
2023-09-17T22:00,12.1,7.9,177.0,7.6,9.0,49.0
2023-09-17T23:00,10.0,6.5,166.0,7.6,7.8,42.0
2023-09-18T00:00,20.1,13.5,231.0,10.1,9.1,39.0
2023-09-18T01:00,19.4,13.0,248.0,10.6,9.6,39.0
2023-09-18T02:00,20.5,13.8,271.0,11.3,10.4,40.0
2023-09-18T03:00,22.1,14.7,285.0,11.2,11.2,49.0
2023-09-18T04:00,25.2,16.8,282.0,9.6,12.3,72.0
2023-09-18T05:00,28.1,18.5,270.0,7.2,13.5,104.0
2023-09-18T06:00,29.8,18.7,260.0,5.3,14.1,129.0
2023-09-18T07:00,31.5,18.7,253.0,4.0,13.2,144.0
2023-09-18T08:00,33.6,19.2,246.0,3.2,11.7,152.0
2023-09-18T09:00,37.5,20.8,246.0,3.7,11.0,155.0
2023-09-18T10:00,41.0,22.5,255.0,6.4,12.2,151.0
2023-09-18T11:00,42.4,23.4,270.0,10.5,14.2,141.0
2023-09-18T12:00,38.9,22.5,269.0,11.9,15.0,130.0
2023-09-18T13:00,36.2,22.7,286.0,13.6,15.1,120.0
2023-09-18T14:00,36.3,23.2,309.0,15.8,15.1,106.0
2023-09-18T15:00,37.0,23.9,320.0,17.1,14.7,93.0
2023-09-18T16:00,34.8,22.8,309.0,16.5,13.5,81.0
2023-09-18T17:00,27.6,18.4,286.0,14.8,11.9,69.0
2023-09-18T18:00,23.7,15.8,266.0,13.3,10.4,59.0
2023-09-18T19:00,21.2,14.1,253.0,12.3,9.3,50.0
2023-09-18T20:00,19.0,12.5,244.0,11.4,8.4,43.0
2023-09-18T21:00,17.5,11.4,237.0,10.8,7.8,38.0
2023-09-18T22:00,16.6,10.8,231.0,10.3,7.7,35.0
2023-09-18T23:00,16.5,10.7,228.0,10.1,8.0,34.0
2023-09-19T00:00,17.1,11.4,247.0,10.6,8.3,34.0
2023-09-19T01:00,18.5,12.5,276.0,11.7,9.2,36.0
2023-09-19T02:00,21.2,14.4,315.0,13.2,10.6,40.0
2023-09-19T03:00,24.4,16.5,338.0,13.5,11.8,52.0
2023-09-19T04:00,28.6,18.8,328.0,11.6,13.0,77.0
2023-09-19T05:00,31.9,20.0,302.0,8.5,14.0,110.0
2023-09-19T06:00,31.2,18.6,280.0,6.0,14.2,136.0
2023-09-19T07:00,31.2,17.9,268.0,4.4,12.9,151.0
2023-09-19T08:00,32.4,17.8,260.0,3.3,10.9,160.0
2023-09-19T09:00,33.3,17.7,258.0,3.5,9.2,161.0
2023-09-19T10:00,34.2,17.6,264.0,6.0,8.3,151.0
2023-09-19T11:00,34.6,17.6,276.0,9.8,7.8,134.0
2023-09-19T12:00,33.9,18.4,309.0,14.9,8.3,123.0
2023-09-19T13:00,33.4,18.8,316.0,15.6,8.7,117.0
2023-09-19T14:00,30.5,18.1,326.0,16.4,9.2,109.0
2023-09-19T15:00,29.7,18.3,323.0,16.2,9.4,102.0
2023-09-19T16:00,31.0,18.9,295.0,13.7,8.8,99.0
2023-09-19T17:00,29.2,17.7,255.0,10.2,7.8,97.0
2023-09-19T18:00,27.4,16.4,233.0,8.0,7.6,92.0
2023-09-19T19:00,26.6,15.7,246.0,8.6,9.0,80.0
2023-09-19T20:00,29.1,18.0,276.0,10.6,11.1,65.0
2023-09-19T21:00,29.9,19.2,301.0,12.2,12.4,52.0
2023-09-19T22:00,30.2,19.5,311.0,12.8,12.1,44.0
2023-09-19T23:00,29.8,19.2,315.0,13.0,11.1,38.0
2023-09-20T00:00,28.1,18.0,303.0,13.5,12.4,37.0
2023-09-20T01:00,27.7,17.3,306.0,13.5,12.1,40.0
2023-09-20T02:00,28.4,17.5,309.0,13.5,11.6,46.0
2023-09-20T03:00,29.8,18.2,308.0,12.7,11.5,58.0
2023-09-20T04:00,31.9,19.4,299.0,10.7,12.1,83.0
2023-09-20T05:00,32.2,19.8,286.0,7.9,13.1,114.0
2023-09-20T06:00,32.5,19.4,275.0,5.7,13.4,139.0
2023-09-20T07:00,33.5,19.3,267.0,4.2,12.3,152.0
2023-09-20T08:00,35.0,19.6,262.0,3.3,10.5,159.0
2023-09-20T09:00,36.3,20.1,262.0,3.4,9.3,161.0
2023-09-20T10:00,37.4,20.5,269.0,4.9,9.1,159.0
2023-09-20T11:00,38.9,21.2,281.0,7.4,9.5,153.0
2023-09-20T12:00,41.7,23.1,316.0,12.2,7.7,129.0
2023-09-20T13:00,44.9,25.5,367.0,17.4,9.5,121.0
2023-09-20T14:00,49.5,28.6,435.0,24.4,12.0,109.0
2023-09-20T15:00,48.1,28.6,470.0,28.2,13.4,100.0
2023-09-20T16:00,45.4,27.4,440.0,25.8,12.6,96.0
2023-09-20T17:00,43.4,26.1,378.0,20.2,10.7,94.0
2023-09-20T18:00,38.1,22.9,329.0,15.8,9.3,89.0
2023-09-20T19:00,32.1,19.4,312.0,14.2,8.8,79.0
2023-09-20T20:00,32.6,20.1,309.0,13.8,8.9,66.0
2023-09-20T21:00,34.9,22.0,309.0,13.9,9.9,56.0
2023-09-20T22:00,36.6,23.2,309.0,14.4,12.7,49.0
2023-09-20T23:00,37.1,23.6,313.0,15.4,16.4,44.0
2023-09-21T00:00,32.9,20.7,265.0,12.2,16.0,46.0
2023-09-21T01:00,34.0,21.2,286.0,13.1,15.5,45.0
2023-09-21T02:00,35.0,21.9,314.0,14.2,14.8,46.0
2023-09-21T03:00,36.2,22.4,330.0,14.2,14.5,55.0
2023-09-21T04:00,40.3,24.8,325.0,12.0,15.0,82.0
2023-09-21T05:00,40.6,25.0,309.0,8.8,16.0,117.0
2023-09-21T06:00,37.7,22.9,291.0,6.1,16.2,144.0
2023-09-21T07:00,36.2,21.5,273.0,4.6,15.1,156.0
2023-09-21T08:00,35.5,20.2,252.0,3.7,13.4,160.0
2023-09-21T09:00,35.7,19.7,236.0,3.6,12.0,158.0
2023-09-21T10:00,35.6,19.3,226.0,4.9,11.5,148.0
2023-09-21T11:00,36.0,19.6,220.0,7.0,11.5,132.0
2023-09-21T12:00,37.0,20.5,252.0,11.5,10.2,119.0
2023-09-21T13:00,39.2,21.7,240.0,11.2,9.5,110.0
2023-09-21T14:00,38.2,20.8,222.0,10.7,8.6,97.0
2023-09-21T15:00,36.6,19.8,205.0,9.9,7.6,86.0
2023-09-21T16:00,34.2,18.5,188.0,8.4,6.3,81.0
2023-09-21T17:00,30.9,16.9,171.0,6.6,4.9,78.0
2023-09-21T18:00,28.5,15.8,162.0,5.5,4.7,76.0
2023-09-21T19:00,23.3,13.5,165.0,5.6,6.6,74.0
2023-09-21T20:00,20.8,12.8,175.0,6.3,9.6,71.0
2023-09-21T21:00,22.6,14.4,186.0,7.1,12.4,69.0
2023-09-21T22:00,25.6,16.4,193.0,7.8,14.3,65.0
2023-09-21T23:00,27.7,17.6,201.0,8.5,16.0,61.0
2023-09-22T00:00,27.8,16.9,197.0,9.5,15.2,56.0
2023-09-22T01:00,28.1,18.0,217.0,10.8,16.7,58.0
2023-09-22T02:00,27.8,18.4,245.0,12.4,18.7,63.0
2023-09-22T03:00,29.5,19.7,265.0,12.8,20.2,74.0
2023-09-22T04:00,32.2,21.5,270.0,10.9,20.8,99.0
2023-09-22T05:00,32.4,21.4,268.0,7.8,20.8,130.0
2023-09-22T06:00,32.5,21.0,261.0,5.2,20.0,153.0
2023-09-22T07:00,32.8,20.3,249.0,3.8,17.8,161.0
2023-09-22T08:00,35.4,20.8,233.0,2.9,14.8,161.0
2023-09-22T09:00,38.0,21.5,219.0,2.8,12.4,156.0
2023-09-22T10:00,39.3,21.9,211.0,3.8,11.4,146.0
2023-09-22T11:00,39.3,21.9,205.0,5.4,11.1,132.0
2023-09-22T12:00,41.4,23.1,231.0,8.8,9.7,120.0
2023-09-22T13:00,40.2,22.5,221.0,8.3,8.9,112.0
2023-09-22T14:00,36.7,20.2,207.0,7.7,7.7,101.0
2023-09-22T15:00,32.4,17.5,196.0,7.1,6.7,91.0
2023-09-22T16:00,29.2,15.7,189.0,6.5,5.6,83.0
2023-09-22T17:00,29.4,16.1,184.0,5.9,4.7,75.0
2023-09-22T18:00,28.5,15.9,183.0,5.9,4.8,68.0
2023-09-22T19:00,25.2,14.5,188.0,7.0,6.6,61.0
2023-09-22T20:00,24.9,14.8,197.0,8.7,9.5,55.0
2023-09-22T21:00,25.8,15.9,208.0,10.2,12.0,50.0
2023-09-22T22:00,25.6,16.3,220.0,11.3,13.8,47.0
2023-09-22T23:00,26.1,17.1,234.0,12.1,15.3,45.0
2023-09-23T00:00,19.6,12.1,169.0,10.5,12.6,38.0
2023-09-23T01:00,20.7,13.0,183.0,10.7,14.0,40.0
2023-09-23T02:00,22.0,13.9,201.0,10.9,15.9,44.0
2023-09-23T03:00,24.3,15.4,214.0,10.4,17.2,53.0
2023-09-23T04:00,27.5,17.3,215.0,8.7,17.3,72.0
2023-09-23T05:00,29.3,17.9,211.0,6.4,16.7,96.0
2023-09-23T06:00,30.0,17.4,205.0,4.5,15.8,116.0
2023-09-23T07:00,31.9,18.1,199.0,3.4,14.7,128.0
2023-09-23T08:00,32.4,18.2,191.0,2.7,13.3,135.0
2023-09-23T09:00,32.6,18.3,185.0,2.8,12.1,136.0
2023-09-23T10:00,32.1,17.9,181.0,3.9,11.3,128.0
2023-09-23T11:00,31.4,17.3,178.0,5.8,10.6,113.0
2023-09-23T12:00,33.6,18.4,189.0,7.6,8.8,107.0
2023-09-23T13:00,33.9,18.7,191.0,8.5,8.3,98.0
2023-09-23T14:00,31.3,17.2,193.0,9.7,7.6,86.0
2023-09-23T15:00,28.1,15.4,193.0,10.2,7.0,78.0
2023-09-23T16:00,25.1,13.8,188.0,9.1,6.1,80.0
2023-09-23T17:00,23.1,13.2,180.0,7.2,5.3,86.0
2023-09-23T18:00,23.8,14.1,179.0,6.1,5.6,89.0
2023-09-23T19:00,22.5,13.7,190.0,6.6,8.4,86.0
2023-09-23T20:00,20.6,13.6,207.0,7.8,12.4,81.0
2023-09-23T21:00,21.8,14.6,219.0,8.8,14.9,75.0
2023-09-23T22:00,24.5,16.3,220.0,9.0,14.5,68.0
2023-09-23T23:00,25.9,17.1,217.0,8.9,12.6,61.0
2023-09-24T00:00,25.0,16.2,208.0,8.9,14.1,62.0
2023-09-24T01:00,25.8,16.6,224.0,9.5,13.3,60.0
2023-09-24T02:00,26.1,16.6,245.0,10.3,12.1,58.0
2023-09-24T03:00,25.7,16.4,257.0,10.3,11.5,64.0
2023-09-24T04:00,24.2,15.4,253.0,8.8,12.0,84.0
2023-09-24T05:00,23.5,15.0,240.0,6.5,13.1,111.0
2023-09-24T06:00,22.9,14.5,229.0,4.7,13.5,133.0
2023-09-24T07:00,23.9,15.0,222.0,3.7,12.4,144.0
2023-09-24T08:00,26.6,16.3,216.0,3.3,10.6,150.0
2023-09-24T09:00,27.6,16.1,214.0,3.8,9.5,149.0
2023-09-24T10:00,25.7,14.7,215.0,5.7,9.8,138.0
2023-09-24T11:00,24.7,14.2,220.0,8.6,10.7,121.0
2023-09-24T12:00,27.9,15.7,269.0,13.7,5.9,104.0
2023-09-24T13:00,28.8,16.7,271.0,14.0,6.3,101.0
2023-09-24T14:00,30.3,17.3,272.0,14.4,7.0,98.0
2023-09-24T15:00,32.4,18.4,273.0,14.7,8.0,94.0
2023-09-24T16:00,33.2,19.1,272.0,14.8,9.6,92.0
2023-09-24T17:00,32.1,19.1,269.0,14.6,11.5,90.0
2023-09-24T18:00,30.3,18.0,264.0,14.3,12.7,86.0
2023-09-24T19:00,26.4,15.7,254.0,13.5,12.8,77.0
2023-09-24T20:00,24.6,15.0,242.0,12.5,12.4,67.0
2023-09-24T21:00,24.2,15.3,233.0,11.7,11.7,57.0
2023-09-24T22:00,23.5,15.2,229.0,11.3,10.8,49.0
2023-09-24T23:00,21.5,14.1,228.0,11.1,9.7,43.0
2023-09-25T00:00,19.4,12.8,210.0,9.6,9.9,47.0
2023-09-25T01:00,18.8,12.4,219.0,9.9,10.0,47.0
2023-09-25T02:00,19.1,12.7,230.0,10.2,10.2,48.0
2023-09-25T03:00,19.4,13.0,236.0,9.9,10.6,56.0
2023-09-25T04:00,21.1,14.1,229.0,8.3,11.5,76.0
2023-09-25T05:00,20.8,13.9,216.0,6.1,12.6,102.0
2023-09-25T06:00,20.9,13.9,207.0,4.4,13.4,126.0
2023-09-25T07:00,22.6,14.8,206.0,3.5,13.5,145.0
2023-09-25T08:00,25.0,16.1,210.0,3.0,13.3,160.0
2023-09-25T09:00,28.3,17.5,215.0,3.3,13.0,168.0
2023-09-25T10:00,30.6,18.3,220.0,4.5,12.3,165.0
2023-09-25T11:00,31.5,18.4,227.0,6.4,11.5,154.0
2023-09-25T12:00,25.7,16.5,243.0,14.9,16.6,115.0
2023-09-25T13:00,32.9,20.5,290.0,17.6,15.1,108.0
2023-09-25T14:00,37.7,22.9,353.0,21.3,13.0,98.0
2023-09-25T15:00,37.7,22.1,388.0,23.0,11.2,89.0
2023-09-25T16:00,36.1,20.5,368.0,21.1,10.0,84.0
2023-09-25T17:00,34.9,19.7,319.0,17.4,9.1,81.0
2023-09-25T18:00,33.5,18.9,275.0,14.0,8.8,78.0
2023-09-25T19:00,30.5,17.6,247.0,11.8,9.3,75.0
2023-09-25T20:00,24.9,14.5,224.0,9.9,10.2,72.0
2023-09-25T21:00,21.2,12.9,208.0,8.8,11.0,68.0
2023-09-25T22:00,20.8,12.9,201.0,8.5,11.1,62.0
2023-09-25T23:00,21.1,13.2,202.0,9.0,11.0,56.0
2023-09-26T00:00,20.1,12.8,203.0,8.4,8.9,57.0
2023-09-26T01:00,19.6,12.6,212.0,9.5,9.5,55.0
2023-09-26T02:00,19.5,12.6,225.0,10.9,10.4,52.0
2023-09-26T03:00,21.9,14.1,234.0,11.4,11.6,58.0
2023-09-26T04:00,25.1,16.0,236.0,10.2,13.6,78.0
2023-09-26T05:00,27.3,17.1,235.0,8.2,16.0,105.0
2023-09-26T06:00,29.0,18.0,233.0,6.4,17.4,129.0
2023-09-26T07:00,31.1,19.3,232.0,5.0,17.2,149.0
2023-09-26T08:00,33.1,20.3,230.0,3.8,16.1,165.0
2023-09-26T09:00,35.7,21.2,229.0,3.5,14.6,172.0
2023-09-26T10:00,35.2,20.4,226.0,4.4,12.4,163.0
2023-09-26T11:00,34.5,19.6,224.0,6.1,9.9,143.0
2023-09-26T12:00,37.6,21.9,272.0,11.7,7.6,120.0
2023-09-26T13:00,42.1,24.2,292.0,14.9,9.2,105.0
2023-09-26T14:00,46.8,26.4,319.0,19.2,11.5,85.0
2023-09-26T15:00,46.8,26.7,329.0,21.6,13.4,69.0
2023-09-26T16:00,48.9,28.7,305.0,20.0,14.4,63.0
2023-09-26T17:00,47.4,26.5,265.0,16.4,15.1,62.0
2023-09-26T18:00,40.3,21.7,237.0,13.8,15.9,61.0
2023-09-26T19:00,36.0,20.3,235.0,13.4,17.4,57.0
2023-09-26T20:00,35.3,21.0,246.0,13.9,19.1,53.0
2023-09-26T21:00,35.5,22.0,254.0,14.2,20.0,50.0
2023-09-26T22:00,34.0,21.8,255.0,13.9,19.3,47.0
2023-09-26T23:00,30.4,20.0,254.0,13.5,17.8,44.0
2023-09-27T00:00,39.3,25.3,284.0,12.7,15.8,43.0
2023-09-27T01:00,37.6,24.4,297.0,13.1,15.4,46.0
2023-09-27T02:00,37.1,24.2,314.0,13.5,15.0,51.0
2023-09-27T03:00,36.7,24.0,321.0,13.1,15.0,63.0
2023-09-27T04:00,35.7,23.6,309.0,11.2,16.1,88.0
2023-09-27T05:00,33.1,22.1,287.0,8.4,17.6,120.0
2023-09-27T06:00,29.5,19.7,270.0,6.1,18.6,148.0
2023-09-27T07:00,28.2,18.7,262.0,4.7,18.5,170.0
2023-09-27T08:00,29.7,19.8,258.0,3.7,17.8,
2023-09-27T09:00,32.0,21.0,257.0,3.5,16.8,
2023-09-27T10:00,34.0,21.8,258.0,4.2,15.3,
2023-09-27T11:00,37.0,22.8,263.0,5.7,13.5,
2023-09-27T12:00,40.5,23.5,283.0,10.1,11.7,153.0
2023-09-27T13:00,46.6,26.7,300.0,12.3,10.9,140.0
2023-09-27T14:00,47.8,27.2,322.0,15.2,9.9,121.0
2023-09-27T15:00,43.4,24.9,330.0,17.0,9.4,104.0
2023-09-27T16:00,37.5,21.8,311.0,16.4,9.7,92.0
2023-09-27T17:00,31.2,18.8,278.0,14.6,10.4,83.0
2023-09-27T18:00,28.3,17.8,250.0,13.1,11.3,75.0
2023-09-27T19:00,26.5,17.1,236.0,12.5,12.2,68.0
2023-09-27T20:00,25.7,16.8,227.0,12.3,13.3,63.0
2023-09-27T21:00,23.6,15.6,222.0,12.3,14.3,58.0
2023-09-27T22:00,22.8,15.0,219.0,12.6,15.1,54.0
2023-09-27T23:00,23.2,15.3,220.0,13.1,15.9,51.0
2023-09-28T00:00,28.8,19.1,267.0,12.4,10.6,42.0
2023-09-28T01:00,29.0,19.2,282.0,12.9,10.7,43.0
2023-09-28T02:00,30.0,19.8,302.0,13.6,10.9,46.0
2023-09-28T03:00,31.5,20.8,314.0,13.4,11.5,55.0
2023-09-28T04:00,34.0,22.4,309.0,11.7,13.0,76.0
2023-09-28T05:00,34.0,22.2,295.0,9.2,14.9,103.0
2023-09-28T06:00,32.6,21.1,282.0,7.1,16.1,127.0
2023-09-28T07:00,31.3,20.0,271.0,5.5,16.3,146.0
2023-09-28T08:00,31.1,19.5,261.0,4.3,15.8,162.0
2023-09-28T09:00,33.5,20.4,253.0,3.9,14.8,168.0
2023-09-28T10:00,36.0,21.1,247.0,4.9,12.8,158.0
2023-09-28T11:00,38.3,21.7,243.0,6.8,10.4,138.0
2023-09-28T12:00,38.3,22.0,270.0,11.4,8.0,126.0
2023-09-28T13:00,41.2,23.6,299.0,14.4,9.3,118.0
2023-09-28T14:00,43.8,25.7,337.0,18.4,11.1,108.0
2023-09-28T15:00,46.1,26.7,355.0,20.6,12.1,96.0
2023-09-28T16:00,43.9,25.0,333.0,19.2,11.7,84.0
2023-09-28T17:00,30.9,18.1,291.0,15.8,10.6,71.0
2023-09-28T18:00,25.9,16.4,252.0,12.9,9.6,60.0
2023-09-28T19:00,19.1,12.3,223.0,11.0,9.0,52.0
2023-09-28T20:00,15.3,10.0,197.0,9.4,8.6,47.0
2023-09-28T21:00,12.1,8.0,180.0,8.5,8.5,42.0
2023-09-28T22:00,11.1,7.4,174.0,8.6,8.7,37.0
2023-09-28T23:00,11.2,7.5,178.0,9.4,9.2,34.0
2023-09-29T00:00,15.1,9.8,199.0,10.3,9.0,35.0
2023-09-29T01:00,16.4,10.5,216.0,10.5,9.6,38.0
2023-09-29T02:00,19.0,12.2,239.0,10.6,10.5,44.0
2023-09-29T03:00,22.4,14.3,254.0,10.1,11.4,55.0
2023-09-29T04:00,26.1,16.9,253.0,8.4,12.4,77.0
2023-09-29T05:00,27.0,17.2,244.0,6.1,13.5,106.0
2023-09-29T06:00,26.4,16.4,235.0,4.3,14.0,128.0
2023-09-29T07:00,26.5,16.2,229.0,3.3,13.6,140.0
2023-09-29T08:00,27.5,16.6,223.0,2.8,12.6,147.0
2023-09-29T09:00,28.9,17.2,222.0,3.2,11.6,148.0
2023-09-29T10:00,31.0,18.1,228.0,5.1,10.7,142.0
2023-09-29T11:00,34.3,19.7,237.0,7.9,9.8,131.0
2023-09-29T12:00,29.1,16.9,252.0,10.0,8.3,117.0
2023-09-29T13:00,27.5,16.1,267.0,13.5,10.1,102.0
2023-09-29T14:00,22.0,14.1,287.0,18.2,12.5,80.0
2023-09-29T15:00,22.5,15.3,297.0,21.0,14.0,63.0
2023-09-29T16:00,19.8,13.6,287.0,20.2,13.6,54.0
2023-09-29T17:00,18.9,12.9,267.0,17.6,12.2,49.0
2023-09-29T18:00,19.0,12.8,253.0,15.4,11.2,45.0
2023-09-29T19:00,20.0,13.2,250.0,14.4,11.0,41.0
2023-09-29T20:00,20.9,13.8,253.0,13.9,11.2,38.0
2023-09-29T21:00,21.3,14.2,258.0,13.6,11.4,35.0
2023-09-29T22:00,21.1,14.3,263.0,13.8,11.6,31.0
2023-09-29T23:00,21.0,14.3,270.0,14.2,11.9,27.0
2023-09-30T00:00,22.4,15.3,282.0,15.6,13.8,26.0
2023-09-30T01:00,23.6,16.2,301.0,15.5,14.3,30.0
2023-09-30T02:00,25.6,17.5,325.0,15.1,15.0,36.0
2023-09-30T03:00,27.4,18.7,335.0,14.0,15.5,49.0
2023-09-30T04:00,30.5,20.7,316.0,11.3,15.9,76.0
2023-09-30T05:00,31.9,21.4,283.0,7.7,16.1,109.0
2023-09-30T06:00,28.8,18.7,253.0,4.9,15.8,134.0
2023-09-30T07:00,26.5,16.4,232.0,3.4,14.6,145.0
2023-09-30T08:00,26.7,15.9,215.0,2.7,12.8,147.0
2023-09-30T09:00,29.1,16.9,203.0,2.9,11.3,144.0
2023-09-30T10:00,30.7,17.5,196.0,4.3,10.1,133.0
2023-09-30T11:00,31.5,17.7,194.0,6.6,9.2,115.0
2023-09-30T12:00,34.7,19.8,222.0,9.6,9.0,119.0
2023-09-30T13:00,29.6,16.8,217.0,10.0,9.7,108.0
2023-09-30T14:00,24.1,14.2,209.0,10.6,10.6,92.0
2023-09-30T15:00,18.9,12.1,206.0,11.4,11.4,78.0
2023-09-30T16:00,20.3,13.5,210.0,12.4,11.9,67.0
2023-09-30T17:00,19.6,13.0,217.0,13.6,12.2,57.0
2023-09-30T18:00,18.8,12.4,224.0,14.4,12.4,49.0
2023-09-30T19:00,18.2,12.0,228.0,14.5,12.5,43.0
2023-09-30T20:00,17.5,11.6,231.0,14.2,12.5,38.0
2023-09-30T21:00,16.6,11.1,234.0,14.0,12.4,33.0
2023-09-30T22:00,15.8,10.7,235.0,14.0,12.1,28.0
2023-09-30T23:00,15.1,10.2,236.0,14.0,11.7,23.0
2023-10-01T00:00,15.3,10.3,246.0,14.7,12.2,21.0
2023-10-01T01:00,15.5,10.4,256.0,13.9,12.6,25.0
2023-10-01T02:00,16.4,11.0,270.0,12.7,13.1,30.0
2023-10-01T03:00,17.2,11.6,273.0,11.2,13.4,41.0
2023-10-01T04:00,18.9,12.7,256.0,9.0,13.4,61.0
2023-10-01T05:00,18.9,12.6,228.0,6.5,13.1,86.0
2023-10-01T06:00,18.4,11.8,206.0,4.6,12.6,106.0
2023-10-01T07:00,18.8,11.8,197.0,3.5,11.7,118.0
2023-10-01T08:00,19.7,12.3,195.0,2.9,10.7,125.0
2023-10-01T09:00,21.2,12.9,196.0,3.2,9.7,128.0
2023-10-01T10:00,23.5,13.9,200.0,4.7,9.0,125.0
2023-10-01T11:00,27.2,15.6,207.0,7.0,8.4,117.0
2023-10-01T12:00,32.2,18.0,205.0,8.6,7.6,107.0
2023-10-01T13:00,33.2,18.3,200.0,8.7,7.2,97.0
2023-10-01T14:00,30.9,17.0,194.0,8.9,6.6,83.0
2023-10-01T15:00,31.2,17.1,192.0,9.3,6.4,71.0
2023-10-01T16:00,31.5,17.3,196.0,10.0,6.9,63.0
2023-10-01T17:00,30.5,17.1,204.0,10.9,7.9,57.0
2023-10-01T18:00,27.2,15.7,211.0,11.5,8.7,52.0
2023-10-01T19:00,24.2,14.5,215.0,11.5,9.2,48.0
2023-10-01T20:00,23.2,14.5,219.0,11.3,9.7,44.0
2023-10-01T21:00,21.5,13.7,222.0,11.1,10.0,41.0
2023-10-01T22:00,19.7,12.7,223.0,11.2,10.1,36.0
2023-10-01T23:00,18.2,11.9,223.0,11.5,10.1,32.0
2023-10-02T00:00,17.4,11.4,223.0,12.0,11.3,31.0
2023-10-02T01:00,17.1,11.3,237.0,12.0,12.2,32.0
2023-10-02T02:00,17.8,11.9,256.0,11.9,13.3,35.0
2023-10-02T03:00,18.5,12.5,265.0,11.1,13.9,44.0
2023-10-02T04:00,20.7,13.9,253.0,9.0,13.4,64.0
2023-10-02T05:00,21.4,14.2,230.0,6.3,12.3,89.0
2023-10-02T06:00,20.8,13.1,212.0,4.2,11.2,110.0
2023-10-02T07:00,21.4,13.1,205.0,3.1,10.1,124.0
2023-10-02T08:00,23.9,14.3,203.0,2.7,9.0,133.0
2023-10-02T09:00,27.4,16.0,203.0,3.2,8.1,134.0
2023-10-02T10:00,31.8,17.9,207.0,5.3,7.4,124.0
2023-10-02T11:00,32.1,18.1,213.0,8.4,6.8,107.0
2023-10-02T12:00,35.4,20.8,255.0,13.2,6.6,103.0
2023-10-02T13:00,32.5,18.9,241.0,12.7,6.2,91.0
2023-10-02T14:00,29.4,16.8,222.0,12.0,5.6,75.0
2023-10-02T15:00,27.1,15.3,207.0,11.4,5.6,63.0
2023-10-02T16:00,27.8,15.5,200.0,11.1,6.4,58.0
2023-10-02T17:00,27.0,15.1,197.0,11.0,7.7,56.0
2023-10-02T18:00,24.4,14.0,197.0,11.0,9.1,55.0
2023-10-02T19:00,22.6,13.6,199.0,11.2,10.6,53.0
2023-10-02T20:00,21.4,13.4,203.0,11.5,12.1,50.0
2023-10-02T21:00,20.1,12.9,209.0,11.7,13.0,48.0
2023-10-02T22:00,19.2,12.4,212.0,11.5,12.8,45.0
2023-10-02T23:00,18.9,12.3,216.0,11.1,11.9,43.0
2023-10-03T00:00,17.8,11.7,214.0,10.8,11.4,43.0
2023-10-03T01:00,19.1,12.7,250.0,11.7,11.5,43.0
2023-10-03T02:00,22.4,15.1,298.0,12.8,11.7,45.0
2023-10-03T03:00,28.9,19.6,333.0,12.8,12.0,58.0
2023-10-03T04:00,38.9,26.4,342.0,10.8,12.7,92.0
2023-10-03T05:00,44.2,29.6,336.0,7.7,13.5,138.0
2023-10-03T06:00,45.1,29.1,326.0,5.2,13.7,171.0
2023-10-03T07:00,46.0,28.4,309.0,3.6,12.6,
2023-10-03T08:00,46.0,27.2,286.0,2.7,10.8,
2023-10-03T09:00,45.4,26.1,273.0,3.3,9.3,
2023-10-03T10:00,43.9,25.0,280.0,6.8,8.7,164.0
2023-10-03T11:00,42.4,23.9,296.0,11.8,8.4,143.0
2023-10-03T12:00,47.7,28.2,295.0,14.5,7.8,125.0
2023-10-03T13:00,43.1,25.4,270.0,13.1,7.1,112.0
2023-10-03T14:00,36.2,21.0,234.0,11.1,6.2,93.0
2023-10-03T15:00,29.6,16.8,202.0,9.4,5.4,77.0
2023-10-03T16:00,25.2,13.9,178.0,8.2,4.8,66.0
2023-10-03T17:00,24.3,13.0,159.0,7.3,4.4,57.0
2023-10-03T18:00,22.2,11.7,145.0,6.8,4.5,50.0
2023-10-03T19:00,18.1,9.7,139.0,6.8,5.2,46.0
2023-10-03T20:00,15.5,8.6,140.0,7.3,6.5,43.0
2023-10-03T21:00,14.0,7.9,142.0,7.9,7.9,41.0
2023-10-03T22:00,12.3,7.0,142.0,8.8,9.6,38.0
2023-10-03T23:00,11.7,6.8,144.0,10.0,11.6,36.0
2023-10-04T00:00,12.1,7.2,151.0,10.2,11.3,36.0
2023-10-04T01:00,12.6,7.7,178.0,10.9,12.5,34.0
2023-10-04T02:00,14.3,9.1,215.0,11.7,14.0,33.0
2023-10-04T03:00,18.9,12.3,247.0,11.7,15.1,43.0
2023-10-04T04:00,28.5,18.7,270.0,10.0,15.3,75.0
2023-10-04T05:00,39.3,25.6,289.0,7.3,15.0,117.0
2023-10-04T06:00,44.5,27.4,297.0,5.2,14.3,150.0
2023-10-04T07:00,47.7,27.8,287.0,3.7,12.9,164.0
2023-10-04T08:00,50.5,28.6,268.0,2.6,11.2,168.0
2023-10-04T09:00,50.8,28.2,257.0,3.1,9.8,165.0
2023-10-04T10:00,51.1,28.2,263.0,6.1,9.1,154.0
2023-10-04T11:00,49.8,27.5,278.0,10.6,8.9,137.0
2023-10-04T12:00,64.5,37.6,343.0,18.9,11.0,130.0
2023-10-04T13:00,67.5,39.6,408.0,27.0,15.5,115.0
2023-10-04T14:00,73.1,43.8,,,21.6,95.0
2023-10-04T15:00,80.6,48.8,,,24.9,79.0
2023-10-04T16:00,77.8,47.4,,,22.9,71.0
2023-10-04T17:00,67.1,40.7,463.0,,18.2,66.0
2023-10-04T18:00,60.3,36.3,403.0,24.8,14.1,65.0
2023-10-04T19:00,55.9,33.5,347.0,18.7,11.8,69.0
2023-10-04T20:00,52.4,31.5,290.0,13.0,10.2,75.0
2023-10-04T21:00,52.9,31.7,253.0,9.2,9.4,79.0
2023-10-04T22:00,49.1,29.8,247.0,8.3,9.8,76.0
2023-10-04T23:00,51.3,31.5,261.0,9.3,11.0,70.0
2023-10-05T00:00,44.9,28.5,253.0,11.8,15.6,51.0
2023-10-05T01:00,47.6,30.4,287.0,13.0,16.3,52.0
2023-10-05T02:00,51.8,33.2,332.0,14.5,17.4,54.0
2023-10-05T03:00,57.7,36.7,360.0,14.7,18.2,66.0
2023-10-05T04:00,62.6,39.1,355.0,12.3,18.8,98.0
2023-10-05T05:00,62.6,38.3,333.0,8.6,19.2,140.0
2023-10-05T06:00,61.0,36.7,309.0,5.7,18.9,171.0
2023-10-05T07:00,59.6,35.4,286.0,4.1,17.1,
2023-10-05T08:00,57.7,33.9,262.0,3.3,14.6,
2023-10-05T09:00,54.8,31.7,247.0,3.6,12.7,172.0
2023-10-05T10:00,53.3,30.4,239.0,4.6,11.6,163.0
2023-10-05T11:00,52.5,29.6,240.0,6.7,11.2,150.0
2023-10-05T12:00,54.8,31.8,264.0,13.6,11.8,122.0
2023-10-05T13:00,60.8,36.4,300.0,16.5,14.7,117.0
2023-10-05T14:00,62.6,38.0,348.0,20.4,18.5,110.0
2023-10-05T15:00,66.1,39.9,376.0,22.4,20.6,103.0
2023-10-05T16:00,60.1,36.4,367.0,20.9,19.5,97.0
2023-10-05T17:00,52.5,31.8,337.0,17.6,16.6,91.0
2023-10-05T18:00,44.9,27.5,303.0,14.4,13.6,85.0
2023-10-05T19:00,37.3,22.7,265.0,11.7,10.5,77.0
2023-10-05T20:00,30.3,18.7,224.0,9.1,7.3,69.0
2023-10-05T21:00,26.3,16.3,198.0,7.5,5.6,63.0
2023-10-05T22:00,25.1,15.7,197.0,7.4,6.6,60.0
2023-10-05T23:00,29.3,18.5,212.0,8.3,9.2,59.0
2023-10-06T00:00,34.7,22.4,239.0,9.6,10.2,56.0
2023-10-06T01:00,44.2,28.6,274.0,10.9,11.9,60.0
2023-10-06T02:00,52.0,33.5,322.0,12.5,14.2,66.0
2023-10-06T03:00,57.9,36.9,352.0,12.9,15.8,80.0
2023-10-06T04:00,61.0,38.8,350.0,10.7,16.2,109.0
2023-10-06T05:00,61.0,37.8,330.0,7.3,15.9,145.0
2023-10-06T06:00,60.1,36.3,309.0,4.6,15.2,171.0
2023-10-06T07:00,58.1,34.2,287.0,3.2,14.0,
2023-10-06T08:00,58.9,33.8,264.0,2.5,12.5,
2023-10-06T09:00,59.4,33.4,250.0,3.0,11.4,173.0
2023-10-06T10:00,59.6,33.2,251.0,5.6,11.0,163.0
2023-10-06T11:00,58.1,32.4,262.0,9.3,10.9,148.0
2023-10-06T12:00,71.7,41.8,248.0,9.8,13.5,139.0
2023-10-06T13:00,73.1,43.7,292.0,13.5,16.3,130.0
2023-10-06T14:00,77.8,47.6,350.0,18.5,19.9,116.0
2023-10-06T15:00,76.8,47.3,383.0,21.1,21.5,106.0
2023-10-06T16:00,71.9,43.7,366.0,19.3,19.0,102.0
2023-10-06T17:00,65.0,38.9,322.0,15.2,14.5,100.0
2023-10-06T18:00,59.0,34.9,282.0,11.6,10.7,98.0
2023-10-06T19:00,52.3,30.6,252.0,9.4,8.4,93.0
2023-10-06T20:00,43.4,25.7,226.0,7.7,6.8,87.0
2023-10-06T21:00,36.2,21.9,213.0,6.9,6.5,80.0
2023-10-06T22:00,33.3,20.3,218.0,7.5,8.2,71.0
2023-10-06T23:00,34.9,21.5,235.0,8.9,11.1,61.0
2023-10-07T00:00,37.7,23.7,262.0,9.6,10.5,55.0
2023-10-07T01:00,46.4,29.3,295.0,10.8,13.6,58.0
2023-10-07T02:00,56.6,35.5,339.0,12.2,18.0,63.0
2023-10-07T03:00,66.6,41.1,365.0,12.5,21.1,75.0
2023-10-07T04:00,69.4,42.3,356.0,10.4,22.2,103.0
2023-10-07T05:00,66.8,39.8,328.0,7.2,22.1,138.0
2023-10-07T06:00,63.6,37.4,298.0,4.6,21.2,162.0
2023-10-07T07:00,60.3,34.6,266.0,3.3,18.9,167.0
2023-10-07T08:00,56.0,31.5,230.0,2.6,15.7,160.0
2023-10-07T09:00,53.3,29.6,206.0,2.9,13.4,152.0
2023-10-07T10:00,52.0,28.9,197.0,4.3,12.5,144.0
2023-10-07T11:00,48.3,27.0,199.0,6.7,12.3,133.0
2023-10-07T12:00,52.4,29.5,248.0,11.2,12.0,119.0
2023-10-07T13:00,53.7,31.3,273.0,12.8,13.9,113.0
2023-10-07T14:00,51.7,30.4,306.0,14.8,16.6,106.0
2023-10-07T15:00,57.2,33.9,327.0,15.7,17.9,101.0
2023-10-07T16:00,59.1,35.7,324.0,14.3,16.9,102.0
2023-10-07T17:00,54.6,33.5,308.0,11.7,14.7,106.0
2023-10-07T18:00,46.8,29.3,292.0,9.4,12.5,108.0
2023-10-07T19:00,41.0,25.8,278.0,7.9,10.2,104.0
2023-10-07T20:00,38.2,24.2,263.0,6.8,7.9,98.0
2023-10-07T21:00,38.5,24.4,255.0,6.1,6.8,92.0
2023-10-07T22:00,41.9,26.4,255.0,6.0,7.4,87.0
2023-10-07T23:00,45.5,28.5,261.0,6.4,9.2,82.0
2023-10-08T00:00,41.2,25.3,244.0,6.8,10.9,74.0
2023-10-08T01:00,42.7,26.5,249.0,8.2,14.9,70.0
2023-10-08T02:00,42.7,26.1,255.0,10.1,20.3,65.0
2023-10-08T03:00,40.9,25.0,255.0,10.9,24.0,66.0
2023-10-08T04:00,40.2,24.3,243.0,9.7,24.5,79.0
2023-10-08T05:00,38.5,23.1,225.0,7.5,23.2,97.0
2023-10-08T06:00,39.2,23.2,208.0,5.6,21.3,113.0
2023-10-08T07:00,39.9,23.2,194.0,4.2,18.6,124.0
2023-10-08T08:00,39.3,22.4,181.0,3.2,15.2,132.0
2023-10-08T09:00,38.3,21.4,174.0,3.2,12.4,133.0
2023-10-08T10:00,37.0,20.4,176.0,5.1,10.7,124.0
2023-10-08T11:00,35.0,19.2,184.0,8.1,9.6,108.0
2023-10-08T12:00,43.9,24.6,199.0,11.0,9.1,92.0
2023-10-08T13:00,41.2,23.2,213.0,12.5,8.6,84.0
2023-10-08T14:00,39.6,22.5,232.0,14.5,8.0,72.0
2023-10-08T15:00,36.1,20.5,245.0,15.8,7.4,63.0
2023-10-08T16:00,32.1,18.5,250.0,16.0,7.0,58.0
2023-10-08T17:00,29.9,17.5,249.0,15.5,6.7,55.0
2023-10-08T18:00,27.9,16.6,243.0,14.5,6.6,53.0
2023-10-08T19:00,25.9,15.7,227.0,12.4,6.5,51.0
2023-10-08T20:00,25.0,15.4,205.0,9.8,6.5,49.0
2023-10-08T21:00,23.6,14.5,192.0,8.3,7.0,47.0
2023-10-08T22:00,21.2,13.2,193.0,8.8,8.3,43.0
2023-10-08T23:00,20.3,12.9,203.0,10.3,10.2,38.0
2023-10-09T00:00,18.3,11.4,204.0,10.6,10.4,32.0
2023-10-09T01:00,21.1,13.5,216.0,11.0,12.9,34.0
2023-10-09T02:00,23.7,15.1,232.0,11.4,16.4,37.0
2023-10-09T03:00,25.4,16.1,240.0,11.2,19.0,44.0
2023-10-09T04:00,25.6,15.9,233.0,9.8,20.0,59.0
2023-10-09T05:00,26.0,15.8,218.0,7.8,20.0,78.0
2023-10-09T06:00,27.7,16.5,203.0,6.0,19.4,94.0
2023-10-09T07:00,30.4,17.9,190.0,4.5,17.9,106.0
2023-10-09T08:00,31.4,18.1,177.0,3.4,15.8,114.0
2023-10-09T09:00,31.7,17.9,169.0,3.2,13.9,117.0
2023-10-09T10:00,31.1,17.5,169.0,4.8,12.7,111.0
2023-10-09T11:00,30.0,16.8,174.0,7.5,11.9,100.0
2023-10-09T12:00,38.3,22.1,194.0,9.9,10.9,88.0
2023-10-09T13:00,40.6,24.0,233.0,13.9,11.4,78.0
2023-10-09T14:00,42.3,25.4,287.0,19.3,11.9,65.0
2023-10-09T15:00,41.0,25.0,326.0,23.0,12.2,54.0
2023-10-09T16:00,38.8,24.0,337.0,23.8,11.9,48.0
2023-10-09T17:00,36.6,22.9,332.0,22.9,11.2,44.0
2023-10-09T18:00,33.6,21.2,321.0,21.1,10.4,42.0
2023-10-09T19:00,30.6,19.6,300.0,18.0,9.2,42.0
2023-10-09T20:00,28.5,18.3,273.0,14.0,7.9,43.0
2023-10-09T21:00,27.6,17.8,252.0,11.2,7.6,44.0
2023-10-09T22:00,28.0,17.8,243.0,10.6,8.8,42.0
2023-10-09T23:00,29.0,18.4,242.0,11.3,11.0,38.0
2023-10-10T00:00,28.4,18.6,221.0,11.2,14.9,51.0
2023-10-10T01:00,31.4,20.7,240.0,12.1,16.9,53.0
2023-10-10T02:00,34.9,23.2,265.0,13.2,19.6,56.0
2023-10-10T03:00,37.8,24.9,281.0,13.3,21.9,65.0
2023-10-10T04:00,37.5,24.6,278.0,11.6,23.6,84.0
2023-10-10T05:00,36.6,23.7,266.0,9.0,25.0,109.0
2023-10-10T06:00,37.4,23.7,252.0,6.7,25.1,129.0
2023-10-10T07:00,40.9,25.4,237.0,5.0,23.2,142.0
2023-10-10T08:00,42.8,25.9,221.0,3.6,20.2,150.0
2023-10-10T09:00,43.9,26.1,212.0,3.5,17.6,152.0
2023-10-10T10:00,44.2,26.0,215.0,5.4,16.2,145.0
2023-10-10T11:00,44.0,25.6,223.0,8.6,15.3,133.0
2023-10-10T12:00,60.8,36.3,288.0,15.4,13.6,118.0
2023-10-10T13:00,58.2,34.7,275.0,14.5,12.8,114.0
2023-10-10T14:00,52.3,31.1,257.0,13.3,11.8,107.0
2023-10-10T15:00,46.6,27.6,238.0,12.0,10.6,100.0
2023-10-10T16:00,42.6,25.0,217.0,10.6,9.2,91.0
2023-10-10T17:00,36.8,21.2,196.0,9.1,7.6,81.0
2023-10-10T18:00,29.9,17.2,184.0,8.1,6.9,73.0
2023-10-10T19:00,25.4,15.0,186.0,7.8,7.4,68.0
2023-10-10T20:00,26.2,16.1,197.0,8.0,8.7,65.0
2023-10-10T21:00,29.1,18.0,211.0,8.6,10.2,63.0
2023-10-10T22:00,32.5,20.2,227.0,9.7,11.9,60.0
2023-10-10T23:00,35.6,22.5,246.0,11.1,13.8,58.0
2023-10-11T00:00,43.2,27.9,273.0,10.7,14.9,62.0
2023-10-11T01:00,47.7,31.1,287.0,11.5,16.7,67.0
2023-10-11T02:00,52.0,33.9,306.0,12.4,19.3,74.0
2023-10-11T03:00,55.6,36.2,318.0,12.5,21.8,88.0
2023-10-11T04:00,57.0,36.9,318.0,10.9,24.3,114.0
2023-10-11T05:00,62.2,40.4,311.0,8.4,26.7,147.0
2023-10-11T06:00,63.3,41.0,304.0,6.3,27.9,173.0
2023-10-11T07:00,64.5,41.4,297.0,5.0,27.3,
2023-10-11T08:00,66.1,42.4,289.0,4.1,25.5,
2023-10-11T09:00,66.8,42.5,282.0,3.9,23.4,
2023-10-11T10:00,65.9,41.6,277.0,5.0,21.1,
2023-10-11T11:00,63.1,39.5,274.0,6.8,18.5,
2023-10-11T12:00,64.0,40.0,269.0,9.0,16.0,162.0
2023-10-11T13:00,63.1,39.2,265.0,9.7,15.1,151.0
2023-10-11T14:00,62.6,38.6,260.0,10.6,13.7,136.0
2023-10-11T15:00,61.9,37.7,253.0,11.1,12.6,123.0
2023-10-11T16:00,58.3,35.3,243.0,10.9,11.8,115.0
2023-10-11T17:00,56.9,34.1,232.0,10.3,11.2,110.0
2023-10-11T18:00,55.1,32.8,221.0,9.5,10.8,105.0
2023-10-11T19:00,52.5,31.1,208.0,8.5,10.5,101.0
2023-10-11T20:00,49.6,29.2,195.0,7.3,10.3,97.0
2023-10-11T21:00,48.8,28.9,190.0,6.7,10.4,93.0
2023-10-11T22:00,49.8,29.9,202.0,7.2,10.8,87.0
2023-10-11T23:00,51.6,31.5,221.0,8.3,11.5,81.0
2023-10-12T00:00,37.7,21.6,166.0,6.5,8.7,68.0
2023-10-12T01:00,39.0,22.5,170.0,7.0,11.0,69.0
2023-10-12T02:00,39.6,23.0,174.0,7.6,14.2,70.0
2023-10-12T03:00,38.2,21.8,176.0,7.6,16.1,73.0
2023-10-12T04:00,38.8,21.9,173.0,6.5,15.6,81.0
2023-10-12T05:00,39.6,22.4,167.0,4.8,13.8,90.0
2023-10-12T06:00,39.8,22.3,161.0,3.4,12.0,97.0
2023-10-12T07:00,39.2,21.8,155.0,2.5,10.4,99.0
2023-10-12T08:00,38.4,21.1,149.0,1.9,8.9,97.0
2023-10-12T09:00,37.7,20.5,147.0,2.2,7.6,93.0
2023-10-12T10:00,37.6,20.2,152.0,3.7,6.8,86.0
2023-10-12T11:00,37.6,20.0,162.0,6.0,6.3,76.0
2023-10-12T12:00,30.4,16.9,169.0,7.9,6.0,65.0
2023-10-12T13:00,29.9,16.4,178.0,8.8,5.8,62.0
2023-10-12T14:00,31.0,16.9,191.0,10.0,5.5,57.0
2023-10-12T15:00,32.2,17.5,201.0,10.9,5.2,54.0
2023-10-12T16:00,33.5,18.2,204.0,11.1,5.0,53.0
2023-10-12T17:00,35.0,19.0,204.0,10.8,4.9,54.0
2023-10-12T18:00,36.4,19.7,204.0,10.4,4.7,54.0
2023-10-12T19:00,38.2,20.5,205.0,9.8,4.5,54.0
2023-10-12T20:00,40.4,21.7,205.0,9.1,4.2,54.0
2023-10-12T21:00,42.6,22.9,203.0,8.3,4.1,54.0
2023-10-12T22:00,44.9,24.0,199.0,7.6,4.1,54.0
2023-10-12T23:00,47.0,25.0,193.0,6.9,4.2,55.0
2023-10-13T00:00,51.0,27.7,224.0,9.1,4.2,53.0
2023-10-13T01:00,55.3,29.7,213.0,8.4,5.0,58.0
2023-10-13T02:00,58.0,30.4,198.0,7.4,6.1,65.0
2023-10-13T03:00,59.5,30.7,185.0,6.4,7.1,72.0
2023-10-13T04:00,60.3,31.0,176.0,5.4,8.0,79.0
2023-10-13T05:00,61.5,31.7,170.0,4.3,8.9,85.0
2023-10-13T06:00,62.6,32.4,166.0,3.4,9.1,90.0
2023-10-13T07:00,63.3,32.9,165.0,2.6,8.2,92.0
2023-10-13T08:00,62.6,32.7,166.0,1.9,6.6,92.0
2023-10-13T09:00,61.7,32.5,171.0,2.1,5.5,91.0
2023-10-13T10:00,60.1,32.1,181.0,3.5,5.4,87.0
2023-10-13T11:00,58.7,31.8,194.0,5.7,5.8,81.0
2023-10-13T12:00,60.3,33.1,197.0,6.9,6.0,77.0
2023-10-13T13:00,56.9,32.0,212.0,8.2,5.8,74.0
2023-10-13T14:00,53.9,31.0,234.0,10.0,5.6,70.0
2023-10-13T15:00,51.5,30.3,253.0,11.8,5.6,67.0
2023-10-13T16:00,50.9,30.5,269.0,13.6,6.1,64.0
2023-10-13T17:00,51.2,31.1,283.0,15.4,6.8,62.0
2023-10-13T18:00,51.1,31.1,290.0,16.2,7.3,61.0
2023-10-13T19:00,49.9,30.6,286.0,15.3,7.1,61.0
2023-10-13T20:00,48.5,30.3,276.0,13.5,6.6,61.0
2023-10-13T21:00,46.3,28.9,266.0,12.0,6.5,61.0
2023-10-13T22:00,41.8,25.9,257.0,11.1,6.8,60.0
2023-10-13T23:00,38.9,24.2,248.0,10.4,7.6,58.0
2023-10-14T00:00,41.7,26.1,248.0,9.0,6.1,62.0
2023-10-14T01:00,39.3,24.7,241.0,9.1,7.4,63.0
2023-10-14T02:00,37.3,23.4,231.0,9.1,9.4,65.0
2023-10-14T03:00,33.9,21.4,225.0,9.1,11.9,70.0
2023-10-14T04:00,32.5,20.6,226.0,9.1,15.7,81.0
2023-10-14T05:00,32.0,20.3,230.0,8.9,20.0,95.0
2023-10-14T06:00,33.9,21.7,231.0,8.4,22.3,107.0
2023-10-14T07:00,34.7,22.3,225.0,6.9,20.9,118.0
2023-10-14T08:00,34.7,22.4,215.0,5.0,17.4,127.0
2023-10-14T09:00,33.1,21.4,210.0,4.2,14.2,130.0
2023-10-14T10:00,31.5,20.4,211.0,5.2,12.1,123.0
2023-10-14T11:00,28.8,18.6,216.0,7.4,10.3,109.0
2023-10-14T12:00,61.2,36.7,251.0,11.5,5.2,59.0
2023-10-14T13:00,64.5,38.6,268.0,12.9,6.0,57.0
2023-10-14T14:00,67.1,40.4,291.0,14.7,7.2,54.0
2023-10-14T15:00,67.5,40.4,307.0,16.0,8.0,51.0
2023-10-14T16:00,68.0,41.1,308.0,16.1,8.0,50.0
2023-10-14T17:00,65.2,39.9,302.0,15.6,7.7,50.0
2023-10-14T18:00,58.3,36.0,295.0,15.1,7.7,49.0
2023-10-14T19:00,53.0,33.4,289.0,14.8,8.2,48.0
2023-10-14T20:00,47.8,30.5,283.0,14.4,9.0,47.0
2023-10-14T21:00,44.7,28.6,281.0,14.4,10.1,45.0
2023-10-14T22:00,43.7,28.2,287.0,14.9,11.2,42.0
2023-10-14T23:00,44.2,28.6,298.0,15.7,12.5,38.0
2023-10-15T00:00,25.3,16.9,245.0,13.0,12.5,42.0
2023-10-15T01:00,26.7,17.7,255.0,14.1,16.0,42.0
2023-10-15T02:00,28.3,18.7,267.0,15.4,20.8,43.0
2023-10-15T03:00,29.8,19.4,270.0,15.5,23.7,48.0
2023-10-15T04:00,29.9,19.0,256.0,13.0,23.2,64.0
2023-10-15T05:00,29.5,18.6,233.0,9.3,20.8,84.0
2023-10-15T06:00,29.7,18.6,212.0,6.4,17.8,97.0
2023-10-15T07:00,26.7,16.7,197.0,5.2,14.1,94.0
2023-10-15T08:00,22.7,14.3,186.0,4.8,9.8,83.0
2023-10-15T09:00,19.5,12.4,179.0,5.1,7.0,73.0
2023-10-15T10:00,18.2,11.7,173.0,6.1,6.9,67.0
2023-10-15T11:00,17.7,11.4,172.0,7.7,8.2,63.0
2023-10-15T12:00,18.6,12.4,215.0,12.1,11.6,65.0
2023-10-15T13:00,18.0,12.0,237.0,14.9,12.8,60.0
2023-10-15T14:00,20.8,14.1,268.0,18.6,14.5,53.0
2023-10-15T15:00,23.0,15.7,295.0,21.2,15.6,48.0
2023-10-15T16:00,24.1,16.4,314.0,21.4,15.5,46.0
2023-10-15T17:00,25.7,17.5,329.0,20.4,14.8,45.0
2023-10-15T18:00,27.6,18.7,338.0,19.4,14.1,44.0
2023-10-15T19:00,28.3,19.2,340.0,18.8,13.5,43.0
2023-10-15T20:00,28.1,19.0,336.0,18.2,12.8,43.0
2023-10-15T21:00,28.3,19.2,331.0,17.6,12.2,43.0
2023-10-15T22:00,27.6,18.6,328.0,17.0,11.6,43.0
2023-10-15T23:00,27.3,18.4,325.0,16.4,11.1,42.0
2023-10-16T00:00,29.8,20.1,413.0,14.0,8.9,43.0
2023-10-16T01:00,28.1,18.6,369.0,13.5,9.6,46.0
2023-10-16T02:00,25.1,16.4,308.0,12.7,10.6,51.0
2023-10-16T03:00,22.7,14.8,256.0,11.5,11.1,55.0
2023-10-16T04:00,17.5,11.2,223.0,9.6,10.6,59.0
2023-10-16T05:00,14.6,9.3,200.0,7.4,9.6,62.0
2023-10-16T06:00,14.5,9.0,183.0,5.6,8.7,65.0
2023-10-16T07:00,11.6,7.2,171.0,4.5,8.0,66.0
2023-10-16T08:00,11.1,6.7,164.0,3.8,7.3,66.0
2023-10-16T09:00,10.9,6.6,163.0,3.9,6.8,65.0
2023-10-16T10:00,10.8,6.4,166.0,5.1,6.6,62.0
2023-10-16T11:00,10.7,6.3,173.0,7.2,6.7,57.0
2023-10-16T12:00,19.8,12.5,201.0,9.7,9.1,73.0
2023-10-16T13:00,20.4,13.1,230.0,12.0,8.9,66.0
2023-10-16T14:00,21.4,14.0,271.0,15.1,8.6,56.0
2023-10-16T15:00,21.9,14.4,301.0,17.3,8.4,48.0
2023-10-16T16:00,21.1,13.8,313.0,17.6,8.6,45.0
2023-10-16T17:00,22.4,14.6,315.0,16.9,8.9,44.0
2023-10-16T18:00,23.6,15.2,312.0,16.0,9.0,44.0
2023-10-16T19:00,24.6,15.7,303.0,15.2,8.5,43.0
2023-10-16T20:00,25.1,15.9,289.0,14.4,7.6,42.0
2023-10-16T21:00,24.9,15.8,276.0,13.5,7.3,42.0
2023-10-16T22:00,25.5,16.1,266.0,12.7,7.6,42.0
2023-10-16T23:00,26.4,16.5,257.0,11.9,8.4,41.0
2023-10-17T00:00,41.6,23.5,239.0,11.4,6.7,57.0
2023-10-17T01:00,44.8,25.1,230.0,10.2,7.5,61.0
2023-10-17T02:00,48.3,26.8,218.0,8.6,8.6,67.0
2023-10-17T03:00,52.2,28.1,208.0,6.9,9.2,73.0
2023-10-17T04:00,57.6,30.7,202.0,5.3,8.9,78.0
2023-10-17T05:00,62.6,33.2,199.0,3.7,8.0,83.0
2023-10-17T06:00,65.2,34.6,198.0,2.5,7.3,87.0
2023-10-17T07:00,65.4,34.8,201.0,1.8,6.8,89.0
2023-10-17T08:00,64.3,34.3,206.0,1.5,6.4,89.0
2023-10-17T09:00,62.2,33.5,213.0,1.8,6.1,88.0
2023-10-17T10:00,59.8,32.4,221.0,2.8,5.8,86.0
2023-10-17T11:00,57.3,31.2,230.0,4.4,5.6,83.0
2023-10-17T12:00,56.0,30.7,238.0,6.8,5.4,81.0
2023-10-17T13:00,55.8,30.7,252.0,8.1,5.7,80.0
2023-10-17T14:00,56.8,31.3,270.0,9.8,6.2,78.0
2023-10-17T15:00,58.6,32.2,282.0,10.7,6.4,77.0
2023-10-17T16:00,60.1,32.9,280.0,10.1,6.2,78.0
2023-10-17T17:00,60.8,33.2,272.0,8.7,5.7,79.0
2023-10-17T18:00,60.5,32.9,263.0,7.4,5.3,81.0
2023-10-17T19:00,60.5,32.7,256.0,6.4,5.2,83.0
2023-10-17T20:00,61.7,33.3,249.0,5.4,5.2,85.0
2023-10-17T21:00,62.6,33.8,246.0,4.9,5.2,85.0
2023-10-17T22:00,62.2,33.8,251.0,5.0,5.1,82.0
2023-10-17T23:00,60.1,32.9,260.0,5.5,5.0,78.0
2023-10-18T00:00,65.7,35.5,247.0,4.4,5.1,83.0
2023-10-18T01:00,66.4,36.1,250.0,4.8,5.5,87.0
2023-10-18T02:00,68.2,36.9,253.0,5.2,6.1,92.0
2023-10-18T03:00,69.8,36.7,252.0,5.2,6.4,96.0
2023-10-18T04:00,69.2,35.9,242.0,4.2,6.4,99.0
2023-10-18T05:00,68.5,35.5,228.0,2.8,6.2,102.0
2023-10-18T06:00,68.2,35.3,218.0,1.7,5.9,104.0
2023-10-18T07:00,68.2,35.3,214.0,1.2,5.6,104.0
2023-10-18T08:00,68.5,35.3,213.0,1.2,5.3,103.0
2023-10-18T09:00,68.2,35.2,216.0,1.8,5.1,100.0
2023-10-18T10:00,67.3,34.8,222.0,3.3,5.0,95.0
2023-10-18T11:00,66.1,34.2,232.0,5.4,5.0,89.0
2023-10-18T12:00,74.3,39.0,259.0,7.9,5.2,86.0
2023-10-18T13:00,75.9,40.2,272.0,9.2,5.4,84.0
2023-10-18T14:00,77.3,41.2,292.0,11.1,5.6,81.0
2023-10-18T15:00,78.7,42.3,312.0,13.0,6.1,78.0
2023-10-18T16:00,81.0,43.9,333.0,15.1,7.1,76.0
2023-10-18T17:00,82.9,45.2,355.0,17.1,8.2,74.0
2023-10-18T18:00,83.1,45.5,372.0,18.1,8.8,72.0
2023-10-18T19:00,81.0,44.8,381.0,17.2,8.3,71.0
2023-10-18T20:00,76.8,43.3,385.0,15.1,7.3,70.0
2023-10-18T21:00,74.3,42.0,384.0,13.3,6.4,69.0
2023-10-18T22:00,72.2,40.7,379.0,12.1,5.8,68.0
2023-10-18T23:00,70.3,39.7,369.0,11.2,5.4,67.0
2023-10-19T00:00,73.8,41.1,356.0,10.1,5.6,69.0
2023-10-19T01:00,74.5,41.7,338.0,9.3,6.2,75.0
2023-10-19T02:00,75.7,42.4,313.0,8.1,7.0,83.0
2023-10-19T03:00,75.2,40.5,287.0,6.8,7.4,90.0
2023-10-19T04:00,72.6,38.8,262.0,5.1,7.1,94.0
2023-10-19T05:00,68.7,36.6,236.0,3.3,6.5,97.0
2023-10-19T06:00,66.6,35.3,218.0,2.0,5.8,99.0
2023-10-19T07:00,62.4,33.1,210.0,1.4,5.2,99.0
2023-10-19T08:00,59.5,31.3,208.0,1.2,4.6,97.0
2023-10-19T09:00,56.3,29.7,210.0,1.7,4.1,94.0
2023-10-19T10:00,53.0,27.9,214.0,3.0,3.9,90.0
2023-10-19T11:00,49.8,26.4,222.0,4.9,3.8,84.0
2023-10-19T12:00,62.4,33.5,251.0,8.4,4.1,77.0
2023-10-19T13:00,59.5,32.0,254.0,8.6,4.1,75.0
2023-10-19T14:00,56.8,30.6,258.0,8.8,4.2,73.0
2023-10-19T15:00,54.7,29.7,264.0,9.3,4.4,71.0
2023-10-19T16:00,53.1,29.2,273.0,10.2,4.7,70.0
2023-10-19T17:00,52.9,29.4,283.0,11.4,5.2,69.0
2023-10-19T18:00,53.3,29.9,291.0,12.1,5.5,69.0
2023-10-19T19:00,53.9,30.4,294.0,12.0,5.6,69.0
2023-10-19T20:00,53.9,30.7,294.0,11.4,5.6,68.0
2023-10-19T21:00,53.0,30.5,294.0,10.8,5.5,68.0
2023-10-19T22:00,51.1,29.7,298.0,10.2,5.1,66.0
2023-10-19T23:00,50.5,29.5,303.0,9.5,4.6,65.0
2023-10-20T00:00,55.1,31.7,312.0,9.8,5.1,63.0
2023-10-20T01:00,57.7,33.1,293.0,8.9,5.9,69.0
2023-10-20T02:00,61.0,34.7,266.0,7.5,7.1,76.0
2023-10-20T03:00,62.2,33.9,243.0,6.2,7.7,83.0
2023-10-20T04:00,62.6,34.0,228.0,4.8,7.4,87.0
2023-10-20T05:00,64.7,35.2,217.0,3.4,6.6,90.0
2023-10-20T06:00,66.8,36.2,209.0,2.4,5.8,92.0
2023-10-20T07:00,67.5,36.7,205.0,1.8,5.2,92.0
2023-10-20T08:00,68.7,37.1,204.0,1.6,4.6,90.0
2023-10-20T09:00,67.1,36.3,206.0,1.9,4.1,88.0
2023-10-20T10:00,65.9,35.7,211.0,3.1,3.8,84.0
2023-10-20T11:00,64.5,35.2,218.0,4.9,3.7,79.0
2023-10-20T12:00,81.7,44.8,222.0,6.8,4.0,73.0
2023-10-20T13:00,78.0,43.2,230.0,7.5,4.0,71.0
2023-10-20T14:00,74.7,41.6,241.0,8.4,4.0,69.0
2023-10-20T15:00,71.9,40.3,252.0,9.4,4.1,67.0
2023-10-20T16:00,69.6,39.2,264.0,10.5,4.4,65.0
2023-10-20T17:00,68.2,38.8,276.0,11.7,4.8,64.0
2023-10-20T18:00,67.8,38.5,283.0,12.0,5.0,63.0
2023-10-20T19:00,63.8,36.8,280.0,10.9,4.6,63.0
2023-10-20T20:00,61.7,35.7,272.0,9.1,4.0,64.0
2023-10-20T21:00,58.6,34.1,263.0,7.4,3.5,66.0
2023-10-20T22:00,59.8,34.8,255.0,6.2,3.1,69.0
2023-10-20T23:00,61.2,35.7,247.0,5.1,2.8,73.0
2023-10-21T00:00,52.6,30.9,229.0,3.8,2.6,82.0
2023-10-21T01:00,53.4,31.4,236.0,4.0,3.0,88.0
2023-10-21T02:00,50.8,30.0,245.0,4.2,3.5,96.0
2023-10-21T03:00,47.6,28.1,252.0,4.1,3.9,104.0
2023-10-21T04:00,44.9,26.1,255.0,3.5,3.9,111.0
2023-10-21T05:00,46.4,26.7,255.0,2.6,3.7,118.0
2023-10-21T06:00,49.2,28.1,254.0,1.9,3.5,122.0
2023-10-21T07:00,57.3,32.1,252.0,1.5,3.3,123.0
2023-10-21T08:00,61.5,34.2,248.0,1.3,3.1,122.0
2023-10-21T09:00,64.5,35.6,248.0,1.6,3.0,120.0
2023-10-21T10:00,65.2,36.2,253.0,2.8,2.9,117.0
2023-10-21T11:00,65.0,36.1,260.0,4.5,3.0,113.0
2023-10-21T12:00,62.2,33.6,268.0,6.2,4.6,112.0
2023-10-21T13:00,62.9,33.6,266.0,5.9,4.7,114.0
2023-10-21T14:00,62.6,33.3,263.0,5.4,4.8,116.0
2023-10-21T15:00,61.7,32.7,260.0,5.1,4.8,117.0
2023-10-21T16:00,60.3,32.0,259.0,5.0,4.5,117.0
2023-10-21T17:00,59.0,31.4,258.0,5.0,4.0,116.0
2023-10-21T18:00,58.1,31.0,257.0,4.8,3.6,115.0
2023-10-21T19:00,57.4,30.5,253.0,4.1,3.3,114.0
2023-10-21T20:00,57.6,30.7,248.0,3.3,3.0,114.0
2023-10-21T21:00,57.4,30.7,245.0,2.7,2.9,113.0
2023-10-21T22:00,56.7,30.6,246.0,2.6,2.9,112.0
2023-10-21T23:00,56.3,30.7,249.0,2.7,3.0,111.0
2023-10-22T00:00,57.7,31.3,253.0,3.1,3.4,111.0
2023-10-22T01:00,58.0,31.9,260.0,3.8,3.9,114.0
2023-10-22T02:00,59.5,32.9,270.0,4.6,4.7,119.0
2023-10-22T03:00,62.2,33.6,274.0,4.9,5.3,124.0
2023-10-22T04:00,63.3,34.3,268.0,4.1,5.7,128.0
2023-10-22T05:00,65.4,35.6,256.0,2.7,6.0,133.0
2023-10-22T06:00,67.5,37.0,250.0,1.7,6.4,135.0
2023-10-22T07:00,70.1,38.5,252.0,1.3,6.8,135.0
2023-10-22T08:00,72.6,40.3,259.0,1.3,7.2,133.0
2023-10-22T09:00,75.7,42.1,270.0,1.8,7.7,131.0
2023-10-22T10:00,78.7,43.8,287.0,3.1,8.4,130.0
2023-10-22T11:00,80.6,44.9,309.0,4.9,9.3,130.0
2023-10-22T12:00,76.6,43.0,306.0,7.2,9.6,128.0
2023-10-22T13:00,79.9,45.1,322.0,7.9,10.4,129.0
2023-10-22T14:00,83.6,47.3,344.0,8.9,11.5,131.0
2023-10-22T15:00,86.8,49.1,365.0,9.9,12.5,133.0
2023-10-22T16:00,,51.2,381.0,10.8,13.3,136.0
2023-10-22T17:00,,53.6,396.0,11.7,14.0,139.0
2023-10-22T18:00,,56.3,409.0,12.2,14.4,141.0
2023-10-22T19:00,,,420.0,11.9,14.1,140.0
2023-10-22T20:00,,,430.0,11.1,13.4,138.0
2023-10-22T21:00,,56.3,437.0,10.5,13.3,135.0
2023-10-22T22:00,,55.2,439.0,10.0,13.4,130.0
2023-10-22T23:00,,54.4,439.0,9.6,14.0,124.0
2023-10-23T00:00,,54.0,451.0,10.0,13.9,117.0
2023-10-23T01:00,,54.2,462.0,11.9,18.3,119.0
2023-10-23T02:00,,55.3,476.0,14.4,24.3,122.0
2023-10-23T03:00,,54.8,470.0,15.1,28.4,130.0
2023-10-23T04:00,,51.6,427.0,12.5,29.2,149.0
2023-10-23T05:00,83.1,47.7,364.0,8.1,28.2,173.0
2023-10-23T06:00,76.1,43.7,312.0,4.7,26.3,
2023-10-23T07:00,70.8,40.3,279.0,3.2,23.2,
2023-10-23T08:00,66.8,37.8,257.0,2.7,19.2,
2023-10-23T09:00,65.0,36.4,249.0,3.2,16.0,
2023-10-23T10:00,64.3,36.1,263.0,5.6,14.5,176.0
2023-10-23T11:00,65.9,37.3,290.0,9.1,13.7,168.0
2023-10-23T12:00,83.6,47.7,362.0,14.2,21.4,
2023-10-23T13:00,85.9,49.1,360.0,12.2,19.8,
2023-10-23T14:00,87.5,49.9,357.0,9.6,17.6,
2023-10-23T15:00,88.2,50.1,358.0,8.0,15.8,
2023-10-23T16:00,88.5,50.2,369.0,8.7,15.1,
2023-10-23T17:00,,51.2,384.0,10.5,14.8,166.0
2023-10-23T18:00,88.5,50.4,392.0,11.5,14.5,154.0
2023-10-23T19:00,86.1,49.0,386.0,10.6,14.0,143.0
2023-10-23T20:00,81.7,47.0,373.0,8.9,13.5,134.0
2023-10-23T21:00,78.7,45.5,359.0,7.5,13.1,125.0
2023-10-23T22:00,76.4,44.1,345.0,6.8,12.3,119.0
2023-10-23T23:00,73.6,42.7,330.0,6.5,11.5,114.0
2023-10-24T00:00,,53.3,465.0,11.2,17.9,107.0
2023-10-24T01:00,88.5,52.9,464.0,12.2,18.8,113.0
2023-10-24T02:00,,53.0,461.0,13.5,20.2,122.0
2023-10-24T03:00,86.4,50.3,447.0,13.6,21.9,135.0
2023-10-24T04:00,83.8,48.7,412.0,11.4,24.7,158.0
2023-10-24T05:00,82.4,47.6,367.0,8.1,27.8,
2023-10-24T06:00,81.3,46.8,329.0,5.4,29.4,
2023-10-24T07:00,81.0,46.6,306.0,3.9,28.2,
2023-10-24T08:00,79.9,45.9,290.0,3.2,25.5,
2023-10-24T09:00,77.8,44.6,283.0,3.6,22.6,
2023-10-24T10:00,74.3,42.4,288.0,6.3,20.0,
2023-10-24T11:00,70.3,40.0,301.0,10.2,17.3,174.0
2023-10-24T12:00,86.8,50.3,332.0,12.6,18.7,
2023-10-24T13:00,83.8,48.1,314.0,11.0,16.4,175.0
2023-10-24T14:00,80.1,45.4,288.0,8.7,13.2,160.0
2023-10-24T15:00,77.1,43.2,269.0,7.1,10.7,147.0
2023-10-24T16:00,75.0,41.7,261.0,6.7,9.6,138.0
2023-10-24T17:00,73.6,40.6,258.0,6.9,9.1,130.0
2023-10-24T18:00,72.2,39.8,259.0,7.1,9.0,124.0
2023-10-24T19:00,71.2,39.2,263.0,7.2,9.0,118.0
2023-10-24T20:00,70.3,39.6,269.0,7.3,9.4,114.0
2023-10-24T21:00,67.5,38.2,277.0,7.5,10.1,109.0
2023-10-24T22:00,67.3,38.3,284.0,7.7,11.4,104.0
2023-10-24T23:00,67.5,38.8,291.0,8.0,13.0,99.0
2023-10-25T00:00,67.3,40.5,350.0,10.9,12.6,80.0
2023-10-25T01:00,69.8,42.7,369.0,12.4,14.8,85.0
2023-10-25T02:00,71.2,44.1,393.0,14.2,17.8,93.0
2023-10-25T03:00,72.9,43.9,401.0,14.7,21.0,108.0
2023-10-25T04:00,71.5,41.8,377.0,12.4,24.7,135.0
2023-10-25T05:00,72.9,42.6,336.0,8.8,28.4,169.0
2023-10-25T06:00,73.6,43.1,303.0,5.8,30.0,
2023-10-25T07:00,73.8,43.4,286.0,4.2,28.0,
2023-10-25T08:00,74.0,43.4,276.0,3.2,23.9,
2023-10-25T09:00,73.3,43.0,271.0,3.3,20.2,
2023-10-25T10:00,72.6,42.3,273.0,5.0,17.9,
2023-10-25T11:00,71.2,41.4,281.0,7.7,16.0,
2023-10-25T12:00,,55.9,313.0,11.3,19.7,
2023-10-25T13:00,,53.4,306.0,10.3,17.6,
2023-10-25T14:00,87.5,50.1,296.0,9.0,14.7,172.0
2023-10-25T15:00,82.9,47.1,291.0,8.2,12.4,159.0
2023-10-25T16:00,80.6,45.8,295.0,8.6,11.5,149.0
2023-10-25T17:00,79.6,45.3,304.0,9.7,11.2,140.0
2023-10-25T18:00,80.1,45.4,314.0,10.4,11.0,132.0
2023-10-25T19:00,82.4,47.0,324.0,10.5,10.6,125.0
2023-10-25T20:00,82.0,47.4,335.0,10.4,10.3,119.0
2023-10-25T21:00,82.2,48.4,343.0,10.0,10.0,114.0
2023-10-25T22:00,80.8,47.6,346.0,9.2,9.3,110.0
2023-10-25T23:00,80.3,47.3,347.0,8.2,8.7,106.0
2023-10-26T00:00,84.3,50.6,424.0,11.7,17.2,95.0
2023-10-26T01:00,86.4,52.2,428.0,13.0,21.6,102.0
2023-10-26T02:00,,53.8,432.0,14.6,27.7,113.0
2023-10-26T03:00,88.0,51.9,423.0,14.9,32.1,127.0
2023-10-26T04:00,82.9,48.5,390.0,12.6,,149.0
2023-10-26T05:00,81.3,47.6,345.0,9.0,,175.0
2023-10-26T06:00,80.6,47.4,307.0,6.0,31.7,
2023-10-26T07:00,79.9,47.0,285.0,4.2,27.1,
2023-10-26T08:00,78.2,45.9,271.0,3.1,20.6,
2023-10-26T09:00,75.9,44.2,263.0,2.9,15.3,
2023-10-26T10:00,73.3,42.6,262.0,4.2,12.1,169.0
2023-10-26T11:00,71.0,41.1,267.0,6.4,10.0,153.0
2023-10-26T12:00,78.9,45.5,268.0,8.6,7.8,131.0
2023-10-26T13:00,77.3,44.6,274.0,8.7,7.7,129.0
2023-10-26T14:00,74.5,43.0,282.0,8.7,7.6,127.0
2023-10-26T15:00,72.2,41.7,289.0,8.9,7.4,124.0
2023-10-26T16:00,71.2,41.0,293.0,9.2,7.0,122.0
2023-10-26T17:00,71.5,41.2,296.0,9.6,6.5,119.0
2023-10-26T18:00,71.5,41.3,301.0,9.9,6.2,115.0
2023-10-26T19:00,71.5,41.6,311.0,10.3,6.2,109.0
2023-10-26T20:00,70.1,41.3,323.0,10.7,6.4,101.0
2023-10-26T21:00,68.2,41.3,331.0,10.6,6.4,95.0
2023-10-26T22:00,65.2,39.8,332.0,9.6,5.9,91.0
2023-10-26T23:00,63.1,38.6,329.0,8.1,5.3,89.0
2023-10-27T00:00,60.8,37.3,312.0,6.9,5.3,91.0
2023-10-27T01:00,58.8,36.1,297.0,6.5,5.8,95.0
2023-10-27T02:00,56.6,34.5,277.0,6.0,6.4,100.0
2023-10-27T03:00,50.4,30.0,259.0,5.3,6.8,103.0
2023-10-27T04:00,45.1,27.0,248.0,4.3,6.8,103.0
2023-10-27T05:00,40.9,24.6,239.0,3.2,6.5,102.0
2023-10-27T06:00,38.2,23.0,234.0,2.3,6.2,100.0
2023-10-27T07:00,36.6,22.0,232.0,1.8,5.8,98.0
2023-10-27T08:00,35.4,21.2,232.0,1.6,5.2,95.0
2023-10-27T09:00,34.7,20.8,235.0,1.9,4.9,92.0
2023-10-27T10:00,34.2,20.4,239.0,2.9,4.9,87.0
2023-10-27T11:00,34.6,20.6,245.0,4.5,5.0,81.0
2023-10-27T12:00,23.2,13.8,239.0,6.1,4.9,74.0
2023-10-27T13:00,25.0,14.9,247.0,7.1,4.7,71.0
2023-10-27T14:00,25.6,15.3,257.0,8.5,4.5,68.0
2023-10-27T15:00,26.1,15.5,267.0,9.7,4.3,65.0
2023-10-27T16:00,26.7,15.9,275.0,10.6,4.3,64.0
2023-10-27T17:00,27.9,16.8,283.0,11.3,4.5,65.0
2023-10-27T18:00,29.4,17.6,285.0,11.3,4.5,65.0
2023-10-27T19:00,30.0,18.0,278.0,10.3,4.4,66.0
2023-10-27T20:00,30.5,18.3,266.0,8.6,4.2,67.0
2023-10-27T21:00,30.4,18.2,256.0,7.3,4.0,67.0
2023-10-27T22:00,30.0,17.9,253.0,6.8,3.7,65.0
2023-10-27T23:00,29.7,17.8,253.0,6.5,3.5,62.0
2023-10-28T00:00,25.4,15.4,252.0,6.5,3.8,61.0
2023-10-28T01:00,25.8,15.7,242.0,6.1,4.7,64.0
2023-10-28T02:00,24.0,14.5,229.0,5.5,6.1,68.0
2023-10-28T03:00,22.2,13.2,217.0,4.9,7.1,72.0
2023-10-28T04:00,21.2,12.7,209.0,4.3,7.7,75.0
2023-10-28T05:00,21.4,12.7,202.0,3.6,8.0,77.0
2023-10-28T06:00,19.0,11.4,196.0,3.1,7.9,77.0
2023-10-28T07:00,18.2,10.8,190.0,2.6,7.3,75.0
2023-10-28T08:00,17.2,10.1,184.0,2.2,6.4,72.0
2023-10-28T09:00,15.5,9.1,180.0,2.2,5.6,68.0
2023-10-28T10:00,13.9,8.0,179.0,2.8,5.0,64.0
2023-10-28T11:00,13.2,7.5,180.0,3.9,4.6,59.0
2023-10-28T12:00,14.4,8.1,194.0,5.9,4.7,54.0
2023-10-28T13:00,15.9,9.1,201.0,6.3,4.4,56.0
2023-10-28T14:00,18.3,10.4,211.0,6.9,3.9,58.0
2023-10-28T15:00,20.7,11.8,221.0,7.2,3.5,61.0
2023-10-28T16:00,23.5,13.4,230.0,7.3,3.3,63.0
2023-10-28T17:00,26.1,14.9,239.0,7.1,3.2,66.0
2023-10-28T18:00,27.9,15.9,244.0,6.7,3.0,68.0
2023-10-28T19:00,28.8,16.4,242.0,5.7,2.7,70.0
2023-10-28T20:00,28.8,16.3,236.0,4.4,2.5,71.0
2023-10-28T21:00,29.0,16.5,232.0,3.5,2.3,72.0
2023-10-28T22:00,29.3,16.7,232.0,3.2,2.2,72.0
2023-10-28T23:00,28.2,16.2,235.0,3.3,2.3,71.0
2023-10-29T00:00,29.0,16.6,232.0,3.1,2.4,74.0
2023-10-29T01:00,30.2,17.4,234.0,3.4,2.9,77.0
2023-10-29T02:00,30.2,17.5,236.0,3.9,3.5,81.0
2023-10-29T03:00,29.9,17.3,237.0,4.0,3.9,85.0
2023-10-29T04:00,29.9,17.2,234.0,3.4,3.8,88.0
2023-10-29T05:00,30.5,17.6,230.0,2.5,3.5,91.0
2023-10-29T06:00,31.5,18.2,226.0,1.9,3.4,92.0
2023-10-29T07:00,32.8,18.9,224.0,1.8,3.8,91.0
2023-10-29T08:00,32.1,18.5,223.0,1.9,4.3,90.0
2023-10-29T09:00,32.6,18.7,223.0,2.4,4.7,87.0
2023-10-29T10:00,32.6,18.8,225.0,3.3,4.7,83.0
2023-10-29T11:00,32.9,19.0,228.0,4.7,4.6,79.0
2023-10-29T12:00,37.1,21.4,243.0,7.0,4.6,73.0
2023-10-29T13:00,39.0,22.5,256.0,8.5,4.7,71.0
2023-10-29T14:00,41.1,23.9,274.0,10.6,4.9,69.0
2023-10-29T15:00,43.8,25.5,285.0,11.9,4.9,67.0
2023-10-29T16:00,44.8,26.2,282.0,11.6,4.6,67.0
2023-10-29T17:00,45.9,26.7,272.0,10.6,4.1,68.0
2023-10-29T18:00,46.1,27.0,262.0,9.5,3.8,69.0
2023-10-29T19:00,44.5,26.1,254.0,8.6,3.8,70.0
2023-10-29T20:00,43.9,25.7,247.0,7.6,3.9,70.0
2023-10-29T21:00,45.6,26.8,245.0,7.0,4.0,71.0
2023-10-29T22:00,47.1,28.0,252.0,7.1,4.0,70.0
2023-10-29T23:00,50.4,30.0,263.0,7.5,4.1,70.0
2023-10-30T00:00,51.1,30.5,242.0,6.2,4.1,77.0
2023-10-30T01:00,53.0,31.7,246.0,6.8,4.5,80.0
2023-10-30T02:00,55.8,33.4,252.0,7.5,5.2,85.0
2023-10-30T03:00,57.6,34.5,253.0,7.7,5.8,90.0
2023-10-30T04:00,59.8,35.7,245.0,7.0,6.4,97.0
2023-10-30T05:00,59.1,35.2,233.0,5.7,7.0,105.0
2023-10-30T06:00,54.7,32.4,227.0,4.6,7.4,111.0
2023-10-30T07:00,53.7,31.5,230.0,3.6,7.4,115.0
2023-10-30T08:00,57.0,33.3,238.0,2.8,7.1,118.0
2023-10-30T09:00,59.5,34.5,250.0,2.6,7.0,119.0
2023-10-30T10:00,61.9,35.6,266.0,3.6,7.1,118.0
2023-10-30T11:00,64.5,36.9,286.0,5.3,7.4,116.0
2023-10-30T12:00,65.4,38.2,302.0,8.0,7.0,111.0
2023-10-30T13:00,68.5,39.6,310.0,8.5,6.9,109.0
2023-10-30T14:00,69.6,40.2,321.0,9.2,6.8,106.0
2023-10-30T15:00,67.3,39.2,330.0,9.8,6.7,103.0
2023-10-30T16:00,68.0,39.8,337.0,10.3,6.6,102.0
2023-10-30T17:00,71.2,41.6,343.0,10.6,6.6,101.0
2023-10-30T18:00,75.0,43.8,342.0,10.4,6.3,100.0
2023-10-30T19:00,75.4,44.2,331.0,9.4,5.6,98.0
2023-10-30T20:00,70.3,41.3,314.0,7.8,4.7,95.0
2023-10-30T21:00,64.3,37.8,298.0,6.4,4.0,92.0
2023-10-30T22:00,58.4,34.3,284.0,5.3,3.5,90.0
2023-10-30T23:00,55.4,32.4,270.0,4.4,3.1,88.0
2023-10-31T00:00,48.9,28.3,254.0,3.6,2.7,87.0
2023-10-31T01:00,47.8,27.6,254.0,3.9,2.9,91.0
2023-10-31T02:00,49.1,28.1,254.0,4.3,3.1,96.0
2023-10-31T03:00,48.3,27.0,250.0,4.3,3.3,100.0
2023-10-31T04:00,45.5,25.1,238.0,3.5,3.3,104.0
2023-10-31T05:00,45.6,25.2,221.0,2.3,3.3,107.0
2023-10-31T06:00,45.3,25.1,209.0,1.5,3.3,108.0
2023-10-31T07:00,45.1,25.1,205.0,1.2,3.3,107.0
2023-10-31T08:00,44.0,24.6,206.0,1.3,3.3,105.0
2023-10-31T09:00,43.2,24.3,209.0,1.7,3.2,102.0
2023-10-31T10:00,42.7,24.1,214.0,2.6,3.0,99.0
2023-10-31T11:00,43.0,24.3,221.0,3.9,2.7,96.0
2023-10-31T12:00,47.3,26.9,231.0,4.7,2.6,96.0
2023-10-31T13:00,38.1,22.1,236.0,4.9,2.7,95.0
2023-10-31T14:00,31.0,18.3,242.0,5.1,2.8,93.0
2023-10-31T15:00,29.0,17.3,246.0,5.2,2.9,92.0
2023-10-31T16:00,29.8,17.7,245.0,5.0,2.8,92.0
2023-10-31T17:00,31.8,18.7,242.0,4.5,2.6,93.0
2023-10-31T18:00,33.8,19.7,238.0,4.1,2.4,93.0
2023-10-31T19:00,34.6,20.1,235.0,3.7,2.3,92.0
2023-10-31T20:00,36.1,21.1,231.0,3.3,2.2,90.0
2023-10-31T21:00,35.0,20.4,228.0,3.0,2.2,89.0
2023-10-31T22:00,30.7,17.8,226.0,2.8,2.2,88.0
2023-10-31T23:00,27.8,16.2,224.0,2.8,2.1,88.0
2023-11-01T00:00,31.1,18.2,228.0,2.7,2.3,92.0
2023-11-01T01:00,30.0,17.8,234.0,3.5,2.7,92.0
2023-11-01T02:00,29.8,17.5,242.0,4.5,3.3,92.0
2023-11-01T03:00,28.9,17.0,243.0,5.0,3.7,91.0
2023-11-01T04:00,24.6,14.2,231.0,4.4,3.6,90.0
2023-11-01T05:00,19.3,11.1,211.0,3.3,3.2,90.0
2023-11-01T06:00,15.5,8.9,196.0,2.5,3.0,88.0
2023-11-01T07:00,12.4,7.2,188.0,2.2,3.2,85.0
2023-11-01T08:00,10.3,6.0,184.0,2.1,3.7,82.0
2023-11-01T09:00,9.5,5.5,183.0,2.5,4.0,78.0
2023-11-01T10:00,9.3,5.3,184.0,3.7,4.1,72.0
2023-11-01T11:00,8.6,4.9,187.0,5.3,4.0,66.0
2023-11-01T12:00,8.8,5.2,204.0,8.1,2.8,63.0
2023-11-01T13:00,9.7,5.8,199.0,7.7,2.8,60.0
2023-11-01T14:00,10.3,6.1,192.0,7.2,2.7,57.0
2023-11-01T15:00,9.8,5.7,188.0,6.8,2.7,53.0
2023-11-01T16:00,10.0,5.7,190.0,7.0,2.8,49.0
2023-11-01T17:00,10.4,6.1,194.0,7.4,3.0,45.0
2023-11-01T18:00,10.7,6.3,193.0,7.2,3.0,43.0
2023-11-01T19:00,10.6,6.3,182.0,5.9,2.7,43.0
2023-11-01T20:00,11.4,6.4,167.0,4.1,2.3,44.0
2023-11-01T21:00,12.4,6.9,157.0,2.9,2.0,45.0
2023-11-01T22:00,12.8,7.1,155.0,2.7,2.0,44.0
2023-11-01T23:00,11.9,6.7,158.0,3.1,2.2,43.0
2023-11-02T00:00,12.8,7.1,163.0,3.4,2.5,44.0
2023-11-02T01:00,12.7,7.2,172.0,4.2,2.7,45.0
2023-11-02T02:00,11.9,6.7,184.0,5.2,3.0,47.0
2023-11-02T03:00,11.8,6.7,190.0,5.7,3.3,50.0
2023-11-02T04:00,10.0,5.6,185.0,5.2,3.8,53.0
2023-11-02T05:00,10.0,5.6,175.0,4.1,4.4,57.0
2023-11-02T06:00,9.9,5.5,168.0,3.2,4.7,60.0
2023-11-02T07:00,10.2,5.7,165.0,2.7,4.5,62.0
2023-11-02T08:00,9.5,5.2,165.0,2.4,4.1,62.0
2023-11-02T09:00,9.1,5.0,169.0,2.6,3.7,62.0
2023-11-02T10:00,9.7,5.4,177.0,3.7,3.6,61.0
2023-11-02T11:00,10.2,5.7,189.0,5.4,3.5,59.0
2023-11-02T12:00,9.6,5.5,205.0,7.1,3.6,57.0
2023-11-02T13:00,9.7,5.6,217.0,8.1,3.7,55.0
2023-11-02T14:00,9.9,5.8,233.0,9.4,3.7,53.0
2023-11-02T15:00,9.9,6.0,241.0,9.9,3.7,52.0
2023-11-02T16:00,10.0,5.9,233.0,9.0,3.4,53.0
2023-11-02T17:00,9.8,5.8,216.0,7.4,3.0,54.0
2023-11-02T18:00,8.6,5.0,201.0,5.9,2.7,55.0
2023-11-02T19:00,7.7,4.4,190.0,4.8,2.5,55.0
2023-11-02T20:00,6.8,3.9,179.0,3.8,2.4,55.0
2023-11-02T21:00,6.5,3.7,172.0,3.1,2.4,55.0
2023-11-02T22:00,6.4,3.7,169.0,2.9,2.4,54.0
2023-11-02T23:00,6.5,3.7,169.0,3.0,2.4,53.0
2023-11-03T00:00,7.7,4.2,145.0,2.5,2.4,54.0
2023-11-03T01:00,7.8,4.3,152.0,3.4,2.8,53.0
2023-11-03T02:00,8.1,4.6,162.0,4.6,3.4,51.0
2023-11-03T03:00,9.4,5.3,165.0,5.2,4.0,51.0
2023-11-03T04:00,8.9,5.1,157.0,4.8,4.5,53.0
2023-11-03T05:00,8.1,4.7,143.0,3.8,5.0,55.0
2023-11-03T06:00,7.6,4.3,131.0,3.0,5.4,57.0
2023-11-03T07:00,8.2,4.7,125.0,2.6,5.6,57.0
2023-11-03T08:00,8.2,4.7,121.0,2.4,5.7,55.0
2023-11-03T09:00,8.4,4.7,121.0,2.7,5.6,53.0
2023-11-03T10:00,8.5,4.7,125.0,3.9,5.2,49.0
2023-11-03T11:00,8.9,5.0,133.0,5.7,4.7,45.0
2023-11-03T12:00,12.7,7.3,159.0,9.5,4.7,41.0
2023-11-03T13:00,12.7,7.3,160.0,9.5,4.6,41.0
2023-11-03T14:00,12.8,7.5,161.0,9.4,4.4,40.0
2023-11-03T15:00,13.0,7.5,162.0,9.2,4.2,40.0
2023-11-03T16:00,13.5,7.9,162.0,9.0,3.9,40.0
2023-11-03T17:00,13.8,8.0,162.0,8.7,3.7,40.0
2023-11-03T18:00,13.1,7.6,160.0,8.1,3.4,41.0
2023-11-03T19:00,12.5,7.2,154.0,7.1,3.2,42.0
2023-11-03T20:00,11.4,6.7,146.0,5.8,3.0,43.0
2023-11-03T21:00,9.8,5.8,140.0,4.9,2.9,44.0
2023-11-03T22:00,8.5,5.1,138.0,4.7,2.9,43.0
2023-11-03T23:00,8.3,4.9,139.0,4.9,3.0,42.0
2023-11-04T00:00,9.9,5.8,141.0,5.1,3.6,40.0
2023-11-04T01:00,10.0,5.9,144.0,5.3,3.9,41.0
2023-11-04T02:00,10.2,6.0,148.0,5.6,4.3,42.0
2023-11-04T03:00,9.5,5.6,149.0,5.6,4.6,44.0
2023-11-04T04:00,9.3,5.4,143.0,5.0,4.8,46.0
2023-11-04T05:00,9.3,5.4,133.0,4.2,4.9,48.0
2023-11-04T06:00,8.8,5.0,126.0,3.6,4.9,49.0
2023-11-04T07:00,8.6,4.9,123.0,3.4,4.8,49.0
2023-11-04T08:00,8.3,4.7,123.0,3.4,4.6,48.0
2023-11-04T09:00,7.7,4.4,128.0,4.0,4.4,47.0
2023-11-04T10:00,7.0,4.1,139.0,5.4,4.1,45.0
2023-11-04T11:00,7.6,4.5,155.0,7.4,3.8,41.0
2023-11-04T12:00,7.3,4.4,154.0,7.9,3.6,43.0
2023-11-04T13:00,7.4,4.5,157.0,8.1,3.6,43.0
2023-11-04T14:00,8.7,5.3,161.0,8.4,3.5,42.0
2023-11-04T15:00,9.5,5.8,168.0,8.7,3.6,41.0
2023-11-04T16:00,10.7,6.5,183.0,9.1,4.0,40.0
2023-11-04T17:00,11.8,7.2,200.0,9.4,4.5,38.0
2023-11-04T18:00,12.3,7.7,211.0,9.5,4.7,37.0
2023-11-04T19:00,11.4,7.1,209.0,9.1,4.4,37.0
2023-11-04T20:00,10.5,6.5,200.0,8.3,3.9,37.0
2023-11-04T21:00,9.9,6.1,191.0,7.7,3.5,37.0
2023-11-04T22:00,9.6,5.9,185.0,7.3,3.4,38.0
2023-11-04T23:00,9.6,5.8,179.0,7.0,3.5,39.0
2023-11-05T00:00,12.0,7.5,216.0,11.9,7.7,33.0
2023-11-05T01:00,12.2,7.8,214.0,12.1,10.9,35.0
2023-11-05T02:00,12.1,7.8,211.0,12.3,15.3,38.0
2023-11-05T03:00,10.8,7.0,205.0,11.9,18.4,44.0
2023-11-05T04:00,10.2,6.6,195.0,10.5,19.3,55.0
2023-11-05T05:00,10.1,6.4,182.0,8.6,18.8,68.0
2023-11-05T06:00,10.2,6.4,171.0,7.0,17.4,77.0
2023-11-05T07:00,9.9,6.1,163.0,5.9,14.4,80.0
2023-11-05T08:00,9.4,5.7,157.0,5.1,10.5,80.0
2023-11-05T09:00,8.9,5.3,156.0,5.2,7.6,77.0
2023-11-05T10:00,8.4,5.0,160.0,6.6,6.6,71.0
2023-11-05T11:00,7.8,4.7,170.0,8.8,6.5,64.0
2023-11-05T12:00,5.8,3.9,195.0,12.3,6.1,54.0
2023-11-05T13:00,7.1,4.7,217.0,13.6,7.2,51.0
2023-11-05T14:00,9.0,6.0,249.0,15.4,8.7,48.0
2023-11-05T15:00,11.9,8.0,281.0,16.6,9.8,45.0
2023-11-05T16:00,15.9,10.8,314.0,16.6,10.2,43.0
2023-11-05T17:00,17.9,12.1,346.0,15.9,10.3,42.0
2023-11-05T18:00,17.0,11.5,363.0,15.6,10.5,41.0
2023-11-05T19:00,15.9,10.8,355.0,16.1,10.9,40.0
2023-11-05T20:00,15.6,10.5,332.0,16.8,11.4,38.0
2023-11-05T21:00,15.2,10.2,310.0,17.2,11.7,37.0
2023-11-05T22:00,14.3,9.6,294.0,16.8,11.3,36.0
2023-11-05T23:00,13.7,9.2,280.0,16.1,10.8,35.0
2023-11-06T00:00,12.0,7.9,255.0,10.0,6.9,39.0
2023-11-06T01:00,11.7,7.8,245.0,10.6,8.9,41.0
2023-11-06T02:00,11.4,7.6,231.0,11.3,11.7,43.0
2023-11-06T03:00,11.0,7.3,213.0,11.2,13.7,46.0
2023-11-06T04:00,8.2,5.4,188.0,9.6,14.3,51.0
2023-11-06T05:00,7.5,4.9,160.0,7.2,14.1,58.0
2023-11-06T06:00,6.8,4.3,138.0,5.3,13.2,61.0
2023-11-06T07:00,6.0,3.8,126.0,4.2,11.1,60.0
2023-11-06T08:00,5.5,3.4,120.0,3.7,8.4,56.0
2023-11-06T09:00,5.7,3.5,120.0,3.9,6.3,51.0
2023-11-06T10:00,5.7,3.5,125.0,5.4,5.5,46.0
2023-11-06T11:00,5.7,3.4,136.0,7.7,5.5,41.0
2023-11-06T12:00,13.2,8.0,170.0,10.9,5.3,33.0
2023-11-06T13:00,12.9,7.9,180.0,10.5,5.3,33.0
2023-11-06T14:00,13.3,8.2,193.0,9.9,5.3,34.0
2023-11-06T15:00,13.3,8.2,200.0,9.3,5.1,34.0
2023-11-06T16:00,13.0,7.9,195.0,8.9,4.5,35.0
2023-11-06T17:00,12.2,7.4,183.0,8.4,3.8,35.0
2023-11-06T18:00,11.9,7.1,172.0,7.9,3.2,36.0
2023-11-06T19:00,11.8,7.0,165.0,7.0,3.0,36.0
2023-11-06T20:00,11.4,6.7,158.0,6.0,2.9,37.0
2023-11-06T21:00,11.6,6.8,153.0,5.3,2.9,37.0
2023-11-06T22:00,11.7,6.8,148.0,4.9,2.9,37.0
2023-11-06T23:00,10.7,6.3,145.0,4.8,3.0,38.0
2023-11-07T00:00,6.3,3.8,142.0,4.6,3.4,38.0
2023-11-07T01:00,6.5,4.0,147.0,4.7,3.8,39.0
2023-11-07T02:00,5.7,3.5,153.0,4.7,4.3,41.0
2023-11-07T03:00,5.5,3.5,155.0,4.6,4.7,43.0
2023-11-07T04:00,5.2,3.2,150.0,4.0,5.1,45.0
2023-11-07T05:00,5.1,3.1,141.0,3.2,5.4,47.0
2023-11-07T06:00,5.0,3.0,135.0,2.7,5.5,49.0
2023-11-07T07:00,5.2,3.1,135.0,2.5,5.4,50.0
2023-11-07T08:00,5.8,3.4,137.0,2.6,5.0,50.0
2023-11-07T09:00,6.2,3.7,141.0,3.1,4.8,49.0
2023-11-07T10:00,6.5,3.9,144.0,4.1,4.7,47.0
2023-11-07T11:00,6.8,4.0,149.0,5.4,4.6,45.0
2023-11-07T12:00,10.1,6.3,208.0,10.2,5.7,40.0
2023-11-07T13:00,11.9,7.5,210.0,10.3,5.3,41.0
2023-11-07T14:00,11.9,7.3,213.0,10.4,4.9,43.0
2023-11-07T15:00,13.6,8.3,213.0,10.3,4.4,45.0
2023-11-07T16:00,16.6,10.1,210.0,9.8,4.0,47.0
2023-11-07T17:00,18.4,11.2,204.0,9.0,3.7,50.0
2023-11-07T18:00,18.7,11.2,197.0,8.1,3.5,52.0
2023-11-07T19:00,19.0,11.4,187.0,7.1,3.6,53.0
2023-11-07T20:00,17.3,10.4,175.0,6.0,3.8,52.0
2023-11-07T21:00,15.3,9.2,166.0,5.2,4.0,52.0
2023-11-07T22:00,14.8,8.9,163.0,5.0,4.0,51.0
2023-11-07T23:00,13.5,8.2,163.0,5.2,3.9,50.0
2023-11-08T00:00,10.2,6.5,182.0,8.5,8.3,43.0
2023-11-08T01:00,9.8,6.3,184.0,7.7,7.8,47.0
2023-11-08T02:00,9.8,6.4,186.0,6.6,7.2,52.0
2023-11-08T03:00,9.2,5.9,187.0,5.5,6.7,58.0
2023-11-08T04:00,9.5,6.1,185.0,4.4,6.5,64.0
2023-11-08T05:00,10.6,6.8,180.0,3.4,6.4,69.0
2023-11-08T06:00,11.1,7.0,178.0,2.7,6.1,73.0
2023-11-08T07:00,12.6,7.9,178.0,2.4,5.1,74.0
2023-11-08T08:00,15.3,9.6,179.0,2.3,3.9,73.0
2023-11-08T09:00,18.3,11.4,183.0,2.8,3.0,71.0
2023-11-08T10:00,20.1,12.5,191.0,4.0,2.9,68.0
2023-11-08T11:00,21.4,13.3,202.0,5.8,3.2,65.0
2023-11-08T12:00,25.3,15.9,204.0,7.7,4.1,61.0
2023-11-08T13:00,25.5,16.1,212.0,8.2,4.0,60.0
2023-11-08T14:00,25.8,16.2,223.0,9.0,3.9,59.0
2023-11-08T15:00,24.5,15.3,232.0,9.6,3.8,58.0
2023-11-08T16:00,24.6,15.3,240.0,10.1,3.9,57.0
2023-11-08T17:00,25.8,16.1,246.0,10.4,4.0,56.0
2023-11-08T18:00,26.2,16.3,244.0,10.0,4.0,56.0
2023-11-08T19:00,24.4,15.1,229.0,8.2,3.7,58.0
2023-11-08T20:00,23.3,14.3,206.0,5.8,3.3,60.0
2023-11-08T21:00,24.3,14.8,189.0,4.0,3.0,61.0
2023-11-08T22:00,24.0,14.6,185.0,3.7,3.0,60.0
2023-11-08T23:00,23.6,14.4,188.0,4.0,3.1,57.0
2023-11-09T00:00,24.2,14.7,185.0,3.3,2.7,61.0
2023-11-09T01:00,25.0,15.2,190.0,3.8,3.1,62.0
2023-11-09T02:00,25.8,15.7,196.0,4.6,3.7,64.0
2023-11-09T03:00,26.0,15.8,198.0,4.9,4.3,65.0
2023-11-09T04:00,25.6,15.5,192.0,4.5,4.8,66.0
2023-11-09T05:00,24.9,14.9,183.0,3.8,5.2,68.0
2023-11-09T06:00,23.8,14.3,176.0,3.2,5.4,69.0
2023-11-09T07:00,24.2,14.6,173.0,2.7,5.3,70.0
2023-11-09T08:00,23.5,14.1,172.0,2.4,4.9,70.0
2023-11-09T09:00,23.8,14.3,175.0,2.7,4.6,69.0
2023-11-09T10:00,23.7,14.3,183.0,4.0,4.4,66.0
2023-11-09T11:00,24.5,14.7,194.0,5.8,4.3,63.0
2023-11-09T12:00,38.1,23.1,229.0,8.3,3.8,65.0
2023-11-09T13:00,38.5,23.6,232.0,8.2,3.8,65.0
2023-11-09T14:00,37.5,22.9,236.0,8.0,3.7,66.0
2023-11-09T15:00,38.1,23.2,237.0,7.7,3.7,66.0
2023-11-09T16:00,37.8,23.2,231.0,7.3,3.6,66.0
2023-11-09T17:00,34.0,20.7,221.0,6.9,3.5,65.0
2023-11-09T18:00,32.9,20.0,216.0,6.5,3.5,65.0
2023-11-09T19:00,35.0,21.2,218.0,6.3,3.7,64.0
2023-11-09T20:00,36.2,22.0,224.0,6.3,4.0,64.0
2023-11-09T21:00,37.5,22.7,230.0,6.2,4.2,64.0
2023-11-09T22:00,38.2,23.1,234.0,6.0,4.2,64.0
2023-11-09T23:00,38.6,23.3,237.0,5.8,4.1,65.0
2023-11-10T00:00,78.5,44.8,298.0,6.5,5.4,97.0
2023-11-10T01:00,81.7,46.7,306.0,6.8,5.7,103.0
2023-11-10T02:00,86.6,49.6,315.0,7.1,6.2,110.0
2023-11-10T03:00,,52.2,318.0,6.8,6.5,117.0
2023-11-10T04:00,,53.9,306.0,5.4,6.4,122.0
2023-11-10T05:00,,54.0,286.0,3.4,6.1,125.0
2023-11-10T06:00,,54.2,272.0,2.0,5.9,127.0
2023-11-10T07:00,,54.7,269.0,1.5,5.8,126.0
2023-11-10T08:00,,55.2,272.0,1.6,5.8,124.0
2023-11-10T09:00,,55.8,279.0,2.2,5.7,121.0
2023-11-10T10:00,,55.6,292.0,3.5,5.5,119.0
2023-11-10T11:00,,56.0,310.0,5.3,5.3,118.0
2023-11-10T12:00,,55.6,329.0,5.6,6.5,123.0
2023-11-10T13:00,,54.7,336.0,5.8,6.7,121.0
2023-11-10T14:00,,53.9,346.0,6.1,6.8,118.0
2023-11-10T15:00,,52.3,352.0,6.2,6.9,116.0
2023-11-10T16:00,,50.9,353.0,5.9,6.7,114.0
2023-11-10T17:00,,49.7,350.0,5.5,6.3,112.0
2023-11-10T18:00,86.1,48.2,347.0,4.9,6.0,111.0
2023-11-10T19:00,83.8,46.9,342.0,4.2,5.7,110.0
2023-11-10T20:00,80.1,45.2,336.0,3.3,5.4,109.0
2023-11-10T21:00,76.6,43.4,333.0,2.7,5.2,108.0
2023-11-10T22:00,73.8,41.9,333.0,2.5,5.0,107.0
2023-11-10T23:00,71.5,40.6,336.0,2.5,4.9,107.0
2023-11-11T00:00,68.7,38.4,333.0,2.2,4.6,109.0
2023-11-11T01:00,68.0,38.1,345.0,2.9,4.8,111.0
2023-11-11T02:00,68.0,38.2,360.0,3.8,5.0,113.0
2023-11-11T03:00,68.0,38.0,369.0,4.2,5.1,115.0
2023-11-11T04:00,68.5,38.0,365.0,3.5,5.0,118.0
2023-11-11T05:00,71.0,39.3,355.0,2.2,4.8,120.0
2023-11-11T06:00,75.0,41.4,345.0,1.3,4.6,121.0
2023-11-11T07:00,78.7,43.5,336.0,0.9,4.4,120.0
2023-11-11T08:00,81.0,44.8,328.0,0.9,4.2,117.0
2023-11-11T09:00,82.0,45.5,323.0,1.4,4.0,113.0
2023-11-11T10:00,82.0,45.5,323.0,2.7,3.7,109.0
2023-11-11T11:00,80.6,44.9,326.0,4.5,3.4,104.0
2023-11-11T12:00,84.3,47.1,314.0,5.5,3.4,104.0
2023-11-11T13:00,82.9,46.4,320.0,6.3,3.8,102.0
2023-11-11T14:00,81.3,45.9,328.0,7.4,4.3,98.0
2023-11-11T15:00,79.9,45.2,335.0,8.1,4.6,96.0
2023-11-11T16:00,79.4,45.1,339.0,8.0,4.7,96.0
2023-11-11T17:00,79.2,44.9,341.0,7.4,4.6,97.0
2023-11-11T18:00,79.6,45.2,342.0,6.6,4.5,99.0
2023-11-11T19:00,80.8,45.8,339.0,5.5,4.3,101.0
2023-11-11T20:00,82.0,46.3,334.0,4.2,4.0,103.0
2023-11-11T21:00,83.1,46.9,332.0,3.2,3.8,105.0
2023-11-11T22:00,83.8,47.4,335.0,2.8,3.8,106.0
2023-11-11T23:00,85.0,48.0,342.0,2.7,3.9,106.0
2023-11-12T00:00,,50.2,350.0,2.3,4.0,114.0
2023-11-12T01:00,,51.0,360.0,3.1,4.2,115.0
2023-11-12T02:00,,51.7,372.0,4.2,4.5,116.0
2023-11-12T03:00,,52.4,375.0,4.6,4.7,118.0
2023-11-12T04:00,,53.2,358.0,3.8,4.7,121.0
2023-11-12T05:00,,53.2,332.0,2.4,4.6,125.0
2023-11-12T06:00,,53.3,312.0,1.3,4.5,127.0
2023-11-12T07:00,,53.8,305.0,0.9,4.4,126.0
2023-11-12T08:00,,54.4,304.0,0.9,4.3,124.0
2023-11-12T09:00,,54.5,309.0,1.4,4.2,121.0
2023-11-12T10:00,,55.2,322.0,2.8,4.2,119.0
2023-11-12T11:00,,55.8,341.0,4.6,4.3,116.0
2023-11-12T12:00,,,384.0,5.7,5.3,120.0
2023-11-12T13:00,,,390.0,5.6,5.4,120.0
2023-11-12T14:00,,,397.0,5.4,5.5,120.0
2023-11-12T15:00,,,402.0,5.2,5.5,120.0
2023-11-12T16:00,,,402.0,5.2,5.3,120.0
2023-11-12T17:00,,,400.0,5.2,5.1,119.0
2023-11-12T18:00,,,396.0,5.0,4.8,118.0
2023-11-12T19:00,,,390.0,4.3,4.5,117.0
2023-11-12T20:00,,,382.0,3.5,4.3,116.0
2023-11-12T21:00,,,376.0,2.8,4.1,115.0
2023-11-12T22:00,,,371.0,2.4,4.0,115.0
2023-11-12T23:00,,,368.0,2.2,4.0,116.0
2023-11-13T00:00,,,368.0,1.9,4.0,123.0
2023-11-13T01:00,,,378.0,3.2,4.3,124.0
2023-11-13T02:00,,,392.0,4.8,4.6,126.0
2023-11-13T03:00,,,395.0,5.6,4.8,128.0
2023-11-13T04:00,,,379.0,4.6,4.7,131.0
2023-11-13T05:00,,,353.0,2.7,4.3,134.0
2023-11-13T06:00,,,331.0,1.3,4.0,135.0
2023-11-13T07:00,,,318.0,0.9,3.6,131.0
2023-11-13T08:00,,55.8,308.0,1.0,3.2,125.0
2023-11-13T09:00,,52.7,304.0,1.6,2.9,119.0
2023-11-13T10:00,,50.6,307.0,3.0,2.8,113.0
2023-11-13T11:00,,49.6,315.0,4.9,2.9,107.0
2023-11-13T12:00,,54.8,337.0,6.1,3.0,109.0
2023-11-13T13:00,,54.7,331.0,5.5,2.9,108.0
2023-11-13T14:00,,52.5,322.0,4.7,2.8,107.0
2023-11-13T15:00,81.3,46.3,312.0,4.0,2.6,105.0
2023-11-13T16:00,71.2,41.1,300.0,3.6,2.4,103.0
2023-11-13T17:00,61.7,36.2,287.0,3.3,2.1,101.0
2023-11-13T18:00,53.3,31.3,273.0,3.0,1.9,99.0
2023-11-13T19:00,47.5,27.7,257.0,2.5,1.7,98.0
2023-11-13T20:00,39.9,23.1,240.0,2.0,1.6,97.0
2023-11-13T21:00,37.7,21.5,226.0,1.6,1.5,97.0
2023-11-13T22:00,35.5,20.1,214.0,1.3,1.4,97.0
2023-11-13T23:00,32.5,18.3,205.0,1.2,1.4,97.0
2023-11-14T00:00,33.1,18.6,210.0,1.8,1.7,98.0
2023-11-14T01:00,34.8,19.7,222.0,3.1,1.9,98.0
2023-11-14T02:00,37.7,21.6,238.0,4.8,2.3,97.0
2023-11-14T03:00,41.7,24.0,248.0,5.8,2.5,97.0
2023-11-14T04:00,46.1,26.5,247.0,5.2,2.5,98.0
2023-11-14T05:00,45.9,26.9,241.0,3.8,2.3,100.0
2023-11-14T06:00,41.8,24.9,236.0,2.9,2.2,101.0
2023-11-14T07:00,37.5,22.6,234.0,3.0,2.3,99.0
2023-11-14T08:00,36.6,22.1,233.0,3.5,2.5,96.0
2023-11-14T09:00,37.8,22.8,236.0,4.3,2.6,93.0
2023-11-14T10:00,39.2,23.5,245.0,5.4,2.6,92.0
2023-11-14T11:00,39.5,23.5,258.0,6.7,2.5,91.0
2023-11-14T12:00,46.6,26.8,277.0,7.5,2.5,99.0
2023-11-14T13:00,43.9,25.3,273.0,6.7,2.5,99.0
2023-11-14T14:00,42.8,24.8,267.0,5.7,2.5,100.0
2023-11-14T15:00,46.1,26.3,261.0,4.8,2.5,100.0
2023-11-14T16:00,46.6,26.4,257.0,4.4,2.4,100.0
2023-11-14T17:00,44.7,25.4,254.0,4.1,2.2,100.0
2023-11-14T18:00,40.5,23.3,248.0,3.8,2.1,100.0
2023-11-14T19:00,34.7,20.2,237.0,3.3,2.0,99.0
2023-11-14T20:00,33.4,19.4,224.0,2.6,1.9,96.0
2023-11-14T21:00,28.0,16.5,215.0,2.2,1.8,95.0
2023-11-14T22:00,25.8,15.2,212.0,1.9,1.7,95.0
2023-11-14T23:00,24.4,14.5,212.0,1.8,1.7,95.0
2023-11-15T00:00,42.4,24.6,269.0,1.6,2.1,120.0
2023-11-15T01:00,43.3,24.9,266.0,2.7,2.2,116.0
2023-11-15T02:00,40.5,23.2,261.0,4.3,2.2,111.0
2023-11-15T03:00,34.1,19.4,253.0,5.2,2.3,106.0
2023-11-15T04:00,28.5,16.0,239.0,4.9,2.3,102.0
2023-11-15T05:00,24.8,13.9,222.0,3.9,2.3,99.0
2023-11-15T06:00,23.9,13.5,210.0,3.2,2.3,96.0
2023-11-15T07:00,23.5,13.3,205.0,2.9,2.4,95.0
2023-11-15T08:00,23.6,13.4,205.0,2.7,2.6,95.0
2023-11-15T09:00,23.9,13.6,210.0,3.0,2.7,95.0
2023-11-15T10:00,27.2,15.5,223.0,4.1,2.7,95.0
2023-11-15T11:00,30.4,17.6,241.0,5.7,2.8,96.0
2023-11-15T12:00,28.1,16.8,231.0,6.7,2.4,91.0
2023-11-15T13:00,32.2,19.2,237.0,6.3,2.7,93.0
2023-11-15T14:00,35.9,21.5,246.0,5.8,3.0,96.0
2023-11-15T15:00,39.5,23.6,252.0,5.3,3.3,99.0
2023-11-15T16:00,40.7,24.5,254.0,4.8,3.4,101.0
2023-11-15T17:00,42.6,25.5,255.0,4.2,3.3,103.0
2023-11-15T18:00,43.2,25.8,253.0,3.7,3.2,104.0
2023-11-15T19:00,42.0,25.1,248.0,3.2,3.0,102.0
2023-11-15T20:00,39.6,23.8,241.0,2.8,2.7,99.0
2023-11-15T21:00,36.2,21.8,236.0,2.5,2.5,96.0
2023-11-15T22:00,34.5,20.8,235.0,2.4,2.4,94.0
2023-11-15T23:00,33.6,20.3,236.0,2.4,2.5,92.0
2023-11-16T00:00,46.0,26.7,257.0,2.5,3.6,100.0
2023-11-16T01:00,42.7,24.9,269.0,3.5,4.0,99.0
2023-11-16T02:00,45.2,26.5,285.0,4.9,4.7,98.0
2023-11-16T03:00,48.7,28.2,294.0,5.5,5.2,99.0
2023-11-16T04:00,52.9,30.2,290.0,4.7,5.5,103.0
2023-11-16T05:00,52.2,29.6,280.0,3.2,5.7,110.0
2023-11-16T06:00,53.8,30.4,274.0,2.1,6.0,114.0
2023-11-16T07:00,57.2,32.1,274.0,1.6,6.4,115.0
2023-11-16T08:00,58.4,32.7,278.0,1.5,6.8,115.0
2023-11-16T09:00,58.3,32.5,285.0,2.0,7.1,114.0
2023-11-16T10:00,58.1,32.4,296.0,3.4,7.2,111.0
2023-11-16T11:00,56.7,31.5,311.0,5.5,7.3,108.0
2023-11-16T12:00,54.6,30.4,328.0,7.7,6.5,104.0
2023-11-16T13:00,55.2,30.9,334.0,7.8,6.7,104.0
2023-11-16T14:00,55.3,30.9,344.0,8.0,6.9,105.0
2023-11-16T15:00,55.4,31.0,354.0,8.5,7.2,105.0
2023-11-16T16:00,56.2,31.5,368.0,9.8,7.7,104.0
2023-11-16T17:00,58.1,32.6,384.0,11.4,8.3,103.0
2023-11-16T18:00,58.3,33.1,391.0,12.0,8.5,102.0
2023-11-16T19:00,57.6,32.8,384.0,10.6,8.1,103.0
2023-11-16T20:00,56.8,32.4,369.0,8.1,7.3,104.0
2023-11-16T21:00,54.5,31.1,354.0,6.1,6.5,105.0
2023-11-16T22:00,51.8,29.5,344.0,5.2,5.9,104.0
2023-11-16T23:00,48.5,27.7,334.0,4.8,5.4,101.0
2023-11-17T00:00,39.1,22.0,271.0,2.7,4.7,105.0
2023-11-17T01:00,36.8,20.7,266.0,3.3,4.6,103.0
2023-11-17T02:00,34.9,19.8,260.0,4.2,4.4,101.0
2023-11-17T03:00,30.7,16.9,249.0,4.5,4.2,98.0
2023-11-17T04:00,25.4,13.7,232.0,3.8,4.0,96.0
2023-11-17T05:00,22.6,12.3,211.0,2.5,3.9,94.0
2023-11-17T06:00,21.1,11.5,195.0,1.6,3.7,91.0
2023-11-17T07:00,19.9,10.9,187.0,1.3,3.5,88.0
2023-11-17T08:00,19.4,10.7,183.0,1.4,3.4,84.0
2023-11-17T09:00,19.8,10.9,182.0,1.9,3.3,81.0
2023-11-17T10:00,19.7,10.8,185.0,3.1,3.2,78.0
2023-11-17T11:00,19.4,10.7,191.0,4.6,3.2,75.0
2023-11-17T12:00,22.2,12.3,203.0,6.3,3.3,73.0
2023-11-17T13:00,22.4,12.3,207.0,6.2,3.3,75.0
2023-11-17T14:00,22.6,12.3,211.0,6.0,3.3,78.0
2023-11-17T15:00,23.4,12.5,214.0,5.7,3.2,80.0
2023-11-17T16:00,23.7,12.7,213.0,5.3,3.0,80.0
2023-11-17T17:00,23.6,12.7,210.0,4.8,2.7,79.0
2023-11-17T18:00,22.9,12.3,205.0,4.2,2.4,78.0
2023-11-17T19:00,21.8,11.7,198.0,3.5,2.2,76.0
2023-11-17T20:00,20.3,10.9,190.0,2.8,1.9,73.0
2023-11-17T21:00,19.4,10.4,183.0,2.3,1.8,71.0
2023-11-17T22:00,18.0,9.6,178.0,2.0,1.7,69.0
2023-11-17T23:00,16.9,9.1,173.0,2.0,1.8,66.0
2023-11-18T00:00,20.9,11.3,210.0,2.6,2.3,78.0
2023-11-18T01:00,21.7,11.7,218.0,3.6,2.6,78.0
2023-11-18T02:00,21.9,11.8,229.0,4.8,3.1,78.0
2023-11-18T03:00,20.7,11.2,232.0,5.4,3.4,78.0
2023-11-18T04:00,18.9,9.9,220.0,4.5,3.5,80.0
2023-11-18T05:00,17.9,9.3,201.0,2.9,3.5,82.0
2023-11-18T06:00,17.1,9.0,187.0,1.7,3.4,83.0
2023-11-18T07:00,18.5,9.8,184.0,1.4,3.3,82.0
2023-11-18T08:00,19.0,10.1,186.0,1.6,3.2,80.0
2023-11-18T09:00,18.9,10.2,189.0,2.1,3.1,78.0
2023-11-18T10:00,19.0,10.2,191.0,2.9,2.8,76.0
2023-11-18T11:00,19.2,10.3,194.0,4.0,2.5,74.0
2023-11-18T12:00,25.4,13.8,208.0,4.4,2.6,77.0
2023-11-18T13:00,25.9,14.0,209.0,4.4,2.6,77.0
2023-11-18T14:00,26.5,14.3,210.0,4.3,2.7,77.0
2023-11-18T15:00,26.1,14.0,211.0,4.3,2.7,76.0
2023-11-18T16:00,24.7,13.2,211.0,4.3,2.6,75.0
2023-11-18T17:00,22.8,12.1,211.0,4.4,2.4,74.0
2023-11-18T18:00,20.8,11.1,209.0,4.3,2.3,73.0
2023-11-18T19:00,19.6,10.4,206.0,3.9,2.2,72.0
2023-11-18T20:00,18.8,10.0,201.0,3.3,2.1,71.0
2023-11-18T21:00,18.7,10.0,198.0,2.9,2.0,70.0
2023-11-18T22:00,19.0,10.2,197.0,2.7,2.0,69.0
2023-11-18T23:00,18.7,10.0,196.0,2.7,2.1,68.0
2023-11-19T00:00,17.6,9.4,187.0,2.3,1.9,70.0
2023-11-19T01:00,18.4,10.1,190.0,2.8,2.3,70.0
2023-11-19T02:00,19.2,10.7,193.0,3.4,2.7,71.0
2023-11-19T03:00,18.7,10.2,193.0,3.6,3.1,72.0
2023-11-19T04:00,17.8,9.7,187.0,3.0,3.2,74.0
2023-11-19T05:00,18.2,9.9,177.0,2.1,3.2,77.0
2023-11-19T06:00,19.1,10.4,170.0,1.4,3.2,79.0
2023-11-19T07:00,19.8,10.9,168.0,1.2,3.3,80.0
2023-11-19T08:00,20.6,11.3,169.0,1.3,3.3,81.0
2023-11-19T09:00,21.2,11.7,172.0,1.7,3.3,81.0
2023-11-19T10:00,21.7,12.0,178.0,2.8,3.2,79.0
2023-11-19T11:00,22.9,12.6,187.0,4.3,2.9,76.0
2023-11-19T12:00,29.2,16.6,211.0,6.1,3.2,74.0
2023-11-19T13:00,31.5,17.9,211.0,6.0,3.1,74.0
2023-11-19T14:00,32.8,18.5,210.0,5.8,3.0,74.0
2023-11-19T15:00,32.2,18.0,207.0,5.5,2.9,73.0
2023-11-19T16:00,30.7,17.1,201.0,5.2,2.7,72.0
2023-11-19T17:00,29.7,16.3,193.0,4.8,2.4,71.0
2023-11-19T18:00,28.2,15.3,185.0,4.3,2.2,70.0
2023-11-19T19:00,25.6,13.7,177.0,3.6,2.0,69.0
2023-11-19T20:00,23.5,12.5,168.0,2.9,1.8,67.0
2023-11-19T21:00,20.0,10.7,162.0,2.3,1.7,66.0
2023-11-19T22:00,17.6,9.4,158.0,2.0,1.7,65.0
2023-11-19T23:00,13.7,7.4,157.0,1.9,1.7,65.0
2023-11-20T00:00,15.5,8.4,154.0,1.9,1.7,67.0
2023-11-20T01:00,18.1,9.8,164.0,3.0,2.0,67.0
2023-11-20T02:00,19.6,10.8,176.0,4.5,2.3,67.0
2023-11-20T03:00,19.2,10.7,183.0,5.4,2.6,67.0
2023-11-20T04:00,16.1,9.0,178.0,4.9,2.7,67.0
2023-11-20T05:00,13.3,7.4,167.0,3.8,2.7,66.0
2023-11-20T06:00,11.4,6.3,158.0,3.0,2.7,65.0
2023-11-20T07:00,9.0,5.0,154.0,2.7,2.8,64.0
2023-11-20T08:00,7.5,4.3,152.0,2.7,2.9,62.0
2023-11-20T09:00,6.9,3.9,153.0,3.3,2.9,59.0
2023-11-20T10:00,6.4,3.7,160.0,5.0,2.8,55.0
2023-11-20T11:00,6.7,3.9,171.0,7.3,2.8,49.0
2023-11-20T12:00,14.8,8.7,181.0,7.1,2.7,69.0
2023-11-20T13:00,14.8,8.8,182.0,7.0,3.2,69.0
2023-11-20T14:00,15.3,9.2,182.0,6.8,3.8,69.0
2023-11-20T15:00,13.9,8.4,182.0,6.6,4.2,67.0
2023-11-20T16:00,13.0,7.9,180.0,6.4,4.1,63.0
2023-11-20T17:00,12.3,7.6,177.0,6.2,3.6,57.0
2023-11-20T18:00,11.8,7.3,173.0,5.9,3.3,53.0
2023-11-20T19:00,11.6,7.2,170.0,5.5,3.1,51.0
2023-11-20T20:00,11.4,7.0,167.0,5.1,3.0,49.0
2023-11-20T21:00,10.9,6.7,162.0,4.7,3.0,48.0
2023-11-20T22:00,9.9,6.1,155.0,4.4,2.9,47.0
2023-11-20T23:00,9.2,5.6,146.0,4.1,2.9,47.0
2023-11-21T00:00,6.4,3.9,143.0,5.0,4.2,46.0
2023-11-21T01:00,7.3,4.4,144.0,5.4,4.1,46.0
2023-11-21T02:00,7.6,4.5,146.0,5.9,4.0,46.0
2023-11-21T03:00,8.0,4.7,145.0,6.1,4.2,46.0
2023-11-21T04:00,8.8,5.1,140.0,5.8,5.0,47.0
2023-11-21T05:00,10.0,5.8,132.0,5.3,6.0,48.0
2023-11-21T06:00,9.3,5.3,126.0,4.9,6.7,48.0
2023-11-21T07:00,8.8,5.0,122.0,4.6,6.5,48.0
2023-11-21T08:00,9.1,5.2,120.0,4.5,6.0,47.0
2023-11-21T09:00,8.9,5.1,123.0,4.9,5.5,45.0
2023-11-21T10:00,9.4,5.4,135.0,6.4,5.3,42.0
2023-11-21T11:00,9.8,5.6,153.0,8.4,5.1,39.0
2023-11-21T12:00,14.1,8.3,210.0,11.2,7.8,39.0
2023-11-21T13:00,14.2,8.4,207.0,11.2,7.4,38.0
2023-11-21T14:00,14.6,8.6,204.0,11.3,6.8,37.0
2023-11-21T15:00,14.6,8.6,201.0,11.2,6.2,37.0
2023-11-21T16:00,16.4,9.7,202.0,11.1,5.8,39.0
2023-11-21T17:00,17.5,10.3,204.0,11.0,5.4,41.0
2023-11-21T18:00,16.5,9.5,203.0,10.4,5.0,44.0
2023-11-21T19:00,14.1,7.9,195.0,9.0,4.4,46.0
2023-11-21T20:00,13.6,7.7,184.0,7.3,3.7,49.0
2023-11-21T21:00,12.6,7.2,178.0,6.0,3.3,51.0
2023-11-21T22:00,11.5,6.6,180.0,5.7,3.4,53.0
2023-11-21T23:00,11.3,6.6,187.0,5.9,3.9,55.0
2023-11-22T00:00,9.8,5.6,178.0,4.3,3.2,58.0
2023-11-22T01:00,10.5,6.1,187.0,4.8,3.7,59.0
2023-11-22T02:00,11.8,7.1,199.0,5.5,4.3,61.0
2023-11-22T03:00,10.9,6.4,205.0,5.8,4.8,63.0
2023-11-22T04:00,11.5,6.7,199.0,5.3,5.1,65.0
2023-11-22T05:00,11.5,6.5,186.0,4.4,5.3,67.0
2023-11-22T06:00,12.1,6.7,176.0,3.8,5.4,68.0
2023-11-22T07:00,12.7,7.0,170.0,3.4,5.6,69.0
2023-11-22T08:00,13.0,7.1,166.0,3.2,5.7,69.0
2023-11-22T09:00,13.6,7.5,167.0,3.8,5.8,68.0
2023-11-22T10:00,13.4,7.4,171.0,5.7,5.7,65.0
2023-11-22T11:00,13.2,7.3,180.0,8.3,5.6,60.0
2023-11-22T12:00,18.9,10.7,205.0,8.3,4.8,59.0
2023-11-22T13:00,20.4,11.6,210.0,8.4,4.5,59.0
2023-11-22T14:00,20.5,11.7,218.0,8.6,4.2,58.0
2023-11-22T15:00,20.2,11.6,223.0,8.8,3.9,58.0
2023-11-22T16:00,19.4,11.2,226.0,9.1,3.8,57.0
2023-11-22T17:00,18.8,11.0,227.0,9.4,3.9,56.0
2023-11-22T18:00,18.3,10.7,225.0,9.3,3.9,56.0
2023-11-22T19:00,18.3,10.7,218.0,8.4,3.9,56.0
2023-11-22T20:00,16.8,9.7,207.0,7.1,3.9,56.0
2023-11-22T21:00,16.4,9.5,198.0,6.0,3.8,57.0
2023-11-22T22:00,15.9,9.2,191.0,5.2,3.6,57.0
2023-11-22T23:00,14.3,8.2,186.0,4.7,3.3,58.0
2023-11-23T00:00,13.4,7.6,173.0,3.5,2.6,60.0
2023-11-23T01:00,13.9,8.0,180.0,4.2,3.5,61.0
2023-11-23T02:00,14.8,8.6,191.0,5.2,4.7,63.0
2023-11-23T03:00,14.2,8.2,196.0,5.8,5.8,64.0
2023-11-23T04:00,12.8,7.2,192.0,5.8,6.7,66.0
2023-11-23T05:00,13.0,7.3,183.0,5.4,7.4,67.0
2023-11-23T06:00,11.3,6.4,178.0,5.1,7.7,68.0
2023-11-23T07:00,10.8,6.1,179.0,5.0,7.1,68.0
2023-11-23T08:00,9.9,5.7,182.0,4.9,6.0,67.0
2023-11-23T09:00,8.4,4.9,188.0,5.3,5.3,66.0
2023-11-23T10:00,7.6,4.4,194.0,6.3,5.3,64.0
2023-11-23T11:00,7.0,4.1,202.0,7.8,5.6,62.0
2023-11-23T12:00,11.3,6.9,244.0,13.1,6.7,54.0
2023-11-23T13:00,14.2,9.0,267.0,13.3,7.1,53.0
2023-11-23T14:00,14.8,9.4,298.0,13.6,7.6,52.0
2023-11-23T15:00,14.6,9.3,323.0,13.7,8.0,51.0
2023-11-23T16:00,15.3,9.8,339.0,13.5,8.3,50.0
2023-11-23T17:00,15.6,10.0,348.0,13.0,8.6,49.0
2023-11-23T18:00,16.4,10.5,346.0,12.5,8.4,49.0
2023-11-23T19:00,16.7,10.6,326.0,12.1,7.4,49.0
2023-11-23T20:00,15.2,9.4,293.0,11.7,6.0,49.0
2023-11-23T21:00,13.0,7.9,264.0,10.7,4.8,50.0
2023-11-23T22:00,11.4,6.8,241.0,8.6,3.8,52.0
2023-11-23T23:00,9.9,5.7,220.0,6.0,3.0,54.0
2023-11-24T00:00,8.3,4.7,191.0,3.3,2.4,59.0
2023-11-24T01:00,8.9,5.1,194.0,3.5,2.8,59.0
2023-11-24T02:00,10.2,5.9,198.0,3.8,3.4,60.0
2023-11-24T03:00,9.7,5.5,198.0,3.9,3.8,60.0
2023-11-24T04:00,9.2,5.1,191.0,3.5,4.0,60.0
2023-11-24T05:00,9.5,5.2,181.0,2.9,4.0,61.0
2023-11-24T06:00,10.2,5.5,172.0,2.5,4.0,61.0
2023-11-24T07:00,10.4,5.7,166.0,2.2,4.0,61.0
2023-11-24T08:00,10.6,5.8,163.0,2.1,4.1,61.0
2023-11-24T09:00,10.4,5.7,163.0,2.5,4.0,61.0
2023-11-24T10:00,10.7,5.9,168.0,3.6,3.8,60.0
2023-11-24T11:00,11.4,6.3,177.0,5.3,3.4,59.0
2023-11-24T12:00,13.4,7.6,200.0,8.2,3.5,59.0
2023-11-24T13:00,13.0,7.5,201.0,8.1,3.5,60.0
2023-11-24T14:00,14.3,8.3,203.0,7.9,3.5,61.0
2023-11-24T15:00,14.1,8.1,204.0,7.7,3.5,62.0
2023-11-24T16:00,14.3,8.3,207.0,7.6,3.4,62.0
2023-11-24T17:00,14.2,8.4,209.0,7.5,3.3,62.0
2023-11-24T18:00,13.9,8.2,208.0,7.0,3.1,62.0
2023-11-24T19:00,14.5,8.4,199.0,5.8,2.8,64.0
2023-11-24T20:00,15.5,8.9,185.0,4.2,2.5,66.0
2023-11-24T21:00,15.6,9.0,176.0,3.0,2.3,68.0
2023-11-24T22:00,16.7,9.6,174.0,2.6,2.2,69.0
2023-11-24T23:00,18.7,10.8,176.0,2.6,2.1,69.0
2023-11-25T00:00,23.6,13.8,187.0,3.0,2.5,72.0
2023-11-25T01:00,27.1,16.0,199.0,3.3,2.9,76.0
2023-11-25T02:00,32.2,18.9,215.0,3.8,3.5,82.0
2023-11-25T03:00,36.6,21.4,226.0,3.9,3.9,86.0
2023-11-25T04:00,41.9,24.3,227.0,3.5,4.0,88.0
2023-11-25T05:00,45.3,26.0,223.0,2.8,3.8,90.0
2023-11-25T06:00,44.2,25.2,219.0,2.3,3.7,90.0
2023-11-25T07:00,44.5,25.2,216.0,1.9,3.6,89.0
2023-11-25T08:00,48.5,27.2,214.0,1.7,3.5,87.0
2023-11-25T09:00,50.9,28.2,214.0,2.0,3.4,85.0
2023-11-25T10:00,52.9,29.3,220.0,3.3,3.1,81.0
2023-11-25T11:00,51.8,28.9,229.0,5.0,2.7,77.0
2023-11-25T12:00,53.6,30.0,242.0,6.1,2.6,79.0
2023-11-25T13:00,52.6,29.5,241.0,5.5,2.6,80.0
2023-11-25T14:00,52.6,29.6,241.0,4.6,2.6,81.0
2023-11-25T15:00,51.0,28.8,240.0,3.9,2.5,82.0
2023-11-25T16:00,50.9,28.7,240.0,3.5,2.4,83.0
2023-11-25T17:00,51.5,29.1,241.0,3.2,2.2,84.0
2023-11-25T18:00,52.9,29.8,240.0,2.9,2.0,85.0
2023-11-25T19:00,52.9,29.9,238.0,2.6,1.9,86.0
2023-11-25T20:00,51.8,29.3,235.0,2.3,1.8,86.0
2023-11-25T21:00,52.0,29.8,232.0,2.1,1.8,86.0
2023-11-25T22:00,52.3,30.0,229.0,2.1,1.8,86.0
2023-11-25T23:00,50.4,28.9,226.0,2.2,1.9,85.0
2023-11-26T00:00,46.8,27.0,225.0,2.3,2.0,85.0
2023-11-26T01:00,43.2,25.1,226.0,2.9,2.3,85.0
2023-11-26T02:00,37.6,21.8,228.0,3.6,2.6,86.0
2023-11-26T03:00,34.0,19.6,227.0,3.9,2.9,86.0
2023-11-26T04:00,35.7,20.4,221.0,3.4,3.1,87.0
2023-11-26T05:00,34.5,19.7,213.0,2.5,3.2,87.0
2023-11-26T06:00,35.9,20.4,206.0,1.8,3.3,87.0
2023-11-26T07:00,35.7,20.3,203.0,1.6,3.4,86.0
2023-11-26T08:00,35.9,20.4,201.0,1.6,3.4,84.0
2023-11-26T09:00,35.2,19.8,203.0,2.1,3.4,81.0
2023-11-26T10:00,31.2,17.5,210.0,3.4,3.2,77.0
2023-11-26T11:00,29.5,16.6,219.0,5.1,2.9,72.0
2023-11-26T12:00,42.7,24.0,228.0,5.6,2.3,75.0
2023-11-26T13:00,38.9,21.9,227.0,5.3,2.4,75.0
2023-11-26T14:00,35.6,20.1,227.0,5.0,2.6,74.0
2023-11-26T15:00,32.4,18.3,228.0,5.0,2.8,73.0
2023-11-26T16:00,29.8,17.0,234.0,5.7,2.9,71.0
2023-11-26T17:00,27.8,15.9,242.0,6.7,2.9,69.0
2023-11-26T18:00,26.1,15.0,245.0,7.1,2.9,67.0
2023-11-26T19:00,25.5,14.5,237.0,6.2,2.7,67.0
2023-11-26T20:00,24.3,13.8,222.0,4.8,2.3,68.0
2023-11-26T21:00,24.3,13.7,212.0,3.7,2.1,68.0
2023-11-26T22:00,24.8,13.9,209.0,3.5,2.1,67.0
2023-11-26T23:00,26.5,14.9,209.0,3.7,2.2,65.0
2023-11-27T00:00,30.2,16.8,203.0,3.8,2.7,66.0
2023-11-27T01:00,31.1,17.2,209.0,4.3,2.9,66.0
2023-11-27T02:00,32.6,18.3,218.0,4.9,3.1,66.0
2023-11-27T03:00,32.5,18.1,220.0,5.1,3.4,67.0
2023-11-27T04:00,31.1,17.3,211.0,4.3,3.7,70.0
2023-11-27T05:00,29.7,16.4,195.0,3.1,4.1,74.0
2023-11-27T06:00,28.9,15.9,184.0,2.2,4.4,76.0
2023-11-27T07:00,28.6,15.8,181.0,1.9,4.6,76.0
2023-11-27T08:00,27.9,15.4,181.0,2.0,4.6,74.0
2023-11-27T09:00,27.0,14.9,184.0,2.5,4.6,71.0
2023-11-27T10:00,27.0,14.9,189.0,3.7,4.4,67.0
2023-11-27T11:00,26.8,14.8,197.0,5.2,4.1,63.0
2023-11-27T12:00,31.3,17.5,207.0,6.5,3.5,61.0
2023-11-27T13:00,31.8,17.9,213.0,7.0,3.5,61.0
2023-11-27T14:00,34.0,19.2,222.0,7.7,3.5,61.0
2023-11-27T15:00,36.1,20.3,227.0,8.1,3.5,62.0
2023-11-27T16:00,38.0,21.3,228.0,8.0,3.3,63.0
2023-11-27T17:00,37.7,21.3,226.0,7.6,3.1,64.0
2023-11-27T18:00,38.3,21.5,221.0,6.9,2.9,65.0
2023-11-27T19:00,37.6,20.9,209.0,5.6,2.6,68.0
2023-11-27T20:00,35.3,19.6,194.0,3.9,2.4,71.0
2023-11-27T21:00,34.5,19.1,183.0,2.7,2.2,73.0
2023-11-27T22:00,29.9,16.6,180.0,2.4,2.2,73.0
2023-11-27T23:00,30.3,16.8,181.0,2.6,2.4,73.0
2023-11-28T00:00,32.6,18.0,184.0,2.8,2.2,73.0
2023-11-28T01:00,31.8,17.7,186.0,3.1,2.7,74.0
2023-11-28T02:00,31.5,17.4,188.0,3.5,3.3,76.0
2023-11-28T03:00,31.2,17.1,188.0,3.6,3.7,77.0
2023-11-28T04:00,29.0,15.8,184.0,3.3,3.6,77.0
2023-11-28T05:00,28.5,15.5,177.0,2.8,3.4,77.0
2023-11-28T06:00,26.8,14.6,172.0,2.4,3.2,76.0
2023-11-28T07:00,26.3,14.4,170.0,2.1,3.4,75.0
2023-11-28T08:00,24.4,13.4,170.0,2.0,3.7,75.0
2023-11-28T09:00,23.4,12.8,173.0,2.3,3.9,73.0
2023-11-28T10:00,19.2,10.7,179.0,3.4,3.8,70.0
2023-11-28T11:00,17.3,9.7,187.0,5.0,3.7,66.0
2023-11-28T12:00,17.8,10.0,197.0,6.6,3.6,63.0
2023-11-28T13:00,18.5,10.5,213.0,8.4,3.8,60.0
2023-11-28T14:00,19.7,11.4,232.0,10.2,4.1,57.0
2023-11-28T15:00,20.1,11.7,241.0,11.0,4.3,55.0
2023-11-28T16:00,19.4,11.2,233.0,10.0,4.2,55.0
2023-11-28T17:00,15.5,8.9,215.0,8.0,3.9,57.0
2023-11-28T18:00,13.4,7.8,201.0,6.3,3.6,58.0
2023-11-28T19:00,13.0,7.7,196.0,5.6,3.4,57.0
2023-11-28T20:00,11.8,7.0,196.0,5.2,3.3,55.0
2023-11-28T21:00,10.8,6.4,194.0,4.8,3.1,54.0
2023-11-28T22:00,9.8,5.8,189.0,4.2,2.9,54.0
2023-11-28T23:00,9.3,5.5,184.0,3.7,2.7,54.0
2023-11-29T00:00,8.2,4.6,161.0,2.8,2.0,59.0
2023-11-29T01:00,9.4,5.4,170.0,3.5,2.5,58.0
2023-11-29T02:00,9.6,5.5,181.0,4.4,3.1,58.0
2023-11-29T03:00,9.7,5.6,187.0,4.8,3.6,58.0
2023-11-29T04:00,9.8,5.6,181.0,4.2,3.8,60.0
2023-11-29T05:00,8.5,4.7,170.0,3.2,3.9,63.0
2023-11-29T06:00,8.6,4.7,163.0,2.4,3.9,66.0
2023-11-29T07:00,10.0,5.4,163.0,2.1,4.0,68.0
2023-11-29T08:00,10.5,5.7,167.0,2.0,4.1,68.0
2023-11-29T09:00,10.7,5.8,174.0,2.5,4.1,68.0
2023-11-29T10:00,10.5,5.7,186.0,4.0,4.0,66.0
2023-11-29T11:00,10.7,5.8,200.0,6.0,3.8,62.0
2023-11-29T12:00,13.5,7.8,216.0,9.7,4.4,59.0
2023-11-29T13:00,13.0,7.5,215.0,8.8,4.0,60.0
2023-11-29T14:00,11.8,6.8,213.0,7.6,3.6,61.0
2023-11-29T15:00,11.8,6.8,210.0,6.5,3.1,62.0
2023-11-29T16:00,12.2,7.1,206.0,5.6,2.8,63.0
2023-11-29T17:00,14.1,8.1,202.0,4.8,2.4,63.0
2023-11-29T18:00,15.2,8.7,197.0,4.1,2.2,64.0
2023-11-29T19:00,15.9,9.0,192.0,3.3,2.0,65.0
2023-11-29T20:00,13.5,7.7,186.0,2.5,1.9,66.0
2023-11-29T21:00,14.1,7.9,183.0,2.0,1.8,66.0
2023-11-29T22:00,14.1,8.0,184.0,2.0,1.8,65.0
2023-11-29T23:00,13.6,7.8,187.0,2.3,1.9,63.0
2023-11-30T00:00,18.3,10.3,185.0,2.7,2.2,61.0
2023-11-30T01:00,19.0,10.8,190.0,3.2,2.6,62.0
2023-11-30T02:00,20.3,11.5,196.0,3.8,3.1,64.0
2023-11-30T03:00,20.6,11.6,199.0,4.1,3.6,66.0
2023-11-30T04:00,18.7,10.4,194.0,3.7,3.9,69.0
2023-11-30T05:00,17.8,9.9,186.0,2.9,4.0,71.0
2023-11-30T06:00,17.6,9.7,180.0,2.3,4.1,73.0
2023-11-30T07:00,15.7,8.6,179.0,2.1,4.0,73.0
2023-11-30T08:00,14.3,7.9,182.0,2.1,3.8,72.0
2023-11-30T09:00,12.6,7.0,186.0,2.5,3.6,70.0
2023-11-30T10:00,11.4,6.3,194.0,3.7,3.6,67.0
2023-11-30T11:00,9.8,5.5,204.0,5.4,3.6,64.0
2023-11-30T12:00,12.4,7.1,221.0,7.8,2.9,61.0
2023-11-30T13:00,15.4,9.0,229.0,8.3,3.1,61.0
2023-11-30T14:00,14.8,8.6,240.0,8.9,3.5,60.0
2023-11-30T15:00,14.7,8.7,245.0,9.0,3.6,60.0
2023-11-30T16:00,15.0,8.9,241.0,8.3,3.4,60.0
2023-11-30T17:00,15.1,9.0,231.0,7.0,3.1,61.0
2023-11-30T18:00,14.8,8.8,221.0,5.8,2.7,61.0
2023-11-30T19:00,15.4,9.0,211.0,4.7,2.4,61.0
2023-11-30T20:00,15.1,8.8,200.0,3.5,2.1,61.0
2023-11-30T21:00,13.9,8.1,192.0,2.7,1.9,61.0
2023-11-30T22:00,13.7,8.0,187.0,2.3,1.8,61.0
2023-11-30T23:00,14.8,8.6,184.0,2.3,1.7,61.0
2023-12-01T00:00,16.1,9.2,181.0,2.1,1.7,63.0
2023-12-01T01:00,17.1,9.8,185.0,2.6,2.1,64.0
2023-12-01T02:00,19.3,11.1,191.0,3.4,2.7,66.0
2023-12-01T03:00,20.9,11.8,194.0,3.7,3.1,68.0
2023-12-01T04:00,23.4,13.1,191.0,3.3,3.3,71.0
2023-12-01T05:00,27.2,15.1,186.0,2.4,3.3,74.0
2023-12-01T06:00,30.6,16.8,183.0,1.8,3.3,77.0
2023-12-01T07:00,31.8,17.5,183.0,1.6,3.3,78.0
2023-12-01T08:00,32.5,17.9,185.0,1.5,3.3,78.0
2023-12-01T09:00,34.1,18.7,189.0,1.8,3.2,78.0
2023-12-01T10:00,35.0,19.3,196.0,2.7,3.0,77.0
2023-12-01T11:00,36.1,19.9,205.0,3.8,2.8,76.0
2023-12-01T12:00,43.0,24.2,223.0,4.8,2.3,81.0
2023-12-01T13:00,45.2,25.3,226.0,4.4,2.3,83.0
2023-12-01T14:00,45.9,25.8,230.0,3.9,2.3,85.0
2023-12-01T15:00,42.3,23.7,233.0,3.5,2.3,86.0
2023-12-01T16:00,39.8,22.2,233.0,3.3,2.2,86.0
2023-12-01T17:00,38.4,21.4,231.0,3.2,2.1,85.0
2023-12-01T18:00,38.3,21.2,228.0,3.0,2.0,85.0
2023-12-01T19:00,38.3,21.1,222.0,2.5,1.8,86.0
2023-12-01T20:00,38.3,21.1,214.0,1.9,1.6,87.0
2023-12-01T21:00,41.1,22.4,207.0,1.5,1.5,88.0
2023-12-01T22:00,39.8,21.8,201.0,1.4,1.5,87.0
2023-12-01T23:00,38.2,20.9,195.0,1.6,1.5,86.0
2023-12-02T00:00,35.7,19.8,175.0,1.4,1.3,83.0
2023-12-02T01:00,35.0,19.6,182.0,2.3,1.7,80.0
2023-12-02T02:00,32.7,18.3,191.0,3.4,2.2,76.0
2023-12-02T03:00,27.2,15.1,197.0,4.0,2.5,73.0
2023-12-02T04:00,21.4,11.7,196.0,3.5,2.5,71.0
2023-12-02T05:00,21.4,11.6,191.0,2.5,2.3,70.0
2023-12-02T06:00,21.8,11.7,187.0,1.8,2.1,69.0
2023-12-02T07:00,23.0,12.4,185.0,1.6,2.0,69.0
2023-12-02T08:00,19.7,10.7,185.0,1.7,2.0,69.0
2023-12-02T09:00,19.3,10.4,184.0,2.0,1.9,68.0
2023-12-02T10:00,18.2,9.8,184.0,2.7,1.8,66.0
2023-12-02T11:00,17.4,9.4,184.0,3.5,1.7,63.0
2023-12-02T12:00,17.0,9.3,181.0,4.0,1.8,64.0
2023-12-02T13:00,17.0,9.3,182.0,3.8,1.8,64.0
2023-12-02T14:00,17.8,9.7,182.0,3.4,1.9,63.0
2023-12-02T15:00,18.9,10.4,181.0,3.1,1.9,63.0
2023-12-02T16:00,19.8,10.9,176.0,2.8,1.8,62.0
2023-12-02T17:00,21.7,11.8,170.0,2.4,1.6,61.0
2023-12-02T18:00,20.5,11.1,165.0,2.1,1.5,61.0
2023-12-02T19:00,22.7,12.2,162.0,1.7,1.4,61.0
2023-12-02T20:00,21.3,11.4,161.0,1.3,1.3,62.0
2023-12-02T21:00,18.5,9.9,160.0,1.1,1.2,62.0
2023-12-02T22:00,17.2,9.2,159.0,1.1,1.2,62.0
2023-12-02T23:00,16.9,9.0,158.0,1.2,1.2,61.0
2023-12-03T00:00,18.6,10.0,151.0,1.5,1.3,56.0
2023-12-03T01:00,18.6,10.0,156.0,2.4,1.5,55.0
2023-12-03T02:00,19.4,10.5,164.0,3.5,1.9,53.0
2023-12-03T03:00,19.3,10.5,167.0,4.1,2.1,52.0
2023-12-03T04:00,18.8,10.2,163.0,3.6,2.1,53.0
2023-12-03T05:00,18.2,9.8,156.0,2.5,1.9,56.0
2023-12-03T06:00,17.9,9.6,150.0,1.8,1.8,57.0
2023-12-03T07:00,21.2,11.3,148.0,1.9,1.7,56.0
2023-12-03T08:00,20.6,11.0,148.0,2.3,1.7,54.0
2023-12-03T09:00,19.3,10.3,149.0,2.7,1.6,52.0
2023-12-03T10:00,18.3,9.8,150.0,3.1,1.6,52.0
2023-12-03T11:00,16.8,9.1,151.0,3.5,1.5,52.0
2023-12-03T12:00,18.2,9.8,156.0,3.2,1.4,55.0
2023-12-03T13:00,20.3,11.0,155.0,2.9,1.4,55.0
2023-12-03T14:00,18.3,10.0,153.0,2.5,1.5,56.0
2023-12-03T15:00,20.3,10.9,152.0,2.1,1.5,57.0
2023-12-03T16:00,20.9,11.3,152.0,1.9,1.5,58.0
2023-12-03T17:00,22.2,12.0,153.0,1.8,1.4,60.0
2023-12-03T18:00,20.1,10.9,153.0,1.7,1.3,61.0
2023-12-03T19:00,19.4,10.4,152.0,1.5,1.2,62.0
2023-12-03T20:00,21.1,11.4,151.0,1.3,1.1,63.0
2023-12-03T21:00,21.9,11.8,151.0,1.2,1.0,63.0
2023-12-03T22:00,22.0,11.8,152.0,1.2,1.1,63.0
2023-12-03T23:00,14.7,8.0,155.0,1.3,1.2,64.0
2023-12-04T00:00,19.6,10.5,147.0,1.5,1.3,59.0
2023-12-04T01:00,22.6,12.2,156.0,2.4,1.6,58.0
2023-12-04T02:00,24.1,13.0,168.0,3.6,2.0,56.0
2023-12-04T03:00,19.3,10.6,179.0,4.5,2.5,55.0
2023-12-04T04:00,24.9,13.4,186.0,4.8,3.0,56.0
2023-12-04T05:00,13.2,7.5,193.0,4.9,3.5,57.0
2023-12-04T06:00,15.6,8.8,200.0,5.1,4.1,58.0
2023-12-04T07:00,9.7,5.7,209.0,5.6,4.9,58.0
2023-12-04T08:00,5.0,3.3,220.0,6.3,5.7,56.0
2023-12-04T09:00,4.1,2.8,230.0,7.1,6.3,55.0
2023-12-04T10:00,4.1,2.8,241.0,8.3,6.7,53.0
2023-12-04T11:00,4.9,3.4,252.0,9.6,6.8,52.0
2023-12-04T12:00,5.4,3.6,243.0,9.2,6.3,52.0
2023-12-04T13:00,6.2,4.1,245.0,9.0,6.2,51.0
2023-12-04T14:00,8.2,5.4,247.0,8.8,6.1,50.0
2023-12-04T15:00,9.6,6.3,246.0,8.4,5.9,49.0
2023-12-04T16:00,9.1,6.0,237.0,7.7,5.4,49.0
2023-12-04T17:00,8.5,5.6,224.0,6.8,4.7,50.0
2023-12-04T18:00,8.0,5.2,218.0,6.3,4.5,50.0
2023-12-04T19:00,9.9,6.4,223.0,6.5,5.1,49.0
2023-12-04T20:00,13.1,8.2,234.0,7.0,6.1,48.0
2023-12-04T21:00,15.2,9.5,247.0,7.5,7.0,48.0
2023-12-04T22:00,17.7,10.8,259.0,7.8,7.6,50.0
2023-12-04T23:00,21.1,12.6,273.0,8.1,8.2,54.0
2023-12-05T00:00,15.8,10.2,265.0,8.3,7.8,46.0
2023-12-05T01:00,16.8,10.9,282.0,10.1,8.4,44.0
2023-12-05T02:00,18.0,11.8,307.0,12.7,9.2,41.0
2023-12-05T03:00,20.0,13.1,327.0,14.4,10.0,41.0
2023-12-05T04:00,21.8,14.2,340.0,14.6,10.5,45.0
2023-12-05T05:00,23.6,15.4,349.0,14.1,10.9,51.0
2023-12-05T06:00,25.1,16.2,354.0,13.4,11.5,59.0
2023-12-05T07:00,27.1,17.4,351.0,12.6,12.6,69.0
2023-12-05T08:00,26.8,17.3,343.0,11.7,13.7,80.0
2023-12-05T09:00,27.5,17.8,338.0,11.2,14.3,92.0
2023-12-05T10:00,29.4,18.6,342.0,11.8,13.8,105.0
2023-12-05T11:00,32.9,19.9,350.0,12.9,12.7,118.0
2023-12-05T12:00,40.4,24.0,384.0,17.9,11.5,116.0
2023-12-05T13:00,41.3,24.1,370.0,16.0,10.3,117.0
2023-12-05T14:00,38.6,22.5,350.0,13.3,8.7,117.0
2023-12-05T15:00,36.0,20.5,330.0,10.8,7.3,117.0
2023-12-05T16:00,31.7,17.9,310.0,8.9,6.4,115.0
2023-12-05T17:00,28.4,15.9,289.0,7.2,5.8,112.0
2023-12-05T18:00,23.8,13.9,272.0,6.0,5.6,109.0
2023-12-05T19:00,21.2,12.7,262.0,5.2,6.1,106.0
2023-12-05T20:00,20.2,12.4,256.0,4.9,7.1,103.0
2023-12-05T21:00,20.4,12.4,253.0,4.9,8.2,98.0
2023-12-05T22:00,20.1,12.2,251.0,5.4,9.1,90.0
2023-12-05T23:00,21.6,13.0,251.0,6.4,10.1,81.0
2023-12-06T00:00,25.7,16.1,301.0,8.9,14.9,73.0
2023-12-06T01:00,27.4,17.4,321.0,10.7,17.1,72.0
2023-12-06T02:00,30.0,19.4,348.0,12.9,20.0,71.0
2023-12-06T03:00,30.4,19.6,360.0,13.8,21.6,76.0
2023-12-06T04:00,30.2,19.1,345.0,11.8,20.8,91.0
2023-12-06T05:00,29.3,18.1,315.0,8.4,18.8,110.0
2023-12-06T06:00,28.6,17.3,289.0,5.7,16.8,126.0
2023-12-06T07:00,29.2,17.4,271.0,4.3,15.3,134.0
2023-12-06T08:00,29.0,16.9,257.0,3.5,13.9,138.0
2023-12-06T09:00,29.3,16.9,248.0,3.7,12.5,137.0
2023-12-06T10:00,29.7,16.9,247.0,5.2,11.0,131.0
2023-12-06T11:00,28.5,16.0,251.0,7.7,9.6,121.0
2023-12-06T12:00,34.6,20.0,274.0,10.2,12.6,120.0
2023-12-06T13:00,33.8,19.6,290.0,11.8,13.0,115.0
2023-12-06T14:00,34.7,20.5,310.0,14.0,13.5,108.0
2023-12-06T15:00,34.5,20.5,318.0,14.9,13.0,101.0
2023-12-06T16:00,30.4,17.8,302.0,13.4,10.7,93.0
2023-12-06T17:00,25.5,14.7,273.0,10.7,7.5,84.0
2023-12-06T18:00,21.3,12.1,248.0,8.3,5.0,77.0
2023-12-06T19:00,18.1,10.2,233.0,6.9,4.0,74.0
2023-12-06T20:00,16.7,9.4,223.0,5.9,3.7,72.0
2023-12-06T21:00,16.4,9.3,216.0,5.3,3.8,72.0
2023-12-06T22:00,15.5,8.8,212.0,5.1,4.1,73.0
2023-12-06T23:00,13.4,7.8,211.0,5.4,4.7,75.0
2023-12-07T00:00,16.0,9.5,240.0,8.0,6.4,63.0
2023-12-07T01:00,15.8,9.6,250.0,9.1,7.7,65.0
2023-12-07T02:00,16.4,10.1,264.0,10.6,9.5,68.0
2023-12-07T03:00,16.1,9.9,272.0,11.4,11.4,74.0
2023-12-07T04:00,16.7,10.3,268.0,10.7,13.7,85.0
2023-12-07T05:00,17.1,10.3,257.0,9.3,16.1,98.0
2023-12-07T06:00,18.8,11.2,247.0,8.0,17.4,109.0
2023-12-07T07:00,20.8,12.1,239.0,6.9,16.9,117.0
2023-12-07T08:00,23.5,13.6,233.0,6.0,15.3,123.0
2023-12-07T09:00,22.5,12.8,231.0,6.0,13.7,125.0
2023-12-07T10:00,22.1,12.3,237.0,7.6,12.2,121.0
2023-12-07T11:00,21.2,11.8,248.0,10.0,10.7,113.0
2023-12-07T12:00,26.5,15.0,253.0,11.6,8.4,105.0
2023-12-07T13:00,24.9,14.5,249.0,10.8,7.8,99.0
2023-12-07T14:00,22.4,13.0,243.0,9.9,7.0,90.0
2023-12-07T15:00,22.2,13.2,245.0,9.6,6.5,81.0
2023-12-07T16:00,22.9,13.8,261.0,10.9,6.6,73.0
2023-12-07T17:00,23.7,14.5,284.0,12.9,6.9,66.0
2023-12-07T18:00,24.0,14.9,298.0,13.9,7.0,60.0
2023-12-07T19:00,24.0,14.9,297.0,12.8,6.4,57.0
2023-12-07T20:00,23.0,14.2,287.0,10.7,5.6,56.0
2023-12-07T21:00,22.2,13.7,276.0,8.8,4.9,56.0
2023-12-07T22:00,21.1,13.1,266.0,7.5,4.5,56.0
2023-12-07T23:00,19.8,12.3,255.0,6.5,4.3,58.0
2023-12-08T00:00,16.9,10.2,236.0,5.6,3.4,57.0
2023-12-08T01:00,16.9,10.2,229.0,5.3,3.7,60.0
2023-12-08T02:00,16.4,9.9,220.0,4.8,4.0,65.0
2023-12-08T03:00,13.8,8.0,211.0,4.4,4.4,68.0
2023-12-08T04:00,12.1,6.9,202.0,4.0,4.7,70.0
2023-12-08T05:00,12.0,6.9,194.0,3.6,5.1,71.0
2023-12-08T06:00,11.8,6.8,188.0,3.3,5.3,71.0
2023-12-08T07:00,12.5,7.3,184.0,3.0,5.4,71.0
2023-12-08T08:00,11.9,6.9,183.0,2.9,5.4,70.0
2023-12-08T09:00,11.4,6.6,186.0,3.3,5.3,69.0
2023-12-08T10:00,11.4,6.7,196.0,4.7,4.9,66.0
2023-12-08T11:00,11.6,6.8,212.0,6.6,4.3,63.0
2023-12-08T12:00,23.9,14.0,232.0,6.3,3.9,77.0
2023-12-08T13:00,25.4,14.9,242.0,6.8,4.0,77.0
2023-12-08T14:00,27.0,15.9,257.0,7.5,4.2,76.0
2023-12-08T15:00,28.0,16.6,269.0,8.2,4.3,75.0
2023-12-08T16:00,29.0,17.4,279.0,9.1,4.5,73.0
2023-12-08T17:00,29.9,18.1,287.0,10.1,4.7,71.0
2023-12-08T18:00,28.8,17.6,286.0,10.1,4.7,69.0
2023-12-08T19:00,27.4,16.6,267.0,8.4,4.2,69.0
2023-12-08T20:00,25.5,15.3,239.0,5.9,3.4,70.0
2023-12-08T21:00,23.9,14.3,218.0,4.0,2.9,70.0
2023-12-08T22:00,23.4,14.0,211.0,3.6,2.8,67.0
2023-12-08T23:00,22.5,13.5,212.0,3.8,2.9,63.0
2023-12-09T00:00,31.4,19.3,271.0,5.9,4.5,70.0
2023-12-09T01:00,32.5,19.9,268.0,5.8,4.5,73.0
2023-12-09T02:00,32.9,20.4,264.0,5.6,4.5,78.0
2023-12-09T03:00,31.8,19.3,255.0,5.2,4.5,82.0
2023-12-09T04:00,30.0,18.2,238.0,4.2,4.5,84.0
2023-12-09T05:00,28.3,17.2,217.0,2.9,4.5,85.0
2023-12-09T06:00,28.5,17.3,201.0,2.0,4.4,86.0
2023-12-09T07:00,29.3,17.7,194.0,1.6,4.2,86.0
2023-12-09T08:00,29.9,18.0,193.0,1.6,4.0,85.0
2023-12-09T09:00,30.2,18.1,194.0,1.9,3.8,84.0
2023-12-09T10:00,30.2,18.1,197.0,2.8,3.6,82.0
2023-12-09T11:00,30.4,18.2,202.0,4.0,3.3,79.0
2023-12-09T12:00,39.2,23.8,214.0,5.6,3.2,77.0
2023-12-09T13:00,39.3,23.7,217.0,6.2,3.4,75.0
2023-12-09T14:00,39.7,23.8,222.0,7.0,3.7,71.0
2023-12-09T15:00,40.2,24.1,225.0,7.6,3.9,68.0
2023-12-09T16:00,40.3,24.1,227.0,7.7,3.8,65.0
2023-12-09T17:00,39.6,23.7,228.0,7.6,3.6,63.0
2023-12-09T18:00,37.7,22.8,227.0,7.2,3.4,62.0
2023-12-09T19:00,35.9,21.7,221.0,6.2,3.1,62.0
2023-12-09T20:00,34.1,20.5,213.0,5.0,2.8,63.0
2023-12-09T21:00,32.8,19.8,207.0,4.0,2.6,64.0
2023-12-09T22:00,31.4,19.0,206.0,3.5,2.5,65.0
2023-12-09T23:00,30.3,18.3,208.0,3.3,2.5,65.0
2023-12-10T00:00,29.2,17.6,210.0,3.1,2.6,69.0
2023-12-10T01:00,29.9,18.1,218.0,3.6,3.0,72.0
2023-12-10T02:00,31.4,19.1,229.0,4.4,3.6,76.0
2023-12-10T03:00,31.0,18.5,236.0,4.6,4.1,81.0
2023-12-10T04:00,31.0,18.4,234.0,3.9,4.5,87.0
2023-12-10T05:00,31.9,18.9,228.0,2.8,4.7,93.0
2023-12-10T06:00,32.8,19.5,224.0,1.9,4.9,97.0
2023-12-10T07:00,33.5,20.0,225.0,1.5,4.9,99.0
2023-12-10T08:00,34.2,20.4,228.0,1.4,4.9,99.0
2023-12-10T09:00,35.0,20.8,233.0,1.8,4.8,98.0
2023-12-10T10:00,35.7,21.2,242.0,2.9,4.8,96.0
2023-12-10T11:00,36.9,21.9,253.0,4.5,4.9,93.0
2023-12-10T12:00,40.7,24.4,271.0,6.1,4.8,87.0
2023-12-10T13:00,42.3,25.3,279.0,6.4,4.9,86.0
2023-12-10T14:00,43.2,25.8,289.0,6.7,4.9,84.0
2023-12-10T15:00,43.2,25.9,297.0,6.9,4.9,83.0
2023-12-10T16:00,42.8,25.6,300.0,6.7,4.6,82.0
2023-12-10T17:00,41.7,24.9,300.0,6.3,4.2,81.0
2023-12-10T18:00,40.0,23.9,297.0,5.8,3.9,80.0
2023-12-10T19:00,41.9,25.1,291.0,5.0,3.6,79.0
2023-12-10T20:00,36.8,22.0,283.0,4.1,3.4,78.0
2023-12-10T21:00,36.0,21.4,275.0,3.4,3.3,78.0
2023-12-10T22:00,34.8,20.7,269.0,3.0,3.2,78.0
2023-12-10T23:00,33.6,20.0,263.0,2.9,3.3,77.0
2023-12-11T00:00,31.8,18.5,255.0,2.7,3.1,80.0
2023-12-11T01:00,32.7,19.1,255.0,3.2,3.6,82.0
2023-12-11T02:00,34.2,20.1,254.0,3.8,4.2,86.0
2023-12-11T03:00,33.1,19.0,252.0,4.1,4.7,89.0
2023-12-11T04:00,32.7,18.7,246.0,3.6,5.0,92.0
2023-12-11T05:00,33.4,19.0,238.0,2.8,5.1,96.0
2023-12-11T06:00,34.1,19.4,232.0,2.2,5.2,98.0
2023-12-11T07:00,35.7,20.4,231.0,1.9,5.1,99.0
2023-12-11T08:00,37.6,21.6,232.0,1.7,4.9,99.0
2023-12-11T09:00,37.8,21.8,235.0,2.0,4.8,99.0
2023-12-11T10:00,39.1,22.6,241.0,3.0,4.8,98.0
2023-12-11T11:00,41.1,23.8,250.0,4.5,4.9,96.0
2023-12-11T12:00,49.2,28.8,264.0,6.0,4.9,97.0
2023-12-11T13:00,48.8,28.6,271.0,6.5,5.1,96.0
2023-12-11T14:00,49.0,28.9,281.0,7.1,5.3,94.0
2023-12-11T15:00,49.8,29.3,286.0,7.3,5.3,93.0
2023-12-11T16:00,50.8,29.9,283.0,6.8,5.1,93.0
2023-12-11T17:00,49.5,29.0,275.0,5.8,4.7,93.0
2023-12-11T18:00,49.6,29.1,267.0,4.9,4.3,93.0
2023-12-11T19:00,49.7,29.1,259.0,4.0,4.0,94.0
2023-12-11T20:00,49.1,28.8,251.0,3.1,3.7,95.0
2023-12-11T21:00,48.3,28.4,246.0,2.5,3.6,96.0
2023-12-11T22:00,49.0,28.8,245.0,2.3,3.6,96.0
2023-12-11T23:00,49.0,29.0,248.0,2.4,3.8,95.0
2023-12-12T00:00,48.9,29.0,250.0,2.7,4.0,96.0
2023-12-12T01:00,50.9,30.4,260.0,3.6,4.3,98.0
2023-12-12T02:00,52.7,31.7,273.0,4.7,4.8,102.0
2023-12-12T03:00,54.2,32.1,279.0,5.2,5.2,105.0
2023-12-12T04:00,55.2,32.5,272.0,4.4,5.5,109.0
2023-12-12T05:00,53.4,31.3,258.0,3.0,5.7,113.0
2023-12-12T06:00,54.2,31.7,248.0,2.0,5.8,116.0
2023-12-12T07:00,54.0,31.5,246.0,1.7,5.9,116.0
2023-12-12T08:00,55.4,32.4,247.0,1.8,6.0,114.0
2023-12-12T09:00,56.5,32.9,252.0,2.3,6.0,112.0
2023-12-12T10:00,58.9,34.5,261.0,3.6,5.9,109.0
2023-12-12T11:00,59.8,35.0,272.0,5.3,5.8,105.0
2023-12-12T12:00,58.1,34.1,293.0,7.2,5.8,102.0
2023-12-12T13:00,59.1,34.9,303.0,7.9,5.8,100.0
2023-12-12T14:00,59.3,34.9,317.0,8.8,5.9,98.0
2023-12-12T15:00,58.8,34.6,327.0,9.4,5.9,96.0
2023-12-12T16:00,58.6,34.3,330.0,9.5,5.9,96.0
2023-12-12T17:00,59.0,34.5,330.0,9.2,6.0,96.0
2023-12-12T18:00,59.5,34.5,326.0,8.6,5.9,96.0
2023-12-12T19:00,60.3,34.9,318.0,7.5,5.7,96.0
2023-12-12T20:00,59.1,34.5,307.0,6.0,5.3,95.0
2023-12-12T21:00,57.7,33.6,297.0,4.9,5.0,95.0
2023-12-12T22:00,56.8,33.2,288.0,4.2,4.8,95.0
2023-12-12T23:00,63.1,36.7,281.0,3.8,4.6,95.0
2023-12-13T00:00,58.1,33.8,284.0,4.3,4.8,93.0
2023-12-13T01:00,60.5,35.3,289.0,4.9,4.8,95.0
2023-12-13T02:00,63.1,36.9,294.0,5.7,4.9,98.0
2023-12-13T03:00,63.1,36.7,292.0,5.9,5.0,102.0
2023-12-13T04:00,62.9,36.1,273.0,4.9,5.2,107.0
2023-12-13T05:00,62.2,35.7,246.0,3.3,5.3,114.0
2023-12-13T06:00,61.2,35.3,227.0,2.1,5.5,118.0
2023-12-13T07:00,61.5,35.4,222.0,1.7,5.6,119.0
2023-12-13T08:00,61.7,35.5,225.0,1.8,5.7,119.0
2023-12-13T09:00,61.2,35.3,233.0,2.2,5.7,118.0
2023-12-13T10:00,61.5,35.4,248.0,3.2,5.7,117.0
2023-12-13T11:00,63.1,36.6,268.0,4.7,5.6,116.0
2023-12-13T12:00,61.5,36.9,287.0,5.6,5.8,114.0
2023-12-13T13:00,62.2,37.5,300.0,5.9,5.8,113.0
2023-12-13T14:00,62.4,37.7,318.0,6.4,5.7,111.0
2023-12-13T15:00,62.6,37.3,330.0,6.7,5.6,109.0
2023-12-13T16:00,62.6,36.8,333.0,6.8,5.4,108.0
2023-12-13T17:00,62.9,36.0,331.0,6.8,5.0,106.0
2023-12-13T18:00,62.6,34.8,325.0,6.4,4.7,105.0
2023-12-13T19:00,62.2,33.4,314.0,5.5,4.4,104.0
2023-12-13T20:00,61.5,32.4,300.0,4.4,4.1,103.0
2023-12-13T21:00,59.6,31.7,287.0,3.4,3.8,102.0
2023-12-13T22:00,58.2,31.3,275.0,2.7,3.6,102.0
2023-12-13T23:00,56.8,31.1,264.0,2.3,3.3,103.0
2023-12-14T00:00,56.5,31.0,253.0,2.4,3.3,104.0
2023-12-14T01:00,56.1,31.4,263.0,3.5,3.6,105.0
2023-12-14T02:00,56.3,32.1,276.0,4.9,4.0,106.0
2023-12-14T03:00,56.3,32.4,282.0,5.5,4.3,108.0
2023-12-14T04:00,56.0,32.0,272.0,4.6,4.5,113.0
2023-12-14T05:00,54.6,31.7,255.0,2.8,4.5,119.0
2023-12-14T06:00,54.7,31.1,243.0,1.6,4.6,123.0
2023-12-14T07:00,53.8,31.2,240.0,1.3,4.7,124.0
2023-12-14T08:00,53.0,31.7,242.0,1.4,4.7,122.0
2023-12-14T09:00,53.4,31.3,246.0,1.9,4.7,120.0
2023-12-14T10:00,54.4,31.2,253.0,3.0,4.6,116.0
2023-12-14T11:00,54.9,31.5,262.0,4.5,4.4,112.0
2023-12-14T12:00,57.2,32.6,262.0,5.9,4.6,109.0
2023-12-14T13:00,59.8,34.3,267.0,5.9,4.8,109.0
2023-12-14T14:00,64.7,36.3,273.0,5.9,5.2,109.0
2023-12-14T15:00,69.2,37.4,277.0,5.7,5.3,109.0
2023-12-14T16:00,68.0,37.4,276.0,5.3,5.1,108.0
2023-12-14T17:00,65.4,38.5,274.0,4.6,4.7,107.0
2023-12-14T18:00,62.6,37.4,271.0,4.0,4.3,107.0
2023-12-14T19:00,61.2,36.1,269.0,3.3,4.0,107.0
2023-12-14T20:00,62.2,34.1,267.0,2.6,3.7,108.0
2023-12-14T21:00,73.8,32.6,267.0,2.1,3.5,109.0
2023-12-14T22:00,66.8,33.3,269.0,1.9,3.5,109.0
2023-12-14T23:00,67.8,32.8,273.0,1.9,3.6,109.0
2023-12-15T00:00,65.0,31.7,272.0,2.1,3.7,110.0
2023-12-15T01:00,67.1,31.1,275.0,2.8,3.8,109.0
2023-12-15T02:00,61.9,31.4,280.0,3.7,3.8,108.0
2023-12-15T03:00,60.8,31.5,280.0,4.2,3.9,107.0
2023-12-15T04:00,60.5,31.4,272.0,3.9,4.0,107.0
2023-12-15T05:00,60.8,32.7,260.0,3.2,4.1,106.0
2023-12-15T06:00,56.8,32.5,251.0,2.7,4.1,106.0
2023-12-15T07:00,56.3,33.1,248.0,2.4,4.1,106.0
2023-12-15T08:00,54.0,34.6,248.0,2.3,4.1,106.0
2023-12-15T09:00,52.4,35.9,251.0,2.5,4.0,105.0
2023-12-15T10:00,51.6,38.0,258.0,3.3,3.7,104.0
2023-12-15T11:00,51.2,40.5,269.0,4.3,3.3,102.0
2023-12-15T12:00,49.7,28.5,285.0,5.9,2.9,100.0
2023-12-15T13:00,50.4,29.0,282.0,5.7,3.1,98.0
2023-12-15T14:00,48.9,28.1,278.0,5.5,3.3,95.0
2023-12-15T15:00,48.7,27.9,277.0,5.2,3.5,94.0
2023-12-15T16:00,51.0,29.1,281.0,4.9,3.6,96.0
2023-12-15T17:00,54.5,31.0,288.0,4.5,3.7,100.0
2023-12-15T18:00,58.8,33.2,292.0,4.0,3.7,104.0
2023-12-15T19:00,62.2,34.9,291.0,3.2,3.7,107.0
2023-12-15T20:00,63.1,35.5,288.0,2.2,3.6,110.0
2023-12-15T21:00,62.2,35.0,284.0,1.6,3.5,112.0
2023-12-15T22:00,63.1,35.5,280.0,1.5,3.4,111.0
2023-12-15T23:00,62.6,35.3,275.0,1.6,3.2,109.0
2023-12-16T00:00,60.5,34.2,270.0,2.1,3.2,108.0
2023-12-16T01:00,56.8,32.4,269.0,2.7,3.5,109.0
2023-12-16T02:00,58.9,33.5,267.0,3.5,3.9,111.0
2023-12-16T03:00,59.3,33.2,263.0,4.0,4.1,112.0
2023-12-16T04:00,56.1,31.4,256.0,3.7,4.0,112.0
2023-12-16T05:00,53.6,30.0,247.0,3.1,3.8,111.0
2023-12-16T06:00,51.9,29.2,241.0,2.5,3.6,110.0
2023-12-16T07:00,53.8,30.0,239.0,2.1,3.6,110.0
2023-12-16T08:00,54.2,30.3,238.0,1.8,3.8,109.0
2023-12-16T09:00,55.1,30.7,241.0,1.9,3.8,109.0
2023-12-16T10:00,54.9,30.6,248.0,2.7,3.7,108.0
2023-12-16T11:00,55.1,30.7,258.0,3.8,3.5,107.0
2023-12-16T12:00,55.4,31.1,268.0,5.1,3.7,104.0
2023-12-16T13:00,57.9,32.4,267.0,4.9,3.8,104.0
2023-12-16T14:00,59.6,33.3,266.0,4.6,4.0,105.0
2023-12-16T15:00,59.8,33.5,261.0,4.2,4.0,106.0
2023-12-16T16:00,61.2,34.2,252.0,3.8,3.8,107.0
2023-12-16T17:00,61.5,34.5,239.0,3.3,3.5,108.0
2023-12-16T18:00,60.5,34.0,228.0,2.8,3.2,109.0
2023-12-16T19:00,58.1,32.9,218.0,2.3,3.0,110.0
2023-12-16T20:00,57.2,32.5,210.0,1.8,2.9,112.0
2023-12-16T21:00,57.5,32.4,205.0,1.5,2.9,113.0
2023-12-16T22:00,56.3,31.9,204.0,1.5,3.0,114.0
2023-12-16T23:00,54.8,31.1,207.0,1.7,3.2,115.0
2023-12-17T00:00,53.1,30.0,212.0,1.9,3.5,115.0
2023-12-17T01:00,54.4,30.7,219.0,2.4,4.0,118.0
2023-12-17T02:00,56.2,31.5,229.0,3.2,4.7,122.0
2023-12-17T03:00,54.6,30.4,237.0,3.5,5.2,125.0
2023-12-17T04:00,54.5,30.2,239.0,3.1,5.4,127.0
2023-12-17T05:00,54.6,30.2,239.0,2.3,5.4,129.0
2023-12-17T06:00,54.7,30.3,240.0,1.7,5.4,130.0
2023-12-17T07:00,54.4,30.3,243.0,1.5,5.5,131.0
2023-12-17T08:00,55.8,31.2,247.0,1.4,5.5,131.0
2023-12-17T09:00,58.1,32.6,253.0,1.7,5.6,130.0
2023-12-17T10:00,60.3,34.0,261.0,2.6,5.7,129.0
2023-12-17T11:00,62.9,35.6,270.0,3.7,5.7,127.0
2023-12-17T12:00,61.7,35.0,280.0,4.7,5.3,124.0
2023-12-17T13:00,65.2,37.1,283.0,4.6,5.5,124.0
2023-12-17T14:00,68.2,38.9,286.0,4.3,5.6,124.0
2023-12-17T15:00,70.5,40.3,288.0,4.1,5.7,124.0
2023-12-17T16:00,72.6,41.4,287.0,3.8,5.5,124.0
2023-12-17T17:00,74.0,42.1,283.0,3.6,5.1,124.0
2023-12-17T18:00,73.3,41.7,278.0,3.2,4.8,124.0
2023-12-17T19:00,71.5,40.5,271.0,2.7,4.5,123.0
2023-12-17T20:00,68.9,39.1,262.0,2.1,4.3,122.0
2023-12-17T21:00,65.9,37.4,254.0,1.7,4.1,120.0
2023-12-17T22:00,63.6,36.0,249.0,1.7,3.9,117.0
2023-12-17T23:00,61.2,34.7,245.0,1.8,3.8,114.0
2023-12-18T00:00,59.6,33.9,242.0,2.1,3.8,112.0
2023-12-18T01:00,59.1,33.8,241.0,2.6,4.1,113.0
2023-12-18T02:00,58.7,33.9,241.0,3.3,4.4,114.0
2023-12-18T03:00,58.2,33.2,239.0,3.5,4.7,116.0
2023-12-18T04:00,57.7,32.9,233.0,3.0,4.7,117.0
2023-12-18T05:00,58.0,33.2,226.0,2.1,4.6,117.0
2023-12-18T06:00,58.7,33.5,220.0,1.4,4.5,117.0
2023-12-18T07:00,58.8,33.6,216.0,1.2,4.4,115.0
2023-12-18T08:00,59.1,33.9,214.0,1.2,4.2,113.0
2023-12-18T09:00,59.1,34.0,214.0,1.6,4.1,110.0
2023-12-18T10:00,58.9,33.9,217.0,2.7,4.0,107.0
2023-12-18T11:00,58.6,33.6,221.0,4.1,4.0,104.0
2023-12-18T12:00,70.5,41.0,268.0,4.8,4.7,118.0
2023-12-18T13:00,70.8,41.0,268.0,4.9,4.8,118.0
2023-12-18T14:00,70.8,40.9,269.0,4.9,5.0,118.0
2023-12-18T15:00,71.0,41.0,268.0,4.8,5.1,118.0
2023-12-18T16:00,71.5,41.1,265.0,4.4,4.9,118.0
2023-12-18T17:00,71.9,41.3,261.0,3.9,4.6,119.0
2023-12-18T18:00,72.4,41.4,256.0,3.3,4.3,119.0
2023-12-18T19:00,72.6,41.6,251.0,2.7,4.1,119.0
2023-12-18T20:00,72.6,41.6,246.0,2.1,3.9,119.0
2023-12-18T21:00,72.6,41.4,242.0,1.7,3.8,118.0
2023-12-18T22:00,72.2,41.1,239.0,1.5,3.7,116.0
2023-12-18T23:00,69.8,39.8,237.0,1.6,3.6,114.0
2023-12-19T00:00,73.3,41.8,244.0,2.0,4.0,116.0
2023-12-19T01:00,73.1,41.8,245.0,2.5,4.2,117.0
2023-12-19T02:00,72.2,41.3,247.0,3.0,4.4,118.0
2023-12-19T03:00,70.3,40.3,245.0,3.3,4.5,119.0
2023-12-19T04:00,67.8,38.8,238.0,2.9,4.4,119.0
2023-12-19T05:00,65.2,37.4,228.0,2.1,4.3,118.0
2023-12-19T06:00,63.3,36.3,220.0,1.5,4.1,117.0
2023-12-19T07:00,61.9,35.5,216.0,1.3,4.0,115.0
2023-12-19T08:00,61.0,35.0,214.0,1.3,3.9,113.0
2023-12-19T09:00,60.3,34.7,214.0,1.7,3.8,110.0
2023-12-19T10:00,59.8,34.5,218.0,2.8,3.7,106.0
2023-12-19T11:00,59.0,34.1,226.0,4.3,3.5,102.0
2023-12-19T12:00,59.5,34.3,235.0,5.0,3.6,107.0
2023-12-19T13:00,58.3,33.6,235.0,4.9,3.6,106.0
2023-12-19T14:00,55.5,32.0,236.0,4.8,3.5,104.0
2023-12-19T15:00,53.4,30.7,236.0,4.6,3.4,103.0
2023-12-19T16:00,52.7,30.4,235.0,4.3,3.2,102.0
2023-12-19T17:00,53.8,30.9,234.0,4.0,3.0,102.0
2023-12-19T18:00,56.8,32.4,234.0,3.5,2.9,104.0
2023-12-19T19:00,61.0,34.6,237.0,2.8,3.0,108.0
2023-12-19T20:00,65.2,36.7,241.0,2.0,3.2,114.0
2023-12-19T21:00,68.7,38.5,246.0,1.5,3.4,119.0
2023-12-19T22:00,71.0,39.8,251.0,1.3,3.6,122.0
2023-12-19T23:00,72.4,40.5,257.0,1.4,3.9,125.0
2023-12-20T00:00,73.1,41.1,261.0,1.8,3.9,123.0
2023-12-20T01:00,75.0,42.4,266.0,2.3,4.3,126.0
2023-12-20T02:00,75.7,42.8,272.0,2.9,4.8,131.0
2023-12-20T03:00,75.9,42.8,275.0,3.2,5.1,134.0
2023-12-20T04:00,74.5,42.1,271.0,2.9,5.0,135.0
2023-12-20T05:00,73.8,41.9,264.0,2.3,4.7,134.0
2023-12-20T06:00,74.0,42.0,260.0,1.8,4.5,133.0
2023-12-20T07:00,74.7,42.6,260.0,1.6,4.4,132.0
2023-12-20T08:00,76.6,43.7,263.0,1.5,4.2,131.0
2023-12-20T09:00,78.5,44.7,270.0,1.9,4.2,129.0
2023-12-20T10:00,80.6,45.9,283.0,3.1,4.3,127.0
2023-12-20T11:00,83.1,47.3,299.0,4.8,4.4,124.0
2023-12-20T12:00,84.8,48.3,313.0,6.0,4.6,122.0
2023-12-20T13:00,86.4,49.2,323.0,6.4,4.8,121.0
2023-12-20T14:00,87.8,49.9,331.0,6.3,4.9,120.0
2023-12-20T15:00,,50.4,336.0,6.0,5.0,119.0
2023-12-20T16:00,,51.1,337.0,5.6,4.9,119.0
2023-12-20T17:00,,51.6,336.0,5.0,4.8,120.0
2023-12-20T18:00,,51.3,333.0,4.4,4.6,120.0
2023-12-20T19:00,,50.5,328.0,3.6,4.5,120.0
2023-12-20T20:00,87.5,49.6,321.0,2.8,4.3,119.0
2023-12-20T21:00,86.1,48.7,316.0,2.2,4.3,119.0
2023-12-20T22:00,85.2,48.2,314.0,1.8,4.4,120.0
2023-12-20T23:00,87.3,49.2,314.0,1.7,4.5,121.0
2023-12-21T00:00,,52.6,311.0,1.8,5.7,130.0
2023-12-21T01:00,,52.0,315.0,2.6,6.3,130.0
2023-12-21T02:00,,51.1,319.0,3.7,7.2,129.0
2023-12-21T03:00,88.5,50.2,321.0,4.3,8.0,130.0
2023-12-21T04:00,88.2,50.1,317.0,3.8,8.6,132.0
2023-12-21T05:00,88.0,50.3,309.0,2.8,9.1,136.0
2023-12-21T06:00,,50.9,305.0,2.0,9.4,138.0
2023-12-21T07:00,,51.7,306.0,1.7,9.4,139.0
2023-12-21T08:00,,52.2,310.0,1.7,9.3,138.0
2023-12-21T09:00,,53.1,318.0,2.1,9.2,137.0
2023-12-21T10:00,,54.0,333.0,3.3,9.1,135.0
2023-12-21T11:00,,55.1,351.0,4.9,9.1,132.0
2023-12-21T12:00,,55.4,379.0,5.9,9.5,131.0
2023-12-21T13:00,,56.0,388.0,6.1,9.8,130.0
2023-12-21T14:00,,55.9,401.0,6.3,10.3,128.0
2023-12-21T15:00,,55.4,409.0,6.3,10.6,126.0
2023-12-21T16:00,,54.8,408.0,6.1,10.6,125.0
2023-12-21T17:00,,53.9,402.0,5.6,10.4,123.0
2023-12-21T18:00,,52.4,394.0,5.1,10.2,122.0
2023-12-21T19:00,,51.0,384.0,4.4,9.9,121.0
2023-12-21T20:00,87.5,49.8,371.0,3.6,9.6,119.0
2023-12-21T21:00,83.4,48.2,361.0,3.0,9.3,118.0
2023-12-21T22:00,81.5,47.3,353.0,2.7,9.0,116.0
2023-12-21T23:00,79.9,46.4,348.0,2.7,8.8,114.0
2023-12-22T00:00,75.9,44.1,343.0,3.0,8.6,115.0
2023-12-22T01:00,76.8,44.8,351.0,4.0,8.6,116.0
2023-12-22T02:00,78.2,46.1,362.0,5.2,8.5,117.0
2023-12-22T03:00,79.9,46.7,364.0,5.8,8.5,120.0
2023-12-22T04:00,82.2,47.4,349.0,4.9,8.6,126.0
2023-12-22T05:00,84.1,48.4,325.0,3.3,8.7,133.0
2023-12-22T06:00,83.1,48.1,309.0,2.1,8.8,138.0
2023-12-22T07:00,83.8,48.4,306.0,1.7,8.9,139.0
2023-12-22T08:00,84.5,48.9,311.0,1.7,9.0,138.0
2023-12-22T09:00,85.7,49.4,319.0,2.2,9.2,137.0
2023-12-22T10:00,86.8,50.1,331.0,3.4,9.5,135.0
2023-12-22T11:00,87.8,50.5,346.0,5.0,9.9,132.0
2023-12-22T12:00,,53.4,363.0,7.7,10.3,126.0
2023-12-22T13:00,,52.0,374.0,7.9,10.3,126.0
2023-12-22T14:00,85.9,49.8,388.0,8.2,10.2,125.0
2023-12-22T15:00,82.2,47.5,400.0,8.3,10.2,125.0
2023-12-22T16:00,79.2,45.6,407.0,8.2,10.3,125.0
2023-12-22T17:00,78.0,44.8,412.0,7.9,10.3,125.0
2023-12-22T18:00,76.6,44.0,412.0,7.4,10.1,125.0
2023-12-22T19:00,75.4,43.2,406.0,6.4,9.4,124.0
2023-12-22T20:00,74.3,43.1,395.0,5.1,8.5,122.0
2023-12-22T21:00,72.6,42.6,385.0,4.1,7.7,121.0
2023-12-22T22:00,72.4,42.6,376.0,3.4,7.1,120.0
2023-12-22T23:00,72.4,42.7,367.0,3.0,6.6,120.0
2023-12-23T00:00,71.5,42.3,361.0,3.3,6.6,117.0
2023-12-23T01:00,72.2,42.8,376.0,4.8,6.8,117.0
2023-12-23T02:00,74.0,44.1,395.0,6.8,7.1,117.0
2023-12-23T03:00,75.7,44.6,397.0,7.7,7.4,119.0
2023-12-23T04:00,75.2,43.7,367.0,6.5,7.6,126.0
2023-12-23T05:00,71.2,41.2,320.0,4.2,7.8,135.0
2023-12-23T06:00,68.7,39.7,283.0,2.5,7.8,141.0
2023-12-23T07:00,66.8,38.6,268.0,1.9,7.6,141.0
2023-12-23T08:00,65.2,37.7,264.0,1.9,7.3,138.0
2023-12-23T09:00,63.6,36.7,263.0,2.3,6.8,134.0
2023-12-23T10:00,61.5,35.5,264.0,3.2,6.1,130.0
2023-12-23T11:00,59.4,34.3,268.0,4.6,5.3,125.0
2023-12-23T12:00,63.6,37.0,284.0,7.2,5.7,120.0
2023-12-23T13:00,61.9,36.2,288.0,7.6,5.4,117.0
2023-12-23T14:00,60.5,35.4,292.0,8.1,5.0,113.0
2023-12-23T15:00,59.5,34.8,295.0,8.3,4.7,109.0
2023-12-23T16:00,58.9,34.6,295.0,8.1,4.5,106.0
2023-12-23T17:00,58.0,34.1,292.0,7.6,4.3,104.0
2023-12-23T18:00,56.7,33.3,288.0,6.9,4.0,103.0
2023-12-23T19:00,55.3,32.4,279.0,5.7,3.6,103.0
2023-12-23T20:00,54.7,31.9,268.0,4.1,3.1,104.0
2023-12-23T21:00,55.2,32.1,261.0,3.0,2.8,105.0
2023-12-23T22:00,55.5,32.2,259.0,2.4,2.8,106.0
2023-12-23T23:00,54.7,31.9,261.0,2.3,2.9,107.0
2023-12-24T00:00,50.6,29.6,262.0,2.8,2.8,102.0
2023-12-24T01:00,49.1,28.9,273.0,3.7,3.0,101.0
2023-12-24T02:00,46.8,27.8,288.0,4.9,3.4,100.0
2023-12-24T03:00,46.8,27.6,293.0,5.4,3.6,100.0
2023-12-24T04:00,47.0,27.5,279.0,4.6,3.7,104.0
2023-12-24T05:00,45.5,26.4,255.0,3.2,3.7,109.0
2023-12-24T06:00,44.1,25.5,237.0,2.2,3.7,112.0
2023-12-24T07:00,43.7,25.2,230.0,1.9,3.5,111.0
2023-12-24T08:00,43.4,25.0,228.0,1.9,3.3,109.0
2023-12-24T09:00,43.2,24.8,229.0,2.2,3.1,105.0
2023-12-24T10:00,42.0,24.1,232.0,3.1,3.0,101.0
2023-12-24T11:00,39.3,22.6,237.0,4.3,3.0,95.0
2023-12-24T12:00,42.0,24.3,237.0,5.2,3.0,94.0
2023-12-24T13:00,39.6,22.9,239.0,5.2,3.0,92.0
2023-12-24T14:00,39.7,22.9,241.0,5.2,3.0,90.0
2023-12-24T15:00,40.5,23.3,241.0,5.1,2.9,88.0
2023-12-24T16:00,39.5,22.5,238.0,4.8,2.7,87.0
2023-12-24T17:00,39.0,22.3,233.0,4.3,2.4,85.0
2023-12-24T18:00,36.9,21.0,228.0,3.8,2.2,84.0
2023-12-24T19:00,34.2,19.3,223.0,3.2,2.0,83.0
2023-12-24T20:00,33.4,18.8,217.0,2.6,1.8,81.0
2023-12-24T21:00,29.9,16.9,213.0,2.2,1.7,80.0
2023-12-24T22:00,28.2,16.1,210.0,1.9,1.6,79.0
2023-12-24T23:00,28.1,15.9,208.0,1.8,1.6,79.0
2023-12-25T00:00,22.7,13.0,207.0,2.0,1.9,79.0
2023-12-25T01:00,23.0,13.3,211.0,2.5,2.3,79.0
2023-12-25T02:00,25.6,14.8,216.0,3.1,3.0,80.0
2023-12-25T03:00,25.3,14.6,218.0,3.4,3.4,81.0
2023-12-25T04:00,24.6,14.1,216.0,3.1,3.5,83.0
2023-12-25T05:00,24.1,13.8,211.0,2.5,3.5,85.0
2023-12-25T06:00,24.9,14.2,207.0,2.0,3.4,86.0
2023-12-25T07:00,26.8,15.3,206.0,1.7,3.3,87.0
2023-12-25T08:00,28.9,16.4,206.0,1.5,3.1,87.0
2023-12-25T09:00,31.2,17.7,208.0,1.7,2.9,87.0
2023-12-25T10:00,33.5,19.0,214.0,2.6,2.8,87.0
2023-12-25T11:00,36.3,20.6,223.0,3.8,2.6,86.0
2023-12-25T12:00,35.4,20.1,217.0,4.6,2.7,83.0
2023-12-25T13:00,35.4,20.1,221.0,4.8,2.7,83.0
2023-12-25T14:00,34.8,19.8,226.0,5.0,2.8,84.0
2023-12-25T15:00,34.5,19.6,230.0,5.1,2.8,84.0
2023-12-25T16:00,33.4,19.3,231.0,5.1,2.7,83.0
2023-12-25T17:00,33.3,19.2,230.0,4.9,2.6,82.0
2023-12-25T18:00,32.4,18.7,228.0,4.6,2.4,81.0
2023-12-25T19:00,31.3,18.0,223.0,4.1,2.2,79.0
2023-12-25T20:00,30.0,17.4,215.0,3.4,2.1,77.0
2023-12-25T21:00,28.5,16.6,210.0,2.9,2.0,75.0
2023-12-25T22:00,27.9,16.3,207.0,2.6,2.0,73.0
2023-12-25T23:00,27.1,15.9,205.0,2.5,2.0,71.0
2023-12-26T00:00,27.0,15.8,206.0,2.9,2.1,70.0
2023-12-26T01:00,27.5,16.2,218.0,3.8,2.4,70.0
2023-12-26T02:00,28.8,17.1,234.0,5.0,2.8,70.0
2023-12-26T03:00,30.2,17.8,239.0,5.5,3.1,70.0
2023-12-26T04:00,29.4,16.9,224.0,4.7,3.4,72.0
2023-12-26T05:00,28.1,15.9,199.0,3.2,3.6,74.0
2023-12-26T06:00,27.7,15.5,180.0,2.1,3.7,76.0
2023-12-26T07:00,26.5,14.8,174.0,1.6,3.5,76.0
2023-12-26T08:00,26.5,14.7,174.0,1.4,3.2,74.0
2023-12-26T09:00,26.8,14.9,176.0,1.6,2.9,73.0
2023-12-26T10:00,27.5,15.4,179.0,2.4,2.8,71.0
2023-12-26T11:00,28.5,15.9,184.0,3.5,2.8,70.0
2023-12-26T12:00,32.0,18.2,188.0,4.6,2.9,66.0
2023-12-26T13:00,32.0,18.2,196.0,5.2,2.9,66.0
2023-12-26T14:00,32.1,18.3,206.0,6.0,3.0,65.0
2023-12-26T15:00,32.1,18.3,214.0,6.5,3.0,65.0
2023-12-26T16:00,32.0,18.2,216.0,6.4,2.9,66.0
2023-12-26T17:00,32.1,18.3,215.0,5.9,2.7,67.0
2023-12-26T18:00,32.6,18.6,213.0,5.3,2.5,69.0
2023-12-26T19:00,33.4,19.0,208.0,4.4,2.2,71.0
2023-12-26T20:00,34.6,19.7,202.0,3.4,1.9,73.0
2023-12-26T21:00,35.0,20.0,198.0,2.6,1.7,74.0
2023-12-26T22:00,34.9,20.0,196.0,2.2,1.6,75.0
2023-12-26T23:00,34.6,19.7,197.0,2.1,1.7,75.0
2023-12-27T00:00,32.8,18.8,201.0,2.5,1.9,73.0
2023-12-27T01:00,32.7,18.8,213.0,3.3,2.2,74.0
2023-12-27T02:00,33.5,19.4,229.0,4.4,2.5,75.0
2023-12-27T03:00,34.5,19.8,236.0,4.9,2.8,77.0
2023-12-27T04:00,33.3,19.0,226.0,4.1,2.9,81.0
2023-12-27T05:00,32.1,18.3,208.0,2.6,2.9,86.0
2023-12-27T06:00,32.5,18.6,195.0,1.5,2.9,90.0
2023-12-27T07:00,33.6,19.2,194.0,1.2,2.9,92.0
2023-12-27T08:00,34.9,19.9,198.0,1.2,2.9,92.0
2023-12-27T09:00,36.0,20.5,203.0,1.6,2.9,91.0
2023-12-27T10:00,36.7,20.8,209.0,2.4,2.8,89.0
2023-12-27T11:00,36.7,20.9,216.0,3.6,2.7,86.0
2023-12-27T12:00,34.8,19.7,237.0,4.4,3.2,89.0
2023-12-27T13:00,33.8,19.0,238.0,4.5,3.2,88.0
2023-12-27T14:00,33.2,18.7,239.0,4.6,3.1,88.0
2023-12-27T15:00,33.1,18.6,239.0,4.6,3.0,87.0
2023-12-27T16:00,34.8,19.6,238.0,4.5,2.9,86.0
2023-12-27T17:00,35.3,19.9,237.0,4.3,2.7,86.0
2023-12-27T18:00,36.6,20.7,235.0,4.0,2.5,85.0
2023-12-27T19:00,36.7,20.7,230.0,3.4,2.3,84.0
2023-12-27T20:00,34.7,19.7,225.0,2.8,2.0,83.0
2023-12-27T21:00,33.5,19.0,221.0,2.3,1.9,82.0
2023-12-27T22:00,33.4,18.9,220.0,2.1,1.9,81.0
2023-12-27T23:00,33.4,19.0,222.0,2.2,1.9,80.0
2023-12-28T00:00,33.3,18.9,219.0,2.2,2.0,82.0
2023-12-28T01:00,34.0,19.3,225.0,2.8,2.3,82.0
2023-12-28T02:00,34.9,20.0,232.0,3.5,2.7,83.0
2023-12-28T03:00,35.2,19.9,235.0,3.9,3.0,84.0
2023-12-28T04:00,34.2,19.3,229.0,3.4,3.2,86.0
2023-12-28T05:00,33.2,18.7,219.0,2.6,3.3,89.0
2023-12-28T06:00,32.9,18.5,211.0,1.9,3.4,90.0
2023-12-28T07:00,32.5,18.2,208.0,1.6,3.4,89.0
2023-12-28T08:00,32.1,18.0,207.0,1.5,3.3,87.0
2023-12-28T09:00,32.2,18.0,208.0,1.7,3.2,85.0
2023-12-28T10:00,32.4,18.1,211.0,2.5,3.2,82.0
2023-12-28T11:00,32.2,18.0,216.0,3.5,3.2,80.0
2023-12-28T12:00,40.9,23.1,223.0,4.7,3.3,80.0
2023-12-28T13:00,39.8,22.5,225.0,4.8,3.2,79.0
2023-12-28T14:00,38.2,21.5,229.0,4.9,3.1,77.0
2023-12-28T15:00,36.3,20.4,231.0,5.0,3.0,76.0
2023-12-28T16:00,34.7,19.4,231.0,5.0,2.9,75.0
2023-12-28T17:00,33.6,18.9,231.0,4.9,2.7,73.0
2023-12-28T18:00,33.1,18.5,228.0,4.6,2.5,72.0
2023-12-28T19:00,32.1,18.0,222.0,4.0,2.3,71.0
2023-12-28T20:00,32.5,18.1,215.0,3.1,2.0,71.0
2023-12-28T21:00,31.0,17.3,209.0,2.5,1.8,71.0
2023-12-28T22:00,29.8,16.7,206.0,2.2,1.7,71.0
2023-12-28T23:00,29.5,16.5,204.0,2.0,1.8,71.0
2023-12-29T00:00,28.6,16.0,203.0,2.0,1.8,71.0
2023-12-29T01:00,28.5,16.1,207.0,2.4,2.0,72.0
2023-12-29T02:00,28.9,16.3,212.0,2.9,2.3,74.0
2023-12-29T03:00,27.6,15.5,215.0,3.1,2.6,76.0
2023-12-29T04:00,27.2,15.1,215.0,2.8,2.8,78.0
2023-12-29T05:00,27.7,15.4,213.0,2.4,3.0,80.0
2023-12-29T06:00,28.5,15.7,212.0,2.0,3.1,82.0
2023-12-29T07:00,29.3,16.2,212.0,1.9,3.2,83.0
2023-12-29T08:00,29.4,16.2,213.0,1.9,3.3,82.0
2023-12-29T09:00,29.4,16.2,216.0,2.2,3.4,82.0
2023-12-29T10:00,30.0,16.4,223.0,3.1,3.4,81.0
2023-12-29T11:00,31.3,17.1,232.0,4.3,3.3,80.0
2023-12-29T12:00,33.4,18.4,240.0,5.2,3.3,77.0
2023-12-29T13:00,35.4,19.5,245.0,5.3,3.4,78.0
2023-12-29T14:00,37.0,20.5,252.0,5.5,3.5,80.0
2023-12-29T15:00,39.0,21.7,258.0,5.5,3.6,81.0
2023-12-29T16:00,41.8,23.3,261.0,5.4,3.7,82.0
2023-12-29T17:00,42.6,24.0,263.0,5.1,3.7,82.0
2023-12-29T18:00,43.1,24.4,264.0,4.7,3.7,83.0
2023-12-29T19:00,44.6,25.2,262.0,3.9,3.6,85.0
2023-12-29T20:00,45.8,25.9,260.0,2.9,3.5,87.0
2023-12-29T21:00,46.8,26.5,259.0,2.2,3.5,89.0
2023-12-29T22:00,48.7,27.7,261.0,1.9,3.6,91.0
2023-12-29T23:00,51.0,29.1,266.0,1.8,3.8,93.0
2023-12-30T00:00,49.4,28.2,264.0,2.0,3.6,94.0
2023-12-30T01:00,51.3,29.5,273.0,2.6,4.0,96.0
2023-12-30T02:00,54.7,31.5,286.0,3.5,4.6,100.0
2023-12-30T03:00,57.7,33.1,293.0,3.9,5.1,103.0
2023-12-30T04:00,59.0,33.8,288.0,3.4,5.3,106.0
2023-12-30T05:00,57.2,32.7,277.0,2.5,5.5,108.0
2023-12-30T06:00,56.9,32.6,269.0,1.8,5.5,109.0
2023-12-30T07:00,57.2,32.8,266.0,1.5,5.5,109.0
2023-12-30T08:00,58.6,33.8,265.0,1.5,5.4,108.0
2023-12-30T09:00,61.0,35.3,269.0,1.8,5.3,106.0
2023-12-30T10:00,64.3,37.3,279.0,2.7,5.2,104.0
2023-12-30T11:00,68.0,39.6,293.0,4.0,5.0,102.0
2023-12-30T12:00,56.8,33.1,292.0,5.3,4.9,94.0
2023-12-30T13:00,57.5,33.6,300.0,5.6,4.8,94.0
2023-12-30T14:00,57.6,33.8,312.0,5.9,4.6,94.0
2023-12-30T15:00,58.4,34.3,320.0,6.2,4.4,94.0
2023-12-30T16:00,59.8,35.2,324.0,6.3,4.3,94.0
2023-12-30T17:00,61.2,36.0,325.0,6.3,4.2,95.0
2023-12-30T18:00,61.7,36.2,322.0,6.0,4.1,95.0
2023-12-30T19:00,61.7,36.2,314.0,5.3,3.9,95.0
2023-12-30T20:00,61.9,36.2,303.0,4.3,3.7,94.0
2023-12-30T21:00,60.8,35.7,294.0,3.5,3.6,94.0
2023-12-30T22:00,59.8,35.4,287.0,3.0,3.5,93.0
2023-12-30T23:00,59.5,35.3,281.0,2.7,3.5,93.0
2023-12-31T00:00,57.3,33.6,276.0,3.0,3.5,92.0
2023-12-31T01:00,57.6,34.2,290.0,4.2,3.8,91.0
2023-12-31T02:00,59.3,35.4,309.0,5.7,4.3,91.0
2023-12-31T03:00,61.7,36.6,317.0,6.4,4.7,92.0
2023-12-31T04:00,63.3,37.0,303.0,5.4,5.0,97.0
2023-12-31T05:00,63.6,37.0,279.0,3.5,5.2,103.0
2023-12-31T06:00,65.7,38.3,262.0,2.0,5.3,108.0
2023-12-31T07:00,68.5,39.9,261.0,1.5,5.3,109.0
2023-12-31T08:00,71.0,41.6,268.0,1.4,5.1,108.0
2023-12-31T09:00,73.3,42.8,277.0,1.7,5.0,106.0
2023-12-31T10:00,75.0,43.9,287.0,2.6,5.0,105.0
2023-12-31T11:00,77.3,45.3,300.0,3.9,5.0,103.0
2023-12-31T12:00,76.8,45.2,330.0,5.3,5.2,102.0
2023-12-31T13:00,76.1,44.7,344.0,5.9,5.2,102.0
2023-12-31T14:00,74.3,43.7,363.0,6.8,5.2,101.0
2023-12-31T15:00,73.6,43.2,379.0,7.7,5.3,101.0
2023-12-31T16:00,74.5,43.8,390.0,8.6,5.6,101.0
2023-12-31T17:00,77.3,45.5,399.0,9.5,6.0,100.0
2023-12-31T18:00,80.8,47.6,401.0,9.7,6.1,100.0
2023-12-31T19:00,84.1,49.6,394.0,8.5,5.7,100.0
2023-12-31T20:00,86.1,51.0,380.0,6.6,5.1,101.0
2023-12-31T21:00,86.6,51.5,369.0,5.0,4.6,102.0
2023-12-31T22:00,88.2,52.5,360.0,3.9,4.4,103.0
2023-12-31T23:00,,53.6,353.0,3.1,4.4,105.0
2024-01-01T00:00,,53.2,351.0,3.9,4.5,103.0
2024-01-01T01:00,,55.5,364.0,4.8,4.8,103.0
2024-01-01T02:00,,,380.0,6.0,5.1,104.0
2024-01-01T03:00,,,386.0,6.4,5.5,106.0
2024-01-01T04:00,,,371.0,5.4,5.9,112.0
2024-01-01T05:00,,,346.0,3.6,6.3,120.0
2024-01-01T06:00,,,326.0,2.2,6.5,125.0
2024-01-01T07:00,,56.1,319.0,1.7,6.3,125.0
2024-01-01T08:00,,54.8,317.0,1.6,5.9,122.0
2024-01-01T09:00,,53.4,316.0,1.9,5.5,119.0
2024-01-01T10:00,,52.0,313.0,2.7,5.2,115.0
2024-01-01T11:00,85.2,49.7,311.0,3.8,4.9,111.0
2024-01-01T12:00,75.2,44.2,312.0,5.0,4.8,108.0
2024-01-01T13:00,70.3,41.2,315.0,5.7,4.8,107.0
2024-01-01T14:00,66.4,38.8,318.0,6.6,4.8,105.0
2024-01-01T15:00,63.3,36.9,320.0,7.2,4.7,104.0
2024-01-01T16:00,61.5,35.6,320.0,7.3,4.5,104.0
2024-01-01T17:00,60.5,34.9,318.0,7.1,4.2,105.0
2024-01-01T18:00,59.6,34.3,315.0,6.6,4.0,106.0
2024-01-01T19:00,58.4,33.5,308.0,5.7,3.8,107.0
2024-01-01T20:00,58.0,33.3,299.0,4.6,3.5,109.0
2024-01-01T21:00,58.0,33.2,293.0,3.8,3.4,109.0
2024-01-01T22:00,58.6,33.5,292.0,3.5,3.4,107.0
2024-01-01T23:00,59.1,34.1,294.0,3.5,3.5,105.0
2024-01-02T00:00,61.9,35.7,297.0,2.9,3.4,110.0
2024-01-02T01:00,65.0,37.7,321.0,4.6,3.9,109.0
2024-01-02T02:00,68.7,40.3,352.0,6.8,4.6,108.0
2024-01-02T03:00,72.2,42.3,371.0,7.9,5.1,109.0
2024-01-02T04:00,75.0,43.8,363.0,6.6,5.4,114.0
2024-01-02T05:00,77.1,44.7,341.0,4.0,5.5,122.0
2024-01-02T06:00,77.5,45.1,325.0,2.1,5.6,127.0
2024-01-02T07:00,78.2,45.4,323.0,1.4,5.5,128.0
2024-01-02T08:00,78.5,45.5,327.0,1.4,5.4,126.0
2024-01-02T09:00,78.0,45.2,332.0,1.8,5.2,124.0
2024-01-02T10:00,76.4,44.2,338.0,2.9,5.1,122.0
2024-01-02T11:00,74.7,43.3,346.0,4.5,4.9,119.0
2024-01-02T12:00,80.3,46.7,348.0,5.7,5.1,116.0
2024-01-02T13:00,76.6,44.5,354.0,6.5,5.2,116.0
2024-01-02T14:00,73.6,42.7,362.0,7.7,5.4,115.0
2024-01-02T15:00,71.7,41.6,367.0,8.5,5.4,114.0
2024-01-02T16:00,71.5,41.4,367.0,8.9,5.3,112.0
2024-01-02T17:00,71.0,41.2,364.0,9.1,5.1,111.0
2024-01-02T18:00,69.6,40.4,356.0,8.7,4.8,109.0
2024-01-02T19:00,67.5,39.2,338.0,7.3,4.2,108.0
2024-01-02T20:00,66.1,38.4,314.0,5.3,3.5,108.0
2024-01-02T21:00,65.0,37.7,295.0,3.9,3.0,107.0
2024-01-02T22:00,63.8,37.0,284.0,3.3,2.9,105.0
2024-01-02T23:00,63.1,36.7,278.0,3.3,3.0,103.0
2024-01-03T00:00,63.1,36.7,275.0,3.3,2.8,103.0
2024-01-03T01:00,63.1,36.9,293.0,5.1,3.2,101.0
2024-01-03T02:00,63.8,37.4,316.0,7.5,3.7,98.0
2024-01-03T03:00,63.6,37.1,323.0,8.6,4.1,97.0
2024-01-03T04:00,61.0,35.3,298.0,7.1,4.3,100.0
2024-01-03T05:00,58.9,33.9,257.0,4.3,4.3,106.0
2024-01-03T06:00,56.7,32.6,225.0,2.2,4.2,109.0
2024-01-03T07:00,55.8,32.0,214.0,1.5,4.0,108.0
2024-01-03T08:00,54.6,31.3,213.0,1.5,3.7,104.0
2024-01-03T09:00,53.3,30.5,215.0,1.9,3.5,100.0
2024-01-03T10:00,51.6,29.5,217.0,2.8,3.4,96.0
2024-01-03T11:00,49.6,28.3,221.0,4.2,3.4,92.0
2024-01-03T12:00,61.2,35.2,243.0,6.7,3.4,90.0
2024-01-03T13:00,60.3,34.7,245.0,6.9,3.4,90.0
2024-01-03T14:00,58.8,33.5,246.0,7.1,3.3,89.0
2024-01-03T15:00,53.6,30.3,246.0,7.1,3.2,89.0
2024-01-03T16:00,48.7,27.3,241.0,6.7,3.0,89.0
2024-01-03T17:00,45.3,25.2,234.0,6.0,2.8,89.0
2024-01-03T18:00,43.0,23.9,228.0,5.3,2.6,89.0
2024-01-03T19:00,42.3,23.5,223.0,4.7,2.4,89.0
2024-01-03T20:00,40.6,22.6,219.0,4.0,2.2,90.0
2024-01-03T21:00,40.4,22.5,216.0,3.5,2.1,90.0
2024-01-03T22:00,40.9,22.8,214.0,3.1,2.1,90.0
2024-01-03T23:00,41.0,22.9,214.0,2.9,2.1,90.0
2024-01-04T00:00,37.0,20.5,202.0,2.7,2.1,91.0
2024-01-04T01:00,39.1,21.8,208.0,3.5,2.6,92.0
2024-01-04T02:00,40.3,22.6,216.0,4.5,3.3,94.0
2024-01-04T03:00,49.4,27.4,220.0,5.0,3.9,95.0
2024-01-04T04:00,40.9,22.7,215.0,4.4,4.1,97.0
2024-01-04T05:00,39.5,22.0,206.0,3.2,4.2,98.0
2024-01-04T06:00,39.8,22.3,200.0,2.4,4.2,99.0
2024-01-04T07:00,40.3,22.6,199.0,2.2,4.1,98.0
2024-01-04T08:00,41.7,23.6,201.0,2.2,4.0,95.0
2024-01-04T09:00,42.7,24.4,206.0,2.6,3.8,93.0
2024-01-04T10:00,46.2,26.5,217.0,3.5,3.5,91.0
2024-01-04T11:00,58.3,33.8,231.0,4.6,3.2,89.0
2024-01-04T12:00,69.8,41.0,268.0,6.4,3.4,92.0
2024-01-04T13:00,72.4,42.5,278.0,7.1,3.5,92.0
2024-01-04T14:00,73.1,42.8,291.0,7.9,3.7,92.0
2024-01-04T15:00,69.4,40.6,300.0,8.6,3.8,91.0
2024-01-04T16:00,65.9,38.4,303.0,8.9,3.9,90.0
2024-01-04T17:00,63.8,37.3,302.0,8.9,3.9,89.0
2024-01-04T18:00,65.4,38.1,298.0,8.6,3.8,88.0
2024-01-04T19:00,58.9,34.1,291.0,7.7,3.6,88.0
2024-01-04T20:00,57.4,33.2,280.0,6.5,3.3,89.0
2024-01-04T21:00,53.6,30.9,271.0,5.4,3.0,89.0
2024-01-04T22:00,50.5,29.0,262.0,4.6,2.8,89.0
2024-01-04T23:00,46.8,27.1,253.0,3.9,2.8,88.0
2024-01-05T00:00,42.5,24.2,237.0,2.5,2.0,94.0
2024-01-05T01:00,42.4,24.3,263.0,5.2,2.5,90.0
2024-01-05T02:00,42.7,25.0,297.0,8.9,3.2,84.0
2024-01-05T03:00,43.7,25.8,314.0,10.9,4.0,81.0
2024-01-05T04:00,43.1,25.1,296.0,9.8,4.9,85.0
2024-01-05T05:00,41.9,24.2,259.0,7.1,5.8,92.0
2024-01-05T06:00,40.6,23.3,231.0,4.8,6.4,98.0
2024-01-05T07:00,38.3,22.0,220.0,3.7,6.4,100.0
2024-01-05T08:00,37.4,21.4,217.0,3.1,6.0,99.0
2024-01-05T09:00,36.4,20.8,217.0,3.0,5.6,98.0
2024-01-05T10:00,35.2,20.1,218.0,3.6,5.2,95.0
2024-01-05T11:00,33.9,19.4,222.0,4.7,4.7,91.0
2024-01-05T12:00,39.2,22.6,235.0,6.2,3.9,85.0
2024-01-05T13:00,40.4,23.3,240.0,6.4,3.7,84.0
2024-01-05T14:00,42.4,24.3,246.0,6.7,3.5,84.0
2024-01-05T15:00,45.2,25.8,248.0,6.8,3.2,83.0
2024-01-05T16:00,46.6,26.7,244.0,6.5,3.0,83.0
2024-01-05T17:00,47.6,27.2,236.0,6.0,2.8,83.0
2024-01-05T18:00,47.0,26.8,226.0,5.4,2.6,83.0
2024-01-05T19:00,46.1,26.2,214.0,4.5,2.3,83.0
2024-01-05T20:00,44.4,25.1,200.0,3.4,1.9,83.0
2024-01-05T21:00,43.3,24.5,189.0,2.6,1.7,83.0
2024-01-05T22:00,40.9,23.2,182.0,2.2,1.6,83.0
2024-01-05T23:00,39.8,22.6,179.0,2.0,1.6,83.0
2024-01-06T00:00,33.2,18.7,172.0,1.8,1.7,83.0
2024-01-06T01:00,35.0,19.7,178.0,2.6,2.1,84.0
2024-01-06T02:00,38.8,21.8,187.0,3.6,2.5,85.0
2024-01-06T03:00,41.4,23.1,191.0,4.1,2.9,86.0
2024-01-06T04:00,41.2,22.8,188.0,3.6,3.0,88.0
2024-01-06T05:00,39.2,21.7,180.0,2.5,2.9,90.0
2024-01-06T06:00,39.9,22.1,174.0,1.8,2.9,90.0
2024-01-06T07:00,39.6,21.9,171.0,1.8,3.0,88.0
2024-01-06T08:00,39.0,21.6,169.0,2.1,3.1,85.0
2024-01-06T09:00,39.6,21.9,168.0,2.5,3.1,82.0
2024-01-06T10:00,37.4,20.6,169.0,3.0,3.0,80.0
2024-01-06T11:00,36.3,20.0,171.0,3.7,2.8,78.0
2024-01-06T12:00,40.3,21.9,181.0,4.2,2.3,78.0
2024-01-06T13:00,40.0,21.8,180.0,4.0,2.3,78.0
2024-01-06T14:00,39.0,21.2,179.0,3.6,2.3,78.0
2024-01-06T15:00,38.5,21.0,178.0,3.4,2.3,78.0
2024-01-06T16:00,37.3,20.3,178.0,3.5,2.3,77.0
2024-01-06T17:00,37.6,20.5,179.0,3.6,2.3,77.0
2024-01-06T18:00,36.2,19.7,178.0,3.6,2.2,76.0
2024-01-06T19:00,34.6,18.8,174.0,3.1,2.0,76.0
2024-01-06T20:00,33.5,18.2,168.0,2.5,1.9,76.0
2024-01-06T21:00,33.1,17.9,163.0,2.0,1.7,76.0
2024-01-06T22:00,32.4,17.6,160.0,1.6,1.6,76.0
2024-01-06T23:00,31.1,17.0,158.0,1.4,1.5,77.0
2024-01-07T00:00,30.7,16.5,160.0,1.8,1.6,77.0
2024-01-07T01:00,33.1,17.8,172.0,3.1,1.8,76.0
2024-01-07T02:00,32.6,17.8,188.0,5.0,2.1,74.0
2024-01-07T03:00,34.1,18.7,198.0,6.1,2.4,73.0
2024-01-07T04:00,35.2,19.4,198.0,5.9,2.6,74.0
2024-01-07T05:00,36.2,20.0,192.0,4.9,2.7,76.0
2024-01-07T06:00,34.9,19.3,186.0,4.1,2.8,77.0
2024-01-07T07:00,32.2,17.9,181.0,3.6,2.9,76.0
2024-01-07T08:00,27.0,15.1,177.0,3.2,2.9,74.0
2024-01-07T09:00,22.9,12.8,177.0,3.3,2.9,72.0
2024-01-07T10:00,21.1,11.8,184.0,4.2,2.8,70.0
2024-01-07T11:00,21.5,12.2,195.0,5.7,2.7,69.0
2024-01-07T12:00,38.3,21.9,207.0,5.5,2.2,83.0
2024-01-07T13:00,41.4,23.7,205.0,4.9,2.2,83.0
2024-01-07T14:00,40.4,23.2,203.0,4.1,2.2,83.0
2024-01-07T15:00,37.5,21.5,200.0,3.5,2.2,82.0
2024-01-07T16:00,34.1,19.6,197.0,3.2,2.1,79.0
2024-01-07T17:00,29.9,17.1,195.0,3.1,1.9,75.0
2024-01-07T18:00,27.1,15.3,192.0,2.9,1.8,72.0
2024-01-07T19:00,27.6,15.5,188.0,2.5,1.7,71.0
2024-01-07T20:00,26.7,14.9,185.0,2.0,1.6,71.0
2024-01-07T21:00,23.1,13.0,182.0,1.7,1.5,72.0
2024-01-07T22:00,23.2,13.1,180.0,1.5,1.5,74.0
2024-01-07T23:00,25.8,14.5,178.0,1.4,1.6,76.0
2024-01-08T00:00,28.9,16.6,178.0,1.4,1.5,81.0
2024-01-08T01:00,28.6,16.4,186.0,2.8,1.7,78.0
2024-01-08T02:00,30.4,17.2,196.0,4.7,2.1,75.0
2024-01-08T03:00,32.2,18.0,202.0,5.9,2.4,72.0
2024-01-08T04:00,31.4,17.6,200.0,5.8,2.6,71.0
2024-01-08T05:00,31.4,17.5,193.0,5.0,2.8,71.0
2024-01-08T06:00,31.3,17.5,189.0,4.3,2.9,72.0
2024-01-08T07:00,34.5,19.2,187.0,3.8,3.0,74.0
2024-01-08T08:00,37.0,20.7,187.0,3.4,3.1,76.0
2024-01-08T09:00,40.3,22.7,194.0,3.3,3.1,79.0
2024-01-08T10:00,43.4,24.8,212.0,3.9,3.0,82.0
2024-01-08T11:00,46.9,27.0,236.0,4.8,2.8,84.0
2024-01-08T12:00,51.0,29.9,295.0,6.0,2.9,93.0
2024-01-08T13:00,53.1,31.2,300.0,5.9,3.0,94.0
2024-01-08T14:00,53.9,31.7,307.0,5.7,3.2,94.0
2024-01-08T15:00,53.7,31.5,311.0,5.4,3.3,95.0
2024-01-08T16:00,53.4,31.4,311.0,5.1,3.3,95.0
2024-01-08T17:00,53.9,31.7,309.0,4.8,3.2,95.0
2024-01-08T18:00,54.6,32.0,306.0,4.4,3.1,95.0
2024-01-08T19:00,55.5,32.5,302.0,3.8,2.9,95.0
2024-01-08T20:00,56.0,32.8,298.0,3.1,2.7,95.0
2024-01-08T21:00,56.0,32.8,294.0,2.6,2.6,95.0
2024-01-08T22:00,55.5,32.5,290.0,2.3,2.5,95.0
2024-01-08T23:00,54.6,31.9,285.0,2.1,2.5,94.0
2024-01-09T00:00,56.0,32.7,287.0,2.3,2.6,94.0
2024-01-09T01:00,56.2,32.8,287.0,2.8,2.9,94.0
2024-01-09T02:00,56.1,32.8,286.0,3.5,3.3,95.0
2024-01-09T03:00,54.7,31.9,285.0,3.8,3.6,96.0
2024-01-09T04:00,53.3,31.0,281.0,3.3,3.6,98.0
2024-01-09T05:00,51.5,29.8,276.0,2.4,3.5,100.0
2024-01-09T06:00,51.6,29.9,273.0,1.7,3.4,102.0
2024-01-09T07:00,53.4,31.1,275.0,1.4,3.4,102.0
2024-01-09T08:00,56.0,32.8,280.0,1.3,3.4,102.0
2024-01-09T09:00,58.8,34.7,285.0,1.6,3.4,101.0
2024-01-09T10:00,62.4,37.0,290.0,2.7,3.4,99.0
2024-01-09T11:00,65.9,39.3,295.0,4.2,3.5,96.0
2024-01-09T12:00,72.6,43.7,294.0,4.8,3.3,94.0
2024-01-09T13:00,73.8,44.5,298.0,5.3,3.3,93.0
2024-01-09T14:00,71.7,43.2,303.0,5.9,3.3,91.0
2024-01-09T15:00,67.3,40.5,305.0,6.2,3.3,90.0
2024-01-09T16:00,62.4,37.4,301.0,5.9,3.2,89.0
2024-01-09T17:00,57.7,34.3,294.0,5.1,3.0,89.0
2024-01-09T18:00,54.0,31.9,286.0,4.4,2.8,89.0
2024-01-09T19:00,50.6,29.8,277.0,3.6,2.6,89.0
2024-01-09T20:00,47.8,28.0,267.0,2.8,2.3,90.0
2024-01-09T21:00,45.9,26.7,260.0,2.2,2.2,90.0
2024-01-09T22:00,44.5,25.8,255.0,1.9,2.2,90.0
2024-01-09T23:00,43.7,25.3,254.0,1.8,2.4,90.0
2024-01-10T00:00,42.5,24.6,256.0,2.5,2.6,88.0
2024-01-10T01:00,43.3,25.1,270.0,3.8,2.9,88.0
2024-01-10T02:00,44.2,26.0,288.0,5.5,3.2,88.0
2024-01-10T03:00,45.5,26.7,299.0,6.3,3.6,90.0
2024-01-10T04:00,46.0,26.8,294.0,5.3,4.0,94.0
2024-01-10T05:00,46.7,27.2,282.0,3.3,4.3,99.0
2024-01-10T06:00,48.9,28.7,274.0,1.9,4.6,103.0
2024-01-10T07:00,51.1,30.2,275.0,1.3,4.7,104.0
2024-01-10T08:00,53.0,31.4,280.0,1.3,4.6,103.0
2024-01-10T09:00,54.9,32.7,288.0,1.9,4.6,101.0
2024-01-10T10:00,56.2,33.6,300.0,3.5,4.6,96.0
2024-01-10T11:00,57.5,34.6,315.0,5.7,4.6,90.0
2024-01-10T12:00,59.6,36.1,312.0,7.4,4.5,84.0
2024-01-10T13:00,61.2,37.3,326.0,8.5,4.6,82.0
2024-01-10T14:00,62.4,38.1,345.0,10.0,4.6,80.0
2024-01-10T15:00,63.3,38.6,358.0,10.8,4.6,78.0
2024-01-10T16:00,63.3,38.8,359.0,10.4,4.4,78.0
2024-01-10T17:00,62.6,38.3,353.0,9.4,4.1,79.0
2024-01-10T18:00,60.8,37.1,344.0,8.2,3.8,80.0
2024-01-10T19:00,58.2,35.5,331.0,6.8,3.4,81.0
2024-01-10T20:00,56.2,34.3,315.0,5.2,3.0,81.0
2024-01-10T21:00,54.5,33.4,302.0,4.0,2.8,82.0
2024-01-10T22:00,53.1,32.5,292.0,3.3,2.7,82.0
2024-01-10T23:00,51.7,31.5,285.0,3.0,2.8,82.0
2024-01-11T00:00,50.5,31.1,299.0,4.1,3.4,79.0
2024-01-11T01:00,49.9,30.9,309.0,4.8,3.7,80.0
2024-01-11T02:00,50.6,31.3,321.0,5.8,4.1,81.0
2024-01-11T03:00,51.1,31.3,325.0,6.1,4.6,84.0
2024-01-11T04:00,49.6,29.9,312.0,5.0,5.2,89.0
2024-01-11T05:00,48.5,29.3,289.0,3.2,5.8,96.0
2024-01-11T06:00,48.8,29.4,273.0,1.9,6.2,100.0
2024-01-11T07:00,49.5,29.8,268.0,1.4,6.3,101.0
2024-01-11T08:00,50.3,30.4,269.0,1.5,6.2,99.0
2024-01-11T09:00,51.5,31.0,273.0,1.9,6.1,97.0
2024-01-11T10:00,52.6,31.7,280.0,2.9,6.0,94.0
2024-01-11T11:00,54.0,32.5,291.0,4.3,5.8,90.0
2024-01-11T12:00,51.9,31.4,300.0,5.6,5.2,85.0
2024-01-11T13:00,55.6,33.8,315.0,6.8,5.4,84.0
2024-01-11T14:00,59.1,35.9,336.0,8.4,5.7,83.0
2024-01-11T15:00,62.4,37.8,354.0,9.5,5.9,82.0
2024-01-11T16:00,64.7,39.3,364.0,9.7,6.1,83.0
2024-01-11T17:00,66.8,40.9,371.0,9.5,6.2,85.0
2024-01-11T18:00,69.2,42.3,375.0,9.0,6.2,87.0
2024-01-11T19:00,71.2,43.5,376.0,8.3,6.1,88.0
2024-01-11T20:00,71.2,43.5,375.0,7.5,5.9,89.0
2024-01-11T21:00,71.2,43.5,373.0,6.7,5.7,89.0
2024-01-11T22:00,71.0,43.4,367.0,6.0,5.4,89.0
2024-01-11T23:00,70.8,43.2,359.0,5.3,5.1,89.0
2024-01-12T00:00,72.2,43.9,351.0,4.5,5.4,93.0
2024-01-12T01:00,73.1,44.2,362.0,5.6,5.8,94.0
2024-01-12T02:00,74.0,44.9,377.0,7.1,6.5,97.0
2024-01-12T03:00,75.4,45.3,381.0,7.6,7.1,101.0
2024-01-12T04:00,77.8,46.0,363.0,6.2,7.7,109.0
2024-01-12T05:00,78.2,45.9,334.0,3.9,8.3,120.0
2024-01-12T06:00,78.5,46.0,314.0,2.2,8.8,127.0
2024-01-12T07:00,79.4,46.6,311.0,1.6,9.2,129.0
2024-01-12T08:00,80.3,47.1,318.0,1.6,9.5,127.0
2024-01-12T09:00,82.2,48.3,328.0,2.1,9.7,125.0
2024-01-12T10:00,84.3,49.6,340.0,3.2,9.6,122.0
2024-01-12T11:00,86.8,51.0,357.0,4.8,9.3,119.0
2024-01-12T12:00,81.0,47.3,379.0,6.1,8.6,120.0
2024-01-12T13:00,85.0,49.4,393.0,7.0,8.6,119.0
2024-01-12T14:00,88.5,51.5,413.0,8.2,8.7,117.0
2024-01-12T15:00,,53.1,432.0,9.3,8.9,116.0
2024-01-12T16:00,,54.8,449.0,10.4,9.3,116.0
2024-01-12T17:00,,,464.0,11.5,9.9,117.0
2024-01-12T18:00,,,473.0,11.6,10.0,118.0
2024-01-12T19:00,,,471.0,10.1,9.3,119.0
2024-01-12T20:00,,,462.0,7.7,8.2,120.0
2024-01-12T21:00,,,456.0,5.7,7.4,121.0
2024-01-12T22:00,,,453.0,4.6,7.1,121.0
2024-01-12T23:00,,,453.0,4.0,6.9,120.0
2024-01-13T00:00,,,449.0,4.2,6.9,121.0
2024-01-13T01:00,,,459.0,5.1,7.0,123.0
2024-01-13T02:00,,,472.0,6.3,7.2,126.0
2024-01-13T03:00,,,478.0,6.7,7.5,129.0
2024-01-13T04:00,,,470.0,5.7,8.0,134.0
2024-01-13T05:00,,,454.0,3.9,8.5,141.0
2024-01-13T06:00,,,442.0,2.5,8.9,144.0
2024-01-13T07:00,,,436.0,1.9,9.0,143.0
2024-01-13T08:00,,,433.0,1.7,8.9,140.0
2024-01-13T09:00,,,435.0,2.2,8.8,135.0
2024-01-13T10:00,,,441.0,3.6,8.8,129.0
2024-01-13T11:00,,,451.0,5.6,8.8,123.0
2024-01-13T12:00,,,470.0,9.7,9.6,114.0
2024-01-13T13:00,,,,13.0,9.9,109.0
2024-01-13T14:00,,,,17.4,10.3,102.0
2024-01-13T15:00,,,,20.6,10.8,97.0
2024-01-13T16:00,,,,21.2,11.4,96.0
2024-01-13T17:00,,,,20.6,11.9,97.0
2024-01-13T18:00,,,,19.8,12.1,98.0
2024-01-13T19:00,,,,19.3,11.7,97.0
2024-01-13T20:00,,,,18.6,10.9,96.0
2024-01-13T21:00,,,,17.7,10.0,95.0
2024-01-13T22:00,,,,16.1,9.0,94.0
2024-01-13T23:00,,,,14.3,7.9,92.0
2024-01-14T00:00,,,,13.8,8.7,90.0
2024-01-14T01:00,,,,13.9,8.9,92.0
2024-01-14T02:00,,,,13.8,9.3,94.0
2024-01-14T03:00,,,,12.9,10.0,99.0
2024-01-14T04:00,,,,10.4,11.4,108.0
2024-01-14T05:00,,,,7.0,13.1,119.0
2024-01-14T06:00,,,451.0,4.3,13.7,127.0
2024-01-14T07:00,,,428.0,2.8,12.2,129.0
2024-01-14T08:00,,,420.0,2.0,9.6,127.0
2024-01-14T09:00,,,419.0,2.2,7.6,124.0
2024-01-14T10:00,,,425.0,3.7,7.0,118.0
2024-01-14T11:00,,,439.0,6.2,6.9,111.0
2024-01-14T12:00,,,468.0,9.5,6.6,103.0
2024-01-14T13:00,,,,11.0,6.8,99.0
2024-01-14T14:00,,,,13.2,7.0,94.0
2024-01-14T15:00,,,,15.0,7.3,90.0
2024-01-14T16:00,,,,16.2,7.6,89.0
2024-01-14T17:00,,,,17.0,7.9,89.0
2024-01-14T18:00,,,,17.3,8.1,90.0
2024-01-14T19:00,,,,16.8,8.3,91.0
2024-01-14T20:00,,,,15.8,8.4,93.0
2024-01-14T21:00,,,,14.8,8.3,94.0
2024-01-14T22:00,,,,13.8,7.6,94.0
2024-01-14T23:00,,,,12.7,6.6,92.0
2024-01-15T00:00,,,,10.8,6.2,92.0
2024-01-15T01:00,,,,11.4,6.6,93.0
2024-01-15T02:00,,,,12.1,7.1,95.0
2024-01-15T03:00,,,,11.8,7.8,100.0
2024-01-15T04:00,,56.0,,9.5,8.8,109.0
2024-01-15T05:00,,54.0,434.0,6.2,9.9,121.0
2024-01-15T06:00,87.5,52.7,383.0,3.6,10.4,130.0
2024-01-15T07:00,86.1,51.8,363.0,2.4,9.8,133.0
2024-01-15T08:00,84.8,51.2,357.0,1.9,8.7,133.0
2024-01-15T09:00,84.8,51.1,356.0,2.3,7.8,130.0
2024-01-15T10:00,85.0,51.1,356.0,3.6,7.5,124.0
2024-01-15T11:00,85.4,51.2,361.0,5.8,7.4,115.0
2024-01-15T12:00,71.7,43.0,365.0,8.1,7.2,106.0
2024-01-15T13:00,73.1,43.9,381.0,10.2,7.5,102.0
2024-01-15T14:00,73.6,44.2,404.0,13.1,8.0,97.0
2024-01-15T15:00,72.6,43.7,420.0,15.2,8.4,93.0
2024-01-15T16:00,71.9,43.3,426.0,16.0,8.8,93.0
2024-01-15T17:00,71.5,43.2,427.0,15.9,9.1,95.0
2024-01-15T18:00,70.5,42.5,422.0,15.3,9.3,97.0
2024-01-15T19:00,68.5,41.1,409.0,13.8,9.2,99.0
2024-01-15T20:00,66.6,39.8,390.0,11.7,8.8,102.0
2024-01-15T21:00,64.3,38.4,376.0,10.0,8.4,103.0
2024-01-15T22:00,62.2,37.3,369.0,9.1,7.8,102.0
2024-01-15T23:00,61.5,36.9,366.0,8.7,7.2,99.0
2024-01-16T00:00,57.0,34.0,361.0,9.1,9.1,98.0
2024-01-16T01:00,58.2,35.2,400.0,11.0,9.1,95.0
2024-01-16T02:00,59.8,36.9,451.0,13.5,9.1,92.0
2024-01-16T03:00,57.6,35.3,465.0,14.3,9.4,93.0
2024-01-16T04:00,48.2,28.1,408.0,11.8,10.5,102.0
2024-01-16T05:00,40.5,22.9,315.0,7.7,12.0,116.0
2024-01-16T06:00,37.4,21.1,242.0,4.4,12.8,125.0
2024-01-16T07:00,34.1,19.4,214.0,2.9,12.2,126.0
2024-01-16T08:00,31.2,17.7,206.0,2.4,10.9,121.0
2024-01-16T09:00,28.1,15.9,204.0,2.7,9.7,115.0
2024-01-16T10:00,25.5,14.5,201.0,4.0,8.7,106.0
2024-01-16T11:00,23.7,13.4,205.0,6.2,7.7,95.0
2024-01-16T12:00,28.9,16.7,239.0,8.9,8.8,95.0
2024-01-16T13:00,28.0,16.4,260.0,11.7,8.5,88.0
2024-01-16T14:00,27.7,16.4,290.0,15.6,8.2,79.0
2024-01-16T15:00,27.8,16.6,319.0,18.6,8.3,72.0
2024-01-16T16:00,29.2,17.6,347.0,20.0,9.2,69.0
2024-01-16T17:00,31.3,19.0,374.0,20.5,10.4,69.0
2024-01-16T18:00,33.2,20.2,393.0,20.7,11.3,69.0
2024-01-16T19:00,34.3,20.9,399.0,20.7,11.4,68.0
2024-01-16T20:00,35.0,21.4,397.0,20.4,11.0,68.0
2024-01-16T21:00,35.3,21.7,394.0,19.8,10.7,67.0
2024-01-16T22:00,35.4,21.8,390.0,18.6,10.4,66.0
2024-01-16T23:00,35.4,22.0,385.0,17.1,10.1,66.0
2024-01-17T00:00,37.3,22.9,396.0,19.6,11.5,66.0
2024-01-17T01:00,38.4,23.9,408.0,19.4,11.3,68.0
2024-01-17T02:00,41.3,26.1,421.0,18.9,11.0,71.0
2024-01-17T03:00,38.1,23.8,410.0,17.3,10.8,76.0
2024-01-17T04:00,32.2,19.6,351.0,13.4,10.7,84.0
2024-01-17T05:00,25.8,15.2,267.0,8.2,10.6,95.0
2024-01-17T06:00,25.4,14.8,205.0,4.4,10.6,103.0
2024-01-17T07:00,25.7,15.1,186.0,2.9,10.7,109.0
2024-01-17T08:00,25.4,15.1,188.0,2.6,10.9,112.0
2024-01-17T09:00,25.3,15.1,193.0,3.1,10.8,112.0
2024-01-17T10:00,24.9,14.8,195.0,4.4,10.3,106.0
2024-01-17T11:00,24.0,14.3,201.0,6.3,9.6,96.0
2024-01-17T12:00,25.3,15.3,207.0,8.5,9.4,87.0
2024-01-17T13:00,24.9,15.0,214.0,9.6,8.2,80.0
2024-01-17T14:00,24.2,14.6,223.0,11.0,6.6,70.0
2024-01-17T15:00,23.1,14.0,231.0,12.1,5.4,63.0
2024-01-17T16:00,22.8,13.8,236.0,12.4,4.9,61.0
2024-01-17T17:00,23.1,14.0,239.0,12.4,4.8,61.0
2024-01-17T18:00,23.0,13.9,239.0,11.9,4.7,62.0
2024-01-17T19:00,22.5,13.6,232.0,10.8,4.4,63.0
2024-01-17T20:00,22.2,13.4,222.0,9.4,4.2,65.0
2024-01-17T21:00,21.9,13.2,216.0,8.4,4.1,66.0
2024-01-17T22:00,21.4,13.0,216.0,8.1,4.2,64.0
2024-01-17T23:00,21.4,13.1,220.0,8.3,4.5,62.0
2024-01-18T00:00,21.5,13.1,224.0,7.9,4.7,64.0
2024-01-18T01:00,22.8,14.1,246.0,8.7,4.9,64.0
2024-01-18T02:00,25.4,16.0,275.0,9.8,5.2,64.0
2024-01-18T03:00,24.3,15.0,285.0,9.9,5.8,66.0
2024-01-18T04:00,21.3,12.8,257.0,8.3,6.8,72.0
2024-01-18T05:00,19.2,11.2,211.0,5.7,7.9,79.0
2024-01-18T06:00,20.2,11.8,176.0,3.8,8.9,85.0
2024-01-18T07:00,21.5,12.6,167.0,3.0,9.5,89.0
2024-01-18T08:00,21.8,12.8,171.0,2.8,9.9,91.0
2024-01-18T09:00,21.6,12.7,176.0,3.2,10.0,91.0
2024-01-18T10:00,20.7,12.1,180.0,4.3,9.6,86.0
2024-01-18T11:00,19.5,11.4,185.0,6.0,8.9,78.0
2024-01-18T12:00,23.7,14.1,209.0,7.9,9.2,78.0
2024-01-18T13:00,23.2,13.6,214.0,8.6,8.0,72.0
2024-01-18T14:00,22.9,13.4,221.0,9.5,6.2,63.0
2024-01-18T15:00,22.6,13.4,227.0,10.2,4.9,57.0
2024-01-18T16:00,22.9,13.7,232.0,10.6,4.4,55.0
2024-01-18T17:00,23.5,14.1,236.0,10.8,4.3,55.0
2024-01-18T18:00,23.7,14.3,236.0,10.5,4.2,56.0
2024-01-18T19:00,23.5,14.2,229.0,9.4,4.0,57.0
2024-01-18T20:00,23.5,14.1,218.0,8.0,3.7,59.0
2024-01-18T21:00,23.4,14.1,211.0,6.9,3.6,60.0
2024-01-18T22:00,23.6,14.3,211.0,6.6,3.6,59.0
2024-01-18T23:00,24.1,14.6,215.0,6.8,3.6,57.0
2024-01-19T00:00,22.8,13.7,187.0,4.8,3.0,58.0
2024-01-19T01:00,24.0,14.7,207.0,5.8,3.3,58.0
2024-01-19T02:00,26.3,16.2,233.0,7.1,3.8,58.0
2024-01-19T03:00,26.7,16.4,244.0,7.6,4.3,59.0
2024-01-19T04:00,26.6,16.0,225.0,6.4,4.8,64.0
2024-01-19T05:00,26.0,15.4,191.0,4.3,5.3,70.0
2024-01-19T06:00,26.9,16.0,165.0,2.8,5.6,75.0
2024-01-19T07:00,27.7,16.5,158.0,2.2,5.7,76.0
2024-01-19T08:00,28.2,16.8,160.0,2.2,5.7,76.0
2024-01-19T09:00,28.4,16.8,164.0,2.5,5.7,74.0
2024-01-19T10:00,28.5,16.8,165.0,3.1,5.8,71.0
2024-01-19T11:00,28.5,16.9,169.0,4.2,5.8,67.0
2024-01-19T12:00,31.9,19.1,181.0,5.6,5.4,61.0
2024-01-19T13:00,32.9,20.0,206.0,7.8,5.4,58.0
2024-01-19T14:00,34.1,20.9,241.0,10.8,5.4,54.0
2024-01-19T15:00,35.3,21.7,267.0,12.9,5.4,51.0
2024-01-19T16:00,35.7,22.1,279.0,13.5,5.3,50.0
2024-01-19T17:00,35.9,22.1,282.0,13.3,5.2,51.0
2024-01-19T18:00,35.2,21.7,279.0,12.5,4.9,52.0
2024-01-19T19:00,33.8,20.7,266.0,10.8,4.3,54.0
2024-01-19T20:00,32.5,19.8,246.0,8.5,3.6,57.0
2024-01-19T21:00,31.5,19.3,232.0,6.8,3.1,59.0
2024-01-19T22:00,31.1,19.0,226.0,6.2,3.2,60.0
2024-01-19T23:00,31.0,18.9,226.0,6.1,3.5,60.0
2024-01-20T00:00,31.8,19.5,254.0,7.9,4.2,56.0
2024-01-20T01:00,31.5,19.6,275.0,8.5,4.3,57.0
2024-01-20T02:00,32.7,20.5,303.0,9.2,4.5,58.0
2024-01-20T03:00,32.6,20.3,312.0,9.1,4.7,61.0
2024-01-20T04:00,29.3,17.6,284.0,7.2,4.9,66.0
2024-01-20T05:00,27.8,16.4,239.0,4.5,5.1,73.0
2024-01-20T06:00,27.5,16.2,204.0,2.4,5.2,78.0
2024-01-20T07:00,27.5,16.1,194.0,1.6,5.1,80.0
2024-01-20T08:00,27.5,16.1,195.0,1.6,5.0,80.0
2024-01-20T09:00,27.7,16.1,199.0,2.0,4.9,78.0
2024-01-20T10:00,27.9,16.2,203.0,3.0,4.9,74.0
2024-01-20T11:00,27.6,16.0,209.0,4.6,5.0,70.0
2024-01-20T12:00,25.3,14.8,205.0,5.0,4.6,64.0
2024-01-20T13:00,25.9,15.4,220.0,6.8,4.5,61.0
2024-01-20T14:00,26.3,15.7,241.0,9.3,4.3,58.0
2024-01-20T15:00,26.4,15.7,254.0,10.8,4.1,56.0
2024-01-20T16:00,26.1,15.6,254.0,10.4,3.8,56.0
2024-01-20T17:00,25.4,15.2,247.0,9.1,3.4,58.0
2024-01-20T18:00,24.5,14.6,238.0,7.7,3.0,60.0
2024-01-20T19:00,23.7,14.1,228.0,6.4,2.7,61.0
2024-01-20T20:00,22.9,13.6,217.0,5.0,2.4,63.0
2024-01-20T21:00,22.0,13.0,209.0,4.0,2.2,64.0
2024-01-20T22:00,21.6,12.8,204.0,3.6,2.1,65.0
2024-01-20T23:00,22.2,13.2,203.0,3.6,2.0,66.0
2024-01-21T00:00,20.4,12.1,204.0,4.2,2.9,67.0
2024-01-21T01:00,24.2,14.8,240.0,6.4,3.4,65.0
2024-01-21T02:00,27.6,17.2,287.0,9.2,4.2,62.0
2024-01-21T03:00,27.2,16.9,309.0,10.6,5.0,62.0
2024-01-21T04:00,22.1,13.2,281.0,9.0,5.9,68.0
2024-01-21T05:00,19.1,11.1,229.0,5.8,6.9,78.0
2024-01-21T06:00,19.4,11.2,188.0,3.4,7.5,85.0
2024-01-21T07:00,20.2,11.6,175.0,2.4,7.5,88.0
2024-01-21T08:00,20.6,11.7,174.0,2.2,7.3,89.0
2024-01-21T09:00,20.5,11.6,177.0,2.6,7.0,87.0
2024-01-21T10:00,20.4,11.6,179.0,3.8,6.9,82.0
2024-01-21T11:00,20.0,11.4,186.0,5.7,6.9,75.0
2024-01-21T12:00,19.3,11.0,185.0,6.3,7.7,72.0
2024-01-21T13:00,19.8,11.7,204.0,8.7,7.1,67.0
2024-01-21T14:00,20.3,12.2,231.0,12.0,6.3,61.0
2024-01-21T15:00,21.5,13.1,256.0,14.5,6.0,56.0
2024-01-21T16:00,23.7,14.6,280.0,15.4,6.7,55.0
2024-01-21T17:00,26.1,16.2,303.0,15.4,7.9,56.0
2024-01-21T18:00,28.1,17.5,315.0,15.2,8.4,57.0
2024-01-21T19:00,28.1,17.6,309.0,15.1,7.7,58.0
2024-01-21T20:00,28.1,17.5,293.0,14.8,6.4,58.0
2024-01-21T21:00,30.2,18.9,277.0,14.2,5.3,59.0
2024-01-21T22:00,30.5,19.1,262.0,13.0,4.8,60.0
2024-01-21T23:00,31.1,19.4,247.0,11.6,4.6,62.0
2024-01-22T00:00,31.7,19.7,244.0,11.0,4.5,64.0
2024-01-22T01:00,33.4,20.9,276.0,12.1,5.1,64.0
2024-01-22T02:00,36.6,23.2,318.0,13.5,6.0,63.0
2024-01-22T03:00,36.4,23.0,333.0,13.5,6.6,66.0
2024-01-22T04:00,30.4,18.4,294.0,10.6,6.7,74.0
2024-01-22T05:00,27.0,16.1,228.0,6.2,6.6,85.0
2024-01-22T06:00,27.1,16.1,179.0,2.9,6.4,93.0
2024-01-22T07:00,27.1,15.9,166.0,1.8,6.2,96.0
2024-01-22T08:00,26.8,15.8,169.0,1.7,6.0,95.0
2024-01-22T09:00,26.3,15.4,175.0,2.2,5.8,93.0
2024-01-22T10:00,25.7,15.0,174.0,2.8,5.7,90.0
2024-01-22T11:00,24.9,14.6,175.0,3.9,5.7,85.0
2024-01-22T12:00,25.0,14.9,199.0,6.1,6.1,77.0
2024-01-22T13:00,27.4,16.6,254.0,9.5,7.1,72.0
2024-01-22T14:00,30.5,18.9,332.0,14.1,8.6,64.0
2024-01-22T15:00,32.7,20.5,394.0,17.5,9.9,59.0
2024-01-22T16:00,34.7,21.9,432.0,18.5,11.1,58.0
2024-01-22T17:00,36.1,22.9,456.0,18.2,12.2,59.0
2024-01-22T18:00,35.4,22.5,457.0,17.7,12.3,60.0
2024-01-22T19:00,33.3,21.1,420.0,17.5,10.7,61.0
2024-01-22T20:00,30.7,19.2,360.0,17.2,8.1,63.0
2024-01-22T21:00,29.4,18.1,312.0,16.1,6.1,66.0
2024-01-22T22:00,30.0,18.3,287.0,13.5,5.1,70.0
2024-01-22T23:00,32.5,19.7,274.0,10.2,4.7,74.0
2024-01-23T00:00,34.9,21.4,305.0,12.5,5.8,72.0
2024-01-23T01:00,38.0,23.2,317.0,12.5,5.9,74.0
2024-01-23T02:00,43.3,26.8,332.0,12.3,6.1,77.0
2024-01-23T03:00,44.7,27.4,334.0,11.3,6.2,81.0
2024-01-23T04:00,44.0,26.5,308.0,8.7,6.2,87.0
2024-01-23T05:00,45.1,27.2,269.0,5.3,6.0,94.0
2024-01-23T06:00,46.9,28.3,240.0,2.8,5.9,99.0
2024-01-23T07:00,47.5,28.7,231.0,1.9,5.8,100.0
2024-01-23T08:00,48.2,29.0,233.0,1.8,5.6,99.0
2024-01-23T09:00,48.8,29.5,236.0,2.2,5.5,97.0
2024-01-23T10:00,49.2,29.7,236.0,2.7,5.5,94.0
2024-01-23T11:00,49.4,29.7,238.0,3.6,5.6,90.0
2024-01-23T12:00,37.7,22.8,243.0,5.0,5.5,84.0
2024-01-23T13:00,38.0,23.0,266.0,7.7,5.5,80.0
2024-01-23T14:00,38.4,23.3,297.0,11.4,5.5,74.0
2024-01-23T15:00,38.9,23.7,324.0,14.3,5.5,70.0
2024-01-23T16:00,39.6,24.2,343.0,15.8,5.7,68.0
2024-01-23T17:00,40.7,24.9,356.0,16.4,6.0,68.0
2024-01-23T18:00,40.7,25.0,360.0,16.0,6.0,68.0
2024-01-23T19:00,39.8,24.4,348.0,14.0,5.5,70.0
2024-01-23T20:00,39.2,23.9,326.0,11.0,4.7,73.0
2024-01-23T21:00,39.0,23.7,308.0,8.6,4.1,75.0
2024-01-23T22:00,39.2,23.8,299.0,7.4,3.9,75.0
2024-01-23T23:00,39.7,24.2,293.0,6.8,3.9,75.0
2024-01-24T00:00,39.9,24.3,292.0,6.9,3.9,74.0
2024-01-24T01:00,41.4,25.3,303.0,7.5,4.3,74.0
2024-01-24T02:00,43.4,26.6,318.0,8.3,4.8,75.0
2024-01-24T03:00,44.1,26.8,320.0,8.3,5.3,78.0
2024-01-24T04:00,43.0,25.7,298.0,6.9,5.8,85.0
2024-01-24T05:00,41.6,24.7,263.0,4.7,6.3,94.0
2024-01-24T06:00,41.4,24.6,236.0,3.0,6.6,101.0
2024-01-24T07:00,41.2,24.4,226.0,2.3,6.5,105.0
2024-01-24T08:00,40.9,24.2,224.0,2.0,6.2,106.0
2024-01-24T09:00,40.5,24.0,226.0,2.4,6.0,105.0
2024-01-24T10:00,39.7,23.6,230.0,3.5,5.9,100.0
2024-01-24T11:00,39.0,23.2,238.0,5.2,5.9,93.0
2024-01-24T12:00,43.1,25.8,242.0,8.0,7.2,88.0
2024-01-24T13:00,43.8,26.5,261.0,9.9,6.8,82.0
2024-01-24T14:00,44.5,27.0,288.0,12.4,6.3,74.0
2024-01-24T15:00,44.6,27.2,306.0,13.9,5.7,68.0
2024-01-24T16:00,44.7,27.3,309.0,13.4,5.2,67.0
2024-01-24T17:00,43.9,26.8,303.0,11.8,4.7,68.0
2024-01-24T18:00,42.7,26.1,296.0,10.2,4.2,70.0
2024-01-24T19:00,41.4,25.3,287.0,8.6,3.8,71.0
2024-01-24T20:00,41.1,25.0,276.0,7.0,3.4,73.0
2024-01-24T21:00,41.0,25.1,269.0,5.9,3.3,74.0
2024-01-24T22:00,41.6,25.4,269.0,5.6,3.5,74.0
2024-01-24T23:00,42.1,25.8,273.0,5.7,3.8,73.0
2024-01-25T00:00,47.4,29.6,325.0,10.1,5.5,67.0
2024-01-25T01:00,49.9,31.2,346.0,10.9,5.8,68.0
2024-01-25T02:00,52.7,33.2,374.0,11.8,6.3,69.0
2024-01-25T03:00,51.9,32.1,381.0,11.6,6.6,72.0
2024-01-25T04:00,46.9,28.2,346.0,9.2,6.6,79.0
2024-01-25T05:00,43.3,25.9,291.0,5.6,6.5,88.0
2024-01-25T06:00,41.9,25.0,250.0,2.9,6.3,94.0
2024-01-25T07:00,41.1,24.5,239.0,2.0,6.1,96.0
2024-01-25T08:00,39.8,23.8,243.0,1.9,6.0,96.0
2024-01-25T09:00,38.1,22.8,249.0,2.3,5.9,94.0
2024-01-25T10:00,36.3,21.8,251.0,2.9,6.1,91.0
2024-01-25T11:00,34.8,20.8,254.0,3.9,6.5,86.0
2024-01-25T12:00,34.2,20.6,241.0,5.3,6.7,80.0
2024-01-25T13:00,34.8,21.4,260.0,7.3,6.2,75.0
2024-01-25T14:00,34.9,21.7,287.0,10.1,5.6,69.0
2024-01-25T15:00,35.4,22.1,309.0,12.2,5.1,64.0
2024-01-25T16:00,36.0,22.5,322.0,13.0,5.0,62.0
2024-01-25T17:00,36.9,23.1,331.0,13.0,5.0,62.0
2024-01-25T18:00,37.5,23.4,336.0,12.7,5.0,62.0
2024-01-25T19:00,37.7,23.5,335.0,12.0,4.9,63.0
2024-01-25T20:00,38.2,23.7,330.0,11.0,4.8,64.0
2024-01-25T21:00,38.6,24.0,327.0,10.2,4.8,65.0
2024-01-25T22:00,39.1,24.4,329.0,10.0,5.0,64.0
2024-01-25T23:00,39.8,25.0,332.0,10.2,5.3,62.0
2024-01-26T00:00,42.5,27.0,374.0,13.5,6.6,56.0
2024-01-26T01:00,43.7,27.7,367.0,12.4,6.3,58.0
2024-01-26T02:00,46.6,29.3,355.0,10.7,5.8,61.0
2024-01-26T03:00,46.2,28.7,339.0,8.9,5.5,65.0
2024-01-26T04:00,47.6,29.3,313.0,6.7,5.4,70.0
2024-01-26T05:00,46.9,28.9,283.0,4.3,5.3,76.0
2024-01-26T06:00,46.4,28.6,261.0,2.5,5.2,80.0
2024-01-26T07:00,45.5,27.9,255.0,1.8,4.9,82.0
2024-01-26T08:00,44.0,27.0,259.0,1.7,4.5,83.0
2024-01-26T09:00,42.6,26.1,263.0,2.0,4.2,82.0
2024-01-26T10:00,41.8,25.6,265.0,2.5,4.3,80.0
2024-01-26T11:00,41.6,25.5,268.0,3.3,4.5,76.0
2024-01-26T12:00,36.7,22.6,268.0,4.4,4.5,70.0
2024-01-26T13:00,37.7,23.3,278.0,5.9,4.3,67.0
2024-01-26T14:00,38.2,23.7,291.0,8.0,4.1,63.0
2024-01-26T15:00,38.1,23.5,299.0,9.3,3.8,61.0
2024-01-26T16:00,38.2,23.5,296.0,9.1,3.5,62.0
2024-01-26T17:00,38.3,23.4,286.0,8.1,3.2,64.0
2024-01-26T18:00,38.3,23.3,277.0,7.1,2.9,66.0
2024-01-26T19:00,38.3,23.2,269.0,6.2,2.6,68.0
2024-01-26T20:00,38.6,23.3,262.0,5.2,2.4,69.0
2024-01-26T21:00,38.5,23.2,257.0,4.5,2.3,70.0
2024-01-26T22:00,37.8,22.9,253.0,4.1,2.4,70.0
2024-01-26T23:00,37.1,22.6,252.0,4.0,2.5,70.0
2024-01-27T00:00,36.8,22.2,247.0,3.6,2.6,75.0
2024-01-27T01:00,37.8,22.9,260.0,4.8,3.0,75.0
2024-01-27T02:00,39.9,24.5,277.0,6.3,3.5,74.0
2024-01-27T03:00,39.1,23.7,283.0,6.9,3.9,75.0
2024-01-27T04:00,37.6,22.5,268.0,5.8,4.3,79.0
2024-01-27T05:00,36.6,21.8,243.0,3.8,4.6,84.0
2024-01-27T06:00,36.3,21.6,223.0,2.2,4.7,88.0
2024-01-27T07:00,36.2,21.5,216.0,1.6,4.5,89.0
2024-01-27T08:00,36.2,21.5,214.0,1.5,4.0,88.0
2024-01-27T09:00,36.1,21.4,215.0,1.7,3.7,87.0
2024-01-27T10:00,36.1,21.4,216.0,2.1,3.7,84.0
2024-01-27T11:00,36.2,21.5,218.0,2.9,3.7,81.0
2024-01-27T12:00,39.9,24.0,229.0,3.9,4.0,78.0
2024-01-27T13:00,40.5,24.4,241.0,5.0,3.9,76.0
2024-01-27T14:00,40.6,24.6,256.0,6.5,3.6,74.0
2024-01-27T15:00,40.6,24.6,267.0,7.4,3.4,73.0
2024-01-27T16:00,41.0,24.8,268.0,7.0,3.1,74.0
2024-01-27T17:00,43.4,26.3,264.0,6.0,2.8,76.0
2024-01-27T18:00,39.2,23.6,260.0,5.1,2.5,78.0
2024-01-27T19:00,38.9,23.4,258.0,4.4,2.3,80.0
2024-01-27T20:00,40.3,24.3,258.0,3.8,2.2,82.0
2024-01-27T21:00,41.3,24.9,259.0,3.5,2.3,83.0
2024-01-27T22:00,43.0,26.0,263.0,3.7,2.7,83.0
2024-01-27T23:00,43.7,26.4,270.0,4.2,3.3,83.0
2024-01-28T00:00,44.5,27.0,277.0,4.4,3.4,86.0
2024-01-28T01:00,46.7,28.6,293.0,5.6,3.8,87.0
2024-01-28T02:00,50.1,31.2,314.0,7.1,4.3,88.0
2024-01-28T03:00,50.3,31.0,327.0,7.7,4.7,91.0
2024-01-28T04:00,51.7,31.5,322.0,6.3,4.9,97.0
2024-01-28T05:00,54.0,33.1,309.0,4.0,4.9,104.0
2024-01-28T06:00,57.0,34.8,301.0,2.2,4.8,109.0
2024-01-28T07:00,59.6,36.3,305.0,1.5,4.6,111.0
2024-01-28T08:00,61.5,37.4,314.0,1.4,4.3,110.0
2024-01-28T09:00,62.6,38.0,323.0,1.6,4.1,109.0
2024-01-28T10:00,63.6,38.4,328.0,2.2,4.3,107.0
2024-01-28T11:00,64.0,38.6,332.0,3.1,4.6,105.0
2024-01-28T12:00,65.2,39.6,338.0,4.1,4.7,101.0
2024-01-28T13:00,65.0,39.5,347.0,5.1,4.8,101.0
2024-01-28T14:00,65.4,39.5,359.0,6.4,5.0,101.0
2024-01-28T15:00,66.1,39.7,369.0,7.2,5.1,102.0
2024-01-28T16:00,67.8,40.6,374.0,7.0,5.1,106.0
2024-01-28T17:00,70.1,41.8,376.0,6.2,5.2,111.0
2024-01-28T18:00,72.2,42.8,376.0,5.4,5.2,116.0
2024-01-28T19:00,72.9,43.1,375.0,4.5,5.3,120.0
2024-01-28T20:00,72.9,42.6,372.0,3.6,5.4,124.0
2024-01-28T21:00,72.2,41.7,368.0,2.9,5.6,127.0
2024-01-28T22:00,71.0,40.4,361.0,2.6,6.0,128.0
2024-01-28T23:00,68.2,38.5,352.0,2.6,6.5,127.0
2024-01-29T00:00,68.7,38.5,358.0,2.6,6.3,127.0
2024-01-29T01:00,65.2,36.4,364.0,4.0,6.6,127.0
2024-01-29T02:00,63.8,35.7,371.0,5.8,7.0,126.0
2024-01-29T03:00,62.4,34.2,368.0,6.7,7.4,127.0
2024-01-29T04:00,59.3,31.7,346.0,5.6,7.7,130.0
2024-01-29T05:00,57.4,30.4,314.0,3.4,8.0,135.0
2024-01-29T06:00,55.9,29.5,290.0,1.8,8.0,137.0
2024-01-29T07:00,54.8,28.8,281.0,1.3,7.7,135.0
2024-01-29T08:00,54.2,28.5,279.0,1.3,7.2,131.0
2024-01-29T09:00,54.6,28.7,279.0,1.6,6.7,127.0
2024-01-29T10:00,55.2,29.1,278.0,2.0,6.4,123.0
2024-01-29T11:00,55.4,29.4,278.0,2.6,6.3,119.0
2024-01-29T12:00,53.8,28.6,279.0,3.5,6.1,115.0
2024-01-29T13:00,54.9,29.7,290.0,4.8,6.0,112.0
2024-01-29T14:00,56.5,30.9,305.0,6.5,6.0,108.0
2024-01-29T15:00,58.4,32.1,317.0,7.9,5.9,104.0
2024-01-29T16:00,59.6,32.9,324.0,8.7,5.9,102.0
2024-01-29T17:00,60.3,33.4,328.0,9.2,6.0,101.0
2024-01-29T18:00,60.1,33.5,327.0,9.2,5.8,99.0
2024-01-29T19:00,59.0,32.9,318.0,8.3,5.3,97.0
2024-01-29T20:00,57.2,31.9,305.0,6.8,4.6,95.0
2024-01-29T21:00,55.1,30.7,293.0,5.6,4.0,93.0
2024-01-29T22:00,52.0,29.2,282.0,4.8,3.7,92.0
2024-01-29T23:00,49.2,27.8,273.0,4.1,3.4,91.0
2024-01-30T00:00,48.2,27.2,284.0,4.6,3.7,88.0
2024-01-30T01:00,47.4,27.0,295.0,5.6,3.9,89.0
2024-01-30T02:00,47.5,27.1,309.0,6.8,4.1,90.0
2024-01-30T03:00,48.5,27.4,309.0,7.3,4.5,92.0
2024-01-30T04:00,46.8,25.8,284.0,6.1,5.1,97.0
2024-01-30T05:00,41.7,22.9,245.0,4.1,5.8,104.0
2024-01-30T06:00,38.2,21.0,215.0,2.6,6.3,107.0
2024-01-30T07:00,35.6,19.5,203.0,2.1,6.3,105.0
2024-01-30T08:00,33.2,18.1,200.0,2.2,6.0,101.0
2024-01-30T09:00,31.5,17.2,198.0,2.4,5.7,96.0
2024-01-30T10:00,30.4,16.6,195.0,2.7,5.3,91.0
2024-01-30T11:00,28.5,15.7,194.0,3.3,4.8,86.0
2024-01-30T12:00,29.0,15.9,197.0,3.7,4.4,83.0
2024-01-30T13:00,28.5,15.9,203.0,4.1,4.0,81.0
2024-01-30T14:00,29.0,16.4,213.0,4.6,3.5,79.0
2024-01-30T15:00,30.4,17.3,223.0,5.2,3.2,77.0
2024-01-30T16:00,32.5,18.6,236.0,5.9,3.3,75.0
2024-01-30T17:00,34.6,19.8,250.0,6.7,3.5,73.0
2024-01-30T18:00,35.6,20.5,259.0,7.0,3.6,72.0
2024-01-30T19:00,34.9,20.1,258.0,6.5,3.4,71.0
2024-01-30T20:00,34.3,19.8,250.0,5.6,3.1,71.0
2024-01-30T21:00,33.1,19.2,244.0,4.8,2.8,71.0
2024-01-30T22:00,31.7,18.5,239.0,4.3,2.7,70.0
2024-01-30T23:00,30.3,17.7,235.0,4.0,2.7,68.0
2024-01-31T00:00,31.1,18.1,242.0,5.0,3.2,67.0
2024-01-31T01:00,29.7,17.4,250.0,5.6,3.5,68.0
2024-01-31T02:00,30.9,18.2,261.0,6.5,3.9,70.0
2024-01-31T03:00,31.3,18.3,262.0,6.8,4.5,72.0
2024-01-31T04:00,29.5,16.9,243.0,6.2,5.4,75.0
2024-01-31T05:00,26.7,15.1,215.0,5.0,6.4,79.0
2024-01-31T06:00,26.0,14.7,193.0,4.1,7.2,82.0
2024-01-31T07:00,25.9,14.7,186.0,3.5,7.5,84.0
2024-01-31T08:00,25.6,14.5,185.0,3.2,7.4,84.0
2024-01-31T09:00,25.5,14.4,186.0,3.2,7.4,83.0
2024-01-31T10:00,24.9,14.0,185.0,3.7,7.6,80.0
2024-01-31T11:00,23.9,13.4,185.0,4.6,7.7,75.0
2024-01-31T12:00,25.3,14.2,177.0,5.2,7.2,72.0
2024-01-31T13:00,24.4,14.0,187.0,6.5,6.4,67.0
2024-01-31T14:00,22.7,13.2,200.0,8.3,5.3,60.0
2024-01-31T15:00,21.4,12.6,208.0,9.3,4.3,55.0
2024-01-31T16:00,20.8,12.3,207.0,8.8,3.7,53.0
2024-01-31T17:00,20.7,12.2,200.0,7.6,3.3,54.0
2024-01-31T18:00,20.8,12.3,196.0,6.7,3.0,54.0
2024-01-31T19:00,21.2,12.5,195.0,6.4,2.9,54.0
2024-01-31T20:00,22.8,13.3,196.0,6.3,3.0,53.0
2024-01-31T21:00,23.5,13.8,199.0,6.4,3.2,53.0
2024-01-31T22:00,23.1,13.6,206.0,6.6,3.6,52.0
2024-01-31T23:00,22.9,13.7,216.0,7.0,4.2,51.0
2024-02-01T00:00,23.2,13.9,218.0,6.1,4.0,53.0
2024-02-01T01:00,23.6,14.3,231.0,6.6,4.6,53.0
2024-02-01T02:00,26.2,16.4,248.0,7.3,5.4,54.0
2024-02-01T03:00,23.2,14.1,256.0,7.5,6.4,56.0
2024-02-01T04:00,21.7,13.1,246.0,6.8,7.7,61.0
2024-02-01T05:00,20.4,12.1,228.0,5.7,9.2,68.0
2024-02-01T06:00,20.4,12.0,213.0,4.6,10.0,73.0
2024-02-01T07:00,20.9,12.2,207.0,3.8,9.5,75.0
2024-02-01T08:00,21.5,12.5,205.0,3.0,8.3,76.0
2024-02-01T09:00,21.4,12.3,204.0,2.7,7.2,75.0
2024-02-01T10:00,21.1,12.1,202.0,2.9,6.4,71.0
2024-02-01T11:00,20.9,12.0,201.0,3.5,5.8,65.0
2024-02-01T12:00,23.9,14.0,204.0,5.0,6.0,57.0
2024-02-01T13:00,21.6,12.8,218.0,6.7,5.7,54.0
2024-02-01T14:00,21.1,12.6,238.0,9.1,5.3,50.0
2024-02-01T15:00,20.9,12.5,254.0,10.7,4.9,47.0
2024-02-01T16:00,21.0,12.6,261.0,10.8,4.6,46.0
2024-02-01T17:00,20.7,12.4,263.0,10.2,4.3,47.0
2024-02-01T18:00,20.4,12.2,264.0,9.6,4.1,47.0
2024-02-01T19:00,20.1,12.0,264.0,9.2,4.1,47.0
2024-02-01T20:00,20.4,12.2,262.0,8.9,4.1,47.0
2024-02-01T21:00,20.8,12.5,263.0,8.7,4.2,47.0
2024-02-01T22:00,21.6,13.1,270.0,8.9,4.3,45.0
2024-02-01T23:00,23.2,14.2,281.0,9.3,4.4,44.0
2024-02-02T00:00,19.7,11.9,258.0,7.4,4.8,46.0
2024-02-02T01:00,19.3,11.8,260.0,7.3,5.1,47.0
2024-02-02T02:00,20.1,12.4,262.0,7.1,5.6,49.0
2024-02-02T03:00,19.2,11.6,259.0,6.7,6.1,52.0
2024-02-02T04:00,17.9,10.7,246.0,5.8,6.8,58.0
2024-02-02T05:00,18.3,10.8,229.0,4.6,7.5,65.0
2024-02-02T06:00,19.3,11.3,215.0,3.6,7.8,71.0
2024-02-02T07:00,20.7,12.0,208.0,2.9,7.4,76.0
2024-02-02T08:00,21.1,12.4,205.0,2.4,6.6,79.0
2024-02-02T09:00,21.4,12.6,204.0,2.3,6.0,80.0
2024-02-02T10:00,21.4,12.7,202.0,2.7,6.0,77.0
2024-02-02T11:00,21.1,12.5,202.0,3.6,6.3,71.0
2024-02-02T12:00,23.3,13.9,229.0,5.7,7.4,69.0
2024-02-02T13:00,23.5,14.1,242.0,7.5,6.7,62.0
2024-02-02T14:00,22.7,13.7,259.0,10.0,5.8,53.0
2024-02-02T15:00,22.5,13.7,269.0,11.4,5.0,47.0
2024-02-02T16:00,23.1,14.1,266.0,11.0,4.4,46.0
2024-02-02T17:00,23.9,14.7,257.0,9.5,4.0,47.0
2024-02-02T18:00,24.9,15.3,246.0,8.1,3.6,49.0
2024-02-02T19:00,25.8,15.7,235.0,6.9,3.2,50.0
2024-02-02T20:00,26.8,16.3,223.0,5.7,2.9,51.0
2024-02-02T21:00,28.0,17.0,216.0,5.0,2.8,52.0
2024-02-02T22:00,29.5,17.9,218.0,5.2,2.9,51.0
2024-02-02T23:00,31.0,18.9,225.0,5.9,3.1,50.0
2024-02-03T00:00,31.3,19.0,214.0,5.4,4.0,53.0
2024-02-03T01:00,33.9,20.8,224.0,6.3,4.4,54.0
2024-02-03T02:00,37.5,23.4,236.0,7.4,5.1,56.0
2024-02-03T03:00,34.9,21.3,240.0,7.7,5.7,59.0
2024-02-03T04:00,32.9,19.7,225.0,6.5,6.4,65.0
2024-02-03T05:00,33.4,20.0,202.0,4.6,7.0,73.0
2024-02-03T06:00,33.6,20.1,184.0,3.1,7.4,79.0
2024-02-03T07:00,33.3,20.0,179.0,2.3,7.2,83.0
2024-02-03T08:00,32.8,19.8,180.0,2.0,6.7,85.0
2024-02-03T09:00,32.6,19.8,181.0,2.0,6.2,85.0
2024-02-03T10:00,32.0,19.5,180.0,2.4,5.9,82.0
2024-02-03T11:00,31.1,19.0,179.0,3.3,5.7,76.0
2024-02-03T12:00,36.3,21.9,181.0,4.3,5.5,67.0
2024-02-03T13:00,35.7,21.7,190.0,5.6,5.1,64.0
2024-02-03T14:00,35.5,21.5,202.0,7.4,4.5,59.0
2024-02-03T15:00,35.7,21.7,212.0,8.8,4.1,55.0
2024-02-03T16:00,35.9,21.8,220.0,9.5,4.0,53.0
2024-02-03T17:00,36.1,21.9,226.0,9.7,4.1,52.0
2024-02-03T18:00,35.6,21.8,228.0,9.6,4.1,52.0
2024-02-03T19:00,34.3,21.0,222.0,8.8,3.9,52.0
2024-02-03T20:00,33.1,20.3,212.0,7.6,3.6,53.0
2024-02-03T21:00,32.2,19.7,204.0,6.7,3.4,54.0
2024-02-03T22:00,31.3,19.1,201.0,6.3,3.2,54.0
2024-02-03T23:00,30.4,18.5,200.0,6.2,3.0,53.0
2024-02-04T00:00,30.7,19.0,216.0,7.6,4.0,51.0
2024-02-04T01:00,30.9,19.3,227.0,7.8,4.1,52.0
2024-02-04T02:00,31.3,19.7,240.0,8.0,4.3,52.0
2024-02-04T03:00,29.3,18.2,242.0,7.7,4.8,55.0
2024-02-04T04:00,23.3,13.9,220.0,6.5,6.0,61.0
2024-02-04T05:00,21.8,12.9,187.0,4.9,7.6,68.0
2024-02-04T06:00,21.6,12.7,162.0,3.5,8.5,73.0
2024-02-04T07:00,21.4,12.8,155.0,2.7,8.2,76.0
2024-02-04T08:00,21.5,13.0,156.0,2.2,7.2,77.0
2024-02-04T09:00,21.6,13.1,158.0,2.1,6.3,76.0
2024-02-04T10:00,21.4,13.0,157.0,2.5,5.9,72.0
2024-02-04T11:00,20.5,12.4,156.0,3.3,5.6,67.0
2024-02-04T12:00,18.2,10.8,162.0,4.2,5.0,60.0
2024-02-04T13:00,17.5,10.4,168.0,5.2,4.6,56.0
2024-02-04T14:00,16.7,9.9,177.0,6.6,4.1,52.0
2024-02-04T15:00,16.6,9.8,184.0,7.7,3.7,48.0
2024-02-04T16:00,17.2,10.1,189.0,8.2,3.6,47.0
2024-02-04T17:00,18.2,10.7,194.0,8.4,3.7,47.0
2024-02-04T18:00,19.2,11.3,196.0,8.4,3.8,48.0
2024-02-04T19:00,19.4,11.4,194.0,8.1,3.8,49.0
2024-02-04T20:00,19.6,11.5,190.0,7.6,3.7,50.0
2024-02-04T21:00,19.7,11.6,189.0,7.2,3.6,51.0
2024-02-04T22:00,19.6,11.6,191.0,7.0,3.4,50.0
2024-02-04T23:00,21.2,12.8,196.0,7.0,3.1,49.0
2024-02-05T00:00,20.2,12.1,201.0,7.5,4.0,49.0
2024-02-05T01:00,19.8,11.8,204.0,7.3,4.1,51.0
2024-02-05T02:00,21.1,12.7,208.0,6.9,4.3,53.0
2024-02-05T03:00,20.8,12.3,204.0,6.3,4.6,57.0
2024-02-05T04:00,19.2,10.9,186.0,5.1,5.0,63.0
2024-02-05T05:00,20.4,11.6,161.0,3.6,5.5,70.0
2024-02-05T06:00,21.8,12.4,143.0,2.5,5.8,75.0
2024-02-05T07:00,23.1,13.2,138.0,1.9,5.6,78.0
2024-02-05T08:00,23.9,13.8,139.0,1.6,5.2,81.0
2024-02-05T09:00,24.6,14.2,142.0,1.7,4.9,81.0
2024-02-05T10:00,25.1,14.5,143.0,2.2,5.0,79.0
2024-02-05T11:00,26.2,15.1,145.0,3.0,5.3,75.0
2024-02-05T12:00,38.6,22.2,130.0,4.1,5.2,70.0
2024-02-05T13:00,41.0,23.7,142.0,5.5,4.9,68.0
2024-02-05T14:00,44.1,25.7,160.0,7.6,4.4,66.0
2024-02-05T15:00,47.5,27.9,178.0,9.3,4.2,64.0
2024-02-05T16:00,51.2,30.3,196.0,10.5,4.4,64.0
2024-02-05T17:00,54.9,32.6,215.0,11.3,4.9,64.0
2024-02-05T18:00,58.0,34.6,231.0,12.0,5.3,64.0
2024-02-05T19:00,60.3,36.0,241.0,12.5,5.6,64.0
2024-02-05T20:00,61.7,36.9,248.0,12.7,5.8,64.0
2024-02-05T21:00,62.4,37.4,255.0,12.6,5.9,64.0
2024-02-05T22:00,62.2,37.5,261.0,12.0,5.7,63.0
2024-02-05T23:00,60.8,36.9,267.0,11.1,5.3,63.0
2024-02-06T00:00,61.9,37.5,293.0,11.6,5.7,62.0
2024-02-06T01:00,61.5,37.0,293.0,10.8,6.4,64.0
2024-02-06T02:00,62.2,37.5,291.0,9.7,7.3,68.0
2024-02-06T03:00,64.0,38.1,284.0,8.3,7.9,73.0
2024-02-06T04:00,63.1,36.7,264.0,6.6,8.1,81.0
2024-02-06T05:00,63.6,36.6,239.0,4.6,8.0,90.0
2024-02-06T06:00,63.8,36.1,220.0,3.1,7.7,96.0
2024-02-06T07:00,63.6,35.3,214.0,2.3,7.1,99.0
2024-02-06T08:00,63.1,34.2,215.0,1.9,6.3,99.0
2024-02-06T09:00,62.6,33.1,218.0,1.9,5.7,97.0
2024-02-06T10:00,61.7,31.7,219.0,2.3,5.6,93.0
2024-02-06T11:00,60.1,30.3,221.0,3.1,5.7,88.0
2024-02-06T12:00,61.5,31.3,226.0,4.4,6.2,84.0
2024-02-06T13:00,59.6,31.4,241.0,6.1,5.9,80.0
2024-02-06T14:00,59.4,31.3,261.0,8.5,5.5,75.0
2024-02-06T15:00,59.6,31.4,282.0,10.8,5.4,71.0
2024-02-06T16:00,60.1,31.4,301.0,12.9,5.9,68.0
2024-02-06T17:00,61.5,32.2,320.0,14.9,6.7,67.0
2024-02-06T18:00,62.9,33.3,335.0,16.1,7.3,65.0
2024-02-06T19:00,63.1,33.6,346.0,16.0,7.4,64.0
2024-02-06T20:00,62.2,33.3,354.0,15.2,7.3,63.0
2024-02-06T21:00,59.6,32.4,357.0,14.3,7.1,62.0
2024-02-06T22:00,57.2,31.1,352.0,13.4,6.7,60.0
2024-02-06T23:00,55.9,30.0,344.0,12.5,6.3,59.0
2024-02-07T00:00,54.4,29.3,343.0,11.7,6.5,60.0
2024-02-07T01:00,55.4,29.6,347.0,11.5,7.2,62.0
2024-02-07T02:00,57.3,30.7,351.0,11.1,8.2,66.0
2024-02-07T03:00,58.4,29.7,342.0,10.3,9.2,72.0
2024-02-07T04:00,55.5,25.7,310.0,8.6,10.3,82.0
2024-02-07T05:00,53.3,24.2,265.0,6.5,11.4,95.0
2024-02-07T06:00,50.9,22.9,229.0,4.8,11.9,103.0
2024-02-07T07:00,48.2,21.4,211.0,3.7,11.2,104.0
2024-02-07T08:00,45.6,20.0,203.0,2.9,9.9,101.0
2024-02-07T09:00,43.2,18.6,197.0,2.7,8.8,97.0
2024-02-07T10:00,40.5,16.9,191.0,3.1,8.2,91.0
2024-02-07T11:00,38.0,15.6,187.0,4.0,7.8,84.0
2024-02-07T12:00,45.2,19.2,203.0,5.6,6.9,83.0
2024-02-07T13:00,44.0,19.4,221.0,8.3,6.5,77.0
2024-02-07T14:00,43.7,19.5,246.0,12.0,5.9,68.0
2024-02-07T15:00,44.0,19.9,271.0,14.9,5.8,61.0
2024-02-07T16:00,44.4,20.4,293.0,16.2,6.5,59.0
2024-02-07T17:00,45.2,21.0,313.0,16.6,7.7,58.0
2024-02-07T18:00,45.9,21.6,330.0,16.8,8.5,58.0
2024-02-07T19:00,45.8,21.7,342.0,16.8,8.7,57.0
2024-02-07T20:00,45.2,21.9,350.0,16.6,8.5,57.0
2024-02-07T21:00,44.5,22.0,356.0,16.6,8.4,55.0
2024-02-07T22:00,45.8,23.1,353.0,17.1,8.2,52.0
2024-02-07T23:00,46.4,23.6,346.0,17.8,8.1,48.0
2024-02-08T00:00,50.8,28.2,406.0,23.0,7.8,35.0
2024-02-08T01:00,55.1,30.6,424.0,22.6,8.3,36.0
2024-02-08T02:00,57.2,32.5,446.0,22.0,9.0,37.0
2024-02-08T03:00,59.4,33.3,443.0,20.2,10.1,46.0
2024-02-08T04:00,55.6,29.2,394.0,16.4,12.0,69.0
2024-02-08T05:00,50.1,24.3,320.0,11.4,14.2,98.0
2024-02-08T06:00,46.0,21.4,260.0,7.4,15.2,118.0
2024-02-08T07:00,42.7,19.3,227.0,5.1,14.1,121.0
2024-02-08T08:00,39.6,17.3,208.0,3.7,11.9,115.0
2024-02-08T09:00,36.9,15.6,194.0,3.0,10.0,107.0
2024-02-08T10:00,34.8,14.3,183.0,3.1,9.0,97.0
2024-02-08T11:00,33.4,13.5,178.0,3.9,8.3,85.0
2024-02-08T12:00,40.6,16.4,186.0,5.8,8.5,89.0
2024-02-08T13:00,40.3,16.7,203.0,8.2,7.8,81.0
2024-02-08T14:00,41.4,17.6,227.0,11.5,6.8,70.0
2024-02-08T15:00,41.8,17.9,245.0,13.8,6.0,61.0
2024-02-08T16:00,42.6,18.6,254.0,14.4,5.8,58.0
2024-02-08T17:00,43.5,19.3,257.0,14.1,5.8,58.0
2024-02-08T18:00,43.9,19.7,258.0,13.4,5.8,58.0
2024-02-08T19:00,43.9,19.9,256.0,12.5,5.6,58.0
2024-02-08T20:00,44.0,20.3,251.0,11.3,5.3,58.0
2024-02-08T21:00,44.4,21.0,248.0,10.2,5.0,58.0
2024-02-08T22:00,47.1,23.3,250.0,9.4,4.4,57.0
2024-02-08T23:00,47.7,23.9,255.0,8.7,3.8,55.0
2024-02-09T00:00,48.2,24.7,255.0,8.8,4.1,54.0
2024-02-09T01:00,47.3,23.9,246.0,8.2,4.6,56.0
2024-02-09T02:00,46.9,23.5,233.0,7.3,5.4,59.0
2024-02-09T03:00,45.4,22.5,221.0,6.4,6.2,63.0
2024-02-09T04:00,42.8,21.1,211.0,5.5,7.2,69.0
2024-02-09T05:00,41.6,20.7,203.0,4.5,8.3,76.0
2024-02-09T06:00,41.1,20.7,195.0,3.7,8.9,81.0
2024-02-09T07:00,40.6,20.7,189.0,3.0,8.6,84.0
2024-02-09T08:00,40.0,20.5,184.0,2.4,7.9,85.0
2024-02-09T09:00,38.9,19.9,180.0,2.2,7.1,84.0
2024-02-09T10:00,37.7,19.4,177.0,2.5,6.5,78.0
2024-02-09T11:00,36.2,18.6,176.0,3.2,5.9,70.0
2024-02-09T12:00,33.5,17.1,181.0,4.2,5.6,73.0
2024-02-09T13:00,32.9,16.9,188.0,5.1,5.1,70.0
2024-02-09T14:00,32.9,17.2,197.0,6.2,4.4,66.0
2024-02-09T15:00,34.0,17.8,206.0,7.1,3.9,63.0
2024-02-09T16:00,35.3,18.4,213.0,7.4,3.7,63.0
2024-02-09T17:00,36.8,19.3,220.0,7.3,3.7,64.0
2024-02-09T18:00,39.2,20.7,226.0,7.1,3.7,66.0
2024-02-09T19:00,42.7,22.7,229.0,6.6,3.6,70.0
2024-02-09T20:00,48.5,26.1,231.0,5.9,3.4,74.0
2024-02-09T21:00,54.8,29.9,236.0,5.6,3.5,78.0
2024-02-09T22:00,59.8,32.9,246.0,5.9,3.8,79.0
2024-02-09T23:00,65.2,36.4,258.0,6.6,4.4,79.0
2024-02-10T00:00,68.7,38.9,281.0,8.4,5.7,80.0
2024-02-10T01:00,71.0,40.6,288.0,8.6,6.2,83.0
2024-02-10T02:00,75.4,43.5,297.0,8.7,6.8,87.0
2024-02-10T03:00,79.6,45.3,300.0,8.2,7.0,92.0
2024-02-10T04:00,80.3,45.9,290.0,6.5,6.6,99.0
2024-02-10T05:00,78.9,45.4,273.0,4.1,5.8,106.0
2024-02-10T06:00,76.8,44.2,260.0,2.3,5.1,111.0
2024-02-10T07:00,74.7,43.2,256.0,1.6,4.5,111.0
2024-02-10T08:00,73.6,42.5,257.0,1.4,4.0,108.0
2024-02-10T09:00,71.9,41.7,259.0,1.6,3.6,104.0
2024-02-10T10:00,70.5,40.9,261.0,1.9,3.6,100.0
2024-02-10T11:00,69.8,40.5,264.0,2.6,3.7,95.0
2024-02-10T12:00,71.0,41.3,264.0,3.4,3.8,91.0
2024-02-10T13:00,71.7,41.9,277.0,4.6,3.8,90.0
2024-02-10T14:00,73.3,43.0,294.0,6.3,3.8,88.0
2024-02-10T15:00,75.4,44.2,309.0,7.5,3.8,87.0
2024-02-10T16:00,77.5,45.6,319.0,7.7,3.9,88.0
2024-02-10T17:00,79.6,46.8,325.0,7.4,4.0,91.0
2024-02-10T18:00,80.1,47.0,326.0,6.8,4.0,93.0
2024-02-10T19:00,78.7,46.1,317.0,5.8,3.8,95.0
2024-02-10T20:00,78.2,45.3,302.0,4.6,3.5,98.0
2024-02-10T21:00,76.4,44.1,289.0,3.6,3.3,100.0
2024-02-10T22:00,75.7,43.2,279.0,3.0,3.2,101.0
2024-02-10T23:00,75.0,42.5,270.0,2.8,3.3,102.0
2024-02-11T00:00,73.3,41.2,259.0,2.7,3.2,103.0
2024-02-11T01:00,72.9,40.6,257.0,3.1,3.6,106.0
2024-02-11T02:00,73.8,41.2,253.0,3.7,4.2,110.0
2024-02-11T03:00,74.5,40.4,248.0,3.8,4.6,114.0
2024-02-11T04:00,73.3,39.5,240.0,3.2,4.7,117.0
2024-02-11T05:00,71.7,38.5,230.0,2.2,4.7,120.0
2024-02-11T06:00,69.8,37.3,223.0,1.4,4.6,122.0
2024-02-11T07:00,67.3,35.6,220.0,1.1,4.6,122.0
2024-02-11T08:00,64.3,33.9,219.0,1.2,4.5,121.0
2024-02-11T09:00,59.8,31.2,220.0,1.4,4.6,119.0
2024-02-11T10:00,55.4,28.3,220.0,1.8,4.9,117.0
2024-02-11T11:00,52.0,26.4,220.0,2.4,5.2,115.0
2024-02-11T12:00,54.7,27.4,225.0,3.5,5.5,112.0
2024-02-11T13:00,50.4,25.4,239.0,5.3,5.5,109.0
2024-02-11T14:00,47.4,24.0,258.0,7.8,5.6,106.0
2024-02-11T15:00,45.3,23.1,274.0,9.7,5.6,103.0
2024-02-11T16:00,43.8,22.6,284.0,10.6,5.7,102.0
2024-02-11T17:00,42.5,22.2,290.0,11.0,5.8,101.0
2024-02-11T18:00,41.4,21.9,291.0,10.8,5.7,100.0
2024-02-11T19:00,40.3,21.4,285.0,9.9,5.3,99.0
2024-02-11T20:00,39.3,21.0,274.0,8.5,4.7,99.0
2024-02-11T21:00,37.1,20.1,263.0,7.1,4.2,98.0
2024-02-11T22:00,35.2,19.3,252.0,5.9,3.8,97.0
2024-02-11T23:00,33.6,18.5,240.0,4.7,3.4,95.0
2024-02-12T00:00,33.2,18.2,228.0,3.9,3.3,96.0
2024-02-12T01:00,33.4,18.5,228.0,4.5,3.5,97.0
2024-02-12T02:00,34.5,19.4,226.0,5.2,3.7,99.0
2024-02-12T03:00,34.8,19.2,220.0,5.3,3.8,100.0
2024-02-12T04:00,31.4,17.1,203.0,4.3,3.8,101.0
2024-02-12T05:00,30.3,16.5,182.0,2.7,3.7,103.0
2024-02-12T06:00,29.9,16.4,165.0,1.5,3.6,103.0
2024-02-12T07:00,29.9,16.5,158.0,1.1,3.6,102.0
2024-02-12T08:00,30.0,16.7,157.0,1.2,3.5,99.0
2024-02-12T09:00,30.0,16.8,157.0,1.4,3.5,96.0
2024-02-12T10:00,29.7,16.9,156.0,1.8,3.5,92.0
2024-02-12T11:00,29.9,17.1,157.0,2.4,3.5,88.0
2024-02-12T12:00,31.5,17.9,165.0,3.4,4.3,87.0
2024-02-12T13:00,30.6,17.8,170.0,4.1,4.0,85.0
2024-02-12T14:00,30.9,18.0,178.0,5.1,3.6,82.0
2024-02-12T15:00,31.8,18.6,187.0,6.1,3.4,79.0
2024-02-12T16:00,32.9,19.3,199.0,7.3,3.7,77.0
2024-02-12T17:00,34.7,20.3,213.0,8.6,4.1,75.0
2024-02-12T18:00,36.4,21.3,223.0,9.4,4.4,74.0
2024-02-12T19:00,37.1,21.7,225.0,9.2,4.3,74.0
2024-02-12T20:00,37.4,21.8,224.0,8.5,4.1,75.0
2024-02-12T21:00,36.8,21.4,222.0,7.7,3.8,76.0
2024-02-12T22:00,35.7,20.8,220.0,6.8,3.5,75.0
2024-02-12T23:00,34.3,20.0,218.0,5.8,3.1,74.0
2024-02-13T00:00,35.7,21.1,248.0,7.7,4.2,71.0
2024-02-13T01:00,34.2,20.3,247.0,7.2,4.2,74.0
2024-02-13T02:00,33.9,20.3,244.0,6.4,4.1,78.0
2024-02-13T03:00,32.9,19.4,239.0,5.5,4.0,82.0
2024-02-13T04:00,29.6,17.3,229.0,4.2,3.9,87.0
2024-02-13T05:00,28.2,16.6,216.0,2.8,3.8,91.0
2024-02-13T06:00,27.9,16.4,207.0,1.8,3.7,94.0
2024-02-13T07:00,28.2,16.5,206.0,1.4,3.5,93.0
2024-02-13T08:00,28.3,16.6,208.0,1.4,3.3,89.0
2024-02-13T09:00,28.7,16.8,211.0,1.6,3.2,86.0
2024-02-13T10:00,29.3,17.2,212.0,2.0,3.2,84.0
2024-02-13T11:00,29.5,17.2,214.0,2.6,3.3,81.0
2024-02-13T12:00,28.9,17.1,220.0,3.2,3.5,80.0
2024-02-13T13:00,28.2,16.8,225.0,3.5,3.2,80.0
2024-02-13T14:00,28.4,16.9,232.0,4.0,2.9,80.0
2024-02-13T15:00,29.2,17.3,239.0,4.3,2.6,80.0
2024-02-13T16:00,30.2,17.9,244.0,4.3,2.5,82.0
2024-02-13T17:00,31.4,18.6,248.0,4.2,2.5,84.0
2024-02-13T18:00,32.4,19.2,251.0,3.9,2.4,86.0
2024-02-13T19:00,32.7,19.4,252.0,3.4,2.2,87.0
2024-02-13T20:00,33.1,19.7,251.0,2.9,2.0,87.0
2024-02-13T21:00,33.3,19.8,251.0,2.5,1.9,87.0
2024-02-13T22:00,33.4,19.9,252.0,2.5,2.1,87.0
2024-02-13T23:00,33.5,20.0,254.0,2.7,2.4,86.0
2024-02-14T00:00,29.9,17.9,238.0,2.4,2.1,82.0
2024-02-14T01:00,30.5,18.2,240.0,2.9,2.6,84.0
2024-02-14T02:00,32.5,19.5,243.0,3.5,3.2,86.0
2024-02-14T03:00,32.7,19.2,244.0,3.8,3.7,89.0
2024-02-14T04:00,32.7,19.0,240.0,3.3,3.9,92.0
2024-02-14T05:00,32.6,18.8,235.0,2.3,4.0,95.0
2024-02-14T06:00,32.4,18.5,229.0,1.6,4.0,97.0
2024-02-14T07:00,32.6,18.5,224.0,1.3,3.7,97.0
2024-02-14T08:00,32.5,18.2,220.0,1.2,3.3,96.0
2024-02-14T09:00,32.4,17.9,216.0,1.4,3.0,94.0
2024-02-14T10:00,33.1,18.0,212.0,1.8,3.1,92.0
2024-02-14T11:00,34.7,18.6,209.0,2.3,3.4,88.0
2024-02-14T12:00,31.0,16.8,208.0,3.5,3.7,82.0
2024-02-14T13:00,34.2,18.6,217.0,4.9,3.7,81.0
2024-02-14T14:00,37.4,20.4,229.0,6.8,3.7,80.0
2024-02-14T15:00,41.1,22.4,241.0,8.4,3.9,79.0
2024-02-14T16:00,44.6,24.4,251.0,9.3,4.3,80.0
2024-02-14T17:00,48.0,26.4,261.0,9.9,4.9,82.0
2024-02-14T18:00,49.7,27.6,266.0,9.9,5.2,84.0
2024-02-14T19:00,50.2,28.1,265.0,9.2,5.0,86.0
2024-02-14T20:00,49.8,28.1,259.0,7.9,4.6,87.0
2024-02-14T21:00,48.5,27.6,255.0,6.8,4.2,88.0
2024-02-14T22:00,47.0,26.9,253.0,5.9,3.9,88.0
2024-02-14T23:00,45.6,26.3,251.0,5.0,3.7,86.0
2024-02-15T00:00,45.1,26.1,263.0,5.5,4.0,84.0
2024-02-15T01:00,44.1,25.6,259.0,5.3,4.2,88.0
2024-02-15T02:00,44.4,25.5,254.0,5.0,4.4,95.0
2024-02-15T03:00,44.7,25.5,248.0,4.5,4.6,100.0
2024-02-15T04:00,43.3,24.4,240.0,3.6,4.8,104.0
2024-02-15T05:00,44.0,24.8,231.0,2.5,5.0,107.0
2024-02-15T06:00,45.6,25.8,225.0,1.7,5.1,109.0
2024-02-15T07:00,47.5,26.8,225.0,1.4,4.9,109.0
2024-02-15T08:00,48.0,27.2,229.0,1.3,4.5,108.0
2024-02-15T09:00,47.6,27.2,230.0,1.5,4.2,105.0
2024-02-15T10:00,46.4,26.6,226.0,1.8,4.1,101.0
2024-02-15T11:00,44.7,25.6,220.0,2.4,4.2,95.0
2024-02-15T12:00,45.6,26.1,226.0,3.4,4.5,92.0
2024-02-15T13:00,44.4,25.4,229.0,4.4,4.4,89.0
2024-02-15T14:00,43.1,24.6,232.0,5.8,4.2,85.0
2024-02-15T15:00,41.8,23.7,235.0,6.8,4.0,82.0
2024-02-15T16:00,41.0,23.2,237.0,7.3,4.0,80.0
2024-02-15T17:00,40.3,22.8,238.0,7.4,4.0,79.0
2024-02-15T18:00,39.3,22.3,237.0,7.2,3.9,78.0
2024-02-15T19:00,37.8,21.5,231.0,6.5,3.6,78.0
2024-02-15T20:00,36.7,20.8,224.0,5.6,3.3,78.0
2024-02-15T21:00,35.0,19.9,218.0,4.8,3.0,78.0
2024-02-15T22:00,32.9,19.0,216.0,4.4,2.9,76.0
2024-02-15T23:00,31.4,18.2,217.0,4.1,2.9,75.0
2024-02-16T00:00,31.1,17.9,218.0,3.3,2.7,78.0
2024-02-16T01:00,30.4,17.6,223.0,3.8,3.0,80.0
2024-02-16T02:00,31.1,18.2,231.0,4.5,3.4,83.0
2024-02-16T03:00,30.6,17.5,232.0,4.7,3.8,87.0
2024-02-16T04:00,27.5,15.3,222.0,3.9,4.1,92.0
2024-02-16T05:00,27.2,15.1,207.0,2.6,4.3,97.0
2024-02-16T06:00,27.8,15.4,196.0,1.6,4.4,101.0
2024-02-16T07:00,28.8,16.1,195.0,1.2,4.2,101.0
2024-02-16T08:00,29.6,16.7,198.0,1.2,3.8,100.0
2024-02-16T09:00,30.7,17.5,202.0,1.4,3.5,98.0
2024-02-16T10:00,31.4,18.1,204.0,1.7,3.5,95.0
2024-02-16T11:00,32.2,18.7,207.0,2.3,3.6,92.0
2024-02-16T12:00,30.2,17.5,212.0,3.3,3.9,86.0
2024-02-16T13:00,31.0,18.0,223.0,4.5,3.9,84.0
2024-02-16T14:00,31.7,18.5,238.0,6.3,3.9,81.0
2024-02-16T15:00,32.0,18.8,250.0,7.6,3.9,78.0
2024-02-16T16:00,32.4,19.0,258.0,8.3,4.0,77.0
2024-02-16T17:00,32.8,19.3,264.0,8.6,4.1,76.0
2024-02-16T18:00,33.1,19.6,266.0,8.5,4.1,76.0
2024-02-16T19:00,32.1,19.1,263.0,7.7,3.8,76.0
2024-02-16T20:00,31.4,18.8,256.0,6.5,3.3,76.0
2024-02-16T21:00,30.5,18.3,250.0,5.5,3.0,76.0
2024-02-16T22:00,30.0,18.0,246.0,4.8,2.8,75.0
2024-02-16T23:00,29.8,17.9,243.0,4.2,2.8,75.0
2024-02-17T00:00,27.6,16.6,230.0,3.7,2.6,75.0
2024-02-17T01:00,28.0,16.8,230.0,3.9,2.7,77.0
2024-02-17T02:00,28.9,17.3,231.0,4.1,3.0,81.0
2024-02-17T03:00,29.9,17.9,228.0,4.1,3.3,85.0
2024-02-17T04:00,29.2,17.2,220.0,3.6,3.9,90.0
2024-02-17T05:00,29.6,17.5,210.0,2.7,4.6,95.0
2024-02-17T06:00,30.3,17.8,202.0,2.1,5.0,98.0
2024-02-17T07:00,30.4,17.9,198.0,1.7,4.8,99.0
2024-02-17T08:00,30.4,17.9,197.0,1.5,4.3,99.0
2024-02-17T09:00,30.6,18.0,197.0,1.6,3.9,97.0
2024-02-17T10:00,31.2,18.3,198.0,2.0,3.9,94.0
2024-02-17T11:00,32.0,18.7,200.0,2.6,4.0,89.0
2024-02-17T12:00,34.1,19.9,216.0,3.6,4.0,85.0
2024-02-17T13:00,34.6,20.3,231.0,5.4,4.0,81.0
2024-02-17T14:00,35.4,20.8,252.0,7.8,4.0,76.0
2024-02-17T15:00,36.8,21.7,272.0,10.0,4.2,71.0
2024-02-17T16:00,38.4,22.7,289.0,11.7,4.9,68.0
2024-02-17T17:00,40.5,24.0,305.0,13.2,5.7,67.0
2024-02-17T18:00,42.5,25.3,314.0,13.9,6.2,66.0
2024-02-17T19:00,42.7,25.6,314.0,13.4,6.0,66.0
2024-02-17T20:00,42.1,25.3,308.0,12.2,5.5,66.0
2024-02-17T21:00,41.3,24.9,301.0,10.9,5.0,66.0
2024-02-17T22:00,42.7,25.8,294.0,9.6,4.4,66.0
2024-02-17T23:00,42.7,25.9,287.0,8.2,3.8,65.0
2024-02-18T00:00,42.7,26.0,310.0,9.5,3.9,62.0
2024-02-18T01:00,42.5,26.0,297.0,8.8,4.5,65.0
2024-02-18T02:00,45.1,27.7,279.0,7.8,5.3,70.0
2024-02-18T03:00,43.7,26.0,261.0,6.7,6.1,76.0
2024-02-18T04:00,42.5,24.9,244.0,5.6,7.0,83.0
2024-02-18T05:00,42.0,24.5,226.0,4.5,8.0,90.0
2024-02-18T06:00,40.6,23.6,212.0,3.6,8.4,96.0
2024-02-18T07:00,38.8,22.3,201.0,2.8,7.8,99.0
2024-02-18T08:00,37.0,21.2,194.0,2.1,6.8,99.0
2024-02-18T09:00,35.5,20.1,190.0,1.9,5.9,98.0
2024-02-18T10:00,34.0,19.2,189.0,2.1,5.6,93.0
2024-02-18T11:00,32.6,18.3,191.0,2.8,5.6,87.0
2024-02-18T12:00,25.2,14.3,224.0,4.4,5.4,77.0
2024-02-18T13:00,27.8,15.9,246.0,7.1,5.4,73.0
2024-02-18T14:00,29.3,16.9,276.0,10.7,5.3,67.0
2024-02-18T15:00,30.4,17.6,297.0,13.1,5.2,63.0
2024-02-18T16:00,31.5,18.1,303.0,13.3,5.1,62.0
2024-02-18T17:00,32.5,18.6,301.0,12.2,5.0,64.0
2024-02-18T18:00,33.1,18.9,293.0,10.8,4.8,65.0
2024-02-18T19:00,33.3,18.7,276.0,9.0,4.3,67.0
2024-02-18T20:00,33.8,18.7,253.0,6.8,3.7,69.0
2024-02-18T21:00,34.9,19.3,239.0,5.4,3.3,70.0
2024-02-18T22:00,39.5,22.2,243.0,5.3,3.0,68.0
2024-02-18T23:00,41.4,23.7,255.0,6.0,2.9,65.0
2024-02-19T00:00,43.2,25.0,283.0,8.3,4.0,61.0
2024-02-19T01:00,43.8,25.3,277.0,8.1,5.0,64.0
2024-02-19T02:00,44.7,26.0,268.0,7.7,6.3,67.0
2024-02-19T03:00,41.3,23.3,255.0,7.0,7.2,72.0
2024-02-19T04:00,39.0,21.7,235.0,5.7,7.3,78.0
2024-02-19T05:00,37.3,20.7,212.0,4.1,7.0,85.0
2024-02-19T06:00,36.3,20.3,194.0,2.8,6.6,90.0
2024-02-19T07:00,36.1,20.2,185.0,2.1,6.0,93.0
2024-02-19T08:00,36.0,20.2,182.0,1.9,5.3,94.0
2024-02-19T09:00,36.2,20.4,181.0,1.9,4.8,94.0
2024-02-19T10:00,36.4,20.5,181.0,2.2,4.6,91.0
2024-02-19T11:00,36.8,20.8,183.0,2.7,4.6,86.0
2024-02-19T12:00,45.6,26.1,197.0,4.1,5.0,81.0
2024-02-19T13:00,46.1,26.4,209.0,5.5,4.8,78.0
2024-02-19T14:00,46.3,26.7,226.0,7.3,4.6,73.0
2024-02-19T15:00,46.0,26.6,240.0,8.7,4.4,70.0
2024-02-19T16:00,45.5,26.5,249.0,9.1,4.4,69.0
2024-02-19T17:00,45.6,26.7,256.0,9.0,4.4,69.0
2024-02-19T18:00,45.3,26.5,259.0,8.6,4.4,70.0
2024-02-19T19:00,44.2,26.0,255.0,7.7,4.1,71.0
2024-02-19T20:00,42.7,25.3,248.0,6.5,3.7,72.0
2024-02-19T21:00,41.9,25.0,245.0,5.7,3.5,72.0
2024-02-19T22:00,41.9,25.1,251.0,5.8,3.5,70.0
2024-02-19T23:00,42.6,25.7,261.0,6.5,3.6,67.0
2024-02-20T00:00,41.7,25.1,258.0,6.0,4.5,71.0
2024-02-20T01:00,43.9,26.8,272.0,6.8,4.7,71.0
2024-02-20T02:00,46.7,28.8,289.0,7.8,5.1,72.0
2024-02-20T03:00,47.5,29.0,296.0,8.1,5.7,75.0
2024-02-20T04:00,44.7,26.7,281.0,7.0,6.9,84.0
2024-02-20T05:00,45.1,27.0,254.0,5.2,8.4,96.0
2024-02-20T06:00,45.6,27.4,233.0,3.7,9.1,105.0
2024-02-20T07:00,45.6,27.4,223.0,2.8,8.5,109.0
2024-02-20T08:00,45.6,27.4,219.0,2.2,7.1,109.0
2024-02-20T09:00,45.9,27.5,217.0,2.1,6.1,108.0
2024-02-20T10:00,46.1,27.7,216.0,2.5,5.9,104.0
2024-02-20T11:00,46.1,27.8,218.0,3.4,6.0,97.0
2024-02-20T12:00,40.5,24.4,218.0,4.3,5.6,90.0
2024-02-20T13:00,41.3,25.0,230.0,5.6,5.3,86.0
2024-02-20T14:00,41.7,25.3,245.0,7.4,4.9,79.0
2024-02-20T15:00,42.0,25.6,257.0,8.6,4.5,75.0
2024-02-20T16:00,42.4,25.7,261.0,8.6,4.3,74.0
2024-02-20T17:00,42.5,25.7,260.0,8.0,4.1,74.0
2024-02-20T18:00,42.5,25.7,257.0,7.1,3.8,75.0
2024-02-20T19:00,40.9,24.7,249.0,6.0,3.4,76.0
2024-02-20T20:00,39.6,24.0,239.0,4.6,2.9,77.0
2024-02-20T21:00,38.4,23.2,232.0,3.7,2.6,77.0
2024-02-20T22:00,37.7,22.8,231.0,3.5,2.6,76.0
2024-02-20T23:00,37.6,22.8,235.0,3.7,2.8,75.0
2024-02-21T00:00,37.5,22.7,232.0,3.5,2.9,75.0
2024-02-21T01:00,38.6,23.4,238.0,4.3,3.6,75.0
2024-02-21T02:00,40.6,24.6,245.0,5.4,4.7,75.0
2024-02-21T03:00,41.1,24.9,249.0,6.0,5.8,78.0
2024-02-21T04:00,39.5,23.8,245.0,5.6,7.1,87.0
2024-02-21T05:00,39.2,23.6,238.0,4.6,8.6,98.0
2024-02-21T06:00,39.2,23.6,230.0,3.7,9.3,107.0
2024-02-21T07:00,39.0,23.3,224.0,3.0,8.8,111.0
2024-02-21T08:00,38.6,23.1,217.0,2.4,7.7,113.0
2024-02-21T09:00,38.5,23.0,213.0,2.3,6.8,112.0
2024-02-21T10:00,38.3,22.9,211.0,2.8,6.5,107.0
2024-02-21T11:00,38.1,22.7,210.0,3.8,6.3,98.0
2024-02-21T12:00,40.3,24.0,218.0,5.9,7.1,96.0
2024-02-21T13:00,41.8,25.1,225.0,6.9,6.2,88.0
2024-02-21T14:00,41.2,24.7,235.0,8.3,5.0,76.0
2024-02-21T15:00,40.4,24.2,240.0,9.1,4.0,68.0
2024-02-21T16:00,40.2,23.9,237.0,8.7,3.5,66.0
2024-02-21T17:00,40.3,24.0,229.0,7.6,3.4,66.0
2024-02-21T18:00,39.8,23.9,222.0,6.6,3.2,67.0
2024-02-21T19:00,39.8,23.9,217.0,5.7,3.0,67.0
2024-02-21T20:00,40.2,24.0,212.0,4.8,2.9,68.0
2024-02-21T21:00,40.2,24.0,209.0,4.1,2.8,68.0
2024-02-21T22:00,39.8,23.9,207.0,3.7,2.8,68.0
2024-02-21T23:00,38.9,23.4,206.0,3.5,3.0,67.0
2024-02-22T00:00,38.1,23.1,200.0,3.4,3.2,68.0
2024-02-22T01:00,37.3,22.4,204.0,4.0,3.8,68.0
2024-02-22T02:00,37.5,22.4,208.0,4.9,4.7,68.0
2024-02-22T03:00,36.2,21.5,211.0,5.3,5.7,71.0
2024-02-22T04:00,34.7,20.5,210.0,5.0,7.0,78.0
2024-02-22T05:00,33.2,19.7,207.0,4.3,8.4,88.0
2024-02-22T06:00,32.2,19.1,204.0,3.6,9.3,96.0
2024-02-22T07:00,32.7,19.3,200.0,3.0,9.2,103.0
2024-02-22T08:00,33.2,19.6,195.0,2.5,8.5,108.0
2024-02-22T09:00,33.4,19.7,191.0,2.4,7.8,109.0
2024-02-22T10:00,33.4,19.5,188.0,2.9,7.1,102.0
2024-02-22T11:00,33.6,19.5,187.0,3.7,6.3,91.0
2024-02-22T12:00,41.4,23.8,194.0,5.2,5.3,79.0
2024-02-22T13:00,38.8,22.1,198.0,5.7,4.8,73.0
2024-02-22T14:00,36.4,20.8,203.0,6.3,4.0,66.0
2024-02-22T15:00,35.0,20.1,205.0,6.6,3.4,60.0
2024-02-22T16:00,34.8,20.0,202.0,6.1,3.1,59.0
2024-02-22T17:00,35.0,20.0,197.0,5.2,3.0,60.0
2024-02-22T18:00,35.3,20.1,192.0,4.4,2.9,61.0
2024-02-22T19:00,35.4,20.1,188.0,3.8,2.7,61.0
2024-02-22T20:00,36.2,20.6,183.0,3.2,2.5,62.0
2024-02-22T21:00,36.9,21.0,181.0,2.9,2.4,62.0
2024-02-22T22:00,36.9,21.2,180.0,2.8,2.5,62.0
2024-02-22T23:00,37.1,21.4,182.0,2.8,2.8,62.0
2024-02-23T00:00,36.1,20.9,187.0,3.0,3.0,63.0
2024-02-23T01:00,36.6,21.4,199.0,3.9,3.9,65.0
2024-02-23T02:00,38.6,22.6,215.0,5.1,5.1,69.0
2024-02-23T03:00,39.6,23.2,229.0,5.7,6.3,76.0
2024-02-23T04:00,41.2,24.3,239.0,5.3,7.5,88.0
2024-02-23T05:00,42.0,24.7,246.0,4.3,8.7,102.0
2024-02-23T06:00,44.1,25.9,249.0,3.5,9.2,113.0
2024-02-23T07:00,48.4,28.6,247.0,2.9,8.4,117.0
2024-02-23T08:00,47.0,27.8,240.0,2.4,6.8,117.0
2024-02-23T09:00,46.2,27.4,235.0,2.3,5.6,114.0
2024-02-23T10:00,45.3,26.8,232.0,2.9,5.3,106.0
2024-02-23T11:00,44.4,26.2,229.0,3.8,5.4,96.0
2024-02-23T12:00,46.6,27.4,239.0,4.8,5.7,85.0
2024-02-23T13:00,43.2,25.2,237.0,5.0,5.0,80.0
2024-02-23T14:00,41.7,24.3,235.0,5.2,4.1,73.0
2024-02-23T15:00,41.8,24.4,232.0,5.2,3.4,68.0
2024-02-23T16:00,42.0,24.6,227.0,4.8,3.1,66.0
2024-02-23T17:00,42.7,25.0,222.0,4.2,2.9,65.0
2024-02-23T18:00,43.2,25.3,217.0,3.7,2.8,65.0
2024-02-23T19:00,43.3,25.3,213.0,3.4,2.7,64.0
2024-02-23T20:00,43.7,25.4,209.0,3.2,2.6,63.0
2024-02-23T21:00,43.8,25.4,206.0,3.0,2.6,62.0
2024-02-23T22:00,42.6,24.9,204.0,2.9,2.6,61.0
2024-02-23T23:00,41.8,24.5,202.0,2.9,2.7,61.0
2024-02-24T00:00,39.3,23.3,194.0,3.2,2.9,61.0
2024-02-24T01:00,39.2,23.1,193.0,3.5,3.4,63.0
2024-02-24T02:00,39.5,23.1,191.0,4.0,4.2,65.0
2024-02-24T03:00,38.3,22.3,189.0,4.1,4.8,69.0
2024-02-24T04:00,37.3,21.7,185.0,3.6,5.1,74.0
2024-02-24T05:00,36.7,21.3,181.0,2.8,5.3,80.0
2024-02-24T06:00,36.8,21.2,177.0,2.1,5.3,85.0
2024-02-24T07:00,36.9,21.3,174.0,1.8,5.1,87.0
2024-02-24T08:00,37.1,21.4,172.0,1.6,4.8,88.0
2024-02-24T09:00,37.5,21.5,170.0,1.7,4.5,87.0
2024-02-24T10:00,37.3,21.4,169.0,2.1,4.4,84.0
2024-02-24T11:00,36.7,21.1,169.0,2.8,4.4,79.0
2024-02-24T12:00,36.7,21.3,191.0,5.4,5.8,74.0
2024-02-24T13:00,37.0,21.5,193.0,5.6,5.6,73.0
2024-02-24T14:00,37.4,21.7,196.0,5.9,5.4,71.0
2024-02-24T15:00,37.6,21.9,197.0,6.0,5.0,69.0
2024-02-24T16:00,37.0,21.6,197.0,5.8,4.5,67.0
2024-02-24T17:00,36.1,21.1,195.0,5.3,3.9,66.0
2024-02-24T18:00,34.6,20.1,192.0,4.8,3.4,65.0
2024-02-24T19:00,33.1,19.2,187.0,4.1,3.0,65.0
2024-02-24T20:00,32.1,18.5,180.0,3.4,2.7,66.0
2024-02-24T21:00,31.4,17.9,176.0,2.9,2.5,66.0
2024-02-24T22:00,31.0,17.6,175.0,2.8,2.4,66.0
2024-02-24T23:00,30.7,17.4,177.0,2.9,2.5,65.0
2024-02-25T00:00,34.0,19.3,193.0,4.3,3.4,63.0
2024-02-25T01:00,35.3,20.1,190.0,4.4,4.0,65.0
2024-02-25T02:00,37.6,21.5,186.0,4.4,4.8,68.0
2024-02-25T03:00,36.6,20.5,182.0,4.2,5.4,71.0
2024-02-25T04:00,36.0,20.3,177.0,3.5,5.5,75.0
2024-02-25T05:00,36.2,20.4,171.0,2.6,5.3,79.0
2024-02-25T06:00,36.2,20.4,167.0,1.9,5.1,82.0
2024-02-25T07:00,36.2,20.4,164.0,1.6,4.9,82.0
2024-02-25T08:00,36.1,20.4,162.0,1.5,4.7,81.0
2024-02-25T09:00,35.0,19.8,162.0,1.6,4.5,79.0
2024-02-25T10:00,32.7,18.6,162.0,1.9,4.3,75.0
2024-02-25T11:00,31.7,18.2,164.0,2.5,4.2,69.0
2024-02-25T12:00,38.8,22.2,164.0,3.4,4.3,65.0
2024-02-25T13:00,40.4,23.1,171.0,4.3,4.3,64.0
2024-02-25T14:00,42.5,24.2,180.0,5.6,4.2,63.0
2024-02-25T15:00,44.2,25.1,188.0,6.5,4.1,62.0
2024-02-25T16:00,44.5,25.1,193.0,6.9,4.0,61.0
2024-02-25T17:00,44.0,24.8,197.0,7.0,3.9,60.0
2024-02-25T18:00,42.7,24.0,197.0,6.7,3.7,60.0
2024-02-25T19:00,41.4,23.2,192.0,5.9,3.2,60.0
2024-02-25T20:00,39.8,22.4,184.0,4.7,2.7,60.0
2024-02-25T21:00,38.4,21.6,178.0,3.8,2.2,60.0
2024-02-25T22:00,37.7,21.2,175.0,3.2,1.9,59.0
2024-02-25T23:00,36.4,20.5,175.0,2.9,1.8,59.0
2024-02-26T00:00,37.7,21.2,175.0,2.7,2.0,60.0
2024-02-26T01:00,38.8,22.0,179.0,2.9,2.4,62.0
2024-02-26T02:00,39.2,22.4,183.0,3.3,2.9,64.0
2024-02-26T03:00,38.5,22.1,186.0,3.3,3.3,66.0
2024-02-26T04:00,38.8,22.1,184.0,2.8,3.4,68.0
2024-02-26T05:00,38.3,21.8,180.0,2.1,3.4,71.0
2024-02-26T06:00,36.8,20.9,176.0,1.5,3.3,72.0
2024-02-26T07:00,35.5,20.2,174.0,1.3,3.2,72.0
2024-02-26T08:00,35.0,19.9,172.0,1.2,3.0,71.0
2024-02-26T09:00,34.5,19.5,171.0,1.3,2.9,70.0
2024-02-26T10:00,34.1,19.3,171.0,1.7,2.9,68.0
2024-02-26T11:00,33.9,19.2,171.0,2.2,2.9,65.0
2024-02-26T12:00,38.2,21.8,184.0,2.9,3.1,64.0
2024-02-26T13:00,37.5,21.4,186.0,3.2,3.1,64.0
2024-02-26T14:00,37.0,21.2,189.0,3.5,3.1,64.0
2024-02-26T15:00,36.3,20.8,191.0,3.8,3.0,64.0
2024-02-26T16:00,36.0,20.7,193.0,4.0,2.9,64.0
2024-02-26T17:00,35.9,20.7,195.0,4.1,2.8,65.0
2024-02-26T18:00,35.5,20.4,196.0,4.1,2.7,65.0
2024-02-26T19:00,34.8,20.0,195.0,3.8,2.5,65.0
2024-02-26T20:00,34.0,19.5,192.0,3.3,2.3,65.0
2024-02-26T21:00,33.1,19.0,190.0,2.9,2.1,65.0
2024-02-26T22:00,31.8,18.2,189.0,2.8,2.0,64.0
2024-02-26T23:00,30.7,17.5,190.0,2.7,2.0,63.0
2024-02-27T00:00,29.1,16.8,187.0,3.0,2.2,64.0
2024-02-27T01:00,28.5,16.5,187.0,3.1,2.6,65.0
2024-02-27T02:00,28.4,16.5,186.0,3.2,3.1,67.0
2024-02-27T03:00,25.9,14.8,185.0,3.1,3.5,69.0
2024-02-27T04:00,25.3,14.4,181.0,2.6,3.6,71.0
2024-02-27T05:00,25.6,14.6,177.0,1.9,3.5,73.0
2024-02-27T06:00,26.7,15.3,174.0,1.4,3.3,74.0
2024-02-27T07:00,28.3,16.4,175.0,1.2,3.1,75.0
2024-02-27T08:00,29.9,17.5,179.0,1.1,2.8,75.0
2024-02-27T09:00,31.8,18.6,183.0,1.3,2.7,75.0
2024-02-27T10:00,33.6,19.9,186.0,1.6,2.8,74.0
2024-02-27T11:00,34.9,20.8,188.0,2.1,3.0,72.0
2024-02-27T12:00,27.8,16.4,192.0,3.1,3.4,71.0
2024-02-27T13:00,31.0,18.5,200.0,4.0,3.5,71.0
2024-02-27T14:00,34.8,21.0,211.0,5.3,3.5,71.0
2024-02-27T15:00,37.8,23.0,221.0,6.4,3.6,71.0
2024-02-27T16:00,40.4,24.6,230.0,7.1,3.6,71.0
2024-02-27T17:00,42.3,25.9,239.0,7.6,3.7,70.0
2024-02-27T18:00,43.7,26.8,244.0,7.7,3.6,70.0
2024-02-27T19:00,43.8,26.9,242.0,7.0,3.4,70.0
2024-02-27T20:00,43.4,26.8,236.0,5.9,3.0,69.0
2024-02-27T21:00,43.0,26.5,230.0,5.0,2.8,69.0
2024-02-27T22:00,42.1,26.0,227.0,4.5,2.7,68.0
2024-02-27T23:00,41.4,25.6,225.0,4.2,2.7,68.0
2024-02-28T00:00,39.3,24.5,230.0,4.8,2.9,66.0
2024-02-28T01:00,38.6,24.2,223.0,4.6,3.4,70.0
2024-02-28T02:00,39.1,24.2,213.0,4.2,4.1,75.0
2024-02-28T03:00,38.1,23.4,204.0,3.7,4.5,79.0
2024-02-28T04:00,37.1,22.8,196.0,3.0,4.5,81.0
2024-02-28T05:00,35.6,21.7,189.0,2.2,4.3,83.0
2024-02-28T06:00,35.4,21.5,183.0,1.6,4.0,83.0
2024-02-28T07:00,35.5,21.6,180.0,1.3,3.7,83.0
2024-02-28T08:00,34.8,21.2,178.0,1.3,3.3,82.0
2024-02-28T09:00,33.9,20.7,178.0,1.4,3.1,80.0
2024-02-28T10:00,32.7,20.0,179.0,1.7,3.1,77.0
2024-02-28T11:00,32.6,19.8,181.0,2.3,3.2,74.0
2024-02-28T12:00,40.5,24.6,200.0,3.0,3.3,70.0
2024-02-28T13:00,40.6,24.8,208.0,3.8,3.3,70.0
2024-02-28T14:00,40.4,24.6,218.0,4.9,3.3,69.0
2024-02-28T15:00,40.6,24.9,229.0,5.9,3.3,69.0
2024-02-28T16:00,41.1,25.1,240.0,6.8,3.5,69.0
2024-02-28T17:00,41.9,25.7,250.0,7.7,3.7,68.0
2024-02-28T18:00,42.6,26.2,258.0,8.2,3.9,68.0
2024-02-28T19:00,42.8,26.3,262.0,8.2,4.0,68.0
2024-02-28T20:00,42.1,26.1,262.0,7.9,4.0,68.0
2024-02-28T21:00,40.3,25.3,263.0,7.5,3.9,67.0
2024-02-28T22:00,38.6,24.4,264.0,7.1,3.7,65.0
2024-02-28T23:00,37.5,23.9,264.0,6.7,3.4,63.0
2024-02-29T00:00,37.6,23.8,262.0,6.1,3.4,67.0
2024-02-29T01:00,37.0,23.5,258.0,5.9,3.8,71.0
2024-02-29T02:00,37.7,24.1,251.0,5.6,4.4,76.0
2024-02-29T03:00,36.6,22.9,243.0,5.1,5.1,81.0
2024-02-29T04:00,35.4,22.3,233.0,4.4,6.1,86.0
2024-02-29T05:00,34.1,21.5,221.0,3.6,7.2,92.0
2024-02-29T06:00,33.1,20.8,211.0,2.9,7.7,95.0
2024-02-29T07:00,32.0,20.1,203.0,2.3,6.9,95.0
2024-02-29T08:00,31.1,19.6,197.0,1.7,5.4,94.0
2024-02-29T09:00,30.2,19.0,193.0,1.5,4.3,91.0
2024-02-29T10:00,29.5,18.5,192.0,1.8,4.0,86.0
2024-02-29T11:00,29.6,18.6,194.0,2.4,4.0,81.0
2024-02-29T12:00,42.4,26.7,204.0,3.9,4.4,77.0
2024-02-29T13:00,44.7,28.2,210.0,4.7,4.2,76.0
2024-02-29T14:00,46.2,29.0,218.0,5.7,3.8,74.0
2024-02-29T15:00,47.1,29.6,225.0,6.5,3.6,72.0
2024-02-29T16:00,47.7,29.9,229.0,6.9,3.5,71.0
2024-02-29T17:00,48.1,30.2,232.0,7.0,3.5,71.0
2024-02-29T18:00,47.4,29.9,234.0,7.0,3.5,71.0
2024-02-29T19:00,46.8,29.6,233.0,6.7,3.6,72.0
2024-02-29T20:00,46.6,29.4,230.0,6.3,3.7,72.0
2024-02-29T21:00,45.6,28.9,230.0,6.0,3.7,72.0
2024-02-29T22:00,45.6,29.1,237.0,6.1,3.4,69.0
2024-02-29T23:00,46.0,29.6,246.0,6.3,2.9,65.0
2024-03-01T00:00,46.8,30.4,268.0,7.7,3.4,62.0
2024-03-01T01:00,46.0,29.9,255.0,7.1,4.2,65.0
2024-03-01T02:00,45.4,29.6,238.0,6.3,5.3,70.0
2024-03-01T03:00,41.7,26.8,223.0,5.5,6.3,75.0
2024-03-01T04:00,38.6,24.9,215.0,4.6,7.0,80.0
2024-03-01T05:00,36.6,23.4,210.0,3.8,7.6,85.0
2024-03-01T06:00,33.8,21.6,205.0,3.0,7.6,88.0
2024-03-01T07:00,32.1,20.5,199.0,2.3,6.7,89.0
2024-03-01T08:00,31.4,20.0,193.0,1.8,5.3,89.0
2024-03-01T09:00,30.6,19.4,189.0,1.6,4.3,87.0
2024-03-01T10:00,31.0,19.6,188.0,1.9,4.1,83.0
2024-03-01T11:00,32.6,20.6,190.0,2.5,4.2,79.0
2024-03-01T12:00,42.7,26.8,197.0,4.0,4.2,73.0
2024-03-01T13:00,47.3,29.7,208.0,5.4,4.1,71.0
2024-03-01T14:00,51.7,32.5,223.0,7.5,4.0,67.0
2024-03-01T15:00,55.3,34.8,240.0,9.5,4.2,64.0
2024-03-01T16:00,58.4,36.8,258.0,11.4,4.8,62.0
2024-03-01T17:00,61.2,38.5,278.0,13.2,5.7,60.0
2024-03-01T18:00,62.6,39.8,296.0,14.5,6.3,59.0
2024-03-01T19:00,63.3,40.4,313.0,15.0,6.5,58.0
2024-03-01T20:00,63.6,40.6,329.0,15.1,6.5,58.0
2024-03-01T21:00,64.0,41.3,340.0,14.9,6.5,57.0
2024-03-01T22:00,62.6,40.5,343.0,14.5,6.2,56.0
2024-03-01T23:00,61.2,39.5,341.0,14.0,5.9,54.0
2024-03-02T00:00,59.3,38.6,353.0,13.8,6.6,56.0
2024-03-02T01:00,60.1,39.0,325.0,12.3,7.2,59.0
2024-03-02T02:00,61.0,39.7,286.0,10.3,8.0,63.0
2024-03-02T03:00,59.8,38.4,255.0,8.4,8.8,69.0
2024-03-02T04:00,59.5,38.3,239.0,7.1,9.9,80.0
2024-03-02T05:00,56.7,36.4,231.0,5.9,11.0,94.0
2024-03-02T06:00,54.5,34.9,224.0,4.9,11.4,104.0
2024-03-02T07:00,52.7,33.5,216.0,3.8,10.4,109.0
2024-03-02T08:00,51.7,32.4,208.0,2.9,8.7,111.0
2024-03-02T09:00,50.6,31.4,204.0,2.5,7.4,109.0
2024-03-02T10:00,49.7,30.6,203.0,2.9,7.0,103.0
2024-03-02T11:00,48.8,29.9,204.0,3.9,6.9,94.0
2024-03-02T12:00,64.0,39.2,215.0,5.6,7.3,101.0
2024-03-02T13:00,65.4,40.5,218.0,6.1,6.3,93.0
2024-03-02T14:00,65.2,40.4,222.0,6.8,4.9,81.0
2024-03-02T15:00,64.7,39.6,225.0,7.1,3.8,73.0
2024-03-02T16:00,64.5,38.8,224.0,6.8,3.4,71.0
2024-03-02T17:00,65.0,38.4,222.0,6.1,3.3,73.0
2024-03-02T18:00,65.2,37.6,220.0,5.3,3.2,75.0
2024-03-02T19:00,65.4,37.1,218.0,4.4,3.0,77.0
2024-03-02T20:00,65.7,36.6,216.0,3.4,2.8,78.0
2024-03-02T21:00,64.5,36.0,216.0,2.8,2.8,80.0
2024-03-02T22:00,64.7,36.0,220.0,2.6,2.9,81.0
2024-03-02T23:00,65.4,36.3,227.0,2.8,3.1,81.0
2024-03-03T00:00,66.6,36.8,236.0,2.8,3.1,86.0
2024-03-03T01:00,68.0,37.3,244.0,3.5,4.0,88.0
2024-03-03T02:00,69.4,38.1,254.0,4.4,5.2,91.0
2024-03-03T03:00,69.6,36.8,259.0,4.8,6.2,94.0
2024-03-03T04:00,68.7,35.7,253.0,4.3,6.9,99.0
2024-03-03T05:00,67.3,34.6,242.0,3.3,7.5,104.0
2024-03-03T06:00,66.1,33.6,232.0,2.5,7.7,108.0
2024-03-03T07:00,65.2,33.1,226.0,2.1,7.3,110.0
2024-03-03T08:00,64.0,32.4,221.0,1.8,6.6,110.0
2024-03-03T09:00,62.9,31.8,218.0,1.9,6.1,108.0
2024-03-03T10:00,61.7,31.1,217.0,2.4,6.2,104.0
2024-03-03T11:00,61.0,30.6,218.0,3.3,6.6,99.0
2024-03-03T12:00,59.6,30.0,219.0,4.9,7.4,93.0
2024-03-03T13:00,59.3,30.5,227.0,5.7,6.7,88.0
2024-03-03T14:00,58.9,30.6,238.0,6.8,5.8,82.0
2024-03-03T15:00,58.1,30.2,247.0,7.7,5.1,77.0
2024-03-03T16:00,57.5,30.2,253.0,8.1,4.9,75.0
2024-03-03T17:00,57.3,30.2,257.0,8.2,5.0,74.0
2024-03-03T18:00,57.3,30.3,259.0,8.1,5.1,74.0
2024-03-03T19:00,56.1,29.9,258.0,7.6,5.0,74.0
2024-03-03T20:00,55.3,29.6,255.0,6.8,4.9,74.0
2024-03-03T21:00,54.6,29.3,253.0,6.1,4.8,74.0
2024-03-03T22:00,53.9,29.0,252.0,5.7,4.6,74.0
2024-03-03T23:00,53.2,28.8,252.0,5.6,4.3,73.0
2024-03-04T00:00,54.2,29.5,244.0,4.7,3.6,77.0
2024-03-04T01:00,55.4,30.3,240.0,4.9,4.5,79.0
2024-03-04T02:00,55.5,30.0,235.0,5.2,5.7,82.0
2024-03-04T03:00,53.9,28.6,228.0,5.1,6.7,86.0
2024-03-04T04:00,51.6,27.3,219.0,4.4,7.5,91.0
2024-03-04T05:00,49.7,26.5,209.0,3.5,8.0,96.0
2024-03-04T06:00,48.2,26.0,201.0,2.7,8.3,100.0
2024-03-04T07:00,47.4,25.6,195.0,2.2,8.1,101.0
2024-03-04T08:00,46.6,25.2,191.0,1.9,7.5,100.0
2024-03-04T09:00,45.9,24.9,188.0,1.9,7.0,98.0
2024-03-04T10:00,44.9,24.3,185.0,2.3,6.8,93.0
2024-03-04T11:00,44.0,23.8,184.0,3.1,6.7,87.0
2024-03-04T12:00,46.1,25.1,187.0,3.9,6.2,78.0
2024-03-04T13:00,45.9,25.3,197.0,5.1,5.9,76.0
2024-03-04T14:00,46.3,25.7,210.0,6.6,5.4,72.0
2024-03-04T15:00,46.4,26.0,222.0,7.8,5.0,70.0
2024-03-04T16:00,46.6,26.3,230.0,8.2,4.8,70.0
2024-03-04T17:00,47.1,26.7,236.0,8.2,4.6,71.0
2024-03-04T18:00,47.0,26.7,240.0,7.9,4.4,72.0
2024-03-04T19:00,46.7,26.4,239.0,7.2,4.2,72.0
2024-03-04T20:00,46.1,26.1,236.0,6.3,4.0,72.0
2024-03-04T21:00,45.6,25.9,235.0,5.7,3.9,71.0
2024-03-04T22:00,44.6,25.6,237.0,5.6,3.9,70.0
2024-03-04T23:00,43.5,25.1,241.0,5.8,4.0,68.0
2024-03-05T00:00,44.6,25.8,246.0,6.8,4.7,67.0
2024-03-05T01:00,45.4,26.4,243.0,7.2,6.4,69.0
2024-03-05T02:00,47.0,27.4,238.0,7.7,8.8,71.0
2024-03-05T03:00,46.0,26.3,232.0,7.7,10.6,76.0
2024-03-05T04:00,44.7,25.4,225.0,6.8,11.6,86.0
2024-03-05T05:00,44.0,24.9,217.0,5.4,12.1,99.0
2024-03-05T06:00,42.3,23.8,209.0,4.1,11.9,107.0
2024-03-05T07:00,39.8,22.5,200.0,3.1,10.7,107.0
2024-03-05T08:00,37.4,21.2,192.0,2.3,8.8,102.0
2024-03-05T09:00,35.4,20.1,185.0,1.9,7.3,96.0
2024-03-05T10:00,33.3,18.9,181.0,2.3,6.7,90.0
2024-03-05T11:00,31.4,17.8,178.0,3.1,6.4,83.0
2024-03-05T12:00,39.8,22.6,188.0,4.7,7.1,79.0
2024-03-05T13:00,38.5,22.0,189.0,5.1,6.3,75.0
2024-03-05T14:00,37.6,21.6,192.0,5.6,5.3,70.0
2024-03-05T15:00,36.3,20.9,196.0,6.3,4.5,65.0
2024-03-05T16:00,36.1,20.8,205.0,7.2,4.3,62.0
2024-03-05T17:00,36.3,21.1,216.0,8.2,4.3,61.0
2024-03-05T18:00,36.2,21.0,223.0,8.7,4.3,60.0
2024-03-05T19:00,35.7,20.7,223.0,8.3,4.2,60.0
2024-03-05T20:00,34.7,20.2,219.0,7.4,4.0,61.0
2024-03-05T21:00,33.8,19.7,216.0,6.6,3.8,61.0
2024-03-05T22:00,32.8,19.2,216.0,6.3,3.5,60.0
2024-03-05T23:00,31.8,18.7,216.0,6.1,3.3,58.0
2024-03-06T00:00,34.3,20.5,238.0,7.7,4.3,56.0
2024-03-06T01:00,35.0,21.0,231.0,7.2,4.8,58.0
2024-03-06T02:00,34.8,20.8,220.0,6.4,5.4,61.0
2024-03-06T03:00,32.7,19.1,210.0,5.6,6.2,66.0
2024-03-06T04:00,30.7,17.7,201.0,4.8,7.1,72.0
2024-03-06T05:00,29.6,16.9,192.0,4.1,8.2,80.0
2024-03-06T06:00,29.8,17.1,186.0,3.4,8.8,87.0
2024-03-06T07:00,30.5,17.5,183.0,2.8,8.7,94.0
2024-03-06T08:00,31.0,17.8,182.0,2.4,8.3,99.0
2024-03-06T09:00,30.7,17.8,182.0,2.3,7.9,101.0
2024-03-06T10:00,30.4,17.5,181.0,2.7,7.8,96.0
2024-03-06T11:00,29.7,17.1,180.0,3.4,7.7,86.0
2024-03-06T12:00,44.1,25.1,199.0,5.4,8.4,83.0
2024-03-06T13:00,44.2,25.4,210.0,6.9,7.7,75.0
2024-03-06T14:00,44.1,25.5,226.0,8.9,6.7,63.0
2024-03-06T15:00,43.3,25.1,236.0,10.1,5.8,55.0
2024-03-06T16:00,42.4,24.6,236.0,9.9,5.0,53.0
2024-03-06T17:00,41.3,24.0,231.0,9.0,4.3,53.0
2024-03-06T18:00,39.7,23.1,223.0,7.8,3.7,54.0
2024-03-06T19:00,38.0,22.0,212.0,6.4,3.1,55.0
2024-03-06T20:00,36.3,21.0,198.0,4.8,2.6,57.0
2024-03-06T21:00,34.9,20.3,189.0,3.7,2.3,57.0
2024-03-06T22:00,34.8,20.3,187.0,3.5,2.2,55.0
2024-03-06T23:00,34.7,20.2,190.0,3.9,2.4,53.0
2024-03-07T00:00,34.9,20.3,180.0,3.4,2.6,54.0
2024-03-07T01:00,35.3,20.6,185.0,4.1,3.4,54.0
2024-03-07T02:00,35.4,20.8,192.0,5.1,4.6,54.0
2024-03-07T03:00,34.9,20.6,197.0,5.6,5.8,57.0
2024-03-07T04:00,33.5,19.7,197.0,5.2,7.2,66.0
2024-03-07T05:00,33.1,19.4,195.0,4.4,8.7,78.0
2024-03-07T06:00,32.5,19.1,192.0,3.7,9.5,88.0
2024-03-07T07:00,31.7,18.6,188.0,3.1,9.1,94.0
2024-03-07T08:00,31.0,18.2,184.0,2.5,8.0,97.0
2024-03-07T09:00,30.0,17.6,181.0,2.4,7.1,97.0
2024-03-07T10:00,29.3,17.2,178.0,2.9,6.7,91.0
2024-03-07T11:00,28.5,16.6,176.0,3.9,6.4,80.0
2024-03-07T12:00,41.0,23.9,187.0,5.5,7.0,75.0
2024-03-07T13:00,41.2,24.2,191.0,6.4,6.1,67.0
2024-03-07T14:00,40.6,23.6,197.0,7.6,4.9,57.0
2024-03-07T15:00,40.3,23.3,198.0,8.1,3.9,50.0
2024-03-07T16:00,41.2,23.7,191.0,7.4,3.3,49.0
2024-03-07T17:00,43.0,24.6,180.0,6.1,3.0,51.0
2024-03-07T18:00,44.8,25.6,172.0,4.9,2.7,53.0
2024-03-07T19:00,46.9,26.8,168.0,3.9,2.5,55.0
2024-03-07T20:00,48.9,28.1,167.0,3.1,2.4,57.0
2024-03-07T21:00,50.2,29.0,168.0,2.7,2.5,58.0
2024-03-07T22:00,49.8,29.3,173.0,3.0,2.6,57.0
2024-03-07T23:00,49.5,29.3,181.0,3.7,2.8,55.0
2024-03-08T00:00,49.6,29.7,185.0,3.7,3.0,56.0
2024-03-08T01:00,50.3,30.2,194.0,4.7,4.2,55.0
2024-03-08T02:00,50.6,30.6,205.0,5.9,5.9,54.0
2024-03-08T03:00,51.1,30.7,213.0,6.6,7.5,57.0
2024-03-08T04:00,52.5,31.7,213.0,6.1,9.2,69.0
2024-03-08T05:00,52.7,31.8,210.0,5.1,10.7,85.0
2024-03-08T06:00,53.1,31.9,206.0,4.1,11.4,97.0
2024-03-08T07:00,53.1,31.8,202.0,3.3,10.4,101.0
2024-03-08T08:00,52.3,31.3,198.0,2.5,8.5,102.0
2024-03-08T09:00,50.8,30.5,195.0,2.2,7.0,99.0
2024-03-08T10:00,49.4,29.7,195.0,2.7,6.5,93.0
2024-03-08T11:00,48.3,29.2,197.0,3.6,6.5,83.0
2024-03-08T12:00,47.0,28.3,190.0,4.7,6.4,73.0
2024-03-08T13:00,45.2,27.2,190.0,4.8,5.6,69.0
2024-03-08T14:00,43.5,26.3,191.0,4.8,4.5,64.0
2024-03-08T15:00,42.4,25.5,192.0,4.9,3.6,60.0
2024-03-08T16:00,42.3,25.4,194.0,4.9,3.3,59.0
2024-03-08T17:00,42.6,25.5,197.0,4.9,3.3,60.0
2024-03-08T18:00,42.8,25.6,199.0,4.8,3.3,61.0
2024-03-08T19:00,43.1,25.7,200.0,4.5,3.2,60.0
2024-03-08T20:00,43.1,25.7,199.0,4.2,3.0,59.0
2024-03-08T21:00,43.1,25.8,200.0,4.0,3.0,58.0
2024-03-08T22:00,43.0,25.8,201.0,4.0,3.0,57.0
2024-03-08T23:00,42.8,25.8,204.0,4.2,3.0,56.0
2024-03-09T00:00,42.8,25.9,204.0,4.4,3.4,57.0
2024-03-09T01:00,42.3,25.7,206.0,4.9,4.4,59.0
2024-03-09T02:00,43.1,26.1,208.0,5.5,5.9,61.0
2024-03-09T03:00,42.5,25.7,209.0,5.7,7.2,66.0
2024-03-09T04:00,42.3,25.5,207.0,5.2,8.4,76.0
2024-03-09T05:00,42.0,25.2,204.0,4.4,9.6,88.0
2024-03-09T06:00,41.7,24.9,201.0,3.6,10.0,97.0
2024-03-09T07:00,41.4,24.7,198.0,2.9,9.2,99.0
2024-03-09T08:00,40.9,24.4,195.0,2.2,7.7,97.0
2024-03-09T09:00,39.6,23.6,193.0,1.9,6.5,94.0
2024-03-09T10:00,38.1,22.7,192.0,2.3,6.1,89.0
2024-03-09T11:00,36.3,21.6,192.0,3.2,6.0,82.0
2024-03-09T12:00,38.4,22.9,199.0,3.9,6.3,75.0
2024-03-09T13:00,36.0,21.3,202.0,4.3,5.6,71.0
2024-03-09T14:00,34.8,20.6,206.0,4.8,4.7,64.0
2024-03-09T15:00,34.2,20.3,208.0,5.1,3.9,60.0
2024-03-09T16:00,33.9,20.0,208.0,4.9,3.4,59.0
2024-03-09T17:00,33.5,19.8,207.0,4.3,3.0,59.0
2024-03-09T18:00,33.4,19.6,205.0,3.8,2.7,60.0
2024-03-09T19:00,33.4,19.6,200.0,3.3,2.4,60.0
2024-03-09T20:00,34.0,19.9,193.0,2.7,2.2,61.0
2024-03-09T21:00,34.9,20.5,190.0,2.5,2.2,61.0
2024-03-09T22:00,36.1,21.2,193.0,2.9,2.4,60.0
2024-03-09T23:00,37.3,22.0,199.0,3.6,2.8,57.0
2024-03-10T00:00,38.8,23.1,196.0,4.0,3.4,58.0
2024-03-10T01:00,40.4,24.3,196.0,4.4,4.4,60.0
2024-03-10T02:00,43.0,25.8,196.0,4.9,5.7,64.0
2024-03-10T03:00,42.7,25.3,194.0,5.0,6.7,68.0
2024-03-10T04:00,42.1,24.9,187.0,4.4,7.1,74.0
2024-03-10T05:00,43.1,25.4,179.0,3.3,7.1,82.0
2024-03-10T06:00,43.9,25.8,172.0,2.5,7.0,87.0
2024-03-10T07:00,44.4,26.2,169.0,2.0,6.6,90.0
2024-03-10T08:00,44.7,26.6,168.0,1.7,6.0,91.0
2024-03-10T09:00,45.1,27.0,169.0,1.8,5.6,90.0
2024-03-10T10:00,45.2,27.1,171.0,2.3,5.6,85.0
2024-03-10T11:00,45.3,27.3,174.0,3.2,5.8,78.0
2024-03-10T12:00,48.9,29.2,177.0,4.4,6.5,78.0
2024-03-10T13:00,49.6,29.9,182.0,5.0,5.8,72.0
2024-03-10T14:00,51.9,31.3,190.0,5.9,4.7,63.0
2024-03-10T15:00,54.5,33.1,197.0,6.4,3.9,57.0
2024-03-10T16:00,57.4,34.8,203.0,6.5,3.5,55.0
2024-03-10T17:00,59.5,36.1,208.0,6.2,3.2,56.0
2024-03-10T18:00,60.5,36.7,211.0,5.7,3.0,58.0
2024-03-10T19:00,60.5,36.6,210.0,4.7,2.6,60.0
2024-03-10T20:00,59.8,36.0,206.0,3.4,2.2,64.0
2024-03-10T21:00,58.7,35.2,207.0,2.7,2.0,66.0
2024-03-10T22:00,57.4,34.2,216.0,3.0,2.2,67.0
2024-03-10T23:00,56.9,33.9,229.0,3.8,2.8,67.0
2024-03-11T00:00,55.3,32.9,233.0,3.6,3.0,70.0
2024-03-11T01:00,55.3,32.9,238.0,4.1,4.1,73.0
2024-03-11T02:00,56.6,32.8,246.0,4.8,5.6,78.0
2024-03-11T03:00,55.1,31.5,249.0,5.1,6.8,84.0
2024-03-11T04:00,51.9,29.3,245.0,4.5,7.4,92.0
2024-03-11T05:00,51.0,28.6,237.0,3.4,7.7,102.0
2024-03-11T06:00,49.8,27.8,229.0,2.6,7.7,109.0
2024-03-11T07:00,48.1,26.8,223.0,2.1,7.3,112.0
2024-03-11T08:00,46.1,25.5,217.0,1.9,6.6,113.0
2024-03-11T09:00,44.1,24.2,212.0,1.9,6.1,112.0
2024-03-11T10:00,42.0,22.9,208.0,2.4,6.1,108.0
2024-03-11T11:00,39.8,21.5,204.0,3.3,6.2,101.0
2024-03-11T12:00,53.3,28.6,211.0,4.4,6.9,94.0
2024-03-11T13:00,50.9,27.2,213.0,5.0,6.4,91.0
2024-03-11T14:00,49.2,26.1,216.0,5.8,5.7,86.0
2024-03-11T15:00,47.7,25.2,219.0,6.4,5.1,83.0
2024-03-11T16:00,46.6,24.4,221.0,6.5,4.7,82.0
2024-03-11T17:00,45.5,23.8,223.0,6.4,4.5,82.0
2024-03-11T18:00,44.6,23.3,223.0,6.2,4.3,82.0
2024-03-11T19:00,43.4,22.6,220.0,5.7,4.0,82.0
2024-03-11T20:00,42.1,21.9,215.0,5.1,3.8,81.0
2024-03-11T21:00,40.3,21.1,212.0,4.7,3.8,81.0
2024-03-11T22:00,39.1,20.7,212.0,4.8,4.0,80.0
2024-03-11T23:00,38.2,20.3,215.0,5.1,4.4,78.0
2024-03-12T00:00,36.9,19.8,212.0,4.9,4.3,78.0
2024-03-12T01:00,37.3,20.1,214.0,5.7,5.5,79.0
2024-03-12T02:00,38.2,20.7,217.0,6.6,7.2,81.0
2024-03-12T03:00,38.3,20.4,219.0,7.0,8.6,87.0
2024-03-12T04:00,39.1,20.8,219.0,6.2,9.6,100.0
2024-03-12T05:00,41.1,21.6,219.0,4.7,10.4,118.0
2024-03-12T06:00,43.3,22.5,216.0,3.5,10.5,129.0
2024-03-12T07:00,44.2,22.8,209.0,2.7,9.5,130.0
2024-03-12T08:00,43.9,22.6,200.0,2.2,7.8,126.0
2024-03-12T09:00,43.1,22.2,193.0,2.2,6.6,120.0
2024-03-12T10:00,42.5,22.0,190.0,2.9,6.3,113.0
2024-03-12T11:00,41.7,21.5,190.0,4.0,6.4,105.0
2024-03-12T12:00,45.3,23.6,190.0,5.6,6.7,96.0
2024-03-12T13:00,45.1,23.7,198.0,6.5,6.3,91.0
2024-03-12T14:00,44.7,23.7,208.0,7.8,5.6,85.0
2024-03-12T15:00,44.1,23.4,214.0,8.5,5.1,80.0
2024-03-12T16:00,43.7,23.2,212.0,8.1,4.8,78.0
2024-03-12T17:00,42.8,22.8,206.0,7.1,4.5,79.0
2024-03-12T18:00,41.9,22.5,200.0,6.2,4.3,79.0
2024-03-12T19:00,41.0,22.1,194.0,5.5,4.1,79.0
2024-03-12T20:00,40.3,21.9,188.0,4.8,4.0,80.0
2024-03-12T21:00,40.0,21.8,183.0,4.2,3.9,80.0
2024-03-12T22:00,40.2,22.0,180.0,3.8,3.7,80.0
2024-03-12T23:00,40.5,22.4,179.0,3.5,3.6,80.0
2024-03-13T00:00,41.4,23.1,178.0,3.3,3.5,81.0
2024-03-13T01:00,42.6,23.9,186.0,4.3,4.8,81.0
2024-03-13T02:00,42.7,24.0,198.0,5.6,6.6,82.0
2024-03-13T03:00,44.5,24.7,208.0,6.3,8.1,87.0
2024-03-13T04:00,46.6,25.7,214.0,5.7,9.1,99.0
2024-03-13T05:00,49.1,26.9,218.0,4.4,9.7,114.0
2024-03-13T06:00,52.2,28.5,219.0,3.3,9.8,125.0
2024-03-13T07:00,54.5,29.7,216.0,2.6,8.9,129.0
2024-03-13T08:00,56.0,30.4,210.0,2.1,7.5,128.0
2024-03-13T09:00,56.6,30.7,206.0,2.1,6.4,125.0
2024-03-13T10:00,56.3,30.5,204.0,2.8,6.0,119.0
2024-03-13T11:00,54.9,29.8,202.0,4.0,6.0,111.0
2024-03-13T12:00,70.5,38.4,194.0,5.6,6.5,107.0
2024-03-13T13:00,67.5,37.0,198.0,6.3,6.1,101.0
2024-03-13T14:00,65.0,35.6,204.0,7.2,5.5,93.0
2024-03-13T15:00,61.9,33.9,206.0,7.6,4.9,87.0
2024-03-13T16:00,58.7,32.0,200.0,6.9,4.4,87.0
2024-03-13T17:00,55.3,30.0,191.0,5.5,4.0,89.0
2024-03-13T18:00,51.9,28.1,183.0,4.4,3.7,91.0
2024-03-13T19:00,48.8,26.2,178.0,3.7,3.5,91.0
2024-03-13T20:00,46.6,24.9,176.0,3.2,3.4,90.0
2024-03-13T21:00,45.1,24.2,175.0,3.0,3.4,88.0
2024-03-13T22:00,43.1,23.5,177.0,3.2,3.6,86.0
2024-03-13T23:00,41.9,23.0,181.0,3.7,3.9,83.0
2024-03-14T00:00,39.9,21.9,178.0,3.7,4.0,84.0
2024-03-14T01:00,40.3,22.2,184.0,4.4,4.7,85.0
2024-03-14T02:00,41.7,23.0,193.0,5.3,5.8,86.0
2024-03-14T03:00,41.4,22.5,199.0,5.7,6.9,90.0
2024-03-14T04:00,41.6,22.3,202.0,5.1,8.2,100.0
2024-03-14T05:00,42.3,22.5,202.0,4.0,9.6,113.0
2024-03-14T06:00,43.5,23.1,201.0,3.1,10.2,122.0
2024-03-14T07:00,43.7,23.0,197.0,2.5,9.6,124.0
2024-03-14T08:00,43.3,22.8,192.0,2.1,8.2,122.0
2024-03-14T09:00,42.4,22.3,189.0,2.1,7.2,118.0
2024-03-14T10:00,41.4,21.8,191.0,2.8,7.1,113.0
2024-03-14T11:00,40.6,21.3,194.0,4.0,7.3,106.0
2024-03-14T12:00,55.6,29.3,203.0,5.3,7.9,98.0
2024-03-14T13:00,51.2,26.6,202.0,5.3,6.7,94.0
2024-03-14T14:00,49.1,25.3,200.0,5.4,5.1,89.0
2024-03-14T15:00,47.5,24.4,198.0,5.3,3.9,85.0
2024-03-14T16:00,45.8,23.6,195.0,5.1,3.4,83.0
2024-03-14T17:00,43.9,22.6,191.0,4.8,3.3,81.0
2024-03-14T18:00,42.0,21.7,188.0,4.5,3.2,80.0
2024-03-14T19:00,40.5,20.8,186.0,4.3,3.1,78.0
2024-03-14T20:00,39.7,20.5,184.0,4.2,3.2,76.0
2024-03-14T21:00,39.1,20.5,183.0,4.1,3.2,74.0
2024-03-14T22:00,38.0,20.3,183.0,4.1,3.2,72.0
2024-03-14T23:00,37.0,20.1,185.0,4.2,3.2,71.0
2024-03-15T00:00,36.0,20.0,175.0,3.8,3.2,71.0
2024-03-15T01:00,37.6,21.0,176.0,4.2,3.9,72.0
2024-03-15T02:00,38.6,21.4,178.0,4.8,5.0,73.0
2024-03-15T03:00,38.3,21.2,179.0,5.0,5.9,76.0
2024-03-15T04:00,36.9,20.4,177.0,4.5,6.5,81.0
2024-03-15T05:00,36.7,20.3,174.0,3.5,7.0,88.0
2024-03-15T06:00,37.1,20.5,171.0,2.8,7.3,94.0
2024-03-15T07:00,37.6,20.7,170.0,2.4,7.3,98.0
2024-03-15T08:00,37.6,20.8,169.0,2.1,7.1,101.0
2024-03-15T09:00,37.3,20.7,169.0,2.2,6.9,101.0
2024-03-15T10:00,36.9,20.4,170.0,2.8,6.9,97.0
2024-03-15T11:00,36.4,20.0,172.0,3.7,7.0,90.0
2024-03-15T12:00,35.2,19.1,166.0,4.3,5.5,75.0
2024-03-15T13:00,33.6,18.5,172.0,5.0,5.1,71.0
2024-03-15T14:00,32.7,18.1,181.0,5.9,4.6,67.0
2024-03-15T15:00,32.0,17.8,186.0,6.3,4.1,63.0
2024-03-15T16:00,31.4,17.5,186.0,5.9,3.7,62.0
2024-03-15T17:00,30.9,17.2,182.0,5.1,3.4,63.0
2024-03-15T18:00,30.0,16.7,178.0,4.3,3.1,63.0
2024-03-15T19:00,29.0,16.1,174.0,3.8,2.9,63.0
2024-03-15T20:00,28.5,15.8,169.0,3.3,2.8,62.0
2024-03-15T21:00,27.5,15.3,166.0,3.0,2.7,61.0
2024-03-15T22:00,26.7,14.8,164.0,3.0,2.6,60.0
2024-03-15T23:00,25.9,14.3,163.0,3.1,2.6,58.0
2024-03-16T00:00,26.1,14.5,167.0,3.5,2.9,57.0
2024-03-16T01:00,26.3,14.8,167.0,3.8,3.6,58.0
2024-03-16T02:00,26.6,14.8,166.0,4.1,4.6,60.0
2024-03-16T03:00,25.5,14.1,165.0,4.1,5.3,63.0
2024-03-16T04:00,24.7,13.7,163.0,3.5,5.4,67.0
2024-03-16T05:00,24.8,13.7,159.0,2.7,5.2,72.0
2024-03-16T06:00,25.0,13.8,157.0,2.0,5.0,76.0
2024-03-16T07:00,25.3,13.9,156.0,1.7,4.8,78.0
2024-03-16T08:00,25.7,14.1,155.0,1.6,4.6,79.0
2024-03-16T09:00,25.0,13.7,155.0,1.7,4.5,78.0
2024-03-16T10:00,24.2,13.2,156.0,2.2,4.6,74.0
2024-03-16T11:00,23.2,12.7,158.0,3.0,4.8,68.0
2024-03-16T12:00,30.3,16.8,170.0,4.1,5.3,64.0
2024-03-16T13:00,28.5,16.0,171.0,4.4,4.8,62.0
2024-03-16T14:00,27.8,15.7,171.0,4.9,4.2,59.0
2024-03-16T15:00,27.2,15.4,171.0,5.1,3.6,56.0
2024-03-16T16:00,26.7,15.1,169.0,5.0,3.3,55.0
2024-03-16T17:00,26.0,14.7,166.0,4.7,3.1,54.0
2024-03-16T18:00,25.0,14.2,163.0,4.4,2.9,53.0
2024-03-16T19:00,23.9,13.5,159.0,4.0,2.7,52.0
2024-03-16T20:00,22.9,13.1,155.0,3.5,2.5,52.0
2024-03-16T21:00,22.2,12.8,152.0,3.2,2.4,51.0
2024-03-16T22:00,21.8,12.5,152.0,3.3,2.4,49.0
2024-03-16T23:00,21.5,12.4,153.0,3.5,2.4,48.0
2024-03-17T00:00,23.7,13.4,135.0,2.7,2.4,49.0
2024-03-17T01:00,23.4,13.3,136.0,3.0,3.2,50.0
2024-03-17T02:00,22.4,12.5,137.0,3.4,4.3,51.0
2024-03-17T03:00,21.1,11.6,137.0,3.6,5.2,53.0
2024-03-17T04:00,20.7,11.3,136.0,3.3,5.9,57.0
2024-03-17T05:00,20.4,11.0,134.0,2.8,6.4,62.0
2024-03-17T06:00,20.1,10.8,132.0,2.4,6.6,66.0
2024-03-17T07:00,19.7,10.4,131.0,2.0,6.3,69.0
2024-03-17T08:00,19.3,10.2,130.0,1.7,5.7,70.0
2024-03-17T09:00,18.6,9.8,130.0,1.8,5.3,70.0
2024-03-17T10:00,17.6,9.3,131.0,2.4,5.4,67.0
2024-03-17T11:00,16.4,8.6,133.0,3.3,5.7,63.0
2024-03-17T12:00,21.8,11.6,145.0,4.8,6.3,59.0
2024-03-17T13:00,20.4,11.0,150.0,5.6,5.7,55.0
2024-03-17T14:00,19.5,10.6,156.0,6.6,4.8,50.0
2024-03-17T15:00,18.6,10.2,160.0,7.1,4.0,47.0
2024-03-17T16:00,18.4,10.0,159.0,6.8,3.5,47.0
2024-03-17T17:00,18.7,10.1,156.0,5.9,3.2,49.0
2024-03-17T18:00,18.9,10.2,153.0,5.1,2.9,50.0
2024-03-17T19:00,19.3,10.3,150.0,4.3,2.6,51.0
2024-03-17T20:00,19.3,10.3,146.0,3.6,2.4,51.0
2024-03-17T21:00,19.3,10.2,144.0,3.0,2.2,52.0
2024-03-17T22:00,19.4,10.3,144.0,2.7,2.1,52.0
2024-03-17T23:00,20.1,10.6,146.0,2.6,2.0,52.0
2024-03-18T00:00,21.7,11.4,151.0,2.8,2.4,53.0
2024-03-18T01:00,24.0,12.8,156.0,3.1,3.3,54.0
2024-03-18T02:00,26.3,13.9,163.0,3.5,4.5,57.0
2024-03-18T03:00,27.7,14.8,169.0,3.7,5.6,60.0
2024-03-18T04:00,29.4,15.9,173.0,3.6,6.6,65.0
2024-03-18T05:00,31.1,16.9,176.0,3.3,7.6,72.0
2024-03-18T06:00,32.8,18.0,179.0,3.0,8.1,77.0
2024-03-18T07:00,34.1,18.9,180.0,2.6,7.9,81.0
2024-03-18T08:00,34.9,19.4,181.0,2.1,7.2,85.0
2024-03-18T09:00,35.5,19.9,183.0,2.0,6.7,86.0
2024-03-18T10:00,35.4,19.9,186.0,2.6,6.7,83.0
2024-03-18T11:00,34.8,19.7,191.0,3.6,6.8,78.0
2024-03-18T12:00,42.6,23.9,210.0,5.4,6.6,73.0
2024-03-18T13:00,41.1,23.5,220.0,6.5,6.1,68.0
2024-03-18T14:00,41.0,23.7,235.0,8.1,5.3,61.0
2024-03-18T15:00,41.2,23.9,243.0,8.9,4.6,56.0
2024-03-18T16:00,42.3,24.6,241.0,8.4,4.1,56.0
2024-03-18T17:00,43.4,25.3,233.0,7.2,3.6,58.0
2024-03-18T18:00,44.8,26.1,225.0,6.0,3.2,60.0
2024-03-18T19:00,45.9,26.7,218.0,5.0,2.9,61.0
2024-03-18T20:00,47.5,27.5,210.0,4.0,2.6,61.0
2024-03-18T21:00,49.5,28.5,204.0,3.2,2.5,62.0
2024-03-18T22:00,51.2,29.5,201.0,2.8,2.4,62.0
2024-03-18T23:00,53.3,30.5,199.0,2.7,2.4,63.0
2024-03-19T00:00,56.8,32.4,195.0,2.8,2.8,61.0
2024-03-19T01:00,60.1,34.1,199.0,3.3,3.6,62.0
2024-03-19T02:00,64.3,35.9,204.0,3.9,4.7,64.0
2024-03-19T03:00,67.1,37.1,207.0,4.2,5.7,67.0
2024-03-19T04:00,69.4,38.3,206.0,3.9,6.6,73.0
2024-03-19T05:00,70.1,38.5,203.0,3.3,7.5,81.0
2024-03-19T06:00,70.5,38.5,200.0,2.7,7.9,87.0
2024-03-19T07:00,70.1,38.2,196.0,2.3,7.5,90.0
2024-03-19T08:00,68.7,37.3,192.0,1.9,6.7,90.0
2024-03-19T09:00,66.8,36.2,189.0,1.9,6.1,89.0
2024-03-19T10:00,65.0,35.0,188.0,2.5,6.0,85.0
2024-03-19T11:00,63.6,34.2,189.0,3.4,6.2,79.0
2024-03-19T12:00,67.5,36.4,194.0,4.3,6.0,70.0
2024-03-19T13:00,65.2,35.3,196.0,4.8,5.5,66.0
2024-03-19T14:00,63.1,34.3,199.0,5.4,4.9,61.0
2024-03-19T15:00,61.5,33.6,202.0,5.9,4.3,58.0
2024-03-19T16:00,60.1,33.2,205.0,6.1,4.0,58.0
2024-03-19T17:00,59.4,32.9,207.0,6.0,3.8,61.0
2024-03-19T18:00,57.9,32.1,207.0,5.7,3.6,63.0
2024-03-19T19:00,56.6,31.3,201.0,4.8,3.2,66.0
2024-03-19T20:00,54.4,30.5,193.0,3.5,2.8,68.0
2024-03-19T21:00,52.9,29.7,188.0,2.7,2.5,70.0
2024-03-19T22:00,52.5,29.6,189.0,2.7,2.4,70.0
2024-03-19T23:00,52.6,29.7,193.0,3.0,2.5,68.0
2024-03-20T00:00,50.9,28.9,196.0,3.5,3.0,68.0
2024-03-20T01:00,51.1,29.1,195.0,3.8,3.9,70.0
2024-03-20T02:00,52.0,29.2,195.0,4.1,5.0,73.0
2024-03-20T03:00,51.1,28.8,193.0,4.2,6.0,77.0
2024-03-20T04:00,49.6,28.1,190.0,3.8,6.6,82.0
2024-03-20T05:00,48.3,27.5,187.0,3.1,6.9,87.0
2024-03-20T06:00,46.7,26.7,183.0,2.5,7.0,90.0
2024-03-20T07:00,44.9,25.7,177.0,2.1,6.6,89.0
2024-03-20T08:00,42.0,24.1,171.0,1.7,5.8,86.0
2024-03-20T09:00,39.7,22.6,166.0,1.7,5.2,82.0
2024-03-20T10:00,37.0,21.1,163.0,2.1,4.9,75.0
2024-03-20T11:00,34.6,19.7,162.0,2.7,4.8,68.0
2024-03-20T12:00,39.5,22.5,167.0,3.4,5.0,66.0
2024-03-20T13:00,37.3,21.4,167.0,3.6,4.6,63.0
2024-03-20T14:00,36.1,20.8,167.0,3.9,4.0,60.0
2024-03-20T15:00,36.0,20.7,167.0,4.1,3.5,57.0
2024-03-20T16:00,36.0,20.7,168.0,4.1,3.2,57.0
2024-03-20T17:00,35.6,20.6,169.0,4.0,2.9,57.0
2024-03-20T18:00,34.9,20.2,169.0,3.8,2.7,58.0
2024-03-20T19:00,33.6,19.5,167.0,3.3,2.4,58.0
2024-03-20T20:00,32.9,19.1,164.0,2.6,2.2,59.0
2024-03-20T21:00,32.6,18.9,162.0,2.2,2.0,59.0
2024-03-20T22:00,32.6,19.0,163.0,2.1,1.9,59.0
2024-03-20T23:00,33.5,19.5,166.0,2.3,1.9,59.0
2024-03-21T00:00,32.1,18.9,162.0,2.0,1.8,62.0
2024-03-21T01:00,32.9,19.4,165.0,2.3,2.4,63.0
2024-03-21T02:00,33.3,19.6,169.0,2.8,3.1,65.0
2024-03-21T03:00,31.8,18.6,171.0,3.0,3.8,66.0
2024-03-21T04:00,32.2,18.8,170.0,2.8,4.3,67.0
2024-03-21T05:00,33.9,19.6,167.0,2.4,4.7,69.0
2024-03-21T06:00,34.9,20.1,165.0,2.0,4.8,70.0
2024-03-21T07:00,36.2,20.8,163.0,1.7,4.4,71.0
2024-03-21T08:00,36.0,20.6,161.0,1.4,3.8,72.0
2024-03-21T09:00,34.9,20.0,161.0,1.4,3.4,71.0
2024-03-21T10:00,34.2,19.5,163.0,1.8,3.5,68.0
2024-03-21T11:00,33.8,19.3,167.0,2.6,3.9,64.0
2024-03-21T12:00,39.6,22.7,182.0,3.3,4.1,61.0
2024-03-21T13:00,38.8,22.4,186.0,3.9,4.1,61.0
2024-03-21T14:00,39.6,22.8,191.0,4.8,4.0,60.0
2024-03-21T15:00,39.8,23.1,198.0,5.6,4.0,60.0
2024-03-21T16:00,40.4,23.4,207.0,6.3,4.0,59.0
2024-03-21T17:00,41.4,24.1,217.0,6.9,4.0,59.0
2024-03-21T18:00,42.3,24.7,226.0,7.4,4.0,58.0
2024-03-21T19:00,43.2,25.2,230.0,7.5,4.1,58.0
2024-03-21T20:00,44.2,25.9,233.0,7.4,4.3,58.0
2024-03-21T21:00,45.2,26.5,237.0,7.6,4.6,58.0
2024-03-21T22:00,45.5,26.8,248.0,8.4,5.1,56.0
2024-03-21T23:00,45.4,27.0,260.0,9.5,5.9,54.0
2024-03-22T00:00,46.8,27.8,237.0,7.4,5.3,58.0
2024-03-22T01:00,47.3,28.3,230.0,6.9,6.2,60.0
2024-03-22T02:00,46.3,27.6,219.0,6.1,7.4,63.0
2024-03-22T03:00,41.9,24.8,210.0,5.2,8.1,66.0
2024-03-22T04:00,40.7,24.0,203.0,4.2,7.9,70.0
2024-03-22T05:00,40.6,23.9,198.0,3.2,7.2,74.0
2024-03-22T06:00,40.4,23.7,194.0,2.4,6.5,77.0
2024-03-22T07:00,40.2,23.6,192.0,1.9,5.9,79.0
2024-03-22T08:00,39.7,23.3,191.0,1.6,5.3,81.0
2024-03-22T09:00,39.1,23.1,191.0,1.6,4.9,80.0
2024-03-22T10:00,38.4,22.7,192.0,2.0,4.8,76.0
2024-03-22T11:00,38.0,22.5,194.0,2.7,4.8,70.0
2024-03-22T12:00,36.6,21.8,192.0,3.6,5.0,64.0
2024-03-22T13:00,37.7,22.6,197.0,4.2,4.7,62.0
2024-03-22T14:00,39.3,23.6,204.0,5.0,4.2,59.0
2024-03-22T15:00,41.1,24.6,212.0,5.6,3.8,57.0
2024-03-22T16:00,43.1,25.8,220.0,6.0,3.6,56.0
2024-03-22T17:00,44.7,26.8,228.0,6.2,3.5,56.0
2024-03-22T18:00,45.9,27.4,234.0,6.3,3.5,56.0
2024-03-22T19:00,46.2,27.6,238.0,6.1,3.4,56.0
2024-03-22T20:00,45.5,27.2,240.0,5.8,3.4,56.0
2024-03-22T21:00,44.9,27.0,243.0,5.7,3.5,55.0
2024-03-22T22:00,43.9,26.6,250.0,6.0,3.6,53.0
2024-03-22T23:00,43.0,26.1,258.0,6.5,3.8,51.0
2024-03-23T00:00,41.7,25.6,267.0,7.1,4.4,51.0
2024-03-23T01:00,41.4,25.5,261.0,6.8,5.6,54.0
2024-03-23T02:00,41.7,25.6,252.0,6.3,7.2,59.0
2024-03-23T03:00,38.6,23.5,244.0,5.7,8.5,65.0
2024-03-23T04:00,37.0,22.4,238.0,4.9,9.1,74.0
2024-03-23T05:00,36.0,21.7,234.0,4.1,9.4,85.0
2024-03-23T06:00,35.0,21.1,229.0,3.3,9.2,92.0
2024-03-23T07:00,33.6,20.3,224.0,2.6,8.2,93.0
2024-03-23T08:00,32.5,19.6,219.0,2.0,6.7,91.0
2024-03-23T09:00,31.7,19.0,216.0,1.8,5.5,87.0
2024-03-23T10:00,30.2,18.1,216.0,2.3,5.1,81.0
2024-03-23T11:00,29.3,17.5,218.0,3.1,5.1,74.0
2024-03-23T12:00,38.5,23.1,232.0,4.5,5.6,72.0
2024-03-23T13:00,38.9,23.3,235.0,4.9,5.1,68.0
2024-03-23T14:00,39.5,23.7,240.0,5.5,4.4,62.0
2024-03-23T15:00,40.0,24.0,245.0,5.9,3.9,57.0
2024-03-23T16:00,40.2,24.2,249.0,6.1,3.7,55.0
2024-03-23T17:00,40.3,24.2,254.0,6.1,3.6,55.0
2024-03-23T18:00,40.0,24.0,257.0,6.1,3.6,55.0
2024-03-23T19:00,39.5,23.6,258.0,5.9,3.5,54.0
2024-03-23T20:00,38.6,23.2,259.0,5.6,3.4,54.0
2024-03-23T21:00,38.3,23.1,260.0,5.5,3.4,53.0
2024-03-23T22:00,38.1,22.9,264.0,5.7,3.5,52.0
2024-03-23T23:00,37.4,22.6,269.0,6.1,3.7,51.0
2024-03-24T00:00,36.0,21.9,254.0,5.1,3.8,53.0
2024-03-24T01:00,36.8,22.5,253.0,5.1,4.7,55.0
2024-03-24T02:00,37.8,23.1,251.0,5.1,5.9,59.0
2024-03-24T03:00,37.1,22.4,249.0,4.9,6.8,63.0
2024-03-24T04:00,36.1,21.7,245.0,4.2,7.2,70.0
2024-03-24T05:00,35.5,21.2,240.0,3.3,7.3,77.0
2024-03-24T06:00,34.0,20.3,236.0,2.6,7.1,83.0
2024-03-24T07:00,33.5,19.8,232.0,2.1,6.5,86.0
2024-03-24T08:00,33.3,19.6,229.0,1.8,5.7,87.0
2024-03-24T09:00,32.9,19.4,227.0,1.9,5.1,86.0
2024-03-24T10:00,32.6,19.0,228.0,2.4,5.1,82.0
2024-03-24T11:00,32.2,18.9,230.0,3.3,5.2,76.0
2024-03-24T12:00,41.8,24.7,239.0,4.0,5.0,67.0
2024-03-24T13:00,40.5,24.0,245.0,4.8,4.7,64.0
2024-03-24T14:00,39.5,23.5,254.0,5.8,4.4,59.0
2024-03-24T15:00,38.5,22.9,261.0,6.7,4.1,55.0
2024-03-24T16:00,37.6,22.4,266.0,7.3,4.0,53.0
2024-03-24T17:00,36.9,21.9,270.0,7.7,4.0,53.0
2024-03-24T18:00,36.4,21.7,272.0,7.9,4.0,53.0
2024-03-24T19:00,36.0,21.4,271.0,7.7,3.9,53.0
2024-03-24T20:00,35.9,21.2,267.0,7.3,3.9,54.0
2024-03-24T21:00,35.0,20.7,266.0,7.1,4.0,54.0
2024-03-24T22:00,34.2,20.3,270.0,7.5,4.3,53.0
2024-03-24T23:00,34.3,20.4,277.0,8.0,4.7,52.0
2024-03-25T00:00,33.4,19.7,262.0,6.5,4.4,53.0
2024-03-25T01:00,34.2,20.4,253.0,5.9,4.9,56.0
2024-03-25T02:00,34.3,20.3,240.0,5.2,5.6,60.0
2024-03-25T03:00,30.5,17.5,229.0,4.4,6.2,64.0
2024-03-25T04:00,29.1,16.6,222.0,3.7,6.7,69.0
2024-03-25T05:00,28.4,16.1,216.0,3.0,7.1,73.0
2024-03-25T06:00,27.8,15.7,211.0,2.5,7.2,77.0
2024-03-25T07:00,27.2,15.3,206.0,2.1,6.8,80.0
2024-03-25T08:00,26.4,14.8,201.0,1.8,6.2,81.0
2024-03-25T09:00,25.1,14.1,199.0,1.8,5.7,81.0
2024-03-25T10:00,24.5,13.7,199.0,2.3,5.6,77.0
2024-03-25T11:00,23.9,13.3,200.0,3.1,5.6,71.0
2024-03-25T12:00,27.0,15.2,196.0,4.1,5.9,65.0
2024-03-25T13:00,27.2,15.4,203.0,5.0,5.6,61.0
2024-03-25T14:00,27.8,15.9,212.0,6.4,5.2,56.0
2024-03-25T15:00,28.3,16.2,223.0,7.7,4.9,52.0
2024-03-25T16:00,29.1,16.7,236.0,9.0,4.9,50.0
2024-03-25T17:00,30.3,17.4,250.0,10.3,5.1,49.0
2024-03-25T18:00,31.2,18.0,261.0,11.2,5.3,49.0
2024-03-25T19:00,31.3,18.1,266.0,11.5,5.4,49.0
2024-03-25T20:00,31.3,18.0,268.0,11.4,5.5,48.0
2024-03-25T21:00,31.4,18.3,271.0,11.3,5.6,48.0
2024-03-25T22:00,31.1,18.2,280.0,11.6,5.9,47.0
2024-03-25T23:00,30.4,17.9,291.0,12.0,6.2,46.0
2024-03-26T00:00,28.3,16.4,255.0,8.4,5.0,52.0
2024-03-26T01:00,29.1,17.0,244.0,7.5,5.6,56.0
2024-03-26T02:00,29.0,16.9,228.0,6.3,6.4,62.0
2024-03-26T03:00,24.9,13.8,214.0,5.1,6.9,67.0
2024-03-26T04:00,22.5,12.3,203.0,4.1,7.0,72.0
2024-03-26T05:00,21.4,11.7,194.0,3.1,6.9,77.0
2024-03-26T06:00,20.7,11.3,187.0,2.3,6.5,80.0
2024-03-26T07:00,19.8,10.9,184.0,1.8,5.8,80.0
2024-03-26T08:00,19.2,10.6,183.0,1.6,4.9,77.0
2024-03-26T09:00,18.6,10.3,184.0,1.6,4.2,74.0
2024-03-26T10:00,18.3,10.3,186.0,2.0,4.1,70.0
2024-03-26T11:00,18.5,10.4,189.0,2.6,4.3,65.0
2024-03-26T12:00,22.5,12.8,207.0,3.8,4.7,62.0
2024-03-26T13:00,23.0,13.2,213.0,4.5,4.4,59.0
2024-03-26T14:00,23.9,13.9,223.0,5.6,4.1,54.0
2024-03-26T15:00,24.8,14.4,233.0,6.7,3.9,50.0
2024-03-26T16:00,25.6,15.0,246.0,8.0,4.1,47.0
2024-03-26T17:00,26.8,15.8,260.0,9.4,4.5,45.0
2024-03-26T18:00,28.1,16.6,270.0,10.2,4.8,44.0
2024-03-26T19:00,28.6,16.9,272.0,10.0,4.7,43.0
2024-03-26T20:00,28.2,16.8,270.0,9.3,4.5,43.0
2024-03-26T21:00,28.3,16.9,268.0,8.6,4.3,43.0
2024-03-26T22:00,28.4,16.9,267.0,8.2,4.1,42.0
2024-03-26T23:00,28.4,16.9,265.0,7.8,3.9,41.0
2024-03-27T00:00,27.2,16.4,264.0,8.2,4.7,41.0
2024-03-27T01:00,28.5,17.2,256.0,7.7,6.1,44.0
2024-03-27T02:00,29.3,17.7,244.0,7.0,7.9,47.0
2024-03-27T03:00,28.3,16.8,233.0,6.2,9.1,52.0
2024-03-27T04:00,26.7,15.7,222.0,5.1,9.0,58.0
2024-03-27T05:00,26.4,15.4,212.0,3.8,8.3,64.0
2024-03-27T06:00,26.0,15.1,203.0,2.8,7.5,69.0
2024-03-27T07:00,25.4,14.7,197.0,2.1,6.7,71.0
2024-03-27T08:00,24.5,14.2,193.0,1.7,5.8,71.0
2024-03-27T09:00,23.6,13.7,190.0,1.6,5.1,69.0
2024-03-27T10:00,23.1,13.4,189.0,2.0,4.9,65.0
2024-03-27T11:00,22.9,13.4,190.0,2.7,4.9,60.0
2024-03-27T12:00,28.7,16.6,194.0,3.9,5.5,57.0
2024-03-27T13:00,29.2,17.0,197.0,4.5,5.1,54.0
2024-03-27T14:00,29.6,17.3,200.0,5.3,4.5,51.0
2024-03-27T15:00,30.5,17.9,204.0,5.9,4.1,48.0
2024-03-27T16:00,31.2,18.5,207.0,6.1,3.9,47.0
2024-03-27T17:00,32.0,19.0,211.0,6.1,3.7,47.0
2024-03-27T18:00,32.5,19.3,215.0,6.2,3.7,47.0
2024-03-27T19:00,32.6,19.4,219.0,6.5,3.8,46.0
2024-03-27T20:00,32.6,19.6,224.0,6.9,4.0,45.0
2024-03-27T21:00,32.6,19.8,230.0,7.4,4.3,43.0
2024-03-27T22:00,32.1,19.7,238.0,8.2,4.5,41.0
2024-03-27T23:00,32.0,19.8,246.0,9.0,4.8,38.0
2024-03-28T00:00,32.6,20.6,270.0,11.0,5.9,36.0
2024-03-28T01:00,34.2,21.7,256.0,9.8,6.9,40.0
2024-03-28T02:00,34.9,22.1,237.0,8.1,8.4,46.0
2024-03-28T03:00,31.8,19.7,221.0,6.6,9.4,53.0
2024-03-28T04:00,30.7,19.0,213.0,5.4,9.8,61.0
2024-03-28T05:00,30.0,18.5,208.0,4.4,9.7,71.0
2024-03-28T06:00,29.0,17.8,204.0,3.5,9.3,77.0
2024-03-28T07:00,28.0,17.1,199.0,2.7,8.3,79.0
2024-03-28T08:00,27.2,16.5,195.0,2.0,6.9,79.0
2024-03-28T09:00,26.7,16.1,193.0,1.8,5.9,77.0
2024-03-28T10:00,26.0,15.5,194.0,2.3,5.7,73.0
2024-03-28T11:00,24.9,15.0,197.0,3.2,6.0,68.0
2024-03-28T12:00,27.5,16.5,199.0,4.5,6.7,62.0
2024-03-28T13:00,27.7,16.6,204.0,5.3,6.0,58.0
2024-03-28T14:00,27.6,16.5,210.0,6.5,5.0,51.0
2024-03-28T15:00,28.0,16.8,214.0,7.2,4.2,47.0
2024-03-28T16:00,28.9,17.2,215.0,7.2,3.8,46.0
2024-03-28T17:00,30.0,17.8,213.0,6.9,3.5,46.0
2024-03-28T18:00,31.2,18.3,210.0,6.3,3.3,47.0
2024-03-28T19:00,32.2,18.7,204.0,5.5,3.1,47.0
2024-03-28T20:00,32.2,18.9,197.0,4.5,2.9,48.0
2024-03-28T21:00,32.0,18.6,193.0,3.8,2.9,48.0
2024-03-28T22:00,31.3,18.3,194.0,3.7,2.9,47.0
2024-03-28T23:00,30.3,17.8,198.0,4.0,3.1,46.0
2024-03-29T00:00,32.4,18.9,190.0,3.6,3.2,49.0
2024-03-29T01:00,32.2,19.0,199.0,4.1,4.3,49.0
2024-03-29T02:00,31.0,18.4,212.0,4.8,5.9,50.0
2024-03-29T03:00,29.0,17.3,223.0,5.1,7.2,54.0
2024-03-29T04:00,28.6,17.0,229.0,4.6,7.9,63.0
2024-03-29T05:00,28.5,16.8,232.0,3.8,8.3,74.0
2024-03-29T06:00,28.0,16.4,233.0,3.0,8.2,82.0
2024-03-29T07:00,26.8,15.6,230.0,2.4,7.3,83.0
2024-03-29T08:00,26.1,15.1,225.0,2.0,5.8,81.0
2024-03-29T09:00,25.4,14.7,223.0,1.9,4.8,77.0
2024-03-29T10:00,24.4,14.1,226.0,2.4,4.7,72.0
2024-03-29T11:00,23.5,13.6,231.0,3.3,5.0,66.0
2024-03-29T12:00,33.5,19.9,220.0,4.1,4.8,55.0
2024-03-29T13:00,34.5,20.5,227.0,5.0,4.6,52.0
2024-03-29T14:00,35.5,21.2,237.0,6.3,4.3,49.0
2024-03-29T15:00,36.4,21.8,245.0,7.3,4.1,46.0
2024-03-29T16:00,37.0,22.2,248.0,7.7,4.1,45.0
2024-03-29T17:00,37.3,22.3,249.0,7.8,4.1,46.0
2024-03-29T18:00,37.3,22.2,247.0,7.6,4.0,46.0
2024-03-29T19:00,35.5,21.2,241.0,7.0,3.7,47.0
2024-03-29T20:00,33.5,20.0,231.0,6.1,3.3,47.0
2024-03-29T21:00,31.9,18.9,224.0,5.4,3.1,48.0
2024-03-29T22:00,30.3,17.9,219.0,5.2,3.0,48.0
2024-03-29T23:00,28.7,16.9,216.0,5.2,3.1,48.0
2024-03-30T00:00,27.1,15.9,203.0,4.2,2.8,52.0
2024-03-30T01:00,26.8,15.9,210.0,4.8,3.7,53.0
2024-03-30T02:00,27.4,16.4,218.0,5.6,4.9,55.0
2024-03-30T03:00,26.8,15.9,222.0,5.9,6.0,59.0
2024-03-30T04:00,26.3,15.4,216.0,5.2,6.9,69.0
2024-03-30T05:00,25.9,15.0,204.0,4.0,7.7,81.0
2024-03-30T06:00,25.3,14.4,195.0,3.0,7.9,89.0
2024-03-30T07:00,25.3,14.4,191.0,2.3,7.2,89.0
2024-03-30T08:00,25.5,14.5,189.0,1.9,5.9,85.0
2024-03-30T09:00,24.9,14.1,188.0,1.8,5.0,80.0
2024-03-30T10:00,24.4,13.7,188.0,2.3,4.9,75.0
2024-03-30T11:00,23.1,12.9,188.0,3.1,5.1,69.0
2024-03-30T12:00,24.4,13.9,199.0,4.3,5.5,62.0
2024-03-30T13:00,22.2,12.7,204.0,5.2,5.1,58.0
2024-03-30T14:00,21.4,12.3,211.0,6.5,4.6,52.0
2024-03-30T15:00,21.4,12.3,215.0,7.3,4.1,48.0
2024-03-30T16:00,21.8,12.6,215.0,7.4,3.8,46.0
2024-03-30T17:00,22.4,12.9,214.0,7.1,3.7,46.0
2024-03-30T18:00,22.4,12.9,210.0,6.6,3.5,46.0
2024-03-30T19:00,21.8,12.4,203.0,5.8,3.2,46.0
2024-03-30T20:00,21.0,11.9,194.0,4.8,2.9,46.0
2024-03-30T21:00,20.1,11.4,189.0,4.2,2.8,46.0
2024-03-30T22:00,19.4,11.1,191.0,4.3,2.8,45.0
2024-03-30T23:00,19.0,11.0,196.0,4.8,3.0,43.0
2024-03-31T00:00,18.5,10.8,193.0,5.0,3.4,44.0
2024-03-31T01:00,19.3,11.4,189.0,4.9,4.5,46.0
2024-03-31T02:00,19.9,11.7,185.0,4.7,5.9,48.0
2024-03-31T03:00,18.0,10.6,180.0,4.4,7.0,52.0
2024-03-31T04:00,17.8,10.4,177.0,3.9,7.4,58.0
2024-03-31T05:00,17.6,10.2,174.0,3.2,7.4,66.0
2024-03-31T06:00,17.7,10.2,171.0,2.6,7.2,71.0
2024-03-31T07:00,18.6,10.6,168.0,2.1,6.6,72.0
2024-03-31T08:00,19.9,11.2,165.0,1.8,5.6,70.0
2024-03-31T09:00,20.3,11.4,163.0,1.7,5.0,67.0
2024-03-31T10:00,20.3,11.4,163.0,2.1,4.9,63.0
2024-03-31T11:00,19.8,11.1,164.0,2.8,5.1,57.0
2024-03-31T12:00,23.7,13.6,174.0,3.7,5.4,52.0
2024-03-31T13:00,22.4,13.0,179.0,4.5,5.1,48.0
2024-03-31T14:00,21.1,12.4,186.0,5.6,4.7,42.0
2024-03-31T15:00,20.5,12.1,193.0,6.5,4.4,38.0
2024-03-31T16:00,20.6,12.2,199.0,7.0,4.2,36.0
2024-03-31T17:00,20.8,12.3,204.0,7.3,4.1,35.0
2024-03-31T18:00,20.9,12.3,206.0,7.3,3.9,35.0
2024-03-31T19:00,20.9,12.3,204.0,6.7,3.6,35.0
2024-03-31T20:00,20.7,12.1,199.0,5.9,3.3,35.0
2024-03-31T21:00,20.4,12.0,195.0,5.2,3.1,35.0
2024-03-31T22:00,20.4,12.0,194.0,5.1,3.1,34.0
2024-03-31T23:00,20.2,11.9,193.0,5.2,3.3,34.0
2024-04-01T00:00,19.1,11.4,194.0,5.5,3.6,34.0
2024-04-01T01:00,19.0,11.4,192.0,5.4,4.9,36.0
2024-04-01T02:00,19.2,11.6,189.0,5.3,6.8,39.0
2024-04-01T03:00,18.7,11.3,186.0,5.0,8.1,43.0
2024-04-01T04:00,18.6,11.1,183.0,4.3,8.5,51.0
2024-04-01T05:00,18.9,11.1,179.0,3.5,8.4,60.0
2024-04-01T06:00,19.6,11.4,176.0,2.8,8.0,67.0
2024-04-01T07:00,20.0,11.5,173.0,2.3,7.3,69.0
2024-04-01T08:00,20.4,11.7,171.0,1.9,6.4,69.0
2024-04-01T09:00,20.3,11.7,170.0,1.9,5.7,67.0
2024-04-01T10:00,20.0,11.5,170.0,2.3,5.6,63.0
2024-04-01T11:00,19.6,11.2,171.0,3.0,5.8,57.0
2024-04-01T12:00,23.9,13.7,177.0,3.9,6.1,51.0
2024-04-01T13:00,22.7,13.1,181.0,4.6,5.5,47.0
2024-04-01T14:00,22.2,13.0,187.0,5.6,4.7,41.0
2024-04-01T15:00,22.3,13.0,191.0,6.2,4.0,36.0
2024-04-01T16:00,22.6,13.2,192.0,6.3,3.7,35.0
2024-04-01T17:00,23.1,13.5,191.0,6.0,3.5,35.0
2024-04-01T18:00,23.2,13.6,189.0,5.7,3.4,35.0
2024-04-01T19:00,23.1,13.5,185.0,5.2,3.2,35.0
2024-04-01T20:00,23.3,13.6,179.0,4.6,3.0,34.0
2024-04-01T21:00,23.3,13.6,175.0,4.2,3.0,34.0
2024-04-01T22:00,22.9,13.5,175.0,4.2,3.1,33.0
2024-04-01T23:00,22.6,13.4,176.0,4.4,3.3,32.0
2024-04-02T00:00,21.4,12.8,172.0,4.2,3.5,32.0
2024-04-02T01:00,22.6,13.7,173.0,4.3,4.5,33.0
2024-04-02T02:00,22.8,13.8,175.0,4.3,5.9,35.0
2024-04-02T03:00,22.1,13.3,176.0,4.2,7.0,39.0
2024-04-02T04:00,22.1,13.2,175.0,3.8,7.5,47.0
2024-04-02T05:00,22.4,13.3,173.0,3.2,7.7,56.0
2024-04-02T06:00,22.5,13.2,170.0,2.7,7.5,63.0
2024-04-02T07:00,22.5,13.1,166.0,2.3,6.9,65.0
2024-04-02T08:00,22.8,13.3,162.0,1.9,5.9,65.0
2024-04-02T09:00,23.3,13.6,160.0,1.9,5.2,63.0
2024-04-02T10:00,23.6,13.6,160.0,2.4,5.1,58.0
2024-04-02T11:00,23.8,13.6,162.0,3.2,5.3,51.0
2024-04-02T12:00,31.1,18.1,167.0,4.3,6.3,47.0
2024-04-02T13:00,29.3,17.3,170.0,4.9,5.6,42.0
2024-04-02T14:00,28.6,17.0,174.0,5.7,4.6,36.0
2024-04-02T15:00,28.5,16.9,177.0,6.2,3.8,31.0
2024-04-02T16:00,28.6,16.9,179.0,6.3,3.5,30.0
2024-04-02T17:00,28.5,16.9,179.0,6.1,3.4,31.0
2024-04-02T18:00,28.6,16.9,178.0,5.7,3.3,32.0
2024-04-02T19:00,28.6,16.8,173.0,5.1,3.1,32.0
2024-04-02T20:00,27.9,16.4,166.0,4.3,2.9,33.0
2024-04-02T21:00,27.4,16.2,161.0,3.8,2.9,33.0
2024-04-02T22:00,26.7,15.8,158.0,3.7,3.0,33.0
2024-04-02T23:00,26.1,15.5,156.0,3.9,3.3,33.0
2024-04-03T00:00,24.8,15.0,156.0,4.2,3.4,33.0
2024-04-03T01:00,25.5,15.4,156.0,4.1,4.2,34.0
2024-04-03T02:00,24.9,15.0,155.0,4.0,5.3,36.0
2024-04-03T03:00,22.9,13.6,154.0,3.8,6.1,40.0
2024-04-03T04:00,21.7,12.8,152.0,3.4,6.5,47.0
2024-04-03T05:00,21.3,12.5,150.0,2.8,6.7,56.0
2024-04-03T06:00,20.9,12.1,148.0,2.4,6.7,63.0
2024-04-03T07:00,20.7,11.9,145.0,2.1,6.2,66.0
2024-04-03T08:00,20.7,11.8,142.0,1.8,5.5,66.0
2024-04-03T09:00,20.7,11.7,141.0,1.9,5.0,65.0
2024-04-03T10:00,20.4,11.6,142.0,2.5,5.0,61.0
2024-04-03T11:00,19.8,11.2,145.0,3.4,5.3,55.0
2024-04-03T12:00,18.5,10.6,136.0,4.1,5.1,49.0
2024-04-03T13:00,17.9,10.4,141.0,5.0,4.7,44.0
2024-04-03T14:00,17.7,10.3,148.0,6.1,4.1,38.0
2024-04-03T15:00,17.8,10.4,153.0,6.9,3.6,33.0
2024-04-03T16:00,18.2,10.6,154.0,6.9,3.3,32.0
2024-04-03T17:00,18.8,10.9,152.0,6.4,3.2,32.0
2024-04-03T18:00,19.3,11.0,149.0,5.9,3.0,33.0
2024-04-03T19:00,19.3,10.9,145.0,5.2,2.8,33.0
2024-04-03T20:00,19.1,10.7,140.0,4.4,2.7,33.0
2024-04-03T21:00,18.5,10.4,136.0,3.9,2.6,33.0
2024-04-03T22:00,18.1,10.2,135.0,3.8,2.6,32.0
2024-04-03T23:00,17.2,9.7,136.0,4.0,2.8,31.0
2024-04-04T00:00,15.9,9.3,136.0,4.3,3.4,31.0
2024-04-04T01:00,15.9,9.4,138.0,4.3,4.3,33.0
2024-04-04T02:00,15.4,9.1,140.0,4.2,5.5,36.0
2024-04-04T03:00,15.4,9.0,142.0,4.0,6.5,41.0
2024-04-04T04:00,16.5,9.6,143.0,3.5,7.0,49.0
2024-04-04T05:00,17.1,9.8,143.0,2.9,7.1,60.0
2024-04-04T06:00,17.5,9.9,144.0,2.4,7.0,67.0
2024-04-04T07:00,17.6,9.8,145.0,2.0,6.4,70.0
2024-04-04T08:00,17.6,9.7,146.0,1.7,5.4,71.0
2024-04-04T09:00,17.6,9.8,147.0,1.8,4.8,69.0
2024-04-04T10:00,17.7,9.9,149.0,2.4,4.8,65.0
2024-04-04T11:00,17.7,9.9,151.0,3.4,5.2,59.0
2024-04-04T12:00,14.6,8.3,150.0,5.1,5.9,54.0
2024-04-04T13:00,14.9,8.7,160.0,6.5,5.6,48.0
2024-04-04T14:00,15.1,8.8,173.0,8.4,5.1,39.0
2024-04-04T15:00,14.7,8.7,182.0,9.6,4.7,33.0
2024-04-04T16:00,14.3,8.5,182.0,9.5,4.3,31.0
2024-04-04T17:00,14.3,8.5,177.0,8.8,3.9,32.0
2024-04-04T18:00,14.1,8.3,170.0,7.9,3.5,33.0
2024-04-04T19:00,14.0,8.2,162.0,6.8,3.1,33.0
2024-04-04T20:00,14.7,8.5,152.0,5.6,2.7,33.0
2024-04-04T21:00,15.0,8.7,144.0,4.7,2.5,33.0
2024-04-04T22:00,14.7,8.6,139.0,4.4,2.5,32.0
2024-04-04T23:00,14.0,8.3,136.0,4.4,2.6,31.0
2024-04-05T00:00,11.5,7.1,142.0,5.4,4.1,30.0
2024-04-05T01:00,12.5,7.8,146.0,5.6,5.5,32.0
2024-04-05T02:00,14.6,9.1,152.0,5.9,7.6,36.0
2024-04-05T03:00,15.8,9.7,156.0,5.9,9.2,42.0
2024-04-05T04:00,16.7,10.2,157.0,5.4,10.3,53.0
2024-04-05T05:00,17.2,10.4,157.0,4.7,11.0,66.0
2024-04-05T06:00,17.3,10.2,154.0,4.0,10.9,75.0
2024-04-05T07:00,17.1,9.7,148.0,3.2,9.3,77.0
2024-04-05T08:00,16.9,9.4,140.0,2.3,7.0,74.0
2024-04-05T09:00,17.2,9.5,135.0,2.0,5.2,70.0
2024-04-05T10:00,16.9,9.3,135.0,2.5,4.8,64.0
2024-04-05T11:00,16.7,9.2,137.0,3.5,5.0,57.0
2024-04-05T12:00,16.7,9.3,143.0,5.3,5.8,60.0
2024-04-05T13:00,16.1,9.0,150.0,6.2,5.3,55.0
2024-04-05T14:00,15.3,8.5,160.0,7.4,4.7,47.0
2024-04-05T15:00,14.6,8.1,168.0,8.4,4.2,41.0
2024-04-05T16:00,14.4,8.1,174.0,8.9,4.1,38.0
2024-04-05T17:00,14.3,8.1,177.0,9.1,4.2,35.0
2024-04-05T18:00,13.8,7.9,179.0,9.0,4.2,34.0
2024-04-05T19:00,13.2,7.6,177.0,8.3,4.0,33.0
2024-04-05T20:00,12.7,7.3,172.0,7.3,3.7,34.0
2024-04-05T21:00,12.5,7.2,168.0,6.4,3.4,34.0
2024-04-05T22:00,13.4,7.9,165.0,5.8,3.0,34.0
2024-04-05T23:00,14.3,8.5,163.0,5.3,2.6,34.0
2024-04-06T00:00,15.0,9.0,169.0,6.0,3.6,34.0
2024-04-06T01:00,15.3,9.3,177.0,6.3,4.5,36.0
2024-04-06T02:00,16.5,10.0,188.0,6.6,5.9,40.0
2024-04-06T03:00,17.9,10.8,196.0,6.5,7.1,48.0
2024-04-06T04:00,20.0,11.9,200.0,5.8,8.3,64.0
2024-04-06T05:00,22.3,13.0,201.0,4.7,9.5,84.0
2024-04-06T06:00,24.1,13.7,199.0,3.7,9.9,98.0
2024-04-06T07:00,25.1,14.0,191.0,3.0,9.0,103.0
2024-04-06T08:00,25.6,14.1,180.0,2.4,7.3,103.0
2024-04-06T09:00,26.1,14.2,171.0,2.3,6.0,99.0
2024-04-06T10:00,26.3,14.1,164.0,2.9,5.6,90.0
2024-04-06T11:00,25.3,13.4,159.0,4.1,5.5,77.0
2024-04-06T12:00,38.2,21.3,167.0,6.3,6.8,89.0
2024-04-06T13:00,37.3,20.7,170.0,7.1,6.1,79.0
2024-04-06T14:00,35.9,19.7,173.0,8.2,5.1,66.0
2024-04-06T15:00,34.3,18.8,175.0,8.8,4.3,55.0
2024-04-06T16:00,33.2,18.1,173.0,8.6,3.8,48.0
2024-04-06T17:00,32.6,17.8,169.0,8.1,3.5,44.0
2024-04-06T18:00,32.8,17.8,165.0,7.4,3.3,41.0
2024-04-06T19:00,32.7,17.6,160.0,6.6,3.0,39.0
2024-04-06T20:00,32.4,17.5,154.0,5.8,2.8,39.0
2024-04-06T21:00,31.4,17.0,151.0,5.3,2.8,38.0
2024-04-06T22:00,29.9,16.4,152.0,5.4,3.0,37.0
2024-04-06T23:00,28.6,15.9,156.0,5.7,3.4,36.0
2024-04-07T00:00,27.6,15.6,168.0,6.2,3.6,39.0
2024-04-07T01:00,28.5,16.3,179.0,6.5,4.6,41.0
2024-04-07T02:00,29.7,17.2,194.0,6.9,6.0,45.0
2024-04-07T03:00,30.6,17.6,201.0,6.8,7.1,51.0
2024-04-07T04:00,31.3,18.0,194.0,5.8,7.7,61.0
2024-04-07T05:00,31.3,18.0,179.0,4.2,7.9,73.0
2024-04-07T06:00,29.3,16.8,166.0,3.0,7.8,82.0
2024-04-07T07:00,27.8,15.8,158.0,2.4,7.1,84.0
2024-04-07T08:00,27.4,15.4,152.0,2.0,6.0,83.0
2024-04-07T09:00,27.4,15.4,149.0,2.1,5.2,80.0
2024-04-07T10:00,27.3,15.3,149.0,2.7,5.0,75.0
2024-04-07T11:00,26.8,15.0,153.0,3.7,5.0,68.0
2024-04-07T12:00,36.6,20.8,167.0,5.3,6.4,70.0
2024-04-07T13:00,34.9,20.0,172.0,6.1,5.7,63.0
2024-04-07T14:00,33.4,19.2,178.0,7.1,4.7,54.0
2024-04-07T15:00,32.4,18.6,182.0,7.7,3.9,47.0
2024-04-07T16:00,31.8,18.4,181.0,7.5,3.5,44.0
2024-04-07T17:00,31.3,18.2,178.0,6.9,3.3,43.0
2024-04-07T18:00,30.3,17.7,174.0,6.2,3.1,42.0
2024-04-07T19:00,29.1,17.2,170.0,5.6,2.9,41.0
2024-04-07T20:00,27.2,16.2,165.0,4.9,2.7,40.0
2024-04-07T21:00,26.5,15.9,161.0,4.5,2.6,39.0
2024-04-07T22:00,25.7,15.4,159.0,4.4,2.7,38.0
2024-04-07T23:00,25.0,15.1,158.0,4.4,3.1,37.0
2024-04-08T00:00,24.0,14.6,155.0,4.7,3.4,37.0
2024-04-08T01:00,24.7,15.1,160.0,4.9,4.1,38.0
2024-04-08T02:00,25.7,15.8,168.0,5.2,5.1,41.0
2024-04-08T03:00,26.0,15.9,173.0,5.2,6.0,47.0
2024-04-08T04:00,27.7,17.0,174.0,4.6,7.0,60.0
2024-04-08T05:00,28.4,17.2,172.0,3.8,7.9,76.0
2024-04-08T06:00,28.5,16.9,169.0,3.0,8.2,87.0
2024-04-08T07:00,29.4,17.2,164.0,2.4,7.4,88.0
2024-04-08T08:00,31.1,18.0,158.0,2.0,6.0,83.0
2024-04-08T09:00,32.8,18.9,153.0,1.9,4.9,77.0
2024-04-08T10:00,33.3,19.1,148.0,2.3,4.5,70.0
2024-04-08T11:00,32.1,18.4,144.0,2.9,4.5,61.0
2024-04-08T12:00,32.7,18.7,146.0,3.6,4.3,51.0
2024-04-08T13:00,31.2,18.0,145.0,3.9,4.1,49.0
2024-04-08T14:00,31.5,18.3,143.0,4.4,3.8,45.0
2024-04-08T15:00,32.4,18.9,143.0,4.8,3.5,43.0
2024-04-08T16:00,33.3,19.4,145.0,5.0,3.3,42.0
2024-04-08T17:00,34.2,20.0,147.0,5.1,3.2,42.0
2024-04-08T18:00,34.9,20.3,149.0,5.0,3.1,43.0
2024-04-08T19:00,35.6,20.7,148.0,4.4,2.8,44.0
2024-04-08T20:00,36.4,21.0,146.0,3.5,2.5,46.0
2024-04-08T21:00,37.5,21.5,146.0,2.9,2.4,48.0
2024-04-08T22:00,38.9,22.2,152.0,3.0,2.4,49.0
2024-04-08T23:00,40.2,23.1,160.0,3.3,2.6,50.0
2024-04-09T00:00,43.1,24.4,164.0,3.4,2.7,51.0
2024-04-09T01:00,46.3,26.2,167.0,3.5,3.6,54.0
2024-04-09T02:00,50.6,27.8,171.0,3.7,4.8,58.0
2024-04-09T03:00,53.7,29.3,174.0,3.6,5.8,62.0
2024-04-09T04:00,56.7,31.0,174.0,3.2,6.3,66.0
2024-04-09T05:00,58.7,32.0,174.0,2.6,6.4,70.0
2024-04-09T06:00,59.8,32.6,173.0,2.1,6.4,73.0
2024-04-09T07:00,60.3,32.9,173.0,1.8,6.0,74.0
2024-04-09T08:00,60.8,33.1,172.0,1.5,5.5,74.0
2024-04-09T09:00,61.2,33.4,173.0,1.6,5.0,72.0
2024-04-09T10:00,61.7,33.6,175.0,2.1,4.8,67.0
2024-04-09T11:00,62.2,33.9,177.0,2.9,4.8,61.0
2024-04-09T12:00,55.2,30.3,171.0,3.5,4.8,55.0
2024-04-09T13:00,55.2,30.2,172.0,3.7,4.5,53.0
2024-04-09T14:00,55.9,30.6,175.0,4.1,4.0,51.0
2024-04-09T15:00,56.9,31.1,178.0,4.4,3.6,49.0
2024-04-09T16:00,57.5,31.5,183.0,4.8,3.4,49.0
2024-04-09T17:00,58.0,31.8,190.0,5.1,3.2,49.0
2024-04-09T18:00,58.4,32.1,196.0,5.4,3.1,50.0
2024-04-09T19:00,58.6,32.2,199.0,5.4,3.1,51.0
2024-04-09T20:00,59.4,32.7,201.0,5.3,3.1,52.0
2024-04-09T21:00,60.8,33.4,206.0,5.5,3.4,53.0
2024-04-09T22:00,62.4,34.5,218.0,6.5,3.9,52.0
2024-04-09T23:00,62.4,34.6,233.0,7.7,4.6,49.0
2024-04-10T00:00,64.0,35.7,234.0,7.3,4.9,54.0
2024-04-10T01:00,65.7,36.9,226.0,6.7,5.6,58.0
2024-04-10T02:00,65.9,36.8,215.0,5.8,6.5,63.0
2024-04-10T03:00,65.4,36.2,205.0,4.9,7.1,68.0
2024-04-10T04:00,62.6,34.8,199.0,3.8,6.9,74.0
2024-04-10T05:00,61.5,34.2,195.0,2.7,6.4,80.0
2024-04-10T06:00,60.5,33.9,192.0,1.9,5.8,84.0
2024-04-10T07:00,59.4,33.3,189.0,1.5,5.3,84.0
2024-04-10T08:00,58.1,32.6,187.0,1.4,4.7,83.0
2024-04-10T09:00,57.0,32.0,187.0,1.5,4.3,80.0
2024-04-10T10:00,56.2,31.5,188.0,1.9,4.2,76.0
2024-04-10T11:00,55.8,31.3,190.0,2.5,4.2,71.0
2024-04-10T12:00,63.3,35.4,203.0,3.6,5.1,64.0
2024-04-10T13:00,61.9,34.7,207.0,4.2,4.8,63.0
2024-04-10T14:00,61.0,34.5,214.0,5.0,4.4,61.0
2024-04-10T15:00,60.3,34.1,223.0,6.1,4.2,59.0
2024-04-10T16:00,60.1,34.1,238.0,7.6,4.4,57.0
2024-04-10T17:00,60.3,34.5,256.0,9.4,4.9,56.0
2024-04-10T18:00,61.2,35.2,271.0,10.7,5.3,55.0
2024-04-10T19:00,61.5,35.3,279.0,11.3,5.6,55.0
2024-04-10T20:00,61.2,35.3,283.0,11.5,5.8,54.0
2024-04-10T21:00,61.9,35.6,288.0,11.7,6.0,54.0
2024-04-10T22:00,61.7,35.6,301.0,12.2,6.2,52.0
2024-04-10T23:00,60.3,35.2,315.0,12.8,6.5,51.0
2024-04-11T00:00,59.1,34.9,332.0,12.9,7.3,50.0
2024-04-11T01:00,59.4,35.3,305.0,10.9,7.7,55.0
2024-04-11T02:00,58.3,33.8,267.0,8.2,8.2,62.0
2024-04-11T03:00,53.7,30.9,236.0,5.8,8.4,69.0
2024-04-11T04:00,50.6,29.2,219.0,4.1,7.9,75.0
2024-04-11T05:00,48.0,27.6,210.0,2.8,7.1,81.0
2024-04-11T06:00,46.6,26.8,202.0,1.9,6.3,84.0
2024-04-11T07:00,44.7,25.8,195.0,1.4,5.6,84.0
2024-04-11T08:00,43.1,25.0,191.0,1.3,4.9,81.0
2024-04-11T09:00,41.9,24.3,188.0,1.4,4.4,77.0
2024-04-11T10:00,41.3,24.0,187.0,1.8,4.1,72.0
2024-04-11T11:00,41.1,23.9,188.0,2.4,3.9,65.0
2024-04-11T12:00,32.5,18.9,205.0,3.4,4.6,62.0
2024-04-11T13:00,33.1,19.2,206.0,3.7,4.2,61.0
2024-04-11T14:00,33.2,19.2,207.0,4.0,3.7,59.0
2024-04-11T15:00,33.3,19.3,208.0,4.3,3.3,58.0
2024-04-11T16:00,33.2,19.2,210.0,4.5,3.1,58.0
2024-04-11T17:00,32.7,18.9,211.0,4.5,3.1,59.0
2024-04-11T18:00,31.9,18.3,211.0,4.4,3.0,60.0
2024-04-11T19:00,30.9,17.6,207.0,3.9,2.8,62.0
2024-04-11T20:00,30.2,17.1,202.0,3.1,2.6,64.0
2024-04-11T21:00,29.7,16.8,198.0,2.6,2.4,65.0
2024-04-11T22:00,29.7,16.7,196.0,2.4,2.3,65.0
2024-04-11T23:00,29.6,16.6,196.0,2.4,2.3,65.0
2024-04-12T00:00,29.7,17.1,216.0,4.6,3.7,61.0
2024-04-12T01:00,29.3,16.9,209.0,4.3,4.1,64.0
2024-04-12T02:00,27.6,15.7,200.0,3.7,4.7,68.0
2024-04-12T03:00,27.3,15.5,192.0,3.2,5.0,72.0
2024-04-12T04:00,28.1,16.0,187.0,2.6,4.8,75.0
2024-04-12T05:00,29.5,16.8,184.0,1.9,4.3,78.0
2024-04-12T06:00,30.7,17.5,182.0,1.4,3.9,80.0
2024-04-12T07:00,31.8,18.2,181.0,1.2,3.7,81.0
2024-04-12T08:00,32.4,18.5,180.0,1.2,3.5,80.0
2024-04-12T09:00,32.6,18.6,181.0,1.4,3.4,79.0
2024-04-12T10:00,32.5,18.6,182.0,1.8,3.5,76.0
2024-04-12T11:00,32.8,18.8,185.0,2.4,3.7,72.0
2024-04-12T12:00,23.0,13.1,182.0,3.2,4.0,67.0
2024-04-12T13:00,23.7,13.6,186.0,3.7,3.9,66.0
2024-04-12T14:00,23.9,13.6,192.0,4.4,3.7,65.0
2024-04-12T15:00,24.0,13.7,197.0,4.9,3.5,64.0
2024-04-12T16:00,24.4,14.0,199.0,4.9,3.4,64.0
2024-04-12T17:00,25.0,14.4,201.0,4.7,3.2,65.0
2024-04-12T18:00,25.7,14.7,202.0,4.5,3.1,66.0
2024-04-12T19:00,26.5,15.2,202.0,4.1,2.9,67.0
2024-04-12T20:00,27.2,15.7,201.0,3.6,2.7,67.0
2024-04-12T21:00,28.0,16.2,205.0,3.6,2.8,67.0
2024-04-12T22:00,29.2,16.9,217.0,4.5,3.2,64.0
2024-04-12T23:00,30.0,17.6,233.0,5.8,3.9,61.0
2024-04-13T00:00,29.5,17.7,246.0,7.8,5.2,58.0
2024-04-13T01:00,32.1,19.5,239.0,7.2,6.1,62.0
2024-04-13T02:00,30.5,18.1,228.0,6.3,7.3,68.0
2024-04-13T03:00,31.2,18.4,220.0,5.3,7.9,74.0
2024-04-13T04:00,32.6,19.2,215.0,4.1,7.4,79.0
2024-04-13T05:00,34.0,20.1,213.0,2.7,6.2,84.0
2024-04-13T06:00,34.7,20.5,211.0,1.7,5.2,87.0
2024-04-13T07:00,34.7,20.5,209.0,1.3,4.4,87.0
2024-04-13T08:00,34.9,20.6,209.0,1.3,3.8,85.0
2024-04-13T09:00,35.9,21.2,209.0,1.5,3.4,82.0
2024-04-13T10:00,36.9,21.7,211.0,1.9,3.5,79.0
2024-04-13T11:00,38.2,22.5,213.0,2.6,4.0,75.0
2024-04-13T12:00,27.6,16.2,199.0,3.8,4.8,71.0
2024-04-13T13:00,29.7,17.5,200.0,4.1,4.6,69.0
2024-04-13T14:00,32.2,18.9,202.0,4.6,4.3,67.0
2024-04-13T15:00,35.2,20.6,206.0,5.1,4.1,66.0
2024-04-13T16:00,38.3,22.4,213.0,5.6,4.0,66.0
2024-04-13T17:00,41.6,24.4,222.0,6.1,4.0,68.0
2024-04-13T18:00,44.9,26.4,230.0,6.5,4.0,69.0
2024-04-13T19:00,48.5,28.6,236.0,6.6,4.1,70.0
2024-04-13T20:00,52.5,31.0,241.0,6.6,4.3,70.0
2024-04-13T21:00,55.6,32.9,248.0,6.8,4.5,70.0
2024-04-13T22:00,57.5,34.2,263.0,7.6,4.7,68.0
2024-04-13T23:00,57.9,34.8,279.0,8.6,5.0,65.0
2024-04-14T00:00,57.2,34.6,287.0,9.9,6.2,63.0
2024-04-14T01:00,59.5,36.2,272.0,9.0,7.6,69.0
2024-04-14T02:00,61.2,36.6,251.0,7.6,9.5,77.0
2024-04-14T03:00,62.6,37.4,234.0,6.3,10.7,84.0
2024-04-14T04:00,62.9,37.5,227.0,5.1,10.6,90.0
2024-04-14T05:00,63.1,37.6,224.0,4.0,9.8,96.0
2024-04-14T06:00,62.2,37.1,222.0,3.0,8.7,99.0
2024-04-14T07:00,61.0,36.3,220.0,2.2,7.3,98.0
2024-04-14T08:00,59.0,35.4,220.0,1.7,5.7,94.0
2024-04-14T09:00,56.8,34.1,221.0,1.5,4.5,89.0
2024-04-14T10:00,54.0,32.6,223.0,1.8,4.2,84.0
2024-04-14T11:00,51.3,31.0,227.0,2.5,4.4,79.0
2024-04-14T12:00,41.2,24.9,209.0,3.8,4.8,73.0
2024-04-14T13:00,41.2,25.0,218.0,5.0,4.6,70.0
2024-04-14T14:00,40.7,24.9,231.0,6.7,4.4,66.0
2024-04-14T15:00,40.4,24.7,242.0,8.1,4.3,63.0
2024-04-14T16:00,40.2,24.6,250.0,8.9,4.3,62.0
2024-04-14T17:00,39.8,24.4,256.0,9.4,4.4,61.0
2024-04-14T18:00,39.7,24.3,261.0,9.8,4.6,60.0
2024-04-14T19:00,39.0,23.8,266.0,10.3,4.9,58.0
2024-04-14T20:00,38.8,23.7,269.0,10.7,5.3,57.0
2024-04-14T21:00,38.0,23.6,273.0,11.0,5.6,55.0
2024-04-14T22:00,36.9,23.2,279.0,11.1,5.5,53.0
2024-04-14T23:00,35.6,22.5,285.0,11.1,5.2,51.0
2024-04-15T00:00,37.1,23.6,298.0,12.3,6.3,49.0
2024-04-15T01:00,38.2,24.3,277.0,11.0,7.8,54.0
2024-04-15T02:00,37.4,23.6,248.0,9.2,9.9,61.0
2024-04-15T03:00,33.6,21.0,223.0,7.4,11.0,68.0
2024-04-15T04:00,29.2,18.0,205.0,5.6,10.2,75.0
2024-04-15T05:00,26.9,16.4,190.0,3.7,8.4,81.0
2024-04-15T06:00,25.6,15.5,179.0,2.3,6.8,85.0
2024-04-15T07:00,25.0,15.1,173.0,1.6,5.6,84.0
2024-04-15T08:00,24.7,14.8,171.0,1.4,4.5,81.0
2024-04-15T09:00,25.1,15.0,172.0,1.5,3.8,77.0
2024-04-15T10:00,26.3,15.6,175.0,1.9,3.7,73.0
2024-04-15T11:00,27.8,16.4,180.0,2.5,4.0,69.0
2024-04-15T12:00,22.2,13.1,188.0,3.7,4.6,64.0
2024-04-15T13:00,24.4,14.5,195.0,4.6,4.4,62.0
2024-04-15T14:00,26.5,15.7,205.0,5.8,4.2,59.0
2024-04-15T15:00,28.2,16.7,217.0,7.1,4.2,56.0
2024-04-15T16:00,29.9,17.7,231.0,8.5,4.4,54.0
2024-04-15T17:00,31.4,18.7,247.0,9.9,4.8,52.0
2024-04-15T18:00,32.6,19.6,259.0,11.0,5.2,50.0
2024-04-15T19:00,32.5,19.6,264.0,11.4,5.7,48.0
2024-04-15T20:00,32.2,19.5,265.0,11.4,6.3,47.0
2024-04-15T21:00,31.4,19.2,266.0,11.4,6.9,45.0
2024-04-15T22:00,31.3,19.2,268.0,11.5,7.3,43.0
2024-04-15T23:00,30.4,18.7,269.0,11.4,7.7,41.0
2024-04-16T00:00,30.3,19.1,287.0,13.6,9.6,36.0
2024-04-16T01:00,30.5,19.4,283.0,12.9,11.5,41.0
2024-04-16T02:00,30.6,19.5,277.0,11.9,13.9,48.0
2024-04-16T03:00,31.3,19.8,269.0,10.4,15.1,58.0
2024-04-16T04:00,32.7,20.5,258.0,8.0,13.9,75.0
2024-04-16T05:00,32.0,19.7,245.0,5.1,11.4,95.0
2024-04-16T06:00,30.9,18.7,233.0,2.9,9.1,107.0
2024-04-16T07:00,29.4,17.6,221.0,1.9,7.2,106.0
2024-04-16T08:00,27.4,16.3,210.0,1.6,5.4,97.0
2024-04-16T09:00,26.7,15.8,203.0,1.7,4.2,88.0
2024-04-16T10:00,26.3,15.6,201.0,2.1,3.9,83.0
2024-04-16T11:00,26.3,15.6,203.0,3.0,4.3,78.0
2024-04-16T12:00,38.1,22.8,205.0,4.3,4.8,70.0
2024-04-16T13:00,38.3,23.0,212.0,5.6,4.7,64.0
2024-04-16T14:00,38.5,23.2,222.0,7.4,4.6,56.0
2024-04-16T15:00,38.1,22.9,228.0,8.6,4.4,50.0
2024-04-16T16:00,37.6,22.6,229.0,8.7,4.1,48.0
2024-04-16T17:00,37.3,22.4,227.0,8.3,3.8,49.0
2024-04-16T18:00,36.8,22.0,223.0,7.6,3.5,50.0
2024-04-16T19:00,36.1,21.4,215.0,6.6,3.1,50.0
2024-04-16T20:00,35.2,20.8,204.0,5.4,2.8,51.0
2024-04-16T21:00,35.3,20.7,196.0,4.5,2.6,51.0
2024-04-16T22:00,34.9,20.4,192.0,4.3,2.6,50.0
2024-04-16T23:00,34.7,20.4,190.0,4.3,2.9,48.0
2024-04-17T00:00,34.5,20.4,188.0,4.6,3.4,46.0
2024-04-17T01:00,34.7,20.6,191.0,4.9,4.5,47.0
2024-04-17T02:00,34.8,20.6,194.0,5.2,6.1,49.0
2024-04-17T03:00,35.0,20.8,196.0,5.2,7.4,53.0
2024-04-17T04:00,35.6,21.2,195.0,4.7,8.3,63.0
2024-04-17T05:00,36.0,21.4,193.0,3.9,8.9,75.0
2024-04-17T06:00,35.4,21.0,190.0,3.2,9.0,83.0
2024-04-17T07:00,34.7,20.3,184.0,2.6,8.1,85.0
2024-04-17T08:00,33.8,19.7,178.0,2.1,6.7,83.0
2024-04-17T09:00,32.8,18.9,172.0,2.0,5.6,79.0
2024-04-17T10:00,31.7,18.2,168.0,2.6,5.4,73.0
2024-04-17T11:00,30.4,17.3,166.0,3.6,5.5,65.0
2024-04-17T12:00,41.2,23.8,174.0,5.1,5.7,59.0
2024-04-17T13:00,38.0,21.8,177.0,5.8,5.2,53.0
2024-04-17T14:00,35.9,20.7,182.0,6.8,4.4,46.0
2024-04-17T15:00,34.8,20.1,184.0,7.4,3.8,40.0
2024-04-17T16:00,34.6,20.0,182.0,7.2,3.5,39.0
2024-04-17T17:00,34.6,20.0,178.0,6.5,3.4,39.0
2024-04-17T18:00,33.9,19.5,173.0,5.8,3.3,40.0
2024-04-17T19:00,33.4,19.2,167.0,5.2,3.2,40.0
2024-04-17T20:00,33.2,18.9,161.0,4.7,3.1,39.0
2024-04-17T21:00,31.9,18.2,156.0,4.3,3.1,39.0
2024-04-17T22:00,30.7,17.5,151.0,4.1,3.2,38.0
2024-04-17T23:00,29.0,16.7,146.0,4.1,3.4,37.0
2024-04-18T00:00,27.6,16.0,140.0,4.1,3.8,38.0
2024-04-18T01:00,27.1,15.8,146.0,4.7,5.2,40.0
2024-04-18T02:00,27.7,16.1,156.0,5.4,7.1,43.0
2024-04-18T03:00,28.2,16.5,165.0,5.8,8.9,51.0
2024-04-18T04:00,30.4,17.9,175.0,5.4,10.7,69.0
2024-04-18T05:00,32.2,18.9,185.0,4.6,12.5,93.0
2024-04-18T06:00,33.5,19.3,191.0,3.8,13.1,111.0
2024-04-18T07:00,35.3,20.0,190.0,3.1,11.8,120.0
2024-04-18T08:00,36.3,20.4,186.0,2.4,9.3,122.0
2024-04-18T09:00,36.6,20.5,183.0,2.2,7.4,121.0
2024-04-18T10:00,36.1,20.3,183.0,2.9,6.7,114.0
2024-04-18T11:00,34.5,19.4,184.0,4.0,6.4,102.0
2024-04-18T12:00,48.0,27.1,181.0,5.5,7.0,103.0
2024-04-18T13:00,43.0,24.2,183.0,5.8,6.0,95.0
2024-04-18T14:00,39.2,22.3,185.0,6.1,4.7,84.0
2024-04-18T15:00,37.0,21.1,187.0,6.3,3.7,76.0
2024-04-18T16:00,35.0,20.1,189.0,6.2,3.5,73.0
2024-04-18T17:00,33.6,19.3,192.0,5.9,3.6,73.0
2024-04-18T18:00,32.8,18.8,192.0,5.5,3.8,74.0
2024-04-18T19:00,31.8,18.0,189.0,4.9,3.9,76.0
2024-04-18T20:00,30.2,17.2,184.0,4.3,4.0,78.0
2024-04-18T21:00,27.9,15.9,178.0,3.9,4.2,79.0
2024-04-18T22:00,25.6,14.5,168.0,3.9,4.3,78.0
2024-04-18T23:00,23.3,13.1,157.0,4.1,4.5,76.0
2024-04-19T00:00,21.4,11.9,152.0,4.5,5.1,73.0
2024-04-19T01:00,21.5,12.0,159.0,5.4,6.7,69.0
2024-04-19T02:00,22.0,12.3,169.0,6.7,9.0,65.0
2024-04-19T03:00,22.5,12.8,175.0,7.2,10.7,66.0
2024-04-19T04:00,24.4,14.2,174.0,6.3,11.5,79.0
2024-04-19T05:00,26.5,15.4,170.0,4.7,11.7,98.0
2024-04-19T06:00,28.1,16.0,166.0,3.4,11.3,111.0
2024-04-19T07:00,30.4,17.1,163.0,2.6,9.7,114.0
2024-04-19T08:00,31.9,17.8,160.0,2.1,7.5,112.0
2024-04-19T09:00,32.1,17.9,159.0,2.0,5.8,108.0
2024-04-19T10:00,31.3,17.6,160.0,2.5,5.3,100.0
2024-04-19T11:00,29.6,16.7,162.0,3.5,5.3,90.0
2024-04-19T12:00,28.7,16.4,155.0,5.0,6.2,81.0
2024-04-19T13:00,26.5,15.1,154.0,5.1,5.4,76.0
2024-04-19T14:00,25.7,14.6,152.0,5.2,4.2,70.0
2024-04-19T15:00,26.4,15.0,151.0,5.2,3.4,65.0
2024-04-19T16:00,26.3,14.8,150.0,5.2,3.2,64.0
2024-04-19T17:00,26.4,14.8,149.0,5.0,3.3,65.0
2024-04-19T18:00,26.0,14.5,148.0,4.8,3.4,66.0
2024-04-19T19:00,25.8,14.3,145.0,4.3,3.3,68.0
2024-04-19T20:00,25.6,14.3,141.0,3.7,3.3,71.0
2024-04-19T21:00,25.6,14.2,138.0,3.3,3.3,74.0
2024-04-19T22:00,25.3,14.1,135.0,3.2,3.4,76.0
2024-04-19T23:00,26.1,14.6,134.0,3.3,3.6,78.0
2024-04-20T00:00,25.5,14.3,136.0,3.7,4.1,77.0
2024-04-20T01:00,28.6,16.1,148.0,4.5,5.3,78.0
2024-04-20T02:00,32.2,18.2,166.0,5.5,7.0,79.0
2024-04-20T03:00,34.3,19.4,181.0,6.0,8.3,84.0
2024-04-20T04:00,35.3,19.9,192.0,5.4,9.0,96.0
2024-04-20T05:00,36.4,20.6,200.0,4.1,9.4,112.0
2024-04-20T06:00,37.8,21.4,206.0,3.1,9.3,123.0
2024-04-20T07:00,38.8,22.0,208.0,2.5,8.3,125.0
2024-04-20T08:00,38.4,21.8,207.0,2.0,6.7,122.0
2024-04-20T09:00,38.0,21.5,205.0,2.0,5.6,117.0
2024-04-20T10:00,35.7,20.5,203.0,2.6,5.4,110.0
2024-04-20T11:00,33.8,19.6,201.0,3.7,5.7,102.0
2024-04-20T12:00,29.7,17.5,189.0,4.9,5.9,86.0
2024-04-20T13:00,27.8,16.3,189.0,5.3,5.2,81.0
2024-04-20T14:00,27.2,15.8,188.0,5.8,4.2,75.0
2024-04-20T15:00,27.0,15.6,186.0,6.0,3.5,70.0
2024-04-20T16:00,27.1,15.5,181.0,5.7,3.3,70.0
2024-04-20T17:00,26.8,15.3,173.0,5.2,3.4,71.0
2024-04-20T18:00,25.8,14.6,165.0,4.6,3.4,73.0
2024-04-20T19:00,24.6,13.8,156.0,3.9,3.3,74.0
2024-04-20T20:00,23.7,13.2,146.0,3.2,3.2,75.0
2024-04-20T21:00,22.5,12.4,138.0,2.8,3.2,76.0
2024-04-20T22:00,21.3,11.6,133.0,2.7,3.3,76.0
2024-04-20T23:00,20.1,10.9,130.0,2.9,3.5,75.0
2024-04-21T00:00,19.8,11.1,137.0,3.7,4.0,70.0
2024-04-21T01:00,19.8,11.2,140.0,4.2,5.0,72.0
2024-04-21T02:00,19.0,10.6,144.0,4.9,6.3,75.0
2024-04-21T03:00,19.8,11.0,147.0,5.1,7.3,79.0
2024-04-21T04:00,20.7,11.3,147.0,4.4,7.6,87.0
2024-04-21T05:00,22.6,12.3,146.0,3.3,7.6,96.0
2024-04-21T06:00,24.1,13.0,144.0,2.4,7.3,102.0
2024-04-21T07:00,24.8,13.3,140.0,1.9,6.5,101.0
2024-04-21T08:00,25.6,13.6,136.0,1.7,5.4,96.0
2024-04-21T09:00,25.5,13.4,133.0,1.9,4.6,90.0
2024-04-21T10:00,24.7,12.9,133.0,2.6,4.6,84.0
2024-04-21T11:00,23.6,12.3,135.0,3.7,4.9,77.0
2024-04-21T12:00,25.0,13.5,132.0,4.6,5.6,68.0
2024-04-21T13:00,23.9,12.9,135.0,5.2,5.1,65.0
2024-04-21T14:00,23.6,12.7,140.0,5.9,4.4,62.0
2024-04-21T15:00,24.2,13.0,143.0,6.4,3.8,59.0
2024-04-21T16:00,24.7,13.2,144.0,6.4,3.6,58.0
2024-04-21T17:00,25.0,13.3,143.0,6.1,3.5,57.0
2024-04-21T18:00,25.3,13.4,141.0,5.8,3.5,57.0
2024-04-21T19:00,24.5,13.0,139.0,5.4,3.4,57.0
2024-04-21T20:00,24.3,12.8,135.0,4.9,3.3,56.0
2024-04-21T21:00,24.0,12.6,133.0,4.6,3.4,56.0
2024-04-21T22:00,24.2,12.8,131.0,4.6,3.6,56.0
2024-04-21T23:00,25.0,13.3,130.0,4.7,4.0,55.0
2024-04-22T00:00,21.7,12.5,141.0,5.7,4.2,52.0
2024-04-22T01:00,21.8,12.5,143.0,5.7,5.1,56.0
2024-04-22T02:00,23.1,12.6,145.0,5.5,6.3,61.0
2024-04-22T03:00,24.2,12.3,146.0,5.2,7.2,67.0
2024-04-22T04:00,25.6,12.7,143.0,4.4,7.6,75.0
2024-04-22T05:00,26.9,13.1,138.0,3.3,7.7,84.0
2024-04-22T06:00,27.6,13.4,134.0,2.5,7.5,90.0
2024-04-22T07:00,27.5,13.3,130.0,2.0,6.9,91.0
2024-04-22T08:00,27.2,13.2,126.0,1.8,6.0,90.0
2024-04-22T09:00,26.7,12.9,124.0,1.9,5.4,86.0
2024-04-22T10:00,26.3,12.7,125.0,2.5,5.3,80.0
2024-04-22T11:00,25.7,12.5,128.0,3.4,5.5,73.0
2024-04-22T12:00,31.1,15.3,142.0,4.8,6.3,72.0
2024-04-22T13:00,29.8,14.7,146.0,5.5,5.6,67.0
2024-04-22T14:00,29.0,14.5,152.0,6.4,4.6,60.0
2024-04-22T15:00,28.7,14.3,155.0,6.9,3.8,54.0
2024-04-22T16:00,28.5,14.3,153.0,6.7,3.4,52.0
2024-04-22T17:00,28.3,14.2,149.0,6.1,3.3,51.0
2024-04-22T18:00,28.4,14.3,145.0,5.6,3.2,50.0
2024-04-22T19:00,27.9,14.1,143.0,5.2,3.1,49.0
2024-04-22T20:00,27.4,14.1,141.0,4.8,3.0,49.0
2024-04-22T21:00,26.4,13.6,140.0,4.6,3.0,48.0
2024-04-22T22:00,25.6,13.3,139.0,4.6,3.1,47.0
2024-04-22T23:00,25.2,13.2,137.0,4.6,3.3,46.0
2024-04-23T00:00,22.8,12.6,150.0,6.4,4.5,44.0
2024-04-23T01:00,24.0,13.3,148.0,6.0,5.0,47.0
2024-04-23T02:00,23.2,12.7,146.0,5.3,5.8,52.0
2024-04-23T03:00,22.3,12.0,145.0,4.7,6.6,59.0
2024-04-23T04:00,22.3,11.8,146.0,4.1,7.6,69.0
2024-04-23T05:00,22.7,11.9,148.0,3.5,8.6,80.0
2024-04-23T06:00,23.2,11.9,147.0,2.9,8.9,87.0
2024-04-23T07:00,23.2,11.7,141.0,2.4,8.0,87.0
2024-04-23T08:00,22.7,11.3,133.0,1.9,6.5,82.0
2024-04-23T09:00,22.0,10.9,128.0,1.8,5.4,77.0
2024-04-23T10:00,21.5,10.5,127.0,2.3,5.1,71.0
2024-04-23T11:00,20.8,10.2,129.0,3.1,5.2,64.0
2024-04-23T12:00,20.8,10.5,143.0,4.6,5.7,65.0
2024-04-23T13:00,19.1,9.6,146.0,5.2,5.1,60.0
2024-04-23T14:00,19.1,9.6,150.0,6.0,4.2,54.0
2024-04-23T15:00,19.7,10.0,154.0,6.7,3.6,49.0
2024-04-23T16:00,20.6,10.6,156.0,7.0,3.4,47.0
2024-04-23T17:00,20.9,10.8,158.0,7.1,3.4,47.0
2024-04-23T18:00,21.4,11.1,158.0,7.1,3.5,47.0
2024-04-23T19:00,21.2,11.1,156.0,6.9,3.5,46.0
2024-04-23T20:00,20.4,10.8,154.0,6.5,3.4,46.0
2024-04-23T21:00,20.0,10.6,152.0,6.3,3.6,45.0
2024-04-23T22:00,19.1,10.2,152.0,6.5,4.0,43.0
2024-04-23T23:00,18.0,9.8,152.0,6.8,4.6,41.0
2024-04-24T00:00,15.6,8.7,165.0,8.3,6.2,39.0
2024-04-24T01:00,15.4,8.8,169.0,8.2,7.4,43.0
2024-04-24T02:00,16.5,9.5,175.0,7.9,9.1,49.0
2024-04-24T03:00,17.4,9.9,176.0,7.3,10.2,56.0
2024-04-24T04:00,18.9,10.6,169.0,6.1,10.4,67.0
2024-04-24T05:00,20.1,11.0,157.0,4.5,10.0,79.0
2024-04-24T06:00,19.7,10.6,146.0,3.2,9.3,87.0
2024-04-24T07:00,19.6,10.3,138.0,2.4,8.2,88.0
2024-04-24T08:00,20.5,10.7,131.0,2.0,6.7,84.0
2024-04-24T09:00,20.7,10.7,127.0,2.0,5.7,79.0
2024-04-24T10:00,20.3,10.4,126.0,2.6,5.5,74.0
2024-04-24T11:00,19.9,10.1,127.0,3.6,5.7,67.0
2024-04-24T12:00,18.2,9.9,150.0,5.7,7.0,78.0
2024-04-24T13:00,17.6,9.7,149.0,5.9,6.2,72.0
2024-04-24T14:00,16.2,8.7,146.0,6.1,5.0,63.0
2024-04-24T15:00,15.9,8.5,144.0,6.2,4.1,56.0
2024-04-24T16:00,15.7,8.2,141.0,6.0,3.6,53.0
2024-04-24T17:00,15.5,8.1,138.0,5.7,3.4,51.0
2024-04-24T18:00,15.2,8.0,135.0,5.4,3.2,50.0
2024-04-24T19:00,15.4,8.1,132.0,5.0,3.1,48.0
2024-04-24T20:00,15.3,8.0,129.0,4.5,3.0,47.0
2024-04-24T21:00,15.3,7.9,127.0,4.3,3.1,46.0
2024-04-24T22:00,15.6,8.1,128.0,4.4,3.2,44.0
2024-04-24T23:00,15.3,7.9,130.0,4.7,3.4,43.0
2024-04-25T00:00,14.1,7.8,151.0,6.8,3.7,39.0
2024-04-25T01:00,15.2,8.5,149.0,6.4,4.6,43.0
2024-04-25T02:00,14.9,8.2,145.0,5.9,5.9,48.0
2024-04-25T03:00,15.1,7.7,141.0,5.2,6.9,53.0
2024-04-25T04:00,16.1,8.0,135.0,4.3,7.5,59.0
2024-04-25T05:00,16.8,8.0,128.0,3.4,7.8,64.0
2024-04-25T06:00,17.8,8.2,123.0,2.6,7.7,68.0
2024-04-25T07:00,19.1,8.7,120.0,2.1,7.0,69.0
2024-04-25T08:00,19.9,9.0,118.0,1.8,6.0,68.0
2024-04-25T09:00,20.4,9.1,117.0,1.8,5.3,66.0
2024-04-25T10:00,20.7,9.1,118.0,2.3,5.2,62.0
2024-04-25T11:00,20.4,8.8,120.0,3.2,5.4,57.0
2024-04-25T12:00,17.5,8.0,128.0,4.5,5.7,52.0
2024-04-25T13:00,16.8,7.6,133.0,5.3,5.4,49.0
2024-04-25T14:00,17.2,7.8,140.0,6.5,4.9,45.0
2024-04-25T15:00,17.5,8.0,147.0,7.5,4.6,42.0
2024-04-25T16:00,17.9,8.3,154.0,8.4,4.6,40.0
2024-04-25T17:00,18.3,8.7,161.0,9.2,4.7,39.0
2024-04-25T18:00,18.5,8.8,165.0,9.5,4.7,38.0
2024-04-25T19:00,18.2,8.6,162.0,8.8,4.4,38.0
2024-04-25T20:00,18.2,8.6,155.0,7.5,3.9,39.0
2024-04-25T21:00,18.2,8.6,150.0,6.6,3.6,39.0
2024-04-25T22:00,17.6,8.3,151.0,6.5,3.6,38.0
2024-04-25T23:00,17.5,8.2,154.0,6.8,3.7,37.0
2024-04-26T00:00,16.5,8.1,172.0,8.3,4.2,35.0
2024-04-26T01:00,18.1,9.0,165.0,7.4,5.1,39.0
2024-04-26T02:00,18.3,8.6,156.0,6.2,6.4,44.0
2024-04-26T03:00,18.4,8.1,147.0,5.1,7.4,50.0
2024-04-26T04:00,20.4,9.1,140.0,4.1,7.8,56.0
2024-04-26T05:00,22.2,9.9,134.0,3.2,7.9,62.0
2024-04-26T06:00,23.3,10.4,130.0,2.5,7.7,67.0
2024-04-26T07:00,25.2,11.4,128.0,2.0,7.0,69.0
2024-04-26T08:00,26.4,12.0,128.0,1.7,5.9,70.0
2024-04-26T09:00,27.1,12.5,129.0,1.8,5.2,69.0
2024-04-26T10:00,27.9,13.0,130.0,2.4,5.2,66.0
2024-04-26T11:00,27.8,13.0,133.0,3.3,5.5,62.0
2024-04-26T12:00,25.3,12.3,150.0,5.5,6.9,58.0
2024-04-26T13:00,23.0,11.1,148.0,5.5,6.1,54.0
2024-04-26T14:00,21.7,10.3,146.0,5.6,5.0,48.0
2024-04-26T15:00,21.2,10.0,144.0,5.6,4.1,44.0
2024-04-26T16:00,21.7,10.2,143.0,5.5,3.7,43.0
2024-04-26T17:00,21.9,10.5,142.0,5.3,3.4,43.0
2024-04-26T18:00,21.9,10.5,141.0,5.1,3.3,43.0
2024-04-26T19:00,21.8,10.5,139.0,4.7,3.2,43.0
2024-04-26T20:00,21.8,10.6,137.0,4.3,3.1,42.0
2024-04-26T21:00,21.7,10.7,136.0,4.0,3.1,42.0
2024-04-26T22:00,21.5,10.7,136.0,4.0,3.2,42.0
2024-04-26T23:00,22.1,11.1,136.0,4.2,3.3,42.0
2024-04-27T00:00,21.9,11.3,129.0,4.3,3.8,43.0
2024-04-27T01:00,22.6,11.8,133.0,4.6,5.1,45.0
2024-04-27T02:00,23.0,11.8,139.0,4.9,6.8,49.0
2024-04-27T03:00,23.8,12.3,144.0,5.0,8.3,54.0
2024-04-27T04:00,24.6,12.7,147.0,4.6,9.2,62.0
2024-04-27T05:00,25.0,13.0,150.0,3.9,9.9,73.0
2024-04-27T06:00,25.2,13.3,151.0,3.3,9.9,80.0
2024-04-27T07:00,25.2,13.4,151.0,2.7,8.9,83.0
2024-04-27T08:00,25.0,13.3,149.0,2.1,7.3,83.0
2024-04-27T09:00,24.7,13.2,149.0,2.0,6.1,81.0
2024-04-27T10:00,24.3,13.0,150.0,2.5,5.8,76.0
2024-04-27T11:00,23.6,12.6,153.0,3.5,5.9,69.0
2024-04-27T12:00,23.0,12.3,176.0,5.2,7.0,65.0
2024-04-27T13:00,21.8,11.8,180.0,5.9,6.3,60.0
2024-04-27T14:00,21.1,11.5,185.0,6.9,5.4,53.0
2024-04-27T15:00,20.4,11.1,187.0,7.4,4.6,47.0
2024-04-27T16:00,19.9,10.9,184.0,7.2,4.1,45.0
2024-04-27T17:00,19.3,10.5,179.0,6.6,3.8,44.0
2024-04-27T18:00,18.2,9.9,173.0,5.9,3.5,43.0
2024-04-27T19:00,17.0,9.3,166.0,5.2,3.3,42.0
2024-04-27T20:00,15.9,8.8,159.0,4.4,3.2,42.0
2024-04-27T21:00,14.8,8.1,153.0,3.9,3.2,42.0
2024-04-27T22:00,14.2,7.9,148.0,3.7,3.1,41.0
2024-04-27T23:00,13.9,7.8,144.0,3.8,3.1,40.0
2024-04-28T00:00,14.3,8.4,170.0,5.1,2.7,39.0
2024-04-28T01:00,15.3,9.3,173.0,5.4,4.0,42.0
2024-04-28T02:00,15.1,9.3,177.0,5.7,5.8,46.0
2024-04-28T03:00,15.1,9.3,179.0,5.7,7.3,53.0
2024-04-28T04:00,15.6,9.6,176.0,5.1,8.5,64.0
2024-04-28T05:00,15.4,9.4,171.0,4.1,9.4,78.0
2024-04-28T06:00,13.5,8.1,164.0,3.2,9.8,86.0
2024-04-28T07:00,12.1,7.1,154.0,2.5,9.2,84.0
2024-04-28T08:00,12.1,7.0,142.0,2.0,7.9,77.0
2024-04-28T09:00,12.4,7.2,134.0,1.8,7.0,69.0
2024-04-28T10:00,12.9,7.4,131.0,2.2,6.8,61.0
2024-04-28T11:00,13.1,7.5,132.0,3.1,7.0,52.0
2024-04-28T12:00,21.7,13.0,141.0,4.3,6.5,45.0
2024-04-28T13:00,19.1,11.4,144.0,4.8,5.7,41.0
2024-04-28T14:00,18.0,10.7,147.0,5.5,4.5,35.0
2024-04-28T15:00,17.8,10.6,149.0,6.0,3.6,30.0
2024-04-28T16:00,18.5,11.0,149.0,6.1,3.3,29.0
2024-04-28T17:00,19.3,11.6,147.0,5.9,3.2,29.0
2024-04-28T18:00,19.7,11.7,144.0,5.5,3.2,29.0
2024-04-28T19:00,19.9,11.8,138.0,4.9,3.1,29.0
2024-04-28T20:00,19.6,11.6,131.0,4.0,3.1,30.0
2024-04-28T21:00,18.7,11.1,126.0,3.5,3.1,30.0
2024-04-28T22:00,18.2,10.7,123.0,3.4,3.2,30.0
2024-04-28T23:00,17.2,10.2,121.0,3.7,3.4,29.0
2024-04-29T00:00,15.7,9.7,125.0,4.1,3.1,28.0
2024-04-29T01:00,15.5,9.7,127.0,4.1,4.3,29.0
2024-04-29T02:00,14.8,9.1,130.0,4.1,5.9,31.0
2024-04-29T03:00,13.8,8.5,132.0,4.0,7.1,35.0
2024-04-29T04:00,13.6,8.3,131.0,3.6,7.7,43.0
2024-04-29T05:00,14.0,8.4,128.0,3.0,7.8,52.0
2024-04-29T06:00,14.5,8.6,126.0,2.5,7.7,59.0
2024-04-29T07:00,15.0,8.7,124.0,2.0,7.1,61.0
2024-04-29T08:00,15.3,8.8,122.0,1.6,6.1,60.0
2024-04-29T09:00,15.2,8.7,121.0,1.6,5.4,57.0
2024-04-29T10:00,14.8,8.5,122.0,2.1,5.4,53.0
2024-04-29T11:00,14.4,8.2,125.0,3.0,5.7,47.0
2024-04-29T12:00,13.2,7.5,133.0,4.3,6.3,45.0
2024-04-29T13:00,12.4,7.1,136.0,4.8,5.5,41.0
2024-04-29T14:00,12.7,7.3,139.0,5.4,4.3,35.0
2024-04-29T15:00,13.5,7.7,141.0,5.7,3.4,30.0
2024-04-29T16:00,14.6,8.3,139.0,5.4,3.0,29.0
2024-04-29T17:00,15.4,8.7,136.0,4.8,2.9,29.0
2024-04-29T18:00,16.3,9.2,133.0,4.2,2.8,29.0
2024-04-29T19:00,16.8,9.5,131.0,3.7,2.7,29.0
2024-04-29T20:00,17.2,9.8,129.0,3.3,2.7,29.0
2024-04-29T21:00,17.2,9.9,128.0,3.1,2.8,29.0
2024-04-29T22:00,16.7,9.7,127.0,3.3,3.1,29.0
2024-04-29T23:00,17.2,10.2,128.0,3.8,3.6,29.0
2024-04-30T00:00,16.6,9.9,124.0,3.8,3.6,30.0
2024-04-30T01:00,16.8,10.2,129.0,4.1,5.1,31.0
2024-04-30T02:00,16.5,10.2,135.0,4.5,7.1,33.0
2024-04-30T03:00,16.2,10.0,139.0,4.6,8.4,37.0
2024-04-30T04:00,16.5,10.1,138.0,4.1,8.6,46.0
2024-04-30T05:00,17.9,10.8,135.0,3.2,8.1,57.0
2024-04-30T06:00,18.6,11.1,131.0,2.5,7.4,64.0
2024-04-30T07:00,18.6,11.0,127.0,2.0,6.5,65.0
2024-04-30T08:00,18.4,10.8,122.0,1.6,5.3,62.0
2024-04-30T09:00,18.2,10.6,119.0,1.6,4.5,58.0
2024-04-30T10:00,17.6,10.2,118.0,2.0,4.4,52.0
2024-04-30T11:00,17.3,10.0,119.0,2.8,4.6,44.0
2024-04-30T12:00,19.8,11.6,119.0,4.5,5.6,52.0
2024-04-30T13:00,18.6,10.8,122.0,5.0,5.0,45.0
2024-04-30T14:00,18.7,10.8,126.0,5.6,4.1,35.0
2024-04-30T15:00,19.3,11.1,128.0,5.9,3.4,28.0
2024-04-30T16:00,19.7,11.3,126.0,5.6,3.1,26.0
2024-04-30T17:00,20.0,11.5,121.0,4.9,3.1,26.0
2024-04-30T18:00,20.3,11.6,117.0,4.3,3.0,27.0
2024-04-30T19:00,20.0,11.5,114.0,3.7,2.9,27.0
2024-04-30T20:00,20.5,11.7,112.0,3.1,2.7,28.0
2024-04-30T21:00,19.7,11.4,112.0,2.8,2.8,28.0
2024-04-30T22:00,19.6,11.3,111.0,2.9,2.9,26.0
2024-04-30T23:00,20.3,11.7,113.0,3.4,3.2,24.0
2024-05-01T00:00,17.2,10.3,128.0,5.0,5.1,27.0
2024-05-01T01:00,17.8,10.7,151.0,6.1,8.0,33.0
2024-05-01T02:00,17.1,10.3,182.0,7.6,11.8,43.0
2024-05-01T03:00,16.2,9.9,202.0,8.2,14.3,55.0
2024-05-01T04:00,16.3,10.0,201.0,7.0,14.1,73.0
2024-05-01T05:00,18.2,11.2,189.0,4.8,12.5,93.0
2024-05-01T06:00,19.8,12.0,177.0,3.1,10.9,109.0
2024-05-01T07:00,22.2,13.0,168.0,2.3,9.5,117.0
2024-05-01T08:00,24.6,14.0,159.0,2.0,8.1,120.0
2024-05-01T09:00,26.0,14.6,153.0,2.1,7.1,120.0
2024-05-01T10:00,25.7,14.3,152.0,2.8,6.7,116.0
2024-05-01T11:00,24.1,13.5,154.0,3.9,6.8,108.0
2024-05-01T12:00,18.2,10.5,153.0,5.5,7.9,103.0
2024-05-01T13:00,19.1,11.0,152.0,5.6,7.0,96.0
2024-05-01T14:00,18.2,10.3,150.0,5.7,5.8,86.0
2024-05-01T15:00,18.0,10.0,147.0,5.6,4.7,78.0
2024-05-01T16:00,17.7,9.6,142.0,5.0,3.9,73.0
2024-05-01T17:00,16.9,9.1,136.0,4.2,3.4,70.0
2024-05-01T18:00,16.5,8.8,131.0,3.4,2.9,67.0
2024-05-01T19:00,15.9,8.4,126.0,2.8,2.5,65.0
2024-05-01T20:00,15.4,8.1,122.0,2.2,2.3,63.0
2024-05-01T21:00,14.1,7.4,125.0,2.1,2.4,62.0
2024-05-01T22:00,15.6,8.1,142.0,2.7,3.0,63.0
2024-05-01T23:00,19.8,10.7,166.0,3.7,3.9,65.0
2024-05-02T00:00,15.0,8.4,164.0,5.2,5.4,59.0
2024-05-02T01:00,19.3,11.1,175.0,5.9,7.1,62.0
2024-05-02T02:00,20.3,12.0,190.0,6.7,9.4,66.0
2024-05-02T03:00,19.6,11.6,198.0,6.9,10.6,73.0
2024-05-02T04:00,21.0,12.5,194.0,5.6,9.7,86.0
2024-05-02T05:00,23.5,13.7,183.0,3.7,7.8,101.0
2024-05-02T06:00,26.4,15.0,173.0,2.2,6.2,112.0
2024-05-02T07:00,28.4,15.9,165.0,1.6,5.4,114.0
2024-05-02T08:00,28.5,15.8,158.0,1.5,5.0,111.0
2024-05-02T09:00,28.5,15.6,153.0,1.8,4.7,106.0
2024-05-02T10:00,28.5,15.4,153.0,2.6,4.6,100.0
2024-05-02T11:00,28.4,15.3,155.0,3.7,4.7,93.0
2024-05-02T12:00,31.5,17.6,160.0,5.1,5.2,91.0
2024-05-02T13:00,31.1,17.3,164.0,5.5,4.7,86.0
2024-05-02T14:00,31.5,17.6,170.0,6.1,4.0,80.0
2024-05-02T15:00,32.7,18.3,173.0,6.3,3.5,75.0
2024-05-02T16:00,33.2,18.6,171.0,5.9,3.3,74.0
2024-05-02T17:00,31.5,17.8,166.0,5.2,3.2,75.0
2024-05-02T18:00,31.0,17.3,161.0,4.5,3.1,76.0
2024-05-02T19:00,29.7,16.7,157.0,3.8,2.8,77.0
2024-05-02T20:00,29.6,16.6,153.0,3.1,2.6,79.0
2024-05-02T21:00,29.6,16.6,153.0,3.0,2.9,78.0
2024-05-02T22:00,29.9,16.9,160.0,4.0,4.1,74.0
2024-05-02T23:00,31.7,17.9,172.0,5.5,5.9,67.0
2024-05-03T00:00,27.6,16.4,178.0,7.9,8.6,53.0
2024-05-03T01:00,29.3,17.6,192.0,8.0,9.4,54.0
2024-05-03T02:00,31.9,19.0,210.0,8.2,10.5,57.0
2024-05-03T03:00,33.3,20.0,220.0,7.8,11.1,64.0
2024-05-03T04:00,33.8,20.4,214.0,6.5,11.0,80.0
2024-05-03T05:00,33.9,20.5,200.0,4.7,10.4,99.0
2024-05-03T06:00,34.3,20.5,187.0,3.2,9.5,113.0
2024-05-03T07:00,33.9,20.3,177.0,2.4,8.2,115.0
2024-05-03T08:00,34.2,20.2,167.0,2.0,6.6,112.0
2024-05-03T09:00,33.5,19.6,160.0,1.9,5.3,106.0
2024-05-03T10:00,32.6,18.8,155.0,2.4,4.7,99.0
2024-05-03T11:00,32.4,18.3,153.0,3.3,4.5,89.0
2024-05-03T12:00,44.0,25.3,149.0,4.7,5.1,86.0
2024-05-03T13:00,42.7,24.3,149.0,4.7,4.4,82.0
2024-05-03T14:00,41.7,23.6,149.0,4.7,3.4,76.0
2024-05-03T15:00,41.7,23.5,148.0,4.6,2.7,72.0
2024-05-03T16:00,40.2,22.6,146.0,4.3,2.5,70.0
2024-05-03T17:00,38.6,21.8,143.0,3.8,2.6,70.0
2024-05-03T18:00,37.3,21.0,141.0,3.4,2.7,70.0
2024-05-03T19:00,36.8,20.6,141.0,2.9,2.6,71.0
2024-05-03T20:00,36.8,20.5,142.0,2.5,2.6,73.0
2024-05-03T21:00,36.2,20.1,147.0,2.5,2.9,74.0
2024-05-03T22:00,35.9,19.9,159.0,3.1,3.7,74.0
2024-05-03T23:00,36.0,20.1,175.0,4.1,4.8,74.0
2024-05-04T00:00,29.2,16.6,180.0,6.8,7.7,57.0
2024-05-04T01:00,29.5,16.9,189.0,7.2,8.8,58.0
2024-05-04T02:00,28.3,16.5,200.0,7.6,10.1,60.0
2024-05-04T03:00,28.5,16.8,205.0,7.4,10.8,65.0
2024-05-04T04:00,29.6,17.4,199.0,6.0,10.0,78.0
2024-05-04T05:00,30.3,17.7,187.0,3.9,8.5,94.0
2024-05-04T06:00,30.2,17.5,175.0,2.4,7.2,105.0
2024-05-04T07:00,29.6,17.1,164.0,1.8,6.3,106.0
2024-05-04T08:00,28.8,16.5,154.0,1.7,5.6,103.0
2024-05-04T09:00,27.6,15.8,146.0,1.9,5.0,97.0
2024-05-04T10:00,27.2,15.4,143.0,2.6,4.7,90.0
2024-05-04T11:00,26.5,14.8,143.0,3.6,4.6,80.0
2024-05-04T12:00,25.6,14.6,148.0,5.1,5.1,83.0
2024-05-04T13:00,24.2,13.7,151.0,5.3,4.6,79.0
2024-05-04T14:00,23.2,13.2,154.0,5.6,3.9,74.0
2024-05-04T15:00,22.3,12.7,157.0,5.8,3.3,70.0
2024-05-04T16:00,21.4,12.3,159.0,5.8,3.0,68.0
2024-05-04T17:00,20.7,11.9,159.0,5.7,2.9,67.0
2024-05-04T18:00,20.9,12.0,159.0,5.4,2.9,66.0
2024-05-04T19:00,21.5,12.1,154.0,4.8,3.0,66.0
2024-05-04T20:00,22.8,12.7,148.0,4.0,3.3,66.0
2024-05-04T21:00,24.7,13.8,149.0,3.7,3.8,65.0
2024-05-04T22:00,29.3,16.5,162.0,4.3,4.8,62.0
2024-05-04T23:00,31.0,17.8,182.0,5.5,6.0,58.0
2024-05-05T00:00,29.0,16.9,184.0,7.3,7.9,52.0
2024-05-05T01:00,31.3,18.5,192.0,7.1,8.0,57.0
2024-05-05T02:00,32.1,18.9,202.0,6.7,8.1,65.0
2024-05-05T03:00,34.7,20.5,208.0,6.0,8.0,74.0
2024-05-05T04:00,38.1,22.7,208.0,4.8,7.8,88.0
2024-05-05T05:00,39.3,23.5,204.0,3.3,7.4,104.0
2024-05-05T06:00,38.9,23.1,197.0,2.2,6.9,114.0
2024-05-05T07:00,38.5,22.6,186.0,1.7,6.2,114.0
2024-05-05T08:00,38.9,22.6,173.0,1.6,5.3,108.0
2024-05-05T09:00,37.0,21.3,163.0,1.8,4.7,102.0
2024-05-05T10:00,36.0,20.1,159.0,2.6,4.6,96.0
2024-05-05T11:00,33.3,18.6,158.0,3.8,4.8,90.0
2024-05-05T12:00,28.1,16.1,145.0,5.0,4.9,88.0
2024-05-05T13:00,27.2,15.3,147.0,4.9,4.3,86.0
2024-05-05T14:00,27.5,15.3,150.0,4.7,3.6,84.0
2024-05-05T15:00,28.3,15.7,153.0,4.4,3.0,83.0
2024-05-05T16:00,28.9,15.9,155.0,3.9,2.8,85.0
2024-05-05T17:00,29.3,16.0,156.0,3.4,2.8,88.0
2024-05-05T18:00,29.3,15.9,157.0,3.0,3.0,91.0
2024-05-05T19:00,28.7,15.5,156.0,2.8,3.3,92.0
2024-05-05T20:00,28.7,15.5,155.0,2.8,3.8,93.0
2024-05-05T21:00,29.2,15.9,156.0,2.9,4.3,92.0
2024-05-05T22:00,29.7,16.4,162.0,3.3,4.6,89.0
2024-05-05T23:00,31.0,17.2,170.0,3.8,4.9,84.0
2024-05-06T00:00,31.5,18.6,182.0,8.4,11.7,69.0
2024-05-06T01:00,33.5,19.9,188.0,8.3,11.8,75.0
2024-05-06T02:00,36.1,21.4,196.0,8.0,11.9,83.0
2024-05-06T03:00,38.3,22.8,199.0,7.3,11.7,93.0
2024-05-06T04:00,41.1,24.3,192.0,5.8,10.9,107.0
2024-05-06T05:00,42.3,24.5,179.0,3.8,9.7,123.0
2024-05-06T06:00,42.5,24.3,168.0,2.4,8.6,133.0
2024-05-06T07:00,43.8,24.8,159.0,1.8,7.6,132.0
2024-05-06T08:00,44.1,24.9,150.0,1.7,6.7,125.0
2024-05-06T09:00,44.0,25.0,146.0,1.9,6.0,118.0
2024-05-06T10:00,44.1,25.1,148.0,2.6,5.6,112.0
2024-05-06T11:00,44.7,25.4,155.0,3.6,5.5,107.0
2024-05-06T12:00,41.0,23.9,137.0,4.5,5.2,95.0
2024-05-06T13:00,40.2,23.2,142.0,4.7,4.8,94.0
2024-05-06T14:00,39.8,23.0,149.0,4.9,4.2,93.0
2024-05-06T15:00,39.0,22.6,152.0,4.9,3.7,92.0
2024-05-06T16:00,39.0,22.4,148.0,4.4,3.4,90.0
2024-05-06T17:00,37.6,21.6,140.0,3.7,3.1,87.0
2024-05-06T18:00,35.4,20.3,133.0,3.1,2.9,85.0
2024-05-06T19:00,34.3,19.6,129.0,2.7,2.8,83.0
2024-05-06T20:00,32.7,18.4,125.0,2.4,2.7,81.0
2024-05-06T21:00,34.9,19.5,124.0,2.2,2.8,80.0
2024-05-06T22:00,34.2,19.1,124.0,2.3,3.0,80.0
2024-05-06T23:00,33.5,18.7,126.0,2.5,3.3,81.0
2024-05-07T00:00,28.7,16.5,134.0,3.7,4.2,76.0
2024-05-07T01:00,30.6,17.7,143.0,3.9,4.8,80.0
2024-05-07T02:00,34.1,19.6,157.0,4.2,5.7,85.0
2024-05-07T03:00,37.6,21.7,169.0,4.4,6.6,90.0
2024-05-07T04:00,40.9,23.7,181.0,4.4,7.5,96.0
2024-05-07T05:00,42.7,25.0,191.0,4.4,8.3,102.0
2024-05-07T06:00,44.7,26.2,196.0,4.1,8.5,106.0
2024-05-07T07:00,44.0,25.8,191.0,3.4,7.6,106.0
2024-05-07T08:00,41.0,24.2,179.0,2.5,6.1,104.0
2024-05-07T09:00,38.3,22.5,169.0,2.1,5.0,100.0
2024-05-07T10:00,36.0,21.0,163.0,2.6,4.9,94.0
2024-05-07T11:00,34.2,19.8,158.0,3.5,5.2,87.0
2024-05-07T12:00,28.0,16.6,155.0,5.0,5.2,91.0
2024-05-07T13:00,25.9,15.2,154.0,5.0,4.7,88.0
2024-05-07T14:00,24.9,14.3,152.0,4.9,3.9,84.0
2024-05-07T15:00,24.9,14.0,150.0,4.7,3.3,81.0
2024-05-07T16:00,24.2,13.5,146.0,4.3,3.1,79.0
2024-05-07T17:00,23.8,13.2,141.0,3.7,3.0,79.0
2024-05-07T18:00,23.2,12.7,137.0,3.2,2.9,78.0
2024-05-07T19:00,22.9,12.5,133.0,2.7,2.7,77.0
2024-05-07T20:00,22.1,12.0,128.0,2.2,2.6,76.0
2024-05-07T21:00,21.5,11.7,126.0,2.0,2.6,75.0
2024-05-07T22:00,21.2,11.4,126.0,2.2,2.8,73.0
2024-05-07T23:00,21.0,11.3,129.0,2.7,3.2,72.0
2024-05-08T00:00,18.9,11.5,210.0,16.5,21.0,52.0
2024-05-08T01:00,22.4,13.8,220.0,17.5,25.2,56.0
2024-05-08T02:00,25.1,15.4,233.0,18.7,30.8,63.0
2024-05-08T03:00,24.4,14.8,238.0,18.2,,76.0
2024-05-08T04:00,23.9,14.2,230.0,14.2,30.4,102.0
2024-05-08T05:00,25.4,14.9,215.0,8.5,24.4,133.0
2024-05-08T06:00,28.6,15.7,197.0,4.1,18.6,150.0
2024-05-08T07:00,25.8,13.7,177.0,2.3,13.6,141.0
2024-05-08T08:00,21.2,11.4,155.0,1.7,8.7,117.0
2024-05-08T09:00,18.9,10.2,137.0,1.7,5.3,95.0
2024-05-08T10:00,16.6,9.1,126.0,2.1,4.2,81.0
2024-05-08T11:00,14.5,7.9,119.0,2.9,4.5,69.0
2024-05-08T12:00,15.4,7.9,134.0,4.1,5.3,89.0
2024-05-08T13:00,14.1,7.4,130.0,4.6,5.0,82.0
2024-05-08T14:00,14.3,7.6,125.0,5.3,4.5,72.0
2024-05-08T15:00,14.5,7.8,120.0,5.6,4.1,64.0
2024-05-08T16:00,14.8,8.1,116.0,5.4,3.8,58.0
2024-05-08T17:00,14.6,8.0,111.0,4.9,3.5,54.0
2024-05-08T18:00,14.5,7.9,107.0,4.3,3.2,50.0
2024-05-08T19:00,14.1,7.7,102.0,3.7,3.0,47.0
2024-05-08T20:00,14.2,7.7,98.0,3.1,2.8,45.0
2024-05-08T21:00,14.5,7.8,96.0,2.8,2.8,43.0
2024-05-08T22:00,14.6,7.9,98.0,3.1,2.9,41.0
2024-05-08T23:00,14.2,7.8,104.0,3.7,3.1,39.0
2024-05-09T00:00,13.2,7.5,112.0,4.2,3.6,44.0
2024-05-09T01:00,13.7,7.8,115.0,4.4,4.6,45.0
2024-05-09T02:00,14.1,8.0,118.0,4.6,5.9,48.0
2024-05-09T03:00,15.1,8.5,120.0,4.5,6.8,51.0
2024-05-09T04:00,16.0,9.0,119.0,4.0,7.1,57.0
2024-05-09T05:00,15.8,8.8,117.0,3.2,7.0,63.0
2024-05-09T06:00,16.8,9.3,115.0,2.5,6.7,68.0
2024-05-09T07:00,17.8,9.8,113.0,2.0,6.1,70.0
2024-05-09T08:00,19.3,10.5,112.0,1.6,5.3,71.0
2024-05-09T09:00,19.8,10.7,111.0,1.6,4.7,69.0
2024-05-09T10:00,19.2,10.4,111.0,2.1,4.5,63.0
2024-05-09T11:00,18.4,10.0,111.0,3.0,4.5,55.0
2024-05-09T12:00,16.9,9.3,112.0,3.8,4.5,50.0
2024-05-09T13:00,16.2,9.0,118.0,4.6,4.3,48.0
2024-05-09T14:00,16.7,9.3,126.0,5.7,4.1,45.0
2024-05-09T15:00,17.7,9.9,130.0,6.3,3.8,43.0
2024-05-09T16:00,18.8,10.4,128.0,6.0,3.5,42.0
2024-05-09T17:00,19.4,10.7,123.0,5.1,3.2,42.0
2024-05-09T18:00,19.8,10.8,118.0,4.3,2.9,42.0
2024-05-09T19:00,20.3,11.0,113.0,3.6,2.7,42.0
2024-05-09T20:00,20.3,11.0,109.0,3.0,2.6,41.0
2024-05-09T21:00,19.7,10.7,106.0,2.7,2.7,41.0
2024-05-09T22:00,19.4,10.6,106.0,2.9,2.9,40.0
2024-05-09T23:00,19.0,10.4,108.0,3.4,3.2,38.0
2024-05-10T00:00,16.9,9.4,118.0,4.1,3.4,42.0
2024-05-10T01:00,15.8,8.9,118.0,4.1,4.5,43.0
2024-05-10T02:00,15.1,8.5,119.0,4.2,5.9,45.0
2024-05-10T03:00,14.9,8.5,118.0,4.0,6.9,48.0
2024-05-10T04:00,14.9,8.4,116.0,3.4,7.1,52.0
2024-05-10T05:00,15.7,8.7,113.0,2.7,6.8,56.0
2024-05-10T06:00,16.6,9.2,111.0,2.1,6.4,59.0
2024-05-10T07:00,16.8,9.2,109.0,1.7,5.9,61.0
2024-05-10T08:00,15.7,8.7,108.0,1.5,5.4,61.0
2024-05-10T09:00,14.4,8.0,107.0,1.6,4.9,60.0
2024-05-10T10:00,13.2,7.4,107.0,2.0,4.7,56.0
2024-05-10T11:00,12.3,6.9,108.0,2.7,4.5,51.0
2024-05-10T12:00,14.0,7.9,108.0,3.5,4.1,47.0
2024-05-10T13:00,14.6,8.2,109.0,3.8,4.1,46.0
2024-05-10T14:00,14.7,8.2,110.0,4.1,4.0,44.0
2024-05-10T15:00,14.8,8.3,111.0,4.4,4.0,43.0
2024-05-10T16:00,15.4,8.6,111.0,4.4,4.0,42.0
2024-05-10T17:00,15.5,8.6,110.0,4.4,3.9,41.0
2024-05-10T18:00,15.5,8.6,109.0,4.3,3.9,40.0
2024-05-10T19:00,15.6,8.6,108.0,4.2,4.0,40.0
2024-05-10T20:00,15.6,8.7,108.0,4.2,4.1,40.0
2024-05-10T21:00,15.4,8.6,109.0,4.3,4.2,40.0
2024-05-10T22:00,15.4,8.6,114.0,4.8,4.2,39.0
2024-05-10T23:00,15.4,8.7,120.0,5.4,4.3,38.0
2024-05-11T00:00,12.4,7.2,122.0,5.7,5.6,51.0
2024-05-11T01:00,8.9,5.4,126.0,6.0,7.0,51.0
2024-05-11T02:00,8.0,5.0,132.0,6.3,8.9,51.0
2024-05-11T03:00,8.6,5.3,133.0,6.2,9.9,53.0
2024-05-11T04:00,9.6,5.9,127.0,5.1,9.3,58.0
2024-05-11T05:00,10.0,5.9,116.0,3.4,7.9,65.0
2024-05-11T06:00,11.2,6.4,108.0,2.2,6.6,69.0
2024-05-11T07:00,12.1,6.7,104.0,1.6,5.5,70.0
2024-05-11T08:00,12.0,6.7,102.0,1.5,4.4,68.0
2024-05-11T09:00,11.0,6.1,102.0,1.6,3.8,66.0
2024-05-11T10:00,9.9,5.5,104.0,2.1,3.9,63.0
2024-05-11T11:00,9.3,5.3,107.0,2.9,4.3,59.0
2024-05-11T12:00,9.1,5.2,105.0,3.6,5.0,50.0
2024-05-11T13:00,8.8,5.1,108.0,4.2,4.9,48.0
2024-05-11T14:00,8.9,5.2,112.0,5.0,4.7,45.0
2024-05-11T15:00,9.4,5.4,115.0,5.4,4.5,42.0
2024-05-11T16:00,9.9,5.7,114.0,5.2,4.2,40.0
2024-05-11T17:00,10.0,5.6,112.0,4.7,3.8,40.0
2024-05-11T18:00,10.0,5.5,110.0,4.2,3.5,39.0
2024-05-11T19:00,9.9,5.4,108.0,3.7,3.3,39.0
2024-05-11T20:00,10.8,5.8,105.0,3.2,3.2,40.0
2024-05-11T21:00,10.8,5.8,104.0,3.0,3.1,40.0
2024-05-11T22:00,10.7,5.8,106.0,3.2,3.0,40.0
2024-05-11T23:00,11.0,6.0,109.0,3.6,3.1,39.0
2024-05-12T00:00,10.8,6.0,119.0,4.0,3.4,35.0
2024-05-12T01:00,12.1,6.8,117.0,3.8,4.2,37.0
2024-05-12T02:00,11.0,6.1,115.0,3.5,5.4,40.0
2024-05-12T03:00,10.9,6.0,113.0,3.1,6.1,43.0
2024-05-12T04:00,11.5,6.3,111.0,2.6,6.1,47.0
2024-05-12T05:00,11.5,6.3,109.0,2.1,5.7,52.0
2024-05-12T06:00,11.6,6.4,109.0,1.7,5.4,55.0
2024-05-12T07:00,11.5,6.4,110.0,1.6,5.2,57.0
2024-05-12T08:00,11.6,6.5,113.0,1.8,4.9,57.0
2024-05-12T09:00,11.7,6.6,116.0,2.1,4.9,57.0
2024-05-12T10:00,12.1,6.9,119.0,2.8,5.2,55.0
2024-05-12T11:00,13.2,7.5,122.0,3.7,5.7,52.0
2024-05-12T12:00,13.4,8.0,120.0,6.5,9.2,52.0
2024-05-12T13:00,12.6,7.5,123.0,7.1,8.9,47.0
2024-05-12T14:00,13.3,8.0,127.0,7.9,8.4,41.0
2024-05-12T15:00,13.2,7.8,129.0,8.1,7.7,36.0
2024-05-12T16:00,13.3,7.7,126.0,7.0,6.4,35.0
2024-05-12T17:00,13.5,7.8,120.0,5.3,4.9,37.0
2024-05-12T18:00,14.5,8.3,116.0,4.1,3.8,38.0
2024-05-12T19:00,15.6,8.9,115.0,3.7,3.4,38.0
2024-05-12T20:00,16.1,9.2,117.0,3.7,3.5,37.0
2024-05-12T21:00,15.9,9.2,121.0,4.2,3.9,36.0
2024-05-12T22:00,15.7,9.1,131.0,5.4,4.4,34.0
2024-05-12T23:00,15.8,9.3,144.0,6.9,5.2,32.0
2024-05-13T00:00,15.3,9.0,137.0,7.7,6.6,29.0
2024-05-13T01:00,15.7,9.5,139.0,7.8,8.7,33.0
2024-05-13T02:00,13.9,8.2,142.0,7.8,11.6,39.0
2024-05-13T03:00,14.4,8.5,142.0,7.4,13.3,46.0
2024-05-13T04:00,15.3,9.1,137.0,6.2,12.8,56.0
2024-05-13T05:00,16.1,9.4,130.0,4.5,11.1,66.0
2024-05-13T06:00,15.5,8.8,124.0,3.2,9.5,73.0
2024-05-13T07:00,14.6,8.5,120.0,2.4,8.2,73.0
2024-05-13T08:00,13.6,8.1,117.0,1.9,7.0,69.0
2024-05-13T09:00,13.2,7.9,115.0,1.7,6.0,64.0
2024-05-13T10:00,12.8,7.7,114.0,2.0,5.5,57.0
2024-05-13T11:00,12.8,7.6,114.0,2.7,5.2,49.0
2024-05-13T12:00,24.1,14.1,116.0,3.2,4.3,41.0
2024-05-13T13:00,25.3,14.8,117.0,3.5,4.2,40.0
2024-05-13T14:00,26.8,15.7,118.0,3.9,4.0,37.0
2024-05-13T15:00,27.7,16.2,120.0,4.3,3.9,36.0
2024-05-13T16:00,28.6,16.6,123.0,4.7,4.0,36.0
2024-05-13T17:00,29.5,17.1,128.0,5.2,4.2,36.0
2024-05-13T18:00,29.7,17.2,132.0,5.5,4.4,36.0
2024-05-13T19:00,29.7,17.1,136.0,5.6,4.5,35.0
2024-05-13T20:00,29.6,17.1,139.0,5.7,4.7,35.0
2024-05-13T21:00,29.8,17.2,143.0,5.9,4.9,34.0
2024-05-13T22:00,29.7,17.1,150.0,6.6,5.2,33.0
2024-05-13T23:00,28.9,16.8,157.0,7.4,5.6,32.0
2024-05-14T00:00,29.2,17.2,175.0,9.7,6.7,28.0
2024-05-14T01:00,28.3,16.6,162.0,8.4,8.0,31.0
2024-05-14T02:00,25.8,15.0,144.0,6.7,9.7,36.0
2024-05-14T03:00,25.3,14.4,131.0,5.1,10.6,42.0
2024-05-14T04:00,24.9,13.8,126.0,4.0,10.0,49.0
2024-05-14T05:00,24.9,13.7,126.0,3.0,8.6,56.0
2024-05-14T06:00,24.5,13.4,126.0,2.3,7.3,62.0
2024-05-14T07:00,24.5,13.3,125.0,1.8,6.3,65.0
2024-05-14T08:00,24.4,13.1,124.0,1.4,5.5,66.0
2024-05-14T09:00,23.9,12.7,124.0,1.4,4.8,65.0
2024-05-14T10:00,23.0,12.1,124.0,1.8,4.4,60.0
2024-05-14T11:00,22.3,11.6,125.0,2.6,4.1,53.0
2024-05-14T12:00,28.2,15.0,129.0,3.6,4.9,50.0
2024-05-14T13:00,25.6,13.6,127.0,3.8,4.6,47.0
2024-05-14T14:00,25.0,13.3,124.0,4.0,4.3,42.0
2024-05-14T15:00,25.1,13.3,123.0,4.2,4.0,39.0
2024-05-14T16:00,25.4,13.4,123.0,4.3,4.0,39.0
2024-05-14T17:00,25.8,13.8,125.0,4.4,4.1,39.0
2024-05-14T18:00,26.1,14.0,127.0,4.5,4.2,40.0
2024-05-14T19:00,25.9,14.0,129.0,4.5,4.1,40.0
2024-05-14T20:00,25.5,13.9,131.0,4.5,4.0,39.0
2024-05-14T21:00,25.2,13.9,135.0,4.9,4.2,38.0
2024-05-14T22:00,25.0,13.8,142.0,6.0,5.0,36.0
2024-05-14T23:00,25.2,14.0,150.0,7.5,6.1,33.0
2024-05-15T00:00,22.9,12.8,158.0,7.1,5.6,40.0
2024-05-15T01:00,22.4,12.4,156.0,6.8,6.6,43.0
2024-05-15T02:00,20.7,11.5,154.0,6.3,8.0,47.0
2024-05-15T03:00,18.9,10.6,151.0,5.8,9.1,52.0
2024-05-15T04:00,16.5,9.3,146.0,5.1,9.7,57.0
2024-05-15T05:00,14.1,7.9,140.0,4.4,10.1,63.0
2024-05-15T06:00,13.2,7.5,136.0,3.7,9.7,66.0
2024-05-15T07:00,12.8,7.2,133.0,3.0,8.1,66.0
2024-05-15T08:00,13.0,7.2,131.0,2.4,5.8,64.0
2024-05-15T09:00,12.6,7.0,133.0,2.4,4.1,61.0
2024-05-15T10:00,12.4,7.0,140.0,3.4,3.5,59.0
2024-05-15T11:00,12.4,7.0,151.0,4.9,3.4,57.0
2024-05-15T12:00,18.0,9.5,129.0,3.7,3.4,47.0
2024-05-15T13:00,15.7,8.6,129.0,3.8,3.2,46.0
2024-05-15T14:00,14.6,8.0,130.0,4.0,3.0,44.0
2024-05-15T15:00,13.6,7.5,130.0,4.1,2.8,43.0
2024-05-15T16:00,13.0,7.2,129.0,4.2,2.8,43.0
2024-05-15T17:00,12.9,7.1,128.0,4.3,2.8,43.0
2024-05-15T18:00,13.0,7.1,127.0,4.2,2.9,43.0
2024-05-15T19:00,13.1,7.2,125.0,3.9,2.9,43.0
2024-05-15T20:00,12.2,6.7,123.0,3.5,2.9,42.0
2024-05-15T21:00,11.2,6.2,121.0,3.3,3.0,42.0
2024-05-15T22:00,10.8,6.0,120.0,3.4,3.3,42.0
2024-05-15T23:00,10.1,5.7,120.0,3.7,3.7,41.0
2024-05-16T00:00,13.0,7.5,135.0,5.7,5.1,37.0
2024-05-16T01:00,13.6,7.9,136.0,5.6,6.3,39.0
2024-05-16T02:00,13.9,8.1,137.0,5.4,8.0,41.0
2024-05-16T03:00,14.1,8.2,136.0,5.0,9.0,44.0
2024-05-16T04:00,14.9,8.7,131.0,4.2,8.8,48.0
2024-05-16T05:00,15.1,8.7,124.0,3.3,7.9,52.0
2024-05-16T06:00,14.0,7.9,118.0,2.7,7.1,55.0
2024-05-16T07:00,13.4,7.5,115.0,2.6,6.4,54.0
2024-05-16T08:00,11.8,6.6,113.0,2.7,5.8,52.0
2024-05-16T09:00,9.5,5.4,113.0,3.2,5.5,49.0
2024-05-16T10:00,9.2,5.4,114.0,4.1,5.8,46.0
2024-05-16T11:00,8.4,4.9,117.0,5.3,6.4,43.0
2024-05-16T12:00,10.9,6.1,115.0,5.0,7.0,44.0
2024-05-16T13:00,10.7,6.1,120.0,5.8,6.5,41.0
2024-05-16T14:00,11.1,6.5,127.0,6.8,5.7,36.0
2024-05-16T15:00,10.3,6.0,132.0,7.5,5.1,33.0
2024-05-16T16:00,10.1,5.9,134.0,7.5,4.6,32.0
2024-05-16T17:00,10.3,6.1,135.0,7.2,4.2,32.0
2024-05-16T18:00,10.3,6.0,136.0,7.1,4.1,32.0
2024-05-16T19:00,10.4,6.1,137.0,7.2,4.4,31.0
2024-05-16T20:00,10.5,6.2,138.0,7.5,4.9,30.0
2024-05-16T21:00,10.7,6.3,142.0,8.2,5.9,29.0
2024-05-16T22:00,10.3,6.2,150.0,9.7,7.3,27.0
2024-05-16T23:00,10.2,6.3,161.0,11.6,9.1,24.0
2024-05-17T00:00,12.5,7.5,162.0,10.5,7.5,27.0
2024-05-17T01:00,12.5,7.7,158.0,10.4,9.4,30.0
2024-05-17T02:00,10.2,6.2,152.0,10.3,12.0,33.0
2024-05-17T03:00,9.4,5.8,146.0,10.1,13.9,37.0
2024-05-17T04:00,10.3,6.3,140.0,9.6,14.4,41.0
2024-05-17T05:00,10.3,6.3,135.0,9.0,14.1,44.0
2024-05-17T06:00,10.5,6.4,131.0,8.4,13.5,48.0
2024-05-17T07:00,10.7,6.7,130.0,7.6,12.4,52.0
2024-05-17T08:00,10.8,6.7,132.0,6.7,11.0,56.0
2024-05-17T09:00,10.6,6.6,135.0,6.4,10.0,58.0
2024-05-17T10:00,10.9,6.9,139.0,7.1,10.0,56.0
2024-05-17T11:00,10.5,6.5,144.0,8.3,10.4,52.0
2024-05-17T12:00,8.5,5.0,144.0,6.8,6.3,50.0
2024-05-17T13:00,8.2,4.8,155.0,7.6,6.0,49.0
2024-05-17T14:00,8.7,5.2,169.0,8.6,5.5,47.0
2024-05-17T15:00,9.7,5.7,182.0,9.5,5.2,46.0
2024-05-17T16:00,11.1,6.5,191.0,10.2,5.1,44.0
2024-05-17T17:00,12.2,7.3,199.0,10.7,5.1,43.0
2024-05-17T18:00,12.3,7.3,199.0,10.6,5.1,42.0
2024-05-17T19:00,12.3,7.2,187.0,9.4,5.0,43.0
2024-05-17T20:00,12.0,6.9,169.0,7.6,5.0,44.0
2024-05-17T21:00,11.8,6.7,156.0,6.3,5.0,45.0
2024-05-17T22:00,11.1,6.4,155.0,6.3,5.0,44.0
2024-05-17T23:00,10.9,6.3,160.0,6.8,5.1,42.0
2024-05-18T00:00,6.2,3.7,167.0,6.7,5.8,53.0
2024-05-18T01:00,7.2,4.4,162.0,6.3,6.0,54.0
2024-05-18T02:00,8.3,5.0,155.0,5.8,6.2,56.0
2024-05-18T03:00,8.9,5.3,146.0,5.2,6.3,57.0
2024-05-18T04:00,9.5,5.5,135.0,4.4,6.1,58.0
2024-05-18T05:00,9.5,5.6,123.0,3.6,5.8,58.0
2024-05-18T06:00,8.4,4.8,115.0,3.1,5.5,57.0
2024-05-18T07:00,8.4,4.8,112.0,3.2,5.3,55.0
2024-05-18T08:00,8.1,4.6,113.0,3.6,5.1,52.0
2024-05-18T09:00,8.3,4.8,115.0,4.2,5.0,50.0
2024-05-18T10:00,8.2,4.8,115.0,4.7,5.2,48.0
2024-05-18T11:00,7.9,4.6,116.0,5.4,5.6,47.0
2024-05-18T12:00,5.4,3.0,128.0,5.5,6.1,52.0
2024-05-18T13:00,6.5,3.7,130.0,5.6,5.4,50.0
2024-05-18T14:00,8.8,5.0,134.0,5.8,4.6,48.0
2024-05-18T15:00,10.7,6.0,141.0,6.3,4.0,46.0
2024-05-18T16:00,10.9,6.1,153.0,7.2,4.0,45.0
2024-05-18T17:00,11.2,6.4,169.0,8.5,4.4,45.0
2024-05-18T18:00,12.7,7.5,184.0,9.5,4.8,45.0
2024-05-18T19:00,13.3,8.0,197.0,10.1,5.1,46.0
2024-05-18T20:00,13.9,8.5,210.0,10.5,5.5,47.0
2024-05-18T21:00,13.8,8.5,221.0,11.1,6.4,47.0
2024-05-18T22:00,14.1,8.7,231.0,12.3,8.0,44.0
2024-05-18T23:00,15.0,9.3,240.0,13.7,10.2,41.0
2024-05-19T00:00,14.7,9.2,204.0,9.5,9.3,47.0
2024-05-19T01:00,16.8,10.7,208.0,10.1,13.4,49.0
2024-05-19T02:00,18.5,12.0,214.0,10.9,19.0,52.0
2024-05-19T03:00,19.3,12.6,214.0,10.8,22.5,58.0
2024-05-19T04:00,17.8,11.4,203.0,9.1,22.2,71.0
2024-05-19T05:00,16.2,10.0,187.0,6.7,19.8,88.0
2024-05-19T06:00,15.5,9.4,173.0,4.6,16.9,99.0
2024-05-19T07:00,14.6,8.7,164.0,3.4,13.7,99.0
2024-05-19T08:00,13.0,7.7,156.0,2.6,10.2,93.0
2024-05-19T09:00,10.9,6.4,151.0,2.3,7.4,86.0
2024-05-19T10:00,9.7,5.7,148.0,2.5,6.1,77.0
2024-05-19T11:00,8.4,4.8,146.0,3.2,5.7,67.0
2024-05-19T12:00,30.0,16.5,211.0,5.8,13.0,123.0
2024-05-19T13:00,29.7,16.2,208.0,5.8,10.6,111.0
2024-05-19T14:00,25.1,13.6,203.0,5.8,7.3,94.0
2024-05-19T15:00,21.4,11.5,199.0,5.7,4.7,80.0
2024-05-19T16:00,18.8,10.3,195.0,5.5,3.7,72.0
2024-05-19T17:00,17.3,9.6,192.0,5.2,3.4,67.0
2024-05-19T18:00,15.8,8.7,187.0,4.8,3.2,64.0
2024-05-19T19:00,15.9,8.8,179.0,4.2,2.8,62.0
2024-05-19T20:00,14.3,8.0,170.0,3.6,2.4,61.0
2024-05-19T21:00,13.9,7.8,165.0,3.6,2.8,60.0
2024-05-19T22:00,13.5,7.7,168.0,4.9,4.4,57.0
2024-05-19T23:00,13.3,7.8,176.0,6.8,6.6,53.0
2024-05-20T00:00,8.1,4.6,159.0,6.0,6.8,49.0
2024-05-20T01:00,7.9,4.6,162.0,6.2,6.8,48.0
2024-05-20T02:00,10.7,6.2,165.0,6.5,6.9,47.0
2024-05-20T03:00,11.1,6.5,164.0,6.4,7.0,46.0
2024-05-20T04:00,11.3,6.8,153.0,5.7,7.4,46.0
2024-05-20T05:00,11.0,6.6,138.0,4.7,8.0,47.0
2024-05-20T06:00,9.7,5.7,126.0,3.8,8.1,48.0
2024-05-20T07:00,9.5,5.4,120.0,3.1,7.2,48.0
2024-05-20T08:00,10.1,5.8,118.0,2.6,5.9,47.0
2024-05-20T09:00,11.0,6.2,119.0,2.7,5.2,46.0
2024-05-20T10:00,11.5,6.5,121.0,3.8,5.5,43.0
2024-05-20T11:00,10.9,6.3,126.0,5.5,6.4,39.0
2024-05-20T12:00,6.3,3.6,128.0,5.6,3.2,36.0
2024-05-20T13:00,6.2,3.7,149.0,7.0,4.2,36.0
2024-05-20T14:00,7.4,4.6,178.0,9.0,5.6,37.0
2024-05-20T15:00,9.3,6.0,202.0,10.5,6.7,37.0
2024-05-20T16:00,9.3,6.1,214.0,11.1,7.0,37.0
2024-05-20T17:00,10.0,6.6,221.0,11.2,7.0,37.0
2024-05-20T18:00,10.1,6.7,224.0,11.3,7.0,37.0
2024-05-20T19:00,10.5,6.9,225.0,11.7,7.1,37.0
2024-05-20T20:00,10.9,7.1,223.0,12.1,7.1,37.0
2024-05-20T21:00,11.1,7.3,220.0,12.4,7.3,36.0
2024-05-20T22:00,10.9,7.1,217.0,12.6,7.6,34.0
2024-05-20T23:00,10.3,6.7,212.0,12.7,8.1,32.0
2024-05-21T00:00,17.1,11.5,323.0,25.0,17.2,19.0
2024-05-21T01:00,18.6,12.5,310.0,23.4,19.2,25.0
2024-05-21T02:00,18.5,12.4,292.0,20.9,21.7,34.0
2024-05-21T03:00,18.0,11.9,266.0,17.7,21.9,43.0
2024-05-21T04:00,12.2,7.7,228.0,13.0,17.6,53.0
2024-05-21T05:00,10.0,6.0,183.0,7.5,10.9,63.0
2024-05-21T06:00,8.9,5.1,149.0,3.4,5.9,69.0
2024-05-21T07:00,8.7,4.9,134.0,1.9,4.2,67.0
2024-05-21T08:00,8.6,4.9,129.0,1.8,4.1,61.0
2024-05-21T09:00,9.0,5.1,126.0,2.1,4.3,55.0
2024-05-21T10:00,9.0,5.1,120.0,2.5,4.4,49.0
2024-05-21T11:00,9.2,5.2,116.0,3.3,4.7,43.0
2024-05-21T12:00,15.9,9.3,152.0,7.6,2.9,30.0
2024-05-21T13:00,12.8,7.2,144.0,7.2,3.0,33.0
2024-05-21T14:00,11.2,6.4,135.0,6.7,3.2,38.0
2024-05-21T15:00,12.0,6.8,132.0,6.4,3.3,42.0
2024-05-21T16:00,14.6,8.2,145.0,6.6,3.3,47.0
2024-05-21T17:00,16.8,9.3,165.0,7.0,3.2,51.0
2024-05-21T18:00,16.6,9.2,177.0,7.1,3.1,54.0
2024-05-21T19:00,15.6,8.6,172.0,6.4,3.1,54.0
2024-05-21T20:00,14.6,8.0,159.0,5.4,3.1,52.0
2024-05-21T21:00,13.5,7.4,149.0,4.6,3.2,50.0
2024-05-21T22:00,12.1,6.6,145.0,4.1,3.2,48.0
2024-05-21T23:00,11.5,6.2,143.0,3.7,3.3,47.0
2024-05-22T00:00,4.8,2.8,147.0,4.4,3.3,50.0
2024-05-22T01:00,6.4,3.6,151.0,4.9,3.3,50.0
2024-05-22T02:00,9.0,5.0,157.0,5.5,3.3,50.0
2024-05-22T03:00,11.1,6.1,159.0,5.7,3.4,50.0
2024-05-22T04:00,11.2,6.1,152.0,5.0,3.6,51.0
2024-05-22T05:00,10.7,5.8,141.0,3.7,3.9,53.0
2024-05-22T06:00,9.3,5.0,134.0,2.8,4.1,56.0
2024-05-22T07:00,9.2,5.0,134.0,2.4,4.2,61.0
2024-05-22T08:00,8.6,4.7,138.0,2.3,4.3,66.0
2024-05-22T09:00,8.0,4.4,142.0,2.4,4.3,70.0
2024-05-22T10:00,8.0,4.3,145.0,2.6,4.0,71.0
2024-05-22T11:00,7.9,4.2,148.0,3.1,3.6,71.0
2024-05-22T12:00,8.8,4.8,149.0,4.0,3.8,62.0
2024-05-22T13:00,9.7,5.4,166.0,6.3,4.1,60.0
2024-05-22T14:00,10.2,5.8,191.0,9.4,4.6,58.0
2024-05-22T15:00,11.7,7.0,217.0,12.0,5.3,56.0
2024-05-22T16:00,13.9,8.7,248.0,13.3,6.6,54.0
2024-05-22T17:00,15.6,9.8,281.0,14.1,8.1,52.0
2024-05-22T18:00,16.1,10.3,301.0,14.5,9.0,50.0
2024-05-22T19:00,16.6,10.7,301.0,14.8,8.9,48.0
2024-05-22T20:00,15.9,10.3,289.0,14.7,8.3,47.0
2024-05-22T21:00,13.5,8.7,272.0,14.2,7.7,46.0
2024-05-22T22:00,12.2,7.9,250.0,13.0,7.2,47.0
2024-05-22T23:00,11.1,7.0,222.0,11.4,6.6,49.0
2024-05-23T00:00,6.6,4.0,165.0,9.3,10.9,62.0
2024-05-23T01:00,5.7,3.4,161.0,8.1,9.3,63.0
2024-05-23T02:00,5.2,3.1,156.0,6.5,7.1,63.0
2024-05-23T03:00,5.7,3.4,150.0,5.1,5.7,64.0
2024-05-23T04:00,6.1,3.7,143.0,4.1,5.8,65.0
2024-05-23T05:00,6.1,3.7,135.0,3.3,6.6,66.0
2024-05-23T06:00,5.9,3.6,130.0,2.8,7.0,66.0
2024-05-23T07:00,5.5,3.3,128.0,2.7,6.5,66.0
2024-05-23T08:00,5.7,3.5,129.0,2.9,5.6,65.0
2024-05-23T09:00,6.4,3.9,131.0,3.3,5.0,64.0
2024-05-23T10:00,6.6,3.9,129.0,3.6,4.8,61.0
2024-05-23T11:00,6.5,3.8,128.0,4.0,4.9,58.0
2024-05-23T12:00,18.5,10.2,166.0,6.2,6.3,80.0
2024-05-23T13:00,18.9,10.3,167.0,6.1,5.8,78.0
2024-05-23T14:00,19.0,10.4,168.0,6.0,5.1,76.0
2024-05-23T15:00,18.0,10.0,170.0,6.1,4.6,72.0
2024-05-23T16:00,17.0,9.5,173.0,6.5,4.2,65.0
2024-05-23T17:00,16.3,9.2,176.0,7.1,4.0,56.0
2024-05-23T18:00,15.9,9.1,178.0,7.4,4.1,51.0
2024-05-23T19:00,15.9,9.1,178.0,7.1,4.5,54.0
2024-05-23T20:00,17.2,9.8,177.0,6.6,5.4,62.0
2024-05-23T21:00,19.3,11.0,181.0,6.6,6.8,68.0
2024-05-23T22:00,19.7,11.6,193.0,7.5,9.3,69.0
2024-05-23T23:00,18.9,11.6,210.0,9.0,12.4,68.0
2024-05-24T00:00,12.3,8.1,220.0,11.1,19.6,57.0
2024-05-24T01:00,15.4,10.4,246.0,12.7,20.8,57.0
2024-05-24T02:00,19.8,13.4,281.0,14.7,22.5,59.0
2024-05-24T03:00,24.7,16.8,305.0,15.7,23.5,66.0
2024-05-24T04:00,29.6,20.2,310.0,14.7,23.4,83.0
2024-05-24T05:00,31.1,21.2,304.0,12.6,22.7,106.0
2024-05-24T06:00,30.0,20.3,294.0,10.4,21.7,126.0
2024-05-24T07:00,29.4,19.3,277.0,8.0,20.4,142.0
2024-05-24T08:00,28.2,17.6,256.0,5.5,18.8,156.0
2024-05-24T09:00,29.2,17.6,241.0,4.2,17.4,163.0
2024-05-24T10:00,29.5,17.3,237.0,4.9,16.5,162.0
2024-05-24T11:00,30.3,17.6,240.0,6.9,15.9,154.0
2024-05-24T12:00,41.6,24.4,204.0,7.4,9.4,101.0
2024-05-24T13:00,42.0,25.0,225.0,9.3,9.6,97.0
2024-05-24T14:00,42.7,25.7,256.0,12.0,9.9,91.0
2024-05-24T15:00,46.6,28.7,283.0,13.8,10.4,87.0
2024-05-24T16:00,51.1,31.9,304.0,14.1,11.5,86.0
2024-05-24T17:00,53.7,33.9,323.0,13.6,12.9,87.0
2024-05-24T18:00,53.7,34.2,337.0,12.9,13.6,87.0
2024-05-24T19:00,51.6,33.4,345.0,12.0,13.2,84.0
2024-05-24T20:00,49.5,32.5,349.0,10.9,12.1,81.0
2024-05-24T21:00,48.3,32.0,353.0,10.1,11.3,77.0
2024-05-24T22:00,47.5,31.5,356.0,9.7,11.0,72.0
2024-05-24T23:00,46.8,31.1,359.0,9.6,10.9,67.0
2024-05-25T00:00,43.1,29.3,372.0,12.2,15.4,54.0
2024-05-25T01:00,45.2,30.7,394.0,14.2,14.6,58.0
2024-05-25T02:00,48.7,32.6,425.0,16.8,13.5,65.0
2024-05-25T03:00,55.1,35.4,441.0,18.2,12.8,76.0
2024-05-25T04:00,59.0,37.3,430.0,17.1,12.9,95.0
2024-05-25T05:00,62.9,39.1,406.0,14.7,13.5,119.0
2024-05-25T06:00,65.7,40.2,387.0,12.5,13.7,140.0
2024-05-25T07:00,68.9,41.8,382.0,10.5,13.3,157.0
2024-05-25T08:00,70.5,43.0,383.0,8.6,12.6,170.0
2024-05-25T09:00,71.7,43.4,387.0,8.2,12.0,
2024-05-25T10:00,72.9,43.4,395.0,10.5,11.5,173.0
2024-05-25T11:00,73.3,43.5,405.0,14.3,11.1,162.0
2024-05-25T12:00,68.7,40.9,438.0,14.4,8.5,168.0
2024-05-25T13:00,81.3,48.0,421.0,14.1,9.1,156.0
2024-05-25T14:00,,53.2,396.0,13.7,9.9,138.0
2024-05-25T15:00,86.6,51.5,372.0,13.1,10.1,121.0
2024-05-25T16:00,82.0,48.9,349.0,12.3,9.3,106.0
2024-05-25T17:00,78.5,46.0,326.0,11.3,8.0,92.0
2024-05-25T18:00,77.3,44.4,306.0,10.5,7.0,81.0
2024-05-25T19:00,70.5,40.9,291.0,9.8,6.6,74.0
2024-05-25T20:00,61.2,36.3,280.0,9.3,6.6,70.0
2024-05-25T21:00,54.9,33.2,271.0,9.0,6.7,67.0
2024-05-25T22:00,51.5,31.3,264.0,8.9,7.1,62.0
2024-05-25T23:00,47.8,29.5,261.0,9.1,7.6,58.0
2024-05-26T00:00,49.6,30.0,288.0,12.0,8.5,53.0
2024-05-26T01:00,49.9,30.3,299.0,13.0,9.2,57.0
2024-05-26T02:00,54.7,32.7,313.0,14.3,10.3,64.0
2024-05-26T03:00,62.4,36.3,318.0,14.3,11.5,78.0
2024-05-26T04:00,68.7,40.0,305.0,11.9,13.2,106.0
2024-05-26T05:00,71.5,42.8,284.0,8.3,15.1,140.0
2024-05-26T06:00,69.2,42.4,267.0,5.6,16.2,167.0
2024-05-26T07:00,66.8,41.3,258.0,4.4,16.2,
2024-05-26T08:00,65.7,40.5,254.0,4.1,15.4,
2024-05-26T09:00,65.4,39.8,257.0,4.8,14.1,
2024-05-26T10:00,65.4,39.3,271.0,7.1,12.1,175.0
2024-05-26T11:00,64.5,38.6,292.0,10.4,9.7,160.0
2024-05-26T12:00,70.1,40.5,271.0,14.2,11.4,122.0
2024-05-26T13:00,70.5,42.4,290.0,14.6,10.4,115.0
2024-05-26T14:00,68.9,42.3,315.0,15.1,9.0,106.0
2024-05-26T15:00,66.1,41.0,330.0,15.1,8.2,99.0
2024-05-26T16:00,61.9,38.3,324.0,14.0,8.4,96.0
2024-05-26T17:00,59.8,36.6,307.0,12.3,9.1,95.0
2024-05-26T18:00,59.8,35.6,296.0,11.0,9.6,92.0
2024-05-26T19:00,63.1,37.0,300.0,10.7,9.8,85.0
2024-05-26T20:00,55.2,33.4,310.0,10.8,9.9,75.0
2024-05-26T21:00,49.6,30.9,313.0,10.9,9.8,66.0
2024-05-26T22:00,45.2,28.5,303.0,10.9,9.4,57.0
2024-05-26T23:00,39.8,25.3,286.0,11.0,8.8,49.0
2024-05-27T00:00,34.7,21.1,245.0,10.2,6.8,48.0
2024-05-27T01:00,33.1,19.3,242.0,10.8,7.8,50.0
2024-05-27T02:00,34.2,19.3,239.0,11.6,9.2,53.0
2024-05-27T03:00,38.0,20.4,235.0,11.5,10.3,65.0
2024-05-27T04:00,44.1,23.2,232.0,9.6,10.9,93.0
2024-05-27T05:00,46.6,23.9,228.0,6.7,11.3,128.0
2024-05-27T06:00,47.1,23.5,224.0,4.5,11.0,154.0
2024-05-27T07:00,49.1,23.9,217.0,3.3,9.7,161.0
2024-05-27T08:00,51.7,25.3,209.0,2.8,7.8,159.0
2024-05-27T09:00,52.9,26.6,207.0,3.0,6.5,155.0
2024-05-27T10:00,53.2,27.2,217.0,4.6,6.4,152.0
2024-05-27T11:00,52.2,27.2,233.0,6.9,6.8,149.0
2024-05-27T12:00,54.4,29.7,272.0,12.2,7.8,142.0
2024-05-27T13:00,56.7,31.4,287.0,12.9,7.9,138.0
2024-05-27T14:00,57.5,31.5,307.0,13.7,8.0,131.0
2024-05-27T15:00,57.4,31.3,320.0,14.1,8.1,123.0
2024-05-27T16:00,55.3,30.2,318.0,13.5,8.4,112.0
2024-05-27T17:00,52.4,28.8,310.0,12.5,8.7,100.0
2024-05-27T18:00,49.6,28.4,304.0,11.7,8.8,88.0
2024-05-27T19:00,46.2,27.7,308.0,11.5,8.6,78.0
2024-05-27T20:00,43.5,26.7,315.0,11.6,8.1,68.0
2024-05-27T21:00,42.5,26.5,316.0,11.6,7.8,61.0
2024-05-27T22:00,42.6,26.7,307.0,11.4,7.6,55.0
2024-05-27T23:00,42.5,26.7,293.0,11.1,7.6,51.0
2024-05-28T00:00,42.3,26.6,303.0,11.7,7.3,47.0
2024-05-28T01:00,42.0,26.3,292.0,12.0,8.3,51.0
2024-05-28T02:00,42.1,26.0,277.0,12.3,9.7,58.0
2024-05-28T03:00,43.1,25.8,264.0,11.8,10.8,72.0
2024-05-28T04:00,46.2,27.4,255.0,9.8,11.7,99.0
2024-05-28T05:00,50.3,29.6,249.0,7.1,12.3,132.0
2024-05-28T06:00,51.6,29.5,243.0,4.9,12.2,157.0
2024-05-28T07:00,53.0,28.4,237.0,3.6,10.6,165.0
2024-05-28T08:00,53.2,27.4,232.0,2.8,8.1,165.0
2024-05-28T09:00,55.3,28.1,230.0,2.7,6.4,162.0
2024-05-28T10:00,57.6,29.0,229.0,3.5,6.0,160.0
2024-05-28T11:00,58.9,29.6,231.0,4.9,6.4,155.0
2024-05-28T12:00,56.1,29.7,254.0,10.2,5.9,132.0
2024-05-28T13:00,55.5,30.6,277.0,12.0,6.2,125.0
2024-05-28T14:00,54.7,31.4,308.0,14.5,6.6,114.0
2024-05-28T15:00,53.9,31.8,329.0,16.0,7.0,104.0
2024-05-28T16:00,51.9,31.2,332.0,15.7,7.5,95.0
2024-05-28T17:00,47.8,29.3,325.0,14.4,8.0,87.0
2024-05-28T18:00,42.6,26.7,317.0,13.2,8.2,79.0
2024-05-28T19:00,37.7,24.0,312.0,12.4,7.8,71.0
2024-05-28T20:00,34.1,22.0,306.0,11.8,7.0,62.0
2024-05-28T21:00,32.0,20.7,299.0,11.4,6.5,55.0
2024-05-28T22:00,30.3,19.7,288.0,11.4,6.5,48.0
2024-05-28T23:00,29.3,19.0,276.0,11.7,6.8,43.0
2024-05-29T00:00,27.3,17.8,291.0,12.2,6.8,40.0
2024-05-29T01:00,26.5,17.2,286.0,12.5,8.1,44.0
2024-05-29T02:00,26.6,16.8,279.0,12.7,9.8,51.0
2024-05-29T03:00,27.9,16.5,271.0,12.2,11.1,64.0
2024-05-29T04:00,31.9,18.2,260.0,10.2,11.6,90.0
2024-05-29T05:00,37.3,21.0,247.0,7.4,11.7,123.0
2024-05-29T06:00,38.0,20.7,237.0,5.1,11.2,148.0
2024-05-29T07:00,38.1,19.8,230.0,3.7,9.7,157.0
2024-05-29T08:00,38.1,18.9,226.0,2.9,7.6,158.0
2024-05-29T09:00,38.0,18.2,224.0,2.7,6.2,157.0
2024-05-29T10:00,39.1,19.0,227.0,3.4,6.1,157.0
2024-05-29T11:00,41.0,20.5,233.0,4.6,6.6,154.0
2024-05-29T12:00,48.7,24.7,246.0,6.6,6.0,139.0
2024-05-29T13:00,48.4,26.4,253.0,6.8,6.3,139.0
2024-05-29T14:00,50.9,27.8,262.0,7.1,6.8,138.0
2024-05-29T15:00,47.6,26.6,261.0,7.1,7.0,133.0
2024-05-29T16:00,41.3,23.5,240.0,6.6,6.7,119.0
2024-05-29T17:00,36.2,20.5,209.0,6.0,6.1,100.0
2024-05-29T18:00,31.8,18.0,187.0,5.6,5.9,85.0
2024-05-29T19:00,28.6,16.4,181.0,5.7,6.4,78.0
2024-05-29T20:00,28.8,16.5,183.0,6.2,7.3,74.0
2024-05-29T21:00,29.2,16.8,194.0,6.9,8.1,70.0
2024-05-29T22:00,30.9,18.0,215.0,7.9,8.7,63.0
2024-05-29T23:00,32.6,19.4,244.0,9.2,9.1,57.0
2024-05-30T00:00,31.1,18.6,238.0,8.7,8.9,59.0
2024-05-30T01:00,33.1,20.0,271.0,9.9,9.6,63.0
2024-05-30T02:00,36.7,22.1,316.0,11.4,10.5,70.0
2024-05-30T03:00,42.7,25.7,346.0,11.7,11.0,85.0
2024-05-30T04:00,48.9,29.5,346.0,9.7,10.9,115.0
2024-05-30T05:00,54.4,32.7,332.0,6.6,10.4,152.0
2024-05-30T06:00,54.2,31.7,317.0,4.1,9.8,
2024-05-30T07:00,53.2,29.7,307.0,3.1,9.0,
2024-05-30T08:00,51.5,27.9,297.0,2.8,8.1,
2024-05-30T09:00,50.9,27.0,288.0,2.9,7.6,
2024-05-30T10:00,49.7,26.4,277.0,3.4,7.9,
2024-05-30T11:00,49.9,26.6,267.0,4.4,8.8,
2024-05-30T12:00,67.5,36.3,269.0,6.5,10.0,164.0
2024-05-30T13:00,65.2,36.4,272.0,7.0,10.3,160.0
2024-05-30T14:00,66.8,37.5,275.0,7.6,10.7,153.0
2024-05-30T15:00,66.1,36.3,272.0,7.9,10.8,146.0
2024-05-30T16:00,63.6,34.6,257.0,7.5,10.5,138.0
2024-05-30T17:00,60.3,32.6,236.0,6.7,9.9,130.0
2024-05-30T18:00,56.7,30.5,220.0,6.0,9.5,122.0
2024-05-30T19:00,53.2,28.8,210.0,5.4,9.5,115.0
2024-05-30T20:00,49.9,27.2,204.0,5.0,9.7,107.0
2024-05-30T21:00,47.6,26.1,211.0,5.2,10.0,98.0
2024-05-30T22:00,48.4,27.2,241.0,6.6,10.4,84.0
2024-05-30T23:00,51.1,29.6,284.0,8.5,10.8,68.0
2024-05-31T00:00,50.6,29.7,309.0,9.7,9.2,63.0
2024-05-31T01:00,52.9,31.2,320.0,10.5,9.7,69.0
2024-05-31T02:00,52.7,31.3,334.0,11.5,10.5,78.0
2024-05-31T03:00,49.8,30.0,340.0,11.5,10.8,93.0
2024-05-31T04:00,49.5,30.3,329.0,9.4,10.5,120.0
2024-05-31T05:00,53.1,32.5,309.0,6.3,9.9,152.0
2024-05-31T06:00,53.3,31.3,292.0,3.9,9.1,175.0
2024-05-31T07:00,53.9,29.6,281.0,2.8,8.0,
2024-05-31T08:00,54.0,28.8,273.0,2.3,6.8,176.0
2024-05-31T09:00,52.9,27.9,268.0,2.4,6.0,169.0
2024-05-31T10:00,49.2,26.3,267.0,3.1,6.0,162.0
2024-05-31T11:00,45.6,24.6,268.0,4.3,6.4,153.0
2024-05-31T12:00,57.9,32.7,272.0,5.8,6.1,143.0
2024-05-31T13:00,54.7,31.2,263.0,5.7,5.7,139.0
2024-05-31T14:00,53.7,29.9,251.0,5.5,5.1,133.0
2024-05-31T15:00,51.8,28.5,242.0,5.4,4.8,128.0
2024-05-31T16:00,51.8,27.8,240.0,5.6,4.9,126.0
2024-05-31T17:00,49.5,26.8,240.0,5.8,5.3,126.0
2024-05-31T18:00,48.1,25.9,238.0,5.9,5.6,122.0
2024-05-31T19:00,43.4,23.3,230.0,5.6,5.7,113.0
2024-05-31T20:00,38.9,21.2,219.0,5.1,5.9,101.0
2024-05-31T21:00,38.3,20.9,212.0,4.9,6.2,91.0
2024-05-31T22:00,40.4,22.1,208.0,5.2,6.8,84.0
2024-05-31T23:00,41.0,22.6,207.0,5.8,7.6,78.0
2024-06-01T00:00,44.1,26.1,265.0,8.6,10.0,67.0
2024-06-01T01:00,46.7,27.5,276.0,8.9,10.6,72.0
2024-06-01T02:00,48.8,28.7,291.0,9.3,11.3,80.0
2024-06-01T03:00,50.6,29.4,297.0,9.0,11.8,91.0
2024-06-01T04:00,51.8,29.1,285.0,7.4,11.6,110.0
2024-06-01T05:00,55.8,30.9,265.0,5.2,11.1,132.0
2024-06-01T06:00,56.6,30.6,249.0,3.6,10.7,150.0
2024-06-01T07:00,56.1,29.9,243.0,3.0,10.7,160.0
2024-06-01T08:00,56.0,29.6,242.0,2.9,10.8,165.0
2024-06-01T09:00,62.9,32.6,242.0,3.2,11.0,168.0
2024-06-01T10:00,65.4,34.5,242.0,3.9,11.2,171.0
2024-06-01T11:00,65.9,35.4,243.0,5.0,11.4,173.0
2024-06-01T12:00,67.5,37.0,195.0,4.9,7.3,111.0
2024-06-01T13:00,64.7,35.7,198.0,5.2,6.8,107.0
2024-06-01T14:00,63.6,35.4,203.0,5.6,6.0,103.0
2024-06-01T15:00,61.9,34.5,208.0,5.8,5.6,101.0
2024-06-01T16:00,66.8,34.9,212.0,5.6,5.5,105.0
2024-06-01T17:00,66.6,34.9,217.0,5.3,5.7,111.0
2024-06-01T18:00,66.4,34.7,223.0,5.1,6.4,118.0
2024-06-01T19:00,67.5,35.7,231.0,5.0,8.1,125.0
2024-06-01T20:00,58.8,32.1,240.0,5.1,10.4,132.0
2024-06-01T21:00,50.1,28.3,249.0,5.4,12.4,134.0
2024-06-01T22:00,50.5,28.5,255.0,6.1,13.9,127.0
2024-06-01T23:00,49.8,28.5,261.0,7.2,15.2,116.0
2024-06-02T00:00,67.8,41.9,311.0,7.1,10.8,95.0
2024-06-02T01:00,66.4,40.2,304.0,7.2,10.4,96.0
2024-06-02T02:00,67.8,38.8,294.0,7.3,9.9,98.0
2024-06-02T03:00,70.5,38.9,290.0,7.5,10.9,104.0
2024-06-02T04:00,70.8,39.3,297.0,8.0,14.8,115.0
2024-06-02T05:00,73.6,41.2,309.0,8.5,20.1,130.0
2024-06-02T06:00,74.5,41.7,315.0,8.5,23.4,145.0
2024-06-02T07:00,75.7,42.3,311.0,7.4,23.1,162.0
2024-06-02T08:00,76.4,42.3,302.0,5.8,20.9,
2024-06-02T09:00,78.0,42.1,290.0,4.8,18.5,
2024-06-02T10:00,77.1,40.6,275.0,5.0,16.2,172.0
2024-06-02T11:00,73.6,38.2,258.0,5.7,13.6,150.0
2024-06-02T12:00,58.4,30.6,208.0,4.9,6.8,111.0
2024-06-02T13:00,49.9,26.3,203.0,5.3,6.3,106.0
2024-06-02T14:00,45.5,23.9,198.0,5.8,5.8,98.0
2024-06-02T15:00,42.1,22.4,201.0,6.5,5.7,93.0
2024-06-02T16:00,40.3,21.9,220.0,7.6,6.6,92.0
2024-06-02T17:00,44.9,25.1,248.0,9.0,8.0,94.0
2024-06-02T18:00,53.6,31.3,270.0,9.8,9.4,95.0
2024-06-02T19:00,55.2,32.9,279.0,9.7,10.8,96.0
2024-06-02T20:00,55.4,33.5,282.0,9.1,12.2,96.0
2024-06-02T21:00,56.5,34.8,287.0,8.7,13.6,96.0
2024-06-02T22:00,59.8,37.1,297.0,8.6,15.0,94.0
2024-06-02T23:00,65.7,40.6,309.0,8.8,16.5,91.0
2024-06-03T00:00,71.7,45.4,318.0,9.0,14.7,87.0
2024-06-03T01:00,71.5,45.4,302.0,8.8,12.4,90.0
2024-06-03T02:00,68.2,41.3,280.0,8.6,9.2,95.0
2024-06-03T03:00,65.7,39.8,262.0,8.3,7.4,100.0
2024-06-03T04:00,64.0,39.1,253.0,7.9,8.2,104.0
2024-06-03T05:00,62.6,38.8,248.0,7.4,10.3,108.0
2024-06-03T06:00,59.6,37.4,244.0,7.0,12.4,114.0
2024-06-03T07:00,55.5,35.0,239.0,6.4,14.0,124.0
2024-06-03T08:00,52.4,33.1,235.0,5.9,15.5,137.0
2024-06-03T09:00,51.7,32.7,235.0,6.0,17.3,146.0
2024-06-03T10:00,51.5,32.7,237.0,7.1,19.8,150.0
2024-06-03T11:00,51.8,33.1,243.0,9.0,22.4,151.0
2024-06-03T12:00,50.4,32.1,251.0,8.0,15.3,142.0
2024-06-03T13:00,56.5,36.0,292.0,11.5,15.4,131.0
2024-06-03T14:00,60.8,38.4,348.0,16.1,15.4,116.0
2024-06-03T15:00,62.9,39.5,385.0,18.7,15.1,105.0
2024-06-03T16:00,65.2,40.5,385.0,17.3,14.2,103.0
2024-06-03T17:00,64.3,39.7,366.0,13.8,13.0,104.0
2024-06-03T18:00,62.2,37.8,346.0,10.8,11.9,105.0
2024-06-03T19:00,58.6,35.2,327.0,8.9,10.7,103.0
2024-06-03T20:00,54.6,32.7,307.0,7.4,9.6,101.0
2024-06-03T21:00,51.0,31.0,298.0,6.6,10.3,98.0
2024-06-03T22:00,54.8,34.3,308.0,6.8,14.5,92.0
2024-06-03T23:00,58.0,37.4,330.0,7.7,20.6,86.0
2024-06-04T00:00,56.9,37.7,354.0,9.5,21.5,78.0
2024-06-04T01:00,56.5,37.6,354.0,10.1,21.4,84.0
2024-06-04T02:00,54.2,36.0,354.0,10.8,21.3,93.0
2024-06-04T03:00,51.2,33.6,348.0,10.7,20.8,105.0
2024-06-04T04:00,48.2,31.2,331.0,9.1,19.8,122.0
2024-06-04T05:00,44.9,28.2,307.0,6.7,18.4,141.0
2024-06-04T06:00,42.7,25.8,287.0,4.8,16.9,156.0
2024-06-04T07:00,43.0,25.4,273.0,3.7,15.2,164.0
2024-06-04T08:00,44.2,25.9,262.0,3.2,13.4,167.0
2024-06-04T09:00,46.4,26.9,255.0,3.2,12.2,167.0
2024-06-04T10:00,49.2,28.5,252.0,4.0,12.2,166.0
2024-06-04T11:00,54.9,31.7,253.0,5.4,12.8,162.0
2024-06-04T12:00,58.9,34.0,255.0,7.0,11.6,151.0
2024-06-04T13:00,57.4,33.3,276.0,10.1,11.3,135.0
2024-06-04T14:00,56.1,32.9,304.0,14.3,10.8,112.0
2024-06-04T15:00,52.5,30.7,321.0,16.9,10.4,94.0
2024-06-04T16:00,48.0,27.9,315.0,16.4,10.1,87.0
2024-06-04T17:00,44.4,25.9,298.0,14.2,9.8,84.0
2024-06-04T18:00,44.8,26.9,287.0,12.3,9.8,83.0
2024-06-04T19:00,47.5,29.6,290.0,11.1,10.2,81.0
2024-06-04T20:00,48.5,31.0,299.0,10.1,10.8,81.0
2024-06-04T21:00,48.2,31.2,305.0,9.4,11.3,80.0
2024-06-04T22:00,47.0,30.9,302.0,8.8,11.4,78.0
2024-06-04T23:00,45.4,30.2,295.0,8.5,11.3,76.0
2024-06-05T00:00,39.0,25.3,256.0,9.4,12.7,62.0
2024-06-05T01:00,39.6,25.9,263.0,10.1,12.6,66.0
2024-06-05T02:00,40.4,26.6,272.0,11.1,12.6,71.0
2024-06-05T03:00,41.3,27.1,278.0,12.1,13.2,76.0
2024-06-05T04:00,40.2,26.8,276.0,13.4,14.8,78.0
2024-06-05T05:00,38.0,25.7,271.0,14.7,17.0,80.0
2024-06-05T06:00,37.4,25.3,268.0,14.8,18.8,88.0
2024-06-05T07:00,39.1,26.4,270.0,12.7,20.1,109.0
2024-06-05T08:00,42.1,28.6,273.0,9.6,21.1,137.0
2024-06-05T09:00,43.9,29.6,276.0,7.3,21.2,158.0
2024-06-05T10:00,44.9,29.9,276.0,6.7,19.6,168.0
2024-06-05T11:00,46.8,30.4,276.0,7.0,17.1,170.0
2024-06-05T12:00,57.3,34.6,242.0,8.0,15.1,142.0
2024-06-05T13:00,58.1,35.2,255.0,9.8,13.5,132.0
2024-06-05T14:00,58.1,35.0,273.0,12.2,11.3,117.0
2024-06-05T15:00,53.7,32.0,285.0,13.8,9.8,105.0
2024-06-05T16:00,47.3,28.1,284.0,13.7,9.7,97.0
2024-06-05T17:00,43.3,26.7,277.0,12.7,10.4,91.0
2024-06-05T18:00,44.5,29.7,274.0,11.8,11.2,87.0
2024-06-05T19:00,49.9,35.3,281.0,11.1,12.1,85.0
2024-06-05T20:00,48.5,34.8,291.0,10.4,13.0,85.0
2024-06-05T21:00,47.4,33.8,296.0,9.9,13.5,84.0
2024-06-05T22:00,44.5,31.7,289.0,9.5,12.9,79.0
2024-06-05T23:00,40.0,28.4,277.0,9.2,11.9,73.0
2024-06-06T00:00,38.9,27.4,257.0,9.1,12.1,68.0
2024-06-06T01:00,38.2,26.7,267.0,11.3,13.9,66.0
2024-06-06T02:00,37.8,26.4,280.0,14.2,16.5,65.0
2024-06-06T03:00,38.9,27.0,287.0,15.5,18.5,70.0
2024-06-06T04:00,39.7,27.2,284.0,13.9,19.6,86.0
2024-06-06T05:00,40.0,27.1,275.0,10.8,20.1,107.0
2024-06-06T06:00,40.2,26.8,266.0,8.1,20.2,127.0
2024-06-06T07:00,39.2,25.9,256.0,6.2,19.6,144.0
2024-06-06T08:00,38.9,25.4,245.0,4.7,18.5,159.0
2024-06-06T09:00,38.5,25.1,238.0,4.2,17.7,168.0
2024-06-06T10:00,38.3,25.0,236.0,5.1,17.5,167.0
2024-06-06T11:00,38.1,24.8,236.0,7.0,17.5,159.0
2024-06-06T12:00,43.0,26.3,206.0,6.3,14.4,141.0
2024-06-06T13:00,41.1,24.8,198.0,6.7,12.3,126.0
2024-06-06T14:00,38.0,22.5,189.0,7.2,9.6,105.0
2024-06-06T15:00,35.6,20.8,188.0,8.2,8.6,89.0
2024-06-06T16:00,32.1,19.2,204.0,10.1,11.2,81.0
2024-06-06T17:00,32.0,20.3,228.0,12.4,15.5,78.0
2024-06-06T18:00,36.9,24.7,248.0,13.7,18.4,75.0
2024-06-06T19:00,40.2,27.8,258.0,13.3,18.5,72.0
2024-06-06T20:00,40.4,28.3,262.0,11.9,17.2,70.0
2024-06-06T21:00,37.8,26.5,263.0,10.8,16.1,68.0
2024-06-06T22:00,35.5,24.7,256.0,10.2,15.6,65.0
2024-06-06T23:00,33.6,23.3,245.0,9.8,15.3,61.0
2024-06-07T00:00,29.7,21.2,257.0,8.6,10.9,69.0
2024-06-07T01:00,29.4,20.9,269.0,10.3,11.1,68.0
2024-06-07T02:00,29.6,20.8,285.0,12.6,11.5,67.0
2024-06-07T03:00,29.5,20.5,293.0,14.2,12.3,67.0
2024-06-07T04:00,28.6,19.8,287.0,14.9,14.0,67.0
2024-06-07T05:00,27.5,19.0,273.0,14.9,16.3,69.0
2024-06-07T06:00,26.8,18.5,261.0,14.0,18.0,78.0
2024-06-07T07:00,28.7,19.7,254.0,11.2,18.8,102.0
2024-06-07T08:00,31.7,21.5,249.0,7.5,19.2,133.0
2024-06-07T09:00,32.0,21.3,244.0,5.0,19.2,155.0
2024-06-07T10:00,32.6,21.1,239.0,4.9,18.8,160.0
2024-06-07T11:00,34.5,21.8,235.0,6.2,18.1,156.0
2024-06-07T12:00,37.0,23.7,242.0,9.5,21.5,133.0
2024-06-07T13:00,37.8,23.6,233.0,9.7,19.3,122.0
2024-06-07T14:00,36.0,21.8,222.0,10.0,16.4,107.0
2024-06-07T15:00,31.4,19.0,216.0,10.6,14.9,94.0
2024-06-07T16:00,28.2,17.6,223.0,12.0,16.2,84.0
2024-06-07T17:00,29.9,19.4,237.0,13.8,18.8,75.0
2024-06-07T18:00,29.7,20.0,245.0,14.9,20.6,68.0
2024-06-07T19:00,26.3,18.0,241.0,14.7,20.6,62.0
2024-06-07T20:00,22.6,15.5,231.0,13.9,19.7,58.0
2024-06-07T21:00,20.0,13.7,223.0,13.1,18.7,55.0
2024-06-07T22:00,18.6,12.7,219.0,12.6,17.7,52.0
2024-06-07T23:00,18.0,12.3,218.0,12.2,16.5,50.0
2024-06-08T00:00,20.5,13.3,212.0,12.5,18.4,48.0
2024-06-08T01:00,20.4,13.1,215.0,12.6,18.5,48.0
2024-06-08T02:00,20.0,12.6,219.0,12.7,18.7,49.0
2024-06-08T03:00,21.7,13.6,219.0,12.0,18.4,54.0
2024-06-08T04:00,22.7,14.0,211.0,10.0,17.4,67.0
2024-06-08T05:00,21.4,13.3,198.0,7.3,16.1,84.0
2024-06-08T06:00,21.1,13.4,188.0,5.1,14.9,99.0
2024-06-08T07:00,20.5,13.2,182.0,3.8,14.0,112.0
2024-06-08T08:00,21.5,13.8,179.0,3.1,13.3,124.0
2024-06-08T09:00,22.1,14.0,179.0,3.2,12.6,131.0
2024-06-08T10:00,23.1,14.5,184.0,4.3,11.8,131.0
2024-06-08T11:00,24.7,15.4,193.0,6.2,11.0,125.0
2024-06-08T12:00,34.6,21.1,198.0,6.7,10.1,127.0
2024-06-08T13:00,40.0,23.7,203.0,7.7,10.6,120.0
2024-06-08T14:00,40.3,23.7,210.0,9.0,11.4,110.0
2024-06-08T15:00,32.5,20.1,217.0,10.3,12.1,100.0
2024-06-08T16:00,30.4,20.1,225.0,11.4,12.8,90.0
2024-06-08T17:00,29.3,19.7,234.0,12.3,13.5,81.0
2024-06-08T18:00,27.6,18.7,238.0,12.8,14.0,72.0
2024-06-08T19:00,26.3,17.6,233.0,12.5,14.2,65.0
2024-06-08T20:00,25.0,16.6,224.0,11.7,14.2,60.0
2024-06-08T21:00,24.0,15.8,217.0,11.2,14.3,55.0
2024-06-08T22:00,22.8,15.0,213.0,11.3,14.6,50.0
2024-06-08T23:00,21.6,14.4,211.0,11.7,15.1,46.0
2024-06-09T00:00,22.9,15.2,218.0,11.8,15.3,45.0
2024-06-09T01:00,22.8,15.1,229.0,12.2,16.2,46.0
2024-06-09T02:00,23.3,15.5,243.0,12.6,17.4,49.0
2024-06-09T03:00,24.4,16.5,251.0,12.1,17.8,58.0
2024-06-09T04:00,27.0,18.3,245.0,9.9,16.9,78.0
2024-06-09T05:00,27.0,18.2,232.0,6.8,15.2,104.0
2024-06-09T06:00,26.5,17.3,221.0,4.5,13.7,124.0
2024-06-09T07:00,26.9,17.1,215.0,3.5,12.6,135.0
2024-06-09T08:00,27.1,16.9,211.0,3.2,11.6,141.0
2024-06-09T09:00,27.3,16.6,210.0,3.6,10.9,142.0
2024-06-09T10:00,28.2,16.8,213.0,4.9,10.5,139.0
2024-06-09T11:00,29.9,17.4,218.0,6.8,10.2,132.0
2024-06-09T12:00,31.8,18.3,250.0,11.1,7.7,114.0
2024-06-09T13:00,35.4,20.1,283.0,15.2,8.7,105.0
2024-06-09T14:00,36.4,21.2,329.0,20.8,10.0,92.0
2024-06-09T15:00,38.9,23.2,358.0,24.3,10.9,82.0
2024-06-09T16:00,40.3,23.7,358.0,23.8,10.8,77.0
2024-06-09T17:00,39.7,23.1,341.0,21.3,10.3,75.0
2024-06-09T18:00,37.4,21.5,324.0,18.7,9.9,72.0
2024-06-09T19:00,35.7,20.5,308.0,16.5,9.8,66.0
2024-06-09T20:00,34.5,20.2,291.0,14.3,9.8,59.0
2024-06-09T21:00,32.4,19.4,278.0,12.7,9.8,52.0
2024-06-09T22:00,29.7,18.2,273.0,12.3,9.9,45.0
2024-06-09T23:00,27.0,16.6,272.0,12.5,10.0,38.0
2024-06-10T00:00,26.8,16.5,286.0,13.1,10.8,36.0
2024-06-10T01:00,25.3,15.7,293.0,13.3,11.1,37.0
2024-06-10T02:00,24.9,15.7,302.0,13.5,11.6,39.0
2024-06-10T03:00,24.9,15.6,302.0,12.8,11.9,48.0
2024-06-10T04:00,25.4,15.9,284.0,10.3,12.0,72.0
2024-06-10T05:00,28.2,17.9,256.0,7.0,12.1,103.0
2024-06-10T06:00,29.3,18.2,232.0,4.4,11.7,126.0
2024-06-10T07:00,30.0,17.7,215.0,3.1,10.7,135.0
2024-06-10T08:00,30.7,17.1,203.0,2.6,9.4,136.0
2024-06-10T09:00,33.2,17.9,196.0,3.0,8.3,135.0
2024-06-10T10:00,36.4,19.3,198.0,4.4,7.6,132.0
2024-06-10T11:00,49.2,25.8,206.0,6.7,7.2,127.0
2024-06-10T12:00,34.7,18.5,223.0,8.9,6.7,118.0
2024-06-10T13:00,33.1,17.9,233.0,11.8,8.2,104.0
2024-06-10T14:00,28.5,16.4,246.0,15.6,10.2,85.0
2024-06-10T15:00,26.9,16.4,257.0,18.3,11.5,70.0
2024-06-10T16:00,26.9,16.2,263.0,18.6,11.3,64.0
2024-06-10T17:00,28.2,16.7,267.0,17.6,10.4,63.0
2024-06-10T18:00,29.9,17.6,270.0,16.5,9.6,61.0
2024-06-10T19:00,31.0,18.3,274.0,15.6,9.1,56.0
2024-06-10T20:00,29.4,18.0,277.0,14.5,8.6,50.0
2024-06-10T21:00,25.6,16.2,272.0,13.5,8.2,44.0
2024-06-10T22:00,21.0,13.7,250.0,12.5,8.0,39.0
2024-06-10T23:00,16.9,11.3,221.0,11.5,7.9,34.0
2024-06-11T00:00,18.6,12.3,242.0,12.9,9.1,31.0
2024-06-11T01:00,17.3,11.7,252.0,13.6,9.8,30.0
2024-06-11T02:00,17.9,12.2,265.0,14.5,10.7,31.0
2024-06-11T03:00,17.8,12.1,267.0,14.2,11.6,38.0
2024-06-11T04:00,17.7,12.1,247.0,11.7,12.4,59.0
2024-06-11T05:00,20.2,13.8,216.0,8.1,13.1,86.0
2024-06-11T06:00,23.6,15.9,192.0,5.4,13.2,108.0
2024-06-11T07:00,24.6,16.3,181.0,4.0,12.3,119.0
2024-06-11T08:00,25.1,16.1,177.0,3.5,10.9,124.0
2024-06-11T09:00,27.2,16.8,179.0,4.3,9.9,123.0
2024-06-11T10:00,29.3,17.6,188.0,6.8,9.7,114.0
2024-06-11T11:00,27.4,16.5,203.0,10.7,10.0,98.0
2024-06-11T12:00,33.8,20.3,209.0,10.5,12.4,117.0
2024-06-11T13:00,36.9,22.5,267.0,16.4,12.2,104.0
2024-06-11T14:00,40.9,25.0,345.0,24.3,12.0,87.0
2024-06-11T15:00,41.3,25.3,394.0,29.0,11.7,74.0
2024-06-11T16:00,40.2,24.8,385.0,27.3,11.2,70.0
2024-06-11T17:00,37.1,23.4,346.0,22.3,10.6,70.0
2024-06-11T18:00,34.2,21.6,309.0,17.8,10.3,70.0
2024-06-11T19:00,30.6,19.2,283.0,15.0,10.4,67.0
2024-06-11T20:00,29.8,18.8,260.0,12.7,10.8,64.0
2024-06-11T21:00,28.2,18.2,247.0,11.3,11.0,59.0
2024-06-11T22:00,26.7,17.5,249.0,11.3,10.9,51.0
2024-06-11T23:00,24.8,16.6,261.0,12.2,10.7,42.0
2024-06-12T00:00,18.5,12.8,276.0,14.5,10.3,27.0
2024-06-12T01:00,15.2,10.4,276.0,15.7,10.8,25.0
2024-06-12T02:00,15.2,10.0,275.0,17.2,11.5,23.0
2024-06-12T03:00,16.0,10.5,274.0,18.1,12.2,24.0
2024-06-12T04:00,16.4,10.8,274.0,17.9,12.7,28.0
2024-06-12T05:00,16.9,11.2,273.0,17.0,13.1,35.0
2024-06-12T06:00,18.3,12.3,270.0,15.7,13.4,45.0
2024-06-12T07:00,20.5,13.6,259.0,13.5,13.4,59.0
2024-06-12T08:00,22.9,15.1,245.0,11.0,13.2,76.0
2024-06-12T09:00,25.3,16.6,239.0,9.7,13.1,88.0
2024-06-12T10:00,26.8,17.8,248.0,10.8,13.2,94.0
2024-06-12T11:00,27.5,18.4,264.0,13.2,13.4,95.0
2024-06-12T12:00,28.1,18.8,277.0,15.4,13.4,93.0
2024-06-12T13:00,28.1,18.6,283.0,17.2,13.2,85.0
2024-06-12T14:00,25.5,17.1,287.0,18.8,12.9,73.0
2024-06-12T15:00,22.8,15.7,287.0,19.8,12.6,62.0
2024-06-12T16:00,21.5,14.9,282.0,19.7,12.4,54.0
2024-06-12T17:00,20.0,13.9,274.0,18.9,12.2,48.0
2024-06-12T18:00,18.4,12.8,268.0,18.0,11.7,43.0
2024-06-12T19:00,17.3,12.0,264.0,16.9,10.7,39.0
2024-06-12T20:00,16.8,11.6,262.0,15.7,9.5,37.0
2024-06-12T21:00,16.7,11.6,263.0,14.8,8.6,34.0
2024-06-12T22:00,17.1,11.7,268.0,14.6,8.4,30.0
2024-06-12T23:00,16.8,11.6,277.0,14.8,8.6,25.0
2024-06-13T00:00,15.9,10.9,284.0,15.0,9.0,23.0
2024-06-13T01:00,19.2,12.6,293.0,15.2,9.6,23.0
2024-06-13T02:00,19.6,12.9,301.0,15.4,10.4,26.0
2024-06-13T03:00,18.2,12.0,298.0,14.8,11.3,34.0
2024-06-13T04:00,19.2,12.6,275.0,12.6,12.4,51.0
2024-06-13T05:00,21.2,14.1,241.0,9.6,13.6,74.0
2024-06-13T06:00,24.8,16.5,213.0,7.2,14.5,93.0
2024-06-13T07:00,30.0,19.7,197.0,5.8,14.8,105.0
2024-06-13T08:00,27.6,18.4,188.0,5.1,14.8,114.0
2024-06-13T09:00,27.5,18.3,187.0,5.6,14.5,117.0
2024-06-13T10:00,27.1,18.0,199.0,7.9,14.0,112.0
2024-06-13T11:00,26.4,17.5,219.0,11.4,13.2,101.0
2024-06-13T12:00,30.5,19.6,191.0,9.7,15.7,113.0
2024-06-13T13:00,34.0,21.6,211.0,12.1,14.5,101.0
2024-06-13T14:00,30.5,19.5,240.0,15.4,13.0,85.0
2024-06-13T15:00,25.7,17.2,262.0,18.0,11.8,71.0
2024-06-13T16:00,23.3,15.8,273.0,19.1,11.6,62.0
2024-06-13T17:00,23.4,15.9,278.0,19.5,11.8,55.0
2024-06-13T18:00,23.2,15.6,281.0,19.3,11.7,50.0
2024-06-13T19:00,22.8,15.2,281.0,18.3,10.9,47.0
2024-06-13T20:00,22.5,15.0,279.0,16.7,9.9,46.0
2024-06-13T21:00,22.5,14.9,280.0,15.4,9.1,44.0
2024-06-13T22:00,22.5,14.9,286.0,14.8,8.6,40.0
2024-06-13T23:00,22.0,14.7,296.0,14.6,8.4,35.0
2024-06-14T00:00,17.1,11.7,286.0,13.7,8.1,31.0
2024-06-14T01:00,15.5,10.7,288.0,14.2,9.0,33.0
2024-06-14T02:00,15.9,10.8,290.0,14.9,10.4,35.0
2024-06-14T03:00,17.7,11.6,287.0,14.9,11.9,42.0
2024-06-14T04:00,20.4,12.7,274.0,13.7,13.7,54.0
2024-06-14T05:00,25.1,14.7,255.0,11.7,15.7,71.0
2024-06-14T06:00,32.6,17.9,237.0,9.8,16.7,86.0
2024-06-14T07:00,36.7,18.9,220.0,7.6,16.1,102.0
2024-06-14T08:00,37.4,18.5,203.0,5.4,14.5,117.0
2024-06-14T09:00,35.4,17.5,193.0,4.7,13.4,124.0
2024-06-14T10:00,33.5,16.7,187.0,6.3,13.1,118.0
2024-06-14T11:00,31.8,16.3,187.0,9.4,13.3,104.0
2024-06-14T12:00,39.5,20.0,240.0,9.5,9.9,136.0
2024-06-14T13:00,42.8,22.1,307.0,13.5,10.9,129.0
2024-06-14T14:00,48.5,25.5,399.0,18.9,12.4,119.0
2024-06-14T15:00,52.0,27.9,475.0,23.3,14.1,110.0
2024-06-14T16:00,54.1,29.3,,25.5,16.4,103.0
2024-06-14T17:00,56.3,30.7,,26.6,18.9,96.0
2024-06-14T18:00,58.8,32.4,,27.0,20.0,88.0
2024-06-14T19:00,58.9,32.8,,27.3,18.7,75.0
2024-06-14T20:00,53.4,29.3,401.0,26.9,15.9,61.0
2024-06-14T21:00,42.0,22.4,311.0,24.7,13.2,51.0
2024-06-14T22:00,22.5,11.4,236.0,18.9,10.6,50.0
2024-06-14T23:00,15.1,7.6,168.0,11.3,8.1,52.0
2024-06-15T00:00,34.6,16.9,216.0,11.6,15.0,58.0
2024-06-15T01:00,39.7,20.2,261.0,14.1,16.1,56.0
2024-06-15T02:00,46.7,24.9,322.0,17.4,17.7,53.0
2024-06-15T03:00,52.2,28.9,364.0,19.2,19.0,56.0
2024-06-15T04:00,55.1,31.7,370.0,18.2,19.9,69.0
2024-06-15T05:00,54.4,32.0,358.0,15.7,20.5,88.0
2024-06-15T06:00,53.3,31.8,342.0,13.2,20.7,106.0
2024-06-15T07:00,53.3,32.0,323.0,10.8,20.5,121.0
2024-06-15T08:00,53.1,31.9,301.0,8.5,19.8,136.0
2024-06-15T09:00,51.7,30.6,287.0,7.6,18.8,143.0
2024-06-15T10:00,50.9,29.3,285.0,8.7,17.2,141.0
2024-06-15T11:00,49.5,27.7,291.0,11.2,15.3,132.0
2024-06-15T12:00,44.4,24.7,304.0,15.9,10.0,103.0
2024-06-15T13:00,46.2,25.9,358.0,18.4,10.4,96.0
2024-06-15T14:00,48.8,27.1,431.0,21.7,10.9,87.0
2024-06-15T15:00,48.0,26.0,473.0,23.9,11.2,81.0
2024-06-15T16:00,49.8,26.4,453.0,23.9,11.0,82.0
2024-06-15T17:00,51.2,26.7,401.0,22.8,10.7,85.0
2024-06-15T18:00,57.2,28.6,358.0,21.5,10.6,85.0
2024-06-15T19:00,52.9,27.0,340.0,20.3,11.2,77.0
2024-06-15T20:00,48.4,25.0,332.0,18.9,12.1,65.0
2024-06-15T21:00,49.1,26.2,328.0,18.0,12.8,54.0
2024-06-15T22:00,49.0,26.5,327.0,17.9,13.0,46.0
2024-06-15T23:00,48.3,26.3,331.0,18.3,13.0,39.0
2024-06-16T00:00,33.3,19.3,281.0,12.9,10.6,40.0
2024-06-16T01:00,35.7,21.5,334.0,14.2,11.2,47.0
2024-06-16T02:00,39.8,24.9,405.0,15.8,12.0,59.0
2024-06-16T03:00,44.7,28.5,447.0,16.0,12.9,78.0
2024-06-16T04:00,49.7,31.8,431.0,13.5,14.1,111.0
2024-06-16T05:00,55.9,35.4,385.0,9.5,15.3,150.0
2024-06-16T06:00,58.3,36.4,348.0,6.4,15.8,
2024-06-16T07:00,57.9,35.5,334.0,4.8,15.0,
2024-06-16T08:00,57.5,34.5,328.0,3.9,13.4,
2024-06-16T09:00,57.6,32.9,323.0,3.9,12.1,
2024-06-16T10:00,56.3,30.9,317.0,4.9,11.3,
2024-06-16T11:00,55.3,29.5,311.0,6.7,10.6,
2024-06-16T12:00,48.0,24.9,284.0,10.5,8.6,146.0
2024-06-16T13:00,48.8,26.1,281.0,11.3,8.7,138.0
2024-06-16T14:00,47.5,25.6,276.0,12.4,8.8,127.0
2024-06-16T15:00,46.6,25.1,264.0,12.6,8.7,116.0
2024-06-16T16:00,45.4,24.4,236.0,11.0,8.2,105.0
2024-06-16T17:00,41.2,21.9,202.0,8.6,7.4,95.0
2024-06-16T18:00,35.7,19.2,184.0,7.2,7.2,85.0
2024-06-16T19:00,32.9,18.4,198.0,7.9,7.9,77.0
2024-06-16T20:00,35.6,20.8,228.0,9.7,9.0,69.0
2024-06-16T21:00,32.1,19.6,247.0,11.0,9.9,62.0
2024-06-16T22:00,25.4,16.0,241.0,11.2,10.0,54.0
2024-06-16T23:00,21.1,13.6,225.0,11.0,9.9,47.0
2024-06-17T00:00,31.8,19.3,272.0,12.5,11.0,42.0
2024-06-17T01:00,31.8,19.3,288.0,12.9,11.8,45.0
2024-06-17T02:00,32.4,20.0,310.0,13.4,13.0,50.0
2024-06-17T03:00,33.9,21.4,322.0,13.3,14.2,61.0
2024-06-17T04:00,37.3,23.9,317.0,12.0,15.5,82.0
2024-06-17T05:00,42.0,27.3,302.0,10.0,16.7,108.0
2024-06-17T06:00,43.5,27.9,287.0,8.2,17.1,129.0
2024-06-17T07:00,44.2,27.6,273.0,6.6,16.1,141.0
2024-06-17T08:00,44.4,26.7,258.0,5.1,14.3,149.0
2024-06-17T09:00,43.5,24.8,245.0,4.4,12.7,151.0
2024-06-17T10:00,43.7,23.9,236.0,5.0,11.8,147.0
2024-06-17T11:00,44.8,24.2,230.0,6.3,11.2,138.0
2024-06-17T12:00,41.1,22.0,214.0,7.2,7.6,123.0
2024-06-17T13:00,44.5,24.4,213.0,7.8,7.6,118.0
2024-06-17T14:00,46.4,25.1,210.0,8.7,7.6,111.0
2024-06-17T15:00,45.8,24.2,204.0,9.2,7.5,103.0
2024-06-17T16:00,40.3,21.0,189.0,8.8,7.2,92.0
2024-06-17T17:00,34.2,17.9,171.0,8.0,6.9,80.0
2024-06-17T18:00,27.4,14.8,164.0,7.8,7.2,70.0
2024-06-17T19:00,28.2,16.1,178.0,8.7,8.7,65.0
2024-06-17T20:00,29.9,17.9,203.0,10.1,10.7,63.0
2024-06-17T21:00,29.7,18.3,224.0,11.3,12.2,61.0
2024-06-17T22:00,28.8,18.3,232.0,11.8,12.5,57.0
2024-06-17T23:00,27.8,18.0,236.0,12.0,12.2,53.0
2024-06-18T00:00,32.5,20.7,252.0,12.1,12.9,50.0
2024-06-18T01:00,31.4,20.3,253.0,12.2,12.9,55.0
2024-06-18T02:00,30.9,20.2,254.0,12.3,13.0,61.0
2024-06-18T03:00,30.2,20.0,255.0,11.9,13.4,72.0
2024-06-18T04:00,31.4,21.2,257.0,10.8,14.6,88.0
2024-06-18T05:00,34.5,23.5,260.0,9.3,16.2,108.0
2024-06-18T06:00,39.0,26.5,261.0,7.8,16.8,126.0
2024-06-18T07:00,41.3,27.6,259.0,6.1,15.4,142.0
2024-06-18T08:00,41.8,27.1,255.0,4.4,13.1,156.0
2024-06-18T09:00,40.9,25.6,250.0,3.5,11.3,164.0
2024-06-18T10:00,39.6,23.9,245.0,4.0,10.7,163.0
2024-06-18T11:00,39.1,22.8,239.0,5.3,10.7,155.0
2024-06-18T12:00,38.9,22.7,247.0,7.9,9.3,128.0
2024-06-18T13:00,41.9,23.6,241.0,8.1,8.9,123.0
2024-06-18T14:00,43.5,24.4,234.0,8.4,8.3,116.0
2024-06-18T15:00,38.3,21.4,227.0,8.9,7.9,106.0
2024-06-18T16:00,27.5,16.1,223.0,9.8,8.1,91.0
2024-06-18T17:00,22.8,14.4,221.0,10.9,8.5,74.0
2024-06-18T18:00,20.0,13.0,217.0,11.5,8.7,61.0
2024-06-18T19:00,18.6,12.3,209.0,11.0,8.4,55.0
2024-06-18T20:00,17.3,11.5,199.0,10.0,7.9,52.0
2024-06-18T21:00,15.5,10.4,193.0,9.3,7.6,50.0
2024-06-18T22:00,13.5,9.0,189.0,9.2,7.6,48.0
2024-06-18T23:00,13.5,9.1,187.0,9.4,7.9,46.0
2024-06-19T00:00,20.7,13.8,214.0,9.5,9.6,48.0
2024-06-19T01:00,21.0,14.0,230.0,10.2,10.2,47.0
2024-06-19T02:00,22.0,14.6,251.0,11.0,11.1,48.0
2024-06-19T03:00,24.5,15.5,262.0,11.1,11.9,53.0
2024-06-19T04:00,30.5,17.8,252.0,9.8,12.5,68.0
2024-06-19T05:00,34.8,18.1,232.0,7.8,13.0,89.0
2024-06-19T06:00,35.9,17.0,217.0,6.1,13.2,107.0
2024-06-19T07:00,39.2,18.6,213.0,5.1,13.0,119.0
2024-06-19T08:00,41.9,20.1,214.0,4.4,12.4,129.0
2024-06-19T09:00,44.8,21.6,216.0,4.3,12.0,134.0
2024-06-19T10:00,47.5,23.1,217.0,5.0,11.8,134.0
2024-06-19T11:00,49.6,24.3,219.0,6.4,11.7,130.0
2024-06-19T12:00,47.4,23.8,223.0,8.0,12.5,124.0
2024-06-19T13:00,46.8,24.7,228.0,9.3,11.3,116.0
2024-06-19T14:00,47.4,25.3,234.0,11.0,9.8,104.0
2024-06-19T15:00,38.9,21.5,240.0,12.4,8.9,93.0
2024-06-19T16:00,33.4,19.8,246.0,13.2,9.5,84.0
2024-06-19T17:00,30.0,19.0,252.0,13.6,10.9,75.0
2024-06-19T18:00,28.8,18.9,254.0,13.5,11.6,67.0
2024-06-19T19:00,27.2,18.1,247.0,12.7,11.0,61.0
2024-06-19T20:00,25.5,16.9,236.0,11.4,9.9,56.0
2024-06-19T21:00,24.4,16.1,229.0,10.6,9.1,51.0
2024-06-19T22:00,23.7,15.5,230.0,10.5,9.1,46.0
2024-06-19T23:00,23.2,15.2,237.0,10.9,9.5,41.0
2024-06-20T00:00,24.3,15.9,240.0,11.2,10.9,42.0
2024-06-20T01:00,24.1,16.0,257.0,11.5,11.6,45.0
2024-06-20T02:00,24.7,16.6,279.0,11.9,12.6,49.0
2024-06-20T03:00,26.0,17.5,292.0,11.4,13.4,61.0
2024-06-20T04:00,28.7,19.2,287.0,9.4,13.9,86.0
2024-06-20T05:00,32.1,21.1,272.0,6.7,14.2,118.0
2024-06-20T06:00,33.8,21.1,257.0,4.5,14.0,142.0
2024-06-20T07:00,34.6,20.1,244.0,3.3,13.1,153.0
2024-06-20T08:00,34.5,18.9,232.0,2.7,11.7,155.0
2024-06-20T09:00,36.3,18.3,224.0,3.0,10.7,153.0
2024-06-20T10:00,34.6,18.3,222.0,4.7,10.5,144.0
2024-06-20T11:00,35.6,18.7,225.0,7.3,10.6,130.0
2024-06-20T12:00,39.2,19.8,241.0,10.3,10.2,111.0
2024-06-20T13:00,38.3,21.2,267.0,13.6,11.0,100.0
2024-06-20T14:00,38.6,22.8,301.0,18.0,12.1,84.0
2024-06-20T15:00,38.3,23.2,323.0,20.7,12.9,72.0
2024-06-20T16:00,38.0,23.1,319.0,20.0,13.3,69.0
2024-06-20T17:00,37.4,22.6,301.0,17.5,13.5,69.0
2024-06-20T18:00,36.2,21.8,287.0,15.3,13.3,68.0
2024-06-20T19:00,34.2,20.7,281.0,14.2,12.6,63.0
2024-06-20T20:00,32.8,20.1,277.0,13.4,11.6,57.0
2024-06-20T21:00,31.1,19.5,277.0,13.0,10.8,50.0
2024-06-20T22:00,29.6,18.7,283.0,13.3,10.2,42.0
2024-06-20T23:00,28.2,17.6,292.0,13.9,9.9,33.0
2024-06-21T00:00,25.6,14.5,262.0,12.7,8.7,31.0
2024-06-21T01:00,25.2,13.4,259.0,12.5,9.3,33.0
2024-06-21T02:00,26.5,13.7,255.0,12.1,10.1,37.0
2024-06-21T03:00,28.1,14.2,247.0,11.2,10.9,46.0
2024-06-21T04:00,29.9,15.3,233.0,9.5,11.9,64.0
2024-06-21T05:00,30.6,15.7,215.0,7.4,13.0,87.0
2024-06-21T06:00,32.4,16.2,202.0,5.6,13.5,107.0
2024-06-21T07:00,34.3,16.6,195.0,4.3,12.7,122.0
2024-06-21T08:00,38.3,17.7,192.0,3.3,11.3,134.0
2024-06-21T09:00,39.8,18.3,193.0,3.2,10.6,141.0
2024-06-21T10:00,51.2,21.2,197.0,4.2,11.4,144.0
2024-06-21T11:00,51.7,21.9,205.0,6.1,12.8,143.0
2024-06-21T12:00,44.2,20.8,230.0,9.6,7.6,119.0
2024-06-21T13:00,47.7,23.0,276.0,14.2,9.1,109.0
2024-06-21T14:00,52.4,25.3,338.0,20.5,11.3,96.0
2024-06-21T15:00,54.0,25.6,376.0,24.6,12.9,85.0
2024-06-21T16:00,53.6,24.2,363.0,24.3,13.6,80.0
2024-06-21T17:00,55.4,23.5,327.0,21.8,13.9,76.0
2024-06-21T18:00,58.6,24.3,305.0,20.0,13.8,72.0
2024-06-21T19:00,59.5,25.1,320.0,20.3,13.3,65.0
2024-06-21T20:00,58.1,25.5,351.0,21.2,12.4,56.0
2024-06-21T21:00,53.3,25.1,370.0,21.7,11.5,47.0
2024-06-21T22:00,49.7,26.2,367.0,21.2,10.6,37.0
2024-06-21T23:00,39.2,22.4,352.0,20.2,9.7,28.0
2024-06-22T00:00,35.4,19.8,334.0,16.7,9.1,29.0
2024-06-22T01:00,28.2,16.6,323.0,16.3,9.5,30.0
2024-06-22T02:00,24.4,14.8,308.0,15.6,10.1,32.0
2024-06-22T03:00,22.5,13.0,288.0,14.6,11.0,37.0
2024-06-22T04:00,22.5,12.4,261.0,13.0,12.7,48.0
2024-06-22T05:00,25.1,13.4,231.0,11.0,14.8,63.0
2024-06-22T06:00,29.9,15.6,208.0,9.1,16.2,79.0
2024-06-22T07:00,32.5,16.0,198.0,7.3,16.3,97.0
2024-06-22T08:00,35.4,16.5,196.0,5.6,15.6,116.0
2024-06-22T09:00,37.6,15.8,197.0,4.8,14.7,129.0
2024-06-22T10:00,40.0,14.8,199.0,5.4,13.8,132.0
2024-06-22T11:00,43.4,15.5,204.0,6.8,12.7,128.0
2024-06-22T12:00,50.8,15.7,222.0,13.2,11.2,90.0
2024-06-22T13:00,45.8,17.6,232.0,13.0,10.4,95.0
2024-06-22T14:00,42.7,19.4,244.0,12.6,9.4,102.0
2024-06-22T15:00,41.6,20.4,246.0,11.8,8.4,105.0
2024-06-22T16:00,41.0,20.4,227.0,10.0,7.4,101.0
2024-06-22T17:00,36.8,17.9,198.0,7.7,6.5,92.0
2024-06-22T18:00,35.0,16.5,178.0,6.4,6.6,83.0
2024-06-22T19:00,33.6,16.3,175.0,7.0,8.4,75.0
2024-06-22T20:00,30.0,15.9,181.0,8.6,11.0,66.0
2024-06-22T21:00,26.2,15.3,191.0,10.1,13.1,58.0
2024-06-22T22:00,24.7,15.5,203.0,11.3,13.9,49.0
2024-06-22T23:00,23.0,15.0,218.0,12.5,14.1,40.0
2024-06-23T00:00,32.6,16.1,201.0,11.2,12.4,38.0
2024-06-23T01:00,30.3,15.7,208.0,11.1,12.3,40.0
2024-06-23T02:00,27.4,15.4,217.0,10.8,12.2,43.0
2024-06-23T03:00,23.8,14.3,221.0,10.2,12.5,51.0
2024-06-23T04:00,22.9,14.3,216.0,9.0,13.6,67.0
2024-06-23T05:00,24.9,14.8,206.0,7.5,15.1,87.0
2024-06-23T06:00,26.2,14.9,198.0,6.2,15.9,105.0
2024-06-23T07:00,27.0,14.6,194.0,5.0,15.5,120.0
2024-06-23T08:00,27.3,14.3,192.0,3.9,14.4,133.0
2024-06-23T09:00,28.1,14.7,191.0,3.5,13.1,139.0
2024-06-23T10:00,28.2,14.7,191.0,4.2,11.4,134.0
2024-06-23T11:00,28.3,15.1,192.0,5.6,9.4,121.0
2024-06-23T12:00,38.1,21.6,197.0,7.4,8.5,98.0
2024-06-23T13:00,39.9,23.1,215.0,9.8,9.0,94.0
2024-06-23T14:00,43.9,25.6,239.0,13.1,9.7,87.0
2024-06-23T15:00,44.7,25.8,254.0,15.3,10.1,81.0
2024-06-23T16:00,42.5,24.4,251.0,15.3,9.9,75.0
2024-06-23T17:00,38.8,22.6,240.0,14.3,9.5,70.0
2024-06-23T18:00,35.9,21.7,233.0,13.4,9.2,64.0
2024-06-23T19:00,33.4,21.0,238.0,13.1,9.2,58.0
2024-06-23T20:00,31.5,20.6,247.0,13.0,9.3,51.0
2024-06-23T21:00,28.6,19.3,251.0,12.7,9.6,46.0
2024-06-23T22:00,25.9,17.9,244.0,11.9,10.0,44.0
2024-06-23T23:00,23.5,16.5,232.0,11.0,10.5,43.0
2024-06-24T00:00,17.3,12.1,177.0,8.4,9.8,46.0
2024-06-24T01:00,15.6,11.0,188.0,9.3,10.8,44.0
2024-06-24T02:00,15.2,10.8,203.0,10.5,12.2,43.0
2024-06-24T03:00,15.3,10.8,212.0,10.9,13.2,47.0
2024-06-24T04:00,15.8,11.1,210.0,9.6,13.4,61.0
2024-06-24T05:00,17.8,12.4,202.0,7.5,13.2,80.0
2024-06-24T06:00,19.0,13.1,195.0,5.7,12.7,96.0
2024-06-24T07:00,19.5,13.2,189.0,4.5,11.9,108.0
2024-06-24T08:00,20.2,13.4,183.0,3.7,10.8,118.0
2024-06-24T09:00,21.2,13.8,181.0,3.6,9.8,123.0
2024-06-24T10:00,21.3,13.4,184.0,4.6,8.6,122.0
2024-06-24T11:00,22.6,13.5,191.0,6.5,7.5,116.0
2024-06-24T12:00,33.6,20.3,192.0,7.6,8.1,105.0
2024-06-24T13:00,39.1,23.1,199.0,8.8,7.8,100.0
2024-06-24T14:00,42.5,24.9,209.0,10.4,7.4,94.0
2024-06-24T15:00,40.7,23.9,217.0,11.7,7.2,86.0
2024-06-24T16:00,36.8,21.9,222.0,12.3,7.3,76.0
2024-06-24T17:00,32.9,20.0,225.0,12.6,7.6,65.0
2024-06-24T18:00,30.7,19.3,226.0,12.6,7.9,56.0
2024-06-24T19:00,28.3,18.1,226.0,12.3,8.2,51.0
2024-06-24T20:00,26.0,16.8,224.0,11.7,8.6,48.0
2024-06-24T21:00,23.4,15.3,220.0,11.2,8.8,45.0
2024-06-24T22:00,20.8,13.7,212.0,10.7,8.8,42.0
2024-06-24T23:00,18.2,12.0,201.0,10.3,8.6,38.0
2024-06-25T00:00,14.7,9.0,175.0,10.3,8.0,31.0
2024-06-25T01:00,12.2,7.5,185.0,10.6,8.8,31.0
2024-06-25T02:00,11.2,7.4,198.0,10.9,10.0,32.0
2024-06-25T03:00,11.3,7.8,206.0,10.6,10.9,39.0
2024-06-25T04:00,13.9,9.5,206.0,8.9,11.4,60.0
2024-06-25T05:00,18.9,12.9,201.0,6.6,11.7,87.0
2024-06-25T06:00,20.9,13.8,194.0,4.7,11.5,108.0
2024-06-25T07:00,22.2,13.6,185.0,3.6,10.5,116.0
2024-06-25T08:00,23.2,13.2,175.0,3.0,9.1,117.0
2024-06-25T09:00,24.7,13.3,169.0,3.0,8.0,116.0
2024-06-25T10:00,29.2,15.3,167.0,3.6,7.6,115.0
2024-06-25T11:00,32.2,16.8,169.0,4.8,7.6,112.0
2024-06-25T12:00,28.4,15.4,199.0,8.6,7.0,98.0
2024-06-25T13:00,33.1,18.0,208.0,10.7,7.6,87.0
2024-06-25T14:00,29.3,16.2,220.0,13.5,8.4,72.0
2024-06-25T15:00,24.9,14.5,226.0,15.3,9.0,60.0
2024-06-25T16:00,18.3,11.3,221.0,15.0,9.0,54.0
2024-06-25T17:00,16.4,10.4,211.0,13.7,8.7,50.0
2024-06-25T18:00,16.4,10.4,204.0,12.6,8.5,46.0
2024-06-25T19:00,17.5,10.9,206.0,12.4,8.4,41.0
2024-06-25T20:00,19.3,11.6,212.0,12.5,8.3,37.0
2024-06-25T21:00,20.7,12.0,216.0,12.5,8.3,33.0
2024-06-25T22:00,19.8,11.5,213.0,12.3,8.4,30.0
2024-06-25T23:00,17.7,10.6,207.0,12.0,8.5,27.0
2024-06-26T00:00,10.2,6.7,176.0,10.0,8.0,28.0
2024-06-26T01:00,11.4,7.2,196.0,10.8,8.8,27.0
2024-06-26T02:00,13.2,8.3,222.0,11.8,9.8,27.0
2024-06-26T03:00,14.8,9.5,237.0,12.1,10.7,32.0
2024-06-26T04:00,15.6,10.4,230.0,10.9,11.3,47.0
2024-06-26T05:00,16.7,11.5,211.0,8.9,11.8,67.0
2024-06-26T06:00,16.8,11.5,194.0,7.2,11.6,83.0
2024-06-26T07:00,16.0,10.9,181.0,5.9,10.3,90.0
2024-06-26T08:00,14.8,9.8,171.0,4.9,8.3,93.0
2024-06-26T09:00,14.3,9.1,169.0,5.0,7.0,92.0
2024-06-26T10:00,16.2,9.4,182.0,7.1,6.8,87.0
2024-06-26T11:00,20.1,11.4,204.0,10.3,7.2,78.0
2024-06-26T12:00,25.3,17.0,265.0,21.7,13.3,57.0
2024-06-26T13:00,22.8,15.2,271.0,22.8,13.9,51.0
2024-06-26T14:00,24.3,16.5,280.0,24.2,14.6,42.0
2024-06-26T15:00,24.0,16.3,282.0,24.2,14.7,36.0
2024-06-26T16:00,23.4,15.7,273.0,21.7,13.3,36.0
2024-06-26T17:00,22.9,15.2,258.0,17.9,11.3,38.0
2024-06-26T18:00,22.2,14.6,243.0,14.7,9.8,40.0
2024-06-26T19:00,21.2,13.8,228.0,12.8,9.5,40.0
2024-06-26T20:00,18.5,11.8,214.0,11.5,9.8,39.0
2024-06-26T21:00,15.3,9.7,202.0,10.6,10.0,38.0
2024-06-26T22:00,14.8,9.5,194.0,10.0,9.8,36.0
2024-06-26T23:00,12.5,8.3,189.0,9.9,9.6,32.0
2024-06-27T00:00,13.7,8.6,192.0,10.5,9.8,30.0
2024-06-27T01:00,11.8,7.7,207.0,11.5,10.5,29.0
2024-06-27T02:00,11.9,8.0,227.0,12.8,11.4,29.0
2024-06-27T03:00,12.4,8.5,237.0,13.0,12.0,33.0
2024-06-27T04:00,14.0,9.5,228.0,11.3,12.3,46.0
2024-06-27T05:00,15.9,10.7,209.0,8.5,12.2,64.0
2024-06-27T06:00,16.2,10.9,192.0,6.2,11.7,79.0
2024-06-27T07:00,14.5,9.6,178.0,4.6,10.2,89.0
2024-06-27T08:00,13.2,8.9,165.0,3.4,8.1,95.0
2024-06-27T09:00,12.5,8.6,159.0,3.4,6.6,97.0
2024-06-27T10:00,12.2,8.4,162.0,5.0,6.3,93.0
2024-06-27T11:00,12.1,8.3,172.0,7.7,6.5,85.0
2024-06-27T12:00,17.3,11.6,199.0,13.2,7.8,65.0
2024-06-27T13:00,18.2,12.0,214.0,14.6,8.2,61.0
2024-06-27T14:00,19.7,12.8,233.0,16.6,8.7,55.0
2024-06-27T15:00,19.8,12.9,246.0,17.6,8.9,50.0
2024-06-27T16:00,18.8,12.3,245.0,16.9,8.5,46.0
2024-06-27T17:00,18.0,11.6,238.0,15.4,7.9,42.0
2024-06-27T18:00,15.9,10.4,228.0,13.9,7.4,39.0
2024-06-27T19:00,13.7,9.1,216.0,12.8,7.4,35.0
2024-06-27T20:00,11.9,8.0,203.0,11.9,7.5,32.0
2024-06-27T21:00,9.7,6.6,193.0,11.3,7.8,29.0
2024-06-27T22:00,9.0,6.0,188.0,11.2,8.2,27.0
2024-06-27T23:00,9.1,6.0,188.0,11.3,8.7,25.0
2024-06-28T00:00,11.4,7.8,208.0,11.8,8.6,24.0
2024-06-28T01:00,12.9,8.6,223.0,11.9,9.5,27.0
2024-06-28T02:00,15.3,10.2,242.0,11.9,10.7,33.0
2024-06-28T03:00,16.6,11.0,250.0,11.3,11.7,43.0
2024-06-28T04:00,18.3,12.0,237.0,9.4,12.4,63.0
2024-06-28T05:00,20.1,12.9,214.0,6.9,12.8,88.0
2024-06-28T06:00,20.8,13.0,194.0,4.8,12.6,107.0
2024-06-28T07:00,21.4,12.7,183.0,3.6,11.2,116.0
2024-06-28T08:00,21.6,12.0,175.0,2.9,9.2,120.0
2024-06-28T09:00,25.9,13.4,170.0,2.8,7.7,121.0
2024-06-28T10:00,32.0,15.8,168.0,3.5,7.4,120.0
2024-06-28T11:00,35.9,17.8,169.0,4.9,7.6,116.0
2024-06-28T12:00,38.0,18.8,179.0,7.9,7.1,99.0
2024-06-28T13:00,38.1,19.5,181.0,7.6,6.7,101.0
2024-06-28T14:00,34.3,17.7,184.0,7.1,6.2,103.0
2024-06-28T15:00,30.3,15.6,182.0,6.7,5.7,101.0
2024-06-28T16:00,26.3,13.6,169.0,6.2,5.1,93.0
2024-06-28T17:00,24.4,12.7,151.0,5.8,4.4,82.0
2024-06-28T18:00,24.9,12.9,140.0,5.7,4.2,72.0
2024-06-28T19:00,25.7,13.2,140.0,6.2,4.7,65.0
2024-06-28T20:00,25.5,13.2,147.0,7.2,5.7,59.0
2024-06-28T21:00,23.9,12.7,157.0,8.2,6.7,53.0
2024-06-28T22:00,22.5,12.2,171.0,9.4,7.6,46.0
2024-06-28T23:00,21.6,12.2,188.0,10.8,8.7,39.0
2024-06-29T00:00,21.4,12.7,225.0,12.0,8.5,34.0
2024-06-29T01:00,21.0,12.7,231.0,11.9,9.8,36.0
2024-06-29T02:00,21.6,13.2,238.0,11.7,11.6,38.0
2024-06-29T03:00,21.2,12.6,239.0,11.0,13.0,46.0
2024-06-29T04:00,20.7,12.2,228.0,9.4,13.7,62.0
2024-06-29T05:00,22.2,13.5,212.0,7.3,14.1,83.0
2024-06-29T06:00,23.8,14.3,198.0,5.6,13.7,100.0
2024-06-29T07:00,25.7,14.7,191.0,4.4,12.2,112.0
2024-06-29T08:00,28.1,14.7,187.0,3.5,10.0,121.0
2024-06-29T09:00,32.1,16.2,184.0,3.1,8.4,126.0
2024-06-29T10:00,37.7,18.5,180.0,3.6,8.0,125.0
2024-06-29T11:00,39.6,19.3,176.0,4.7,8.2,120.0
2024-06-29T12:00,38.5,19.1,169.0,5.6,7.4,109.0
2024-06-29T13:00,39.1,19.5,170.0,5.9,6.9,104.0
2024-06-29T14:00,34.7,17.3,170.0,6.4,6.1,96.0
2024-06-29T15:00,30.3,15.1,168.0,6.6,5.5,88.0
2024-06-29T16:00,26.8,13.6,160.0,6.3,5.1,81.0
2024-06-29T17:00,23.9,12.1,149.0,5.9,4.8,74.0
2024-06-29T18:00,23.1,11.7,143.0,5.8,5.0,68.0
2024-06-29T19:00,23.3,11.9,149.0,6.4,5.8,64.0
2024-06-29T20:00,23.6,12.2,161.0,7.4,7.0,60.0
2024-06-29T21:00,22.9,12.1,168.0,8.2,8.2,57.0
2024-06-29T22:00,21.9,11.7,163.0,8.5,9.0,53.0
2024-06-29T23:00,21.3,11.4,154.0,8.6,9.8,48.0
2024-06-30T00:00,23.7,12.8,183.0,9.8,11.8,47.0
2024-06-30T01:00,23.4,12.4,186.0,11.0,13.0,46.0
2024-06-30T02:00,26.3,13.2,189.0,12.7,14.7,44.0
2024-06-30T03:00,26.7,13.4,191.0,13.5,15.8,44.0
2024-06-30T04:00,25.4,13.3,190.0,12.8,15.9,47.0
2024-06-30T05:00,25.4,13.2,187.0,11.4,15.5,51.0
2024-06-30T06:00,26.9,13.2,184.0,9.9,14.9,57.0
2024-06-30T07:00,25.8,12.7,180.0,8.5,14.1,66.0
2024-06-30T08:00,27.2,13.5,176.0,7.2,13.1,76.0
2024-06-30T09:00,27.2,13.8,173.0,6.4,12.2,83.0
2024-06-30T10:00,27.0,13.8,173.0,6.6,11.5,86.0
2024-06-30T11:00,27.0,13.9,175.0,7.3,10.9,86.0
2024-06-30T12:00,29.6,16.2,194.0,12.5,17.8,84.0
2024-06-30T13:00,35.0,17.7,191.0,11.4,14.5,82.0
2024-06-30T14:00,37.3,18.9,186.0,9.8,10.0,80.0
2024-06-30T15:00,39.3,19.7,182.0,8.6,6.9,79.0
2024-06-30T16:00,38.1,19.0,180.0,8.0,6.6,80.0
2024-06-30T17:00,34.3,17.4,179.0,7.7,7.7,82.0
2024-06-30T18:00,32.8,17.5,180.0,7.7,9.1,81.0
2024-06-30T19:00,32.6,17.8,184.0,8.1,10.4,75.0
2024-06-30T20:00,28.7,16.1,190.0,8.8,11.8,66.0
2024-06-30T21:00,25.3,14.9,195.0,9.5,13.1,58.0
2024-06-30T22:00,24.4,14.7,197.0,9.9,14.1,53.0
2024-06-30T23:00,24.4,14.9,197.0,10.2,14.8,50.0
2024-07-01T00:00,14.9,8.9,168.0,8.0,8.0,49.0
2024-07-01T01:00,15.0,9.0,174.0,9.3,8.9,47.0
2024-07-01T02:00,14.6,8.8,183.0,11.0,10.1,44.0
2024-07-01T03:00,14.0,8.5,189.0,11.9,11.4,45.0
2024-07-01T04:00,13.7,8.6,191.0,11.4,13.0,53.0
2024-07-01T05:00,15.1,9.7,191.0,10.0,14.7,64.0
2024-07-01T06:00,16.4,10.7,188.0,8.5,15.2,76.0
2024-07-01T07:00,16.5,10.5,180.0,6.5,13.5,89.0
2024-07-01T08:00,19.3,10.9,169.0,4.3,10.6,102.0
2024-07-01T09:00,20.4,11.4,163.0,3.2,8.7,111.0
2024-07-01T10:00,21.9,12.3,166.0,3.8,8.7,114.0
2024-07-01T11:00,23.8,13.5,174.0,5.5,9.6,113.0
2024-07-01T12:00,26.7,16.1,220.0,13.6,12.5,82.0
2024-07-01T13:00,29.1,17.6,239.0,14.5,11.9,84.0
2024-07-01T14:00,31.8,18.7,264.0,15.7,11.1,88.0
2024-07-01T15:00,36.9,21.0,276.0,16.0,10.3,88.0
2024-07-01T16:00,37.6,21.2,262.0,14.4,9.7,84.0
2024-07-01T17:00,33.4,18.7,235.0,11.8,9.1,77.0
2024-07-01T18:00,29.0,16.2,212.0,9.9,8.7,69.0
2024-07-01T19:00,25.0,14.3,200.0,9.3,8.3,61.0
2024-07-01T20:00,25.0,13.3,192.0,9.4,8.0,51.0
2024-07-01T21:00,21.4,12.1,188.0,9.6,8.1,44.0
2024-07-01T22:00,18.4,11.1,187.0,9.8,8.7,39.0
2024-07-01T23:00,18.0,11.0,190.0,10.2,9.6,36.0
2024-07-02T00:00,19.9,12.7,216.0,11.6,10.5,33.0
2024-07-02T01:00,20.8,13.1,227.0,12.0,11.6,34.0
2024-07-02T02:00,22.1,13.9,241.0,12.5,13.1,36.0
2024-07-02T03:00,22.9,14.5,247.0,12.2,14.1,42.0
2024-07-02T04:00,23.5,14.8,236.0,10.3,14.1,57.0
2024-07-02T05:00,23.3,14.6,217.0,7.7,13.6,76.0
2024-07-02T06:00,23.5,14.0,201.0,5.6,12.9,92.0
2024-07-02T07:00,23.8,13.4,193.0,4.5,12.1,102.0
2024-07-02T08:00,25.6,13.7,188.0,4.0,11.0,109.0
2024-07-02T09:00,27.9,12.9,188.0,4.4,10.2,112.0
2024-07-02T10:00,30.6,13.6,197.0,6.2,9.6,109.0
2024-07-02T11:00,33.8,14.8,211.0,8.9,9.1,101.0
2024-07-02T12:00,34.1,17.4,230.0,11.8,7.2,93.0
2024-07-02T13:00,36.8,19.2,229.0,12.0,8.2,92.0
2024-07-02T14:00,37.5,19.6,226.0,12.3,9.6,91.0
2024-07-02T15:00,37.6,19.4,223.0,12.0,10.2,90.0
2024-07-02T16:00,36.8,18.9,216.0,10.4,9.1,89.0
2024-07-02T17:00,35.3,18.3,208.0,8.2,7.2,89.0
2024-07-02T18:00,33.4,17.9,207.0,7.0,6.1,85.0
2024-07-02T19:00,32.5,18.1,219.0,7.6,6.6,76.0
2024-07-02T20:00,30.9,17.5,237.0,9.3,7.9,65.0
2024-07-02T21:00,30.5,17.7,252.0,10.8,9.0,54.0
2024-07-02T22:00,29.8,17.6,259.0,12.0,9.6,45.0
2024-07-02T23:00,28.0,16.6,262.0,13.1,10.1,37.0
2024-07-03T00:00,25.3,15.3,271.0,14.2,10.7,31.0
2024-07-03T01:00,23.5,14.3,270.0,13.7,11.2,33.0
2024-07-03T02:00,22.9,14.1,268.0,12.9,12.0,35.0
2024-07-03T03:00,22.2,13.5,261.0,11.7,12.6,43.0
2024-07-03T04:00,22.4,13.2,243.0,10.0,13.3,59.0
2024-07-03T05:00,25.0,14.2,220.0,7.9,13.8,79.0
2024-07-03T06:00,26.7,14.6,202.0,6.1,13.5,97.0
2024-07-03T07:00,27.8,14.6,193.0,4.5,11.5,111.0
2024-07-03T08:00,28.6,14.4,189.0,3.2,8.7,123.0
2024-07-03T09:00,29.6,14.1,189.0,2.8,6.7,130.0
2024-07-03T10:00,33.1,15.5,191.0,3.6,6.2,129.0
2024-07-03T11:00,37.4,17.9,196.0,5.4,6.5,123.0
2024-07-03T12:00,30.4,15.1,195.0,6.4,5.7,108.0
2024-07-03T13:00,34.3,17.4,239.0,12.5,7.7,99.0
2024-07-03T14:00,36.8,18.9,299.0,20.7,10.5,87.0
2024-07-03T15:00,41.3,22.0,342.0,26.3,12.6,77.0
2024-07-03T16:00,43.3,23.0,354.0,26.7,13.3,74.0
2024-07-03T17:00,43.5,23.0,348.0,24.5,13.2,73.0
2024-07-03T18:00,40.9,21.5,336.0,22.0,13.0,71.0
2024-07-03T19:00,40.4,21.0,315.0,19.9,12.8,65.0
2024-07-03T20:00,37.6,19.1,288.0,17.6,12.5,58.0
2024-07-03T21:00,34.8,17.2,267.0,15.7,12.2,52.0
2024-07-03T22:00,33.8,16.5,256.0,14.5,12.0,47.0
2024-07-03T23:00,34.2,16.8,253.0,13.7,11.8,43.0
2024-07-04T00:00,28.6,13.1,193.0,10.0,11.2,47.0
2024-07-04T01:00,30.0,14.3,222.0,11.4,11.6,46.0
2024-07-04T02:00,32.1,16.7,260.0,13.2,12.2,44.0
2024-07-04T03:00,31.9,18.0,284.0,14.3,12.9,45.0
2024-07-04T04:00,29.0,17.4,278.0,14.2,14.1,48.0
2024-07-04T05:00,26.1,16.0,258.0,13.4,15.5,54.0
2024-07-04T06:00,26.1,16.1,239.0,12.0,16.1,64.0
2024-07-04T07:00,27.0,16.5,228.0,9.5,15.3,85.0
2024-07-04T08:00,27.9,16.8,219.0,6.6,13.8,110.0
2024-07-04T09:00,29.4,17.3,214.0,4.8,12.1,127.0
2024-07-04T10:00,30.9,17.5,213.0,5.3,10.3,127.0
2024-07-04T11:00,31.3,16.5,215.0,7.0,8.4,117.0
2024-07-04T12:00,36.9,19.3,212.0,8.2,10.7,117.0
2024-07-04T13:00,40.7,21.2,222.0,9.8,10.0,109.0
2024-07-04T14:00,45.5,23.8,235.0,12.0,9.1,98.0
2024-07-04T15:00,48.8,25.0,244.0,13.3,8.2,89.0
2024-07-04T16:00,50.3,25.3,245.0,12.7,7.4,87.0
2024-07-04T17:00,50.4,25.3,242.0,11.2,6.8,88.0
2024-07-04T18:00,50.6,26.0,240.0,10.3,6.5,85.0
2024-07-04T19:00,47.5,25.1,242.0,10.7,6.8,72.0
2024-07-04T20:00,39.9,21.5,245.0,11.7,7.4,55.0
2024-07-04T21:00,31.4,18.2,246.0,12.4,8.3,43.0
2024-07-04T22:00,30.3,17.2,240.0,12.0,9.5,40.0
2024-07-04T23:00,32.4,17.5,232.0,11.3,10.9,42.0
2024-07-05T00:00,36.2,17.8,227.0,11.6,13.8,43.0
2024-07-05T01:00,36.1,18.0,230.0,11.9,15.2,45.0
2024-07-05T02:00,36.7,18.0,235.0,12.3,17.0,48.0
2024-07-05T03:00,37.8,18.7,238.0,12.1,18.3,55.0
2024-07-05T04:00,39.3,19.6,239.0,10.8,18.6,70.0
2024-07-05T05:00,39.7,19.9,238.0,8.9,18.3,89.0
2024-07-05T06:00,40.3,20.4,234.0,7.1,17.5,106.0
2024-07-05T07:00,41.4,20.4,225.0,5.6,15.8,118.0
2024-07-05T08:00,41.7,20.3,213.0,4.3,13.5,127.0
2024-07-05T09:00,42.7,20.6,204.0,3.6,11.6,132.0
2024-07-05T10:00,43.1,20.9,197.0,3.8,10.3,130.0
2024-07-05T11:00,44.0,21.3,192.0,4.6,9.3,123.0
2024-07-05T12:00,38.4,19.7,201.0,8.2,9.3,102.0
2024-07-05T13:00,38.8,20.5,222.0,10.9,9.8,96.0
2024-07-05T14:00,40.3,21.8,250.0,14.6,10.5,89.0
2024-07-05T15:00,40.7,21.7,267.0,16.8,10.7,81.0
2024-07-05T16:00,39.8,20.4,265.0,16.0,9.9,75.0
2024-07-05T17:00,38.3,19.3,252.0,13.7,8.7,69.0
2024-07-05T18:00,34.0,17.1,237.0,11.6,7.7,63.0
2024-07-05T19:00,28.8,14.7,220.0,10.4,7.2,55.0
2024-07-05T20:00,25.8,13.3,201.0,9.5,7.0,47.0
2024-07-05T21:00,33.3,15.4,187.0,9.0,7.1,41.0
2024-07-05T22:00,31.7,15.0,179.0,9.0,7.6,37.0
2024-07-05T23:00,29.5,14.4,176.0,9.4,8.3,35.0
2024-07-06T00:00,33.9,15.3,163.0,8.2,8.6,38.0
2024-07-06T01:00,27.9,13.5,175.0,9.6,9.0,35.0
2024-07-06T02:00,23.1,12.3,191.0,11.6,9.7,31.0
2024-07-06T03:00,20.5,11.8,206.0,13.1,10.5,29.0
2024-07-06T04:00,19.8,11.8,217.0,13.9,11.5,29.0
2024-07-06T05:00,21.1,12.9,225.0,14.1,12.7,31.0
2024-07-06T06:00,23.2,13.7,231.0,13.7,13.7,39.0
2024-07-06T07:00,26.3,14.7,234.0,12.0,14.6,57.0
2024-07-06T08:00,30.9,16.2,234.0,9.5,15.3,80.0
2024-07-06T09:00,37.5,18.9,233.0,7.8,15.8,98.0
2024-07-06T10:00,49.9,21.7,230.0,7.3,15.7,108.0
2024-07-06T11:00,50.2,22.0,227.0,7.5,15.2,112.0
2024-07-06T12:00,51.6,22.7,235.0,13.4,17.5,91.0
2024-07-06T13:00,54.9,24.2,241.0,14.3,17.1,85.0
2024-07-06T14:00,58.1,25.3,250.0,15.5,16.7,77.0
2024-07-06T15:00,68.0,26.7,255.0,16.4,16.7,69.0
2024-07-06T16:00,55.3,24.2,252.0,16.6,17.8,61.0
2024-07-06T17:00,48.5,22.1,245.0,16.5,19.4,54.0
2024-07-06T18:00,50.3,21.9,242.0,16.2,20.3,48.0
2024-07-06T19:00,43.8,20.6,248.0,15.7,19.8,45.0
2024-07-06T20:00,52.4,22.2,259.0,15.0,18.6,43.0
2024-07-06T21:00,46.1,20.7,266.0,14.3,17.6,42.0
2024-07-06T22:00,47.1,20.2,263.0,13.6,17.2,41.0
2024-07-06T23:00,53.7,21.2,256.0,12.9,17.0,40.0
2024-07-07T00:00,46.1,20.0,261.0,13.0,16.8,38.0
2024-07-07T01:00,45.9,19.8,276.0,13.4,17.0,40.0
2024-07-07T02:00,46.0,19.8,295.0,13.9,17.3,43.0
2024-07-07T03:00,48.0,20.3,301.0,13.5,17.2,50.0
2024-07-07T04:00,43.8,19.3,280.0,11.6,16.6,65.0
2024-07-07T05:00,34.1,16.2,245.0,8.9,15.7,84.0
2024-07-07T06:00,32.2,15.4,217.0,6.7,14.9,100.0
2024-07-07T07:00,32.1,15.4,204.0,5.4,14.3,113.0
2024-07-07T08:00,34.3,15.8,198.0,4.6,13.7,123.0
2024-07-07T09:00,38.3,16.8,195.0,4.5,13.0,127.0
2024-07-07T10:00,43.4,18.3,192.0,5.2,11.7,123.0
2024-07-07T11:00,48.3,20.3,191.0,6.7,10.2,113.0
2024-07-07T12:00,37.5,16.3,236.0,15.2,12.9,81.0
2024-07-07T13:00,35.5,16.5,250.0,16.5,12.5,77.0
2024-07-07T14:00,35.0,16.6,268.0,18.2,12.0,72.0
2024-07-07T15:00,37.1,17.7,275.0,18.4,11.4,71.0
2024-07-07T16:00,38.8,18.6,261.0,15.7,10.3,79.0
2024-07-07T17:00,39.6,19.0,236.0,11.6,9.2,91.0
2024-07-07T18:00,38.4,18.9,218.0,8.8,9.2,97.0
2024-07-07T19:00,36.8,18.4,212.0,8.6,11.6,92.0
2024-07-07T20:00,36.9,18.6,213.0,9.8,15.2,80.0
2024-07-07T21:00,37.0,18.5,216.0,11.1,17.9,69.0
2024-07-07T22:00,36.7,18.3,220.0,12.1,19.0,58.0
2024-07-07T23:00,35.3,17.7,226.0,13.3,19.3,48.0
2024-07-08T00:00,36.3,17.5,227.0,13.3,17.1,40.0
2024-07-08T01:00,38.6,17.8,239.0,14.0,16.1,38.0
2024-07-08T02:00,34.0,17.1,255.0,15.0,14.9,35.0
2024-07-08T03:00,33.6,17.3,263.0,15.5,14.1,35.0
2024-07-08T04:00,35.6,17.1,256.0,14.9,14.4,41.0
2024-07-08T05:00,40.7,18.0,242.0,13.9,15.3,51.0
2024-07-08T06:00,36.2,17.9,233.0,13.0,15.9,60.0
2024-07-08T07:00,34.7,17.8,234.0,12.6,16.0,69.0
2024-07-08T08:00,32.7,18.1,240.0,12.4,15.8,78.0
2024-07-08T09:00,32.8,18.9,245.0,12.4,15.5,85.0
2024-07-08T10:00,32.6,19.2,249.0,12.8,15.1,89.0
2024-07-08T11:00,33.8,19.7,252.0,13.5,14.5,90.0
2024-07-08T12:00,45.4,22.9,228.0,11.9,11.0,94.0
2024-07-08T13:00,43.7,22.8,243.0,13.8,11.8,88.0
2024-07-08T14:00,43.0,22.8,262.0,16.4,12.8,79.0
2024-07-08T15:00,42.7,22.7,273.0,17.8,13.5,73.0
2024-07-08T16:00,44.1,23.2,267.0,16.8,13.4,72.0
2024-07-08T17:00,44.4,23.1,252.0,14.6,13.0,72.0
2024-07-08T18:00,39.2,21.0,241.0,12.9,12.4,70.0
2024-07-08T19:00,35.2,19.6,242.0,12.6,11.8,62.0
2024-07-08T20:00,33.3,19.6,247.0,12.8,11.1,52.0
2024-07-08T21:00,32.0,19.0,246.0,12.8,10.6,44.0
2024-07-08T22:00,30.0,17.8,231.0,11.9,10.3,41.0
2024-07-08T23:00,28.3,16.8,210.0,10.7,10.1,40.0
2024-07-09T00:00,22.2,14.1,221.0,12.0,10.9,35.0
2024-07-09T01:00,21.2,13.8,237.0,12.6,11.8,36.0
2024-07-09T02:00,21.8,14.3,257.0,13.3,13.1,37.0
2024-07-09T03:00,21.9,14.4,268.0,13.3,14.2,44.0
2024-07-09T04:00,21.2,14.1,259.0,11.9,15.0,58.0
2024-07-09T05:00,21.8,14.6,239.0,9.8,15.5,78.0
2024-07-09T06:00,22.7,15.4,223.0,7.9,15.8,96.0
2024-07-09T07:00,23.9,16.2,217.0,6.4,15.7,115.0
2024-07-09T08:00,24.2,16.1,215.0,5.0,15.3,132.0
2024-07-09T09:00,24.2,15.7,211.0,4.3,14.5,142.0
2024-07-09T10:00,24.7,15.1,200.0,4.5,13.1,138.0
2024-07-09T11:00,27.6,16.1,187.0,5.3,11.4,125.0
2024-07-09T12:00,36.2,21.4,196.0,7.4,11.9,116.0
2024-07-09T13:00,40.6,24.0,212.0,10.1,12.1,106.0
2024-07-09T14:00,44.4,26.0,233.0,13.8,12.2,91.0
2024-07-09T15:00,43.8,25.0,245.0,15.8,12.1,82.0
2024-07-09T16:00,42.8,23.9,237.0,14.5,11.4,83.0
2024-07-09T17:00,42.4,23.2,219.0,11.5,10.5,88.0
2024-07-09T18:00,41.6,22.4,206.0,9.1,9.6,90.0
2024-07-09T19:00,40.6,21.7,203.0,7.9,8.6,86.0
2024-07-09T20:00,38.4,20.7,205.0,7.3,7.7,80.0
2024-07-09T21:00,34.9,19.2,210.0,7.4,7.7,72.0
2024-07-09T22:00,32.0,18.0,218.0,8.7,9.2,62.0
2024-07-09T23:00,31.8,18.7,230.0,10.8,11.6,50.0
2024-07-10T00:00,29.7,19.1,269.0,13.8,12.5,35.0
2024-07-10T01:00,29.2,19.2,280.0,14.0,13.1,37.0
2024-07-10T02:00,29.9,19.9,295.0,14.2,14.0,41.0
2024-07-10T03:00,29.3,19.6,299.0,13.6,14.9,50.0
2024-07-10T04:00,27.4,18.3,281.0,11.7,16.0,68.0
2024-07-10T05:00,26.7,17.9,252.0,9.1,17.1,92.0
2024-07-10T06:00,26.7,17.3,229.0,6.9,17.6,114.0
2024-07-10T07:00,27.5,15.8,218.0,5.3,17.0,133.0
2024-07-10T08:00,30.6,16.6,213.0,4.1,15.8,150.0
2024-07-10T09:00,34.7,18.5,210.0,3.5,14.4,159.0
2024-07-10T10:00,40.2,20.5,208.0,3.8,12.7,157.0
2024-07-10T11:00,43.0,21.5,208.0,4.6,10.7,147.0
2024-07-10T12:00,37.0,19.2,216.0,6.2,12.9,150.0
2024-07-10T13:00,42.4,22.9,212.0,6.3,11.5,139.0
2024-07-10T14:00,44.8,24.1,206.0,6.4,9.6,125.0
2024-07-10T15:00,45.1,23.8,201.0,6.5,8.2,112.0
2024-07-10T16:00,44.4,23.1,199.0,6.4,7.6,105.0
2024-07-10T17:00,41.8,21.7,199.0,6.3,7.4,101.0
2024-07-10T18:00,35.0,18.3,197.0,6.4,7.5,95.0
2024-07-10T19:00,28.9,15.9,192.0,6.9,7.8,86.0
2024-07-10T20:00,23.7,13.6,185.0,7.7,8.3,75.0
2024-07-10T21:00,21.0,12.4,181.0,8.4,8.7,65.0
2024-07-10T22:00,19.9,12.0,179.0,9.1,8.9,57.0
2024-07-10T23:00,19.6,12.0,180.0,9.7,9.1,51.0
2024-07-11T00:00,22.1,13.2,183.0,9.4,8.7,49.0
2024-07-11T01:00,22.7,14.1,204.0,11.4,10.0,45.0
2024-07-11T02:00,23.9,15.1,234.0,14.0,11.8,41.0
2024-07-11T03:00,25.2,16.1,253.0,15.6,13.9,41.0
2024-07-11T04:00,26.0,16.8,254.0,15.3,16.7,49.0
2024-07-11T05:00,26.7,17.4,245.0,13.9,19.8,63.0
2024-07-11T06:00,26.2,17.1,236.0,12.2,21.7,77.0
2024-07-11T07:00,24.7,16.4,230.0,10.1,21.7,94.0
2024-07-11T08:00,23.7,16.0,225.0,7.8,20.6,113.0
2024-07-11T09:00,23.1,15.7,221.0,6.5,19.3,124.0
2024-07-11T10:00,22.2,15.1,217.0,6.9,18.2,122.0
2024-07-11T11:00,21.0,14.5,215.0,8.3,17.0,111.0
2024-07-11T12:00,36.0,23.7,256.0,15.6,16.3,73.0
2024-07-11T13:00,34.6,23.1,268.0,17.2,15.0,65.0
2024-07-11T14:00,34.6,23.1,285.0,19.4,13.1,54.0
2024-07-11T15:00,34.3,22.7,291.0,20.1,11.2,47.0
2024-07-11T16:00,33.3,21.4,278.0,18.2,9.2,46.0
2024-07-11T17:00,32.0,19.7,254.0,14.9,7.3,49.0
2024-07-11T18:00,33.1,19.6,235.0,12.2,6.4,52.0
2024-07-11T19:00,35.2,20.1,224.0,10.8,7.1,55.0
2024-07-11T20:00,35.5,20.2,216.0,9.9,8.9,59.0
2024-07-11T21:00,35.6,20.5,214.0,9.4,10.6,62.0
2024-07-11T22:00,37.3,21.5,217.0,9.1,12.0,63.0
2024-07-11T23:00,37.4,21.8,224.0,9.0,13.5,62.0
2024-07-12T00:00,40.4,23.7,258.0,9.5,12.8,65.0
2024-07-12T01:00,41.2,25.4,287.0,11.6,14.0,59.0
2024-07-12T02:00,41.0,26.0,325.0,14.5,15.7,51.0
2024-07-12T03:00,40.0,26.0,346.0,16.1,16.9,49.0
2024-07-12T04:00,36.1,23.8,332.0,15.4,17.1,56.0
2024-07-12T05:00,32.2,21.5,300.0,13.4,16.8,68.0
2024-07-12T06:00,31.5,21.2,273.0,11.5,16.3,81.0
2024-07-12T07:00,31.0,20.8,260.0,9.8,15.6,95.0
2024-07-12T08:00,31.2,20.5,251.0,8.0,14.6,110.0
2024-07-12T09:00,31.4,19.9,243.0,6.9,13.4,120.0
2024-07-12T10:00,31.4,19.0,231.0,6.5,11.6,123.0
2024-07-12T11:00,33.4,18.6,219.0,6.6,9.6,122.0
2024-07-12T12:00,37.0,19.7,192.0,6.2,7.7,105.0
2024-07-12T13:00,37.8,20.7,207.0,8.1,8.1,101.0
2024-07-12T14:00,35.9,19.9,228.0,10.8,8.8,95.0
2024-07-12T15:00,32.0,17.3,244.0,13.2,9.5,86.0
2024-07-12T16:00,31.0,17.0,251.0,15.0,10.4,73.0
2024-07-12T17:00,33.2,18.3,253.0,16.5,11.4,58.0
2024-07-12T18:00,34.7,19.4,255.0,17.4,12.0,46.0
2024-07-12T19:00,35.6,19.9,258.0,17.4,12.1,40.0
2024-07-12T20:00,35.5,20.1,261.0,16.9,11.8,36.0
2024-07-12T21:00,35.6,20.8,264.0,16.5,11.4,33.0
2024-07-12T22:00,33.4,20.2,268.0,16.6,10.9,28.0
2024-07-12T23:00,30.4,19.0,272.0,16.8,10.3,23.0
2024-07-13T00:00,24.3,15.7,250.0,14.6,10.9,25.0
2024-07-13T01:00,20.1,13.3,251.0,14.6,11.1,23.0
2024-07-13T02:00,17.0,11.4,253.0,14.7,11.5,21.0
2024-07-13T03:00,17.4,11.0,256.0,14.9,12.1,21.0
2024-07-13T04:00,14.8,9.8,259.0,15.4,13.1,24.0
2024-07-13T05:00,14.2,9.7,262.0,16.1,14.2,28.0
2024-07-13T06:00,15.5,10.7,267.0,16.9,15.2,32.0
2024-07-13T07:00,18.3,12.7,276.0,18.0,15.9,36.0
2024-07-13T08:00,20.7,14.3,287.0,19.3,16.5,40.0
2024-07-13T09:00,22.7,15.6,297.0,20.3,16.7,44.0
2024-07-13T10:00,23.5,16.1,306.0,20.9,16.4,47.0
2024-07-13T11:00,23.9,16.5,315.0,21.2,15.7,50.0
2024-07-13T12:00,37.3,23.2,297.0,19.4,19.0,77.0
2024-07-13T13:00,39.6,23.8,331.0,22.0,19.1,73.0
2024-07-13T14:00,43.7,25.7,378.0,25.4,19.1,67.0
2024-07-13T15:00,50.2,28.7,410.0,27.9,18.7,61.0
2024-07-13T16:00,51.1,28.8,414.0,28.6,17.4,55.0
2024-07-13T17:00,49.2,27.6,402.0,28.2,15.6,49.0
2024-07-13T18:00,45.8,25.7,385.0,27.0,14.1,44.0
2024-07-13T19:00,44.4,25.0,364.0,24.4,13.3,40.0
2024-07-13T20:00,42.5,23.3,338.0,20.9,12.7,37.0
2024-07-13T21:00,41.2,22.6,315.0,18.0,12.2,34.0
2024-07-13T22:00,38.8,21.8,298.0,16.3,11.4,30.0
2024-07-13T23:00,33.8,19.8,284.0,15.2,10.6,26.0
2024-07-14T00:00,20.1,13.2,241.0,13.0,9.5,25.0
2024-07-14T01:00,15.5,10.5,243.0,14.1,9.6,22.0
2024-07-14T02:00,11.9,8.4,245.0,15.5,9.9,18.0
2024-07-14T03:00,10.7,7.5,248.0,16.7,10.4,16.0
2024-07-14T04:00,10.9,7.5,253.0,17.3,11.5,17.0
2024-07-14T05:00,11.9,8.1,259.0,17.6,12.9,20.0
2024-07-14T06:00,13.7,9.1,263.0,17.7,14.0,24.0
2024-07-14T07:00,15.8,10.2,263.0,17.5,14.8,31.0
2024-07-14T08:00,18.6,11.9,261.0,17.1,15.3,40.0
2024-07-14T09:00,21.4,13.7,262.0,16.9,15.2,47.0
2024-07-14T10:00,24.6,15.7,269.0,17.3,14.3,52.0
2024-07-14T11:00,26.4,16.7,277.0,18.0,12.8,54.0
2024-07-14T12:00,27.0,16.5,291.0,19.2,11.4,47.0
2024-07-14T13:00,28.1,17.1,292.0,19.2,11.8,46.0
2024-07-14T14:00,29.3,17.2,292.0,19.0,12.4,45.0
2024-07-14T15:00,29.7,17.2,289.0,18.6,12.7,43.0
2024-07-14T16:00,28.9,17.2,281.0,17.7,12.7,41.0
2024-07-14T17:00,26.4,16.1,271.0,16.4,12.5,39.0
2024-07-14T18:00,23.7,14.5,259.0,15.1,12.1,37.0
2024-07-14T19:00,21.4,12.9,246.0,13.8,11.6,36.0
2024-07-14T20:00,19.6,11.9,231.0,12.5,10.9,34.0
2024-07-14T21:00,17.6,10.9,218.0,11.4,10.2,33.0
2024-07-14T22:00,15.0,9.5,204.0,10.4,9.3,31.0
2024-07-14T23:00,12.2,7.9,191.0,9.7,8.3,28.0
2024-07-15T00:00,14.5,9.3,216.0,11.8,9.9,24.0
2024-07-15T01:00,12.2,8.1,222.0,12.4,9.9,22.0
2024-07-15T02:00,12.0,8.1,231.0,13.1,10.0,20.0
2024-07-15T03:00,12.2,8.2,236.0,13.2,10.1,22.0
2024-07-15T04:00,12.4,8.4,233.0,11.9,10.5,33.0
2024-07-15T05:00,14.5,9.9,227.0,10.1,11.0,49.0
2024-07-15T06:00,16.6,11.4,223.0,9.0,11.3,60.0
2024-07-15T07:00,18.0,12.4,224.0,9.6,11.0,61.0
2024-07-15T08:00,18.0,12.3,227.0,11.1,10.4,58.0
2024-07-15T09:00,18.6,12.5,233.0,12.2,10.2,59.0
2024-07-15T10:00,20.5,13.2,243.0,12.5,10.9,71.0
2024-07-15T11:00,25.3,15.2,255.0,12.5,12.1,86.0
2024-07-15T12:00,24.5,16.0,252.0,12.8,13.5,78.0
2024-07-15T13:00,25.8,16.8,258.0,14.1,13.8,72.0
2024-07-15T14:00,26.7,17.5,265.0,15.8,14.2,63.0
2024-07-15T15:00,25.3,16.6,266.0,16.7,14.0,55.0
2024-07-15T16:00,21.7,14.5,256.0,16.0,12.8,49.0
2024-07-15T17:00,17.9,12.1,240.0,14.4,11.0,44.0
2024-07-15T18:00,14.5,9.9,222.0,12.7,9.4,39.0
2024-07-15T19:00,10.6,7.3,200.0,11.0,8.2,35.0
2024-07-15T20:00,7.7,5.3,175.0,9.3,7.2,32.0
2024-07-15T21:00,5.6,3.9,157.0,8.0,6.6,30.0
2024-07-15T22:00,5.0,3.4,147.0,7.5,6.4,28.0
2024-07-15T23:00,5.1,3.4,143.0,7.5,6.6,26.0
2024-07-16T00:00,6.1,4.2,160.0,8.4,7.5,26.0
2024-07-16T01:00,6.2,4.2,178.0,9.8,8.3,24.0
2024-07-16T02:00,7.2,4.9,202.0,11.7,9.3,20.0
2024-07-16T03:00,8.9,6.1,218.0,12.7,10.2,21.0
2024-07-16T04:00,9.2,6.3,215.0,11.9,10.7,28.0
2024-07-16T05:00,9.7,6.7,204.0,10.2,11.1,38.0
2024-07-16T06:00,12.2,8.4,197.0,9.0,11.2,48.0
2024-07-16T07:00,15.0,10.2,199.0,8.6,10.9,56.0
2024-07-16T08:00,16.8,10.9,205.0,8.6,10.3,64.0
2024-07-16T09:00,19.0,11.7,215.0,9.5,10.1,68.0
2024-07-16T10:00,21.3,12.7,232.0,11.8,10.4,67.0
2024-07-16T11:00,22.9,13.9,252.0,14.9,11.1,61.0
2024-07-16T12:00,24.9,16.2,260.0,16.5,13.8,65.0
2024-07-16T13:00,25.3,17.0,266.0,17.6,13.4,57.0
2024-07-16T14:00,23.3,15.9,273.0,19.0,12.9,47.0
2024-07-16T15:00,20.4,13.9,276.0,19.6,12.4,38.0
2024-07-16T16:00,17.6,12.0,270.0,18.8,11.9,34.0
2024-07-16T17:00,16.1,11.0,260.0,17.3,11.3,32.0
2024-07-16T18:00,15.7,10.7,250.0,15.8,10.8,30.0
2024-07-16T19:00,15.1,10.3,242.0,14.7,10.4,28.0
2024-07-16T20:00,14.3,9.7,235.0,13.6,10.1,27.0
2024-07-16T21:00,13.5,9.1,228.0,12.8,9.8,26.0
2024-07-16T22:00,12.5,8.3,217.0,12.1,9.6,25.0
2024-07-16T23:00,11.7,7.7,206.0,11.6,9.5,23.0
2024-07-17T00:00,11.8,8.1,221.0,12.8,10.1,21.0
2024-07-17T01:00,11.7,8.0,235.0,13.5,10.2,20.0
2024-07-17T02:00,13.4,8.8,253.0,14.5,10.4,19.0
2024-07-17T03:00,14.6,9.6,266.0,14.6,10.9,24.0
2024-07-17T04:00,16.4,10.9,269.0,13.3,11.9,39.0
2024-07-17T05:00,19.4,12.7,266.0,11.1,13.1,59.0
2024-07-17T06:00,23.1,14.8,260.0,9.2,13.9,77.0
2024-07-17T07:00,23.5,15.2,247.0,7.5,13.9,93.0
2024-07-17T08:00,23.6,15.1,230.0,6.0,13.5,107.0
2024-07-17T09:00,24.0,15.1,222.0,5.8,12.8,115.0
2024-07-17T10:00,25.4,15.8,229.0,7.7,11.5,115.0
2024-07-17T11:00,25.0,15.2,243.0,10.8,9.8,109.0
2024-07-17T12:00,44.7,28.9,272.0,14.7,12.4,98.0
2024-07-17T13:00,44.6,28.7,263.0,15.4,11.6,86.0
2024-07-17T14:00,42.6,27.0,251.0,16.4,10.5,68.0
2024-07-17T15:00,34.3,20.6,240.0,16.8,9.6,54.0
2024-07-17T16:00,22.7,14.2,233.0,16.1,9.0,46.0
2024-07-17T17:00,16.6,10.9,226.0,14.7,8.5,40.0
2024-07-17T18:00,13.9,9.4,217.0,13.4,8.0,36.0
2024-07-17T19:00,10.2,6.9,202.0,12.2,7.6,32.0
2024-07-17T20:00,8.3,5.4,185.0,11.0,7.2,30.0
2024-07-17T21:00,6.8,4.6,169.0,9.9,6.9,28.0
2024-07-17T22:00,5.7,3.9,154.0,8.9,6.6,28.0
2024-07-17T23:00,4.5,3.2,142.0,8.1,6.3,29.0
2024-07-18T00:00,14.0,7.8,174.0,10.2,7.8,24.0
2024-07-18T01:00,13.8,7.8,188.0,11.0,8.3,24.0
2024-07-18T02:00,15.1,8.5,208.0,12.1,9.1,24.0
2024-07-18T03:00,21.2,11.4,223.0,12.7,9.9,26.0
2024-07-18T04:00,19.6,11.4,229.0,12.4,10.8,32.0
2024-07-18T05:00,19.0,11.7,229.0,11.6,11.7,41.0
2024-07-18T06:00,19.2,12.3,228.0,11.0,12.4,50.0
2024-07-18T07:00,19.8,13.0,222.0,10.5,12.8,59.0
2024-07-18T08:00,21.0,14.0,214.0,10.2,13.0,68.0
2024-07-18T09:00,20.8,14.0,215.0,10.9,13.1,73.0
2024-07-18T10:00,22.0,15.0,234.0,13.5,13.0,71.0
2024-07-18T11:00,22.5,15.4,263.0,17.2,12.7,65.0
2024-07-18T12:00,19.3,13.4,246.0,16.2,11.0,69.0
2024-07-18T13:00,15.0,10.4,235.0,15.7,10.6,61.0
2024-07-18T14:00,11.2,7.8,220.0,15.0,10.1,49.0
2024-07-18T15:00,9.3,6.5,208.0,14.4,9.6,40.0
2024-07-18T16:00,8.5,5.9,201.0,13.9,9.3,35.0
2024-07-18T17:00,7.6,5.3,197.0,13.5,9.0,33.0
2024-07-18T18:00,6.4,4.5,192.0,12.9,8.7,31.0
2024-07-18T19:00,5.5,3.8,184.0,12.1,8.2,30.0
2024-07-18T20:00,5.7,3.5,175.0,11.2,7.7,29.0
2024-07-18T21:00,8.0,4.5,167.0,10.5,7.4,29.0
2024-07-18T22:00,6.7,4.1,157.0,9.9,7.3,29.0
2024-07-18T23:00,5.9,3.8,147.0,9.5,7.3,29.0
2024-07-19T00:00,4.7,3.3,153.0,10.1,7.9,28.0
2024-07-19T01:00,5.2,3.6,168.0,11.5,8.4,26.0
2024-07-19T02:00,6.2,4.3,188.0,13.4,9.1,24.0
2024-07-19T03:00,7.7,5.3,207.0,14.7,9.8,23.0
2024-07-19T04:00,9.3,6.4,222.0,14.9,10.4,26.0
2024-07-19T05:00,11.1,7.5,235.0,14.5,11.0,31.0
2024-07-19T06:00,13.5,9.1,247.0,14.3,11.5,36.0
2024-07-19T07:00,15.7,10.7,261.0,14.6,11.8,43.0
2024-07-19T08:00,18.0,12.5,274.0,15.2,12.0,50.0
2024-07-19T09:00,19.4,13.5,281.0,15.8,11.8,54.0
2024-07-19T10:00,17.8,12.4,275.0,16.3,11.0,53.0
2024-07-19T11:00,15.8,11.1,261.0,16.9,9.8,50.0
2024-07-19T12:00,16.6,11.6,247.0,17.3,9.8,46.0
2024-07-19T13:00,15.4,10.7,249.0,18.0,9.7,41.0
2024-07-19T14:00,14.3,10.0,252.0,19.0,9.5,35.0
2024-07-19T15:00,13.2,9.2,252.0,19.4,9.3,30.0
2024-07-19T16:00,12.2,8.4,249.0,18.9,9.1,27.0
2024-07-19T17:00,11.3,7.8,244.0,17.8,8.9,26.0
2024-07-19T18:00,10.2,7.1,237.0,16.5,8.6,25.0
2024-07-19T19:00,9.3,6.4,227.0,15.0,8.1,25.0
2024-07-19T20:00,8.5,5.8,214.0,13.3,7.5,25.0
2024-07-19T21:00,7.7,5.3,202.0,11.9,7.1,25.0
2024-07-19T22:00,7.3,4.9,188.0,10.7,6.8,26.0
2024-07-19T23:00,7.1,4.7,174.0,9.8,6.7,26.0
2024-07-20T00:00,8.3,5.3,178.0,9.6,6.4,27.0
2024-07-20T01:00,9.0,5.6,193.0,11.1,7.1,26.0
2024-07-20T02:00,10.0,6.2,214.0,13.1,8.1,24.0
2024-07-20T03:00,11.2,7.0,230.0,14.4,9.1,25.0
2024-07-20T04:00,12.4,8.0,237.0,14.5,10.1,29.0
2024-07-20T05:00,13.2,8.6,239.0,14.0,11.1,35.0
2024-07-20T06:00,14.3,9.3,237.0,13.0,11.7,43.0
2024-07-20T07:00,16.2,10.9,230.0,11.1,11.6,56.0
2024-07-20T08:00,18.2,12.2,219.0,8.8,11.1,71.0
2024-07-20T09:00,18.6,12.5,211.0,7.6,10.6,81.0
2024-07-20T10:00,17.9,12.2,210.0,8.5,10.4,83.0
2024-07-20T11:00,17.3,11.9,212.0,10.5,10.3,81.0
2024-07-20T12:00,15.3,10.3,231.0,16.3,11.3,60.0
2024-07-20T13:00,14.7,10.0,246.0,17.8,11.1,55.0
2024-07-20T14:00,15.1,10.3,266.0,19.9,10.8,48.0
2024-07-20T15:00,15.9,10.8,278.0,21.0,10.4,42.0
2024-07-20T16:00,16.8,11.1,276.0,20.3,9.9,37.0
2024-07-20T17:00,16.6,10.9,265.0,18.6,9.3,34.0
2024-07-20T18:00,15.6,9.8,251.0,16.8,8.7,31.0
2024-07-20T19:00,15.1,9.2,232.0,14.8,7.9,30.0
2024-07-20T20:00,15.1,8.6,210.0,12.7,6.9,29.0
2024-07-20T21:00,15.0,8.3,191.0,11.0,6.3,29.0
2024-07-20T22:00,14.8,8.1,178.0,9.9,6.1,29.0
2024-07-20T23:00,14.6,7.7,168.0,9.3,6.1,29.0
2024-07-21T00:00,13.9,7.7,173.0,9.6,6.6,28.0
2024-07-21T01:00,14.0,7.9,190.0,10.4,7.0,27.0
2024-07-21T02:00,15.2,8.9,212.0,11.5,7.6,28.0
2024-07-21T03:00,17.4,10.2,227.0,11.7,8.3,33.0
2024-07-21T04:00,20.2,11.7,228.0,10.2,9.2,48.0
2024-07-21T05:00,23.2,13.2,221.0,7.8,10.1,69.0
2024-07-21T06:00,26.0,14.1,212.0,5.8,10.4,87.0
2024-07-21T07:00,29.6,15.8,200.0,4.4,9.7,99.0
2024-07-21T08:00,28.9,15.3,185.0,3.4,8.5,109.0
2024-07-21T09:00,27.9,14.6,176.0,3.2,7.3,113.0
2024-07-21T10:00,29.7,15.0,170.0,3.8,6.2,110.0
2024-07-21T11:00,34.3,17.1,170.0,5.2,5.1,102.0
2024-07-21T12:00,40.6,20.4,214.0,11.7,6.5,84.0
2024-07-21T13:00,39.5,20.3,241.0,15.7,7.9,73.0
2024-07-21T14:00,36.4,19.0,278.0,21.1,9.9,58.0
2024-07-21T15:00,36.6,19.3,308.0,24.8,11.4,47.0
2024-07-21T16:00,40.2,21.5,326.0,25.2,12.0,44.0
2024-07-21T17:00,41.8,22.4,336.0,23.9,12.1,45.0
2024-07-21T18:00,37.6,19.8,339.0,22.7,11.7,44.0
2024-07-21T19:00,35.2,19.4,335.0,22.6,10.6,37.0
2024-07-21T20:00,30.6,18.0,322.0,22.5,9.1,27.0
2024-07-21T21:00,24.4,14.8,299.0,21.2,7.8,21.0
2024-07-21T22:00,18.9,11.0,252.0,17.4,6.9,21.0
2024-07-21T23:00,16.2,8.9,194.0,12.3,6.3,25.0
2024-07-22T00:00,17.6,10.4,231.0,15.2,6.9,19.0
2024-07-22T01:00,16.6,9.4,236.0,15.4,7.5,19.0
2024-07-22T02:00,17.9,10.1,242.0,15.6,8.3,20.0
2024-07-22T03:00,19.7,11.3,243.0,15.2,9.0,24.0
2024-07-22T04:00,21.1,11.9,234.0,13.7,9.7,32.0
2024-07-22T05:00,23.0,12.7,220.0,11.7,10.4,44.0
2024-07-22T06:00,24.0,12.6,207.0,9.8,10.6,55.0
2024-07-22T07:00,24.6,12.5,196.0,8.1,10.0,67.0
2024-07-22T08:00,25.1,12.5,185.0,6.6,9.0,80.0
2024-07-22T09:00,26.5,12.9,183.0,6.2,8.0,87.0
2024-07-22T10:00,28.9,14.0,189.0,7.1,7.1,86.0
2024-07-22T11:00,32.1,15.5,202.0,9.1,6.2,80.0
2024-07-22T12:00,33.3,16.2,245.0,16.3,7.2,66.0
2024-07-22T13:00,34.6,17.5,280.0,20.8,8.0,56.0
2024-07-22T14:00,35.4,19.2,327.0,26.9,9.1,41.0
2024-07-22T15:00,33.3,19.0,354.0,30.2,9.8,31.0
2024-07-22T16:00,29.1,17.4,343.0,28.2,9.7,29.0
2024-07-22T17:00,25.1,15.5,312.0,23.4,9.2,31.0
2024-07-22T18:00,21.9,13.8,283.0,19.1,8.6,33.0
2024-07-22T19:00,19.4,12.2,262.0,16.4,7.8,32.0
2024-07-22T20:00,17.8,11.2,242.0,14.1,6.8,31.0
2024-07-22T21:00,16.2,10.2,224.0,12.4,6.1,29.0
2024-07-22T22:00,14.8,9.2,204.0,11.3,5.8,27.0
2024-07-22T23:00,13.7,8.4,185.0,10.7,5.9,24.0
2024-07-23T00:00,13.8,8.6,184.0,10.6,6.3,24.0
2024-07-23T01:00,14.2,8.6,200.0,10.8,6.9,25.0
2024-07-23T02:00,15.4,9.5,221.0,11.1,7.6,28.0
2024-07-23T03:00,17.6,10.9,232.0,10.7,8.3,35.0
2024-07-23T04:00,19.6,11.9,223.0,9.0,8.8,51.0
2024-07-23T05:00,20.8,12.5,203.0,6.7,9.2,71.0
2024-07-23T06:00,21.3,12.5,186.0,4.9,9.2,87.0
2024-07-23T07:00,20.3,11.6,176.0,4.0,8.6,94.0
2024-07-23T08:00,19.6,11.1,169.0,3.6,7.6,96.0
2024-07-23T09:00,19.0,10.7,167.0,3.9,6.8,97.0
2024-07-23T10:00,20.4,11.1,172.0,5.0,6.1,97.0
2024-07-23T11:00,24.2,12.8,183.0,6.8,5.5,96.0
2024-07-23T12:00,25.6,14.8,205.0,11.0,7.3,79.0
2024-07-23T13:00,30.0,16.8,237.0,12.8,7.6,76.0
2024-07-23T14:00,34.7,19.4,280.0,15.3,7.9,73.0
2024-07-23T15:00,35.9,19.9,309.0,17.4,8.1,68.0
2024-07-23T16:00,33.8,18.7,311.0,18.7,8.0,63.0
2024-07-23T17:00,30.9,17.5,298.0,19.5,7.7,56.0
2024-07-23T18:00,29.0,16.8,285.0,19.5,7.3,50.0
2024-07-23T19:00,25.4,15.1,277.0,18.2,6.8,43.0
2024-07-23T20:00,22.5,13.8,268.0,16.1,6.3,37.0
2024-07-23T21:00,20.0,12.5,257.0,14.2,6.0,31.0
2024-07-23T22:00,18.5,11.7,238.0,12.9,5.9,26.0
2024-07-23T23:00,15.6,10.1,217.0,11.7,5.9,23.0
2024-07-24T00:00,14.9,9.6,224.0,11.9,6.5,21.0
2024-07-24T01:00,11.9,7.8,220.0,11.5,7.0,22.0
2024-07-24T02:00,10.7,7.0,214.0,10.9,7.8,23.0
2024-07-24T03:00,11.1,7.1,207.0,10.1,8.5,28.0
2024-07-24T04:00,12.2,7.7,197.0,8.9,9.2,39.0
2024-07-24T05:00,14.1,8.9,184.0,7.5,9.8,54.0
2024-07-24T06:00,16.0,10.1,174.0,6.3,10.0,66.0
2024-07-24T07:00,16.1,9.7,165.0,5.3,9.4,75.0
2024-07-24T08:00,16.2,9.3,158.0,4.5,8.5,81.0
2024-07-24T09:00,16.5,8.9,159.0,4.7,7.8,85.0
2024-07-24T10:00,17.0,9.1,171.0,6.5,7.7,86.0
2024-07-24T11:00,18.3,10.1,191.0,9.2,7.9,85.0
2024-07-24T12:00,28.3,15.0,202.0,10.4,8.3,88.0
2024-07-24T13:00,28.3,15.4,228.0,13.8,8.4,77.0
2024-07-24T14:00,29.6,17.0,263.0,18.5,8.5,62.0
2024-07-24T15:00,28.8,17.0,289.0,21.8,8.5,49.0
2024-07-24T16:00,26.7,16.1,301.0,22.5,8.6,41.0
2024-07-24T17:00,24.2,15.0,304.0,21.7,8.6,35.0
2024-07-24T18:00,22.0,13.9,296.0,20.1,8.3,31.0
2024-07-24T19:00,19.2,12.3,272.0,17.5,7.5,29.0
2024-07-24T20:00,15.5,9.8,238.0,14.0,6.4,28.0
2024-07-24T21:00,12.7,8.0,208.0,11.3,5.6,27.0
2024-07-24T22:00,11.2,7.0,187.0,9.9,5.3,25.0
2024-07-24T23:00,10.0,6.2,170.0,9.1,5.3,24.0
2024-07-25T00:00,9.3,5.9,172.0,9.5,5.7,23.0
2024-07-25T01:00,8.8,5.6,189.0,10.1,6.6,22.0
2024-07-25T02:00,10.0,6.4,212.0,10.9,7.8,21.0
2024-07-25T03:00,11.8,7.7,225.0,10.9,8.8,26.0
2024-07-25T04:00,13.8,9.1,219.0,9.5,9.3,42.0
2024-07-25T05:00,16.3,10.7,202.0,7.3,9.5,64.0
2024-07-25T06:00,18.2,11.8,186.0,5.4,9.3,81.0
2024-07-25T07:00,16.4,10.4,172.0,4.0,8.1,91.0
2024-07-25T08:00,15.5,9.5,159.0,2.9,6.5,96.0
2024-07-25T09:00,14.1,8.7,152.0,2.9,5.5,96.0
2024-07-25T10:00,13.0,8.1,152.0,4.3,5.9,89.0
2024-07-25T11:00,13.5,8.3,158.0,6.8,7.0,77.0
2024-07-25T12:00,21.5,12.6,188.0,12.9,8.2,63.0
2024-07-25T13:00,20.4,11.8,194.0,13.6,8.4,57.0
2024-07-25T14:00,21.0,12.0,201.0,14.5,8.6,49.0
2024-07-25T15:00,25.5,13.7,208.0,15.1,9.0,43.0
2024-07-25T16:00,23.9,13.5,213.0,15.1,9.7,40.0
2024-07-25T17:00,21.8,13.1,217.0,14.6,10.4,39.0
2024-07-25T18:00,21.3,13.0,218.0,14.0,10.6,38.0
2024-07-25T19:00,20.3,12.3,212.0,13.0,9.7,35.0
2024-07-25T20:00,18.0,10.9,203.0,11.7,8.2,31.0
2024-07-25T21:00,15.1,9.3,196.0,10.8,7.2,28.0
2024-07-25T22:00,13.3,8.3,191.0,10.5,7.0,25.0
2024-07-25T23:00,12.4,7.9,188.0,10.6,7.2,22.0
2024-07-26T00:00,12.2,7.8,197.0,11.6,8.0,20.0
2024-07-26T01:00,11.9,7.5,207.0,11.3,8.6,21.0
2024-07-26T02:00,12.4,7.9,220.0,10.9,9.3,23.0
2024-07-26T03:00,13.0,8.4,223.0,10.0,9.8,30.0
2024-07-26T04:00,14.0,9.2,210.0,8.3,9.7,46.0
2024-07-26T05:00,16.8,10.9,187.0,6.2,9.3,65.0
2024-07-26T06:00,17.6,10.5,166.0,4.5,8.7,80.0
2024-07-26T07:00,13.9,8.4,147.0,3.2,7.8,85.0
2024-07-26T08:00,12.6,6.5,129.0,2.4,6.6,84.0
2024-07-26T09:00,11.1,5.7,121.0,2.8,5.8,81.0
2024-07-26T10:00,11.0,5.8,127.0,5.0,5.2,74.0
2024-07-26T11:00,13.1,6.6,144.0,8.5,5.0,65.0
2024-07-26T12:00,15.5,7.9,153.0,9.6,6.9,60.0
2024-07-26T13:00,18.1,9.7,200.0,15.3,7.5,51.0
2024-07-26T14:00,21.2,12.3,264.0,23.0,8.4,38.0
2024-07-26T15:00,22.8,13.9,307.0,27.9,8.9,28.0
2024-07-26T16:00,22.4,14.2,314.0,27.7,8.7,24.0
2024-07-26T17:00,20.4,13.3,300.0,24.7,8.1,24.0
2024-07-26T18:00,17.5,11.2,278.0,21.4,7.5,24.0
2024-07-26T19:00,14.7,9.1,247.0,18.1,7.0,24.0
2024-07-26T20:00,12.4,7.6,208.0,14.5,6.6,24.0
2024-07-26T21:00,10.4,6.5,176.0,11.5,6.4,24.0
2024-07-26T22:00,8.9,5.7,155.0,9.8,6.6,24.0
2024-07-26T23:00,7.2,4.6,141.0,8.8,6.9,23.0
2024-07-27T00:00,10.1,6.3,158.0,10.3,7.2,20.0
2024-07-27T01:00,8.8,5.8,156.0,9.8,8.0,22.0
2024-07-27T02:00,8.9,6.2,153.0,9.0,9.2,24.0
2024-07-27T03:00,5.1,3.4,150.0,8.1,9.9,29.0
2024-07-27T04:00,6.0,4.0,145.0,7.2,9.8,36.0
2024-07-27T05:00,8.0,5.1,140.0,6.2,9.3,45.0
2024-07-27T06:00,13.9,6.1,136.0,5.3,8.7,54.0
2024-07-27T07:00,33.5,9.6,133.0,4.3,8.1,65.0
2024-07-27T08:00,36.9,10.8,131.0,3.4,7.6,77.0
2024-07-27T09:00,32.4,10.2,134.0,3.3,7.2,85.0
2024-07-27T10:00,26.8,9.3,140.0,4.3,7.2,88.0
2024-07-27T11:00,26.3,10.0,151.0,6.1,7.4,87.0
2024-07-27T12:00,34.5,14.4,178.0,12.3,7.3,55.0
2024-07-27T13:00,39.6,16.8,187.0,13.5,7.7,50.0
2024-07-27T14:00,43.2,18.7,200.0,15.2,8.3,44.0
2024-07-27T15:00,42.8,18.7,211.0,16.3,8.7,39.0
2024-07-27T16:00,39.5,17.8,218.0,16.4,8.8,36.0
2024-07-27T17:00,36.1,16.8,222.0,15.9,8.8,34.0
2024-07-27T18:00,33.4,16.4,222.0,15.1,8.5,33.0
2024-07-27T19:00,30.6,15.8,215.0,13.8,7.8,32.0
2024-07-27T20:00,27.2,14.5,204.0,12.2,6.9,31.0
2024-07-27T21:00,24.4,13.3,192.0,10.9,6.3,30.0
2024-07-27T22:00,23.9,12.6,179.0,10.2,6.4,28.0
2024-07-27T23:00,24.9,12.4,165.0,9.9,6.8,26.0
2024-07-28T00:00,28.8,13.0,151.0,8.7,6.6,26.0
2024-07-28T01:00,31.0,14.1,162.0,8.8,7.4,26.0
2024-07-28T02:00,31.1,15.1,176.0,9.0,8.5,26.0
2024-07-28T03:00,30.4,15.1,184.0,8.8,9.4,30.0
2024-07-28T04:00,28.1,14.1,179.0,8.0,10.0,39.0
2024-07-28T05:00,26.5,13.0,167.0,6.8,10.5,51.0
2024-07-28T06:00,26.1,12.4,157.0,5.8,10.5,63.0
2024-07-28T07:00,25.6,11.5,152.0,4.7,9.9,75.0
2024-07-28T08:00,25.7,11.2,150.0,3.7,8.8,87.0
2024-07-28T09:00,54.1,15.5,152.0,3.7,8.0,93.0
2024-07-28T10:00,54.1,15.6,162.0,5.5,7.7,91.0
2024-07-28T11:00,44.4,14.2,177.0,8.3,7.6,84.0
2024-07-28T12:00,39.2,13.4,194.0,10.5,7.5,81.0
2024-07-28T13:00,37.1,14.6,208.0,12.4,7.3,74.0
2024-07-28T14:00,35.2,15.9,227.0,14.9,7.0,64.0
2024-07-28T15:00,33.1,16.0,240.0,16.5,6.9,55.0
2024-07-28T16:00,29.7,14.7,242.0,16.4,7.1,47.0
2024-07-28T17:00,26.1,13.4,237.0,15.4,7.5,40.0
2024-07-28T18:00,21.6,11.6,227.0,14.1,7.6,35.0
2024-07-28T19:00,19.0,10.5,209.0,12.5,7.2,33.0
2024-07-28T20:00,17.2,9.6,187.0,10.6,6.6,33.0
2024-07-28T21:00,15.7,9.0,169.0,9.2,6.2,33.0
2024-07-28T22:00,14.5,8.4,159.0,8.7,6.3,31.0
2024-07-28T23:00,12.5,7.2,153.0,8.7,6.8,28.0
2024-07-29T00:00,9.5,5.8,146.0,8.1,6.6,27.0
2024-07-29T01:00,8.6,5.2,156.0,8.4,7.4,27.0
2024-07-29T02:00,9.6,5.8,170.0,8.8,8.6,27.0
2024-07-29T03:00,10.9,6.6,179.0,8.7,9.4,32.0
2024-07-29T04:00,12.7,7.7,177.0,7.6,9.7,45.0
2024-07-29T05:00,15.8,9.5,171.0,5.9,9.7,64.0
2024-07-29T06:00,18.1,10.5,165.0,4.5,9.2,79.0
2024-07-29T07:00,20.7,10.9,162.0,3.4,7.9,90.0
2024-07-29T08:00,25.6,12.5,160.0,2.6,6.2,98.0
2024-07-29T09:00,31.2,14.6,160.0,2.5,5.1,101.0
2024-07-29T10:00,34.1,16.0,158.0,3.3,4.9,98.0
2024-07-29T11:00,36.6,16.9,158.0,4.9,5.3,90.0
2024-07-29T12:00,28.9,12.8,224.0,11.6,5.9,78.0
2024-07-29T13:00,32.9,14.6,222.0,12.0,5.8,77.0
2024-07-29T14:00,29.9,13.2,221.0,12.7,5.7,74.0
2024-07-29T15:00,29.8,13.2,220.0,13.9,6.9,70.0
2024-07-29T16:00,31.4,13.4,221.0,16.0,10.4,62.0
2024-07-29T17:00,30.9,12.9,224.0,18.5,15.0,51.0
2024-07-29T18:00,28.1,13.0,229.0,20.5,18.5,42.0
2024-07-29T19:00,26.2,13.3,241.0,21.9,20.2,36.0
2024-07-29T20:00,24.6,13.4,255.0,22.7,20.7,33.0
2024-07-29T21:00,22.7,13.0,260.0,22.2,20.0,30.0
2024-07-29T22:00,20.0,11.7,246.0,19.2,17.0,29.0
2024-07-29T23:00,19.2,10.9,222.0,14.7,12.7,30.0
2024-07-30T00:00,26.0,14.1,257.0,16.3,11.4,24.0
2024-07-30T01:00,27.4,15.2,271.0,15.6,11.6,26.0
2024-07-30T02:00,28.6,16.5,288.0,14.4,11.8,29.0
2024-07-30T03:00,28.5,16.7,293.0,12.9,12.0,38.0
2024-07-30T04:00,27.5,16.5,273.0,10.6,12.3,56.0
2024-07-30T05:00,27.2,17.1,241.0,7.8,12.7,79.0
2024-07-30T06:00,26.1,16.2,214.0,5.6,12.5,98.0
2024-07-30T07:00,24.9,14.7,200.0,4.3,11.4,109.0
2024-07-30T08:00,25.0,13.5,191.0,3.6,9.8,115.0
2024-07-30T09:00,26.7,13.0,189.0,3.8,8.5,116.0
2024-07-30T10:00,29.5,14.1,194.0,5.1,7.6,112.0
2024-07-30T11:00,32.7,15.7,205.0,7.4,7.0,103.0
2024-07-30T12:00,15.8,8.5,234.0,11.9,10.4,102.0
2024-07-30T13:00,18.5,10.5,259.0,15.5,11.2,88.0
2024-07-30T14:00,19.8,11.7,293.0,20.4,12.4,69.0
2024-07-30T15:00,20.1,12.5,313.0,23.5,13.0,52.0
2024-07-30T16:00,17.2,10.8,306.0,23.2,12.7,40.0
2024-07-30T17:00,15.8,9.5,284.0,21.2,11.8,31.0
2024-07-30T18:00,15.8,8.8,263.0,18.9,10.9,25.0
2024-07-30T19:00,16.2,8.3,246.0,16.7,9.9,24.0
2024-07-30T20:00,13.2,7.5,230.0,14.2,8.8,26.0
2024-07-30T21:00,13.9,7.7,217.0,12.5,8.1,27.0
2024-07-30T22:00,11.9,7.1,207.0,11.9,8.0,26.0
2024-07-30T23:00,10.1,6.4,201.0,12.0,8.3,25.0
2024-07-31T00:00,10.2,6.6,225.0,13.9,8.9,21.0
2024-07-31T01:00,11.0,7.1,230.0,13.3,9.6,23.0
2024-07-31T02:00,14.1,8.5,237.0,12.3,10.6,26.0
2024-07-31T03:00,17.6,9.5,238.0,11.2,11.5,34.0
2024-07-31T04:00,16.8,9.9,228.0,9.7,12.3,49.0
2024-07-31T05:00,18.4,11.7,213.0,8.0,12.9,68.0
2024-07-31T06:00,18.3,12.1,200.0,6.5,13.0,85.0
2024-07-31T07:00,18.3,12.3,192.0,5.2,12.1,98.0
2024-07-31T08:00,18.6,12.6,186.0,4.2,10.6,108.0
2024-07-31T09:00,19.8,12.8,185.0,3.9,9.3,114.0
2024-07-31T10:00,21.5,13.0,189.0,4.8,8.3,114.0
2024-07-31T11:00,26.3,14.5,197.0,6.4,7.3,109.0
2024-07-31T12:00,44.8,26.6,213.0,7.9,6.0,101.0
2024-07-31T13:00,47.5,27.8,247.0,12.9,7.1,90.0
2024-07-31T14:00,46.0,27.4,293.0,19.6,8.5,74.0
2024-07-31T15:00,42.6,25.8,323.0,23.6,9.4,62.0
2024-07-31T16:00,40.4,24.6,324.0,22.5,9.1,58.0
2024-07-31T17:00,35.5,21.7,308.0,18.8,8.2,57.0
2024-07-31T18:00,35.2,21.7,284.0,15.2,7.4,55.0
2024-07-31T19:00,27.1,17.3,248.0,12.6,6.9,49.0
2024-07-31T20:00,15.1,10.1,205.0,10.2,6.4,41.0
2024-07-31T21:00,9.4,6.4,173.0,8.5,6.2,35.0
2024-07-31T22:00,8.0,5.5,161.0,7.9,6.3,33.0
2024-07-31T23:00,8.5,5.6,160.0,8.2,6.6,33.0
2024-08-01T00:00,7.8,5.5,185.0,10.6,7.8,25.0
2024-08-01T01:00,8.6,6.0,198.0,10.6,8.7,26.0
2024-08-01T02:00,10.2,7.0,216.0,10.6,9.9,28.0
2024-08-01T03:00,11.3,7.8,226.0,10.2,10.9,35.0
2024-08-01T04:00,13.1,9.1,223.0,9.0,11.6,50.0
2024-08-01T05:00,15.8,11.0,213.0,7.3,12.1,70.0
2024-08-01T06:00,19.2,13.3,203.0,5.8,12.0,87.0
2024-08-01T07:00,19.6,13.3,195.0,4.5,10.9,101.0
2024-08-01T08:00,21.7,13.1,188.0,3.4,9.2,112.0
2024-08-01T09:00,21.5,13.2,183.0,3.3,7.8,115.0
2024-08-01T10:00,23.3,13.2,181.0,4.7,7.0,105.0
2024-08-01T11:00,24.9,13.8,182.0,7.0,6.5,88.0
2024-08-01T12:00,42.7,24.5,223.0,10.5,6.5,98.0
2024-08-01T13:00,38.2,23.4,245.0,14.4,10.1,88.0
2024-08-01T14:00,35.7,23.3,275.0,19.6,14.8,75.0
2024-08-01T15:00,35.6,23.3,298.0,23.1,17.6,64.0
2024-08-01T16:00,36.2,23.5,307.0,23.0,16.3,60.0
2024-08-01T17:00,36.4,23.2,309.0,21.0,13.0,59.0
2024-08-01T18:00,36.9,22.5,313.0,19.5,10.4,56.0
2024-08-01T19:00,37.5,22.9,327.0,19.5,9.5,48.0
2024-08-01T20:00,35.5,22.4,344.0,19.9,9.3,39.0
2024-08-01T21:00,32.7,21.1,350.0,19.8,9.4,31.0
2024-08-01T22:00,29.2,19.2,334.0,18.6,9.6,26.0
2024-08-01T23:00,26.2,17.2,306.0,16.9,10.0,24.0
2024-08-02T00:00,26.0,16.8,277.0,14.9,10.9,26.0
2024-08-02T01:00,24.7,16.0,285.0,14.7,11.3,28.0
2024-08-02T02:00,24.2,15.9,296.0,14.4,11.8,31.0
2024-08-02T03:00,23.5,15.7,297.0,13.3,12.1,40.0
2024-08-02T04:00,23.5,15.8,279.0,10.8,12.2,62.0
2024-08-02T05:00,25.6,17.3,251.0,7.6,12.1,89.0
2024-08-02T06:00,26.5,17.5,228.0,5.2,11.8,110.0
2024-08-02T07:00,24.6,16.2,214.0,4.3,10.9,117.0
2024-08-02T08:00,23.7,15.0,206.0,4.3,9.7,117.0
2024-08-02T09:00,27.6,15.0,201.0,5.0,9.2,115.0
2024-08-02T10:00,31.2,16.5,199.0,6.2,9.9,112.0
2024-08-02T11:00,33.3,17.9,202.0,8.0,11.2,106.0
2024-08-02T12:00,40.0,22.2,234.0,12.0,7.3,94.0
2024-08-02T13:00,45.5,25.7,287.0,15.0,8.5,88.0
2024-08-02T14:00,49.1,28.3,358.0,19.0,10.1,79.0
2024-08-02T15:00,47.1,27.4,391.0,21.2,11.0,69.0
2024-08-02T16:00,40.6,23.8,349.0,20.1,10.6,59.0
2024-08-02T17:00,30.3,18.3,268.0,17.2,9.6,48.0
2024-08-02T18:00,16.3,10.1,204.0,14.6,8.8,40.0
2024-08-02T19:00,10.4,6.5,177.0,12.7,8.6,38.0
2024-08-02T20:00,9.0,5.9,166.0,11.0,8.8,39.0
2024-08-02T21:00,9.4,6.3,164.0,10.1,9.1,39.0
2024-08-02T22:00,11.9,7.8,171.0,10.7,9.7,37.0
2024-08-02T23:00,15.1,9.6,187.0,12.0,10.4,34.0
2024-08-03T00:00,12.7,8.0,181.0,10.0,7.9,32.0
2024-08-03T01:00,15.9,10.0,209.0,11.2,8.9,31.0
2024-08-03T02:00,20.0,12.7,247.0,12.8,10.3,30.0
2024-08-03T03:00,21.8,13.8,270.0,13.4,11.6,35.0
2024-08-03T04:00,22.7,14.5,263.0,12.0,13.0,50.0
2024-08-03T05:00,24.3,15.7,241.0,9.6,14.2,72.0
2024-08-03T06:00,26.4,17.1,220.0,7.3,14.7,91.0
2024-08-03T07:00,27.3,17.5,206.0,5.4,13.7,107.0
2024-08-03T08:00,27.3,16.9,193.0,3.7,11.9,120.0
2024-08-03T09:00,27.6,16.7,186.0,3.0,10.4,128.0
2024-08-03T10:00,28.2,16.7,186.0,3.8,9.7,127.0
2024-08-03T11:00,30.5,17.6,191.0,5.5,9.4,120.0
2024-08-03T12:00,40.5,21.9,205.0,8.1,8.4,96.0
2024-08-03T13:00,41.4,22.8,248.0,13.3,10.4,86.0
2024-08-03T14:00,44.7,25.0,307.0,20.3,13.2,72.0
2024-08-03T15:00,49.2,27.6,345.0,24.9,14.8,63.0
2024-08-03T16:00,54.9,30.9,344.0,24.7,14.2,64.0
2024-08-03T17:00,55.9,31.1,322.0,21.9,12.4,69.0
2024-08-03T18:00,54.2,29.8,302.0,19.2,11.0,71.0
2024-08-03T19:00,53.8,28.5,290.0,17.2,10.5,65.0
2024-08-03T20:00,52.0,27.0,280.0,15.2,10.3,55.0
2024-08-03T21:00,46.2,24.7,269.0,13.8,10.3,46.0
2024-08-03T22:00,36.3,19.8,253.0,13.3,10.3,38.0
2024-08-03T23:00,30.7,16.8,237.0,13.4,10.4,31.0
2024-08-04T00:00,24.7,13.7,203.0,10.8,9.8,33.0
2024-08-04T01:00,20.1,11.5,213.0,11.0,10.4,32.0
2024-08-04T02:00,19.8,11.7,227.0,11.3,11.2,32.0
2024-08-04T03:00,21.6,13.0,237.0,11.0,12.1,39.0
2024-08-04T04:00,24.7,15.4,239.0,9.7,13.2,60.0
2024-08-04T05:00,27.8,17.6,236.0,7.9,14.3,88.0
2024-08-04T06:00,29.9,18.5,232.0,6.2,14.6,112.0
2024-08-04T07:00,31.4,18.7,226.0,4.7,13.4,130.0
2024-08-04T08:00,32.8,18.4,219.0,3.4,11.4,144.0
2024-08-04T09:00,35.4,19.0,211.0,2.8,9.8,149.0
2024-08-04T10:00,37.7,19.8,203.0,3.6,9.1,140.0
2024-08-04T11:00,38.2,19.6,195.0,5.2,8.9,122.0
2024-08-04T12:00,28.0,14.9,184.0,5.9,8.7,108.0
2024-08-04T13:00,31.7,17.2,197.0,8.2,8.5,97.0
2024-08-04T14:00,34.3,19.1,214.0,11.2,8.3,81.0
2024-08-04T15:00,30.7,16.8,227.0,13.5,8.3,69.0
2024-08-04T16:00,28.3,16.3,234.0,14.3,9.0,65.0
2024-08-04T17:00,27.6,16.2,237.0,14.2,9.9,65.0
2024-08-04T18:00,24.4,14.1,233.0,13.5,10.3,65.0
2024-08-04T19:00,20.2,12.0,217.0,11.9,9.4,64.0
2024-08-04T20:00,16.8,10.4,194.0,9.7,7.9,63.0
2024-08-04T21:00,15.1,9.7,178.0,8.2,7.2,62.0
2024-08-04T22:00,15.2,9.6,175.0,8.1,7.8,60.0
2024-08-04T23:00,16.7,10.4,178.0,8.7,9.1,57.0
2024-08-05T00:00,10.9,6.9,163.0,7.3,8.5,56.0
2024-08-05T01:00,11.3,7.0,172.0,8.3,9.5,52.0
2024-08-05T02:00,12.1,7.4,186.0,9.7,11.0,47.0
2024-08-05T03:00,14.1,8.6,197.0,10.5,12.8,48.0
2024-08-05T04:00,15.8,9.7,205.0,10.2,15.3,58.0
2024-08-05T05:00,19.1,11.8,211.0,9.3,18.1,73.0
2024-08-05T06:00,23.3,14.3,213.0,8.1,19.5,89.0
2024-08-05T07:00,25.4,14.7,210.0,6.4,18.3,106.0
2024-08-05T08:00,28.3,15.8,204.0,4.5,15.8,123.0
2024-08-05T09:00,29.0,15.8,199.0,3.5,13.2,132.0
2024-08-05T10:00,29.2,15.7,193.0,3.8,10.9,127.0
2024-08-05T11:00,28.6,15.1,187.0,5.0,8.6,113.0
2024-08-05T12:00,45.9,24.4,233.0,10.0,16.9,121.0
2024-08-05T13:00,46.3,25.4,250.0,12.3,15.9,111.0
2024-08-05T14:00,45.9,25.4,274.0,15.4,14.3,96.0
2024-08-05T15:00,44.9,24.7,287.0,17.1,12.8,85.0
2024-08-05T16:00,44.8,24.4,280.0,16.1,10.9,80.0
2024-08-05T17:00,42.4,23.1,263.0,13.7,9.0,78.0
2024-08-05T18:00,39.7,21.7,249.0,11.7,8.3,76.0
2024-08-05T19:00,40.9,22.2,243.0,10.9,10.2,73.0
2024-08-05T20:00,41.4,23.3,239.0,10.6,13.3,71.0
2024-08-05T21:00,40.4,23.8,236.0,10.4,15.1,66.0
2024-08-05T22:00,37.6,21.8,230.0,10.1,14.1,57.0
2024-08-05T23:00,34.1,19.3,225.0,10.0,11.9,47.0
2024-08-06T00:00,39.1,22.6,252.0,11.5,13.0,42.0
2024-08-06T01:00,37.1,21.4,265.0,12.1,12.7,41.0
2024-08-06T02:00,35.6,20.8,282.0,12.8,12.4,41.0
2024-08-06T03:00,33.3,19.8,289.0,12.7,12.4,47.0
2024-08-06T04:00,32.2,19.7,277.0,11.1,13.0,65.0
2024-08-06T05:00,31.4,19.4,255.0,8.8,13.9,90.0
2024-08-06T06:00,31.1,19.0,238.0,6.8,14.4,111.0
2024-08-06T07:00,31.5,18.9,232.0,5.5,14.3,127.0
2024-08-06T08:00,31.7,18.4,230.0,4.7,13.9,140.0
2024-08-06T09:00,33.1,18.7,230.0,4.5,13.3,147.0
2024-08-06T10:00,34.1,18.9,226.0,5.0,12.3,144.0
2024-08-06T11:00,35.2,19.3,224.0,6.2,11.1,134.0
2024-08-06T12:00,34.5,19.1,216.0,9.8,9.1,104.0
2024-08-06T13:00,33.6,19.3,223.0,11.4,10.2,96.0
2024-08-06T14:00,33.3,19.8,233.0,13.6,11.8,84.0
2024-08-06T15:00,27.9,16.9,238.0,15.1,12.9,75.0
2024-08-06T16:00,24.0,15.1,234.0,15.2,13.2,70.0
2024-08-06T17:00,21.4,13.8,225.0,14.7,13.1,66.0
2024-08-06T18:00,18.1,11.9,216.0,14.1,13.1,63.0
2024-08-06T19:00,15.4,10.1,209.0,13.9,13.4,59.0
2024-08-06T20:00,14.6,9.7,201.0,13.6,13.8,54.0
2024-08-06T21:00,15.1,10.2,197.0,13.0,13.9,52.0
2024-08-06T22:00,15.9,11.0,195.0,11.5,13.2,54.0
2024-08-06T23:00,17.1,11.7,196.0,9.6,12.2,57.0
2024-08-07T00:00,28.4,19.7,233.0,10.9,17.5,58.0
2024-08-07T01:00,33.1,22.8,255.0,12.7,20.1,54.0
2024-08-07T02:00,36.7,25.3,286.0,15.2,23.6,49.0
2024-08-07T03:00,39.6,27.3,307.0,16.6,25.8,49.0
2024-08-07T04:00,40.9,27.9,312.0,16.2,25.6,57.0
2024-08-07T05:00,41.0,27.9,307.0,14.8,24.1,70.0
2024-08-07T06:00,39.1,26.3,297.0,13.0,22.4,83.0
2024-08-07T07:00,37.1,24.4,279.0,10.6,20.6,94.0
2024-08-07T08:00,34.1,22.1,256.0,7.9,18.6,105.0
2024-08-07T09:00,30.9,19.7,238.0,6.2,17.3,112.0
2024-08-07T10:00,28.5,18.3,221.0,5.9,16.9,114.0
2024-08-07T11:00,26.7,17.2,208.0,6.7,17.1,111.0
2024-08-07T12:00,22.2,14.2,198.0,10.6,13.6,65.0
2024-08-07T13:00,22.9,15.0,260.0,14.6,16.1,56.0
2024-08-07T14:00,26.0,17.3,347.0,20.3,19.7,43.0
2024-08-07T15:00,30.4,20.3,419.0,25.2,22.7,34.0
2024-08-07T16:00,34.5,23.2,470.0,29.2,25.2,29.0
2024-08-07T17:00,39.0,26.3,,,27.2,28.0
2024-08-07T18:00,39.1,26.1,,,26.9,30.0
2024-08-07T19:00,40.6,26.5,465.0,28.6,22.2,40.0
2024-08-07T20:00,38.8,25.3,388.0,21.6,15.1,53.0
2024-08-07T21:00,34.0,22.8,328.0,16.1,10.0,61.0
2024-08-07T22:00,30.0,20.5,304.0,13.9,8.8,57.0
2024-08-07T23:00,27.8,19.0,298.0,13.3,9.5,47.0
2024-08-08T00:00,19.2,13.4,235.0,10.1,11.5,50.0
2024-08-08T01:00,18.1,12.5,249.0,11.0,12.2,47.0
2024-08-08T02:00,18.8,12.9,266.0,12.0,13.2,43.0
2024-08-08T03:00,19.9,13.6,274.0,12.2,14.1,46.0
2024-08-08T04:00,21.5,14.8,262.0,10.6,14.7,61.0
2024-08-08T05:00,23.6,15.8,240.0,8.1,15.2,83.0
2024-08-08T06:00,23.3,15.1,221.0,6.0,15.6,104.0
2024-08-08T07:00,24.0,15.5,210.0,4.6,16.0,121.0
2024-08-08T08:00,23.3,14.9,202.0,3.7,16.2,137.0
2024-08-08T09:00,24.2,15.5,199.0,3.4,16.0,148.0
2024-08-08T10:00,25.3,16.1,201.0,3.9,15.0,153.0
2024-08-08T11:00,26.5,16.8,207.0,5.1,13.5,152.0
2024-08-08T12:00,45.9,26.5,227.0,8.9,13.7,123.0
2024-08-08T13:00,44.2,26.3,242.0,12.2,16.2,110.0
2024-08-08T14:00,40.0,24.6,262.0,16.7,19.4,91.0
2024-08-08T15:00,31.9,20.2,270.0,19.4,21.0,75.0
2024-08-08T16:00,22.2,14.2,257.0,18.8,19.2,65.0
2024-08-08T17:00,15.6,10.1,232.0,16.5,15.7,57.0
2024-08-08T18:00,12.6,8.3,212.0,14.2,12.8,52.0
2024-08-08T19:00,12.7,8.3,203.0,12.4,11.4,52.0
2024-08-08T20:00,15.1,10.0,198.0,10.8,10.8,54.0
2024-08-08T21:00,16.5,11.1,197.0,9.8,10.6,55.0
2024-08-08T22:00,17.8,12.1,200.0,10.0,11.2,52.0
2024-08-08T23:00,20.1,13.6,205.0,10.9,12.4,47.0
2024-08-09T00:00,14.8,9.3,200.0,11.4,14.9,47.0
2024-08-09T01:00,16.9,10.5,220.0,12.0,15.3,48.0
2024-08-09T02:00,19.0,11.8,247.0,12.7,15.8,50.0
2024-08-09T03:00,23.7,14.1,261.0,12.4,15.7,57.0
2024-08-09T04:00,27.3,15.5,250.0,10.0,14.8,75.0
2024-08-09T05:00,27.9,15.1,225.0,6.6,13.3,99.0
2024-08-09T06:00,27.5,14.5,203.0,3.9,11.7,116.0
2024-08-09T07:00,25.6,13.3,187.0,2.6,9.9,120.0
2024-08-09T08:00,23.8,12.2,172.0,2.1,8.0,118.0
2024-08-09T09:00,23.1,11.7,164.0,2.2,6.6,114.0
2024-08-09T10:00,24.2,12.3,161.0,2.7,5.7,110.0
2024-08-09T11:00,25.2,12.9,163.0,3.8,5.2,105.0
2024-08-09T12:00,39.1,19.4,178.0,6.1,6.1,92.0
2024-08-09T13:00,41.0,20.6,213.0,10.6,9.1,89.0
2024-08-09T14:00,43.5,23.2,261.0,16.6,13.3,85.0
2024-08-09T15:00,45.5,25.0,298.0,20.6,16.3,82.0
2024-08-09T16:00,46.7,26.3,319.0,20.7,17.4,83.0
2024-08-09T17:00,46.7,26.9,330.0,18.8,17.3,86.0
2024-08-09T18:00,44.9,26.5,322.0,16.3,16.3,86.0
2024-08-09T19:00,34.6,21.1,281.0,13.3,13.7,79.0
2024-08-09T20:00,22.5,13.6,222.0,9.9,10.1,70.0
2024-08-09T21:00,16.9,10.3,178.0,7.5,7.7,61.0
2024-08-09T22:00,13.9,8.4,164.0,7.1,7.6,55.0
2024-08-09T23:00,14.3,8.4,165.0,7.8,8.6,49.0
2024-08-10T00:00,16.3,10.2,179.0,8.1,10.4,63.0
2024-08-10T01:00,16.2,10.1,193.0,9.1,10.8,60.0
2024-08-10T02:00,17.2,10.5,213.0,10.3,11.3,57.0
2024-08-10T03:00,19.9,11.9,227.0,10.8,12.4,62.0
2024-08-10T04:00,23.9,14.1,229.0,9.7,14.4,80.0
2024-08-10T05:00,26.0,15.1,224.0,7.8,17.0,106.0
2024-08-10T06:00,26.8,15.4,221.0,6.1,18.9,130.0
2024-08-10T07:00,29.3,17.1,221.0,4.9,19.9,153.0
2024-08-10T08:00,32.4,19.3,222.0,3.9,20.3,174.0
2024-08-10T09:00,35.3,21.2,224.0,3.6,20.1,
2024-08-10T10:00,37.3,22.2,226.0,4.2,18.8,
2024-08-10T11:00,37.1,21.9,228.0,5.5,16.8,
2024-08-10T12:00,50.6,27.9,218.0,7.0,13.7,153.0
2024-08-10T13:00,49.7,29.2,259.0,12.8,18.0,136.0
2024-08-10T14:00,49.0,30.0,316.0,20.8,23.9,113.0
2024-08-10T15:00,49.2,31.0,360.0,26.7,28.2,92.0
2024-08-10T16:00,48.3,31.0,380.0,28.8,29.9,78.0
2024-08-10T17:00,47.4,30.6,388.0,28.7,29.9,66.0
2024-08-10T18:00,46.7,30.4,385.0,27.6,28.6,57.0
2024-08-10T19:00,45.5,29.7,369.0,25.1,25.1,51.0
2024-08-10T20:00,43.2,28.4,344.0,21.5,20.2,48.0
2024-08-10T21:00,37.6,24.9,322.0,18.4,16.2,46.0
2024-08-10T22:00,32.8,22.1,305.0,16.6,14.1,42.0
2024-08-10T23:00,28.3,19.3,291.0,15.3,12.8,39.0
2024-08-11T00:00,28.3,19.6,335.0,15.0,9.3,34.0
2024-08-11T01:00,27.6,19.0,352.0,14.9,9.9,40.0
2024-08-11T02:00,29.2,19.7,375.0,14.6,10.9,51.0
2024-08-11T03:00,33.3,21.4,382.0,13.6,11.9,67.0
2024-08-11T04:00,39.7,24.3,360.0,11.1,13.3,95.0
2024-08-11T05:00,44.0,26.5,323.0,7.8,14.8,129.0
2024-08-11T06:00,41.4,24.2,292.0,5.3,15.5,156.0
2024-08-11T07:00,39.2,22.1,275.0,4.0,15.0,171.0
2024-08-11T08:00,38.5,21.1,265.0,3.4,13.7,
2024-08-11T09:00,38.9,20.9,260.0,3.4,12.5,
2024-08-11T10:00,38.3,20.5,259.0,3.9,11.3,
2024-08-11T11:00,38.5,20.6,263.0,5.0,10.1,
2024-08-11T12:00,45.3,22.8,231.0,9.1,7.4,117.0
2024-08-11T13:00,46.9,24.4,246.0,9.6,7.6,120.0
2024-08-11T14:00,48.9,25.4,266.0,10.1,7.9,124.0
2024-08-11T15:00,51.2,26.1,277.0,10.1,7.9,126.0
2024-08-11T16:00,52.4,26.3,272.0,9.0,7.4,125.0
2024-08-11T17:00,53.0,26.1,258.0,7.3,6.7,122.0
2024-08-11T18:00,49.6,24.5,244.0,5.9,6.2,118.0
2024-08-11T19:00,46.6,23.4,230.0,5.1,6.1,113.0
2024-08-11T20:00,40.3,21.2,215.0,4.7,6.2,107.0
2024-08-11T21:00,35.5,19.3,206.0,4.6,6.7,101.0
2024-08-11T22:00,31.2,17.6,205.0,5.0,7.6,96.0
2024-08-11T23:00,27.4,15.9,210.0,5.8,8.8,92.0
2024-08-12T00:00,19.2,12.0,203.0,7.0,13.0,80.0
2024-08-12T01:00,19.4,12.6,217.0,8.6,13.6,76.0
2024-08-12T02:00,19.6,12.7,236.0,10.7,14.6,72.0
2024-08-12T03:00,21.2,13.8,249.0,11.7,15.8,76.0
2024-08-12T04:00,25.0,16.1,249.0,10.4,17.8,95.0
2024-08-12T05:00,27.2,16.6,243.0,7.9,20.0,122.0
2024-08-12T06:00,30.4,17.0,237.0,5.8,21.0,146.0
2024-08-12T07:00,35.4,19.3,235.0,4.5,19.9,164.0
2024-08-12T08:00,38.5,21.0,235.0,3.6,17.6,
2024-08-12T09:00,39.9,21.8,233.0,3.2,15.5,
2024-08-12T10:00,40.6,22.1,228.0,3.6,14.3,
2024-08-12T11:00,40.4,21.9,222.0,4.7,13.3,168.0
2024-08-12T12:00,48.0,25.6,206.0,5.2,10.1,152.0
2024-08-12T13:00,46.4,25.1,213.0,6.2,9.3,142.0
2024-08-12T14:00,47.3,25.5,223.0,7.6,8.2,129.0
2024-08-12T15:00,47.1,24.9,228.0,8.3,7.3,117.0
2024-08-12T16:00,46.9,24.2,225.0,7.9,6.6,109.0
2024-08-12T17:00,47.0,23.7,218.0,6.8,6.1,103.0
2024-08-12T18:00,47.3,23.5,211.0,5.9,5.8,97.0
2024-08-12T19:00,46.7,23.2,205.0,5.3,5.8,92.0
2024-08-12T20:00,45.5,23.0,200.0,4.9,6.1,89.0
2024-08-12T21:00,42.4,22.4,199.0,5.0,6.8,85.0
2024-08-12T22:00,39.1,21.8,203.0,5.9,8.0,80.0
2024-08-12T23:00,35.9,20.7,210.0,7.3,9.5,75.0
2024-08-13T00:00,41.7,23.4,235.0,9.0,10.0,68.0
2024-08-13T01:00,41.2,23.7,238.0,9.8,12.5,71.0
2024-08-13T02:00,41.8,24.2,242.0,10.9,16.0,75.0
2024-08-13T03:00,41.2,23.9,243.0,11.0,18.4,83.0
2024-08-13T04:00,40.0,23.4,240.0,9.2,18.8,98.0
2024-08-13T05:00,38.4,22.6,235.0,6.4,18.2,117.0
2024-08-13T06:00,38.0,22.3,228.0,4.1,16.9,130.0
2024-08-13T07:00,35.5,20.7,218.0,3.0,14.9,132.0
2024-08-13T08:00,34.0,19.9,207.0,2.4,12.4,128.0
2024-08-13T09:00,29.8,17.6,195.0,2.3,10.2,120.0
2024-08-13T10:00,26.3,15.5,183.0,2.7,8.8,105.0
2024-08-13T11:00,23.0,13.7,171.0,3.6,7.8,86.0
2024-08-13T12:00,28.1,16.1,155.0,4.8,6.4,66.0
2024-08-13T13:00,27.0,15.5,160.0,5.9,5.9,60.0
2024-08-13T14:00,26.4,15.1,166.0,7.3,5.2,51.0
2024-08-13T15:00,26.3,14.9,170.0,8.3,4.6,44.0
2024-08-13T16:00,25.9,14.6,170.0,8.4,4.3,42.0
2024-08-13T17:00,25.7,14.5,168.0,8.1,4.1,42.0
2024-08-13T18:00,24.9,14.1,166.0,7.7,4.0,42.0
2024-08-13T19:00,23.9,13.5,165.0,7.4,3.8,41.0
2024-08-13T20:00,22.8,13.0,164.0,7.0,3.8,41.0
2024-08-13T21:00,22.4,12.8,165.0,6.9,3.9,40.0
2024-08-13T22:00,22.1,12.7,168.0,7.3,4.2,38.0
2024-08-13T23:00,21.6,12.5,173.0,7.9,4.8,36.0
2024-08-14T00:00,19.6,11.3,149.0,5.6,3.7,37.0
2024-08-14T01:00,20.6,12.0,148.0,5.7,5.4,39.0
2024-08-14T02:00,20.6,11.8,147.0,5.9,7.7,43.0
2024-08-14T03:00,19.6,11.1,144.0,5.8,9.6,48.0
2024-08-14T04:00,18.6,10.6,139.0,5.4,10.7,56.0
2024-08-14T05:00,19.7,11.4,133.0,4.7,11.4,65.0
2024-08-14T06:00,20.1,11.2,128.0,4.1,11.5,71.0
2024-08-14T07:00,20.0,11.0,125.0,3.4,10.6,74.0
2024-08-14T08:00,19.2,10.5,123.0,2.7,9.1,74.0
2024-08-14T09:00,18.5,10.2,123.0,2.4,7.9,72.0
2024-08-14T10:00,18.0,9.8,122.0,2.7,7.4,69.0
2024-08-14T11:00,17.1,9.3,123.0,3.5,7.2,64.0
2024-08-14T12:00,14.2,7.9,123.0,4.5,6.7,52.0
2024-08-14T13:00,13.2,7.4,135.0,6.1,6.2,47.0
2024-08-14T14:00,12.8,7.3,151.0,8.4,5.5,40.0
2024-08-14T15:00,12.7,7.4,164.0,9.9,4.9,36.0
2024-08-14T16:00,12.4,7.3,170.0,10.1,4.5,36.0
2024-08-14T17:00,13.0,7.7,172.0,9.6,4.2,39.0
2024-08-14T18:00,14.3,8.4,173.0,9.0,4.1,43.0
2024-08-14T19:00,15.7,9.1,174.0,8.2,4.1,47.0
2024-08-14T20:00,17.0,9.9,174.0,7.3,4.2,52.0
2024-08-14T21:00,15.3,9.0,175.0,6.7,4.6,55.0
2024-08-14T22:00,14.1,8.4,177.0,6.7,5.2,55.0
2024-08-14T23:00,14.0,8.4,181.0,7.2,6.2,54.0
2024-08-15T00:00,14.0,8.1,163.0,5.0,5.6,63.0
2024-08-15T01:00,14.8,8.8,172.0,6.1,7.9,60.0
2024-08-15T02:00,17.1,10.2,183.0,7.5,11.1,57.0
2024-08-15T03:00,19.6,12.0,189.0,8.1,13.4,58.0
2024-08-15T04:00,21.7,13.3,185.0,7.3,14.0,68.0
2024-08-15T05:00,23.6,14.3,175.0,5.7,13.7,81.0
2024-08-15T06:00,25.4,15.3,164.0,4.3,12.8,91.0
2024-08-15T07:00,25.7,15.1,152.0,3.4,11.1,94.0
2024-08-15T08:00,24.4,14.1,140.0,2.7,8.7,92.0
2024-08-15T09:00,23.5,13.6,130.0,2.4,6.9,87.0
2024-08-15T10:00,21.5,12.3,124.0,2.7,6.0,77.0
2024-08-15T11:00,18.7,10.7,122.0,3.4,5.7,63.0
2024-08-15T12:00,26.8,15.7,134.0,5.2,7.7,79.0
2024-08-15T13:00,23.1,13.5,135.0,6.0,6.7,68.0
2024-08-15T14:00,20.2,11.8,137.0,7.0,5.4,54.0
2024-08-15T15:00,19.0,10.9,138.0,7.7,4.4,43.0
2024-08-15T16:00,18.1,10.3,138.0,7.8,4.2,40.0
2024-08-15T17:00,18.2,10.2,137.0,7.6,4.4,40.0
2024-08-15T18:00,17.8,9.8,136.0,7.2,4.5,41.0
2024-08-15T19:00,18.0,9.7,133.0,6.5,4.4,43.0
2024-08-15T20:00,18.7,10.0,128.0,5.7,4.3,45.0
2024-08-15T21:00,18.9,10.1,126.0,5.1,4.3,46.0
2024-08-15T22:00,19.0,10.2,126.0,5.1,4.4,44.0
2024-08-15T23:00,18.0,9.8,129.0,5.5,4.7,40.0
2024-08-16T00:00,18.5,10.2,123.0,4.4,4.4,42.0
2024-08-16T01:00,18.9,10.6,131.0,5.0,6.1,42.0
2024-08-16T02:00,18.6,10.7,143.0,5.8,8.4,41.0
2024-08-16T03:00,18.7,10.8,150.0,6.1,10.0,44.0
2024-08-16T04:00,19.0,11.1,149.0,5.6,10.3,53.0
2024-08-16T05:00,20.9,12.2,144.0,4.6,9.9,64.0
2024-08-16T06:00,22.1,12.7,137.0,3.7,9.1,72.0
2024-08-16T07:00,21.2,12.0,128.0,3.0,7.9,72.0
2024-08-16T08:00,20.4,11.3,118.0,2.3,6.3,68.0
2024-08-16T09:00,19.9,10.9,112.0,2.1,5.1,63.0
2024-08-16T10:00,19.3,10.6,111.0,2.4,4.7,59.0
2024-08-16T11:00,19.2,10.5,114.0,3.2,4.7,54.0
2024-08-16T12:00,20.1,11.3,129.0,3.9,4.7,51.0
2024-08-16T13:00,20.7,11.6,139.0,5.1,4.8,50.0
2024-08-16T14:00,21.9,12.3,153.0,6.8,5.0,50.0
2024-08-16T15:00,22.7,12.7,163.0,7.8,5.1,50.0
2024-08-16T16:00,23.7,13.3,165.0,7.6,5.1,52.0
2024-08-16T17:00,22.8,12.9,164.0,6.9,5.0,54.0
2024-08-16T18:00,22.1,12.7,164.0,6.3,4.9,57.0
2024-08-16T19:00,22.1,12.8,168.0,6.2,4.9,60.0
2024-08-16T20:00,23.1,13.4,173.0,6.2,5.0,62.0
2024-08-16T21:00,22.7,13.2,177.0,6.3,5.2,64.0
2024-08-16T22:00,21.5,12.6,179.0,6.3,5.4,64.0
2024-08-16T23:00,20.2,11.9,180.0,6.4,5.8,62.0
2024-08-17T00:00,18.0,10.3,154.0,4.1,4.5,65.0
2024-08-17T01:00,17.5,10.2,163.0,5.0,5.8,65.0
2024-08-17T02:00,17.8,10.6,176.0,6.3,7.6,66.0
2024-08-17T03:00,20.3,12.2,185.0,6.9,9.2,71.0
2024-08-17T04:00,23.7,14.3,186.0,6.2,10.3,84.0
2024-08-17T05:00,26.5,15.6,183.0,4.9,11.1,101.0
2024-08-17T06:00,28.0,16.2,178.0,3.7,11.4,113.0
2024-08-17T07:00,29.0,16.6,172.0,3.0,10.8,118.0
2024-08-17T08:00,29.1,16.5,165.0,2.4,9.6,118.0
2024-08-17T09:00,28.8,16.4,159.0,2.3,8.6,115.0
2024-08-17T10:00,27.6,15.5,156.0,2.9,8.0,107.0
2024-08-17T11:00,25.7,14.3,154.0,3.9,7.5,95.0
2024-08-17T12:00,25.0,13.9,147.0,4.7,6.0,79.0
2024-08-17T13:00,24.9,14.0,153.0,5.6,5.6,73.0
2024-08-17T14:00,24.3,13.7,161.0,6.9,5.1,66.0
2024-08-17T15:00,24.0,13.4,166.0,7.6,4.6,60.0
2024-08-17T16:00,24.2,13.5,164.0,7.3,4.2,58.0
2024-08-17T17:00,24.4,13.5,158.0,6.4,4.0,57.0
2024-08-17T18:00,24.5,13.4,157.0,5.8,4.0,59.0
2024-08-17T19:00,24.9,13.5,164.0,5.5,4.1,64.0
2024-08-17T20:00,25.6,14.0,176.0,5.5,4.5,71.0
2024-08-17T21:00,25.7,14.4,190.0,6.0,5.9,74.0
2024-08-17T22:00,24.9,14.7,208.0,7.3,8.8,71.0
2024-08-17T23:00,27.9,17.8,229.0,9.2,12.6,64.0
2024-08-18T00:00,37.4,25.0,270.0,11.9,21.8,59.0
2024-08-18T01:00,43.3,29.6,282.0,12.6,26.8,63.0
2024-08-18T02:00,49.1,33.9,299.0,13.3,,70.0
2024-08-18T03:00,52.2,36.1,307.0,13.1,,84.0
2024-08-18T04:00,48.7,33.6,300.0,10.9,,110.0
2024-08-18T05:00,44.5,30.5,284.0,7.6,,143.0
2024-08-18T06:00,41.9,28.5,269.0,5.0,,167.0
2024-08-18T07:00,44.7,29.9,259.0,3.7,30.3,
2024-08-18T08:00,46.0,30.0,250.0,3.2,26.5,
2024-08-18T09:00,47.7,30.4,241.0,3.1,23.3,175.0
2024-08-18T10:00,49.2,30.4,231.0,3.6,21.2,167.0
2024-08-18T11:00,49.9,30.3,221.0,4.5,19.6,154.0
2024-08-18T12:00,28.2,15.5,199.0,4.9,15.0,119.0
2024-08-18T13:00,27.9,14.9,196.0,5.8,12.9,107.0
2024-08-18T14:00,26.0,13.6,191.0,6.9,9.9,91.0
2024-08-18T15:00,23.8,12.5,186.0,7.6,7.5,79.0
2024-08-18T16:00,21.6,11.4,180.0,7.1,6.0,74.0
2024-08-18T17:00,19.8,10.5,174.0,6.1,4.9,72.0
2024-08-18T18:00,19.2,10.1,172.0,5.6,4.6,71.0
2024-08-18T19:00,19.7,10.4,178.0,5.9,5.1,71.0
2024-08-18T20:00,20.0,10.8,188.0,6.7,6.3,71.0
2024-08-18T21:00,19.9,10.9,199.0,7.6,7.8,71.0
2024-08-18T22:00,19.0,10.7,209.0,8.6,9.5,68.0
2024-08-18T23:00,20.2,12.3,219.0,9.6,11.6,64.0
2024-08-19T00:00,20.6,12.8,217.0,9.1,10.4,58.0
2024-08-19T01:00,22.7,14.5,217.0,10.0,14.9,55.0
2024-08-19T02:00,25.5,16.5,218.0,11.2,21.1,51.0
2024-08-19T03:00,28.6,18.7,215.0,11.5,25.2,53.0
2024-08-19T04:00,29.2,18.9,208.0,10.0,25.4,66.0
2024-08-19T05:00,28.0,17.7,197.0,7.6,23.5,84.0
2024-08-19T06:00,27.0,16.4,186.0,5.5,21.0,99.0
2024-08-19T07:00,27.2,16.1,172.0,4.0,17.8,108.0
2024-08-19T08:00,26.4,15.3,156.0,2.9,14.1,113.0
2024-08-19T09:00,26.0,15.0,146.0,2.5,11.2,114.0
2024-08-19T10:00,25.4,14.5,142.0,3.2,10.0,107.0
2024-08-19T11:00,25.4,14.4,144.0,4.7,9.7,96.0
2024-08-19T12:00,18.5,10.4,143.0,6.0,6.1,62.0
2024-08-19T13:00,20.5,11.7,159.0,7.9,6.2,60.0
2024-08-19T14:00,23.1,13.1,182.0,10.5,6.4,58.0
2024-08-19T15:00,25.7,14.4,198.0,12.1,6.6,57.0
2024-08-19T16:00,28.3,15.7,200.0,11.6,6.6,61.0
2024-08-19T17:00,27.6,15.7,195.0,10.1,6.6,67.0
2024-08-19T18:00,27.0,15.7,193.0,9.2,7.8,70.0
2024-08-19T19:00,26.7,16.8,196.0,9.5,11.1,69.0
2024-08-19T20:00,27.6,18.2,202.0,10.4,15.5,66.0
2024-08-19T21:00,29.1,19.6,208.0,11.1,19.0,62.0
2024-08-19T22:00,30.7,20.7,214.0,11.5,20.8,58.0
2024-08-19T23:00,31.7,21.4,221.0,11.8,21.7,53.0
2024-08-20T00:00,39.6,27.1,252.0,12.2,23.0,51.0
2024-08-20T01:00,39.7,27.2,260.0,12.2,23.0,56.0
2024-08-20T02:00,39.2,26.8,272.0,12.0,22.9,63.0
2024-08-20T03:00,38.6,26.3,276.0,11.3,22.6,74.0
2024-08-20T04:00,38.6,26.1,269.0,9.5,21.9,93.0
2024-08-20T05:00,38.6,25.5,255.0,7.1,20.9,117.0
2024-08-20T06:00,36.7,22.9,240.0,5.2,19.6,134.0
2024-08-20T07:00,36.3,21.5,226.0,4.2,18.0,140.0
2024-08-20T08:00,37.0,21.4,212.0,3.6,16.1,140.0
2024-08-20T09:00,36.9,21.0,199.0,3.5,14.2,136.0
2024-08-20T10:00,37.1,20.8,187.0,3.9,12.4,126.0
2024-08-20T11:00,35.9,19.7,176.0,4.8,10.6,112.0
2024-08-20T12:00,28.5,15.4,166.0,5.7,8.7,96.0
2024-08-20T13:00,24.6,13.2,162.0,5.9,7.5,84.0
2024-08-20T14:00,21.3,11.3,156.0,6.2,6.0,68.0
2024-08-20T15:00,19.6,10.4,152.0,6.6,5.0,55.0
2024-08-20T16:00,18.6,10.1,151.0,7.1,5.1,49.0
2024-08-20T17:00,17.1,9.5,152.0,7.7,5.9,46.0
2024-08-20T18:00,16.8,9.6,152.0,8.1,6.7,43.0
2024-08-20T19:00,16.4,9.4,150.0,8.3,7.5,40.0
2024-08-20T20:00,15.7,9.1,148.0,8.3,8.3,37.0
2024-08-20T21:00,14.3,8.3,146.0,8.5,9.2,35.0
2024-08-20T22:00,13.0,7.7,146.0,9.1,10.1,33.0
2024-08-20T23:00,12.5,7.3,147.0,9.9,11.0,31.0
2024-08-21T00:00,9.4,5.7,141.0,8.7,9.4,33.0
2024-08-21T01:00,9.2,5.7,149.0,8.7,11.3,33.0
2024-08-21T02:00,9.3,5.8,160.0,8.6,13.8,33.0
2024-08-21T03:00,10.5,6.6,166.0,8.1,15.1,37.0
2024-08-21T04:00,11.7,7.2,161.0,6.8,14.2,47.0
2024-08-21T05:00,12.8,7.7,150.0,5.1,12.1,59.0
2024-08-21T06:00,16.1,9.4,141.0,3.8,10.1,69.0
2024-08-21T07:00,17.5,10.0,134.0,3.0,8.5,73.0
2024-08-21T08:00,18.3,10.3,128.0,2.6,7.1,74.0
2024-08-21T09:00,18.7,10.4,128.0,2.9,6.4,75.0
2024-08-21T10:00,19.3,10.6,139.0,4.2,6.9,78.0
2024-08-21T11:00,20.5,11.4,155.0,6.2,8.2,82.0
2024-08-21T12:00,28.1,16.1,162.0,5.9,8.7,93.0
2024-08-21T13:00,31.0,17.8,169.0,6.7,8.9,91.0
2024-08-21T14:00,32.1,18.4,179.0,7.8,9.2,87.0
2024-08-21T15:00,30.9,17.9,185.0,8.9,9.8,82.0
2024-08-21T16:00,28.4,17.1,183.0,9.9,11.0,73.0
2024-08-21T17:00,25.4,15.9,177.0,10.9,12.6,61.0
2024-08-21T18:00,22.7,14.2,173.0,11.5,13.7,53.0
2024-08-21T19:00,21.7,13.6,173.0,11.3,14.1,51.0
2024-08-21T20:00,21.7,13.6,175.0,10.7,14.1,52.0
2024-08-21T21:00,22.1,13.9,177.0,10.2,14.1,52.0
2024-08-21T22:00,22.4,14.0,176.0,10.0,14.0,50.0
2024-08-21T23:00,22.4,14.0,176.0,9.9,13.8,46.0
2024-08-22T00:00,21.7,13.9,186.0,10.0,13.8,45.0
2024-08-22T01:00,21.9,14.3,203.0,10.3,14.2,46.0
2024-08-22T02:00,22.8,15.2,226.0,10.7,14.8,48.0
2024-08-22T03:00,23.9,16.2,241.0,10.4,15.1,56.0
2024-08-22T04:00,25.3,17.4,241.0,8.7,15.1,76.0
2024-08-22T05:00,28.4,19.6,232.0,6.4,14.9,102.0
2024-08-22T06:00,30.3,19.9,222.0,4.5,14.3,121.0
2024-08-22T07:00,31.5,19.7,210.0,3.4,13.0,127.0
2024-08-22T08:00,31.5,18.9,196.0,2.8,11.3,127.0
2024-08-22T09:00,33.1,19.6,187.0,2.8,10.2,125.0
2024-08-22T10:00,35.3,20.8,189.0,3.8,10.2,124.0
2024-08-22T11:00,36.9,21.6,196.0,5.4,10.8,123.0
2024-08-22T12:00,29.7,16.8,174.0,6.0,9.8,107.0
2024-08-22T13:00,29.3,16.3,174.0,6.5,9.2,99.0
2024-08-22T14:00,28.2,15.7,174.0,7.2,8.4,88.0
2024-08-22T15:00,27.6,15.4,174.0,7.8,7.9,78.0
2024-08-22T16:00,26.8,15.4,175.0,8.3,7.8,69.0
2024-08-22T17:00,25.8,15.2,175.0,8.8,8.0,62.0
2024-08-22T18:00,25.3,15.1,175.0,9.3,8.5,55.0
2024-08-22T19:00,24.8,14.9,173.0,10.0,9.6,50.0
2024-08-22T20:00,24.7,15.1,170.0,10.7,11.2,45.0
2024-08-22T21:00,24.2,14.9,169.0,11.1,12.5,43.0
2024-08-22T22:00,24.1,15.0,169.0,11.1,13.4,43.0
2024-08-22T23:00,24.4,15.3,170.0,10.9,14.1,44.0
2024-08-23T00:00,26.4,17.7,249.0,14.0,15.9,36.0
2024-08-23T01:00,26.6,17.8,258.0,13.5,15.8,40.0
2024-08-23T02:00,27.5,18.3,269.0,12.7,15.7,47.0
2024-08-23T03:00,28.7,19.3,274.0,11.6,15.8,57.0
2024-08-23T04:00,30.0,20.3,267.0,10.1,16.4,73.0
2024-08-23T05:00,32.8,22.3,253.0,8.4,17.1,93.0
2024-08-23T06:00,34.6,23.1,240.0,6.8,17.3,110.0
2024-08-23T07:00,36.0,23.3,228.0,5.2,16.4,124.0
2024-08-23T08:00,37.4,23.1,216.0,3.8,14.9,136.0
2024-08-23T09:00,38.4,22.7,208.0,3.2,13.6,142.0
2024-08-23T10:00,40.4,23.5,206.0,4.0,12.9,141.0
2024-08-23T11:00,42.0,24.3,208.0,5.5,12.4,135.0
2024-08-23T12:00,44.6,25.9,210.0,7.3,11.7,124.0
2024-08-23T13:00,44.9,25.7,206.0,7.6,10.2,112.0
2024-08-23T14:00,42.7,24.0,199.0,7.9,8.0,96.0
2024-08-23T15:00,39.6,22.0,191.0,8.2,6.5,82.0
2024-08-23T16:00,37.5,20.8,180.0,8.2,6.0,72.0
2024-08-23T17:00,34.2,19.1,167.0,8.1,6.2,63.0
2024-08-23T18:00,30.6,17.2,157.0,8.1,6.7,57.0
2024-08-23T19:00,27.1,15.3,150.0,8.1,7.7,54.0
2024-08-23T20:00,24.4,13.9,146.0,8.2,9.0,52.0
2024-08-23T21:00,22.6,12.8,144.0,8.3,10.1,51.0
2024-08-23T22:00,21.9,12.5,143.0,8.3,10.8,49.0
2024-08-23T23:00,22.1,12.9,145.0,8.4,11.2,48.0
2024-08-24T00:00,22.0,13.0,163.0,9.4,12.3,46.0
2024-08-24T01:00,22.5,13.5,179.0,10.6,13.0,43.0
2024-08-24T02:00,23.3,14.2,202.0,12.1,14.0,40.0
2024-08-24T03:00,24.5,15.1,219.0,12.6,14.7,43.0
2024-08-24T04:00,26.7,16.6,224.0,11.1,15.2,57.0
2024-08-24T05:00,30.0,19.0,224.0,8.6,15.4,76.0
2024-08-24T06:00,33.5,21.1,222.0,6.5,15.2,94.0
2024-08-24T07:00,35.0,21.3,218.0,5.1,14.3,107.0
2024-08-24T08:00,36.1,21.3,213.0,4.0,12.9,118.0
2024-08-24T09:00,37.3,21.5,212.0,3.9,11.7,125.0
2024-08-24T10:00,38.4,21.8,220.0,5.4,11.1,126.0
2024-08-24T11:00,40.5,22.6,232.0,7.7,10.8,122.0
2024-08-24T12:00,41.2,23.1,232.0,8.4,9.6,119.0
2024-08-24T13:00,44.0,24.8,248.0,10.5,9.3,112.0
2024-08-24T14:00,45.6,25.9,270.0,13.4,8.9,103.0
2024-08-24T15:00,43.8,25.0,285.0,15.4,8.6,93.0
2024-08-24T16:00,41.1,23.7,287.0,15.6,8.3,84.0
2024-08-24T17:00,39.6,22.9,283.0,15.0,8.0,75.0
2024-08-24T18:00,37.7,22.0,282.0,14.4,7.9,66.0
2024-08-24T19:00,34.5,20.8,292.0,14.3,8.0,56.0
2024-08-24T20:00,30.0,18.9,305.0,14.4,8.2,46.0
2024-08-24T21:00,25.3,16.4,310.0,14.2,8.4,38.0
2024-08-24T22:00,21.2,14.1,297.0,13.6,8.3,32.0
2024-08-24T23:00,18.0,12.1,276.0,12.8,8.2,27.0
2024-08-25T00:00,14.3,9.8,250.0,12.1,7.6,24.0
2024-08-25T01:00,13.6,9.3,249.0,11.8,8.4,25.0
2024-08-25T02:00,14.1,9.5,247.0,11.3,9.6,28.0
2024-08-25T03:00,13.8,9.2,241.0,10.4,10.5,36.0
2024-08-25T04:00,14.4,9.3,226.0,8.6,11.2,53.0
2024-08-25T05:00,18.2,11.5,206.0,6.5,11.7,74.0
2024-08-25T06:00,21.2,13.2,191.0,4.7,11.6,92.0
2024-08-25T07:00,22.1,13.2,184.0,3.6,10.6,103.0
2024-08-25T08:00,23.8,13.7,181.0,3.0,9.0,110.0
2024-08-25T09:00,25.2,14.3,182.0,3.0,7.9,114.0
2024-08-25T10:00,27.5,15.0,187.0,4.0,7.6,115.0
2024-08-25T11:00,32.2,16.8,196.0,5.6,7.7,113.0
2024-08-25T12:00,34.3,18.3,218.0,8.7,6.2,104.0
2024-08-25T13:00,40.6,21.8,237.0,12.1,7.6,95.0
2024-08-25T14:00,40.6,21.8,263.0,16.8,9.4,82.0
2024-08-25T15:00,39.0,21.7,282.0,19.8,10.6,72.0
2024-08-25T16:00,38.4,21.7,287.0,19.7,10.5,69.0
2024-08-25T17:00,36.2,20.4,286.0,17.9,9.8,69.0
2024-08-25T18:00,35.7,20.5,281.0,16.1,9.1,68.0
2024-08-25T19:00,34.5,19.9,273.0,14.6,8.5,63.0
2024-08-25T20:00,33.3,19.3,262.0,13.0,7.8,56.0
2024-08-25T21:00,31.8,18.7,255.0,12.0,7.5,49.0
2024-08-25T22:00,29.2,17.8,256.0,12.0,7.6,40.0
2024-08-25T23:00,25.6,16.3,260.0,12.5,8.0,31.0
2024-08-26T00:00,19.8,13.2,258.0,12.2,8.5,27.0
2024-08-26T01:00,17.5,11.5,247.0,11.5,9.1,28.0
2024-08-26T02:00,16.6,10.8,232.0,10.5,9.9,31.0
2024-08-26T03:00,16.7,10.7,218.0,9.2,10.5,39.0
2024-08-26T04:00,17.7,11.3,206.0,7.5,10.9,56.0
2024-08-26T05:00,20.3,13.2,196.0,5.6,11.0,78.0
2024-08-26T06:00,21.7,13.9,188.0,4.1,10.7,96.0
2024-08-26T07:00,22.1,13.9,184.0,3.1,9.5,108.0
2024-08-26T08:00,22.7,13.9,183.0,2.5,7.7,116.0
2024-08-26T09:00,24.4,14.2,184.0,2.6,6.5,119.0
2024-08-26T10:00,27.5,15.0,184.0,3.5,6.2,116.0
2024-08-26T11:00,34.0,18.0,186.0,5.1,6.4,109.0
2024-08-26T12:00,25.8,14.0,206.0,7.8,5.5,105.0
2024-08-26T13:00,33.2,17.9,220.0,10.2,6.0,100.0
2024-08-26T14:00,35.6,19.5,240.0,13.5,6.8,92.0
2024-08-26T15:00,33.6,18.6,257.0,16.2,7.8,83.0
2024-08-26T16:00,27.5,16.0,269.0,17.9,9.4,72.0
2024-08-26T17:00,24.9,15.8,279.0,19.1,11.4,60.0
2024-08-26T18:00,24.9,16.3,282.0,19.2,12.6,52.0
2024-08-26T19:00,26.1,16.8,275.0,17.6,12.5,50.0
2024-08-26T20:00,27.4,17.3,263.0,15.1,11.8,52.0
2024-08-26T21:00,28.8,17.9,253.0,13.1,11.2,52.0
2024-08-26T22:00,28.6,17.7,247.0,12.2,11.1,48.0
2024-08-26T23:00,29.0,17.9,244.0,12.0,11.3,44.0
2024-08-27T00:00,27.5,17.8,237.0,10.9,11.5,43.0
2024-08-27T01:00,26.8,17.6,248.0,11.7,11.7,40.0
2024-08-27T02:00,24.6,16.4,262.0,12.8,12.0,37.0
2024-08-27T03:00,20.1,13.6,269.0,13.3,12.7,37.0
2024-08-27T04:00,16.8,11.5,260.0,13.0,14.2,42.0
2024-08-27T05:00,16.3,11.2,244.0,12.3,16.0,50.0
2024-08-27T06:00,17.9,12.4,229.0,11.1,17.0,60.0
2024-08-27T07:00,20.5,14.1,217.0,9.0,16.4,75.0
2024-08-27T08:00,22.6,15.4,207.0,6.6,15.0,93.0
2024-08-27T09:00,23.2,15.5,204.0,5.4,13.7,105.0
2024-08-27T10:00,24.9,15.9,210.0,6.3,12.7,107.0
2024-08-27T11:00,27.4,16.6,224.0,8.5,11.8,104.0
2024-08-27T12:00,34.1,20.3,210.0,6.9,10.7,111.0
2024-08-27T13:00,38.0,22.2,232.0,9.8,10.7,105.0
2024-08-27T14:00,41.3,23.7,261.0,13.8,10.6,96.0
2024-08-27T15:00,41.4,23.4,277.0,16.0,10.4,89.0
2024-08-27T16:00,40.4,22.5,265.0,14.7,9.8,87.0
2024-08-27T17:00,36.0,20.2,240.0,11.6,8.9,86.0
2024-08-27T18:00,32.5,18.1,220.0,9.3,8.3,84.0
2024-08-27T19:00,29.8,16.9,211.0,8.6,8.0,78.0
2024-08-27T20:00,27.8,16.2,208.0,8.7,7.8,71.0
2024-08-27T21:00,27.0,16.1,211.0,9.1,8.0,63.0
2024-08-27T22:00,26.6,16.4,222.0,9.8,8.5,55.0
2024-08-27T23:00,26.6,16.9,239.0,10.9,9.4,46.0
2024-08-28T00:00,22.9,15.2,213.0,11.5,12.6,42.0
2024-08-28T01:00,21.7,14.7,238.0,13.4,12.8,36.0
2024-08-28T02:00,21.0,14.4,272.0,16.1,13.1,28.0
2024-08-28T03:00,20.3,14.1,296.0,18.0,13.7,23.0
2024-08-28T04:00,19.8,13.7,300.0,18.5,14.6,23.0
2024-08-28T05:00,19.0,13.2,295.0,18.2,15.6,25.0
2024-08-28T06:00,19.2,13.2,288.0,17.8,16.8,30.0
2024-08-28T07:00,19.8,13.6,280.0,17.1,18.2,38.0
2024-08-28T08:00,21.5,14.7,272.0,16.3,19.8,47.0
2024-08-28T09:00,24.2,16.5,270.0,16.2,20.6,55.0
2024-08-28T10:00,28.2,19.0,282.0,18.0,20.5,59.0
2024-08-28T11:00,30.9,20.7,302.0,20.5,19.7,61.0
2024-08-28T12:00,37.1,23.9,294.0,22.8,22.2,63.0
2024-08-28T13:00,39.5,25.6,314.0,23.6,20.2,60.0
2024-08-28T14:00,44.5,28.1,340.0,24.5,17.3,55.0
2024-08-28T15:00,40.4,25.5,349.0,24.0,14.5,52.0
2024-08-28T16:00,35.6,22.1,328.0,20.9,11.9,51.0
2024-08-28T17:00,30.3,18.5,290.0,16.4,9.4,51.0
2024-08-28T18:00,25.4,15.7,257.0,12.8,7.8,50.0
2024-08-28T19:00,19.9,12.7,236.0,11.0,7.5,46.0
2024-08-28T20:00,17.1,11.3,220.0,10.1,8.1,41.0
2024-08-28T21:00,15.7,10.5,210.0,9.6,8.6,37.0
2024-08-28T22:00,14.6,9.8,206.0,9.3,8.8,35.0
2024-08-28T23:00,14.3,9.6,207.0,9.3,8.9,33.0
2024-08-29T00:00,10.2,6.7,181.0,8.0,6.5,37.0
2024-08-29T01:00,11.5,7.6,205.0,10.3,7.8,34.0
2024-08-29T02:00,13.2,8.9,239.0,13.4,9.7,30.0
2024-08-29T03:00,15.5,10.6,266.0,15.7,11.5,28.0
2024-08-29T04:00,17.6,12.0,278.0,16.4,13.0,30.0
2024-08-29T05:00,19.4,13.2,283.0,16.4,14.5,35.0
2024-08-29T06:00,21.1,14.4,286.0,16.1,15.8,42.0
2024-08-29T07:00,23.2,15.8,285.0,15.6,17.0,51.0
2024-08-29T08:00,26.4,17.6,282.0,15.0,18.0,62.0
2024-08-29T09:00,29.3,19.3,283.0,14.9,18.6,70.0
2024-08-29T10:00,31.1,20.5,292.0,16.0,18.5,74.0
2024-08-29T11:00,32.6,21.4,305.0,17.6,17.8,76.0
2024-08-29T12:00,38.3,25.0,356.0,24.7,14.5,64.0
2024-08-29T13:00,41.0,24.7,329.0,23.0,13.2,60.0
2024-08-29T14:00,34.5,20.3,293.0,20.6,11.3,54.0
2024-08-29T15:00,27.4,16.3,263.0,18.2,9.7,48.0
2024-08-29T16:00,22.9,13.9,247.0,15.9,8.4,43.0
2024-08-29T17:00,22.4,12.7,238.0,13.7,7.3,39.0
2024-08-29T18:00,19.7,11.8,235.0,12.3,6.7,35.0
2024-08-29T19:00,17.5,11.2,242.0,12.3,6.8,30.0
2024-08-29T20:00,16.2,10.8,254.0,13.1,7.3,26.0
2024-08-29T21:00,15.3,10.2,261.0,13.7,7.8,22.0
2024-08-29T22:00,14.5,9.3,251.0,13.4,8.0,19.0
2024-08-29T23:00,13.1,8.2,236.0,12.9,8.1,17.0
2024-08-30T00:00,14.8,8.9,243.0,13.0,8.2,16.0
2024-08-30T01:00,16.2,9.0,247.0,14.0,9.0,16.0
2024-08-30T02:00,16.8,9.3,253.0,15.2,10.1,17.0
2024-08-30T03:00,17.1,9.4,260.0,15.9,11.2,20.0
2024-08-30T04:00,17.1,10.1,270.0,15.4,12.1,27.0
2024-08-30T05:00,18.0,11.1,281.0,14.3,13.1,37.0
2024-08-30T06:00,21.4,13.3,286.0,13.1,13.9,48.0
2024-08-30T07:00,25.9,16.1,278.0,11.4,14.7,65.0
2024-08-30T08:00,30.7,19.0,265.0,9.7,15.4,84.0
2024-08-30T09:00,32.2,19.2,259.0,9.9,16.0,93.0
2024-08-30T10:00,32.4,18.7,264.0,13.4,16.2,85.0
2024-08-30T11:00,32.2,18.8,278.0,18.9,16.3,67.0
2024-08-30T12:00,40.4,24.8,312.0,19.8,24.3,96.0
2024-08-30T13:00,45.6,28.9,334.0,23.1,22.8,83.0
2024-08-30T14:00,43.4,26.8,364.0,27.5,20.6,65.0
2024-08-30T15:00,38.5,24.3,383.0,30.0,18.5,50.0
2024-08-30T16:00,34.3,22.1,382.0,29.0,16.7,43.0
2024-08-30T17:00,31.0,20.2,370.0,26.1,15.0,40.0
2024-08-30T18:00,28.8,18.9,355.0,23.1,13.5,37.0
2024-08-30T19:00,26.2,17.3,336.0,20.2,12.5,35.0
2024-08-30T20:00,23.5,15.6,313.0,17.1,11.7,33.0
2024-08-30T21:00,21.0,14.1,294.0,14.8,11.0,31.0
2024-08-30T22:00,19.4,13.1,281.0,13.5,10.2,28.0
2024-08-30T23:00,18.0,12.1,273.0,13.0,9.5,25.0
2024-08-31T00:00,20.8,13.4,284.0,13.2,10.5,28.0
2024-08-31T01:00,19.6,12.7,292.0,13.9,10.8,25.0
2024-08-31T02:00,18.5,11.9,301.0,14.9,11.1,22.0
2024-08-31T03:00,18.1,11.4,301.0,15.3,11.7,21.0
2024-08-31T04:00,17.1,10.4,283.0,14.7,12.7,25.0
2024-08-31T05:00,16.6,10.0,255.0,13.5,13.9,32.0
2024-08-31T06:00,17.3,10.5,231.0,12.2,14.4,40.0
2024-08-31T07:00,19.3,11.8,214.0,10.4,13.8,51.0
2024-08-31T08:00,20.0,12.5,201.0,8.6,12.5,62.0
2024-08-31T09:00,19.0,12.0,195.0,8.3,11.6,68.0
2024-08-31T10:00,17.3,11.1,193.0,10.8,11.4,62.0
2024-08-31T11:00,16.9,10.6,200.0,14.8,11.6,51.0
2024-08-31T12:00,14.8,10.2,218.0,16.6,12.2,39.0
2024-08-31T13:00,14.9,10.0,233.0,18.3,12.4,34.0
2024-08-31T14:00,15.0,9.9,255.0,20.7,12.7,27.0
2024-08-31T15:00,16.0,10.5,278.0,22.7,12.6,23.0
2024-08-31T16:00,18.6,11.9,307.0,24.2,12.0,25.0
2024-08-31T17:00,23.6,14.9,338.0,25.2,11.2,29.0
2024-08-31T18:00,26.5,16.3,355.0,25.1,10.3,31.0
2024-08-31T19:00,26.5,16.3,348.0,23.2,9.5,28.0
2024-08-31T20:00,23.3,15.0,327.0,20.1,8.7,24.0
2024-08-31T21:00,18.7,12.5,302.0,17.3,8.0,20.0
2024-08-31T22:00,13.5,9.3,272.0,15.1,7.5,18.0
2024-08-31T23:00,11.6,7.8,239.0,13.2,7.1,17.0
2024-09-01T00:00,12.4,8.4,231.0,12.9,8.9,19.0
2024-09-01T01:00,11.8,8.0,241.0,12.4,9.3,23.0
2024-09-01T02:00,12.9,8.8,253.0,11.5,9.9,30.0
2024-09-01T03:00,14.0,9.6,257.0,10.3,10.3,42.0
2024-09-01T04:00,16.5,11.1,245.0,8.4,10.6,63.0
2024-09-01T05:00,20.0,13.5,224.0,6.0,10.7,89.0
2024-09-01T06:00,21.1,14.1,207.0,4.3,10.6,109.0
2024-09-01T07:00,22.2,14.0,196.0,3.3,10.1,117.0
2024-09-01T08:00,23.5,13.4,188.0,2.9,9.4,119.0
2024-09-01T09:00,24.3,13.0,186.0,3.5,9.0,117.0
2024-09-01T10:00,26.0,12.5,194.0,5.6,9.1,112.0
2024-09-01T11:00,26.8,13.5,208.0,8.6,9.6,104.0
2024-09-01T12:00,27.9,15.7,230.0,13.4,14.4,100.0
2024-09-01T13:00,31.4,18.3,251.0,15.7,13.3,90.0
2024-09-01T14:00,32.4,18.9,279.0,18.8,11.7,76.0
2024-09-01T15:00,28.6,17.3,291.0,20.0,10.3,66.0
2024-09-01T16:00,25.0,15.4,268.0,17.5,9.2,64.0
2024-09-01T17:00,23.6,14.3,229.0,13.3,8.2,65.0
2024-09-01T18:00,21.3,13.1,203.0,10.2,7.8,65.0
2024-09-01T19:00,22.1,14.1,203.0,9.8,8.2,61.0
2024-09-01T20:00,22.2,14.6,216.0,10.6,9.2,55.0
2024-09-01T21:00,22.3,15.0,229.0,11.4,9.8,49.0
2024-09-01T22:00,21.9,14.9,238.0,11.8,9.7,42.0
2024-09-01T23:00,21.0,14.3,248.0,12.1,9.3,35.0
2024-09-02T00:00,21.2,14.6,262.0,12.7,10.1,33.0
2024-09-02T01:00,19.7,13.7,271.0,12.4,10.1,35.0
2024-09-02T02:00,19.5,13.5,283.0,12.0,10.0,38.0
2024-09-02T03:00,18.9,12.8,284.0,11.0,10.2,47.0
2024-09-02T04:00,20.1,13.3,265.0,9.1,10.8,66.0
2024-09-02T05:00,22.5,14.6,235.0,6.7,11.6,91.0
2024-09-02T06:00,23.3,14.2,210.0,4.8,12.0,111.0
2024-09-02T07:00,24.3,13.5,196.0,3.6,11.7,123.0
2024-09-02T08:00,23.7,13.1,187.0,2.9,11.1,130.0
2024-09-02T09:00,24.4,13.0,186.0,3.2,10.4,133.0
2024-09-02T10:00,25.6,13.5,198.0,5.2,9.6,130.0
2024-09-02T11:00,27.9,14.2,218.0,8.2,8.7,122.0
2024-09-02T12:00,48.5,23.8,242.0,11.1,7.7,107.0
2024-09-02T13:00,48.4,25.1,234.0,10.3,8.4,107.0
2024-09-02T14:00,47.6,24.8,222.0,9.2,9.4,106.0
2024-09-02T15:00,48.1,24.7,218.0,8.3,9.8,105.0
2024-09-02T16:00,44.6,23.0,228.0,7.9,8.9,103.0
2024-09-02T17:00,40.6,21.7,244.0,7.8,7.4,99.0
2024-09-02T18:00,38.2,21.1,255.0,7.9,6.6,93.0
2024-09-02T19:00,38.9,22.5,252.0,8.3,7.3,82.0
2024-09-02T20:00,37.0,21.4,243.0,9.0,8.7,69.0
2024-09-02T21:00,32.8,19.3,237.0,9.8,10.0,58.0
2024-09-02T22:00,31.1,18.6,237.0,10.6,11.0,51.0
2024-09-02T23:00,32.0,19.0,240.0,11.6,11.9,46.0
2024-09-03T00:00,43.5,25.7,314.0,14.8,13.1,43.0
2024-09-03T01:00,43.4,25.7,325.0,15.3,13.8,46.0
2024-09-03T02:00,44.5,26.2,339.0,15.9,14.7,51.0
2024-09-03T03:00,45.6,26.2,340.0,15.4,15.5,61.0
2024-09-03T04:00,42.4,24.7,317.0,12.9,16.2,79.0
2024-09-03T05:00,37.8,22.9,280.0,9.2,16.6,102.0
2024-09-03T06:00,31.8,19.7,250.0,6.3,16.4,121.0
2024-09-03T07:00,27.9,17.2,233.0,4.6,14.9,136.0
2024-09-03T08:00,26.3,16.0,223.0,3.5,12.7,147.0
2024-09-03T09:00,27.6,16.4,215.0,3.3,10.7,151.0
2024-09-03T10:00,29.0,15.7,205.0,3.9,8.7,143.0
2024-09-03T11:00,31.1,15.3,197.0,5.2,6.9,126.0
2024-09-03T12:00,39.8,20.1,223.0,9.6,7.1,110.0
2024-09-03T13:00,42.7,22.5,246.0,12.7,9.1,103.0
2024-09-03T14:00,43.0,23.3,277.0,16.8,11.8,93.0
2024-09-03T15:00,41.9,22.6,292.0,18.9,13.6,85.0
2024-09-03T16:00,39.7,21.0,276.0,17.1,13.4,83.0
2024-09-03T17:00,37.6,20.1,245.0,13.4,12.3,83.0
2024-09-03T18:00,37.8,20.0,222.0,10.6,11.5,80.0
2024-09-03T19:00,38.6,20.5,216.0,10.1,11.5,72.0
2024-09-03T20:00,40.2,21.4,217.0,10.5,11.9,62.0
2024-09-03T21:00,41.1,22.4,223.0,11.0,12.1,53.0
2024-09-03T22:00,39.8,22.1,232.0,11.3,12.0,46.0
2024-09-03T23:00,36.3,21.0,245.0,11.7,11.7,40.0
2024-09-04T00:00,42.6,25.6,342.0,16.1,11.0,31.0
2024-09-04T01:00,39.3,24.4,363.0,16.9,10.9,32.0
2024-09-04T02:00,36.0,22.9,389.0,17.9,10.8,33.0
2024-09-04T03:00,31.4,20.0,391.0,17.8,11.2,37.0
2024-09-04T04:00,26.3,15.9,345.0,15.8,12.6,46.0
2024-09-04T05:00,24.9,14.3,275.0,12.7,14.4,57.0
2024-09-04T06:00,24.3,13.4,219.0,10.1,15.3,67.0
2024-09-04T07:00,23.0,12.4,190.0,8.1,14.3,74.0
2024-09-04T08:00,21.2,11.1,175.0,6.6,12.3,79.0
2024-09-04T09:00,20.1,10.3,175.0,6.9,10.8,81.0
2024-09-04T10:00,21.0,10.9,191.0,10.3,10.3,77.0
2024-09-04T11:00,22.8,12.0,222.0,15.5,10.2,69.0
2024-09-04T12:00,33.2,14.3,238.0,19.3,15.4,52.0
2024-09-04T13:00,33.3,16.1,290.0,21.9,17.3,45.0
2024-09-04T14:00,36.2,18.2,362.0,25.4,19.9,36.0
2024-09-04T15:00,39.3,20.1,410.0,27.7,21.2,31.0
2024-09-04T16:00,42.7,21.0,413.0,27.8,20.1,36.0
2024-09-04T17:00,52.0,23.7,393.0,26.6,17.7,46.0
2024-09-04T18:00,51.2,24.3,370.0,24.6,15.3,54.0
2024-09-04T19:00,49.2,24.2,348.0,21.4,13.2,60.0
2024-09-04T20:00,45.5,23.5,324.0,17.3,11.1,65.0
2024-09-04T21:00,43.2,23.7,311.0,14.5,10.0,66.0
2024-09-04T22:00,41.0,23.5,315.0,13.7,10.6,60.0
2024-09-04T23:00,40.7,24.2,329.0,14.2,12.2,49.0
2024-09-05T00:00,41.8,24.2,333.0,15.5,12.2,49.0
2024-09-05T01:00,43.3,25.7,340.0,16.3,13.1,46.0
2024-09-05T02:00,41.2,23.7,349.0,17.3,14.4,41.0
2024-09-05T03:00,35.9,20.0,343.0,17.4,15.4,40.0
2024-09-05T04:00,29.3,15.3,310.0,15.6,16.0,44.0
2024-09-05T05:00,27.0,14.0,263.0,12.8,16.3,52.0
2024-09-05T06:00,25.5,13.2,225.0,10.5,16.5,60.0
2024-09-05T07:00,25.1,13.0,206.0,9.1,16.6,69.0
2024-09-05T08:00,24.7,13.0,197.0,8.2,16.4,79.0
2024-09-05T09:00,23.9,12.7,194.0,8.2,15.9,83.0
2024-09-05T10:00,22.9,12.2,198.0,9.5,14.6,79.0
2024-09-05T11:00,21.7,11.7,207.0,11.7,12.8,69.0
2024-09-05T12:00,31.9,15.4,177.0,8.2,7.2,69.0
2024-09-05T13:00,31.5,15.7,188.0,9.6,7.6,68.0
2024-09-05T14:00,32.8,16.4,205.0,11.6,8.3,67.0
2024-09-05T15:00,35.2,17.6,221.0,13.0,8.8,68.0
2024-09-05T16:00,38.2,19.2,237.0,13.1,9.1,75.0
2024-09-05T17:00,40.3,20.3,252.0,12.5,9.3,86.0
2024-09-05T18:00,39.9,20.4,264.0,12.3,9.8,90.0
2024-09-05T19:00,38.4,19.7,272.0,12.9,10.9,84.0
2024-09-05T20:00,33.5,18.2,276.0,13.7,12.4,72.0
2024-09-05T21:00,28.8,17.5,277.0,14.5,13.9,62.0
2024-09-05T22:00,26.4,15.7,268.0,14.8,15.4,56.0
2024-09-05T23:00,26.6,15.9,256.0,14.9,16.9,51.0
2024-09-06T00:00,15.9,10.3,202.0,11.3,10.5,39.0
2024-09-06T01:00,17.9,11.8,232.0,12.5,11.4,37.0
2024-09-06T02:00,20.3,13.6,272.0,14.1,12.6,35.0
2024-09-06T03:00,22.1,14.5,293.0,14.6,13.4,36.0
2024-09-06T04:00,23.7,14.7,278.0,13.1,13.5,44.0
2024-09-06T05:00,24.2,12.6,244.0,10.5,13.2,55.0
2024-09-06T06:00,25.5,11.3,215.0,8.6,12.8,62.0
2024-09-06T07:00,25.8,10.2,198.0,7.8,12.3,62.0
2024-09-06T08:00,24.6,9.5,187.0,7.7,11.7,59.0
2024-09-06T09:00,23.0,9.3,184.0,8.4,11.3,55.0
2024-09-06T10:00,22.2,9.6,191.0,10.3,11.4,52.0
2024-09-06T11:00,21.7,9.9,207.0,13.1,11.8,50.0
2024-09-06T12:00,29.1,15.5,288.0,23.4,18.6,47.0
2024-09-06T13:00,33.8,19.1,358.0,27.0,22.1,42.0
2024-09-06T14:00,38.3,22.4,454.0,,26.9,34.0
2024-09-06T15:00,41.4,24.5,,,30.5,28.0
2024-09-06T16:00,44.0,26.0,,,32.2,24.0
2024-09-06T17:00,45.1,25.8,,,32.8,21.0
2024-09-06T18:00,46.0,24.2,,,31.4,21.0
2024-09-06T19:00,44.9,22.0,453.0,,26.8,26.0
2024-09-06T20:00,42.8,19.7,378.0,27.9,20.2,33.0
2024-09-06T21:00,42.7,19.4,326.0,23.4,15.2,38.0
2024-09-06T22:00,43.2,20.1,316.0,20.8,13.3,39.0
2024-09-06T23:00,42.4,20.4,329.0,19.1,13.0,38.0
2024-09-07T00:00,32.7,16.1,247.0,13.7,11.4,32.0
2024-09-07T01:00,34.6,17.6,274.0,14.4,11.8,31.0
2024-09-07T02:00,36.8,20.0,310.0,15.2,12.3,31.0
2024-09-07T03:00,35.4,19.7,325.0,15.2,12.8,35.0
2024-09-07T04:00,36.4,19.9,298.0,13.5,13.5,46.0
2024-09-07T05:00,31.3,15.7,250.0,10.9,14.2,61.0
2024-09-07T06:00,27.5,12.5,211.0,8.7,14.5,73.0
2024-09-07T07:00,27.5,12.0,193.0,7.2,14.2,81.0
2024-09-07T08:00,26.6,11.6,186.0,6.1,13.6,86.0
2024-09-07T09:00,26.6,11.8,186.0,6.3,13.1,88.0
2024-09-07T10:00,26.4,12.0,194.0,8.4,12.9,86.0
2024-09-07T11:00,26.8,12.5,210.0,11.6,12.9,80.0
2024-09-07T12:00,27.1,13.2,230.0,14.9,9.8,66.0
2024-09-07T13:00,27.3,14.5,287.0,18.4,10.4,56.0
2024-09-07T14:00,29.6,17.2,365.0,23.3,11.3,43.0
2024-09-07T15:00,32.0,19.4,422.0,27.2,11.9,34.0
2024-09-07T16:00,36.1,22.2,438.0,29.7,12.2,35.0
2024-09-07T17:00,43.3,24.7,433.0,,12.2,41.0
2024-09-07T18:00,51.1,26.7,423.0,,12.1,46.0
2024-09-07T19:00,56.1,28.5,408.0,28.5,11.8,48.0
2024-09-07T20:00,56.5,28.9,388.0,24.1,11.3,48.0
2024-09-07T21:00,53.2,28.5,374.0,20.7,10.9,46.0
2024-09-07T22:00,51.9,29.9,372.0,19.5,10.7,38.0
2024-09-07T23:00,45.9,27.8,377.0,19.4,10.7,28.0
2024-09-08T00:00,53.7,29.5,343.0,16.9,12.4,28.0
2024-09-08T01:00,49.4,27.7,352.0,17.5,12.8,26.0
2024-09-08T02:00,41.9,24.2,363.0,18.2,13.5,24.0
2024-09-08T03:00,37.0,21.9,357.0,17.7,13.9,28.0
2024-09-08T04:00,30.3,18.6,320.0,14.8,14.1,43.0
2024-09-08T05:00,25.5,16.1,268.0,10.7,14.1,63.0
2024-09-08T06:00,22.7,14.2,225.0,7.5,13.9,79.0
2024-09-08T07:00,20.8,12.7,202.0,5.8,13.6,88.0
2024-09-08T08:00,19.8,11.8,190.0,5.0,13.0,92.0
2024-09-08T09:00,18.7,11.1,185.0,5.3,12.3,91.0
2024-09-08T10:00,17.3,10.3,186.0,6.9,11.0,82.0
2024-09-08T11:00,16.1,9.8,194.0,9.6,9.5,68.0
2024-09-08T12:00,19.3,12.0,227.0,12.9,9.2,71.0
2024-09-08T13:00,23.2,15.0,324.0,19.2,11.6,59.0
2024-09-08T14:00,28.2,18.6,455.0,27.6,14.8,44.0
2024-09-08T15:00,38.9,24.7,,,16.4,34.0
2024-09-08T16:00,43.1,25.4,,,14.8,37.0
2024-09-08T17:00,38.8,21.9,416.0,27.8,11.6,45.0
2024-09-08T18:00,33.4,19.6,346.0,23.8,9.3,50.0
2024-09-08T19:00,28.9,17.7,317.0,20.8,9.1,47.0
2024-09-08T20:00,25.6,16.2,303.0,18.0,9.8,40.0
2024-09-08T21:00,23.6,15.3,293.0,16.0,10.4,34.0
2024-09-08T22:00,21.7,14.4,285.0,15.2,10.3,29.0
2024-09-08T23:00,20.1,13.5,282.0,15.1,10.0,24.0
2024-09-09T00:00,9.3,6.0,203.0,11.3,8.9,24.0
2024-09-09T01:00,9.9,6.6,223.0,12.6,9.4,22.0
2024-09-09T02:00,10.8,7.2,251.0,14.3,10.0,19.0
2024-09-09T03:00,12.2,8.2,266.0,14.9,10.6,21.0
2024-09-09T04:00,13.3,9.0,257.0,13.3,11.2,32.0
2024-09-09T05:00,14.6,9.9,236.0,10.6,11.7,49.0
2024-09-09T06:00,16.1,11.0,217.0,8.2,11.8,64.0
2024-09-09T07:00,18.2,12.5,201.0,6.3,11.2,77.0
2024-09-09T08:00,18.1,12.4,187.0,4.8,10.2,90.0
2024-09-09T09:00,16.9,11.5,184.0,4.7,9.4,97.0
2024-09-09T10:00,16.3,11.0,194.0,6.9,9.1,96.0
2024-09-09T11:00,17.3,11.8,215.0,10.5,9.0,90.0
2024-09-09T12:00,32.7,19.0,250.0,14.8,11.4,91.0
2024-09-09T13:00,41.9,23.8,253.0,15.4,10.4,90.0
2024-09-09T14:00,48.1,27.0,257.0,16.1,9.1,88.0
2024-09-09T15:00,42.8,23.7,260.0,16.5,8.2,83.0
2024-09-09T16:00,36.0,20.5,261.0,16.3,8.3,75.0
2024-09-09T17:00,33.6,19.8,260.0,15.7,8.8,64.0
2024-09-09T18:00,32.2,19.6,261.0,15.1,9.1,54.0
2024-09-09T19:00,30.6,18.8,265.0,14.6,8.9,46.0
2024-09-09T20:00,28.5,17.8,269.0,14.1,8.6,39.0
2024-09-09T21:00,25.9,16.5,271.0,13.7,8.3,33.0
2024-09-09T22:00,22.9,15.1,267.0,13.6,8.1,27.0
2024-09-09T23:00,19.4,13.1,261.0,13.7,8.0,22.0
2024-09-10T00:00,13.8,9.2,224.0,11.3,8.1,24.0
2024-09-10T01:00,10.4,6.6,219.0,10.5,8.6,27.0
2024-09-10T02:00,11.1,7.0,213.0,9.4,9.2,32.0
2024-09-10T03:00,12.3,7.6,205.0,8.1,9.7,42.0
2024-09-10T04:00,14.4,8.9,196.0,6.6,10.1,59.0
2024-09-10T05:00,16.2,10.2,186.0,5.0,10.3,81.0
2024-09-10T06:00,17.6,10.9,179.0,3.7,10.0,99.0
2024-09-10T07:00,17.5,10.7,175.0,2.7,8.7,110.0
2024-09-10T08:00,18.3,10.6,174.0,2.1,7.0,118.0
2024-09-10T09:00,23.2,12.4,176.0,2.4,5.8,120.0
2024-09-10T10:00,32.2,16.6,183.0,4.5,5.9,115.0
2024-09-10T11:00,38.3,19.7,193.0,7.5,6.6,106.0
2024-09-10T12:00,30.5,16.7,240.0,13.3,6.3,95.0
2024-09-10T13:00,32.2,18.1,273.0,15.1,6.6,89.0
2024-09-10T14:00,35.5,20.6,318.0,17.5,7.1,80.0
2024-09-10T15:00,33.6,19.5,339.0,18.9,7.3,73.0
2024-09-10T16:00,32.2,18.3,315.0,18.2,7.1,69.0
2024-09-10T17:00,32.6,18.5,268.0,16.4,6.6,66.0
2024-09-10T18:00,30.5,17.3,233.0,15.0,6.4,61.0
2024-09-10T19:00,27.5,15.8,225.0,14.4,6.6,54.0
2024-09-10T20:00,26.0,15.0,230.0,14.1,7.1,45.0
2024-09-10T21:00,24.1,14.4,237.0,14.1,7.5,37.0
2024-09-10T22:00,21.0,13.1,246.0,14.5,7.7,29.0
2024-09-10T23:00,17.0,11.1,258.0,15.2,7.9,22.0
2024-09-11T00:00,10.7,6.2,193.0,11.0,7.6,22.0
2024-09-11T01:00,12.4,6.8,200.0,10.8,8.7,24.0
2024-09-11T02:00,15.0,8.3,210.0,10.5,10.2,27.0
2024-09-11T03:00,16.5,9.0,215.0,9.9,11.7,34.0
2024-09-11T04:00,17.9,10.1,212.0,9.0,13.2,49.0
2024-09-11T05:00,18.6,10.9,206.0,7.9,14.6,67.0
2024-09-11T06:00,20.1,12.0,199.0,6.7,15.0,85.0
2024-09-11T07:00,21.1,12.5,192.0,5.1,13.8,101.0
2024-09-11T08:00,21.5,12.4,185.0,3.4,11.6,116.0
2024-09-11T09:00,23.1,12.7,184.0,3.1,9.8,124.0
2024-09-11T10:00,26.3,13.9,196.0,5.6,8.8,119.0
2024-09-11T11:00,29.8,15.7,214.0,9.4,8.1,106.0
2024-09-11T12:00,40.2,21.5,256.0,13.9,6.4,94.0
2024-09-11T13:00,43.4,23.5,244.0,12.8,6.6,95.0
2024-09-11T14:00,42.6,22.8,228.0,11.2,6.9,95.0
2024-09-11T15:00,39.5,21.0,212.0,9.8,6.9,92.0
2024-09-11T16:00,34.7,18.6,195.0,8.5,6.3,84.0
2024-09-11T17:00,31.7,17.2,178.0,7.5,5.5,72.0
2024-09-11T18:00,29.5,16.2,178.0,7.7,5.5,61.0
2024-09-11T19:00,28.0,15.8,207.0,10.2,7.2,52.0
2024-09-11T20:00,29.5,17.5,253.0,13.9,9.6,43.0
2024-09-11T21:00,31.1,19.2,290.0,16.7,11.2,36.0
2024-09-11T22:00,31.3,19.7,310.0,17.6,10.9,29.0
2024-09-11T23:00,29.3,18.8,321.0,17.5,9.7,23.0
2024-09-12T00:00,22.7,14.7,289.0,15.0,8.6,22.0
2024-09-12T01:00,19.9,13.0,281.0,14.0,9.6,25.0
2024-09-12T02:00,19.1,12.4,270.0,12.6,10.9,30.0
2024-09-12T03:00,18.9,11.6,257.0,11.0,12.2,41.0
2024-09-12T04:00,21.1,12.4,241.0,9.1,13.4,62.0
2024-09-12T05:00,21.7,12.6,223.0,7.0,14.6,89.0
2024-09-12T06:00,22.3,12.6,209.0,5.3,15.2,112.0
2024-09-12T07:00,23.7,12.9,200.0,4.0,14.8,129.0
2024-09-12T08:00,25.9,14.0,195.0,3.1,13.8,142.0
2024-09-12T09:00,27.0,14.8,198.0,3.3,12.8,150.0
2024-09-12T10:00,28.1,15.6,213.0,5.3,11.9,152.0
2024-09-12T11:00,30.0,16.5,236.0,8.2,11.1,148.0
2024-09-12T12:00,33.9,18.5,225.0,8.1,11.9,147.0
2024-09-12T13:00,36.7,20.4,238.0,9.3,11.8,142.0
2024-09-12T14:00,39.2,21.8,255.0,10.9,11.7,134.0
2024-09-12T15:00,40.7,22.3,265.0,11.9,11.3,124.0
2024-09-12T16:00,40.4,21.9,261.0,11.9,10.6,112.0
2024-09-12T17:00,38.3,20.7,250.0,11.4,9.6,98.0
2024-09-12T18:00,34.8,18.9,237.0,10.6,8.6,86.0
2024-09-12T19:00,30.9,16.9,222.0,9.3,7.5,79.0
2024-09-12T20:00,26.7,14.8,207.0,7.6,6.3,75.0
2024-09-12T21:00,23.5,13.4,198.0,6.7,5.9,70.0
2024-09-12T22:00,22.6,13.3,198.0,6.9,6.5,63.0
2024-09-12T23:00,23.6,14.2,205.0,7.9,7.9,57.0
2024-09-13T00:00,37.1,21.5,253.0,10.1,10.4,57.0
2024-09-13T01:00,40.7,24.0,288.0,11.8,11.8,57.0
2024-09-13T02:00,44.7,27.0,334.0,14.1,13.7,59.0
2024-09-13T03:00,46.4,28.5,354.0,14.7,15.0,64.0
2024-09-13T04:00,43.9,26.8,323.0,12.2,15.1,78.0
2024-09-13T05:00,36.6,20.9,265.0,8.0,14.4,96.0
2024-09-13T06:00,32.4,15.3,217.0,4.8,13.5,109.0
2024-09-13T07:00,39.5,17.1,191.0,3.3,12.2,113.0
2024-09-13T08:00,36.3,15.5,174.0,2.7,10.5,113.0
2024-09-13T09:00,37.0,15.7,168.0,3.1,9.0,110.0
2024-09-13T10:00,35.7,15.2,176.0,5.0,7.7,104.0
2024-09-13T11:00,35.2,15.1,194.0,8.0,6.5,96.0
2024-09-13T12:00,55.4,25.9,273.0,15.5,11.6,107.0
2024-09-13T13:00,56.2,27.1,284.0,15.5,11.0,110.0
2024-09-13T14:00,60.3,29.2,298.0,15.5,10.2,115.0
2024-09-13T15:00,62.2,30.3,303.0,14.8,9.5,117.0
2024-09-13T16:00,61.0,30.4,294.0,13.0,9.1,116.0
2024-09-13T17:00,56.8,28.8,276.0,10.5,8.8,112.0
2024-09-13T18:00,49.5,25.4,257.0,8.5,8.5,107.0
2024-09-13T19:00,43.7,22.5,238.0,7.2,8.0,100.0
2024-09-13T20:00,39.2,20.2,219.0,6.3,7.4,91.0
2024-09-13T21:00,35.2,18.1,204.0,5.8,7.1,82.0
2024-09-13T22:00,31.1,16.2,194.0,5.8,6.9,73.0
2024-09-13T23:00,28.3,15.0,189.0,6.1,6.9,64.0
2024-09-14T00:00,25.1,13.0,164.0,6.0,7.2,57.0
2024-09-14T01:00,25.5,13.9,196.0,8.1,9.9,55.0
2024-09-14T02:00,27.4,16.0,238.0,10.8,13.6,53.0
2024-09-14T03:00,31.3,18.9,262.0,12.0,15.9,57.0
2024-09-14T04:00,34.9,20.6,250.0,10.1,15.4,71.0
2024-09-14T05:00,32.0,17.2,219.0,6.6,13.4,91.0
2024-09-14T06:00,29.5,13.6,192.0,3.9,11.5,105.0
2024-09-14T07:00,31.3,13.0,174.0,2.6,10.0,110.0
2024-09-14T08:00,32.7,12.9,159.0,2.0,8.6,111.0
2024-09-14T09:00,33.5,12.9,156.0,2.6,7.3,108.0
2024-09-14T10:00,32.9,12.8,171.0,5.2,6.3,101.0
2024-09-14T11:00,32.2,12.7,197.0,9.0,5.4,92.0
2024-09-14T12:00,42.7,18.7,250.0,14.5,8.1,93.0
2024-09-14T13:00,43.3,20.4,254.0,14.2,8.0,99.0
2024-09-14T14:00,46.1,21.9,258.0,13.7,7.9,107.0
2024-09-14T15:00,49.6,23.6,262.0,12.9,7.9,114.0
2024-09-14T16:00,51.3,24.6,264.0,11.4,8.0,118.0
2024-09-14T17:00,53.0,25.9,264.0,9.4,8.2,119.0
2024-09-14T18:00,51.8,25.7,262.0,7.9,8.3,118.0
2024-09-14T19:00,49.5,24.9,253.0,6.9,7.9,113.0
2024-09-14T20:00,46.8,23.7,242.0,6.4,7.4,105.0
2024-09-14T21:00,44.5,23.0,242.0,6.5,7.4,96.0
2024-09-14T22:00,42.7,22.7,264.0,7.9,8.6,86.0
2024-09-14T23:00,43.8,24.0,298.0,10.0,10.3,75.0
2024-09-15T00:00,42.5,24.6,305.0,10.3,10.1,69.0
2024-09-15T01:00,46.2,27.4,340.0,12.1,10.6,67.0
2024-09-15T02:00,47.8,28.9,385.0,14.4,11.3,65.0
2024-09-15T03:00,45.2,27.4,397.0,14.9,11.6,67.0
2024-09-15T04:00,37.7,22.1,343.0,11.9,11.1,78.0
2024-09-15T05:00,27.4,14.2,255.0,7.1,10.2,95.0
2024-09-15T06:00,26.2,12.7,188.0,3.5,9.4,108.0
2024-09-15T07:00,25.1,12.3,164.0,2.1,8.8,116.0
2024-09-15T08:00,25.4,12.5,162.0,2.0,8.2,122.0
2024-09-15T09:00,25.0,12.4,167.0,2.7,7.7,124.0
2024-09-15T10:00,25.7,13.2,177.0,4.5,7.0,122.0
2024-09-15T11:00,25.9,13.8,196.0,7.2,6.4,117.0
2024-09-15T12:00,36.9,17.5,233.0,12.3,8.5,107.0
2024-09-15T13:00,43.2,22.2,255.0,14.0,8.4,109.0
2024-09-15T14:00,46.9,23.9,286.0,16.3,8.3,111.0
2024-09-15T15:00,48.3,24.4,307.0,17.4,8.1,112.0
2024-09-15T16:00,47.7,24.2,310.0,16.1,7.9,110.0
2024-09-15T17:00,45.6,23.2,304.0,13.5,7.7,106.0
2024-09-15T18:00,42.6,21.8,293.0,11.2,7.4,100.0
2024-09-15T19:00,39.7,20.3,273.0,9.6,6.9,93.0
2024-09-15T20:00,36.8,18.7,249.0,8.3,6.2,85.0
2024-09-15T21:00,35.6,18.3,236.0,7.7,6.0,76.0
2024-09-15T22:00,35.5,18.6,245.0,8.2,6.4,67.0
2024-09-15T23:00,36.4,19.8,266.0,9.5,7.1,57.0
2024-09-16T00:00,31.3,18.9,325.0,13.0,7.9,40.0
2024-09-16T01:00,28.4,17.6,311.0,12.7,8.6,41.0
2024-09-16T02:00,26.3,16.5,290.0,12.1,9.6,44.0
2024-09-16T03:00,24.9,14.9,265.0,11.0,10.4,51.0
2024-09-16T04:00,24.2,12.8,232.0,8.7,11.0,67.0
2024-09-16T05:00,23.8,11.4,196.0,5.9,11.4,87.0
2024-09-16T06:00,25.1,11.8,169.0,3.7,11.2,103.0
2024-09-16T07:00,27.2,12.3,159.0,2.7,10.0,112.0
2024-09-16T08:00,31.8,13.2,159.0,2.3,8.1,116.0
2024-09-16T09:00,35.7,14.2,162.0,2.7,6.6,116.0
2024-09-16T10:00,35.5,14.0,162.0,3.9,5.5,111.0
2024-09-16T11:00,34.3,13.7,165.0,5.7,4.7,102.0
2024-09-16T12:00,33.1,13.4,188.0,9.7,7.2,94.0
2024-09-16T13:00,34.3,16.3,235.0,13.8,7.9,94.0
2024-09-16T14:00,39.7,20.2,298.0,19.3,8.7,95.0
2024-09-16T15:00,42.4,21.9,337.0,22.4,9.3,95.0
2024-09-16T16:00,43.0,22.1,329.0,20.9,9.3,95.0
2024-09-16T17:00,41.3,21.0,297.0,17.0,9.0,94.0
2024-09-16T18:00,40.0,19.9,263.0,13.2,8.5,93.0
2024-09-16T19:00,34.8,17.1,232.0,10.0,7.6,91.0
2024-09-16T20:00,31.5,14.8,200.0,6.9,6.6,87.0
2024-09-16T21:00,31.0,14.2,181.0,5.1,6.0,82.0
2024-09-16T22:00,30.9,14.3,184.0,5.4,6.3,74.0
2024-09-16T23:00,31.1,14.7,201.0,7.0,7.1,64.0
2024-09-17T00:00,25.0,13.8,245.0,10.2,7.5,44.0
2024-09-17T01:00,23.6,13.8,251.0,10.6,8.6,44.0
2024-09-17T02:00,23.5,14.5,258.0,11.1,10.0,45.0
2024-09-17T03:00,22.0,13.4,255.0,10.7,11.0,51.0
2024-09-17T04:00,20.4,12.0,230.0,8.7,11.1,66.0
2024-09-17T05:00,17.7,10.2,195.0,5.7,10.8,85.0
2024-09-17T06:00,16.6,9.3,168.0,3.5,10.0,101.0
2024-09-17T07:00,18.2,9.7,159.0,2.4,8.5,110.0
2024-09-17T08:00,19.9,10.4,158.0,1.9,6.5,115.0
2024-09-17T09:00,20.3,10.6,161.0,2.2,5.1,117.0
2024-09-17T10:00,20.4,10.7,164.0,3.1,4.7,116.0
2024-09-17T11:00,21.8,11.1,170.0,4.8,4.9,111.0
2024-09-17T12:00,23.3,12.0,182.0,7.4,8.2,114.0
2024-09-17T13:00,29.2,16.1,200.0,8.8,8.0,112.0
2024-09-17T14:00,29.7,16.1,225.0,10.7,7.8,109.0
2024-09-17T15:00,29.1,15.6,242.0,11.9,7.5,105.0
2024-09-17T16:00,28.3,15.1,244.0,11.7,7.1,97.0
2024-09-17T17:00,29.5,15.7,239.0,10.8,6.7,88.0
2024-09-17T18:00,28.8,15.5,234.0,9.9,6.6,81.0
2024-09-17T19:00,28.9,15.6,231.0,9.2,6.7,80.0
2024-09-17T20:00,30.0,16.1,228.0,8.5,7.0,82.0
2024-09-17T21:00,30.5,15.9,230.0,8.5,7.9,81.0
2024-09-17T22:00,32.4,16.5,238.0,9.6,9.5,75.0
2024-09-17T23:00,36.1,18.3,250.0,11.4,11.7,67.0
2024-09-18T00:00,38.3,19.8,263.0,11.5,9.6,63.0
2024-09-18T01:00,39.7,20.9,264.0,11.8,12.4,68.0
2024-09-18T02:00,42.8,22.5,265.0,12.2,16.1,76.0
2024-09-18T03:00,41.2,21.4,260.0,11.6,18.3,87.0
2024-09-18T04:00,37.8,19.7,243.0,9.2,17.7,103.0
2024-09-18T05:00,36.9,19.8,220.0,6.0,15.6,121.0
2024-09-18T06:00,34.5,19.0,201.0,3.5,13.4,135.0
2024-09-18T07:00,32.7,18.2,192.0,2.5,11.4,140.0
2024-09-18T08:00,32.5,18.0,187.0,2.2,9.2,140.0
2024-09-18T09:00,33.2,18.0,185.0,2.4,7.8,138.0
2024-09-18T10:00,34.7,18.5,184.0,3.0,7.5,135.0
2024-09-18T11:00,36.7,19.3,185.0,4.0,8.0,131.0
2024-09-18T12:00,47.1,24.4,182.0,5.9,9.5,125.0
2024-09-18T13:00,46.8,24.4,198.0,7.5,9.4,118.0
2024-09-18T14:00,48.0,25.3,221.0,9.8,9.3,109.0
2024-09-18T15:00,48.9,25.8,241.0,11.7,9.4,102.0
2024-09-18T16:00,49.6,26.3,257.0,13.1,9.5,99.0
2024-09-18T17:00,50.9,27.1,270.0,14.3,9.8,97.0
2024-09-18T18:00,51.8,27.6,278.0,14.7,10.5,95.0
2024-09-18T19:00,51.3,27.2,280.0,13.9,12.2,92.0
2024-09-18T20:00,50.1,27.0,276.0,12.5,14.5,89.0
2024-09-18T21:00,46.9,26.2,272.0,11.2,16.0,87.0
2024-09-18T22:00,43.2,24.4,264.0,10.4,16.1,85.0
2024-09-18T23:00,39.3,22.5,255.0,9.8,15.5,84.0
2024-09-19T00:00,33.9,19.0,214.0,7.6,12.1,98.0
2024-09-19T01:00,35.9,20.3,232.0,9.1,12.8,98.0
2024-09-19T02:00,38.2,21.5,256.0,11.2,13.9,98.0
2024-09-19T03:00,39.2,21.7,270.0,12.0,15.2,103.0
2024-09-19T04:00,38.8,20.9,266.0,10.5,17.4,117.0
2024-09-19T05:00,39.1,20.7,253.0,7.9,19.8,136.0
2024-09-19T06:00,41.7,22.1,240.0,5.6,20.6,151.0
2024-09-19T07:00,43.3,23.2,229.0,4.2,18.5,158.0
2024-09-19T08:00,43.5,23.1,218.0,3.2,14.7,160.0
2024-09-19T09:00,43.4,22.2,208.0,2.8,11.8,158.0
2024-09-19T10:00,42.3,21.1,198.0,3.3,10.7,149.0
2024-09-19T11:00,42.0,20.5,189.0,4.3,10.4,135.0
2024-09-19T12:00,52.5,27.2,277.0,16.5,13.4,110.0
2024-09-19T13:00,52.4,27.4,268.0,15.2,12.2,108.0
2024-09-19T14:00,51.0,26.1,257.0,13.4,10.6,105.0
2024-09-19T15:00,50.9,25.6,250.0,12.1,9.5,102.0
2024-09-19T16:00,51.1,25.5,252.0,12.0,9.5,100.0
2024-09-19T17:00,51.6,25.8,258.0,12.4,10.0,98.0
2024-09-19T18:00,53.4,27.1,264.0,12.6,10.5,95.0
2024-09-19T19:00,53.9,27.8,271.0,12.4,11.0,92.0
2024-09-19T20:00,54.0,28.3,278.0,12.1,11.5,88.0
2024-09-19T21:00,54.1,28.4,280.0,11.6,11.8,85.0
2024-09-19T22:00,51.0,26.7,269.0,10.6,11.6,82.0
2024-09-19T23:00,46.9,24.4,252.0,9.4,11.1,78.0
2024-09-20T00:00,45.2,24.3,227.0,8.0,12.4,74.0
2024-09-20T01:00,48.9,27.2,268.0,9.9,14.3,73.0
2024-09-20T02:00,53.0,30.7,322.0,12.3,16.9,71.0
2024-09-20T03:00,56.2,33.9,352.0,13.1,18.2,78.0
2024-09-20T04:00,54.9,33.8,332.0,10.8,17.2,99.0
2024-09-20T05:00,45.6,27.2,287.0,6.9,15.0,128.0
2024-09-20T06:00,37.5,21.5,251.0,3.9,12.8,150.0
2024-09-20T07:00,33.2,18.7,237.0,2.7,10.8,160.0
2024-09-20T08:00,32.4,18.4,232.0,2.4,8.8,163.0
2024-09-20T09:00,33.6,19.0,230.0,2.7,7.4,162.0
2024-09-20T10:00,35.5,19.4,227.0,3.8,7.0,157.0
2024-09-20T11:00,37.0,19.5,227.0,5.5,7.3,148.0
2024-09-20T12:00,53.4,27.6,238.0,10.9,8.3,115.0
2024-09-20T13:00,57.0,29.6,245.0,10.8,8.2,115.0
2024-09-20T14:00,60.1,31.0,253.0,10.5,8.0,115.0
2024-09-20T15:00,62.4,32.1,254.0,10.0,8.4,116.0
2024-09-20T16:00,64.7,33.1,241.0,8.8,9.5,118.0
2024-09-20T17:00,65.9,34.0,221.0,7.4,11.2,120.0
2024-09-20T18:00,65.0,34.5,206.0,6.7,13.1,119.0
2024-09-20T19:00,61.9,33.9,204.0,7.5,15.5,112.0
2024-09-20T20:00,57.7,32.5,209.0,9.0,18.1,101.0
2024-09-20T21:00,50.1,29.0,210.0,10.2,20.0,92.0
2024-09-20T22:00,43.9,26.3,202.0,10.3,20.6,87.0
2024-09-20T23:00,38.5,23.7,190.0,10.1,20.4,84.0
2024-09-21T00:00,35.3,23.3,268.0,9.8,13.6,80.0
2024-09-21T01:00,34.6,23.1,278.0,12.2,13.7,75.0
2024-09-21T02:00,34.2,23.2,292.0,15.5,14.0,70.0
2024-09-21T03:00,33.9,23.1,298.0,17.3,14.3,67.0
2024-09-21T04:00,34.2,23.3,291.0,16.4,15.1,70.0
2024-09-21T05:00,34.7,23.5,277.0,14.0,16.0,76.0
2024-09-21T06:00,33.9,22.9,262.0,11.5,16.2,85.0
2024-09-21T07:00,30.9,20.6,244.0,8.6,15.1,99.0
2024-09-21T08:00,28.5,18.7,225.0,5.6,13.3,116.0
2024-09-21T09:00,27.3,17.8,215.0,4.4,12.1,125.0
2024-09-21T10:00,26.3,17.0,223.0,6.8,12.0,121.0
2024-09-21T11:00,25.4,16.5,240.0,11.1,12.5,110.0
2024-09-21T12:00,47.4,31.4,251.0,11.2,10.6,117.0
2024-09-21T13:00,48.8,32.6,272.0,12.9,10.8,113.0
2024-09-21T14:00,51.1,34.3,302.0,15.3,11.1,106.0
2024-09-21T15:00,53.0,35.6,323.0,16.8,11.2,102.0
2024-09-21T16:00,55.4,37.1,329.0,16.8,11.0,102.0
2024-09-21T17:00,67.8,45.1,328.0,16.1,10.6,103.0
2024-09-21T18:00,65.9,44.0,324.0,15.1,10.5,102.0
2024-09-21T19:00,61.5,41.2,319.0,13.9,10.6,97.0
2024-09-21T20:00,60.8,41.1,311.0,12.6,10.9,89.0
2024-09-21T21:00,55.3,37.6,302.0,11.7,11.7,82.0
2024-09-21T22:00,47.1,31.8,288.0,11.5,13.6,76.0
2024-09-21T23:00,42.8,28.8,273.0,11.8,16.0,71.0
2024-09-22T00:00,27.6,18.3,247.0,11.0,11.5,52.0
2024-09-22T01:00,29.9,19.8,267.0,12.5,12.2,52.0
2024-09-22T02:00,34.2,22.7,295.0,14.5,13.3,52.0
2024-09-22T03:00,39.7,26.3,308.0,15.4,14.4,56.0
2024-09-22T04:00,43.5,28.5,295.0,14.1,15.7,66.0
2024-09-22T05:00,41.1,26.8,268.0,11.7,17.0,80.0
2024-09-22T06:00,41.6,27.0,246.0,9.6,17.7,93.0
2024-09-22T07:00,32.0,21.0,234.0,8.3,17.3,103.0
2024-09-22T08:00,30.0,19.8,227.0,7.3,16.4,112.0
2024-09-22T09:00,30.5,20.3,226.0,7.3,15.6,117.0
2024-09-22T10:00,36.6,24.3,234.0,8.8,15.3,118.0
2024-09-22T11:00,35.9,23.8,249.0,11.2,15.1,116.0
2024-09-22T12:00,42.1,27.7,284.0,15.3,20.7,120.0
2024-09-22T13:00,47.4,30.9,322.0,18.9,20.9,112.0
2024-09-22T14:00,50.4,32.2,373.0,23.7,21.1,101.0
2024-09-22T15:00,54.0,34.1,406.0,26.5,20.4,91.0
2024-09-22T16:00,57.4,36.2,405.0,25.5,17.8,85.0
2024-09-22T17:00,52.4,32.9,384.0,22.3,14.3,80.0
2024-09-22T18:00,51.7,32.4,357.0,19.0,11.5,77.0
2024-09-22T19:00,47.0,29.8,320.0,15.6,10.1,75.0
2024-09-22T20:00,39.0,25.2,275.0,12.0,9.3,75.0
2024-09-22T21:00,35.5,23.2,243.0,9.6,9.2,73.0
2024-09-22T22:00,35.3,23.2,231.0,9.3,9.7,67.0
2024-09-22T23:00,35.0,23.2,231.0,10.2,10.8,60.0
2024-09-23T00:00,28.0,18.8,214.0,9.8,10.6,55.0
2024-09-23T01:00,26.9,18.6,225.0,10.5,11.6,56.0
2024-09-23T02:00,26.1,18.3,241.0,11.3,12.9,59.0
2024-09-23T03:00,24.4,17.2,250.0,11.3,14.0,68.0
2024-09-23T04:00,22.2,15.6,247.0,9.5,14.6,89.0
2024-09-23T05:00,19.8,13.9,237.0,6.8,15.0,116.0
2024-09-23T06:00,17.8,12.5,229.0,4.7,15.1,139.0
2024-09-23T07:00,18.5,13.0,226.0,3.7,14.8,154.0
2024-09-23T08:00,18.8,13.2,224.0,3.4,14.3,165.0
2024-09-23T09:00,20.2,14.0,224.0,3.6,13.4,169.0
2024-09-23T10:00,20.9,14.3,225.0,4.5,11.9,164.0
2024-09-23T11:00,21.2,14.2,227.0,6.0,10.1,152.0
2024-09-23T12:00,49.5,33.2,266.0,10.0,18.9,175.0
2024-09-23T13:00,51.0,33.6,281.0,11.0,17.3,166.0
2024-09-23T14:00,52.9,34.1,300.0,12.4,15.0,152.0
2024-09-23T15:00,54.0,33.6,310.0,13.1,13.1,138.0
2024-09-23T16:00,54.0,32.5,300.0,12.5,11.6,123.0
2024-09-23T17:00,50.9,30.6,279.0,11.2,10.5,107.0
2024-09-23T18:00,41.7,26.3,265.0,10.3,10.0,94.0
2024-09-23T19:00,39.0,25.1,264.0,10.2,10.6,86.0
2024-09-23T20:00,38.3,24.9,269.0,10.5,11.9,80.0
2024-09-23T21:00,40.2,26.7,275.0,10.8,12.9,76.0
2024-09-23T22:00,40.5,27.5,277.0,10.6,13.2,72.0
2024-09-23T23:00,40.5,27.9,281.0,10.4,13.1,69.0
2024-09-24T00:00,42.1,28.7,300.0,10.8,11.1,59.0
2024-09-24T01:00,39.9,27.7,322.0,12.2,11.8,55.0
2024-09-24T02:00,36.3,25.5,350.0,13.9,12.8,49.0
2024-09-24T03:00,31.5,22.3,363.0,14.4,13.8,54.0
2024-09-24T04:00,29.0,20.5,344.0,12.4,14.7,76.0
2024-09-24T05:00,27.0,18.9,310.0,9.2,15.6,108.0
2024-09-24T06:00,24.6,17.1,281.0,6.5,16.1,135.0
2024-09-24T07:00,23.3,16.2,268.0,5.1,16.0,155.0
2024-09-24T08:00,22.5,15.5,261.0,4.2,15.4,171.0
2024-09-24T09:00,22.2,15.1,253.0,4.1,14.6,
2024-09-24T10:00,23.5,15.4,240.0,4.9,13.4,167.0
2024-09-24T11:00,27.4,16.8,227.0,6.5,11.9,146.0
2024-09-24T12:00,33.3,22.6,285.0,15.0,15.8,113.0
2024-09-24T13:00,33.1,21.8,275.0,14.4,14.5,104.0
2024-09-24T14:00,31.2,19.4,261.0,13.5,12.6,91.0
2024-09-24T15:00,28.7,17.2,248.0,12.7,11.2,81.0
2024-09-24T16:00,24.3,14.8,239.0,12.1,10.5,76.0
2024-09-24T17:00,21.7,13.9,232.0,11.6,10.2,72.0
2024-09-24T18:00,21.0,13.6,226.0,11.1,10.2,69.0
2024-09-24T19:00,21.1,13.6,222.0,10.6,10.4,65.0
2024-09-24T20:00,21.9,14.2,219.0,10.2,10.9,61.0
2024-09-24T21:00,22.6,14.7,217.0,10.0,11.6,57.0
2024-09-24T22:00,22.9,15.0,213.0,10.0,12.5,54.0
2024-09-24T23:00,22.5,14.8,209.0,10.1,13.5,51.0
2024-09-25T00:00,21.9,14.2,207.0,10.1,14.3,50.0
2024-09-25T01:00,21.6,14.3,223.0,10.6,14.2,48.0
2024-09-25T02:00,20.8,14.1,245.0,11.3,14.0,46.0
2024-09-25T03:00,19.1,13.2,257.0,11.1,13.7,52.0
2024-09-25T04:00,19.1,13.3,250.0,9.2,13.3,71.0
2024-09-25T05:00,18.0,12.5,232.0,6.5,12.7,98.0
2024-09-25T06:00,17.0,11.7,218.0,4.5,12.3,119.0
2024-09-25T07:00,16.9,11.4,211.0,3.6,12.2,130.0
2024-09-25T08:00,17.5,11.7,207.0,3.4,12.1,137.0
2024-09-25T09:00,19.3,12.3,206.0,3.8,12.0,139.0
2024-09-25T10:00,23.8,14.2,210.0,5.3,11.8,137.0
2024-09-25T11:00,33.8,18.8,216.0,7.4,11.4,131.0
2024-09-25T12:00,30.6,19.3,243.0,12.0,16.1,127.0
2024-09-25T13:00,39.1,23.2,258.0,13.9,14.9,118.0
2024-09-25T14:00,45.8,26.1,279.0,16.4,13.2,105.0
2024-09-25T15:00,44.0,25.0,287.0,17.6,11.7,94.0
2024-09-25T16:00,39.8,22.7,272.0,16.3,10.8,87.0
2024-09-25T17:00,28.6,16.9,244.0,13.6,10.1,81.0
2024-09-25T18:00,24.3,14.7,225.0,11.6,9.7,76.0
2024-09-25T19:00,22.1,13.8,223.0,11.0,9.7,72.0
2024-09-25T20:00,22.6,14.0,228.0,11.1,10.0,70.0
2024-09-25T21:00,23.5,14.5,233.0,11.1,10.3,68.0
2024-09-25T22:00,25.0,15.4,234.0,10.8,10.6,67.0
2024-09-25T23:00,26.1,15.9,234.0,10.5,10.9,67.0
2024-09-26T00:00,21.6,14.1,225.0,10.0,10.3,59.0
2024-09-26T01:00,22.8,14.9,244.0,11.7,11.1,55.0
2024-09-26T02:00,23.9,15.8,268.0,13.9,12.2,49.0
2024-09-26T03:00,24.3,16.1,282.0,14.7,13.4,51.0
2024-09-26T04:00,24.0,16.2,274.0,12.9,14.8,66.0
2024-09-26T05:00,23.2,15.8,255.0,9.8,16.4,89.0
2024-09-26T06:00,22.9,15.5,237.0,7.1,17.0,108.0
2024-09-26T07:00,21.7,14.3,222.0,5.3,16.2,122.0
2024-09-26T08:00,21.0,13.4,207.0,4.0,14.6,132.0
2024-09-26T09:00,21.2,13.1,199.0,3.8,12.9,136.0
2024-09-26T10:00,21.7,13.0,202.0,5.5,11.4,128.0
2024-09-26T11:00,22.7,13.1,211.0,8.4,9.9,113.0
2024-09-26T12:00,27.6,16.5,245.0,14.3,10.8,94.0
2024-09-26T13:00,29.4,16.9,233.0,12.6,9.4,91.0
2024-09-26T14:00,30.3,16.9,216.0,10.3,7.4,86.0
2024-09-26T15:00,30.6,16.7,201.0,8.3,6.0,82.0
2024-09-26T16:00,31.0,16.6,190.0,7.1,5.6,81.0
2024-09-26T17:00,31.1,16.5,182.0,6.4,5.8,80.0
2024-09-26T18:00,31.4,16.6,175.0,5.7,6.0,80.0
2024-09-26T19:00,31.4,16.6,169.0,5.0,6.1,80.0
2024-09-26T20:00,30.6,16.3,165.0,4.3,6.2,81.0
2024-09-26T21:00,28.5,15.3,163.0,4.1,6.5,80.0
2024-09-26T22:00,26.4,14.3,164.0,4.4,6.9,78.0
2024-09-26T23:00,23.7,13.3,169.0,5.0,7.5,75.0
2024-09-27T00:00,19.2,10.8,162.0,5.1,7.6,71.0
2024-09-27T01:00,19.0,11.0,176.0,6.6,9.2,67.0
2024-09-27T02:00,19.9,11.7,196.0,8.6,11.4,61.0
2024-09-27T03:00,21.1,12.4,208.0,9.6,13.2,61.0
2024-09-27T04:00,23.1,13.6,207.0,8.6,14.2,72.0
2024-09-27T05:00,25.1,14.6,199.0,6.7,14.7,88.0
2024-09-27T06:00,27.1,15.3,190.0,5.0,14.6,101.0
2024-09-27T07:00,28.0,15.5,181.0,3.9,13.6,108.0
2024-09-27T08:00,27.9,15.5,172.0,3.1,12.1,112.0
2024-09-27T09:00,27.5,15.4,166.0,3.1,11.0,112.0
2024-09-27T10:00,25.6,14.3,165.0,4.2,10.7,107.0
2024-09-27T11:00,25.6,14.3,168.0,6.2,10.9,98.0
2024-09-27T12:00,33.2,18.8,187.0,8.8,11.8,99.0
2024-09-27T13:00,34.0,19.6,191.0,9.2,10.5,92.0
2024-09-27T14:00,31.3,17.8,195.0,9.7,8.6,83.0
2024-09-27T15:00,28.9,16.4,197.0,9.9,7.0,75.0
2024-09-27T16:00,27.2,15.3,194.0,9.6,6.0,70.0
2024-09-27T17:00,26.1,14.7,188.0,9.1,5.3,67.0
2024-09-27T18:00,24.3,13.6,182.0,8.4,4.7,65.0
2024-09-27T19:00,23.1,13.1,175.0,7.4,4.2,63.0
2024-09-27T20:00,21.9,12.4,167.0,6.3,3.9,61.0
2024-09-27T21:00,21.0,11.8,160.0,5.6,4.0,60.0
2024-09-27T22:00,19.6,11.0,154.0,5.4,4.6,60.0
2024-09-27T23:00,18.5,10.4,149.0,5.6,5.6,60.0
2024-09-28T00:00,18.7,10.4,145.0,5.0,4.9,61.0
2024-09-28T01:00,18.1,10.2,158.0,6.7,7.6,60.0
2024-09-28T02:00,17.5,10.1,176.0,9.0,11.2,60.0
2024-09-28T03:00,17.3,10.3,187.0,10.1,14.1,65.0
2024-09-28T04:00,17.8,10.7,187.0,9.1,15.7,80.0
2024-09-28T05:00,19.3,11.4,182.0,6.9,16.4,100.0
2024-09-28T06:00,20.5,11.8,174.0,5.0,16.1,114.0
2024-09-28T07:00,20.8,11.8,163.0,3.7,14.0,116.0
2024-09-28T08:00,19.9,11.1,150.0,2.7,10.9,111.0
2024-09-28T09:00,18.7,10.5,141.0,2.5,8.4,104.0
2024-09-28T10:00,18.3,10.4,140.0,3.4,7.5,94.0
2024-09-28T11:00,17.6,10.0,143.0,5.1,7.3,80.0
2024-09-28T12:00,17.3,9.7,140.0,6.7,7.7,66.0
2024-09-28T13:00,19.0,10.9,159.0,9.0,7.6,59.0
2024-09-28T14:00,19.0,10.9,185.0,12.2,7.4,50.0
2024-09-28T15:00,20.7,12.1,203.0,14.3,7.1,43.0
2024-09-28T16:00,22.5,13.4,206.0,14.4,6.6,39.0
2024-09-28T17:00,22.2,13.2,202.0,13.4,6.0,37.0
2024-09-28T18:00,20.0,11.6,195.0,12.2,5.7,36.0
2024-09-28T19:00,18.9,11.0,184.0,10.9,5.6,35.0
2024-09-28T20:00,17.9,10.3,170.0,9.4,5.6,34.0
2024-09-28T21:00,18.5,10.7,164.0,8.8,6.4,33.0
2024-09-28T22:00,18.3,10.8,172.0,9.8,8.3,32.0
2024-09-28T23:00,19.2,11.4,187.0,11.6,10.9,32.0
2024-09-29T00:00,19.4,11.3,169.0,9.7,9.5,31.0
2024-09-29T01:00,19.6,11.4,171.0,9.8,11.7,33.0
2024-09-29T02:00,19.7,11.6,173.0,9.8,14.8,36.0
2024-09-29T03:00,17.8,10.4,171.0,9.4,16.8,41.0
2024-09-29T04:00,17.2,10.1,164.0,8.1,17.0,52.0
2024-09-29T05:00,17.8,10.4,153.0,6.3,16.2,65.0
2024-09-29T06:00,18.2,10.2,142.0,4.8,14.8,73.0
2024-09-29T07:00,18.0,9.9,131.0,3.6,12.4,71.0
2024-09-29T08:00,16.5,9.0,121.0,2.6,9.4,63.0
2024-09-29T09:00,14.7,8.0,114.0,2.3,7.1,55.0
2024-09-29T10:00,13.6,7.4,113.0,2.9,6.4,48.0
2024-09-29T11:00,12.6,6.9,115.0,4.1,6.4,42.0
2024-09-29T12:00,9.5,5.3,118.0,5.0,5.1,34.0
2024-09-29T13:00,10.8,6.2,133.0,6.2,5.0,32.0
2024-09-29T14:00,11.9,6.9,153.0,7.8,4.9,29.0
2024-09-29T15:00,13.4,7.9,169.0,9.0,4.8,26.0
2024-09-29T16:00,15.0,8.8,176.0,9.3,4.7,25.0
2024-09-29T17:00,16.0,9.4,179.0,9.2,4.6,24.0
2024-09-29T18:00,16.1,9.3,177.0,8.8,4.4,24.0
2024-09-29T19:00,15.9,9.1,166.0,7.9,3.9,25.0
2024-09-29T20:00,15.8,8.9,150.0,6.8,3.4,26.0
2024-09-29T21:00,15.8,8.9,141.0,6.3,3.4,26.0
2024-09-29T22:00,16.2,9.2,147.0,7.3,4.3,24.0
2024-09-29T23:00,15.8,9.1,159.0,8.9,5.7,21.0
2024-09-30T00:00,16.0,8.9,115.0,4.7,3.5,25.0
2024-09-30T01:00,17.3,9.8,118.0,4.7,5.0,26.0
2024-09-30T02:00,17.2,9.7,122.0,4.7,7.0,28.0
2024-09-30T03:00,15.8,8.9,124.0,4.6,8.6,31.0
2024-09-30T04:00,15.6,8.9,122.0,4.5,9.2,37.0
2024-09-30T05:00,14.9,8.4,118.0,4.4,9.2,44.0
2024-09-30T06:00,15.5,8.7,116.0,4.3,9.2,50.0
2024-09-30T07:00,14.6,8.2,116.0,4.0,9.3,56.0
2024-09-30T08:00,14.3,8.1,118.0,3.6,9.4,62.0
2024-09-30T09:00,13.4,7.5,119.0,3.6,9.2,63.0
2024-09-30T10:00,12.6,7.0,119.0,4.0,8.5,56.0
2024-09-30T11:00,11.8,6.7,118.0,4.8,7.5,45.0
2024-09-30T12:00,14.9,8.3,123.0,6.5,6.0,36.0
2024-09-30T13:00,15.5,8.8,133.0,7.2,5.6,33.0
2024-09-30T14:00,15.9,9.2,147.0,8.2,5.1,29.0
2024-09-30T15:00,16.7,9.6,158.0,9.1,4.8,26.0
2024-09-30T16:00,17.5,10.1,165.0,9.8,5.1,25.0
2024-09-30T17:00,17.9,10.4,170.0,10.3,5.6,25.0
2024-09-30T18:00,17.5,10.2,172.0,10.5,5.9,25.0
2024-09-30T19:00,16.9,10.0,169.0,10.4,5.8,25.0
2024-09-30T20:00,16.5,9.7,161.0,9.9,5.6,26.0
2024-09-30T21:00,15.6,9.2,154.0,9.3,5.3,26.0
2024-09-30T22:00,14.8,8.6,146.0,8.4,4.8,26.0
2024-09-30T23:00,14.2,8.2,138.0,7.4,4.2,27.0
2024-10-01T00:00,15.4,9.1,148.0,7.8,4.6,26.0
2024-10-01T01:00,15.8,9.4,139.0,6.9,5.4,28.0
2024-10-01T02:00,15.1,8.9,127.0,5.6,6.4,32.0
2024-10-01T03:00,13.2,7.7,117.0,4.5,7.3,36.0
2024-10-01T04:00,12.7,7.3,111.0,3.8,7.8,41.0
2024-10-01T05:00,13.0,7.5,107.0,3.4,8.1,47.0
2024-10-01T06:00,13.7,7.8,105.0,3.1,8.3,52.0
2024-10-01T07:00,13.8,7.8,104.0,2.8,8.4,56.0
2024-10-01T08:00,14.0,7.9,105.0,2.7,8.3,60.0
2024-10-01T09:00,14.2,8.0,108.0,2.9,8.2,60.0
2024-10-01T10:00,14.2,7.9,112.0,3.8,8.0,55.0
2024-10-01T11:00,14.1,7.9,117.0,5.2,7.6,47.0
2024-10-01T12:00,13.9,8.0,144.0,8.1,7.4,42.0
2024-10-01T13:00,14.3,8.3,147.0,8.1,6.5,38.0
2024-10-01T14:00,14.2,8.1,151.0,8.1,5.2,32.0
2024-10-01T15:00,14.0,8.0,153.0,8.0,4.2,28.0
2024-10-01T16:00,14.6,8.3,153.0,7.6,3.7,28.0
2024-10-01T17:00,15.1,8.5,151.0,7.1,3.5,29.0
2024-10-01T18:00,15.3,8.5,149.0,6.5,3.4,30.0
2024-10-01T19:00,15.3,8.4,146.0,5.9,3.4,30.0
2024-10-01T20:00,15.4,8.5,142.0,5.2,3.6,30.0
2024-10-01T21:00,15.0,8.3,140.0,4.9,4.0,31.0
2024-10-01T22:00,14.3,7.9,140.0,5.1,4.5,33.0
2024-10-01T23:00,13.1,7.3,143.0,5.7,5.2,35.0
2024-10-02T00:00,12.3,6.9,146.0,5.7,5.9,39.0
2024-10-02T01:00,12.3,7.1,165.0,7.2,9.3,40.0
2024-10-02T02:00,14.3,8.7,190.0,9.2,13.9,41.0
2024-10-02T03:00,16.5,10.2,206.0,10.1,17.2,47.0
2024-10-02T04:00,18.0,11.2,203.0,9.1,17.8,59.0
2024-10-02T05:00,18.8,11.6,190.0,7.0,17.0,76.0
2024-10-02T06:00,18.6,11.4,179.0,5.2,15.9,90.0
2024-10-02T07:00,19.0,11.6,172.0,4.0,14.7,101.0
2024-10-02T08:00,19.9,11.9,165.0,3.1,13.1,110.0
2024-10-02T09:00,21.4,12.6,164.0,3.1,11.6,113.0
2024-10-02T10:00,23.2,13.2,172.0,5.0,10.5,108.0
2024-10-02T11:00,25.4,14.1,185.0,7.8,9.4,98.0
2024-10-02T12:00,32.6,18.4,183.0,10.6,9.4,85.0
2024-10-02T13:00,32.7,17.9,179.0,9.9,8.0,80.0
2024-10-02T14:00,30.5,16.2,174.0,9.0,6.0,72.0
2024-10-02T15:00,27.5,14.4,171.0,8.6,4.8,64.0
2024-10-02T16:00,24.7,13.0,169.0,9.0,4.7,56.0
2024-10-02T17:00,23.2,12.5,169.0,9.8,5.2,47.0
2024-10-02T18:00,20.8,11.9,173.0,10.6,6.5,42.0
2024-10-02T19:00,18.3,11.9,185.0,11.5,9.2,43.0
2024-10-02T20:00,20.1,13.6,201.0,12.4,12.6,48.0
2024-10-02T21:00,22.8,15.5,214.0,12.8,14.8,51.0
2024-10-02T22:00,24.2,16.5,217.0,12.4,14.6,51.0
2024-10-02T23:00,24.8,17.0,216.0,11.5,13.3,50.0
2024-10-03T00:00,22.8,15.5,203.0,8.3,8.3,57.0
2024-10-03T01:00,23.7,16.3,220.0,9.4,9.5,59.0
2024-10-03T02:00,24.9,17.2,243.0,10.8,11.3,62.0
2024-10-03T03:00,26.5,18.3,260.0,11.4,13.2,72.0
2024-10-03T04:00,30.0,20.8,265.0,10.4,15.4,93.0
2024-10-03T05:00,31.1,21.5,264.0,8.6,17.7,121.0
2024-10-03T06:00,30.9,21.2,262.0,6.9,19.1,145.0
2024-10-03T07:00,30.9,20.8,258.0,5.5,19.0,163.0
2024-10-03T08:00,30.5,20.5,252.0,4.2,18.1,
2024-10-03T09:00,30.0,20.1,250.0,4.0,16.8,
2024-10-03T10:00,30.2,19.9,247.0,5.3,15.0,
2024-10-03T11:00,31.3,20.0,248.0,7.6,12.9,168.0
2024-10-03T12:00,35.0,23.1,281.0,12.4,16.9,158.0
2024-10-03T13:00,41.2,26.8,352.0,19.0,18.1,140.0
2024-10-03T14:00,46.3,29.7,448.0,27.9,19.8,116.0
2024-10-03T15:00,48.7,30.9,,,20.5,95.0
2024-10-03T16:00,46.7,29.6,,,19.6,83.0
2024-10-03T17:00,42.0,27.2,426.0,28.4,17.8,74.0
2024-10-03T18:00,39.2,24.8,371.0,23.8,16.0,70.0
2024-10-03T19:00,34.7,21.7,331.0,19.3,14.6,72.0
2024-10-03T20:00,33.6,21.9,295.0,14.4,13.3,78.0
2024-10-03T21:00,30.3,20.7,269.0,10.8,12.0,81.0
2024-10-03T22:00,28.2,19.6,255.0,9.2,10.7,77.0
2024-10-03T23:00,27.8,19.4,250.0,8.8,9.4,71.0
2024-10-04T00:00,27.5,19.2,240.0,8.1,9.2,77.0
2024-10-04T01:00,25.9,18.0,253.0,9.9,10.1,74.0
2024-10-04T02:00,27.6,19.2,272.0,12.3,11.3,72.0
2024-10-04T03:00,29.3,20.3,283.0,13.4,12.7,76.0
2024-10-04T04:00,31.4,21.8,281.0,11.9,14.4,93.0
2024-10-04T05:00,32.5,22.5,273.0,9.2,16.3,117.0
2024-10-04T06:00,35.0,24.1,265.0,6.9,17.4,138.0
2024-10-04T07:00,37.0,25.4,258.0,5.5,17.3,152.0
2024-10-04T08:00,38.5,26.4,253.0,4.7,16.5,163.0
2024-10-04T09:00,39.9,27.4,253.0,4.9,15.8,170.0
2024-10-04T10:00,40.6,27.7,263.0,6.9,15.5,171.0
2024-10-04T11:00,41.9,28.5,280.0,9.9,15.4,168.0
2024-10-04T12:00,30.4,19.8,257.0,7.6,9.0,149.0
2024-10-04T13:00,33.9,22.4,287.0,10.7,11.0,143.0
2024-10-04T14:00,35.4,23.5,327.0,14.8,13.7,134.0
2024-10-04T15:00,36.9,24.4,352.0,17.2,15.3,126.0
2024-10-04T16:00,39.1,25.4,349.0,16.2,14.8,118.0
2024-10-04T17:00,37.1,24.0,331.0,13.5,13.2,111.0
2024-10-04T18:00,30.7,20.0,310.0,11.1,12.0,105.0
2024-10-04T19:00,25.9,17.5,286.0,9.6,11.8,103.0
2024-10-04T20:00,21.9,15.0,260.0,8.4,11.9,103.0
2024-10-04T21:00,23.2,15.9,243.0,7.7,11.8,101.0
2024-10-04T22:00,22.0,15.2,240.0,7.5,11.1,94.0
2024-10-04T23:00,22.9,15.9,247.0,7.7,10.3,86.0
2024-10-05T00:00,28.6,20.0,297.0,8.8,10.2,83.0
2024-10-05T01:00,29.7,20.8,325.0,10.4,11.1,79.0
2024-10-05T02:00,31.4,22.1,362.0,12.5,12.3,76.0
2024-10-05T03:00,34.5,24.0,382.0,13.2,13.6,83.0
2024-10-05T04:00,37.6,26.1,370.0,11.1,14.9,110.0
2024-10-05T05:00,35.9,24.6,340.0,7.7,16.2,148.0
2024-10-05T06:00,36.3,24.2,315.0,5.0,16.9,
2024-10-05T07:00,41.1,26.8,299.0,3.8,16.9,
2024-10-05T08:00,42.1,27.0,287.0,3.3,16.3,
2024-10-05T09:00,44.5,28.1,283.0,3.8,15.4,
2024-10-05T10:00,44.5,28.1,289.0,5.6,14.1,
2024-10-05T11:00,43.9,27.8,303.0,8.2,12.5,
2024-10-05T12:00,46.1,28.6,278.0,10.2,9.8,144.0
2024-10-05T13:00,48.1,29.8,305.0,12.6,10.2,139.0
2024-10-05T14:00,51.1,31.8,344.0,15.8,10.7,132.0
2024-10-05T15:00,54.5,33.9,375.0,17.9,11.1,127.0
2024-10-05T16:00,56.5,35.3,392.0,17.9,11.0,127.0
2024-10-05T17:00,57.0,35.9,403.0,16.9,10.7,128.0
2024-10-05T18:00,56.2,35.5,410.0,15.5,10.7,128.0
2024-10-05T19:00,55.4,35.2,415.0,13.9,11.1,125.0
2024-10-05T20:00,54.6,34.8,416.0,12.0,11.7,121.0
2024-10-05T21:00,52.4,34.0,414.0,10.7,12.4,115.0
2024-10-05T22:00,51.7,34.1,407.0,10.2,13.0,106.0
2024-10-05T23:00,49.2,32.8,397.0,10.3,13.8,96.0
2024-10-06T00:00,48.9,32.8,397.0,10.6,14.6,93.0
2024-10-06T01:00,48.8,33.3,395.0,12.0,16.5,95.0
2024-10-06T02:00,47.5,32.5,391.0,13.7,19.1,98.0
2024-10-06T03:00,46.2,31.3,381.0,14.2,21.6,108.0
2024-10-06T04:00,46.2,30.7,361.0,12.2,24.3,131.0
2024-10-06T05:00,44.5,28.7,336.0,8.8,26.9,160.0
2024-10-06T06:00,47.1,30.0,314.0,6.1,27.6,
2024-10-06T07:00,47.0,29.7,298.0,4.5,25.0,
2024-10-06T08:00,47.3,29.8,286.0,3.5,20.4,
2024-10-06T09:00,46.3,29.0,278.0,3.3,16.4,
2024-10-06T10:00,44.4,27.6,275.0,4.3,13.8,
2024-10-06T11:00,41.3,25.6,277.0,6.1,11.8,161.0
2024-10-06T12:00,50.2,30.6,290.0,8.6,11.1,154.0
2024-10-06T13:00,50.6,30.4,297.0,9.4,10.2,145.0
2024-10-06T14:00,51.6,30.4,307.0,10.6,9.0,131.0
2024-10-06T15:00,54.5,31.8,316.0,11.6,8.1,120.0
2024-10-06T16:00,56.9,33.2,321.0,12.3,7.9,113.0
2024-10-06T17:00,56.9,33.1,324.0,12.7,8.1,107.0
2024-10-06T18:00,55.8,32.4,327.0,13.0,8.4,103.0
2024-10-06T19:00,54.4,31.7,328.0,13.0,8.7,99.0
2024-10-06T20:00,54.4,31.8,329.0,12.8,9.0,97.0
2024-10-06T21:00,55.1,32.2,332.0,12.6,9.1,94.0
2024-10-06T22:00,55.5,32.7,344.0,12.8,8.6,89.0
2024-10-06T23:00,56.3,33.4,359.0,13.0,7.9,85.0
2024-10-07T00:00,54.5,31.8,335.0,13.1,10.5,90.0
2024-10-07T01:00,55.5,32.6,301.0,11.2,10.7,95.0
2024-10-07T02:00,54.6,31.3,254.0,8.6,10.9,102.0
2024-10-07T03:00,45.2,24.2,216.0,6.4,10.5,107.0
2024-10-07T04:00,45.2,24.2,197.0,5.1,9.1,107.0
2024-10-07T05:00,43.7,23.5,187.0,4.3,7.2,104.0
2024-10-07T06:00,42.7,22.9,180.0,3.7,5.7,100.0
2024-10-07T07:00,39.7,21.4,174.0,3.3,5.2,97.0
2024-10-07T08:00,37.5,20.3,172.0,3.1,5.2,93.0
2024-10-07T09:00,36.3,19.7,170.0,3.3,5.3,89.0
2024-10-07T10:00,35.2,19.1,168.0,3.9,5.5,85.0
2024-10-07T11:00,33.5,18.3,166.0,4.9,5.9,80.0
2024-10-07T12:00,32.6,17.6,173.0,6.2,5.7,71.0
2024-10-07T13:00,31.3,17.3,187.0,7.9,5.6,67.0
2024-10-07T14:00,30.9,17.3,207.0,10.3,5.4,61.0
2024-10-07T15:00,28.8,16.5,222.0,12.1,5.2,56.0
2024-10-07T16:00,26.5,15.4,230.0,12.8,5.1,54.0
2024-10-07T17:00,24.4,14.4,234.0,12.8,4.9,53.0
2024-10-07T18:00,22.2,13.3,233.0,12.3,4.8,53.0
2024-10-07T19:00,20.9,12.6,225.0,11.0,4.5,53.0
2024-10-07T20:00,18.9,11.4,211.0,9.3,4.3,54.0
2024-10-07T21:00,17.2,10.5,201.0,8.0,4.3,55.0
2024-10-07T22:00,16.1,9.8,197.0,7.7,4.6,54.0
2024-10-07T23:00,15.2,9.3,196.0,8.0,5.2,53.0
2024-10-08T00:00,20.1,12.6,254.0,13.4,7.7,48.0
2024-10-08T01:00,21.1,13.4,233.0,11.7,8.8,52.0
2024-10-08T02:00,18.6,11.5,204.0,9.3,10.3,58.0
2024-10-08T03:00,14.7,8.9,179.0,7.3,11.2,64.0
2024-10-08T04:00,13.0,7.8,164.0,6.0,10.8,69.0
2024-10-08T05:00,12.0,7.1,152.0,5.0,9.7,73.0
2024-10-08T06:00,12.0,7.1,144.0,4.3,8.8,75.0
2024-10-08T07:00,12.2,7.1,137.0,3.9,8.5,74.0
2024-10-08T08:00,12.1,7.1,133.0,3.7,8.4,72.0
2024-10-08T09:00,11.9,7.0,132.0,4.0,8.2,68.0
2024-10-08T10:00,11.5,6.7,132.0,4.9,7.7,62.0
2024-10-08T11:00,10.7,6.2,135.0,6.3,7.0,55.0
2024-10-08T12:00,10.4,6.0,140.0,6.8,5.7,47.0
2024-10-08T13:00,10.9,6.4,171.0,8.6,6.6,45.0
2024-10-08T14:00,13.1,7.9,215.0,11.1,7.9,42.0
2024-10-08T15:00,15.9,9.9,254.0,12.9,9.0,40.0
2024-10-08T16:00,17.2,10.7,284.0,13.3,9.8,39.0
2024-10-08T17:00,19.3,12.2,309.0,13.0,10.3,38.0
2024-10-08T18:00,20.0,12.9,322.0,12.5,10.4,38.0
2024-10-08T19:00,20.9,13.4,315.0,12.0,9.7,38.0
2024-10-08T20:00,20.4,13.1,296.0,11.4,8.6,38.0
2024-10-08T21:00,18.2,11.5,276.0,11.0,7.7,38.0
2024-10-08T22:00,16.4,10.2,260.0,11.0,7.2,38.0
2024-10-08T23:00,16.1,10.0,244.0,11.1,6.8,38.0
2024-10-09T00:00,19.1,12.2,281.0,15.1,10.8,33.0
2024-10-09T01:00,20.1,13.0,252.0,13.4,12.3,37.0
2024-10-09T02:00,17.7,11.1,211.0,11.1,14.3,42.0
2024-10-09T03:00,13.2,8.0,178.0,9.0,15.0,47.0
2024-10-09T04:00,10.9,6.5,160.0,7.4,12.9,49.0
2024-10-09T05:00,9.9,5.9,150.0,6.1,9.6,51.0
2024-10-09T06:00,8.7,5.3,143.0,5.2,7.2,52.0
2024-10-09T07:00,8.8,5.4,139.0,4.6,7.1,55.0
2024-10-09T08:00,9.2,5.6,138.0,4.4,8.0,57.0
2024-10-09T09:00,8.0,4.9,140.0,4.6,8.7,58.0
2024-10-09T10:00,8.5,5.1,142.0,5.5,8.6,55.0
2024-10-09T11:00,8.8,5.3,146.0,6.8,8.2,50.0
2024-10-09T12:00,11.3,6.6,146.0,7.2,6.7,44.0
2024-10-09T13:00,12.7,7.6,172.0,8.3,6.8,41.0
2024-10-09T14:00,13.9,8.4,208.0,9.7,6.8,38.0
2024-10-09T15:00,16.0,9.8,232.0,11.0,6.8,35.0
2024-10-09T16:00,17.6,10.9,234.0,11.7,6.4,34.0
2024-10-09T17:00,16.1,10.0,225.0,12.1,6.0,34.0
2024-10-09T18:00,15.4,9.6,218.0,12.7,6.2,34.0
2024-10-09T19:00,15.1,9.5,218.0,14.0,7.9,32.0
2024-10-09T20:00,14.6,9.2,219.0,15.6,10.3,30.0
2024-10-09T21:00,14.5,9.2,217.0,16.2,11.7,28.0
2024-10-09T22:00,13.6,8.7,210.0,15.3,10.9,28.0
2024-10-09T23:00,12.0,7.8,201.0,13.5,9.2,29.0
2024-10-10T00:00,11.3,7.0,153.0,8.7,6.5,36.0
2024-10-10T01:00,10.2,6.4,150.0,7.8,7.0,38.0
2024-10-10T02:00,9.1,5.7,145.0,6.4,7.6,40.0
2024-10-10T03:00,8.3,5.2,139.0,5.3,8.0,43.0
2024-10-10T04:00,8.0,5.0,131.0,4.6,7.9,46.0
2024-10-10T05:00,7.6,4.7,123.0,4.0,7.6,48.0
2024-10-10T06:00,7.5,4.5,117.0,3.6,7.2,50.0
2024-10-10T07:00,8.2,4.9,115.0,3.3,6.7,51.0
2024-10-10T08:00,8.6,5.1,116.0,3.1,6.2,51.0
2024-10-10T09:00,9.5,5.6,120.0,3.4,5.8,50.0
2024-10-10T10:00,10.1,6.0,125.0,4.5,5.5,47.0
2024-10-10T11:00,10.6,6.2,133.0,6.0,5.2,43.0
2024-10-10T12:00,11.5,6.9,130.0,6.8,7.1,43.0
2024-10-10T13:00,13.1,8.1,162.0,8.3,7.3,40.0
2024-10-10T14:00,14.6,9.2,207.0,10.3,7.5,35.0
2024-10-10T15:00,16.1,10.2,243.0,11.8,7.8,32.0
2024-10-10T16:00,16.8,10.7,263.0,12.3,8.3,31.0
2024-10-10T17:00,17.6,11.3,274.0,12.3,8.8,32.0
2024-10-10T18:00,18.6,11.9,280.0,12.1,9.0,33.0
2024-10-10T19:00,18.7,12.0,280.0,11.8,8.5,33.0
2024-10-10T20:00,17.8,11.4,274.0,11.2,7.7,33.0
2024-10-10T21:00,17.2,10.9,264.0,10.8,7.0,33.0
2024-10-10T22:00,14.6,9.2,250.0,10.6,6.4,33.0
2024-10-10T23:00,13.2,8.2,231.0,10.5,5.9,33.0
2024-10-11T00:00,13.3,8.0,180.0,9.2,5.4,33.0
2024-10-11T01:00,13.7,8.4,174.0,8.4,6.8,36.0
2024-10-11T02:00,12.7,7.8,165.0,7.3,8.6,40.0
2024-10-11T03:00,11.5,6.9,155.0,6.1,9.6,44.0
2024-10-11T04:00,11.0,6.4,145.0,4.9,9.0,49.0
2024-10-11T05:00,10.7,6.0,134.0,3.6,7.6,55.0
2024-10-11T06:00,10.2,5.7,126.0,2.7,6.4,59.0
2024-10-11T07:00,11.1,6.1,123.0,2.2,5.7,62.0
2024-10-11T08:00,10.8,5.9,123.0,2.0,5.3,63.0
2024-10-11T09:00,10.6,5.8,125.0,2.3,4.9,63.0
2024-10-11T10:00,10.5,5.7,130.0,3.2,4.6,61.0
2024-10-11T11:00,10.7,5.8,138.0,4.7,4.4,57.0
2024-10-11T12:00,12.9,7.1,154.0,6.1,4.3,55.0
2024-10-11T13:00,13.8,7.7,163.0,7.0,4.3,54.0
2024-10-11T14:00,14.5,8.2,176.0,8.2,4.3,52.0
2024-10-11T15:00,15.3,8.7,183.0,8.8,4.1,51.0
2024-10-11T16:00,15.7,9.0,179.0,8.1,3.6,50.0
2024-10-11T17:00,15.2,8.7,169.0,6.7,2.9,49.0
2024-10-11T18:00,13.4,7.6,160.0,5.6,2.6,49.0
2024-10-11T19:00,12.5,7.1,154.0,4.9,2.8,49.0
2024-10-11T20:00,13.3,7.5,148.0,4.5,3.3,50.0
2024-10-11T21:00,13.4,7.6,146.0,4.4,3.8,50.0
2024-10-11T22:00,12.6,7.3,148.0,4.7,4.0,49.0
2024-10-11T23:00,12.7,7.4,154.0,5.4,4.1,47.0
2024-10-12T00:00,15.0,8.5,135.0,3.9,2.7,37.0
2024-10-12T01:00,15.5,8.8,136.0,4.1,3.2,37.0
2024-10-12T02:00,14.6,8.2,138.0,4.3,4.0,36.0
2024-10-12T03:00,13.6,7.7,137.0,4.3,4.5,36.0
2024-10-12T04:00,13.1,7.5,132.0,3.7,4.7,37.0
2024-10-12T05:00,12.8,7.2,125.0,2.8,4.7,39.0
2024-10-12T06:00,11.8,6.7,119.0,2.1,4.6,41.0
2024-10-12T07:00,11.8,6.6,115.0,1.7,4.2,41.0
2024-10-12T08:00,10.6,6.0,112.0,1.4,3.7,41.0
2024-10-12T09:00,10.2,5.7,114.0,1.8,3.4,41.0
2024-10-12T10:00,10.3,5.8,122.0,3.1,3.4,40.0
2024-10-12T11:00,10.0,5.6,134.0,5.1,3.7,39.0
2024-10-12T12:00,10.4,6.1,153.0,7.2,4.8,28.0
2024-10-12T13:00,11.7,7.1,166.0,7.6,4.8,27.0
2024-10-12T14:00,12.4,7.6,184.0,8.1,4.8,26.0
2024-10-12T15:00,12.7,7.7,200.0,8.5,5.0,25.0
2024-10-12T16:00,13.7,8.4,213.0,8.7,5.5,24.0
2024-10-12T17:00,15.1,9.4,225.0,8.8,6.2,24.0
2024-10-12T18:00,15.8,9.8,231.0,8.8,6.5,24.0
2024-10-12T19:00,16.1,10.0,229.0,8.7,6.2,24.0
2024-10-12T20:00,16.2,10.0,221.0,8.6,5.7,25.0
2024-10-12T21:00,15.0,9.2,214.0,8.4,5.3,25.0
2024-10-12T22:00,14.5,8.7,210.0,8.3,5.2,25.0
2024-10-12T23:00,15.1,9.1,206.0,8.2,5.3,25.0
2024-10-13T00:00,15.2,8.9,161.0,6.7,3.6,28.0
2024-10-13T01:00,16.9,10.0,156.0,5.9,4.2,30.0
2024-10-13T02:00,16.3,9.5,150.0,4.8,5.0,33.0
2024-10-13T03:00,14.6,8.4,143.0,3.8,5.5,36.0
2024-10-13T04:00,12.8,7.2,135.0,3.1,5.3,38.0
2024-10-13T05:00,11.9,6.7,127.0,2.6,4.8,39.0
2024-10-13T06:00,11.4,6.4,121.0,2.3,4.5,40.0
2024-10-13T07:00,11.1,6.3,119.0,2.0,4.6,41.0
2024-10-13T08:00,11.3,6.4,119.0,1.9,4.8,42.0
2024-10-13T09:00,10.6,5.9,122.0,2.2,5.0,41.0
2024-10-13T10:00,9.7,5.4,125.0,3.2,5.0,38.0
2024-10-13T11:00,9.0,5.0,131.0,4.6,4.9,34.0
2024-10-13T12:00,9.6,5.5,144.0,6.2,4.4,29.0
2024-10-13T13:00,10.4,6.1,164.0,6.6,4.6,30.0
2024-10-13T14:00,11.8,7.0,191.0,7.2,4.8,31.0
2024-10-13T15:00,13.0,7.8,213.0,7.7,4.9,33.0
2024-10-13T16:00,14.3,8.7,227.0,8.1,5.0,36.0
2024-10-13T17:00,16.2,10.0,237.0,8.4,5.0,39.0
2024-10-13T18:00,13.7,8.4,237.0,8.2,4.7,42.0
2024-10-13T19:00,10.4,6.2,221.0,7.1,3.9,44.0
2024-10-13T20:00,9.0,5.3,195.0,5.4,2.9,46.0
2024-10-13T21:00,7.9,4.7,176.0,4.2,2.2,48.0
2024-10-13T22:00,7.0,4.2,170.0,3.7,2.1,49.0
2024-10-13T23:00,6.9,4.1,171.0,3.6,2.2,49.0
2024-10-14T00:00,11.4,7.3,228.0,17.3,14.6,24.0
2024-10-14T01:00,9.1,5.7,211.0,13.6,11.2,31.0
2024-10-14T02:00,8.2,4.8,187.0,8.4,6.5,41.0
2024-10-14T03:00,7.8,4.4,170.0,4.4,3.1,49.0
2024-10-14T04:00,8.4,4.7,167.0,2.6,2.2,55.0
2024-10-14T05:00,9.0,4.9,170.0,1.9,2.5,60.0
2024-10-14T06:00,9.5,5.1,174.0,1.7,2.8,62.0
2024-10-14T07:00,9.7,5.2,175.0,1.6,2.7,61.0
2024-10-14T08:00,11.5,6.2,175.0,1.9,2.5,58.0
2024-10-14T09:00,13.9,7.4,179.0,2.7,2.4,55.0
2024-10-14T10:00,13.7,7.4,189.0,4.6,2.4,51.0
2024-10-14T11:00,13.5,7.4,202.0,7.0,2.4,47.0
2024-10-14T12:00,13.0,7.4,191.0,7.6,3.7,52.0
2024-10-14T13:00,14.3,8.1,187.0,6.9,3.4,51.0
2024-10-14T14:00,13.5,7.6,181.0,5.9,3.0,49.0
2024-10-14T15:00,12.8,7.1,175.0,5.0,2.6,48.0
2024-10-14T16:00,12.0,6.7,169.0,4.5,2.4,47.0
2024-10-14T17:00,12.2,6.8,163.0,4.2,2.2,45.0
2024-10-14T18:00,11.0,6.0,156.0,3.8,2.1,44.0
2024-10-14T19:00,11.6,6.3,146.0,3.3,2.0,43.0
2024-10-14T20:00,11.5,6.2,136.0,2.7,1.9,43.0
2024-10-14T21:00,10.4,5.6,128.0,2.4,1.9,42.0
2024-10-14T22:00,11.0,6.0,125.0,2.4,1.9,41.0
2024-10-14T23:00,11.1,6.0,124.0,2.6,2.0,40.0
2024-10-15T00:00,9.3,5.2,140.0,2.9,2.2,39.0
2024-10-15T01:00,9.6,5.4,137.0,3.2,2.4,40.0
2024-10-15T02:00,9.1,5.2,132.0,3.7,2.7,41.0
2024-10-15T03:00,8.8,4.8,128.0,3.9,3.0,42.0
2024-10-15T04:00,9.5,5.2,124.0,3.7,3.2,43.0
2024-10-15T05:00,10.4,5.7,121.0,3.4,3.3,44.0
2024-10-15T06:00,10.8,5.9,120.0,3.2,3.4,45.0
2024-10-15T07:00,10.4,5.7,120.0,3.2,3.5,45.0
2024-10-15T08:00,10.1,5.6,122.0,3.4,3.7,45.0
2024-10-15T09:00,9.7,5.4,127.0,4.0,3.7,44.0
2024-10-15T10:00,9.5,5.3,138.0,5.3,3.6,42.0
2024-10-15T11:00,10.4,5.8,152.0,6.9,3.4,40.0
2024-10-15T12:00,10.4,6.4,217.0,13.4,6.4,37.0
2024-10-15T13:00,10.5,6.6,208.0,12.8,6.2,38.0
2024-10-15T14:00,9.9,6.1,194.0,11.8,5.8,39.0
2024-10-15T15:00,9.4,5.7,182.0,10.5,5.2,40.0
2024-10-15T16:00,8.7,5.1,171.0,8.4,4.1,42.0
2024-10-15T17:00,8.5,4.9,161.0,5.9,2.8,44.0
2024-10-15T18:00,8.3,4.7,154.0,4.1,2.0,46.0
2024-10-15T19:00,7.6,4.3,154.0,3.5,2.2,47.0
2024-10-15T20:00,7.5,4.2,157.0,3.5,2.8,48.0
2024-10-15T21:00,8.4,4.7,160.0,3.6,3.3,48.0
2024-10-15T22:00,9.3,5.1,162.0,3.5,3.3,49.0
2024-10-15T23:00,11.1,6.0,164.0,3.3,3.0,49.0
2024-10-16T00:00,10.8,6.0,162.0,6.3,5.7,40.0
2024-10-16T01:00,12.3,6.9,170.0,7.0,5.2,39.0
2024-10-16T02:00,15.0,8.4,181.0,7.9,4.6,38.0
2024-10-16T03:00,13.4,7.7,189.0,8.6,5.3,38.0
2024-10-16T04:00,10.3,6.0,191.0,8.8,8.1,41.0
2024-10-16T05:00,9.0,5.3,190.0,8.8,12.2,46.0
2024-10-16T06:00,8.6,5.4,192.0,8.9,16.0,52.0
2024-10-16T07:00,9.7,6.4,196.0,9.0,19.3,63.0
2024-10-16T08:00,10.8,7.3,203.0,9.2,22.4,75.0
2024-10-16T09:00,11.5,7.9,214.0,10.6,24.6,82.0
2024-10-16T10:00,12.1,8.4,225.0,14.2,25.0,80.0
2024-10-16T11:00,13.0,9.0,242.0,18.9,24.5,74.0
2024-10-16T12:00,15.3,10.3,265.0,23.3,23.0,47.0
2024-10-16T13:00,16.4,11.1,277.0,23.6,22.0,42.0
2024-10-16T14:00,16.4,11.2,292.0,24.0,20.4,36.0
2024-10-16T15:00,14.5,9.9,297.0,23.5,18.8,31.0
2024-10-16T16:00,13.2,9.0,282.0,21.6,17.0,30.0
2024-10-16T17:00,11.8,8.0,256.0,18.9,15.1,30.0
2024-10-16T18:00,9.1,6.2,231.0,16.3,13.5,30.0
2024-10-16T19:00,6.8,4.6,210.0,14.1,12.3,30.0
2024-10-16T20:00,5.6,3.8,190.0,12.0,11.3,30.0
2024-10-16T21:00,5.2,3.6,176.0,10.7,10.9,30.0
2024-10-16T22:00,4.8,3.3,171.0,10.5,10.9,29.0
2024-10-16T23:00,4.9,3.4,172.0,11.1,11.4,27.0
2024-10-17T00:00,26.0,16.4,327.0,17.2,17.2,49.0
2024-10-17T01:00,30.2,19.2,328.0,16.3,19.5,57.0
2024-10-17T02:00,32.6,20.8,328.0,14.8,22.7,70.0
2024-10-17T03:00,36.7,23.6,326.0,13.0,24.8,86.0
2024-10-17T04:00,37.6,24.3,318.0,10.3,25.2,108.0
2024-10-17T05:00,36.6,23.5,307.0,7.2,24.5,133.0
2024-10-17T06:00,35.9,22.7,297.0,4.9,23.3,153.0
2024-10-17T07:00,36.6,23.1,288.0,3.7,21.5,164.0
2024-10-17T08:00,35.5,22.2,279.0,3.4,19.1,169.0
2024-10-17T09:00,35.2,21.7,272.0,3.8,17.0,169.0
2024-10-17T10:00,34.1,20.7,266.0,5.4,15.6,162.0
2024-10-17T11:00,33.3,19.7,261.0,7.9,14.5,150.0
2024-10-17T12:00,34.2,19.8,270.0,9.6,14.4,127.0
2024-10-17T13:00,35.3,20.3,267.0,10.0,13.1,122.0
2024-10-17T14:00,35.0,20.0,263.0,10.6,11.4,114.0
2024-10-17T15:00,34.3,19.4,258.0,10.9,9.8,107.0
2024-10-17T16:00,32.1,18.0,252.0,11.0,8.7,102.0
2024-10-17T17:00,30.3,17.0,246.0,10.8,7.8,97.0
2024-10-17T18:00,29.2,16.6,240.0,10.4,7.2,93.0
2024-10-17T19:00,28.1,16.2,233.0,9.3,6.7,89.0
2024-10-17T20:00,27.1,15.7,227.0,7.9,6.5,84.0
2024-10-17T21:00,25.8,15.0,226.0,7.2,7.0,81.0
2024-10-17T22:00,25.7,15.2,234.0,7.8,8.4,78.0
2024-10-17T23:00,26.5,15.9,246.0,9.1,10.5,75.0
2024-10-18T00:00,27.7,16.4,246.0,8.4,8.4,77.0
2024-10-18T01:00,28.3,17.1,243.0,8.7,10.0,81.0
2024-10-18T02:00,26.8,16.1,240.0,9.1,12.1,88.0
2024-10-18T03:00,24.1,14.5,235.0,9.1,13.9,95.0
2024-10-18T04:00,22.8,13.9,229.0,8.2,15.0,104.0
2024-10-18T05:00,21.2,13.1,223.0,6.8,15.7,114.0
2024-10-18T06:00,22.6,14.3,217.0,5.7,16.0,122.0
2024-10-18T07:00,20.9,13.2,212.0,5.2,15.9,127.0
2024-10-18T08:00,21.7,13.8,209.0,5.0,15.3,129.0
2024-10-18T09:00,22.1,14.0,207.0,5.4,14.3,128.0
2024-10-18T10:00,21.9,13.9,206.0,6.5,12.5,121.0
2024-10-18T11:00,20.3,12.7,207.0,8.1,10.2,111.0
2024-10-18T12:00,25.7,16.0,221.0,10.0,11.7,109.0
2024-10-18T13:00,29.1,18.3,267.0,14.5,12.0,99.0
2024-10-18T14:00,31.2,19.8,331.0,20.6,12.3,84.0
2024-10-18T15:00,33.4,21.4,373.0,24.6,12.3,73.0
2024-10-18T16:00,36.0,23.3,378.0,24.7,11.6,68.0
2024-10-18T17:00,33.9,21.9,363.0,22.7,10.5,67.0
2024-10-18T18:00,30.7,19.8,338.0,19.8,9.5,67.0
2024-10-18T19:00,27.3,17.3,301.0,15.7,8.9,70.0
2024-10-18T20:00,24.6,15.4,255.0,10.8,8.4,74.0
2024-10-18T21:00,23.2,14.5,219.0,7.0,8.0,76.0
2024-10-18T22:00,22.5,14.2,202.0,5.3,7.5,74.0
2024-10-18T23:00,21.0,13.2,194.0,4.8,7.0,71.0
2024-10-19T00:00,15.1,9.3,204.0,9.1,12.3,67.0
2024-10-19T01:00,15.0,9.3,207.0,10.0,12.8,66.0
2024-10-19T02:00,14.8,9.3,210.0,11.0,13.5,65.0
2024-10-19T03:00,13.9,8.8,207.0,11.1,13.4,66.0
2024-10-19T04:00,12.0,7.5,194.0,9.1,12.0,72.0
2024-10-19T05:00,11.1,6.9,175.0,6.1,10.0,81.0
2024-10-19T06:00,10.1,6.1,160.0,3.9,8.3,87.0
2024-10-19T07:00,9.1,5.4,152.0,3.1,7.3,87.0
2024-10-19T08:00,9.1,5.4,147.0,3.0,6.6,84.0
2024-10-19T09:00,8.5,5.0,147.0,3.6,6.2,80.0
2024-10-19T10:00,8.4,4.9,150.0,4.9,6.2,75.0
2024-10-19T11:00,8.4,5.0,156.0,6.8,6.6,70.0
2024-10-19T12:00,12.4,7.3,148.0,6.6,5.1,53.0
2024-10-19T13:00,12.9,7.8,170.0,7.7,5.3,50.0
2024-10-19T14:00,14.0,8.6,201.0,9.3,5.5,47.0
2024-10-19T15:00,14.4,8.9,224.0,10.5,5.6,45.0
2024-10-19T16:00,14.9,9.3,234.0,11.0,5.7,46.0
2024-10-19T17:00,14.8,9.2,236.0,11.0,5.7,48.0
2024-10-19T18:00,14.3,9.0,232.0,10.7,5.5,50.0
2024-10-19T19:00,13.2,8.2,217.0,9.9,4.9,51.0
2024-10-19T20:00,11.6,7.2,195.0,8.8,4.2,52.0
2024-10-19T21:00,11.0,6.8,178.0,7.9,3.7,52.0
2024-10-19T22:00,10.5,6.4,171.0,7.5,3.7,51.0
2024-10-19T23:00,9.9,6.1,169.0,7.3,4.1,51.0
2024-10-20T00:00,10.5,6.6,189.0,10.3,6.3,46.0
2024-10-20T01:00,10.2,6.4,195.0,10.9,8.0,46.0
2024-10-20T02:00,10.8,7.0,203.0,11.5,10.3,47.0
2024-10-20T03:00,11.1,7.2,205.0,11.4,12.3,52.0
2024-10-20T04:00,10.9,7.0,195.0,9.8,13.8,65.0
2024-10-20T05:00,11.0,7.0,180.0,7.3,14.9,82.0
2024-10-20T06:00,11.6,7.1,166.0,5.3,15.0,95.0
2024-10-20T07:00,11.8,7.1,156.0,4.0,13.4,101.0
2024-10-20T08:00,11.2,6.6,149.0,3.2,10.8,102.0
2024-10-20T09:00,10.2,5.9,146.0,3.2,8.6,100.0
2024-10-20T10:00,9.0,5.2,147.0,4.2,7.4,93.0
2024-10-20T11:00,9.2,5.2,153.0,6.1,6.6,81.0
2024-10-20T12:00,6.7,3.9,148.0,7.4,6.6,65.0
2024-10-20T13:00,7.2,4.3,159.0,8.5,6.0,61.0
2024-10-20T14:00,8.4,5.1,175.0,10.1,5.1,55.0
2024-10-20T15:00,9.1,5.5,185.0,10.9,4.4,52.0
2024-10-20T16:00,9.1,5.4,184.0,10.3,4.1,53.0
2024-10-20T17:00,9.9,5.7,177.0,9.1,3.9,57.0
2024-10-20T18:00,10.9,6.4,172.0,8.0,3.8,60.0
2024-10-20T19:00,11.4,6.8,170.0,7.5,3.8,61.0
2024-10-20T20:00,11.4,6.8,170.0,7.1,3.8,61.0
2024-10-20T21:00,10.5,6.2,169.0,6.9,4.0,60.0
2024-10-20T22:00,10.2,6.0,167.0,6.7,4.2,59.0
2024-10-20T23:00,9.9,5.9,165.0,6.7,4.5,57.0
2024-10-21T00:00,10.0,5.8,149.0,4.9,3.9,57.0
2024-10-21T01:00,10.3,6.0,151.0,5.1,5.0,59.0
2024-10-21T02:00,9.9,5.7,154.0,5.5,6.5,63.0
2024-10-21T03:00,9.5,5.6,155.0,5.5,7.8,67.0
2024-10-21T04:00,9.3,5.6,153.0,5.0,8.6,72.0
2024-10-21T05:00,9.0,5.3,148.0,4.3,9.1,78.0
2024-10-21T06:00,9.1,5.3,145.0,3.7,9.2,82.0
2024-10-21T07:00,9.0,5.2,142.0,3.2,8.7,83.0
2024-10-21T08:00,9.1,5.3,140.0,2.9,7.7,81.0
2024-10-21T09:00,9.3,5.4,141.0,3.2,7.0,78.0
2024-10-21T10:00,9.6,5.5,144.0,4.6,6.5,74.0
2024-10-21T11:00,9.4,5.4,150.0,6.6,6.3,68.0
2024-10-21T12:00,12.6,7.2,168.0,8.6,5.5,58.0
2024-10-21T13:00,15.8,9.5,201.0,10.6,6.3,55.0
2024-10-21T14:00,17.4,10.7,246.0,13.4,7.4,50.0
2024-10-21T15:00,17.6,10.9,282.0,15.2,8.1,46.0
2024-10-21T16:00,20.4,12.9,303.0,14.9,8.2,44.0
2024-10-21T17:00,20.4,13.0,316.0,13.5,7.9,44.0
2024-10-21T18:00,19.2,12.2,316.0,12.7,7.8,43.0
2024-10-21T19:00,17.9,11.4,298.0,13.3,8.1,41.0
2024-10-21T20:00,16.7,10.6,267.0,14.5,8.6,39.0
2024-10-21T21:00,15.4,9.6,242.0,15.1,9.0,38.0
2024-10-21T22:00,14.5,9.1,231.0,14.6,9.2,37.0
2024-10-21T23:00,13.8,8.7,225.0,13.6,9.3,36.0
2024-10-22T00:00,12.3,7.6,192.0,10.0,6.0,40.0
2024-10-22T01:00,12.6,7.9,178.0,8.7,6.8,44.0
2024-10-22T02:00,11.4,7.1,159.0,6.8,7.9,49.0
2024-10-22T03:00,8.8,5.3,143.0,5.2,8.4,53.0
2024-10-22T04:00,8.6,5.2,135.0,4.1,7.7,54.0
2024-10-22T05:00,7.8,4.7,130.0,3.2,6.4,54.0
2024-10-22T06:00,7.7,4.6,128.0,2.7,5.6,54.0
2024-10-22T07:00,7.9,4.7,127.0,2.4,5.7,57.0
2024-10-22T08:00,8.4,5.0,129.0,2.4,6.3,60.0
2024-10-22T09:00,8.8,5.2,135.0,3.0,6.7,60.0
2024-10-22T10:00,8.8,5.2,139.0,4.7,6.3,55.0
2024-10-22T11:00,8.4,4.9,147.0,7.1,5.8,48.0
2024-10-22T12:00,7.8,4.5,145.0,6.7,4.5,36.0
2024-10-22T13:00,10.5,6.4,203.0,7.6,6.6,36.0
2024-10-22T14:00,15.0,9.4,283.0,8.9,9.3,36.0
2024-10-22T15:00,20.1,12.9,342.0,10.0,11.1,36.0
2024-10-22T16:00,24.2,15.7,361.0,10.4,10.7,37.0
2024-10-22T17:00,24.4,15.7,358.0,10.7,9.2,39.0
2024-10-22T18:00,22.8,14.6,348.0,11.7,8.5,39.0
2024-10-22T19:00,22.2,14.2,332.0,14.3,9.5,37.0
2024-10-22T20:00,21.9,14.0,308.0,17.7,11.3,33.0
2024-10-22T21:00,21.2,13.4,287.0,19.8,12.8,30.0
2024-10-22T22:00,20.6,12.9,272.0,19.8,13.5,28.0
2024-10-22T23:00,20.1,12.5,259.0,18.7,13.9,27.0
2024-10-23T00:00,19.7,12.5,279.0,22.2,14.9,19.0
2024-10-23T01:00,18.6,11.8,261.0,19.4,15.9,25.0
2024-10-23T02:00,18.9,12.0,236.0,15.4,17.2,35.0
2024-10-23T03:00,16.8,10.2,218.0,11.7,17.6,48.0
2024-10-23T04:00,23.4,13.8,212.0,8.8,16.3,67.0
2024-10-23T05:00,33.3,19.4,211.0,6.2,14.1,90.0
2024-10-23T06:00,41.1,24.0,213.0,4.3,12.0,107.0
2024-10-23T07:00,46.7,27.4,214.0,3.1,10.2,115.0
2024-10-23T08:00,50.8,29.7,216.0,2.5,8.5,119.0
2024-10-23T09:00,53.8,31.7,224.0,3.0,7.3,119.0
2024-10-23T10:00,55.9,32.8,238.0,5.1,6.8,116.0
2024-10-23T11:00,57.0,33.6,257.0,8.3,6.8,111.0
2024-10-23T12:00,63.1,37.3,277.0,11.6,7.8,106.0
2024-10-23T13:00,65.4,38.6,315.0,15.2,8.9,103.0
2024-10-23T14:00,70.8,42.4,366.0,20.1,10.5,99.0
2024-10-23T15:00,75.0,45.3,399.0,23.1,12.3,94.0
2024-10-23T16:00,74.3,45.1,396.0,22.6,14.3,90.0
2024-10-23T17:00,70.8,43.1,375.0,20.2,16.4,85.0
2024-10-23T18:00,65.0,40.2,353.0,17.9,18.4,81.0
2024-10-23T19:00,58.1,36.4,338.0,16.3,20.5,77.0
2024-10-23T20:00,51.3,32.9,322.0,14.9,22.5,74.0
2024-10-23T21:00,46.4,30.4,306.0,13.4,23.1,73.0
2024-10-23T22:00,41.7,27.7,284.0,11.5,21.3,75.0
2024-10-23T23:00,37.5,25.2,261.0,9.6,18.2,79.0
2024-10-24T00:00,36.3,24.4,256.0,8.5,13.9,83.0
2024-10-24T01:00,35.7,24.3,279.0,11.0,12.9,79.0
2024-10-24T02:00,32.7,22.4,310.0,14.2,11.6,74.0
2024-10-24T03:00,32.7,22.5,329.0,15.9,11.6,77.0
2024-10-24T04:00,32.1,22.1,323.0,14.5,14.0,95.0
2024-10-24T05:00,32.1,22.0,304.0,11.5,17.7,120.0
2024-10-24T06:00,32.7,21.8,288.0,8.8,20.4,143.0
2024-10-24T07:00,41.4,26.5,277.0,6.5,21.0,161.0
2024-10-24T08:00,53.1,32.8,269.0,4.5,20.7,
2024-10-24T09:00,63.1,38.1,272.0,4.6,20.6,
2024-10-24T10:00,68.5,40.7,288.0,7.8,21.2,
2024-10-24T11:00,71.5,42.3,315.0,13.2,22.1,170.0
2024-10-24T12:00,86.8,51.9,411.0,26.0,21.7,133.0
2024-10-24T13:00,,55.4,,30.8,25.1,123.0
2024-10-24T14:00,,,,,29.7,109.0
2024-10-24T15:00,,,,,32.6,99.0
2024-10-24T16:00,,,,,32.5,98.0
2024-10-24T17:00,86.4,53.0,,27.9,30.7,102.0
2024-10-24T18:00,75.4,46.4,449.0,21.2,27.6,102.0
2024-10-24T19:00,64.3,40.2,400.0,17.1,22.2,95.0
2024-10-24T20:00,50.4,32.2,371.0,14.1,15.6,85.0
2024-10-24T21:00,40.5,26.7,350.0,12.1,11.1,75.0
2024-10-24T22:00,34.6,23.5,332.0,11.3,10.7,66.0
2024-10-24T23:00,31.9,22.0,322.0,11.5,12.4,58.0
2024-10-25T00:00,32.4,22.1,327.0,10.4,9.8,62.0
2024-10-25T01:00,32.9,22.7,353.0,12.2,10.8,61.0
2024-10-25T02:00,34.8,24.1,389.0,14.5,12.3,61.0
2024-10-25T03:00,39.2,27.0,410.0,15.4,14.4,73.0
2024-10-25T04:00,45.9,30.5,404.0,13.3,17.8,110.0
2024-10-25T05:00,50.5,32.2,383.0,9.7,21.7,159.0
2024-10-25T06:00,57.2,35.5,364.0,6.9,24.5,
2024-10-25T07:00,63.3,38.5,346.0,5.1,24.9,
2024-10-25T08:00,68.2,41.1,330.0,4.0,24.1,
2024-10-25T09:00,71.7,42.8,328.0,5.1,23.6,
2024-10-25T10:00,74.0,44.0,348.0,9.5,24.0,
2024-10-25T11:00,76.4,45.4,383.0,16.1,24.6,
2024-10-25T12:00,,55.9,415.0,23.1,24.2,174.0
2024-10-25T13:00,,,440.0,24.1,23.1,163.0
2024-10-25T14:00,,,473.0,25.3,21.4,147.0
2024-10-25T15:00,87.5,53.6,,25.3,19.5,134.0
2024-10-25T16:00,81.5,49.8,479.0,23.1,17.0,125.0
2024-10-25T17:00,77.8,47.8,453.0,19.7,14.2,118.0
2024-10-25T18:00,75.7,46.9,432.0,16.7,12.3,112.0
2024-10-25T19:00,75.0,46.6,426.0,14.7,11.8,106.0
2024-10-25T20:00,73.6,46.0,426.0,13.1,12.2,101.0
2024-10-25T21:00,73.1,46.2,428.0,12.0,13.1,95.0
2024-10-25T22:00,73.1,47.0,431.0,11.4,14.6,84.0
2024-10-25T23:00,67.8,44.0,436.0,11.4,16.6,72.0
2024-10-26T00:00,65.7,43.5,,12.0,15.3,61.0
2024-10-26T01:00,68.0,45.2,,14.1,14.8,64.0
2024-10-26T02:00,73.6,48.5,,16.9,14.2,69.0
2024-10-26T03:00,80.3,52.6,,17.9,14.5,87.0
2024-10-26T04:00,84.3,54.4,,15.3,16.7,128.0
2024-10-26T05:00,85.7,53.7,,10.8,19.7,
2024-10-26T06:00,,53.9,417.0,7.2,21.5,
2024-10-26T07:00,,,363.0,5.2,21.1,
2024-10-26T08:00,,,347.0,4.1,19.5,
2024-10-26T09:00,,,355.0,4.6,17.8,
2024-10-26T10:00,,56.6,391.0,7.7,16.1,
2024-10-26T11:00,,55.4,452.0,12.3,14.3,
2024-10-26T12:00,,,,21.1,16.6,156.0
2024-10-26T13:00,,56.5,,21.5,16.6,156.0
2024-10-26T14:00,,55.8,,22.1,16.6,155.0
2024-10-26T15:00,,55.4,,22.6,16.7,153.0
2024-10-26T16:00,,55.4,,23.2,16.9,150.0
2024-10-26T17:00,,55.5,,23.6,17.1,147.0
2024-10-26T18:00,,55.3,,23.3,17.5,140.0
2024-10-26T19:00,,55.8,,21.4,18.2,129.0
2024-10-26T20:00,,56.2,,18.8,19.1,116.0
2024-10-26T21:00,,,471.0,16.9,19.8,102.0
2024-10-26T22:00,,,,16.5,20.3,84.0
2024-10-26T23:00,,,,16.9,20.7,66.0
2024-10-27T00:00,,,,20.0,15.0,45.0
2024-10-27T01:00,,,,20.7,14.4,55.0
2024-10-27T02:00,,,,21.5,13.7,70.0
2024-10-27T03:00,,,,20.6,13.7,94.0
2024-10-27T04:00,,,,16.6,15.3,137.0
2024-10-27T05:00,80.3,51.2,,11.0,17.7,
2024-10-27T06:00,71.5,45.9,360.0,6.7,19.1,
2024-10-27T07:00,64.3,41.6,297.0,4.5,18.6,
2024-10-27T08:00,61.2,39.8,291.0,3.7,17.2,
2024-10-27T09:00,60.5,39.1,321.0,4.5,16.1,
2024-10-27T10:00,55.5,36.1,391.0,7.7,15.6,
2024-10-27T11:00,53.4,34.9,,12.6,15.3,
2024-10-27T12:00,55.8,36.9,,21.1,16.5,132.0
2024-10-27T13:00,60.1,39.8,,23.4,16.8,123.0
2024-10-27T14:00,61.2,40.7,,26.6,17.2,112.0
2024-10-27T15:00,61.0,40.4,,28.8,17.4,103.0
2024-10-27T16:00,61.0,40.3,,29.5,17.4,100.0
2024-10-27T17:00,61.7,40.6,,29.2,17.3,100.0
2024-10-27T18:00,62.9,41.2,,27.8,16.7,103.0
2024-10-27T19:00,64.0,41.6,,24.6,15.3,109.0
2024-10-27T20:00,64.3,41.3,,20.2,13.4,117.0
2024-10-27T21:00,65.4,41.6,,16.4,12.2,124.0
2024-10-27T22:00,65.7,41.3,,13.7,12.2,127.0
2024-10-27T23:00,67.3,42.0,,11.5,12.9,129.0
2024-10-28T00:00,68.2,42.1,,9.4,13.4,138.0
2024-10-28T01:00,70.3,43.5,,10.0,14.1,144.0
2024-10-28T02:00,72.2,44.7,,10.7,15.1,152.0
2024-10-28T03:00,71.2,43.4,,10.5,16.4,161.0
2024-10-28T04:00,69.4,41.3,,8.7,18.2,170.0
2024-10-28T05:00,71.2,41.9,,6.0,20.2,
2024-10-28T06:00,70.3,41.1,368.0,4.0,21.5,
2024-10-28T07:00,69.6,40.7,311.0,2.9,21.3,
2024-10-28T08:00,69.4,40.6,289.0,2.4,20.4,
2024-10-28T09:00,69.2,40.3,321.0,3.4,19.8,
2024-10-28T10:00,70.8,41.0,438.0,7.0,20.1,166.0
2024-10-28T11:00,73.6,43.0,,12.1,20.7,152.0
2024-10-28T12:00,82.2,47.8,,14.3,17.5,123.0
2024-10-28T13:00,82.9,48.3,,14.7,18.0,119.0
2024-10-28T14:00,80.6,46.7,,15.3,18.6,113.0
2024-10-28T15:00,80.3,46.6,,15.4,18.5,109.0
2024-10-28T16:00,80.6,46.7,,14.8,17.2,108.0
2024-10-28T17:00,78.0,45.1,,13.7,15.2,108.0
2024-10-28T18:00,74.7,43.3,,12.6,13.5,109.0
2024-10-28T19:00,72.2,41.9,,11.4,12.2,111.0
2024-10-28T20:00,71.9,42.0,,10.1,11.2,114.0
2024-10-28T21:00,71.7,42.3,,9.3,10.7,115.0
2024-10-28T22:00,72.2,42.6,,9.4,10.9,112.0
2024-10-28T23:00,71.7,42.7,,10.0,11.5,108.0
2024-10-29T00:00,59.0,34.8,,6.6,10.0,104.0
2024-10-29T01:00,53.4,32.1,,8.4,12.7,93.0
2024-10-29T02:00,51.3,31.5,,10.9,16.4,79.0
2024-10-29T03:00,49.0,30.4,,12.0,19.4,75.0
2024-10-29T04:00,46.4,28.9,,10.6,21.4,91.0
2024-10-29T05:00,46.4,28.7,470.0,7.9,22.7,116.0
2024-10-29T06:00,49.7,30.4,354.0,5.7,22.9,138.0
2024-10-29T07:00,53.9,32.8,296.0,4.2,21.4,152.0
2024-10-29T08:00,56.0,33.9,267.0,3.2,18.8,162.0
2024-10-29T09:00,57.3,34.3,268.0,3.4,16.5,164.0
2024-10-29T10:00,57.2,33.9,314.0,5.7,14.5,154.0
2024-10-29T11:00,56.9,33.4,388.0,9.3,12.8,137.0
2024-10-29T12:00,66.8,39.8,440.0,12.7,14.5,104.0
2024-10-29T13:00,67.5,40.2,444.0,14.2,14.8,99.0
2024-10-29T14:00,68.7,41.1,426.0,16.2,15.1,93.0
2024-10-29T15:00,70.3,42.1,409.0,17.4,15.1,89.0
2024-10-29T16:00,71.2,42.6,401.0,17.0,14.4,90.0
2024-10-29T17:00,71.7,43.1,395.0,15.7,13.5,93.0
2024-10-29T18:00,70.8,42.4,389.0,14.5,12.6,95.0
2024-10-29T19:00,70.3,42.1,381.0,13.4,12.0,96.0
2024-10-29T20:00,70.8,42.5,373.0,12.4,11.6,97.0
2024-10-29T21:00,71.0,42.8,377.0,11.7,11.4,97.0
2024-10-29T22:00,71.9,43.4,399.0,11.8,11.6,95.0
2024-10-29T23:00,72.2,43.8,431.0,12.3,12.1,91.0
2024-10-30T00:00,67.1,40.7,464.0,9.5,11.9,94.0
2024-10-30T01:00,68.2,41.7,,10.1,13.2,98.0
2024-10-30T02:00,67.1,40.6,,10.9,15.0,105.0
2024-10-30T03:00,58.9,35.2,,10.9,16.7,115.0
2024-10-30T04:00,53.0,31.9,,9.3,18.3,131.0
2024-10-30T05:00,51.5,31.4,467.0,7.0,19.7,149.0
2024-10-30T06:00,53.3,32.7,418.0,5.1,20.2,162.0
2024-10-30T07:00,52.2,32.0,379.0,3.8,19.1,167.0
2024-10-30T08:00,50.5,31.1,344.0,3.0,17.0,166.0
2024-10-30T09:00,48.1,29.5,327.0,3.4,15.0,160.0
2024-10-30T10:00,43.9,26.7,330.0,5.4,13.0,148.0
2024-10-30T11:00,39.7,24.0,350.0,8.5,11.0,130.0
2024-10-30T12:00,49.5,29.8,390.0,13.4,10.8,103.0
2024-10-30T13:00,55.6,34.2,468.0,16.3,12.5,97.0
2024-10-30T14:00,58.6,36.4,,20.3,14.7,88.0
2024-10-30T15:00,59.8,37.6,,22.8,15.9,81.0
2024-10-30T16:00,61.2,38.5,,22.7,15.2,77.0
2024-10-30T17:00,61.7,38.9,,21.2,13.4,74.0
2024-10-30T18:00,59.4,37.4,,19.2,11.7,72.0
2024-10-30T19:00,56.1,35.2,,16.4,10.2,71.0
2024-10-30T20:00,54.2,33.9,432.0,13.2,8.9,71.0
2024-10-30T21:00,53.9,33.8,332.0,10.8,8.2,71.0
2024-10-30T22:00,54.0,33.9,297.0,10.0,8.3,69.0
2024-10-30T23:00,54.4,34.1,298.0,10.2,9.0,66.0
2024-10-31T00:00,60.1,37.7,323.0,14.3,12.7,67.0
2024-10-31T01:00,61.5,38.6,388.0,14.2,15.1,72.0
2024-10-31T02:00,62.6,39.2,477.0,14.0,18.3,80.0
2024-10-31T03:00,56.0,34.0,,13.0,20.2,90.0
2024-10-31T04:00,51.7,30.7,,10.6,19.8,107.0
2024-10-31T05:00,51.5,30.5,418.0,7.5,18.2,127.0
2024-10-31T06:00,51.1,30.0,346.0,5.0,16.0,139.0
2024-10-31T07:00,51.3,30.0,282.0,3.6,13.1,137.0
2024-10-31T08:00,52.5,30.5,220.0,3.0,9.7,127.0
2024-10-31T09:00,49.2,28.4,182.0,3.0,7.1,115.0
2024-10-31T10:00,43.8,25.1,178.0,3.9,5.8,101.0
2024-10-31T11:00,39.0,22.2,199.0,5.6,5.3,84.0
2024-10-31T12:00,28.6,16.6,234.0,7.3,6.4,75.0
2024-10-31T13:00,28.1,16.5,291.0,9.6,6.4,71.0
2024-10-31T14:00,27.8,16.5,364.0,12.7,6.4,65.0
2024-10-31T15:00,28.4,16.9,418.0,15.1,6.5,60.0
2024-10-31T16:00,30.2,18.1,447.0,16.3,7.0,57.0
2024-10-31T17:00,30.6,18.5,459.0,16.8,7.7,56.0
2024-10-31T18:00,31.3,19.1,443.0,16.6,8.0,55.0
2024-10-31T19:00,30.5,18.6,375.0,15.0,7.2,55.0
2024-10-31T20:00,28.9,17.6,280.0,12.7,6.0,56.0
2024-10-31T21:00,28.7,17.5,223.0,11.2,5.8,56.0
2024-10-31T22:00,29.2,17.8,239.0,11.5,7.1,54.0
2024-10-31T23:00,28.2,17.3,293.0,12.7,9.4,50.0
2024-11-01T00:00,28.2,17.3,344.0,12.4,7.2,52.0
2024-11-01T01:00,26.5,16.3,385.0,11.4,8.6,56.0
2024-11-01T02:00,24.6,15.1,423.0,10.0,10.6,61.0
2024-11-01T03:00,22.3,13.6,436.0,8.7,12.1,68.0
2024-11-01T04:00,19.7,12.0,409.0,7.5,12.6,77.0
2024-11-01T05:00,18.3,11.1,358.0,6.5,12.6,86.0
2024-11-01T06:00,18.7,11.3,309.0,5.7,12.2,93.0
2024-11-01T07:00,19.5,11.7,267.0,5.3,11.4,95.0
2024-11-01T08:00,19.7,11.8,228.0,5.2,10.2,95.0
2024-11-01T09:00,19.8,11.8,203.0,5.5,9.1,92.0
2024-11-01T10:00,16.9,10.0,198.0,5.9,7.9,86.0
2024-11-01T11:00,14.8,8.8,207.0,6.6,6.7,78.0
2024-11-01T12:00,23.5,13.9,226.0,10.0,4.8,56.0
2024-11-01T13:00,22.6,13.6,254.0,11.1,5.4,53.0
2024-11-01T14:00,23.4,14.2,292.0,12.6,6.3,48.0
2024-11-01T15:00,25.7,15.9,339.0,13.7,7.2,44.0
2024-11-01T16:00,28.2,17.8,411.0,14.1,8.4,43.0
2024-11-01T17:00,30.5,19.4,,14.3,9.6,42.0
2024-11-01T18:00,31.4,20.3,,14.3,10.2,42.0
2024-11-01T19:00,30.4,19.7,,14.3,9.5,42.0
2024-11-01T20:00,28.9,18.6,400.0,14.2,8.2,41.0
2024-11-01T21:00,28.3,18.3,337.0,14.4,7.5,40.0
2024-11-01T22:00,29.2,18.7,324.0,15.6,8.0,37.0
2024-11-01T23:00,28.5,18.3,335.0,17.2,9.1,33.0
2024-11-02T00:00,28.5,18.3,355.0,15.3,8.5,35.0
2024-11-02T01:00,28.5,18.3,397.0,13.1,9.0,41.0
2024-11-02T02:00,27.8,17.6,449.0,10.1,9.8,49.0
2024-11-02T03:00,23.0,14.2,461.0,7.5,9.9,56.0
2024-11-02T04:00,18.6,11.4,397.0,5.7,8.9,59.0
2024-11-02T05:00,17.1,10.4,294.0,4.3,7.4,61.0
2024-11-02T06:00,18.2,11.1,213.0,3.3,6.3,62.0
2024-11-02T07:00,18.1,11.0,178.0,2.7,6.3,64.0
2024-11-02T08:00,18.6,11.3,165.0,2.5,6.8,65.0
2024-11-02T09:00,18.5,11.2,167.0,3.0,7.0,64.0
2024-11-02T10:00,17.8,10.8,186.0,4.5,6.4,59.0
2024-11-02T11:00,17.3,10.5,220.0,6.6,5.4,52.0
2024-11-02T12:00,9.0,5.8,256.0,7.5,4.8,47.0
2024-11-02T13:00,11.1,7.4,296.0,9.7,6.0,44.0
2024-11-02T14:00,13.6,9.1,338.0,12.6,7.8,40.0
2024-11-02T15:00,15.8,10.7,358.0,14.7,9.2,38.0
2024-11-02T16:00,18.0,12.1,340.0,15.0,10.1,38.0
2024-11-02T17:00,20.6,13.9,301.0,14.5,10.7,40.0
2024-11-02T18:00,22.6,15.3,264.0,13.9,10.8,41.0
2024-11-02T19:00,21.8,14.6,231.0,13.5,9.9,41.0
2024-11-02T20:00,19.8,13.2,201.0,13.1,8.5,41.0
2024-11-02T21:00,18.5,12.2,193.0,12.7,7.3,41.0
2024-11-02T22:00,17.2,11.5,222.0,12.5,6.7,42.0
2024-11-02T23:00,16.3,10.8,273.0,12.2,6.3,43.0
2024-11-03T00:00,12.1,7.9,317.0,12.8,11.7,43.0
2024-11-03T01:00,12.6,8.2,352.0,10.9,11.0,46.0
2024-11-03T02:00,12.6,8.2,379.0,8.3,10.0,51.0
2024-11-03T03:00,11.6,7.5,379.0,6.1,9.0,55.0
2024-11-03T04:00,11.0,6.9,327.0,4.6,8.0,59.0
2024-11-03T05:00,10.9,6.7,246.0,3.4,7.0,62.0
2024-11-03T06:00,11.5,7.0,187.0,2.6,6.1,64.0
2024-11-03T07:00,13.2,7.9,169.0,2.0,5.1,64.0
2024-11-03T08:00,14.6,8.6,172.0,1.7,4.2,62.0
2024-11-03T09:00,15.6,9.2,183.0,2.0,3.6,60.0
2024-11-03T10:00,16.6,9.7,202.0,3.4,3.4,57.0
2024-11-03T11:00,18.4,10.8,229.0,5.4,3.6,53.0
2024-11-03T12:00,19.1,11.4,253.0,6.8,4.3,49.0
2024-11-03T13:00,19.6,11.7,265.0,7.5,4.2,48.0
2024-11-03T14:00,20.4,12.1,274.0,8.4,4.0,47.0
2024-11-03T15:00,20.8,12.4,292.0,9.0,3.8,47.0
2024-11-03T16:00,21.1,12.6,332.0,9.0,3.6,48.0
2024-11-03T17:00,21.4,12.7,382.0,8.6,3.4,49.0
2024-11-03T18:00,21.8,12.9,414.0,8.0,3.2,50.0
2024-11-03T19:00,22.0,13.0,414.0,6.9,3.0,52.0
2024-11-03T20:00,22.4,13.2,396.0,5.6,2.9,53.0
2024-11-03T21:00,22.2,13.0,376.0,4.6,2.8,54.0
2024-11-03T22:00,22.5,13.2,351.0,4.3,2.8,53.0
2024-11-03T23:00,22.5,13.2,324.0,4.4,2.8,51.0
2024-11-04T00:00,24.3,14.3,314.0,6.1,3.6,53.0
2024-11-04T01:00,26.0,15.3,347.0,6.0,4.6,55.0
2024-11-04T02:00,26.4,15.6,397.0,5.9,6.0,58.0
2024-11-04T03:00,27.6,16.1,414.0,5.5,6.8,61.0
2024-11-04T04:00,25.8,14.8,360.0,4.6,6.4,63.0
2024-11-04T05:00,25.3,14.5,272.0,3.4,5.4,65.0
2024-11-04T06:00,24.6,14.1,206.0,2.6,4.8,66.0
2024-11-04T07:00,24.4,13.9,185.0,2.2,5.0,67.0
2024-11-04T08:00,23.5,13.4,187.0,2.2,5.4,67.0
2024-11-04T09:00,22.2,12.7,199.0,2.8,5.8,66.0
2024-11-04T10:00,20.4,11.7,223.0,4.6,5.8,61.0
2024-11-04T11:00,19.0,10.9,257.0,7.0,5.6,55.0
2024-11-04T12:00,19.9,11.7,291.0,7.8,4.1,51.0
2024-11-04T13:00,22.2,13.2,324.0,8.3,4.0,53.0
2024-11-04T14:00,26.1,15.7,356.0,9.1,3.8,56.0
2024-11-04T15:00,31.0,18.7,374.0,9.7,3.7,60.0
2024-11-04T16:00,34.8,21.3,370.0,10.1,3.8,65.0
2024-11-04T17:00,38.2,23.5,352.0,10.3,3.9,71.0
2024-11-04T18:00,40.7,25.0,336.0,10.1,4.0,76.0
2024-11-04T19:00,41.2,25.3,326.0,9.0,3.9,78.0
2024-11-04T20:00,40.7,25.0,318.0,7.5,3.8,79.0
2024-11-04T21:00,40.4,24.6,317.0,6.2,3.7,80.0
2024-11-04T22:00,40.4,24.2,330.0,5.3,3.7,81.0
2024-11-04T23:00,40.9,24.2,350.0,4.7,3.8,82.0
2024-11-05T00:00,43.9,25.4,364.0,4.5,4.3,86.0
2024-11-05T01:00,46.4,26.7,367.0,4.6,4.7,91.0
2024-11-05T02:00,49.8,28.7,363.0,4.8,5.3,98.0
2024-11-05T03:00,53.4,30.2,350.0,4.6,5.8,106.0
2024-11-05T04:00,57.5,32.0,318.0,3.8,6.3,115.0
2024-11-05T05:00,61.9,34.5,277.0,2.8,6.7,124.0
2024-11-05T06:00,64.0,35.6,251.0,2.0,7.0,130.0
2024-11-05T07:00,66.8,37.0,251.0,1.6,7.2,133.0
2024-11-05T08:00,69.2,38.2,266.0,1.5,7.4,133.0
2024-11-05T09:00,71.5,39.3,289.0,2.0,7.3,130.0
2024-11-05T10:00,73.1,40.2,322.0,3.7,6.9,124.0
2024-11-05T11:00,74.0,40.7,363.0,6.2,6.2,115.0
2024-11-05T12:00,77.8,43.0,393.0,7.4,5.7,111.0
2024-11-05T13:00,79.2,43.8,399.0,7.2,5.9,110.0
2024-11-05T14:00,80.6,44.6,394.0,7.0,6.2,110.0
2024-11-05T15:00,82.7,45.8,398.0,6.6,6.4,109.0
2024-11-05T16:00,84.5,46.7,424.0,6.1,6.4,110.0
2024-11-05T17:00,83.1,46.0,459.0,5.4,6.3,111.0
2024-11-05T18:00,77.8,43.3,480.0,4.7,5.9,110.0
2024-11-05T19:00,71.2,39.9,,3.9,5.1,107.0
2024-11-05T20:00,63.1,35.6,474.0,3.1,4.0,102.0
2024-11-05T21:00,54.5,31.0,444.0,2.6,3.2,97.0
2024-11-05T22:00,47.1,27.1,377.0,2.5,3.0,91.0
2024-11-05T23:00,42.3,24.4,291.0,2.7,3.0,85.0
2024-11-06T00:00,33.9,19.5,230.0,2.5,2.8,80.0
2024-11-06T01:00,30.0,17.2,220.0,2.9,3.0,79.0
2024-11-06T02:00,23.4,13.3,236.0,3.4,3.3,78.0
2024-11-06T03:00,18.2,10.4,247.0,3.6,3.4,77.0
2024-11-06T04:00,14.5,8.4,241.0,3.2,3.2,77.0
2024-11-06T05:00,11.4,6.5,230.0,2.4,2.7,78.0
2024-11-06T06:00,10.2,5.7,222.0,1.9,2.5,79.0
2024-11-06T07:00,10.9,6.0,218.0,1.8,2.6,79.0
2024-11-06T08:00,10.1,5.6,217.0,2.0,2.9,78.0
2024-11-06T09:00,11.0,6.1,226.0,2.5,3.1,77.0
2024-11-06T10:00,10.5,5.8,256.0,3.7,3.0,74.0
2024-11-06T11:00,11.0,6.1,296.0,5.3,2.8,71.0
2024-11-06T12:00,14.7,8.4,323.0,6.9,2.4,71.0
2024-11-06T13:00,14.7,8.5,324.0,7.6,2.7,69.0
2024-11-06T14:00,15.2,8.9,312.0,8.4,3.2,66.0
2024-11-06T15:00,16.0,9.4,297.0,8.7,3.4,65.0
2024-11-06T16:00,16.2,9.5,280.0,7.8,3.2,66.0
2024-11-06T17:00,15.9,9.3,261.0,6.3,2.8,67.0
2024-11-06T18:00,15.7,9.0,244.0,4.9,2.4,69.0
2024-11-06T19:00,14.6,8.3,232.0,3.9,2.1,70.0
2024-11-06T20:00,14.9,8.5,224.0,3.0,1.9,70.0
2024-11-06T21:00,14.7,8.3,220.0,2.5,1.8,71.0
2024-11-06T22:00,13.2,7.4,222.0,2.4,1.8,71.0
2024-11-06T23:00,10.6,6.1,229.0,2.5,1.8,71.0
2024-11-07T00:00,10.7,6.0,237.0,2.4,1.8,74.0
2024-11-07T01:00,10.9,6.1,247.0,2.8,2.2,75.0
2024-11-07T02:00,11.8,6.6,258.0,3.2,2.8,76.0
2024-11-07T03:00,12.6,7.0,262.0,3.4,3.2,77.0
2024-11-07T04:00,13.6,7.6,252.0,2.9,3.4,80.0
2024-11-07T05:00,13.8,7.7,236.0,2.1,3.4,83.0
2024-11-07T06:00,12.5,6.9,223.0,1.6,3.3,84.0
2024-11-07T07:00,13.7,7.5,217.0,1.5,3.1,82.0
2024-11-07T08:00,14.6,8.0,216.0,1.7,2.7,79.0
2024-11-07T09:00,15.2,8.4,222.0,2.2,2.5,76.0
2024-11-07T10:00,15.2,8.4,244.0,3.2,2.5,74.0
2024-11-07T11:00,15.3,8.4,274.0,4.5,2.6,72.0
2024-11-07T12:00,15.9,8.8,291.0,5.7,2.9,76.0
2024-11-07T13:00,17.1,9.4,285.0,5.9,2.9,75.0
2024-11-07T14:00,17.5,9.6,266.0,6.2,3.0,73.0
2024-11-07T15:00,17.9,9.8,250.0,6.2,2.9,71.0
2024-11-07T16:00,18.4,10.1,243.0,5.9,2.7,70.0
2024-11-07T17:00,18.4,10.1,239.0,5.4,2.5,69.0
2024-11-07T18:00,18.2,9.9,233.0,4.8,2.2,69.0
2024-11-07T19:00,17.8,9.6,222.0,3.9,1.9,69.0
2024-11-07T20:00,17.6,9.5,209.0,2.9,1.7,70.0
2024-11-07T21:00,17.3,9.3,201.0,2.2,1.5,71.0
2024-11-07T22:00,17.3,9.3,201.0,2.0,1.5,71.0
2024-11-07T23:00,17.1,9.3,205.0,2.0,1.5,71.0
2024-11-08T00:00,18.9,10.2,212.0,2.0,1.6,73.0
2024-11-08T01:00,20.1,11.1,223.0,2.5,2.0,74.0
2024-11-08T02:00,21.7,12.0,235.0,3.2,2.6,75.0
2024-11-08T03:00,21.4,11.8,242.0,3.5,3.1,76.0
2024-11-08T04:00,20.4,11.2,236.0,3.1,3.3,77.0
2024-11-08T05:00,19.8,10.9,225.0,2.3,3.4,79.0
2024-11-08T06:00,19.3,10.6,216.0,1.7,3.4,79.0
2024-11-08T07:00,18.9,10.4,212.0,1.4,3.3,78.0
2024-11-08T08:00,18.3,10.0,212.0,1.3,3.1,76.0
2024-11-08T09:00,17.5,9.5,217.0,1.7,2.9,74.0
2024-11-08T10:00,17.1,9.3,234.0,2.8,2.8,72.0
2024-11-08T11:00,16.6,8.9,258.0,4.5,2.7,69.0
2024-11-08T12:00,15.5,8.6,273.0,6.3,3.0,65.0
2024-11-08T13:00,15.9,8.8,271.0,6.5,3.0,64.0
2024-11-08T14:00,16.4,9.1,262.0,6.8,3.0,63.0
2024-11-08T15:00,17.1,9.5,257.0,6.9,3.0,62.0
2024-11-08T16:00,17.8,9.9,266.0,6.7,2.8,62.0
2024-11-08T17:00,18.1,10.1,279.0,6.3,2.6,62.0
2024-11-08T18:00,18.0,10.0,287.0,5.7,2.4,62.0
2024-11-08T19:00,17.6,9.7,283.0,4.7,2.2,63.0
2024-11-08T20:00,17.1,9.4,273.0,3.6,2.0,63.0
2024-11-08T21:00,17.0,9.3,265.0,2.7,1.8,64.0
2024-11-08T22:00,17.5,9.5,261.0,2.3,1.7,64.0
2024-11-08T23:00,20.8,11.2,260.0,2.3,1.7,64.0
2024-11-09T00:00,18.2,10.0,264.0,2.9,2.0,62.0
2024-11-09T01:00,19.5,10.7,281.0,3.3,2.3,64.0
2024-11-09T02:00,20.5,11.5,304.0,3.9,2.7,66.0
2024-11-09T03:00,20.8,11.5,313.0,4.1,3.0,69.0
2024-11-09T04:00,20.7,11.2,292.0,3.4,3.0,73.0
2024-11-09T05:00,22.5,12.2,257.0,2.4,3.0,77.0
2024-11-09T06:00,25.9,14.1,234.0,1.6,2.9,81.0
2024-11-09T07:00,31.1,17.2,236.0,1.3,2.9,86.0
2024-11-09T08:00,36.8,20.5,249.0,1.3,2.9,90.0
2024-11-09T09:00,43.3,24.4,264.0,1.7,2.9,94.0
2024-11-09T10:00,48.1,27.3,277.0,2.9,2.8,96.0
2024-11-09T11:00,50.3,28.7,291.0,4.5,2.8,97.0
2024-11-09T12:00,51.5,29.6,304.0,6.3,3.1,94.0
2024-11-09T13:00,56.3,32.6,313.0,6.2,3.1,96.0
2024-11-09T14:00,57.7,33.5,321.0,6.1,3.1,99.0
2024-11-09T15:00,55.4,32.0,329.0,5.9,3.0,101.0
2024-11-09T16:00,52.0,30.0,343.0,5.6,2.9,101.0
2024-11-09T17:00,48.3,27.5,356.0,5.2,2.7,101.0
2024-11-09T18:00,43.1,24.2,354.0,4.7,2.5,100.0
2024-11-09T19:00,37.6,20.8,320.0,3.9,2.3,99.0
2024-11-09T20:00,32.9,17.9,270.0,3.0,2.1,98.0
2024-11-09T21:00,29.6,15.9,239.0,2.4,2.0,96.0
2024-11-09T22:00,26.3,14.1,246.0,2.3,2.0,94.0
2024-11-09T23:00,24.6,13.4,271.0,2.4,2.1,91.0
2024-11-10T00:00,22.9,12.1,294.0,2.8,2.1,87.0
2024-11-10T01:00,23.9,12.7,312.0,3.3,2.4,89.0
2024-11-10T02:00,25.1,13.6,327.0,4.0,2.7,91.0
2024-11-10T03:00,24.7,13.0,328.0,4.2,3.0,94.0
2024-11-10T04:00,21.7,10.9,301.0,3.5,3.2,97.0
2024-11-10T05:00,21.7,10.8,260.0,2.3,3.3,99.0
2024-11-10T06:00,23.2,11.7,230.0,1.5,3.3,102.0
2024-11-10T07:00,26.1,13.4,225.0,1.2,3.3,104.0
2024-11-10T08:00,29.5,15.5,232.0,1.2,3.1,106.0
2024-11-10T09:00,32.9,17.6,240.0,1.6,3.1,108.0
2024-11-10T10:00,36.2,19.5,247.0,2.9,3.1,109.0
2024-11-10T11:00,39.8,21.7,255.0,4.6,3.2,109.0
2024-11-10T12:00,49.8,28.0,258.0,5.7,3.4,104.0
2024-11-10T13:00,54.1,30.9,250.0,5.5,3.6,107.0
2024-11-10T14:00,57.4,32.9,236.0,5.3,3.9,112.0
2024-11-10T15:00,58.9,33.8,228.0,5.1,4.2,116.0
2024-11-10T16:00,58.1,33.2,234.0,5.1,4.4,119.0
2024-11-10T17:00,55.4,31.4,246.0,5.1,4.5,121.0
2024-11-10T18:00,51.7,29.0,249.0,4.9,4.6,122.0
2024-11-10T19:00,48.2,26.8,225.0,4.3,4.6,121.0
2024-11-10T20:00,45.2,24.9,192.0,3.4,4.6,120.0
2024-11-10T21:00,42.6,23.5,187.0,2.8,4.6,118.0
2024-11-10T22:00,40.0,22.0,236.0,2.5,4.6,117.0
2024-11-10T23:00,38.1,20.8,313.0,2.4,4.5,115.0
2024-11-11T00:00,37.1,19.7,372.0,2.4,4.4,115.0
2024-11-11T01:00,38.6,20.5,397.0,3.2,4.6,114.0
2024-11-11T02:00,40.9,22.1,404.0,4.2,4.9,112.0
2024-11-11T03:00,40.9,21.7,393.0,4.6,4.9,111.0
2024-11-11T04:00,36.6,18.8,349.0,3.8,4.5,113.0
2024-11-11T05:00,34.7,17.8,287.0,2.5,3.8,116.0
2024-11-11T06:00,35.2,18.1,248.0,1.5,3.5,118.0
2024-11-11T07:00,36.9,19.0,258.0,1.3,3.9,120.0
2024-11-11T08:00,34.7,17.9,291.0,1.4,4.5,122.0
2024-11-11T09:00,31.3,16.1,315.0,1.9,5.0,121.0
2024-11-11T10:00,27.6,14.2,315.0,2.9,5.0,117.0
2024-11-11T11:00,25.7,13.3,306.0,4.1,4.8,111.0
2024-11-11T12:00,40.6,22.2,296.0,5.4,5.2,112.0
2024-11-11T13:00,36.4,19.9,292.0,4.9,5.0,111.0
2024-11-11T14:00,37.1,20.3,287.0,4.2,4.7,109.0
2024-11-11T15:00,35.3,19.3,274.0,3.7,4.4,105.0
2024-11-11T16:00,32.9,18.0,243.0,3.5,4.0,99.0
2024-11-11T17:00,31.4,17.2,203.0,3.4,3.5,91.0
2024-11-11T18:00,27.8,15.2,174.0,3.2,3.1,83.0
2024-11-11T19:00,20.1,11.2,164.0,2.8,2.6,74.0
2024-11-11T20:00,16.5,9.1,165.0,2.3,2.2,64.0
2024-11-11T21:00,13.7,7.6,167.0,2.0,1.9,57.0
2024-11-11T22:00,13.2,7.4,165.0,1.9,1.8,54.0
2024-11-11T23:00,12.9,7.3,163.0,2.1,1.9,54.0
2024-11-12T00:00,14.2,9.1,168.0,4.1,5.8,81.0
2024-11-12T01:00,13.3,8.5,188.0,5.4,5.6,74.0
2024-11-12T02:00,11.6,7.4,215.0,7.1,5.3,65.0
2024-11-12T03:00,10.9,6.8,227.0,8.1,5.0,57.0
2024-11-12T04:00,11.3,6.7,208.0,7.5,4.6,52.0
2024-11-12T05:00,11.6,6.7,173.0,6.2,4.2,49.0
2024-11-12T06:00,11.0,6.3,149.0,5.1,3.9,47.0
2024-11-12T07:00,9.8,5.6,145.0,4.5,3.8,45.0
2024-11-12T08:00,9.3,5.3,152.0,4.2,3.8,44.0
2024-11-12T09:00,8.6,4.9,161.0,4.5,3.8,43.0
2024-11-12T10:00,8.8,5.1,170.0,6.0,3.7,40.0
2024-11-12T11:00,9.3,5.4,182.0,8.0,3.7,37.0
2024-11-12T12:00,8.8,6.4,200.0,10.2,3.1,40.0
2024-11-12T13:00,8.4,6.2,238.0,9.4,2.8,41.0
2024-11-12T14:00,8.4,6.1,282.0,8.2,2.3,43.0
2024-11-12T15:00,8.2,5.9,299.0,7.2,1.9,44.0
2024-11-12T16:00,7.8,5.7,265.0,6.4,1.6,45.0
2024-11-12T17:00,7.5,5.4,203.0,5.8,1.4,45.0
2024-11-12T18:00,6.7,4.9,154.0,5.1,1.3,46.0
2024-11-12T19:00,7.5,5.3,132.0,4.2,1.2,47.0
2024-11-12T20:00,7.5,5.3,122.0,3.3,1.1,48.0
2024-11-12T21:00,7.0,4.9,121.0,2.7,1.1,48.0
2024-11-12T22:00,6.5,4.6,126.0,2.4,1.0,48.0
2024-11-12T23:00,6.2,4.3,140.0,2.4,1.0,47.0
2024-11-13T00:00,6.0,4.2,165.0,2.7,1.2,47.0
2024-11-13T01:00,6.5,4.7,218.0,3.6,1.6,47.0
2024-11-13T02:00,6.4,4.6,283.0,4.8,2.2,46.0
2024-11-13T03:00,6.5,4.6,313.0,5.4,2.6,46.0
2024-11-13T04:00,6.3,4.5,275.0,5.0,2.8,47.0
2024-11-13T05:00,5.9,4.2,202.0,4.0,2.9,49.0
2024-11-13T06:00,5.5,3.8,148.0,3.3,2.9,50.0
2024-11-13T07:00,5.1,3.6,135.0,3.0,2.9,51.0
2024-11-13T08:00,5.0,3.5,141.0,2.9,2.8,51.0
2024-11-13T09:00,4.7,3.3,153.0,3.4,2.7,50.0
2024-11-13T10:00,5.1,3.5,172.0,4.9,2.5,48.0
2024-11-13T11:00,4.8,3.4,198.0,7.0,2.3,45.0
2024-11-13T12:00,7.5,5.4,216.0,10.1,2.2,41.0
2024-11-13T13:00,8.0,5.9,219.0,10.2,2.1,41.0
2024-11-13T14:00,8.4,6.3,214.0,10.2,2.0,42.0
2024-11-13T15:00,8.2,6.2,207.0,9.8,1.8,43.0
2024-11-13T16:00,7.8,5.8,200.0,8.5,1.6,46.0
2024-11-13T17:00,7.0,5.0,191.0,6.7,1.4,49.0
2024-11-13T18:00,7.2,5.2,181.0,5.2,1.2,52.0
2024-11-13T19:00,7.3,5.4,169.0,4.4,1.1,54.0
2024-11-13T20:00,6.7,4.9,156.0,3.9,1.1,56.0
2024-11-13T21:00,6.4,4.8,152.0,3.6,1.1,57.0
2024-11-13T22:00,6.6,4.9,161.0,3.5,1.1,58.0
2024-11-13T23:00,6.6,5.0,180.0,3.6,1.2,59.0
2024-11-14T00:00,6.8,5.0,202.0,3.2,1.3,63.0
2024-11-14T01:00,7.2,5.4,233.0,3.4,1.6,66.0
2024-11-14T02:00,7.1,5.3,269.0,3.6,2.0,70.0
2024-11-14T03:00,7.3,5.4,290.0,3.6,2.4,73.0
2024-11-14T04:00,7.5,5.4,283.0,3.3,2.9,75.0
2024-11-14T05:00,7.3,5.2,262.0,2.9,3.4,77.0
2024-11-14T06:00,7.7,5.5,244.0,2.6,3.8,77.0
2024-11-14T07:00,8.0,5.7,234.0,2.3,4.0,76.0
2024-11-14T08:00,7.9,5.6,228.0,2.1,4.0,74.0
2024-11-14T09:00,7.4,5.2,235.0,2.4,3.8,72.0
2024-11-14T10:00,7.0,4.9,270.0,3.6,3.3,69.0
2024-11-14T11:00,6.7,4.7,318.0,5.3,2.6,65.0
2024-11-14T12:00,6.7,4.8,347.0,6.6,2.3,63.0
2024-11-14T13:00,6.9,5.1,341.0,7.6,2.2,61.0
2024-11-14T14:00,7.1,5.4,316.0,8.8,2.0,59.0
2024-11-14T15:00,7.6,5.9,292.0,9.6,1.9,57.0
2024-11-14T16:00,8.1,6.4,275.0,9.5,1.8,56.0
2024-11-14T17:00,8.1,6.5,259.0,8.8,1.7,56.0
2024-11-14T18:00,7.1,5.5,243.0,7.9,1.6,56.0
2024-11-14T19:00,5.9,4.5,226.0,6.6,1.5,57.0
2024-11-14T20:00,5.8,4.3,211.0,5.0,1.4,58.0
2024-11-14T21:00,5.7,4.2,201.0,3.8,1.3,59.0
2024-11-14T22:00,5.4,4.0,201.0,3.3,1.2,59.0
2024-11-14T23:00,5.3,3.9,206.0,3.3,1.2,58.0
2024-11-15T00:00,9.6,6.9,214.0,4.2,1.5,58.0
2024-11-15T01:00,10.0,7.3,226.0,5.0,1.6,58.0
2024-11-15T02:00,9.7,7.1,239.0,6.2,1.8,58.0
2024-11-15T03:00,9.9,7.3,244.0,6.6,2.2,59.0
2024-11-15T04:00,9.4,6.8,233.0,5.7,3.0,62.0
2024-11-15T05:00,8.8,6.2,213.0,4.1,3.9,65.0
2024-11-15T06:00,8.2,5.7,199.0,3.0,4.5,68.0
2024-11-15T07:00,8.1,5.7,196.0,2.8,4.4,69.0
2024-11-15T08:00,7.7,5.6,199.0,3.0,4.0,68.0
2024-11-15T09:00,7.6,5.4,209.0,3.7,3.6,67.0
2024-11-15T10:00,7.1,5.0,231.0,5.1,3.2,65.0
2024-11-15T11:00,6.7,4.8,258.0,6.9,2.8,61.0
2024-11-15T12:00,8.8,6.0,277.0,5.7,2.4,63.0
2024-11-15T13:00,9.3,6.5,279.0,7.0,2.4,62.0
2024-11-15T14:00,10.0,7.1,272.0,8.7,2.3,61.0
2024-11-15T15:00,10.9,8.0,260.0,9.6,2.2,60.0
2024-11-15T16:00,11.8,8.8,243.0,9.1,2.0,60.0
2024-11-15T17:00,11.3,8.6,222.0,7.9,1.8,61.0
2024-11-15T18:00,9.1,6.6,204.0,6.6,1.6,62.0
2024-11-15T19:00,8.2,5.8,192.0,5.3,1.5,63.0
2024-11-15T20:00,7.8,5.5,184.0,4.0,1.4,63.0
2024-11-15T21:00,7.6,5.4,181.0,3.1,1.3,64.0
2024-11-15T22:00,7.9,5.6,184.0,2.8,1.2,64.0
2024-11-15T23:00,7.7,5.5,192.0,2.9,1.2,63.0
2024-11-16T00:00,7.1,4.9,204.0,3.1,1.2,63.0
2024-11-16T01:00,7.7,5.7,225.0,3.6,1.3,65.0
2024-11-16T02:00,7.7,5.9,249.0,4.2,1.5,68.0
2024-11-16T03:00,7.2,5.4,260.0,4.5,1.8,72.0
2024-11-16T04:00,6.7,4.9,242.0,4.0,2.2,76.0
2024-11-16T05:00,6.1,4.5,211.0,3.0,2.7,80.0
2024-11-16T06:00,6.2,4.8,190.0,2.3,3.1,84.0
2024-11-16T07:00,7.5,6.1,190.0,1.9,3.6,87.0
2024-11-16T08:00,8.1,6.9,200.0,1.7,4.0,90.0
2024-11-16T09:00,11.5,9.9,217.0,2.3,4.1,91.0
2024-11-16T10:00,17.9,15.6,242.0,4.0,3.7,88.0
2024-11-16T11:00,21.1,18.6,273.0,6.4,2.9,84.0
2024-11-16T12:00,25.3,22.1,304.0,8.1,3.1,79.0
2024-11-16T13:00,29.7,26.3,337.0,10.3,3.1,79.0
2024-11-16T14:00,34.5,31.2,370.0,13.4,3.1,80.0
2024-11-16T15:00,38.3,35.0,385.0,15.3,3.0,81.0
2024-11-16T16:00,40.6,37.3,369.0,15.3,2.9,84.0
2024-11-16T17:00,44.4,40.9,337.0,14.2,2.7,89.0
2024-11-16T18:00,48.5,44.8,313.0,12.8,2.5,93.0
2024-11-16T19:00,48.9,45.3,305.0,11.0,2.3,96.0
2024-11-16T20:00,52.0,48.2,306.0,8.8,2.2,99.0
2024-11-16T21:00,51.7,47.8,320.0,7.0,2.3,102.0
2024-11-16T22:00,55.2,51.0,358.0,5.8,2.7,106.0
2024-11-16T23:00,54.0,49.6,410.0,5.1,3.4,110.0
2024-11-17T00:00,69.8,,442.0,3.4,5.1,124.0
2024-11-17T01:00,67.5,,437.0,3.9,5.3,125.0
2024-11-17T02:00,64.0,,414.0,4.5,5.7,127.0
2024-11-17T03:00,62.2,,393.0,4.6,6.0,128.0
2024-11-17T04:00,60.1,54.9,383.0,3.8,6.2,129.0
2024-11-17T05:00,58.0,53.1,376.0,2.5,6.4,131.0
2024-11-17T06:00,56.2,51.3,372.0,1.6,6.6,131.0
2024-11-17T07:00,54.6,49.6,373.0,1.3,6.8,130.0
2024-11-17T08:00,52.7,47.8,378.0,1.3,6.9,127.0
2024-11-17T09:00,51.1,46.2,384.0,1.8,6.9,125.0
2024-11-17T10:00,50.2,45.3,391.0,2.9,6.5,124.0
2024-11-17T11:00,50.2,45.4,400.0,4.5,6.0,123.0
2024-11-17T12:00,49.7,45.2,403.0,6.0,5.8,121.0
2024-11-17T13:00,50.9,46.3,398.0,6.4,5.5,121.0
2024-11-17T14:00,52.2,47.6,389.0,6.9,5.0,120.0
2024-11-17T15:00,53.2,48.5,378.0,7.1,4.5,120.0
2024-11-17T16:00,53.8,49.1,367.0,6.7,4.1,120.0
2024-11-17T17:00,53.8,49.0,354.0,5.9,3.6,120.0
2024-11-17T18:00,53.2,48.3,341.0,5.1,3.3,120.0
2024-11-17T19:00,52.4,47.4,324.0,4.3,3.1,120.0
2024-11-17T20:00,51.7,46.6,306.0,3.6,2.9,119.0
2024-11-17T21:00,50.2,45.1,297.0,3.0,2.8,118.0
2024-11-17T22:00,48.5,43.4,303.0,2.7,2.7,117.0
2024-11-17T23:00,47.3,42.0,317.0,2.7,2.6,115.0
2024-11-18T00:00,46.1,40.0,327.0,2.6,2.5,117.0
2024-11-18T01:00,45.4,39.8,327.0,3.1,2.7,118.0
2024-11-18T02:00,44.5,39.3,324.0,3.7,3.1,119.0
2024-11-18T03:00,43.8,38.6,324.0,3.9,3.6,121.0
2024-11-18T04:00,43.0,38.1,330.0,3.3,4.3,124.0
2024-11-18T05:00,42.6,37.8,339.0,2.3,5.1,127.0
2024-11-18T06:00,42.5,38.1,349.0,1.6,5.7,129.0
2024-11-18T07:00,43.0,38.5,358.0,1.4,6.1,130.0
2024-11-18T08:00,43.9,39.6,367.0,1.4,6.3,131.0
2024-11-18T09:00,45.1,40.6,377.0,1.8,6.4,131.0
2024-11-18T10:00,46.3,41.9,391.0,2.8,6.2,131.0
2024-11-18T11:00,47.6,43.2,406.0,4.1,5.8,130.0
2024-11-18T12:00,49.0,44.9,412.0,5.4,5.6,127.0
2024-11-18T13:00,48.3,44.4,401.0,5.3,5.3,127.0
2024-11-18T14:00,48.3,44.2,380.0,5.1,4.9,127.0
2024-11-18T15:00,48.7,44.6,364.0,5.0,4.5,126.0
2024-11-18T16:00,49.8,45.5,359.0,5.0,4.3,125.0
2024-11-18T17:00,50.5,46.2,360.0,5.0,4.1,123.0
2024-11-18T18:00,51.1,46.7,358.0,4.8,3.9,122.0
2024-11-18T19:00,51.6,47.1,351.0,4.1,3.6,121.0
2024-11-18T20:00,52.2,47.6,342.0,3.2,3.3,120.0
2024-11-18T21:00,52.0,47.4,336.0,2.5,3.0,118.0
2024-11-18T22:00,51.6,46.9,336.0,2.3,2.8,115.0
2024-11-18T23:00,50.5,46.0,340.0,2.4,2.6,112.0
2024-11-19T00:00,50.3,45.6,341.0,2.6,2.4,110.0
2024-11-19T01:00,48.7,44.4,339.0,3.2,2.5,110.0
2024-11-19T02:00,47.7,43.5,334.0,4.0,2.5,110.0
2024-11-19T03:00,47.4,42.8,329.0,4.3,2.7,110.0
2024-11-19T04:00,45.8,41.0,322.0,3.7,3.0,111.0
2024-11-19T05:00,45.2,39.9,314.0,2.6,3.3,113.0
2024-11-19T06:00,44.5,39.2,310.0,1.8,3.6,114.0
2024-11-19T07:00,43.7,38.4,311.0,1.5,3.7,114.0
2024-11-19T08:00,42.7,37.7,317.0,1.5,3.6,114.0
2024-11-19T09:00,42.0,37.3,329.0,1.8,3.7,114.0
2024-11-19T10:00,41.6,37.0,353.0,2.7,4.0,115.0
2024-11-19T11:00,40.5,36.6,383.0,4.0,4.4,116.0
2024-11-19T12:00,43.4,38.4,404.0,4.9,4.6,115.0
2024-11-19T13:00,41.9,37.0,407.0,4.7,4.8,117.0
2024-11-19T14:00,40.6,35.7,402.0,4.3,5.0,121.0
2024-11-19T15:00,39.6,34.7,396.0,4.1,5.1,123.0
2024-11-19T16:00,39.3,34.3,395.0,4.1,5.0,124.0
2024-11-19T17:00,39.7,34.6,393.0,4.1,4.7,123.0
2024-11-19T18:00,40.3,35.0,388.0,4.0,4.5,123.0
2024-11-19T19:00,40.9,35.5,373.0,3.6,4.3,123.0
2024-11-19T20:00,41.6,36.0,354.0,3.0,4.1,123.0
2024-11-19T21:00,41.7,36.1,342.0,2.6,4.0,123.0
2024-11-19T22:00,41.6,36.0,345.0,2.5,3.9,122.0
2024-11-19T23:00,41.6,36.1,355.0,2.5,3.9,120.0
2024-11-20T00:00,39.5,35.4,362.0,2.1,4.7,128.0
2024-11-20T01:00,40.5,36.2,360.0,3.0,4.9,128.0
2024-11-20T02:00,41.7,37.3,353.0,4.2,5.2,128.0
2024-11-20T03:00,42.8,38.1,348.0,4.7,5.5,129.0
2024-11-20T04:00,42.5,37.8,344.0,4.0,5.9,132.0
2024-11-20T05:00,42.4,37.7,340.0,2.6,6.3,136.0
2024-11-20T06:00,42.3,37.8,340.0,1.6,6.5,138.0
2024-11-20T07:00,42.5,38.1,342.0,1.3,6.5,138.0
2024-11-20T08:00,42.6,38.3,348.0,1.4,6.3,136.0
2024-11-20T09:00,42.6,38.3,359.0,1.9,6.0,133.0
2024-11-20T10:00,42.7,38.3,383.0,3.2,5.7,129.0
2024-11-20T11:00,42.6,38.3,414.0,5.0,5.4,123.0
2024-11-20T12:00,42.3,38.3,430.0,7.2,4.9,118.0
2024-11-20T13:00,42.7,38.9,421.0,7.5,4.7,116.0
2024-11-20T14:00,43.0,39.0,398.0,8.0,4.5,114.0
2024-11-20T15:00,43.0,38.9,378.0,8.1,4.3,113.0
2024-11-20T16:00,42.7,38.6,366.0,7.7,4.2,113.0
2024-11-20T17:00,42.5,38.4,357.0,7.0,4.1,113.0
2024-11-20T18:00,42.3,38.1,350.0,6.2,4.0,114.0
2024-11-20T19:00,41.8,37.7,344.0,5.1,3.9,115.0
2024-11-20T20:00,41.4,37.4,339.0,3.9,3.9,117.0
2024-11-20T21:00,41.2,37.1,337.0,3.0,3.9,118.0
2024-11-20T22:00,41.0,37.0,336.0,2.6,3.9,119.0
2024-11-20T23:00,41.2,37.3,338.0,2.5,4.0,119.0
2024-11-21T00:00,40.2,36.3,348.0,2.0,3.9,122.0
2024-11-21T01:00,40.9,37.1,379.0,2.8,4.0,122.0
2024-11-21T02:00,42.1,38.5,418.0,4.0,4.1,122.0
2024-11-21T03:00,43.8,39.8,437.0,4.5,4.3,123.0
2024-11-21T04:00,44.6,40.5,413.0,3.9,4.6,125.0
2024-11-21T05:00,44.5,40.4,368.0,2.7,5.0,128.0
2024-11-21T06:00,44.8,40.9,338.0,1.9,5.4,130.0
2024-11-21T07:00,45.4,41.4,338.0,1.6,5.7,131.0
2024-11-21T08:00,45.5,41.7,354.0,1.7,6.1,132.0
2024-11-21T09:00,45.4,41.7,376.0,2.2,6.3,131.0
2024-11-21T10:00,45.6,41.8,408.0,3.6,6.4,129.0
2024-11-21T11:00,45.5,41.9,447.0,5.5,6.4,125.0
2024-11-21T12:00,48.9,45.2,469.0,7.0,6.7,126.0
2024-11-21T13:00,48.9,45.2,461.0,7.1,6.7,124.0
2024-11-21T14:00,48.9,45.3,437.0,7.3,6.6,122.0
2024-11-21T15:00,49.0,45.3,413.0,7.2,6.5,121.0
2024-11-21T16:00,48.7,45.1,394.0,6.6,6.3,121.0
2024-11-21T17:00,48.0,44.4,375.0,5.8,6.1,121.0
2024-11-21T18:00,46.7,43.2,357.0,5.0,5.8,122.0
2024-11-21T19:00,45.5,42.1,339.0,4.2,5.5,123.0
2024-11-21T20:00,44.6,41.3,322.0,3.3,5.3,124.0
2024-11-21T21:00,44.0,40.7,316.0,2.8,5.1,124.0
2024-11-21T22:00,43.7,40.4,329.0,2.7,5.0,124.0
2024-11-21T23:00,43.4,40.3,352.0,2.9,4.9,123.0
2024-11-22T00:00,43.7,40.5,374.0,4.2,4.9,117.0
2024-11-22T01:00,43.3,40.4,395.0,4.8,4.9,118.0
2024-11-22T02:00,42.8,40.0,415.0,5.6,4.9,121.0
2024-11-22T03:00,41.6,38.6,418.0,5.8,4.9,123.0
2024-11-22T04:00,39.6,36.7,388.0,4.8,5.0,126.0
2024-11-22T05:00,36.9,34.0,341.0,3.3,5.2,130.0
2024-11-22T06:00,34.7,31.8,313.0,2.2,5.2,131.0
2024-11-22T07:00,33.6,30.7,320.0,1.8,4.9,129.0
2024-11-22T08:00,32.7,29.8,345.0,1.8,4.5,124.0
2024-11-22T09:00,32.1,29.3,372.0,2.4,4.1,120.0
2024-11-22T10:00,31.5,28.8,400.0,4.0,3.7,116.0
2024-11-22T11:00,31.5,28.9,430.0,6.1,3.3,111.0
2024-11-22T12:00,35.4,32.5,448.0,6.6,2.8,110.0
2024-11-22T13:00,34.8,32.1,448.0,7.1,2.7,108.0
2024-11-22T14:00,34.1,31.4,437.0,7.8,2.5,105.0
2024-11-22T15:00,34.2,31.2,421.0,8.1,2.4,103.0
2024-11-22T16:00,35.9,32.0,399.0,7.8,2.3,101.0
2024-11-22T17:00,35.4,31.5,373.0,7.2,2.1,99.0
2024-11-22T18:00,35.7,31.9,353.0,6.4,2.0,99.0
2024-11-22T19:00,36.4,32.5,340.0,5.4,1.9,100.0
2024-11-22T20:00,37.6,33.5,332.0,4.2,1.9,103.0
2024-11-22T21:00,38.8,34.6,343.0,3.3,2.0,105.0
2024-11-22T22:00,38.4,34.5,386.0,2.9,2.1,106.0
2024-11-22T23:00,38.4,34.6,447.0,2.9,2.4,107.0
2024-11-23T00:00,35.6,31.9,,3.5,1.9,101.0
2024-11-23T01:00,34.0,30.6,,4.0,2.3,104.0
2024-11-23T02:00,32.9,29.8,,4.6,2.9,108.0
2024-11-23T03:00,30.7,27.5,,4.7,3.3,111.0
2024-11-23T04:00,27.9,24.7,435.0,4.0,3.6,114.0
2024-11-23T05:00,26.1,22.9,363.0,2.8,3.7,116.0
2024-11-23T06:00,24.4,21.4,309.0,1.9,3.7,116.0
2024-11-23T07:00,23.7,20.6,290.0,1.6,3.4,114.0
2024-11-23T08:00,23.1,19.9,288.0,1.5,3.0,111.0
2024-11-23T09:00,22.6,19.4,293.0,1.9,2.7,107.0
2024-11-23T10:00,22.2,19.0,305.0,2.9,2.5,103.0
2024-11-23T11:00,21.8,18.7,324.0,4.3,2.4,99.0
2024-11-23T12:00,34.3,29.8,335.0,5.5,2.3,97.0
2024-11-23T13:00,34.6,29.9,328.0,5.5,2.2,96.0
2024-11-23T14:00,33.8,29.2,314.0,5.4,2.2,96.0
2024-11-23T15:00,33.4,28.9,302.0,5.2,2.1,96.0
2024-11-23T16:00,34.0,29.3,299.0,4.9,2.0,98.0
2024-11-23T17:00,34.9,30.2,300.0,4.5,2.0,100.0
2024-11-23T18:00,33.9,29.3,299.0,4.1,1.9,103.0
2024-11-23T19:00,33.2,28.9,294.0,3.6,1.9,105.0
2024-11-23T20:00,33.9,29.4,287.0,3.0,1.9,108.0
2024-11-23T21:00,34.5,29.7,284.0,2.6,1.9,109.0
2024-11-23T22:00,34.3,29.7,287.0,2.4,1.9,109.0
2024-11-23T23:00,33.8,29.3,293.0,2.4,2.0,108.0
2024-11-24T00:00,32.9,28.7,301.0,3.7,2.0,100.0
2024-11-24T01:00,33.1,29.0,312.0,4.5,2.2,102.0
2024-11-24T02:00,33.8,30.0,325.0,5.5,2.6,104.0
2024-11-24T03:00,33.8,29.8,334.0,5.8,3.0,107.0
2024-11-24T04:00,33.3,29.3,334.0,4.8,3.6,112.0
2024-11-24T05:00,32.9,29.0,329.0,3.2,4.3,117.0
2024-11-24T06:00,33.2,29.2,327.0,2.1,4.7,121.0
2024-11-24T07:00,33.9,29.7,327.0,2.0,4.7,122.0
2024-11-24T08:00,34.3,30.2,329.0,2.4,4.4,121.0
2024-11-24T09:00,34.9,30.7,338.0,3.0,4.2,120.0
2024-11-24T10:00,35.4,31.2,360.0,4.0,4.1,119.0
2024-11-24T11:00,36.2,32.0,389.0,5.2,3.9,118.0
2024-11-24T12:00,36.0,32.9,407.0,6.6,3.4,110.0
2024-11-24T13:00,37.3,34.1,405.0,6.7,3.3,110.0
2024-11-24T14:00,38.9,35.6,391.0,6.7,3.2,109.0
2024-11-24T15:00,40.7,37.4,380.0,6.6,3.1,110.0
2024-11-24T16:00,42.4,38.9,376.0,6.1,2.9,112.0
2024-11-24T17:00,43.5,40.0,374.0,5.3,2.7,116.0
2024-11-24T18:00,44.5,40.9,369.0,4.6,2.6,119.0
2024-11-24T19:00,45.5,41.8,357.0,3.9,2.6,123.0
2024-11-24T20:00,46.2,42.4,341.0,3.1,2.6,127.0
2024-11-24T21:00,46.3,42.5,334.0,2.6,2.7,130.0
2024-11-24T22:00,46.2,42.6,342.0,2.3,2.9,131.0
2024-11-24T23:00,46.3,42.7,357.0,2.3,3.1,132.0
2024-11-25T00:00,47.5,44.2,369.0,2.7,3.3,133.0
2024-11-25T01:00,49.2,46.0,373.0,3.1,4.0,137.0
2024-11-25T02:00,51.2,47.6,373.0,3.6,5.0,143.0
2024-11-25T03:00,51.8,48.1,376.0,3.7,5.7,148.0
2024-11-25T04:00,51.5,47.6,385.0,3.2,5.8,150.0
2024-11-25T05:00,51.0,47.0,396.0,2.3,5.6,151.0
2024-11-25T06:00,50.2,46.0,402.0,1.7,5.3,149.0
2024-11-25T07:00,48.8,44.5,398.0,1.4,4.8,144.0
2024-11-25T08:00,47.4,43.0,388.0,1.4,4.1,138.0
2024-11-25T09:00,49.7,44.8,380.0,1.7,3.5,132.0
2024-11-25T10:00,50.4,45.4,378.0,2.8,3.2,129.0
2024-11-25T11:00,51.1,45.8,377.0,4.2,3.1,127.0
2024-11-25T12:00,46.7,41.9,370.0,5.4,2.8,124.0
2024-11-25T13:00,41.1,36.9,352.0,5.1,2.7,127.0
2024-11-25T14:00,34.2,30.9,329.0,4.6,2.5,130.0
2024-11-25T15:00,28.9,25.8,310.0,4.2,2.3,132.0
2024-11-25T16:00,26.4,23.2,302.0,3.8,2.2,131.0
2024-11-25T17:00,25.7,22.5,298.0,3.4,2.0,129.0
2024-11-25T18:00,25.6,22.5,295.0,3.0,1.9,126.0
2024-11-25T19:00,26.7,23.4,290.0,2.5,1.7,123.0
2024-11-25T20:00,26.3,23.0,285.0,2.0,1.5,119.0
2024-11-25T21:00,25.1,21.7,279.0,1.6,1.3,115.0
2024-11-25T22:00,23.0,19.6,269.0,1.5,1.2,109.0
2024-11-25T23:00,21.2,17.8,259.0,1.5,1.1,101.0
2024-11-26T00:00,19.3,15.8,257.0,1.8,1.2,89.0
2024-11-26T01:00,19.7,16.1,273.0,3.2,1.3,87.0
2024-11-26T02:00,19.7,16.2,296.0,5.0,1.5,84.0
2024-11-26T03:00,20.4,16.8,311.0,6.0,1.7,83.0
2024-11-26T04:00,19.6,16.2,306.0,5.4,2.1,85.0
2024-11-26T05:00,20.2,16.7,292.0,4.0,2.6,89.0
2024-11-26T06:00,21.7,17.8,280.0,3.0,2.8,92.0
2024-11-26T07:00,22.2,18.0,273.0,2.8,2.6,91.0
2024-11-26T08:00,25.0,20.1,268.0,2.9,2.1,89.0
2024-11-26T09:00,24.4,19.8,265.0,3.3,1.7,88.0
2024-11-26T10:00,23.8,19.5,265.0,4.3,1.5,88.0
2024-11-26T11:00,30.3,25.0,267.0,5.5,1.4,89.0
2024-11-26T12:00,34.3,29.5,266.0,5.3,1.4,93.0
2024-11-26T13:00,35.7,30.5,255.0,4.8,1.4,95.0
2024-11-26T14:00,36.1,30.7,241.0,4.1,1.3,98.0
2024-11-26T15:00,38.8,32.9,241.0,3.4,1.3,102.0
2024-11-26T16:00,42.4,36.3,269.0,2.9,1.3,107.0
2024-11-26T17:00,41.4,35.9,311.0,2.5,1.2,113.0
2024-11-26T18:00,43.0,37.4,337.0,2.1,1.3,118.0
2024-11-26T19:00,45.1,39.3,326.0,1.8,1.5,123.0
2024-11-26T20:00,44.9,39.3,300.0,1.5,1.8,127.0
2024-11-26T21:00,50.3,43.7,288.0,1.3,2.1,131.0
2024-11-26T22:00,50.6,44.1,309.0,1.2,2.3,133.0
2024-11-26T23:00,47.7,42.0,344.0,1.3,2.6,135.0
2024-11-27T00:00,50.1,43.5,373.0,1.3,2.8,139.0
2024-11-27T01:00,52.6,45.9,388.0,2.3,3.2,140.0
2024-11-27T02:00,53.2,46.3,396.0,3.6,3.7,141.0
2024-11-27T03:00,53.3,46.3,396.0,4.3,4.1,142.0
2024-11-27T04:00,53.6,46.6,382.0,3.8,4.4,143.0
2024-11-27T05:00,53.4,46.2,360.0,2.8,4.7,144.0
2024-11-27T06:00,52.7,45.3,348.0,2.0,4.8,144.0
2024-11-27T07:00,51.9,44.4,357.0,1.8,4.8,142.0
2024-11-27T08:00,52.3,44.5,376.0,1.9,4.6,139.0
2024-11-27T09:00,53.9,46.0,391.0,2.2,4.5,136.0
2024-11-27T10:00,53.7,46.0,398.0,2.8,4.4,134.0
2024-11-27T11:00,53.4,45.9,402.0,3.5,4.2,132.0
2024-11-27T12:00,50.4,43.3,402.0,3.9,4.0,130.0
2024-11-27T13:00,53.3,45.9,397.0,3.4,4.1,131.0
2024-11-27T14:00,54.6,47.1,389.0,2.8,4.1,133.0
2024-11-27T15:00,56.0,48.7,383.0,2.3,4.1,134.0
2024-11-27T16:00,60.3,52.4,383.0,2.1,4.0,134.0
2024-11-27T17:00,64.0,55.6,385.0,2.0,3.7,135.0
2024-11-27T18:00,65.2,,386.0,1.9,3.5,135.0
2024-11-27T19:00,64.5,56.5,382.0,1.7,3.2,136.0
2024-11-27T20:00,65.0,,377.0,1.4,2.8,137.0
2024-11-27T21:00,61.7,54.4,373.0,1.3,2.6,138.0
2024-11-27T22:00,61.5,54.5,369.0,1.2,2.5,140.0
2024-11-27T23:00,66.8,,366.0,1.2,2.5,141.0
2024-11-28T00:00,67.3,,372.0,1.8,5.7,144.0
2024-11-28T01:00,66.6,,394.0,2.5,6.3,141.0
2024-11-28T02:00,65.7,,424.0,3.5,7.2,138.0
2024-11-28T03:00,67.3,,452.0,4.2,8.2,136.0
2024-11-28T04:00,72.4,,474.0,4.2,9.5,136.0
2024-11-28T05:00,70.3,,,3.8,11.0,139.0
2024-11-28T06:00,72.2,,,3.5,12.2,142.0
2024-11-28T07:00,68.7,,,3.6,13.2,148.0
2024-11-28T08:00,69.8,,,3.8,13.8,156.0
2024-11-28T09:00,68.2,,,4.0,13.7,161.0
2024-11-28T10:00,66.8,,,4.3,12.2,164.0
2024-11-28T11:00,65.4,,,4.5,9.9,164.0
2024-11-28T12:00,65.9,,,4.9,8.1,161.0
2024-11-28T13:00,60.3,54.2,431.0,4.3,6.9,158.0
2024-11-28T14:00,55.4,49.6,361.0,3.5,5.2,153.0
2024-11-28T15:00,47.1,42.4,299.0,2.9,3.9,148.0
2024-11-28T16:00,43.0,38.3,256.0,2.6,3.2,144.0
2024-11-28T17:00,38.8,34.3,223.0,2.4,2.8,139.0
2024-11-28T18:00,36.7,32.5,199.0,2.2,2.5,131.0
2024-11-28T19:00,30.0,26.3,188.0,1.8,2.1,118.0
2024-11-28T20:00,21.4,18.0,187.0,1.4,1.9,101.0
2024-11-28T21:00,15.7,12.9,186.0,1.2,1.7,89.0
2024-11-28T22:00,13.1,10.8,176.0,1.2,1.7,84.0
2024-11-28T23:00,13.4,10.9,167.0,1.3,1.8,82.0
2024-11-29T00:00,15.4,12.7,180.0,1.8,2.4,83.0
2024-11-29T01:00,14.0,11.6,231.0,2.7,2.4,79.0
2024-11-29T02:00,13.8,11.2,303.0,4.0,2.5,74.0
2024-11-29T03:00,12.8,10.3,372.0,4.7,2.5,70.0
2024-11-29T04:00,13.7,11.4,445.0,4.4,2.6,70.0
2024-11-29T05:00,14.1,11.8,,3.5,2.7,71.0
2024-11-29T06:00,11.1,8.3,,2.9,2.6,72.0
2024-11-29T07:00,8.2,5.7,442.0,2.9,2.3,72.0
2024-11-29T08:00,9.3,6.8,300.0,3.1,1.8,71.0
2024-11-29T09:00,9.7,7.2,198.0,3.4,1.4,70.0
2024-11-29T10:00,8.4,6.1,184.0,3.9,1.1,68.0
2024-11-29T11:00,7.4,5.1,210.0,4.6,0.8,65.0
2024-11-29T12:00,16.2,13.4,227.0,5.0,3.1,73.0
2024-11-29T13:00,13.6,11.0,215.0,4.6,2.9,72.0
2024-11-29T14:00,11.3,9.0,195.0,4.1,2.5,71.0
2024-11-29T15:00,10.9,8.7,179.0,3.5,2.2,71.0
2024-11-29T16:00,10.6,8.4,172.0,2.9,1.8,72.0
2024-11-29T17:00,8.7,6.6,170.0,2.4,1.4,74.0
2024-11-29T18:00,7.1,5.0,168.0,1.9,1.1,76.0
2024-11-29T19:00,5.9,4.0,164.0,1.5,1.0,77.0
2024-11-29T20:00,5.4,3.6,161.0,1.3,0.9,77.0
2024-11-29T21:00,4.7,3.1,163.0,1.1,0.9,78.0
2024-11-29T22:00,4.3,2.9,174.0,1.0,0.9,79.0
2024-11-29T23:00,3.7,2.6,189.0,1.1,0.9,80.0
2024-11-30T00:00,6.3,6.0,202.0,3.8,3.5,79.0
2024-11-30T01:00,5.1,4.7,209.0,4.1,3.2,78.0
2024-11-30T02:00,4.4,3.9,213.0,4.6,2.8,76.0
2024-11-30T03:00,3.7,3.3,217.0,4.7,2.4,75.0
2024-11-30T04:00,4.4,3.6,219.0,4.1,2.0,75.0
2024-11-30T05:00,5.1,3.8,221.0,3.1,1.6,76.0
2024-11-30T06:00,7.6,5.0,224.0,2.5,1.3,78.0
2024-11-30T07:00,11.4,7.2,231.0,2.4,1.2,82.0
2024-11-30T08:00,12.2,7.8,240.0,2.7,1.2,88.0
2024-11-30T09:00,12.4,8.1,245.0,3.1,1.3,91.0
2024-11-30T10:00,12.3,8.2,245.0,3.8,1.4,89.0
2024-11-30T11:00,12.2,8.1,241.0,4.6,1.4,85.0
2024-11-30T12:00,14.8,10.5,238.0,3.5,1.4,84.0
2024-11-30T13:00,16.4,12.3,236.0,3.5,1.9,86.0
2024-11-30T14:00,18.7,14.6,234.0,3.6,2.7,89.0
2024-11-30T15:00,22.0,17.8,234.0,3.6,3.2,91.0
2024-11-30T16:00,24.8,20.3,239.0,3.5,3.3,92.0
2024-11-30T17:00,25.0,20.4,246.0,3.3,3.2,93.0
2024-11-30T18:00,24.6,20.0,251.0,3.1,3.0,94.0
2024-11-30T19:00,24.7,20.0,250.0,2.7,2.7,95.0
2024-11-30T20:00,23.5,19.0,247.0,2.2,2.4,96.0
2024-11-30T21:00,22.5,18.2,245.0,1.9,2.1,96.0
2024-11-30T22:00,21.5,17.2,242.0,1.8,2.0,95.0
2024-11-30T23:00,21.4,17.1,241.0,2.0,1.9,93.0
2024-12-01T00:00,16.4,12.0,245.0,4.6,3.4,68.0
2024-12-01T01:00,19.3,15.3,264.0,4.6,3.1,79.0
2024-12-01T02:00,21.1,17.3,289.0,4.7,2.7,95.0
2024-12-01T03:00,23.1,19.6,302.0,4.5,2.4,107.0
2024-12-01T04:00,24.8,21.2,291.0,3.9,2.1,111.0
2024-12-01T05:00,26.0,22.1,269.0,3.0,1.9,111.0
2024-12-01T06:00,24.0,20.2,254.0,2.4,2.0,111.0
2024-12-01T07:00,21.8,17.8,253.0,2.3,2.7,114.0
2024-12-01T08:00,20.6,16.5,260.0,2.4,3.8,118.0
2024-12-01T09:00,20.7,16.6,269.0,2.7,4.4,120.0
2024-12-01T10:00,21.1,17.1,283.0,3.3,4.1,119.0
2024-12-01T11:00,20.4,16.6,300.0,4.0,3.3,116.0
2024-12-01T12:00,26.0,21.8,308.0,8.0,3.4,105.0
2024-12-01T13:00,23.7,19.9,301.0,7.1,3.1,105.0
2024-12-01T14:00,22.1,18.6,286.0,5.9,2.8,104.0
2024-12-01T15:00,23.7,19.7,272.0,4.8,2.4,104.0
2024-12-01T16:00,24.4,20.2,264.0,3.9,2.1,104.0
2024-12-01T17:00,23.7,19.6,258.0,3.0,1.7,103.0
2024-12-01T18:00,25.7,21.2,253.0,2.3,1.5,103.0
2024-12-01T19:00,26.1,21.7,249.0,1.9,1.4,103.0
2024-12-01T20:00,26.5,22.1,245.0,1.6,1.3,103.0
2024-12-01T21:00,25.0,21.0,244.0,1.5,1.3,104.0
2024-12-01T22:00,22.9,19.4,244.0,1.5,1.3,105.0
2024-12-01T23:00,21.2,18.2,247.0,1.6,1.3,106.0
2024-12-02T00:00,20.8,18.0,253.0,4.9,5.2,99.0
2024-12-02T01:00,22.1,19.2,268.0,5.4,5.4,99.0
2024-12-02T02:00,22.9,20.0,287.0,6.1,5.5,99.0
2024-12-02T03:00,22.1,19.0,300.0,6.3,5.6,101.0
2024-12-02T04:00,20.1,17.0,300.0,5.4,5.4,105.0
2024-12-02T05:00,18.8,15.7,293.0,4.1,5.1,111.0
2024-12-02T06:00,19.5,16.0,288.0,3.0,4.7,114.0
2024-12-02T07:00,19.6,15.9,286.0,2.5,4.1,113.0
2024-12-02T08:00,20.0,16.2,286.0,2.4,3.5,110.0
2024-12-02T09:00,21.1,17.1,289.0,2.7,3.0,107.0
2024-12-02T10:00,22.5,18.2,298.0,3.7,2.8,104.0
2024-12-02T11:00,22.6,18.5,309.0,5.1,2.7,101.0
2024-12-02T12:00,27.1,22.6,314.0,6.2,2.2,96.0
2024-12-02T13:00,26.8,22.2,309.0,6.2,2.2,96.0
2024-12-02T14:00,27.5,22.5,298.0,6.1,2.3,96.0
2024-12-02T15:00,26.7,21.9,286.0,5.9,2.3,96.0
2024-12-02T16:00,26.3,21.5,276.0,5.5,2.2,96.0
2024-12-02T17:00,25.0,20.8,265.0,5.0,2.1,97.0
2024-12-02T18:00,24.9,20.7,255.0,4.5,2.0,97.0
2024-12-02T19:00,25.6,21.1,244.0,3.9,2.0,97.0
2024-12-02T20:00,25.1,20.8,233.0,3.3,1.9,97.0
2024-12-02T21:00,24.4,20.3,229.0,2.9,1.9,97.0
2024-12-02T22:00,24.8,20.4,237.0,2.8,1.8,97.0
2024-12-02T23:00,25.6,20.9,252.0,2.9,1.7,97.0
2024-12-03T00:00,28.2,22.8,266.0,3.4,1.9,95.0
2024-12-03T01:00,28.9,23.4,278.0,3.9,2.4,95.0
2024-12-03T02:00,29.6,23.9,288.0,4.7,3.1,95.0
2024-12-03T03:00,29.5,23.5,288.0,5.0,3.8,96.0
2024-12-03T04:00,28.9,23.0,269.0,4.5,4.3,98.0
2024-12-03T05:00,27.7,22.3,240.0,3.7,4.8,100.0
2024-12-03T06:00,28.4,22.9,218.0,3.0,5.2,102.0
2024-12-03T07:00,27.5,22.1,210.0,2.6,5.7,103.0
2024-12-03T08:00,27.4,22.1,209.0,2.5,6.1,103.0
2024-12-03T09:00,26.5,21.4,218.0,2.8,6.2,102.0
2024-12-03T10:00,25.8,20.7,243.0,3.9,5.7,98.0
2024-12-03T11:00,25.7,20.5,277.0,5.5,4.8,92.0
2024-12-03T12:00,28.8,23.3,301.0,6.7,4.0,84.0
2024-12-03T13:00,30.0,24.5,308.0,7.1,3.6,83.0
2024-12-03T14:00,30.7,25.3,305.0,7.7,2.9,81.0
2024-12-03T15:00,29.9,24.7,297.0,7.9,2.4,79.0
2024-12-03T16:00,28.8,23.6,284.0,7.5,2.1,78.0
2024-12-03T17:00,27.0,21.9,265.0,6.8,1.8,77.0
2024-12-03T18:00,24.4,19.5,249.0,6.0,1.6,75.0
2024-12-03T19:00,21.6,16.9,235.0,5.1,1.4,73.0
2024-12-03T20:00,19.1,14.6,223.0,4.1,1.2,70.0
2024-12-03T21:00,17.2,13.1,218.0,3.4,1.1,67.0
2024-12-03T22:00,15.9,12.0,226.0,3.3,1.1,65.0
2024-12-03T23:00,14.5,11.0,242.0,3.5,1.2,63.0
2024-12-04T00:00,14.3,11.0,255.0,5.0,1.6,63.0
2024-12-04T01:00,13.8,10.9,264.0,5.1,2.4,63.0
2024-12-04T02:00,12.9,10.3,270.0,5.2,3.4,62.0
2024-12-04T03:00,10.4,7.8,271.0,5.1,4.4,62.0
2024-12-04T04:00,9.4,7.1,264.0,4.8,5.2,62.0
2024-12-04T05:00,9.1,6.8,252.0,4.3,5.9,62.0
2024-12-04T06:00,8.3,6.3,243.0,3.9,6.3,62.0
2024-12-04T07:00,8.1,6.2,238.0,3.4,6.2,62.0
2024-12-04T08:00,8.0,6.1,235.0,3.0,5.7,61.0
2024-12-04T09:00,8.1,6.2,240.0,3.1,5.3,59.0
2024-12-04T10:00,8.4,6.4,258.0,4.3,5.1,56.0
2024-12-04T11:00,8.6,6.3,284.0,6.1,4.8,51.0
2024-12-04T12:00,10.7,8.2,302.0,8.9,3.8,44.0
2024-12-04T13:00,11.0,8.6,308.0,9.5,3.5,43.0
2024-12-04T14:00,11.3,8.9,307.0,10.3,3.0,41.0
2024-12-04T15:00,11.4,9.0,302.0,10.8,2.7,40.0
2024-12-04T16:00,11.3,8.9,294.0,10.9,2.6,40.0
2024-12-04T17:00,11.7,9.1,282.0,10.8,2.5,40.0
2024-12-04T18:00,12.1,9.5,271.0,10.5,2.5,40.0
2024-12-04T19:00,12.7,10.0,259.0,9.8,2.4,40.0
2024-12-04T20:00,11.8,9.4,246.0,8.9,2.3,40.0
2024-12-04T21:00,11.1,8.7,241.0,8.1,2.4,40.0
2024-12-04T22:00,10.7,8.3,245.0,7.6,2.7,40.0
2024-12-04T23:00,9.8,7.4,257.0,7.3,3.1,40.0
2024-12-05T00:00,9.8,7.7,272.0,7.9,2.4,38.0
2024-12-05T01:00,9.6,7.7,298.0,7.3,3.2,41.0
2024-12-05T02:00,9.7,7.9,329.0,6.3,4.2,44.0
2024-12-05T03:00,8.1,6.2,340.0,5.4,5.1,48.0
2024-12-05T04:00,6.9,5.1,314.0,4.4,5.6,52.0
2024-12-05T05:00,6.3,4.9,268.0,3.5,5.8,56.0
2024-12-05T06:00,6.2,4.8,233.0,2.8,5.9,59.0
2024-12-05T07:00,6.2,4.8,219.0,2.5,5.8,61.0
2024-12-05T08:00,6.4,4.8,216.0,2.4,5.5,62.0
2024-12-05T09:00,6.9,5.2,219.0,2.9,5.2,62.0
2024-12-05T10:00,6.9,5.2,229.0,4.2,5.1,60.0
2024-12-05T11:00,7.5,5.4,245.0,6.0,4.9,56.0
2024-12-05T12:00,7.1,5.4,258.0,7.6,4.6,52.0
2024-12-05T13:00,8.1,6.3,266.0,8.8,4.2,50.0
2024-12-05T14:00,9.0,7.2,272.0,10.5,3.6,48.0
2024-12-05T15:00,9.9,8.0,275.0,11.8,3.1,46.0
2024-12-05T16:00,10.9,8.9,275.0,12.2,2.9,46.0
2024-12-05T17:00,11.8,9.8,271.0,12.2,2.9,46.0
2024-12-05T18:00,12.0,9.8,266.0,11.9,2.8,47.0
2024-12-05T19:00,11.7,9.5,257.0,11.1,2.6,48.0
2024-12-05T20:00,11.2,9.1,245.0,10.0,2.2,48.0
2024-12-05T21:00,10.7,8.5,239.0,9.0,2.0,49.0
2024-12-05T22:00,10.1,8.0,236.0,8.3,1.8,49.0
2024-12-05T23:00,9.7,7.7,239.0,7.7,1.7,48.0
2024-12-06T00:00,10.2,7.6,258.0,6.2,2.5,55.0
2024-12-06T01:00,10.5,8.1,316.0,6.1,3.3,57.0
2024-12-06T02:00,10.3,7.8,390.0,5.8,4.5,59.0
2024-12-06T03:00,9.6,7.2,424.0,5.4,5.3,62.0
2024-12-06T04:00,8.8,6.5,376.0,4.6,5.5,66.0
2024-12-06T05:00,8.8,6.4,288.0,3.7,5.4,70.0
2024-12-06T06:00,9.0,6.6,223.0,3.0,5.3,73.0
2024-12-06T07:00,9.7,7.1,207.0,2.6,5.2,74.0
2024-12-06T08:00,10.1,7.5,215.0,2.6,5.1,74.0
2024-12-06T09:00,10.0,7.7,231.0,2.9,4.9,73.0
2024-12-06T10:00,10.1,7.8,251.0,3.8,4.6,71.0
2024-12-06T11:00,10.4,7.8,279.0,5.2,4.2,67.0
2024-12-06T12:00,10.1,7.8,316.0,8.1,3.8,63.0
2024-12-06T13:00,11.1,8.7,371.0,9.1,3.5,62.0
2024-12-06T14:00,12.1,9.5,434.0,10.6,3.1,60.0
2024-12-06T15:00,13.3,10.6,476.0,11.9,2.9,58.0
2024-12-06T16:00,15.2,12.3,482.0,13.1,3.2,57.0
2024-12-06T17:00,16.7,13.7,467.0,14.3,3.6,56.0
2024-12-06T18:00,17.8,14.6,448.0,14.9,3.9,56.0
2024-12-06T19:00,18.3,15.0,429.0,14.7,3.7,56.0
2024-12-06T20:00,18.9,15.7,407.0,14.1,3.3,56.0
2024-12-06T21:00,19.4,16.1,385.0,13.4,2.9,56.0
2024-12-06T22:00,20.1,16.6,358.0,12.9,2.7,56.0
2024-12-06T23:00,20.7,17.3,333.0,12.4,2.6,56.0
2024-12-07T00:00,19.7,15.7,332.0,10.6,2.4,58.0
2024-12-07T01:00,20.4,16.4,389.0,9.8,2.5,61.0
2024-12-07T02:00,20.2,16.1,472.0,8.6,2.8,66.0
2024-12-07T03:00,18.0,13.6,,7.3,3.4,71.0
2024-12-07T04:00,16.4,11.7,440.0,5.9,4.7,75.0
2024-12-07T05:00,16.5,11.7,325.0,4.4,6.3,79.0
2024-12-07T06:00,16.7,11.8,237.0,3.3,7.4,82.0
2024-12-07T07:00,16.8,11.9,204.0,2.7,7.6,83.0
2024-12-07T08:00,16.5,11.8,196.0,2.4,7.2,83.0
2024-12-07T09:00,16.3,11.6,206.0,2.7,6.7,82.0
2024-12-07T10:00,16.1,11.6,240.0,3.8,6.1,78.0
2024-12-07T11:00,15.8,11.5,290.0,5.5,5.3,73.0
2024-12-07T12:00,18.1,13.5,325.0,7.5,4.3,69.0
2024-12-07T13:00,19.2,14.7,329.0,9.6,4.0,67.0
2024-12-07T14:00,20.5,15.9,318.0,12.4,3.7,64.0
2024-12-07T15:00,21.8,17.2,310.0,14.7,3.4,61.0
2024-12-07T16:00,22.8,18.3,312.0,15.8,3.3,60.0
2024-12-07T17:00,23.7,19.1,317.0,16.4,3.4,59.0
2024-12-07T18:00,24.2,19.6,320.0,16.8,3.5,59.0
2024-12-07T19:00,24.7,19.9,312.0,17.2,3.7,59.0
2024-12-07T20:00,25.4,20.6,302.0,17.4,4.0,59.0
2024-12-07T21:00,26.1,21.3,311.0,17.3,4.2,59.0
2024-12-07T22:00,27.2,22.3,360.0,16.8,4.1,59.0
2024-12-07T23:00,29.3,24.2,427.0,15.9,3.9,58.0
2024-12-08T00:00,29.2,24.1,469.0,17.8,4.7,60.0
2024-12-08T01:00,31.2,26.4,464.0,15.8,4.9,64.0
2024-12-08T02:00,29.9,25.3,432.0,12.9,5.2,70.0
2024-12-08T03:00,27.0,22.2,394.0,10.2,5.8,76.0
2024-12-08T04:00,25.3,20.4,347.0,7.9,6.8,83.0
2024-12-08T05:00,25.4,20.7,293.0,5.8,8.1,91.0
2024-12-08T06:00,25.0,21.0,258.0,4.3,9.0,96.0
2024-12-08T07:00,26.1,21.9,253.0,3.4,9.2,98.0
2024-12-08T08:00,26.9,22.7,267.0,3.1,9.0,99.0
2024-12-08T09:00,27.5,23.4,291.0,3.5,8.5,97.0
2024-12-08T10:00,27.8,23.9,330.0,5.0,7.8,92.0
2024-12-08T11:00,27.5,24.0,378.0,7.3,6.9,84.0
2024-12-08T12:00,32.0,28.6,409.0,10.9,6.0,78.0
2024-12-08T13:00,34.2,30.7,407.0,12.3,5.4,77.0
2024-12-08T14:00,35.9,32.5,388.0,14.2,4.6,76.0
2024-12-08T15:00,37.4,33.9,371.0,15.4,3.9,76.0
2024-12-08T16:00,38.8,35.3,365.0,15.3,3.6,78.0
2024-12-08T17:00,39.9,36.4,361.0,14.3,3.5,80.0
2024-12-08T18:00,40.4,36.9,352.0,13.0,3.3,83.0
2024-12-08T19:00,40.3,36.8,327.0,10.9,3.0,87.0
2024-12-08T20:00,40.3,36.8,296.0,8.3,2.7,91.0
2024-12-08T21:00,40.4,36.8,281.0,6.7,2.6,93.0
2024-12-08T22:00,40.9,37.4,289.0,7.0,2.8,90.0
2024-12-08T23:00,42.5,39.1,312.0,8.3,3.2,85.0
2024-12-09T00:00,43.0,39.5,355.0,9.3,4.0,88.0
2024-12-09T01:00,45.1,41.7,442.0,9.4,4.1,90.0
2024-12-09T02:00,44.8,41.8,,9.4,4.4,92.0
2024-12-09T03:00,39.5,36.1,,8.9,4.9,96.0
2024-12-09T04:00,37.8,34.6,,7.4,6.0,102.0
2024-12-09T05:00,37.0,33.8,421.0,5.4,7.4,109.0
2024-12-09T06:00,36.3,33.2,332.0,3.8,8.1,113.0
2024-12-09T07:00,36.4,33.3,305.0,2.8,7.6,113.0
2024-12-09T08:00,36.4,33.3,305.0,2.1,6.5,111.0
2024-12-09T09:00,37.0,33.9,314.0,2.1,5.5,109.0
2024-12-09T10:00,38.1,34.9,333.0,3.0,4.8,107.0
2024-12-09T11:00,39.1,36.0,362.0,4.5,4.3,104.0
2024-12-09T12:00,46.8,43.3,379.0,7.1,4.5,99.0
2024-12-09T13:00,46.8,43.3,373.0,7.6,4.2,97.0
2024-12-09T14:00,46.7,43.2,354.0,8.4,3.7,95.0
2024-12-09T15:00,46.1,42.7,339.0,8.8,3.3,94.0
2024-12-09T16:00,45.8,42.3,333.0,8.8,3.0,94.0
2024-12-09T17:00,44.5,41.0,329.0,8.5,2.9,95.0
2024-12-09T18:00,43.4,39.9,324.0,7.9,2.7,95.0
2024-12-09T19:00,42.1,38.6,312.0,6.9,2.6,95.0
2024-12-09T20:00,40.9,37.4,298.0,5.6,2.5,95.0
2024-12-09T21:00,39.6,36.2,295.0,4.6,2.4,95.0
2024-12-09T22:00,38.3,35.0,315.0,4.0,2.3,94.0
2024-12-09T23:00,37.1,34.0,347.0,3.7,2.2,93.0
2024-12-10T00:00,35.3,32.1,369.0,3.4,2.2,97.0
2024-12-10T01:00,34.9,31.8,372.0,3.8,2.6,99.0
2024-12-10T02:00,34.6,31.5,364.0,4.3,3.1,101.0
2024-12-10T03:00,33.2,30.0,354.0,4.4,3.5,104.0
2024-12-10T04:00,31.4,28.3,340.0,3.7,3.7,107.0
2024-12-10T05:00,30.7,27.7,324.0,2.6,3.8,109.0
2024-12-10T06:00,30.3,27.3,314.0,1.8,3.8,111.0
2024-12-10T07:00,30.0,27.2,314.0,1.5,3.6,111.0
2024-12-10T08:00,29.9,27.1,319.0,1.6,3.3,110.0
2024-12-10T09:00,29.9,27.0,329.0,1.9,3.1,109.0
2024-12-10T10:00,29.8,26.7,343.0,2.8,2.9,107.0
2024-12-10T11:00,30.6,27.1,361.0,4.0,2.8,104.0
2024-12-10T12:00,37.1,33.9,378.0,5.2,2.9,98.0
2024-12-10T13:00,36.2,32.9,397.0,5.0,2.8,99.0
2024-12-10T14:00,34.9,31.7,415.0,4.7,2.6,101.0
2024-12-10T15:00,34.3,30.9,418.0,4.4,2.4,103.0
2024-12-10T16:00,34.8,30.9,395.0,4.2,2.3,106.0
2024-12-10T17:00,34.7,30.7,357.0,3.9,2.3,108.0
2024-12-10T18:00,34.5,30.5,324.0,3.6,2.2,110.0
2024-12-10T19:00,34.5,30.4,303.0,3.0,2.1,110.0
2024-12-10T20:00,35.2,31.0,288.0,2.4,2.0,108.0
2024-12-10T21:00,36.0,31.7,277.0,1.9,1.9,107.0
2024-12-10T22:00,36.6,32.1,270.0,1.7,1.8,106.0
2024-12-10T23:00,37.0,32.5,268.0,1.6,1.7,104.0
2024-12-11T00:00,34.8,30.7,272.0,1.7,1.7,105.0
2024-12-11T01:00,34.2,30.0,287.0,2.5,1.8,104.0
2024-12-11T02:00,33.3,29.1,308.0,3.6,1.9,103.0
2024-12-11T03:00,32.2,28.0,324.0,4.2,2.0,102.0
2024-12-11T04:00,30.4,26.1,329.0,3.8,2.1,102.0
2024-12-11T05:00,27.5,23.4,328.0,2.9,2.2,103.0
2024-12-11T06:00,23.7,20.0,325.0,2.3,2.2,103.0
2024-12-11T07:00,21.5,18.0,317.0,2.1,2.2,103.0
2024-12-11T08:00,20.7,17.4,306.0,2.1,2.2,102.0
2024-12-11T09:00,19.9,16.9,300.0,2.4,2.2,100.0
2024-12-11T10:00,18.9,16.0,304.0,3.2,2.1,97.0
2024-12-11T11:00,17.5,14.7,312.0,4.3,1.9,93.0
2024-12-11T12:00,15.0,12.4,314.0,5.7,1.8,89.0
2024-12-11T13:00,15.6,12.9,303.0,5.2,1.8,89.0
2024-12-11T14:00,16.5,13.5,285.0,4.4,1.7,89.0
2024-12-11T15:00,16.9,13.9,270.0,3.8,1.6,90.0
2024-12-11T16:00,16.9,14.1,259.0,3.5,1.5,91.0
2024-12-11T17:00,20.1,16.9,251.0,3.4,1.3,92.0
2024-12-11T18:00,21.5,18.2,247.0,3.2,1.2,93.0
2024-12-11T19:00,21.9,18.7,250.0,2.6,1.2,95.0
2024-12-11T20:00,22.9,19.7,257.0,2.0,1.2,97.0
2024-12-11T21:00,24.4,21.0,263.0,1.5,1.2,99.0
2024-12-11T22:00,25.3,22.1,264.0,1.3,1.1,101.0
2024-12-11T23:00,27.1,23.8,263.0,1.3,1.0,103.0
2024-12-12T00:00,19.1,16.6,266.0,1.4,0.9,92.0
2024-12-12T01:00,22.2,19.4,279.0,2.6,1.1,91.0
2024-12-12T02:00,22.8,20.1,295.0,4.2,1.3,90.0
2024-12-12T03:00,24.2,21.2,307.0,5.2,1.6,91.0
2024-12-12T04:00,25.4,22.3,308.0,4.8,1.9,94.0
2024-12-12T05:00,27.9,24.3,305.0,3.7,2.2,99.0
2024-12-12T06:00,31.3,27.0,303.0,2.9,2.4,102.0
2024-12-12T07:00,32.9,28.1,304.0,2.5,2.4,101.0
2024-12-12T08:00,30.4,26.2,308.0,2.3,2.4,98.0
2024-12-12T09:00,28.5,24.6,317.0,2.6,2.3,96.0
2024-12-12T10:00,29.1,25.3,339.0,3.7,2.2,96.0
2024-12-12T11:00,32.7,28.5,367.0,5.2,2.1,96.0
2024-12-12T12:00,30.9,27.1,382.0,6.4,2.1,94.0
2024-12-12T13:00,35.4,31.1,371.0,5.9,2.5,99.0
2024-12-12T14:00,41.6,36.8,346.0,5.1,3.1,105.0
2024-12-12T15:00,47.5,42.1,325.0,4.4,3.5,111.0
2024-12-12T16:00,51.2,45.5,313.0,3.9,3.7,115.0
2024-12-12T17:00,52.2,46.6,303.0,3.5,3.8,118.0
2024-12-12T18:00,51.9,46.3,297.0,3.1,3.8,120.0
2024-12-12T19:00,52.9,47.3,293.0,2.6,3.8,122.0
2024-12-12T20:00,52.9,47.4,291.0,2.0,3.7,123.0
2024-12-12T21:00,52.9,47.4,295.0,1.7,3.6,124.0
2024-12-12T22:00,53.1,47.6,308.0,1.7,3.4,124.0
2024-12-12T23:00,53.6,47.8,327.0,1.9,3.2,123.0
2024-12-13T00:00,51.1,45.3,339.0,1.8,2.8,127.0
2024-12-13T01:00,51.2,45.4,340.0,2.5,3.1,128.0
2024-12-13T02:00,51.9,46.0,334.0,3.3,3.4,130.0
2024-12-13T03:00,52.5,46.4,330.0,3.8,3.7,132.0
2024-12-13T04:00,52.2,46.3,328.0,3.5,3.8,133.0
2024-12-13T05:00,53.0,47.0,327.0,2.8,3.8,135.0
2024-12-13T06:00,54.5,48.4,329.0,2.2,3.8,135.0
2024-12-13T07:00,55.9,49.7,336.0,2.0,3.8,135.0
2024-12-13T08:00,56.6,50.5,346.0,1.9,3.8,134.0
2024-12-13T09:00,56.3,50.4,356.0,2.1,3.8,132.0
2024-12-13T10:00,56.0,50.1,366.0,2.9,4.0,129.0
2024-12-13T11:00,55.3,49.5,376.0,4.0,4.3,126.0
2024-12-13T12:00,53.2,47.8,378.0,5.4,4.6,122.0
2024-12-13T13:00,52.6,47.1,367.0,5.0,4.6,121.0
2024-12-13T14:00,51.8,46.0,348.0,4.4,4.6,120.0
2024-12-13T15:00,50.9,44.8,331.0,4.0,4.4,119.0
2024-12-13T16:00,48.9,42.8,320.0,3.8,4.0,118.0
2024-12-13T17:00,47.5,41.4,310.0,3.7,3.5,117.0
2024-12-13T18:00,46.4,40.3,298.0,3.6,3.1,116.0
2024-12-13T19:00,45.1,38.9,280.0,3.2,2.8,115.0
2024-12-13T20:00,43.7,37.6,260.0,2.8,2.5,114.0
2024-12-13T21:00,42.6,36.6,247.0,2.5,2.3,113.0
2024-12-13T22:00,41.7,35.7,245.0,2.3,2.2,112.0
2024-12-13T23:00,41.1,35.3,249.0,2.3,2.2,112.0
2024-12-14T00:00,38.8,32.9,262.0,2.2,2.3,116.0
2024-12-14T01:00,38.1,32.7,290.0,3.2,2.4,116.0
2024-12-14T02:00,38.2,32.9,326.0,4.6,2.5,116.0
2024-12-14T03:00,38.9,33.6,347.0,5.2,2.6,118.0
2024-12-14T04:00,39.9,34.5,338.0,4.3,2.9,123.0
2024-12-14T05:00,40.0,34.7,315.0,2.6,3.2,130.0
2024-12-14T06:00,40.2,34.9,295.0,1.4,3.4,135.0
2024-12-14T07:00,40.0,34.8,286.0,1.0,3.3,136.0
2024-12-14T08:00,39.6,34.5,282.0,1.1,3.0,134.0
2024-12-14T09:00,38.9,34.0,282.0,1.5,2.8,132.0
2024-12-14T10:00,38.4,33.5,290.0,2.6,2.7,129.0
2024-12-14T11:00,37.3,32.7,302.0,4.0,2.6,125.0
2024-12-14T12:00,40.2,35.3,310.0,5.0,2.5,122.0
2024-12-14T13:00,38.3,33.5,310.0,5.2,2.5,122.0
2024-12-14T14:00,36.4,31.8,306.0,5.4,2.4,121.0
2024-12-14T15:00,35.2,30.4,299.0,5.4,2.3,121.0
2024-12-14T16:00,34.7,29.6,288.0,5.1,2.2,121.0
2024-12-14T17:00,33.8,28.6,275.0,4.7,2.1,122.0
2024-12-14T18:00,33.1,27.9,260.0,4.2,2.0,122.0
2024-12-14T19:00,33.3,27.9,238.0,3.5,1.9,122.0
2024-12-14T20:00,33.5,28.1,215.0,2.8,1.8,122.0
2024-12-14T21:00,34.0,28.6,210.0,2.3,1.8,122.0
2024-12-14T22:00,34.8,29.3,238.0,2.1,1.8,123.0
2024-12-14T23:00,35.4,30.0,285.0,2.1,1.8,125.0
2024-12-15T00:00,35.5,30.2,322.0,2.6,1.8,124.0
2024-12-15T01:00,37.6,32.1,343.0,3.8,2.0,125.0
2024-12-15T02:00,38.3,33.1,355.0,5.4,2.2,127.0
2024-12-15T03:00,39.7,34.2,350.0,6.1,2.4,129.0
2024-12-15T04:00,40.9,35.0,313.0,5.0,2.6,133.0
2024-12-15T05:00,40.2,34.6,259.0,2.9,2.8,139.0
2024-12-15T06:00,39.8,34.2,226.0,1.4,3.1,142.0
2024-12-15T07:00,39.7,34.2,235.0,0.9,3.4,142.0
2024-12-15T08:00,40.2,34.7,265.0,1.0,3.7,139.0
2024-12-15T09:00,41.0,35.5,294.0,1.4,4.1,137.0
2024-12-15T10:00,41.7,36.2,314.0,2.4,4.7,136.0
2024-12-15T11:00,41.6,36.4,332.0,3.7,5.3,134.0
2024-12-15T12:00,47.7,42.5,345.0,4.5,5.2,130.0
2024-12-15T13:00,46.9,41.8,349.0,4.5,5.0,130.0
2024-12-15T14:00,45.5,40.4,348.0,4.4,4.8,130.0
2024-12-15T15:00,44.4,39.2,345.0,4.4,4.6,129.0
2024-12-15T16:00,43.8,38.5,340.0,4.5,4.4,128.0
2024-12-15T17:00,43.7,38.4,333.0,4.5,4.3,126.0
2024-12-15T18:00,43.9,38.6,330.0,4.4,4.3,125.0
2024-12-15T19:00,44.0,38.9,334.0,3.8,4.5,125.0
2024-12-15T20:00,45.1,39.9,341.0,3.1,4.9,126.0
2024-12-15T21:00,45.8,40.5,347.0,2.5,5.2,128.0
2024-12-15T22:00,45.8,40.6,352.0,2.2,5.5,130.0
2024-12-15T23:00,45.3,40.0,356.0,2.0,5.8,133.0
2024-12-16T00:00,42.7,37.6,356.0,1.9,6.0,138.0
2024-12-16T01:00,41.3,36.3,348.0,2.4,6.2,140.0
2024-12-16T02:00,40.3,35.4,335.0,3.1,6.5,142.0
2024-12-16T03:00,39.1,34.1,323.0,3.4,6.5,142.0
2024-12-16T04:00,37.8,32.5,313.0,2.8,5.8,139.0
2024-12-16T05:00,35.7,30.5,304.0,1.9,4.8,135.0
2024-12-16T06:00,34.8,29.4,297.0,1.2,3.9,131.0
2024-12-16T07:00,33.5,28.2,292.0,1.0,3.4,127.0
2024-12-16T08:00,31.9,26.7,289.0,1.2,3.1,123.0
2024-12-16T09:00,29.6,24.9,291.0,1.7,2.8,119.0
2024-12-16T10:00,29.0,24.3,300.0,3.0,2.6,114.0
2024-12-16T11:00,27.6,23.2,314.0,4.7,2.5,110.0
2024-12-16T12:00,29.5,25.5,326.0,5.9,2.4,106.0
2024-12-16T13:00,27.9,24.2,334.0,6.0,2.3,104.0
2024-12-16T14:00,26.4,22.8,339.0,6.1,2.1,100.0
2024-12-16T15:00,24.7,21.3,339.0,6.0,2.0,98.0
2024-12-16T16:00,24.0,20.8,329.0,5.6,1.9,97.0
2024-12-16T17:00,24.3,20.8,313.0,4.9,1.9,97.0
2024-12-16T18:00,24.9,21.1,307.0,4.2,1.9,97.0
2024-12-16T19:00,26.0,21.9,317.0,3.4,1.9,98.0
2024-12-16T20:00,27.3,22.8,337.0,2.6,2.0,100.0
2024-12-16T21:00,33.3,27.4,355.0,2.1,2.1,102.0
2024-12-16T22:00,27.6,22.8,367.0,1.9,2.2,103.0
2024-12-16T23:00,26.3,21.7,379.0,1.9,2.4,104.0
2024-12-17T00:00,23.6,19.4,396.0,2.2,2.1,101.0
2024-12-17T01:00,23.9,19.7,429.0,3.3,2.3,100.0
2024-12-17T02:00,23.5,19.5,467.0,4.9,2.5,99.0
2024-12-17T03:00,23.6,19.6,,5.7,2.9,100.0
2024-12-17T04:00,24.6,20.4,481.0,5.0,3.3,105.0
2024-12-17T05:00,27.0,22.5,456.0,3.7,3.8,111.0
2024-12-17T06:00,30.4,25.7,430.0,2.9,4.5,117.0
2024-12-17T07:00,29.3,25.3,404.0,3.3,5.6,121.0
2024-12-17T08:00,30.9,27.1,378.0,4.2,7.0,124.0
2024-12-17T09:00,32.8,29.0,364.0,5.1,8.2,126.0
2024-12-17T10:00,33.4,29.6,372.0,6.1,9.2,127.0
2024-12-17T11:00,32.7,29.1,392.0,7.0,10.0,127.0
2024-12-17T12:00,37.7,34.5,412.0,7.4,7.3,124.0
2024-12-17T13:00,36.3,33.1,431.0,6.7,7.1,125.0
2024-12-17T14:00,33.8,30.9,450.0,5.7,6.8,126.0
2024-12-17T15:00,34.3,31.3,458.0,5.0,6.7,127.0
2024-12-17T16:00,33.5,30.5,447.0,4.9,7.1,126.0
2024-12-17T17:00,33.1,30.4,426.0,5.0,7.8,124.0
2024-12-17T18:00,33.2,30.5,411.0,5.1,8.2,122.0
2024-12-17T19:00,32.6,30.0,413.0,4.9,8.1,119.0
2024-12-17T20:00,32.0,29.6,421.0,4.5,7.7,117.0
2024-12-17T21:00,30.0,28.3,420.0,4.3,7.3,113.0
2024-12-17T22:00,27.7,26.4,395.0,4.1,7.0,108.0
2024-12-17T23:00,25.8,24.6,361.0,4.1,6.6,103.0
2024-12-18T00:00,26.1,25.1,345.0,4.6,7.2,101.0
2024-12-18T01:00,25.1,24.3,372.0,5.8,7.3,98.0
2024-12-18T02:00,23.5,22.9,417.0,7.5,7.3,94.0
2024-12-18T03:00,20.8,20.3,438.0,8.3,7.1,92.0
2024-12-18T04:00,18.4,17.8,407.0,7.6,6.4,94.0
2024-12-18T05:00,17.1,15.5,352.0,6.1,5.5,98.0
2024-12-18T06:00,14.0,12.4,306.0,4.9,4.7,100.0
2024-12-18T07:00,12.0,10.2,282.0,4.2,4.1,99.0
2024-12-18T08:00,9.9,8.2,267.0,3.7,3.5,96.0
2024-12-18T09:00,9.3,7.5,261.0,3.6,3.1,94.0
2024-12-18T10:00,9.0,7.3,270.0,4.3,2.8,94.0
2024-12-18T11:00,9.6,8.0,287.0,5.5,2.6,95.0
2024-12-18T12:00,10.3,8.7,298.0,6.0,1.3,58.0
2024-12-18T13:00,7.7,6.3,294.0,5.4,1.3,58.0
2024-12-18T14:00,6.3,4.9,282.0,4.5,1.4,59.0
2024-12-18T15:00,5.9,4.4,270.0,3.8,1.4,60.0
2024-12-18T16:00,6.1,4.5,258.0,3.5,1.4,61.0
2024-12-18T17:00,6.7,4.9,245.0,3.5,1.4,63.0
2024-12-18T18:00,6.7,4.9,233.0,3.3,1.4,64.0
2024-12-18T19:00,6.5,4.8,220.0,2.9,1.3,65.0
2024-12-18T20:00,6.4,4.6,208.0,2.4,1.2,66.0
2024-12-18T21:00,6.0,4.3,205.0,2.1,1.2,67.0
2024-12-18T22:00,5.8,4.2,217.0,2.0,1.2,69.0
2024-12-18T23:00,6.1,4.3,237.0,2.0,1.3,72.0
2024-12-19T00:00,5.0,3.2,257.0,2.0,1.3,72.0
2024-12-19T01:00,5.9,4.0,277.0,3.0,1.6,72.0
2024-12-19T02:00,6.7,4.6,297.0,4.4,2.1,73.0
2024-12-19T03:00,6.7,4.8,304.0,5.2,2.5,73.0
2024-12-19T04:00,6.7,4.8,289.0,4.7,2.7,72.0
2024-12-19T05:00,6.3,4.4,262.0,3.7,2.8,70.0
2024-12-19T06:00,5.8,4.0,240.0,2.8,2.9,68.0
2024-12-19T07:00,5.5,3.8,227.0,2.4,2.9,66.0
2024-12-19T08:00,5.5,3.8,218.0,2.2,3.0,64.0
2024-12-19T09:00,5.1,3.5,217.0,2.5,2.9,62.0
2024-12-19T10:00,4.7,3.2,230.0,3.5,2.8,58.0
2024-12-19T11:00,4.8,3.3,251.0,5.0,2.6,54.0
2024-12-19T12:00,5.4,3.7,264.0,4.8,2.0,57.0
2024-12-19T13:00,5.8,4.1,260.0,5.1,2.0,57.0
2024-12-19T14:00,6.4,4.6,248.0,5.4,2.0,56.0
2024-12-19T15:00,6.7,4.9,241.0,5.7,2.0,55.0
2024-12-19T16:00,6.6,4.9,245.0,5.9,2.0,54.0
2024-12-19T17:00,6.5,4.9,254.0,6.0,2.0,53.0
2024-12-19T18:00,6.3,4.8,258.0,6.0,2.1,52.0
2024-12-19T19:00,5.9,4.5,251.0,5.7,2.4,52.0
2024-12-19T20:00,5.2,4.0,239.0,5.2,2.7,53.0
2024-12-19T21:00,4.8,3.7,231.0,4.8,3.0,53.0
2024-12-19T22:00,4.3,3.4,230.0,4.7,3.1,53.0
2024-12-19T23:00,4.0,3.2,232.0,4.7,3.1,53.0
2024-12-20T00:00,1.5,1.4,240.0,5.6,3.9,55.0
2024-12-20T01:00,1.8,1.7,257.0,6.3,3.9,55.0
2024-12-20T02:00,2.5,2.5,278.0,7.3,4.0,54.0
2024-12-20T03:00,2.8,2.7,295.0,7.5,4.1,57.0
2024-12-20T04:00,2.8,2.5,302.0,6.3,4.4,64.0
2024-12-20T05:00,4.0,3.4,303.0,4.5,4.8,74.0
2024-12-20T06:00,6.5,5.5,305.0,3.1,5.1,83.0
2024-12-20T07:00,9.3,7.9,306.0,2.6,5.4,91.0
2024-12-20T08:00,11.5,9.7,306.0,2.5,5.6,99.0
2024-12-20T09:00,12.5,10.6,313.0,3.0,5.6,103.0
2024-12-20T10:00,13.4,11.2,331.0,4.3,5.2,102.0
2024-12-20T11:00,13.5,11.2,355.0,6.1,4.7,99.0
2024-12-20T12:00,19.2,16.8,377.0,6.9,4.4,84.0
2024-12-20T13:00,19.0,16.4,395.0,7.1,4.4,83.0
2024-12-20T14:00,18.9,16.3,411.0,7.5,4.4,82.0
2024-12-20T15:00,19.1,16.4,421.0,7.9,4.5,81.0
2024-12-20T16:00,19.2,16.6,422.0,8.5,4.8,80.0
2024-12-20T17:00,19.3,16.8,417.0,9.1,5.2,78.0
2024-12-20T18:00,19.4,17.0,411.0,9.7,5.6,76.0
2024-12-20T19:00,19.7,17.5,401.0,10.1,6.1,74.0
2024-12-20T20:00,20.4,18.4,391.0,10.3,6.6,72.0
2024-12-20T21:00,19.9,18.9,396.0,10.8,7.1,70.0
2024-12-20T22:00,21.2,20.5,434.0,11.5,7.7,67.0
2024-12-20T23:00,22.2,21.7,,12.5,8.2,63.0
2024-12-21T00:00,21.4,20.1,,13.3,8.3,59.0
2024-12-21T01:00,21.9,21.2,,13.8,9.3,62.0
2024-12-21T02:00,22.6,22.0,447.0,14.3,10.6,66.0
2024-12-21T03:00,19.3,18.7,404.0,13.7,11.3,72.0
2024-12-21T04:00,14.3,13.9,372.0,10.8,11.1,82.0
2024-12-21T05:00,11.1,10.9,342.0,6.8,10.3,95.0
2024-12-21T06:00,9.5,9.1,322.0,3.8,9.4,105.0
2024-12-21T07:00,10.2,9.0,313.0,2.7,8.5,110.0
2024-12-21T08:00,12.2,10.1,314.0,2.5,7.4,111.0
2024-12-21T09:00,12.2,9.9,322.0,2.9,6.5,112.0
2024-12-21T10:00,12.1,9.7,345.0,3.9,5.9,112.0
2024-12-21T11:00,12.0,9.5,375.0,5.4,5.4,111.0
2024-12-21T12:00,19.3,16.6,390.0,6.4,4.9,101.0
2024-12-21T13:00,18.6,15.8,374.0,6.7,4.7,100.0
2024-12-21T14:00,17.6,14.9,344.0,7.1,4.5,99.0
2024-12-21T15:00,16.6,13.9,323.0,7.2,4.2,98.0
2024-12-21T16:00,15.6,13.0,328.0,6.8,3.9,98.0
2024-12-21T17:00,14.8,12.3,343.0,6.2,3.5,98.0
2024-12-21T18:00,14.2,11.6,347.0,5.5,3.1,98.0
2024-12-21T19:00,13.6,11.0,324.0,4.6,2.6,98.0
2024-12-21T20:00,13.0,10.4,290.0,3.7,2.1,97.0
2024-12-21T21:00,12.5,9.8,269.0,3.0,1.8,96.0
2024-12-21T22:00,12.4,9.5,276.0,2.8,1.7,92.0
2024-12-21T23:00,12.4,9.3,296.0,2.9,1.7,88.0
2024-12-22T00:00,11.5,8.4,313.0,2.9,1.5,84.0
2024-12-22T01:00,12.0,8.8,321.0,3.4,1.8,83.0
2024-12-22T02:00,12.4,9.0,326.0,4.0,2.3,82.0
2024-12-22T03:00,12.8,9.3,322.0,4.3,2.7,83.0
2024-12-22T04:00,13.1,9.6,302.0,3.7,3.0,87.0
2024-12-22T05:00,14.0,10.3,274.0,2.8,3.2,93.0
2024-12-22T06:00,14.8,10.9,258.0,2.1,3.3,98.0
2024-12-22T07:00,15.5,11.5,263.0,1.9,3.3,101.0
2024-12-22T08:00,16.1,11.9,280.0,1.9,3.3,104.0
2024-12-22T09:00,16.7,12.4,299.0,2.2,3.2,105.0
2024-12-22T10:00,16.6,12.3,319.0,2.9,3.1,105.0
2024-12-22T11:00,16.8,12.5,340.0,3.9,3.0,105.0
2024-12-22T12:00,13.4,10.0,353.0,5.7,3.0,84.0
2024-12-22T13:00,14.1,10.7,354.0,6.2,2.8,85.0
2024-12-22T14:00,14.5,11.1,348.0,6.8,2.5,87.0
2024-12-22T15:00,15.0,11.5,338.0,7.3,2.3,88.0
2024-12-22T16:00,15.2,11.7,326.0,7.5,2.1,88.0
2024-12-22T17:00,15.0,11.5,310.0,7.6,2.0,88.0
2024-12-22T18:00,15.0,11.4,295.0,7.3,1.9,88.0
2024-12-22T19:00,14.5,11.0,279.0,6.4,1.8,88.0
2024-12-22T20:00,14.2,10.7,264.0,5.1,1.7,88.0
2024-12-22T21:00,13.9,10.5,258.0,4.1,1.6,88.0
2024-12-22T22:00,14.8,11.1,266.0,3.7,1.6,87.0
2024-12-22T23:00,14.5,11.0,282.0,3.6,1.6,86.0
2024-12-23T00:00,14.4,11.0,302.0,3.3,1.3,85.0
2024-12-23T01:00,15.6,12.0,332.0,3.6,1.5,85.0
2024-12-23T02:00,16.6,12.8,365.0,3.9,1.8,86.0
2024-12-23T03:00,17.0,13.0,377.0,4.0,2.1,88.0
2024-12-23T04:00,17.1,13.1,348.0,3.4,2.4,91.0
2024-12-23T05:00,17.1,13.1,296.0,2.5,2.8,96.0
2024-12-23T06:00,17.2,13.2,258.0,1.9,3.1,100.0
2024-12-23T07:00,17.2,13.2,244.0,1.7,3.3,104.0
2024-12-23T08:00,17.2,13.3,243.0,1.9,3.5,107.0
2024-12-23T09:00,17.3,13.4,252.0,2.3,3.6,108.0
2024-12-23T10:00,17.1,13.3,282.0,3.3,3.5,106.0
2024-12-23T11:00,16.5,12.9,323.0,4.6,3.3,103.0
2024-12-23T12:00,18.3,15.1,344.0,5.8,3.9,101.0
2024-12-23T13:00,18.2,15.1,325.0,5.7,3.9,100.0
2024-12-23T14:00,18.1,15.1,285.0,5.6,3.8,98.0
2024-12-23T15:00,18.5,15.4,255.0,5.4,3.7,97.0
2024-12-23T16:00,19.3,15.9,247.0,5.2,3.6,96.0
2024-12-23T17:00,17.5,14.3,248.0,4.9,3.4,96.0
2024-12-23T18:00,16.2,13.2,247.0,4.5,3.2,96.0
2024-12-23T19:00,15.8,12.7,238.0,4.0,2.9,96.0
2024-12-23T20:00,14.8,11.8,227.0,3.4,2.7,96.0
2024-12-23T21:00,12.8,10.3,226.0,2.9,2.4,96.0
2024-12-23T22:00,11.3,9.1,241.0,2.6,2.2,96.0
2024-12-23T23:00,10.5,8.5,266.0,2.4,2.0,95.0
2024-12-24T00:00,9.4,7.7,294.0,2.9,2.2,90.0
2024-12-24T01:00,9.0,7.5,330.0,3.6,2.2,87.0
2024-12-24T02:00,9.4,7.7,368.0,4.4,2.3,84.0
2024-12-24T03:00,9.5,7.9,387.0,4.9,2.4,81.0
2024-12-24T04:00,9.6,7.8,369.0,4.5,2.7,81.0
2024-12-24T05:00,8.8,7.0,331.0,3.6,3.1,81.0
2024-12-24T06:00,9.1,7.0,304.0,3.0,3.5,81.0
2024-12-24T07:00,9.0,6.9,299.0,2.9,3.7,78.0
2024-12-24T08:00,7.7,5.8,305.0,3.0,3.9,74.0
2024-12-24T09:00,7.1,5.2,319.0,3.3,4.0,71.0
2024-12-24T10:00,6.9,5.0,346.0,3.9,3.9,68.0
2024-12-24T11:00,7.1,5.2,380.0,4.7,3.7,65.0
2024-12-24T12:00,9.7,7.6,403.0,6.6,2.8,65.0
2024-12-24T13:00,10.3,8.4,406.0,7.3,3.3,67.0
2024-12-24T14:00,11.3,9.5,397.0,8.2,3.9,71.0
2024-12-24T15:00,11.8,10.4,387.0,8.8,4.4,74.0
2024-12-24T16:00,12.1,11.1,379.0,8.7,4.5,76.0
2024-12-24T17:00,11.5,11.1,369.0,8.2,4.4,78.0
2024-12-24T18:00,11.3,10.9,358.0,7.6,4.3,79.0
2024-12-24T19:00,11.1,10.7,341.0,6.9,4.1,79.0
2024-12-24T20:00,11.4,10.7,321.0,6.1,3.9,78.0
2024-12-24T21:00,12.7,11.6,311.0,5.5,3.7,76.0
2024-12-24T22:00,12.2,11.4,315.0,5.3,3.7,74.0
2024-12-24T23:00,11.6,10.9,328.0,5.4,3.8,72.0
2024-12-25T00:00,11.1,10.2,349.0,5.2,3.9,72.0
2024-12-25T01:00,11.8,10.5,388.0,5.8,4.3,72.0
2024-12-25T02:00,11.3,9.9,434.0,6.5,5.0,71.0
2024-12-25T03:00,10.1,8.7,453.0,6.8,5.4,72.0
2024-12-25T04:00,9.3,7.8,423.0,6.2,5.6,75.0
2024-12-25T05:00,8.9,7.3,365.0,5.1,5.6,79.0
2024-12-25T06:00,8.0,6.4,315.0,4.2,5.3,81.0
2024-12-25T07:00,7.3,5.7,281.0,3.5,4.6,80.0
2024-12-25T08:00,7.0,5.1,255.0,2.9,3.6,77.0
2024-12-25T09:00,6.7,4.8,241.0,3.0,2.9,74.0
2024-12-25T10:00,6.8,4.9,249.0,4.4,2.6,70.0
2024-12-25T11:00,7.4,5.3,269.0,6.5,2.6,65.0
2024-12-25T12:00,9.7,7.1,280.0,5.9,1.8,67.0
2024-12-25T13:00,9.6,7.1,269.0,5.7,1.9,67.0
2024-12-25T14:00,9.9,7.2,248.0,5.4,2.0,66.0
2024-12-25T15:00,9.5,6.9,231.0,5.0,2.0,66.0
2024-12-25T16:00,9.3,6.7,223.0,4.6,1.9,65.0
2024-12-25T17:00,9.3,6.7,220.0,4.2,1.7,65.0
2024-12-25T18:00,9.1,6.4,217.0,3.7,1.5,65.0
2024-12-25T19:00,8.4,5.9,214.0,3.0,1.3,66.0
2024-12-25T20:00,9.0,6.0,212.0,2.2,1.1,68.0
2024-12-25T21:00,8.1,5.4,210.0,1.6,1.0,69.0
2024-12-25T22:00,7.8,5.2,207.0,1.4,0.9,69.0
2024-12-25T23:00,8.8,5.8,203.0,1.5,0.9,68.0
2024-12-26T00:00,6.8,4.5,204.0,2.0,1.1,68.0
2024-12-26T01:00,6.6,4.5,213.0,2.9,1.3,68.0
2024-12-26T02:00,7.4,5.2,226.0,4.2,1.7,69.0
2024-12-26T03:00,8.5,6.0,234.0,4.8,2.0,70.0
2024-12-26T04:00,10.2,7.2,230.0,4.2,2.2,73.0
2024-12-26T05:00,12.0,8.7,220.0,3.0,2.4,76.0
2024-12-26T06:00,13.6,10.0,215.0,2.1,2.7,78.0
2024-12-26T07:00,14.7,10.9,221.0,1.8,3.2,78.0
2024-12-26T08:00,15.2,11.2,231.0,1.9,3.8,77.0
2024-12-26T09:00,15.1,11.0,241.0,2.2,4.1,76.0
2024-12-26T10:00,14.0,10.2,247.0,3.0,3.8,77.0
2024-12-26T11:00,12.4,8.8,252.0,4.1,3.2,78.0
2024-12-26T12:00,13.1,9.4,258.0,5.0,2.5,78.0
2024-12-26T13:00,13.5,9.7,268.0,5.2,2.3,80.0
2024-12-26T14:00,14.0,10.2,279.0,5.5,2.1,84.0
2024-12-26T15:00,14.8,10.9,285.0,5.6,1.9,86.0
2024-12-26T16:00,15.3,11.1,280.0,5.5,1.8,87.0
2024-12-26T17:00,15.3,11.1,270.0,5.4,1.8,87.0
2024-12-26T18:00,15.7,11.4,260.0,5.0,1.7,87.0
2024-12-26T19:00,16.4,11.7,252.0,4.3,1.5,88.0
2024-12-26T20:00,15.5,11.1,246.0,3.5,1.3,89.0
2024-12-26T21:00,16.0,11.5,241.0,2.9,1.1,90.0
2024-12-26T22:00,16.1,11.6,239.0,2.6,1.0,90.0
2024-12-26T23:00,16.3,11.7,239.0,2.5,1.0,89.0
2024-12-27T00:00,16.0,11.5,243.0,2.9,1.3,91.0
2024-12-27T01:00,18.5,13.3,259.0,3.4,1.8,91.0
2024-12-27T02:00,20.5,15.1,279.0,3.9,2.4,92.0
2024-12-27T03:00,21.5,15.7,286.0,4.1,2.8,93.0
2024-12-27T04:00,23.4,17.4,264.0,3.4,2.9,95.0
2024-12-27T05:00,25.6,19.4,229.0,2.3,2.7,97.0
2024-12-27T06:00,27.2,21.0,208.0,1.5,2.6,99.0
2024-12-27T07:00,28.2,22.1,214.0,1.3,2.6,99.0
2024-12-27T08:00,29.6,23.3,233.0,1.4,2.6,99.0
2024-12-27T09:00,30.5,24.2,252.0,1.8,2.6,98.0
2024-12-27T10:00,31.0,24.7,270.0,2.5,2.5,97.0
2024-12-27T11:00,31.0,24.7,287.0,3.5,2.3,97.0
2024-12-27T12:00,27.1,22.4,298.0,4.6,2.3,96.0
2024-12-27T13:00,28.1,23.0,296.0,4.9,2.2,96.0
2024-12-27T14:00,28.0,22.8,287.0,5.3,2.1,96.0
2024-12-27T15:00,27.7,22.6,279.0,5.5,2.0,97.0
2024-12-27T16:00,27.6,22.5,277.0,5.5,1.8,98.0
2024-12-27T17:00,27.5,22.5,276.0,5.4,1.7,99.0
2024-12-27T18:00,27.0,22.0,273.0,5.1,1.5,100.0
2024-12-27T19:00,26.1,21.2,264.0,4.4,1.4,101.0
2024-12-27T20:00,25.4,20.4,252.0,3.5,1.3,103.0
2024-12-27T21:00,24.9,19.8,245.0,2.9,1.2,104.0
2024-12-27T22:00,24.4,19.4,246.0,2.6,1.2,104.0
2024-12-27T23:00,24.2,19.1,251.0,2.6,1.2,103.0
2024-12-28T00:00,24.6,19.4,257.0,2.8,1.3,103.0
2024-12-28T01:00,25.7,20.3,266.0,4.0,1.4,103.0
2024-12-28T02:00,27.2,21.8,277.0,5.5,1.6,103.0
2024-12-28T03:00,27.5,21.9,281.0,6.2,1.9,104.0
2024-12-28T04:00,27.6,21.9,271.0,5.2,2.5,107.0
2024-12-28T05:00,27.1,21.5,254.0,3.4,3.1,111.0
2024-12-28T06:00,27.2,21.7,244.0,2.0,3.6,113.0
2024-12-28T07:00,27.4,21.8,247.0,1.5,3.7,113.0
2024-12-28T08:00,27.2,21.7,257.0,1.5,3.5,111.0
2024-12-28T09:00,27.1,21.6,273.0,1.9,3.3,109.0
2024-12-28T10:00,26.8,21.4,298.0,2.8,3.2,106.0
2024-12-28T11:00,26.7,21.2,329.0,4.1,3.0,103.0
2024-12-28T12:00,29.0,23.4,348.0,6.1,3.0,98.0
2024-12-28T13:00,30.2,24.3,348.0,7.2,2.8,95.0
2024-12-28T14:00,31.3,25.3,336.0,8.8,2.5,92.0
2024-12-28T15:00,32.0,25.8,323.0,9.5,2.2,89.0
2024-12-28T16:00,32.0,25.8,310.0,8.8,1.9,89.0
2024-12-28T17:00,31.1,25.0,296.0,7.3,1.7,89.0
2024-12-28T18:00,29.6,23.7,282.0,5.9,1.5,90.0
2024-12-28T19:00,28.3,22.8,266.0,4.7,1.3,90.0
2024-12-28T20:00,28.1,22.7,251.0,3.6,1.2,91.0
2024-12-28T21:00,27.2,22.1,242.0,2.8,1.1,91.0
2024-12-28T22:00,27.0,22.1,243.0,2.4,1.1,91.0
2024-12-28T23:00,27.1,22.3,250.0,2.3,1.2,90.0
2024-12-29T00:00,27.2,22.6,260.0,2.0,1.2,93.0
2024-12-29T01:00,28.1,23.5,273.0,2.9,1.4,93.0
2024-12-29T02:00,29.0,24.6,289.0,4.0,1.7,94.0
2024-12-29T03:00,29.9,25.0,297.0,4.6,2.0,95.0
2024-12-29T04:00,29.5,24.7,291.0,4.0,2.5,99.0
2024-12-29T05:00,29.3,24.6,278.0,2.7,3.1,103.0
2024-12-29T06:00,29.7,25.0,272.0,1.8,3.5,107.0
2024-12-29T07:00,30.7,25.9,280.0,1.5,3.5,108.0
2024-12-29T08:00,31.8,26.8,294.0,1.4,3.3,109.0
2024-12-29T09:00,32.6,27.5,309.0,1.7,3.0,108.0
2024-12-29T10:00,32.1,27.2,325.0,2.5,2.7,107.0
2024-12-29T11:00,31.2,26.4,341.0,3.7,2.4,105.0
2024-12-29T12:00,37.6,32.7,350.0,4.6,2.1,105.0
2024-12-29T13:00,35.5,31.0,348.0,4.4,2.1,106.0
2024-12-29T14:00,35.2,30.6,339.0,4.2,2.0,107.0
2024-12-29T15:00,34.1,29.5,330.0,4.1,2.0,107.0
2024-12-29T16:00,34.3,29.5,324.0,4.2,1.9,106.0
2024-12-29T17:00,33.5,28.8,319.0,4.4,1.9,104.0
2024-12-29T18:00,32.0,27.5,311.0,4.3,1.8,102.0
2024-12-29T19:00,30.9,26.4,296.0,3.8,1.7,100.0
2024-12-29T20:00,30.6,26.2,278.0,3.1,1.5,99.0
2024-12-29T21:00,30.5,26.1,270.0,2.5,1.5,99.0
2024-12-29T22:00,31.2,26.7,278.0,2.1,1.6,101.0
2024-12-29T23:00,32.0,27.5,296.0,1.9,1.8,103.0
2024-12-30T00:00,29.8,25.1,312.0,1.9,1.7,103.0
2024-12-30T01:00,29.0,24.7,327.0,2.5,1.9,104.0
2024-12-30T02:00,30.6,26.1,340.0,3.2,2.2,105.0
2024-12-30T03:00,31.2,26.4,344.0,3.6,2.5,107.0
2024-12-30T04:00,31.4,26.6,331.0,3.1,2.8,109.0
2024-12-30T05:00,31.7,26.8,308.0,2.3,3.1,112.0
2024-12-30T06:00,32.6,27.6,291.0,1.6,3.4,114.0
2024-12-30T07:00,33.9,28.8,284.0,1.3,3.5,115.0
2024-12-30T08:00,34.6,29.5,283.0,1.3,3.6,114.0
2024-12-30T09:00,35.3,30.2,289.0,1.6,3.7,114.0
2024-12-30T10:00,35.7,30.7,309.0,2.5,3.8,114.0
2024-12-30T11:00,36.8,31.7,338.0,3.8,4.0,113.0
2024-12-30T12:00,40.0,35.0,356.0,5.3,3.9,108.0
2024-12-30T13:00,41.7,36.6,356.0,5.4,4.0,109.0
2024-12-30T14:00,42.8,37.7,346.0,5.5,4.0,110.0
2024-12-30T15:00,43.9,38.6,336.0,5.4,4.1,112.0
2024-12-30T16:00,44.9,39.6,332.0,4.8,4.1,114.0
2024-12-30T17:00,45.8,40.3,328.0,4.0,4.1,116.0
2024-12-30T18:00,45.8,40.3,320.0,3.3,4.0,118.0
2024-12-30T19:00,45.2,39.8,302.0,2.7,3.9,119.0
2024-12-30T20:00,44.0,38.8,280.0,2.2,3.8,119.0
2024-12-30T21:00,43.1,37.8,270.0,1.9,3.8,119.0
2024-12-30T22:00,42.4,37.3,280.0,1.7,3.9,120.0
2024-12-30T23:00,42.1,37.0,302.0,1.6,4.2,120.0
2024-12-31T00:00,34.2,29.6,327.0,2.0,2.6,108.0
2024-12-31T01:00,35.4,30.7,359.0,2.6,3.4,111.0
2024-12-31T02:00,37.0,32.5,394.0,3.5,4.6,116.0
2024-12-31T03:00,39.0,34.1,416.0,3.9,5.6,121.0
2024-12-31T04:00,39.6,34.7,412.0,3.4,6.4,125.0
2024-12-31T05:00,39.3,34.7,394.0,2.4,7.0,129.0
2024-12-31T06:00,39.3,34.9,381.0,1.7,7.3,131.0
2024-12-31T07:00,38.4,34.5,380.0,1.4,7.2,130.0
2024-12-31T08:00,38.0,34.1,383.0,1.4,6.7,128.0
2024-12-31T09:00,37.3,33.5,393.0,1.7,6.3,125.0
2024-12-31T10:00,36.8,32.8,415.0,2.6,6.0,121.0
2024-12-31T11:00,36.8,32.7,442.0,3.8,5.7,117.0
2024-12-31T12:00,44.9,40.5,457.0,4.7,5.6,112.0
2024-12-31T13:00,45.4,41.1,449.0,5.0,5.4,111.0
2024-12-31T14:00,45.6,41.3,430.0,5.5,5.1,108.0
2024-12-31T15:00,45.8,41.4,412.0,5.7,4.8,107.0
2024-12-31T16:00,45.6,41.3,402.0,5.5,4.7,107.0
2024-12-31T17:00,45.1,40.9,394.0,5.1,4.6,107.0
2024-12-31T18:00,44.2,40.2,387.0,4.6,4.5,107.0
2024-12-31T19:00,43.3,39.3,377.0,4.0,4.5,107.0
2024-12-31T20:00,42.7,38.8,367.0,3.2,4.4,108.0
2024-12-31T21:00,42.4,38.4,364.0,2.7,4.4,108.0
2024-12-31T22:00,41.6,37.6,374.0,2.4,4.3,108.0
2024-12-31T23:00,41.3,37.1,391.0,2.4,4.3,108.0
2025-01-01T00:00,40.5,36.9,403.0,3.4,3.9,104.0
2025-01-01T01:00,39.8,36.4,408.0,3.8,4.3,107.0
2025-01-01T02:00,39.6,36.1,410.0,4.4,4.8,110.0
2025-01-01T03:00,38.0,34.5,404.0,4.5,5.2,114.0
2025-01-01T04:00,36.8,33.3,386.0,3.8,5.5,117.0
2025-01-01T05:00,35.7,32.2,362.0,2.8,5.8,120.0
2025-01-01T06:00,35.9,32.2,345.0,2.0,5.9,122.0
2025-01-01T07:00,36.2,32.6,340.0,1.6,5.9,122.0
2025-01-01T08:00,37.0,33.4,343.0,1.5,5.8,120.0
2025-01-01T09:00,38.4,34.9,351.0,1.8,5.7,119.0
2025-01-01T10:00,40.0,36.7,370.0,2.7,5.6,118.0
2025-01-01T11:00,41.4,38.1,395.0,4.0,5.6,117.0
2025-01-01T12:00,44.5,41.0,410.0,5.5,5.5,113.0
2025-01-01T13:00,46.7,43.1,406.0,6.4,5.3,111.0
2025-01-01T14:00,48.7,44.9,392.0,7.5,5.1,108.0
2025-01-01T15:00,49.9,46.0,383.0,8.3,4.9,106.0
2025-01-01T16:00,50.2,46.1,388.0,8.4,4.7,105.0
2025-01-01T17:00,49.9,45.9,397.0,8.1,4.6,103.0
2025-01-01T18:00,48.5,44.6,398.0,7.6,4.4,103.0
2025-01-01T19:00,47.4,43.3,380.0,6.6,4.2,103.0
2025-01-01T20:00,45.9,41.9,353.0,5.3,4.0,104.0
2025-01-01T21:00,44.8,40.9,336.0,4.4,3.8,105.0
2025-01-01T22:00,44.4,40.4,341.0,4.1,3.7,104.0
2025-01-01T23:00,44.4,40.4,356.0,4.2,3.8,103.0
2025-01-02T00:00,44.8,41.1,364.0,4.4,3.9,104.0
2025-01-02T01:00,45.9,42.4,356.0,5.4,4.2,105.0
2025-01-02T02:00,46.8,43.3,340.0,6.6,4.5,106.0
2025-01-02T03:00,46.7,43.2,328.0,7.0,4.9,110.0
2025-01-02T04:00,45.2,41.4,322.0,5.7,5.3,118.0
2025-01-02T05:00,44.0,40.5,318.0,3.6,5.8,128.0
2025-01-02T06:00,44.4,41.1,319.0,2.0,6.1,135.0
2025-01-02T07:00,45.3,42.0,324.0,1.4,6.0,138.0
2025-01-02T08:00,45.8,42.7,334.0,1.4,5.8,139.0
2025-01-02T09:00,46.0,43.0,349.0,1.8,5.6,139.0
2025-01-02T10:00,46.4,43.4,376.0,2.8,5.6,138.0
2025-01-02T11:00,46.1,43.3,408.0,4.3,5.6,135.0
2025-01-02T12:00,48.2,45.3,426.0,6.4,5.5,128.0
2025-01-02T13:00,48.3,45.4,421.0,7.6,5.4,125.0
2025-01-02T14:00,47.5,44.7,402.0,9.3,5.3,121.0
2025-01-02T15:00,46.8,44.1,380.0,10.4,5.1,117.0
2025-01-02T16:00,46.3,43.8,356.0,10.3,4.9,115.0
2025-01-02T17:00,46.0,43.4,330.0,9.6,4.7,114.0
2025-01-02T18:00,45.2,42.7,311.0,8.7,4.5,113.0
2025-01-02T19:00,44.2,41.9,302.0,7.6,4.4,112.0
2025-01-02T20:00,44.1,41.7,299.0,6.3,4.4,111.0
2025-01-02T21:00,44.1,41.7,302.0,5.3,4.4,110.0
2025-01-02T22:00,44.5,41.9,308.0,4.5,4.5,110.0
2025-01-02T23:00,44.9,42.4,319.0,4.0,4.8,111.0
2025-01-03T00:00,44.4,41.8,339.0,3.7,5.0,114.0
2025-01-03T01:00,45.1,42.4,381.0,4.6,5.4,114.0
2025-01-03T02:00,45.5,43.0,432.0,5.7,5.9,115.0
2025-01-03T03:00,45.6,43.0,455.0,6.1,6.6,119.0
2025-01-03T04:00,45.5,42.7,421.0,4.9,7.7,128.0
2025-01-03T05:00,45.6,42.8,359.0,3.0,8.9,139.0
2025-01-03T06:00,46.7,43.8,314.0,1.6,9.7,147.0
2025-01-03T07:00,47.3,44.2,307.0,1.2,9.8,149.0
2025-01-03T08:00,47.1,43.9,318.0,1.3,9.5,147.0
2025-01-03T09:00,46.3,42.8,329.0,1.8,9.2,145.0
2025-01-03T10:00,45.5,41.7,334.0,2.8,9.2,142.0
2025-01-03T11:00,44.7,40.5,339.0,4.2,9.4,138.0
2025-01-03T12:00,45.6,41.9,343.0,6.1,9.8,134.0
2025-01-03T13:00,46.1,42.0,346.0,6.8,9.7,132.0
2025-01-03T14:00,46.6,42.0,347.0,7.8,9.4,128.0
2025-01-03T15:00,46.9,42.0,346.0,8.5,9.1,125.0
2025-01-03T16:00,47.3,42.1,343.0,8.7,8.5,122.0
2025-01-03T17:00,47.6,42.1,338.0,8.7,7.8,120.0
2025-01-03T18:00,46.9,41.2,330.0,8.3,7.2,118.0
2025-01-03T19:00,45.8,39.8,315.0,7.4,6.7,116.0
2025-01-03T20:00,44.7,38.6,297.0,6.2,6.4,114.0
2025-01-03T21:00,43.8,37.7,292.0,5.3,6.1,113.0
2025-01-03T22:00,44.1,37.6,304.0,4.7,5.9,112.0
2025-01-03T23:00,44.9,38.0,328.0,4.4,5.7,112.0
2025-01-04T00:00,44.2,37.1,362.0,4.6,5.2,112.0
2025-01-04T01:00,44.8,37.8,426.0,5.8,5.4,112.0
2025-01-04T02:00,45.9,38.9,,7.4,5.7,112.0
2025-01-04T03:00,46.3,39.2,,8.0,6.0,115.0
2025-01-04T04:00,45.5,37.8,462.0,6.5,6.3,122.0
2025-01-04T05:00,43.0,34.9,349.0,4.0,6.6,132.0
2025-01-04T06:00,41.9,33.8,264.0,2.1,6.7,138.0
2025-01-04T07:00,41.2,33.3,241.0,1.4,6.3,138.0
2025-01-04T08:00,40.2,32.7,245.0,1.3,5.7,136.0
2025-01-04T09:00,39.8,32.7,253.0,1.8,5.2,132.0
2025-01-04T10:00,40.3,33.1,252.0,2.8,5.0,128.0
2025-01-04T11:00,40.5,33.4,255.0,4.4,5.0,124.0
2025-01-04T12:00,43.1,35.7,269.0,6.4,4.4,117.0
2025-01-04T13:00,43.4,36.4,304.0,7.7,4.2,114.0
2025-01-04T14:00,43.2,36.4,351.0,9.4,3.8,110.0
2025-01-04T15:00,42.4,35.7,395.0,10.9,3.6,107.0
2025-01-04T16:00,41.3,34.8,436.0,12.0,3.6,104.0
2025-01-04T17:00,41.6,34.6,474.0,12.9,3.8,102.0
2025-01-04T18:00,41.8,34.7,,13.0,3.8,100.0
2025-01-04T19:00,41.3,34.3,461.0,12.0,3.6,99.0
2025-01-04T20:00,40.9,34.0,411.0,10.3,3.2,97.0
2025-01-04T21:00,40.4,33.6,370.0,8.7,3.0,97.0
2025-01-04T22:00,39.8,33.3,339.0,7.4,2.9,97.0
2025-01-04T23:00,39.2,32.8,318.0,6.2,3.0,98.0
2025-01-05T00:00,41.1,34.0,333.0,6.5,3.0,96.0
2025-01-05T01:00,43.2,35.7,433.0,7.6,3.2,96.0
2025-01-05T02:00,45.1,37.1,,9.0,3.6,96.0
2025-01-05T03:00,47.8,39.2,,9.4,4.0,98.0
2025-01-05T04:00,52.2,42.1,,7.8,4.7,104.0
2025-01-05T05:00,44.9,35.4,356.0,5.2,5.6,112.0
2025-01-05T06:00,38.5,30.3,225.0,3.2,6.0,118.0
2025-01-05T07:00,36.6,28.6,193.0,2.3,5.7,119.0
2025-01-05T08:00,36.3,28.7,206.0,1.9,5.1,117.0
2025-01-05T09:00,37.1,29.6,224.0,2.1,4.5,115.0
2025-01-05T10:00,38.0,30.7,236.0,3.1,4.3,113.0
2025-01-05T11:00,39.0,32.1,253.0,4.6,4.1,110.0
2025-01-05T12:00,39.9,34.1,268.0,6.1,3.6,109.0
2025-01-05T13:00,41.0,35.9,279.0,6.9,3.3,108.0
2025-01-05T14:00,41.7,37.0,288.0,7.9,2.8,108.0
2025-01-05T15:00,41.8,37.6,297.0,8.7,2.5,107.0
2025-01-05T16:00,41.7,37.8,310.0,9.0,2.4,107.0
2025-01-05T17:00,41.0,37.1,322.0,9.1,2.5,107.0
2025-01-05T18:00,39.6,36.0,325.0,8.8,2.5,107.0
2025-01-05T19:00,38.3,34.7,306.0,8.1,2.5,107.0
2025-01-05T20:00,37.3,33.6,278.0,7.1,2.4,107.0
2025-01-05T21:00,36.9,33.3,269.0,6.2,2.4,107.0
2025-01-05T22:00,36.8,33.4,297.0,5.3,2.3,106.0
2025-01-05T23:00,36.9,33.6,344.0,4.6,2.3,105.0
2025-01-06T00:00,36.4,33.3,381.0,4.5,2.3,102.0
2025-01-06T01:00,36.8,33.6,403.0,5.7,2.4,101.0
2025-01-06T02:00,37.4,34.5,416.0,7.3,2.5,100.0
2025-01-06T03:00,37.3,34.3,407.0,8.0,2.9,101.0
2025-01-06T04:00,36.2,33.1,357.0,6.7,3.9,107.0
2025-01-06T05:00,34.8,31.5,286.0,4.5,5.1,114.0
2025-01-06T06:00,34.1,30.9,237.0,2.8,6.0,120.0
2025-01-06T07:00,34.1,30.9,234.0,2.2,6.1,122.0
2025-01-06T08:00,34.1,30.9,254.0,2.2,5.8,121.0
2025-01-06T09:00,33.4,30.2,270.0,2.7,5.5,119.0
2025-01-06T10:00,32.0,28.8,269.0,3.9,5.2,115.0
2025-01-06T11:00,31.1,28.0,264.0,5.7,4.9,109.0
2025-01-06T12:00,36.4,33.1,272.0,9.5,6.1,103.0
2025-01-06T13:00,36.7,33.4,309.0,10.4,5.3,100.0
2025-01-06T14:00,35.6,32.5,358.0,11.7,4.2,96.0
2025-01-06T15:00,34.7,31.4,390.0,12.7,3.3,93.0
2025-01-06T16:00,34.0,30.9,387.0,13.3,2.9,91.0
2025-01-06T17:00,33.9,30.7,365.0,13.6,2.8,91.0
2025-01-06T18:00,33.6,30.5,345.0,13.2,2.7,90.0
2025-01-06T19:00,32.9,29.9,328.0,11.6,2.4,90.0
2025-01-06T20:00,32.2,29.3,312.0,9.3,2.1,90.0
2025-01-06T21:00,31.9,29.0,308.0,7.3,1.8,90.0
2025-01-06T22:00,31.9,28.9,325.0,5.9,1.7,91.0
2025-01-06T23:00,31.8,28.9,354.0,4.9,1.7,92.0
2025-01-07T00:00,32.5,29.6,378.0,4.9,1.7,91.0
2025-01-07T01:00,33.4,30.5,394.0,5.5,1.8,92.0
2025-01-07T02:00,35.2,32.2,405.0,6.3,1.9,94.0
2025-01-07T03:00,36.7,33.6,399.0,6.4,2.2,98.0
2025-01-07T04:00,38.6,35.3,361.0,5.3,2.9,105.0
2025-01-07T05:00,38.0,34.5,306.0,3.6,3.8,114.0
2025-01-07T06:00,37.0,33.6,265.0,2.3,4.4,120.0
2025-01-07T07:00,36.9,33.5,251.0,1.9,4.5,121.0
2025-01-07T08:00,36.8,33.4,251.0,1.9,4.4,119.0
2025-01-07T09:00,36.7,33.3,255.0,2.4,4.3,117.0
2025-01-07T10:00,36.6,33.3,262.0,3.5,4.2,114.0
2025-01-07T11:00,36.3,33.2,274.0,5.1,4.2,110.0
2025-01-07T12:00,31.3,28.5,284.0,6.6,4.3,105.0
2025-01-07T13:00,31.7,28.9,293.0,7.6,3.8,103.0
2025-01-07T14:00,31.3,28.6,300.0,8.9,3.2,101.0
2025-01-07T15:00,30.7,28.1,302.0,9.6,2.7,100.0
2025-01-07T16:00,30.5,27.9,293.0,9.2,2.5,100.0
2025-01-07T17:00,30.6,28.0,279.0,8.3,2.5,101.0
2025-01-07T18:00,30.5,28.0,272.0,7.3,2.5,102.0
2025-01-07T19:00,30.3,27.9,277.0,6.3,2.6,103.0
2025-01-07T20:00,30.4,28.1,289.0,5.2,2.7,104.0
2025-01-07T21:00,30.7,28.5,310.0,4.4,2.9,105.0
2025-01-07T22:00,31.1,28.9,344.0,4.1,3.2,105.0
2025-01-07T23:00,31.8,29.7,386.0,4.2,3.6,104.0
2025-01-08T00:00,31.5,29.5,422.0,3.4,3.9,108.0
2025-01-08T01:00,32.7,30.7,454.0,4.6,4.3,109.0
2025-01-08T02:00,34.3,32.2,480.0,6.1,4.8,110.0
2025-01-08T03:00,35.2,33.1,,6.8,5.4,113.0
2025-01-08T04:00,35.6,33.3,444.0,5.7,6.1,120.0
2025-01-08T05:00,35.7,33.4,382.0,3.6,6.8,129.0
2025-01-08T06:00,35.6,33.2,337.0,2.1,7.2,136.0
2025-01-08T07:00,35.6,33.2,327.0,1.5,7.0,138.0
2025-01-08T08:00,35.6,33.3,333.0,1.5,6.4,137.0
2025-01-08T09:00,35.5,33.2,344.0,1.8,5.9,136.0
2025-01-08T10:00,35.7,33.4,360.0,2.7,5.6,134.0
2025-01-08T11:00,36.1,33.6,380.0,4.0,5.3,132.0
2025-01-08T12:00,40.6,38.3,389.0,5.4,5.6,130.0
2025-01-08T13:00,41.4,39.1,378.0,6.5,5.5,128.0
2025-01-08T14:00,43.0,40.5,356.0,8.0,5.3,124.0
2025-01-08T15:00,44.4,41.8,340.0,8.9,5.1,122.0
2025-01-08T16:00,45.9,43.0,339.0,8.9,4.9,121.0
2025-01-08T17:00,47.0,44.1,344.0,8.3,4.6,121.0
2025-01-08T18:00,47.8,44.7,345.0,7.5,4.3,121.0
2025-01-08T19:00,48.2,44.9,334.0,6.3,4.0,122.0
2025-01-08T20:00,48.7,45.3,319.0,4.8,3.7,125.0
2025-01-08T21:00,49.1,45.8,312.0,3.7,3.6,127.0
2025-01-08T22:00,49.7,46.2,323.0,3.0,3.7,130.0
2025-01-08T23:00,50.1,46.6,343.0,2.6,4.1,133.0
2025-01-09T00:00,49.1,45.8,356.0,2.7,4.1,136.0
2025-01-09T01:00,49.9,46.4,357.0,4.7,4.6,136.0
2025-01-09T02:00,51.5,47.8,352.0,7.4,5.3,137.0
2025-01-09T03:00,51.1,47.4,344.0,8.6,6.1,140.0
2025-01-09T04:00,49.7,45.6,332.0,7.0,7.1,147.0
2025-01-09T05:00,48.0,44.0,318.0,4.0,8.1,156.0
2025-01-09T06:00,46.4,42.5,307.0,1.7,8.8,162.0
2025-01-09T07:00,45.4,41.4,301.0,1.0,8.8,162.0
2025-01-09T08:00,44.7,40.7,299.0,1.1,8.3,158.0
2025-01-09T09:00,43.7,39.7,301.0,1.6,7.9,154.0
2025-01-09T10:00,42.0,38.2,307.0,2.5,7.7,151.0
2025-01-09T11:00,40.4,36.7,318.0,3.7,7.6,147.0
2025-01-09T12:00,41.9,38.3,330.0,5.1,7.6,143.0
2025-01-09T13:00,40.4,37.0,349.0,6.2,7.3,140.0
2025-01-09T14:00,39.2,36.0,370.0,7.6,6.8,135.0
2025-01-09T15:00,38.1,34.9,379.0,8.7,6.3,130.0
2025-01-09T16:00,36.9,33.9,360.0,9.2,5.8,125.0
2025-01-09T17:00,36.0,32.9,329.0,9.4,5.2,120.0
2025-01-09T18:00,35.2,32.1,314.0,9.1,4.7,116.0
2025-01-09T19:00,35.9,32.1,335.0,8.0,4.2,113.0
2025-01-09T20:00,35.4,31.8,373.0,6.3,3.8,112.0
2025-01-09T21:00,35.7,32.1,396.0,5.0,3.5,110.0
2025-01-09T22:00,36.0,32.2,386.0,4.2,3.3,108.0
2025-01-09T23:00,35.9,32.1,362.0,3.8,3.2,106.0
2025-01-10T00:00,37.8,33.8,347.0,4.2,3.4,105.0
2025-01-10T01:00,36.9,33.1,356.0,5.5,3.4,104.0
2025-01-10T02:00,37.1,33.5,373.0,7.1,3.5,103.0
2025-01-10T03:00,37.1,33.5,379.0,7.8,3.7,104.0
2025-01-10T04:00,36.6,32.6,360.0,6.6,4.1,110.0
2025-01-10T05:00,36.8,32.2,329.0,4.5,4.7,119.0
2025-01-10T06:00,41.0,35.7,306.0,2.8,4.9,125.0
2025-01-10T07:00,44.8,39.5,297.0,2.2,4.6,126.0
2025-01-10T08:00,48.3,42.6,297.0,2.1,4.1,124.0
2025-01-10T09:00,49.6,43.9,303.0,2.3,3.6,122.0
2025-01-10T10:00,50.8,44.9,321.0,3.1,3.4,120.0
2025-01-10T11:00,51.6,45.6,346.0,4.2,3.3,119.0
2025-01-10T12:00,52.3,46.1,364.0,5.4,3.0,120.0
2025-01-10T13:00,46.8,41.0,370.0,5.3,2.8,119.0
2025-01-10T14:00,43.0,37.3,369.0,5.2,2.6,118.0
2025-01-10T15:00,41.4,35.7,365.0,5.1,2.4,117.0
2025-01-10T16:00,41.0,35.2,356.0,5.1,2.2,116.0
2025-01-10T17:00,40.7,34.8,343.0,5.2,2.1,115.0
2025-01-10T18:00,41.0,34.7,334.0,5.0,1.9,114.0
2025-01-10T19:00,39.6,33.4,331.0,4.3,1.7,114.0
2025-01-10T20:00,38.9,32.6,331.0,3.3,1.6,115.0
2025-01-10T21:00,37.3,31.1,331.0,2.5,1.5,115.0
2025-01-10T22:00,35.7,29.6,332.0,2.1,1.4,115.0
2025-01-10T23:00,36.7,30.3,333.0,2.0,1.4,114.0
2025-01-11T00:00,32.6,26.9,332.0,2.2,1.4,112.0
2025-01-11T01:00,31.5,25.8,330.0,2.7,1.8,112.0
2025-01-11T02:00,30.2,24.6,325.0,3.4,2.3,113.0
2025-01-11T03:00,28.4,22.9,317.0,3.7,2.7,113.0
2025-01-11T04:00,26.7,21.3,301.0,3.2,3.0,113.0
2025-01-11T05:00,26.1,20.7,281.0,2.3,3.3,113.0
2025-01-11T06:00,26.3,20.4,265.0,1.6,3.5,113.0
2025-01-11T07:00,26.2,20.1,255.0,1.3,3.4,111.0
2025-01-11T08:00,26.0,19.7,249.0,1.3,3.2,109.0
2025-01-11T09:00,25.7,19.4,245.0,1.6,3.1,107.0
2025-01-11T10:00,26.0,19.5,243.0,2.2,3.1,105.0
2025-01-11T11:00,26.3,19.5,242.0,3.1,3.1,104.0
2025-01-11T12:00,23.9,17.9,242.0,4.6,3.3,99.0
2025-01-11T13:00,24.9,18.8,242.0,5.0,3.0,99.0
2025-01-11T14:00,26.1,19.8,243.0,5.6,2.6,99.0
2025-01-11T15:00,27.2,20.9,243.0,6.0,2.2,99.0
2025-01-11T16:00,29.5,22.8,242.0,6.1,2.0,99.0
2025-01-11T17:00,31.7,24.7,241.0,6.0,1.9,99.0
2025-01-11T18:00,32.4,25.4,238.0,5.7,1.8,99.0
2025-01-11T19:00,32.0,25.3,232.0,5.0,1.7,98.0
2025-01-11T20:00,31.7,25.0,224.0,4.0,1.5,98.0
2025-01-11T21:00,31.1,24.6,220.0,3.2,1.4,97.0
2025-01-11T22:00,30.4,24.0,223.0,2.7,1.3,97.0
2025-01-11T23:00,29.8,23.5,229.0,2.4,1.3,97.0
2025-01-12T00:00,30.7,24.0,239.0,2.6,1.2,96.0
2025-01-12T01:00,33.1,25.8,255.0,3.8,1.3,95.0
2025-01-12T02:00,33.2,26.2,275.0,5.5,1.5,93.0
2025-01-12T03:00,32.7,26.0,286.0,6.4,1.8,93.0
2025-01-12T04:00,31.3,24.5,281.0,5.7,2.4,96.0
2025-01-12T05:00,27.9,21.5,266.0,4.2,3.1,100.0
2025-01-12T06:00,26.3,20.1,256.0,3.1,3.6,103.0
2025-01-12T07:00,25.3,19.4,254.0,2.7,3.6,102.0
2025-01-12T08:00,26.3,20.3,255.0,2.5,3.3,100.0
2025-01-12T09:00,27.1,20.8,258.0,2.8,3.0,98.0
2025-01-12T10:00,26.8,20.8,262.0,3.6,2.6,96.0
2025-01-12T11:00,27.9,21.8,266.0,4.8,2.2,94.0
2025-01-12T12:00,30.5,24.0,269.0,4.8,3.0,95.0
2025-01-12T13:00,29.9,23.7,269.0,5.0,2.7,94.0
2025-01-12T14:00,29.0,23.1,268.0,5.4,2.3,93.0
2025-01-12T15:00,27.6,22.0,264.0,5.5,1.9,93.0
2025-01-12T16:00,26.1,20.8,257.0,5.3,1.7,93.0
2025-01-12T17:00,23.9,19.0,248.0,5.0,1.5,94.0
2025-01-12T18:00,21.7,17.2,241.0,4.5,1.4,95.0
2025-01-12T19:00,18.2,14.5,239.0,3.7,1.3,95.0
2025-01-12T20:00,16.2,12.7,238.0,2.8,1.2,96.0
2025-01-12T21:00,13.2,10.4,240.0,2.1,1.2,96.0
2025-01-12T22:00,12.0,9.3,241.0,1.8,1.1,96.0
2025-01-12T23:00,11.6,8.9,245.0,1.8,1.1,96.0
2025-01-13T00:00,14.1,10.5,253.0,2.5,1.2,97.0
2025-01-13T01:00,15.1,11.3,274.0,3.4,1.5,99.0
2025-01-13T02:00,15.5,11.8,299.0,4.5,1.9,101.0
2025-01-13T03:00,16.1,12.0,315.0,5.2,2.3,103.0
2025-01-13T04:00,16.4,11.9,310.0,4.9,2.6,105.0
2025-01-13T05:00,17.2,12.4,294.0,4.2,2.8,106.0
2025-01-13T06:00,18.0,13.0,283.0,3.6,3.0,107.0
2025-01-13T07:00,19.0,13.6,282.0,3.2,3.0,108.0
2025-01-13T08:00,19.2,13.8,285.0,3.0,3.0,108.0
2025-01-13T09:00,19.7,14.1,292.0,3.1,2.9,108.0
2025-01-13T10:00,20.3,14.5,305.0,3.7,2.8,107.0
2025-01-13T11:00,21.0,15.0,322.0,4.7,2.6,106.0
2025-01-13T12:00,20.3,14.9,331.0,6.5,2.4,102.0
2025-01-13T13:00,21.0,15.4,327.0,6.3,2.4,102.0
2025-01-13T14:00,21.7,16.0,316.0,6.1,2.3,102.0
2025-01-13T15:00,22.4,16.6,306.0,6.1,2.2,101.0
2025-01-13T16:00,22.7,17.1,302.0,6.5,2.1,100.0
2025-01-13T17:00,22.7,17.1,301.0,7.0,1.9,98.0
2025-01-13T18:00,22.4,16.9,297.0,7.1,1.8,97.0
2025-01-13T19:00,21.7,16.2,288.0,6.3,1.7,98.0
2025-01-13T20:00,20.5,15.3,277.0,5.0,1.5,99.0
2025-01-13T21:00,19.4,14.4,271.0,3.9,1.4,100.0
2025-01-13T22:00,18.8,13.9,275.0,3.2,1.3,101.0
2025-01-13T23:00,18.4,13.5,283.0,2.8,1.2,101.0
2025-01-14T00:00,18.2,13.3,290.0,2.7,1.3,102.0
2025-01-14T01:00,18.6,13.7,293.0,3.2,1.6,103.0
2025-01-14T02:00,19.4,14.4,294.0,3.9,2.1,104.0
2025-01-14T03:00,19.8,14.4,292.0,4.1,2.5,106.0
2025-01-14T04:00,20.2,14.6,282.0,3.5,2.8,108.0
2025-01-14T05:00,20.4,14.8,268.0,2.6,3.1,110.0
2025-01-14T06:00,20.8,15.1,260.0,1.8,3.3,111.0
2025-01-14T07:00,21.0,15.4,261.0,1.4,3.2,110.0
2025-01-14T08:00,20.9,15.4,268.0,1.3,3.0,108.0
2025-01-14T09:00,21.0,15.5,275.0,1.5,2.8,106.0
2025-01-14T10:00,20.6,15.2,281.0,2.2,2.8,104.0
2025-01-14T11:00,20.1,14.7,287.0,3.2,2.8,102.0
2025-01-14T12:00,17.9,13.2,291.0,4.1,2.9,97.0
2025-01-14T13:00,18.1,13.4,294.0,4.5,2.7,98.0
2025-01-14T14:00,18.6,13.8,296.0,5.0,2.4,99.0
2025-01-14T15:00,19.2,14.4,295.0,5.3,2.1,100.0
2025-01-14T16:00,19.6,14.7,290.0,5.2,1.9,101.0
2025-01-14T17:00,19.8,15.0,283.0,4.8,1.7,103.0
2025-01-14T18:00,19.8,14.9,276.0,4.3,1.6,104.0
2025-01-14T19:00,19.3,14.4,269.0,3.6,1.5,105.0
2025-01-14T20:00,18.7,13.9,263.0,2.8,1.4,107.0
2025-01-14T21:00,18.3,13.6,259.0,2.2,1.3,108.0
2025-01-14T22:00,18.1,13.4,260.0,2.0,1.2,108.0
2025-01-14T23:00,18.3,13.6,264.0,2.0,1.2,109.0
2025-01-15T00:00,18.2,13.5,269.0,1.8,1.2,110.0
2025-01-15T01:00,19.1,14.2,276.0,2.4,1.5,111.0
2025-01-15T02:00,19.9,15.0,285.0,3.2,2.0,113.0
2025-01-15T03:00,20.3,15.1,288.0,3.5,2.4,115.0
2025-01-15T04:00,20.3,15.2,282.0,3.0,2.5,116.0
2025-01-15T05:00,20.7,15.6,271.0,2.1,2.6,117.0
2025-01-15T06:00,21.5,16.5,264.0,1.4,2.6,116.0
2025-01-15T07:00,22.7,17.6,264.0,1.2,2.6,113.0
2025-01-15T08:00,24.2,19.0,267.0,1.3,2.6,109.0
2025-01-15T09:00,25.9,20.7,270.0,1.6,2.6,106.0
2025-01-15T10:00,28.3,23.2,272.0,2.3,2.6,105.0
2025-01-15T11:00,30.9,25.6,275.0,3.3,2.5,104.0
2025-01-15T12:00,26.4,22.1,279.0,3.8,2.8,103.0
2025-01-15T13:00,29.6,25.2,286.0,4.1,3.2,106.0
2025-01-15T14:00,33.3,28.6,294.0,4.5,3.8,110.0
2025-01-15T15:00,36.8,31.9,299.0,4.7,4.3,114.0
2025-01-15T16:00,39.9,34.9,299.0,4.6,4.6,117.0
2025-01-15T17:00,42.5,37.4,297.0,4.4,4.8,121.0
2025-01-15T18:00,44.4,39.1,293.0,4.0,4.9,124.0
2025-01-15T19:00,46.4,40.9,286.0,3.4,4.9,127.0
2025-01-15T20:00,47.3,41.7,279.0,2.6,4.7,130.0
2025-01-15T21:00,47.8,42.3,277.0,2.1,4.6,132.0
2025-01-15T22:00,48.0,42.5,285.0,1.8,4.5,133.0
2025-01-15T23:00,48.0,42.5,300.0,1.7,4.4,134.0
2025-01-16T00:00,48.8,43.3,313.0,2.4,3.9,129.0
2025-01-16T01:00,49.4,43.9,323.0,3.5,4.2,130.0
2025-01-16T02:00,49.8,44.5,333.0,4.9,4.5,131.0
2025-01-16T03:00,48.9,43.4,340.0,5.5,4.8,132.0
2025-01-16T04:00,48.0,42.7,344.0,4.6,5.0,135.0
2025-01-16T05:00,47.6,42.4,346.0,3.0,5.2,138.0
2025-01-16T06:00,47.3,41.9,349.0,1.8,5.2,140.0
2025-01-16T07:00,47.1,41.8,354.0,1.4,5.1,139.0
2025-01-16T08:00,47.6,42.4,361.0,1.4,4.9,137.0
2025-01-16T09:00,48.9,43.5,368.0,1.7,4.7,135.0
2025-01-16T10:00,50.5,45.3,378.0,2.5,4.7,133.0
2025-01-16T11:00,52.4,47.5,390.0,3.7,4.6,131.0
2025-01-16T12:00,57.4,52.9,397.0,4.8,4.7,126.0
2025-01-16T13:00,60.1,55.5,397.0,5.5,4.6,125.0
2025-01-16T14:00,61.7,,392.0,6.5,4.4,123.0
2025-01-16T15:00,63.3,,386.0,7.2,4.2,121.0
2025-01-16T16:00,65.4,,380.0,7.3,4.1,120.0
2025-01-16T17:00,67.1,,372.0,7.0,4.0,118.0
2025-01-16T18:00,67.5,,362.0,6.4,3.8,118.0
2025-01-16T19:00,67.1,,347.0,5.3,3.5,119.0
2025-01-16T20:00,67.8,,330.0,4.0,3.2,120.0
2025-01-16T21:00,67.8,,320.0,3.0,3.0,121.0
2025-01-16T22:00,64.3,,322.0,2.4,2.9,121.0
2025-01-16T23:00,61.0,,331.0,2.2,3.0,122.0
2025-01-17T00:00,58.9,55.1,339.0,2.8,2.8,119.0
2025-01-17T01:00,57.6,54.0,344.0,4.2,3.0,119.0
2025-01-17T02:00,57.2,53.7,348.0,6.1,3.3,120.0
2025-01-17T03:00,56.9,53.4,347.0,6.9,3.7,123.0
2025-01-17T04:00,58.6,54.7,336.0,5.7,4.2,129.0
2025-01-17T05:00,58.4,54.5,320.0,3.5,4.8,137.0
2025-01-17T06:00,58.9,54.7,313.0,1.9,5.2,142.0
2025-01-17T07:00,58.9,54.6,323.0,1.4,5.1,143.0
2025-01-17T08:00,58.8,54.5,341.0,1.4,4.9,141.0
2025-01-17T09:00,58.2,53.9,356.0,1.8,4.6,139.0
2025-01-17T10:00,58.4,54.0,363.0,2.6,4.4,137.0
2025-01-17T11:00,58.0,53.8,366.0,3.7,4.3,134.0
2025-01-17T12:00,63.8,,370.0,4.5,4.2,131.0
2025-01-17T13:00,64.0,,375.0,5.0,4.3,130.0
2025-01-17T14:00,63.8,,380.0,5.7,4.4,128.0
2025-01-17T15:00,63.1,,383.0,6.0,4.6,127.0
2025-01-17T16:00,61.7,,385.0,5.8,4.8,127.0
2025-01-17T17:00,59.3,55.2,385.0,5.3,5.1,128.0
2025-01-17T18:00,56.6,52.3,373.0,4.7,5.1,128.0
2025-01-17T19:00,52.5,48.0,338.0,3.9,4.7,128.0
2025-01-17T20:00,48.8,44.1,292.0,2.9,4.2,127.0
2025-01-17T21:00,46.2,41.0,259.0,2.2,3.6,125.0
2025-01-17T22:00,42.8,37.7,254.0,1.9,3.1,122.0
2025-01-17T23:00,39.6,34.7,263.0,1.8,2.6,119.0
2025-01-18T00:00,36.2,31.7,271.0,2.2,2.1,115.0
2025-01-18T01:00,34.1,29.8,273.0,3.6,2.1,112.0
2025-01-18T02:00,32.1,28.1,273.0,5.5,2.0,107.0
2025-01-18T03:00,29.6,25.8,269.0,6.4,2.0,103.0
2025-01-18T04:00,27.4,23.5,257.0,5.4,2.1,102.0
2025-01-18T05:00,25.0,21.0,241.0,3.4,2.2,102.0
2025-01-18T06:00,22.1,18.4,230.0,1.9,2.3,101.0
2025-01-18T07:00,20.2,16.8,229.0,1.5,2.4,98.0
2025-01-18T08:00,19.3,15.8,233.0,1.6,2.5,94.0
2025-01-18T09:00,18.8,15.3,238.0,2.0,2.5,91.0
2025-01-18T10:00,19.5,15.7,242.0,2.9,2.4,88.0
2025-01-18T11:00,21.7,17.6,247.0,4.2,2.3,85.0
2025-01-18T12:00,31.4,26.0,249.0,5.6,2.4,83.0
2025-01-18T13:00,36.3,30.2,247.0,5.0,2.3,84.0
2025-01-18T14:00,44.2,37.1,242.0,4.2,2.1,86.0
2025-01-18T15:00,45.5,38.8,240.0,3.6,1.9,87.0
2025-01-18T16:00,44.6,38.3,242.0,3.4,1.7,88.0
2025-01-18T17:00,43.8,37.7,247.0,3.3,1.5,89.0
2025-01-18T18:00,41.9,36.3,249.0,3.2,1.3,90.0
2025-01-18T19:00,38.3,33.4,246.0,2.8,1.2,92.0
2025-01-18T20:00,34.7,30.4,241.0,2.3,1.2,95.0
2025-01-18T21:00,31.1,27.0,239.0,1.9,1.2,97.0
2025-01-18T22:00,27.1,23.5,242.0,1.7,1.2,97.0
2025-01-18T23:00,23.5,20.3,248.0,1.7,1.1,97.0
2025-01-19T00:00,29.0,24.6,258.0,1.7,1.2,104.0
2025-01-19T01:00,30.4,25.8,276.0,2.8,1.4,106.0
2025-01-19T02:00,32.1,27.5,298.0,4.3,1.7,108.0
2025-01-19T03:00,32.5,27.8,314.0,5.0,1.9,110.0
2025-01-19T04:00,33.8,28.8,319.0,4.3,2.0,112.0
2025-01-19T05:00,34.3,29.3,318.0,2.9,2.1,114.0
2025-01-19T06:00,38.4,32.7,317.0,1.8,2.2,115.0
2025-01-19T07:00,36.0,30.5,318.0,1.5,2.2,114.0
2025-01-19T08:00,34.6,29.3,319.0,1.5,2.1,113.0
2025-01-19T09:00,34.6,29.3,322.0,1.7,2.1,111.0
2025-01-19T10:00,34.6,29.3,330.0,2.2,2.3,110.0
2025-01-19T11:00,34.8,29.5,340.0,3.0,2.7,109.0
2025-01-19T12:00,33.2,28.4,349.0,3.8,2.9,107.0
2025-01-19T13:00,33.5,28.7,357.0,4.1,3.0,108.0
2025-01-19T14:00,33.9,29.0,364.0,4.5,3.0,108.0
2025-01-19T15:00,34.1,29.2,367.0,4.9,3.1,109.0
2025-01-19T16:00,34.1,29.2,365.0,5.2,3.1,109.0
2025-01-19T17:00,34.3,29.4,359.0,5.4,3.1,109.0
2025-01-19T18:00,34.7,29.6,351.0,5.3,3.1,109.0
2025-01-19T19:00,34.7,29.7,338.0,4.8,3.0,109.0
2025-01-19T20:00,34.7,29.8,323.0,3.9,3.0,109.0
2025-01-19T21:00,34.2,29.6,316.0,3.3,2.9,110.0
2025-01-19T22:00,34.2,29.7,320.0,2.9,2.9,111.0
2025-01-19T23:00,34.3,29.8,331.0,2.6,2.9,112.0
2025-01-20T00:00,34.2,29.6,348.0,3.2,2.8,109.0
2025-01-20T01:00,34.8,30.3,382.0,4.0,3.2,111.0
2025-01-20T02:00,35.9,31.3,423.0,5.1,3.7,113.0
2025-01-20T03:00,35.6,31.1,438.0,5.5,4.1,116.0
2025-01-20T04:00,36.4,31.8,403.0,4.6,4.4,121.0
2025-01-20T05:00,36.8,32.1,343.0,3.0,4.6,127.0
2025-01-20T06:00,37.7,33.1,300.0,1.8,4.7,131.0
2025-01-20T07:00,38.8,34.1,292.0,1.4,4.6,132.0
2025-01-20T08:00,39.5,34.8,302.0,1.3,4.3,132.0
2025-01-20T09:00,40.2,35.5,316.0,1.6,4.2,132.0
2025-01-20T10:00,40.6,36.1,335.0,2.2,4.4,132.0
2025-01-20T11:00,41.2,36.7,358.0,3.2,4.7,132.0
2025-01-20T12:00,47.0,43.4,377.0,4.5,4.8,131.0
2025-01-20T13:00,47.5,44.0,389.0,5.1,4.9,131.0
2025-01-20T14:00,47.5,44.0,396.0,5.9,5.1,130.0
2025-01-20T15:00,46.4,43.1,396.0,6.5,5.2,129.0
2025-01-20T16:00,44.9,41.3,384.0,6.7,5.3,127.0
2025-01-20T17:00,44.6,40.2,364.0,6.8,5.4,124.0
2025-01-20T18:00,42.1,37.7,345.0,6.5,5.3,121.0
2025-01-20T19:00,39.6,35.2,329.0,5.7,4.9,119.0
2025-01-20T20:00,37.5,33.1,315.0,4.7,4.3,116.0
2025-01-20T21:00,36.0,31.7,307.0,3.9,3.8,114.0
2025-01-20T22:00,35.0,30.7,311.0,3.5,3.5,112.0
2025-01-20T23:00,34.8,30.5,323.0,3.5,3.4,110.0
2025-01-21T00:00,33.9,29.6,331.0,3.4,3.5,111.0
2025-01-21T01:00,34.2,29.9,335.0,4.6,3.7,111.0
2025-01-21T02:00,35.5,31.2,336.0,6.1,3.9,112.0
2025-01-21T03:00,35.3,31.0,330.0,6.7,4.3,115.0
2025-01-21T04:00,33.9,29.3,310.0,5.5,4.8,122.0
2025-01-21T05:00,33.1,28.5,282.0,3.4,5.5,131.0
2025-01-21T06:00,33.9,29.4,264.0,1.9,5.9,137.0
2025-01-21T07:00,34.7,30.3,264.0,1.4,6.0,139.0
2025-01-21T08:00,35.0,31.0,273.0,1.4,6.0,138.0
2025-01-21T09:00,34.3,31.1,285.0,1.9,5.9,136.0
2025-01-21T10:00,35.4,32.2,295.0,2.9,6.0,133.0
2025-01-21T11:00,36.7,33.4,307.0,4.2,6.0,130.0
2025-01-21T12:00,38.5,35.4,324.0,6.0,5.7,127.0
2025-01-21T13:00,39.8,36.7,355.0,7.1,5.3,125.0
2025-01-21T14:00,40.9,37.8,391.0,8.6,4.8,122.0
2025-01-21T15:00,41.8,38.6,414.0,9.5,4.4,120.0
2025-01-21T16:00,42.4,39.2,413.0,9.4,4.2,119.0
2025-01-21T17:00,42.7,39.6,399.0,8.8,4.2,118.0
2025-01-21T18:00,42.7,39.5,385.0,8.0,4.1,118.0
2025-01-21T19:00,42.5,39.2,376.0,7.0,3.9,117.0
2025-01-21T20:00,42.5,39.1,367.0,5.7,3.7,117.0
2025-01-21T21:00,42.8,39.3,363.0,4.8,3.6,116.0
2025-01-21T22:00,43.0,39.3,366.0,4.2,3.5,114.0
2025-01-21T23:00,42.8,39.2,373.0,4.0,3.5,113.0
2025-01-22T00:00,40.9,37.4,384.0,3.8,3.4,112.0
2025-01-22T01:00,40.4,36.9,408.0,5.1,3.5,111.0
2025-01-22T02:00,40.4,36.9,436.0,6.9,3.8,110.0
2025-01-22T03:00,41.3,36.8,437.0,7.6,4.0,110.0
2025-01-22T04:00,39.5,34.8,386.0,6.2,4.3,114.0
2025-01-22T05:00,36.7,31.9,308.0,3.8,4.6,120.0
2025-01-22T06:00,34.3,29.6,250.0,2.0,4.8,123.0
2025-01-22T07:00,32.8,28.1,234.0,1.4,4.6,122.0
2025-01-22T08:00,31.5,26.9,239.0,1.4,4.3,119.0
2025-01-22T09:00,30.5,25.8,245.0,1.8,4.0,115.0
2025-01-22T10:00,29.5,24.9,246.0,2.5,3.8,111.0
2025-01-22T11:00,28.6,23.9,248.0,3.6,3.6,107.0
2025-01-22T12:00,33.3,28.1,253.0,5.1,3.9,104.0
2025-01-22T13:00,32.4,27.4,264.0,6.5,3.5,101.0
2025-01-22T14:00,31.7,26.7,279.0,8.4,2.9,97.0
2025-01-22T15:00,30.9,25.9,287.0,9.8,2.5,94.0
2025-01-22T16:00,30.3,25.2,287.0,10.4,2.3,92.0
2025-01-22T17:00,29.7,24.6,281.0,10.6,2.3,91.0
2025-01-22T18:00,29.0,23.8,269.0,10.4,2.3,90.0
2025-01-22T19:00,28.1,22.9,245.0,9.8,2.2,90.0
2025-01-22T20:00,27.4,22.2,215.0,8.9,2.2,90.0
2025-01-22T21:00,27.1,22.0,195.0,8.2,2.1,90.0
2025-01-22T22:00,27.3,22.2,188.0,8.0,2.1,88.0
2025-01-22T23:00,27.6,22.6,191.0,8.0,2.1,85.0
2025-01-23T00:00,26.8,21.9,209.0,8.3,2.1,83.0
2025-01-23T01:00,25.8,21.4,262.0,8.7,2.1,83.0
2025-01-23T02:00,25.4,21.3,330.0,9.2,2.1,84.0
2025-01-23T03:00,24.3,20.4,361.0,8.9,2.3,86.0
2025-01-23T04:00,23.3,18.8,320.0,7.0,2.9,91.0
2025-01-23T05:00,20.5,16.1,242.0,4.3,3.7,97.0
2025-01-23T06:00,20.1,15.6,184.0,2.3,4.3,101.0
2025-01-23T07:00,20.1,15.5,170.0,1.6,4.5,101.0
2025-01-23T08:00,19.8,15.3,176.0,1.5,4.5,100.0
2025-01-23T09:00,19.6,15.1,184.0,1.9,4.5,97.0
2025-01-23T10:00,19.5,15.0,187.0,2.8,4.6,94.0
2025-01-23T11:00,19.3,14.8,192.0,4.1,4.7,90.0
2025-01-23T12:00,23.7,18.3,198.0,5.8,4.7,86.0
2025-01-23T13:00,23.9,18.6,207.0,7.3,4.1,84.0
2025-01-23T14:00,24.4,19.0,218.0,9.3,3.3,80.0
2025-01-23T15:00,24.8,19.3,224.0,10.7,2.6,78.0
2025-01-23T16:00,25.5,19.7,222.0,11.1,2.3,77.0
2025-01-23T17:00,26.1,20.2,216.0,10.9,2.1,77.0
2025-01-23T18:00,26.6,20.4,211.0,10.3,2.0,78.0
2025-01-23T19:00,26.5,20.2,207.0,9.0,1.8,79.0
2025-01-23T20:00,26.1,19.9,204.0,7.4,1.5,80.0
2025-01-23T21:00,25.4,19.5,202.0,6.1,1.4,81.0
2025-01-23T22:00,25.2,19.5,200.0,5.5,1.4,81.0
2025-01-23T23:00,25.4,19.8,200.0,5.4,1.5,81.0
2025-01-24T00:00,23.9,18.7,207.0,4.9,1.4,82.0
2025-01-24T01:00,24.0,19.3,229.0,5.7,1.5,82.0
2025-01-24T02:00,25.0,20.5,258.0,6.7,1.7,83.0
2025-01-24T03:00,25.6,21.1,273.0,7.0,2.0,86.0
2025-01-24T04:00,26.1,21.3,258.0,5.7,2.6,92.0
2025-01-24T05:00,25.1,20.5,229.0,3.6,3.3,100.0
2025-01-24T06:00,24.6,20.2,208.0,2.0,3.8,105.0
2025-01-24T07:00,24.2,20.0,205.0,1.4,3.9,106.0
2025-01-24T08:00,24.0,20.0,211.0,1.4,3.9,105.0
2025-01-24T09:00,24.2,20.2,217.0,1.8,3.9,103.0
2025-01-24T10:00,24.3,20.4,217.0,2.7,4.1,100.0
2025-01-24T11:00,24.4,20.4,218.0,4.0,4.3,97.0
2025-01-24T12:00,27.9,23.7,233.0,5.9,4.3,92.0
2025-01-24T13:00,28.8,24.7,269.0,7.5,3.8,89.0
2025-01-24T14:00,29.5,25.4,319.0,9.7,3.1,86.0
2025-01-24T15:00,30.3,26.1,371.0,11.4,2.6,83.0
2025-01-24T16:00,31.3,27.1,436.0,12.4,2.5,82.0
2025-01-24T17:00,32.8,28.4,,12.9,2.6,82.0
2025-01-24T18:00,34.1,29.5,,12.9,2.6,82.0
2025-01-24T19:00,34.5,29.8,474.0,12.3,2.5,82.0
2025-01-24T20:00,34.9,30.3,378.0,11.1,2.3,82.0
2025-01-24T21:00,35.3,30.6,303.0,10.0,2.2,82.0
2025-01-24T22:00,35.2,30.5,276.0,8.9,2.1,82.0
2025-01-24T23:00,34.8,30.3,270.0,7.8,2.0,82.0
2025-01-25T00:00,32.2,28.2,271.0,6.5,1.7,85.0
2025-01-25T01:00,31.7,27.7,280.0,7.0,1.8,85.0
2025-01-25T02:00,31.9,28.0,295.0,7.7,1.9,86.0
2025-01-25T03:00,31.8,27.8,299.0,7.6,2.1,88.0
2025-01-25T04:00,31.4,27.0,279.0,6.0,2.5,94.0
2025-01-25T05:00,30.9,26.2,249.0,3.6,3.1,102.0
2025-01-25T06:00,31.2,26.4,226.0,1.8,3.5,107.0
2025-01-25T07:00,31.9,27.0,220.0,1.2,3.6,107.0
2025-01-25T08:00,32.8,27.8,221.0,1.3,3.6,105.0
2025-01-25T09:00,33.5,28.4,225.0,1.7,3.7,102.0
2025-01-25T10:00,33.8,28.6,228.0,2.3,4.0,99.0
2025-01-25T11:00,33.5,28.6,234.0,3.1,4.3,95.0
2025-01-25T12:00,28.8,24.7,241.0,4.1,3.9,93.0
2025-01-25T13:00,29.0,25.3,250.0,5.2,3.4,91.0
2025-01-25T14:00,29.6,25.8,262.0,6.8,2.7,87.0
2025-01-25T15:00,31.0,26.7,274.0,8.3,2.2,84.0
2025-01-25T16:00,32.2,27.6,288.0,9.5,2.1,82.0
2025-01-25T17:00,33.3,28.5,302.0,10.5,2.3,80.0
2025-01-25T18:00,34.7,29.8,314.0,11.3,2.4,79.0
2025-01-25T19:00,35.9,31.1,321.0,11.8,2.4,77.0
2025-01-25T20:00,36.6,31.9,324.0,11.9,2.4,76.0
2025-01-25T21:00,37.3,32.8,327.0,11.7,2.3,75.0
2025-01-25T22:00,38.2,33.8,323.0,10.7,2.1,75.0
2025-01-25T23:00,38.4,34.0,317.0,9.4,1.8,76.0
2025-01-26T00:00,37.0,32.8,332.0,9.6,2.1,77.0
2025-01-26T01:00,36.2,32.2,398.0,9.7,2.0,78.0
2025-01-26T02:00,36.4,32.7,,9.7,1.9,79.0
2025-01-26T03:00,35.2,31.5,,9.1,2.2,82.0
2025-01-26T04:00,30.7,26.8,450.0,7.3,3.3,89.0
2025-01-26T05:00,28.6,24.7,330.0,4.8,4.8,97.0
2025-01-26T06:00,27.6,24.0,242.0,2.9,5.9,103.0
2025-01-26T07:00,27.1,23.5,224.0,2.1,6.1,105.0
2025-01-26T08:00,26.5,22.9,237.0,1.9,5.8,104.0
2025-01-26T09:00,26.1,22.5,252.0,2.1,5.5,102.0
2025-01-26T10:00,25.8,22.3,258.0,2.6,5.5,100.0
2025-01-26T11:00,25.9,22.2,265.0,3.4,5.6,96.0
2025-01-26T12:00,27.8,23.9,272.0,4.6,5.1,95.0
2025-01-26T13:00,29.3,25.4,279.0,7.2,4.6,91.0
2025-01-26T14:00,31.1,27.0,287.0,10.7,4.0,86.0
2025-01-26T15:00,32.7,28.5,296.0,13.4,3.5,82.0
2025-01-26T16:00,34.2,29.8,312.0,14.4,3.3,81.0
2025-01-26T17:00,36.0,31.4,329.0,14.5,3.3,81.0
2025-01-26T18:00,37.7,33.2,336.0,14.1,3.2,81.0
2025-01-26T19:00,38.4,34.2,318.0,13.1,3.0,82.0
2025-01-26T20:00,38.0,34.5,288.0,11.6,2.7,84.0
2025-01-26T21:00,38.2,34.8,278.0,10.2,2.5,85.0
2025-01-26T22:00,38.5,35.2,302.0,8.9,2.3,86.0
2025-01-26T23:00,38.6,35.4,346.0,7.7,2.2,87.0
2025-01-27T00:00,39.2,36.2,393.0,8.4,2.5,89.0
2025-01-27T01:00,39.3,36.3,453.0,8.6,2.6,90.0
2025-01-27T02:00,40.0,37.1,,8.9,2.7,93.0
2025-01-27T03:00,38.8,36.0,,8.5,3.2,97.0
2025-01-27T04:00,38.4,35.5,478.0,6.9,4.3,106.0
2025-01-27T05:00,39.2,36.3,378.0,4.6,5.7,116.0
2025-01-27T06:00,39.3,36.6,302.0,2.9,6.5,124.0
2025-01-27T07:00,39.6,36.9,278.0,2.1,6.3,127.0
2025-01-27T08:00,39.7,37.1,278.0,1.7,5.6,127.0
2025-01-27T09:00,39.7,37.1,283.0,2.0,5.1,126.0
2025-01-27T10:00,39.8,37.4,287.0,2.9,5.0,123.0
2025-01-27T11:00,40.2,37.6,295.0,4.5,5.1,118.0
2025-01-27T12:00,43.9,41.2,305.0,4.9,5.5,114.0
2025-01-27T13:00,45.2,42.6,314.0,6.9,4.9,110.0
2025-01-27T14:00,46.6,44.0,325.0,9.6,4.1,105.0
2025-01-27T15:00,48.0,45.3,337.0,11.6,3.5,102.0
2025-01-27T16:00,49.4,46.7,355.0,12.4,3.3,102.0
2025-01-27T17:00,51.0,48.2,374.0,12.5,3.2,105.0
2025-01-27T18:00,52.3,49.5,384.0,12.2,3.2,107.0
2025-01-27T19:00,53.3,50.5,371.0,11.4,3.2,110.0
2025-01-27T20:00,54.6,51.8,348.0,10.3,3.3,112.0
2025-01-27T21:00,56.2,53.3,341.0,9.5,3.4,114.0
2025-01-27T22:00,58.0,55.2,361.0,9.2,3.6,114.0
2025-01-27T23:00,59.8,,398.0,9.1,3.8,113.0
2025-01-28T00:00,60.3,,439.0,11.8,4.3,106.0
2025-01-28T01:00,61.0,,,12.3,4.5,107.0
2025-01-28T02:00,61.7,,,12.8,4.7,108.0
2025-01-28T03:00,57.5,55.2,,12.2,5.2,112.0
2025-01-28T04:00,54.6,52.2,,9.6,6.3,122.0
2025-01-28T05:00,52.7,50.3,414.0,5.9,7.6,134.0
2025-01-28T06:00,52.0,49.7,332.0,3.1,8.3,142.0
2025-01-28T07:00,51.1,48.8,304.0,2.0,7.8,143.0
2025-01-28T08:00,50.5,48.1,302.0,1.8,6.7,140.0
2025-01-28T09:00,49.7,47.4,305.0,2.0,5.7,136.0
2025-01-28T10:00,48.8,46.3,311.0,2.5,5.2,132.0
2025-01-28T11:00,47.8,45.4,323.0,3.4,4.8,126.0
2025-01-28T12:00,53.4,50.9,330.0,5.5,4.9,119.0
2025-01-28T13:00,53.7,51.1,327.0,6.4,4.3,116.0
2025-01-28T14:00,53.8,51.2,320.0,7.7,3.4,111.0
2025-01-28T15:00,54.0,51.3,312.0,8.8,2.8,108.0
2025-01-28T16:00,54.4,51.6,307.0,9.5,2.6,106.0
2025-01-28T17:00,55.2,52.3,303.0,10.0,2.7,106.0
2025-01-28T18:00,55.5,52.5,295.0,10.1,2.7,106.0
2025-01-28T19:00,56.3,53.1,279.0,9.4,2.6,107.0
2025-01-28T20:00,56.6,53.2,260.0,8.3,2.5,109.0
2025-01-28T21:00,56.8,53.3,248.0,7.4,2.5,110.0
2025-01-28T22:00,57.3,53.7,249.0,7.0,2.6,110.0
2025-01-28T23:00,58.6,54.8,257.0,6.8,2.7,110.0
2025-01-29T00:00,55.3,51.7,269.0,4.9,2.3,113.0
2025-01-29T01:00,56.6,52.9,289.0,6.7,2.5,111.0
2025-01-29T02:00,56.1,52.6,312.0,9.1,2.7,109.0
2025-01-29T03:00,53.1,49.7,322.0,10.1,3.1,110.0
2025-01-29T04:00,50.3,46.8,307.0,8.2,3.7,116.0
2025-01-29T05:00,45.8,42.5,278.0,4.8,4.3,125.0
2025-01-29T06:00,43.3,40.2,257.0,2.2,4.7,131.0
2025-01-29T07:00,41.2,38.3,251.0,1.4,4.6,132.0
2025-01-29T08:00,40.6,37.8,253.0,1.4,4.3,130.0
2025-01-29T09:00,40.5,37.6,254.0,1.7,4.0,127.0
2025-01-29T10:00,40.6,37.6,252.0,2.1,4.0,124.0
2025-01-29T11:00,41.2,38.1,249.0,2.9,4.0,120.0
2025-01-29T12:00,36.0,33.1,253.0,3.7,3.7,116.0
2025-01-29T13:00,36.9,33.9,270.0,5.4,3.4,112.0
2025-01-29T14:00,37.3,34.2,292.0,7.8,2.9,106.0
2025-01-29T15:00,36.8,33.8,304.0,9.5,2.5,101.0
2025-01-29T16:00,36.1,32.9,294.0,10.1,2.4,98.0
2025-01-29T17:00,35.5,32.4,272.0,10.0,2.4,95.0
2025-01-29T18:00,34.9,31.7,256.0,9.4,2.3,93.0
2025-01-29T19:00,34.3,30.9,249.0,8.1,2.1,92.0
2025-01-29T20:00,34.0,30.3,247.0,6.3,1.9,93.0
2025-01-29T21:00,34.1,30.3,252.0,4.8,1.7,93.0
2025-01-29T22:00,34.2,30.3,263.0,3.9,1.6,93.0
2025-01-29T23:00,32.6,29.0,283.0,3.4,1.6,92.0
2025-01-30T00:00,31.9,28.6,318.0,3.6,1.8,91.0
2025-01-30T01:00,32.2,28.8,394.0,4.7,1.9,91.0
2025-01-30T02:00,31.8,28.7,,6.1,2.1,91.0
2025-01-30T03:00,30.6,27.9,,6.7,2.6,92.0
2025-01-30T04:00,29.6,27.0,471.0,5.8,3.6,97.0
2025-01-30T05:00,27.2,24.8,363.0,4.2,4.8,104.0
2025-01-30T06:00,25.1,22.8,281.0,3.0,5.8,108.0
2025-01-30T07:00,24.6,22.3,258.0,2.6,6.3,108.0
2025-01-30T08:00,24.4,22.1,260.0,2.7,6.6,107.0
2025-01-30T09:00,24.0,21.7,265.0,3.0,6.8,104.0
2025-01-30T10:00,24.2,21.5,268.0,3.5,7.0,100.0
2025-01-30T11:00,24.1,21.1,274.0,4.3,7.0,96.0
2025-01-30T12:00,27.6,24.5,274.0,5.8,7.7,94.0
2025-01-30T13:00,28.5,25.3,261.0,6.4,6.2,91.0
2025-01-30T14:00,28.4,25.0,242.0,7.1,4.2,86.0
2025-01-30T15:00,28.2,24.6,228.0,7.6,2.6,82.0
2025-01-30T16:00,28.0,24.3,226.0,7.5,2.0,80.0
2025-01-30T17:00,27.9,24.2,229.0,7.2,1.8,78.0
2025-01-30T18:00,27.8,23.9,233.0,6.8,1.7,77.0
2025-01-30T19:00,27.5,23.5,229.0,6.4,1.6,77.0
2025-01-30T20:00,27.3,23.1,225.0,6.0,1.6,77.0
2025-01-30T21:00,27.3,23.1,238.0,5.9,1.6,76.0
2025-01-30T22:00,27.5,23.3,282.0,6.2,1.7,74.0
2025-01-30T23:00,28.1,24.2,343.0,6.8,1.9,70.0
2025-01-31T00:00,26.8,23.1,394.0,7.2,2.1,70.0
2025-01-31T01:00,27.5,24.0,433.0,7.6,2.1,71.0
2025-01-31T02:00,27.8,24.4,461.0,8.0,2.1,72.0
2025-01-31T03:00,23.5,20.0,457.0,7.9,2.7,74.0
2025-01-31T04:00,20.7,17.3,395.0,6.8,4.3,77.0
2025-01-31T05:00,19.7,16.3,300.0,5.3,6.5,80.0
2025-01-31T06:00,19.0,15.5,230.0,4.0,8.0,82.0
2025-01-31T07:00,18.6,15.1,211.0,3.3,8.2,83.0
2025-01-31T08:00,18.3,14.8,217.0,3.0,7.7,82.0
2025-01-31T09:00,17.9,14.5,226.0,3.0,7.2,80.0
2025-01-31T10:00,17.2,13.9,232.0,3.3,6.9,76.0
2025-01-31T11:00,16.4,13.1,241.0,4.0,6.5,71.0
2025-01-31T12:00,16.8,13.4,246.0,5.3,6.8,66.0
2025-01-31T13:00,16.1,12.7,244.0,6.2,5.8,64.0
2025-01-31T14:00,15.5,12.3,238.0,7.5,4.3,60.0
2025-01-31T15:00,15.5,12.4,235.0,8.5,3.2,58.0
2025-01-31T16:00,15.9,12.7,238.0,8.9,2.6,57.0
2025-01-31T17:00,16.4,13.1,244.0,8.9,2.4,58.0
2025-01-31T18:00,17.0,13.6,246.0,8.8,2.2,58.0
2025-01-31T19:00,17.2,13.6,238.0,8.5,2.1,59.0
2025-01-31T20:00,17.6,13.9,227.0,8.1,2.0,60.0
2025-01-31T21:00,18.2,14.5,229.0,8.0,2.0,60.0
2025-01-31T22:00,19.8,15.9,257.0,8.6,1.8,58.0
2025-01-31T23:00,23.1,19.0,298.0,9.6,1.7,55.0
