time,pm10 (μg/m³),pm2_5 (μg/m³),carbon_monoxide (μg/m³),nitrogen_dioxide (μg/m³),sulphur_dioxide (μg/m³),ozone (μg/m³)
2022-09-01T00:00,26.8,18.2,209.0,,,11.0
2022-09-01T01:00,27.3,18.6,206.0,,,15.0
2022-09-01T02:00,26.0,17.7,201.0,,,20.0
2022-09-01T03:00,23.9,16.2,191.0,,,27.0
2022-09-01T04:00,21.7,14.6,177.0,16.5,,31.0
2022-09-01T05:00,19.4,12.9,160.0,12.6,22.5,36.0
2022-09-01T06:00,18.3,12.0,141.0,8.6,11.6,40.0
2022-09-01T07:00,18.2,12.0,134.0,6.7,7.9,42.0
2022-09-01T08:00,17.4,11.5,131.0,5.6,6.4,44.0
2022-09-01T09:00,15.7,10.3,127.0,4.4,5.1,45.0
2022-09-01T10:00,12.6,8.1,120.0,3.7,3.6,44.0
2022-09-01T11:00,10.6,6.6,113.0,3.2,2.4,43.0
2022-09-01T12:00,15.9,10.7,136.0,7.8,6.8,43.0
2022-09-01T13:00,15.3,10.2,136.0,8.1,6.5,42.0
2022-09-01T14:00,14.5,9.6,136.0,8.4,6.1,41.0
2022-09-01T15:00,13.7,9.0,136.0,8.6,5.6,39.0
2022-09-01T16:00,13.2,8.7,134.0,8.3,4.2,39.0
2022-09-01T17:00,12.8,8.4,132.0,7.8,2.7,39.0
2022-09-01T18:00,12.9,8.4,133.0,8.8,4.9,37.0
2022-09-01T19:00,13.9,9.2,139.0,11.9,12.6,34.0
2022-09-01T20:00,16.0,10.7,148.0,16.2,23.6,29.0
2022-09-01T21:00,18.6,12.6,166.0,,,23.0
2022-09-01T22:00,22.2,15.1,185.0,,,19.0
2022-09-01T23:00,26.3,18.0,208.0,,,14.0
2022-09-02T00:00,32.9,22.4,238.0,,,16.0
2022-09-02T01:00,33.4,22.8,243.0,,,21.0
2022-09-02T02:00,33.9,23.2,249.0,,,28.0
2022-09-02T03:00,34.0,23.2,251.0,,,43.0
2022-09-02T04:00,34.1,23.4,244.0,16.5,,61.0
2022-09-02T05:00,35.7,24.4,231.0,10.4,,84.0
2022-09-02T06:00,37.1,25.3,213.0,4.1,18.3,107.0
2022-09-02T07:00,35.6,24.2,200.0,1.9,13.1,113.0
2022-09-02T08:00,31.7,21.2,186.0,1.2,8.3,114.0
2022-09-02T09:00,27.7,18.3,170.0,1.0,3.8,112.0
2022-09-02T10:00,24.8,15.9,160.0,0.7,2.3,111.0
2022-09-02T11:00,23.6,14.8,151.0,0.6,2.2,108.0
2022-09-02T12:00,22.5,14.0,140.0,1.5,2.7,95.0
2022-09-02T13:00,21.8,13.2,136.0,1.8,2.7,91.0
2022-09-02T14:00,21.2,12.7,131.0,2.2,2.8,86.0
2022-09-02T15:00,21.4,12.8,128.0,5.0,4.7,77.0
2022-09-02T16:00,19.8,11.9,131.0,10.5,8.4,67.0
2022-09-02T17:00,19.0,11.6,137.0,,13.6,54.0
2022-09-02T18:00,19.0,11.8,146.0,,20.9,41.0
2022-09-02T19:00,19.0,12.1,153.0,,,37.0
2022-09-02T20:00,20.1,13.1,162.0,,,36.0
2022-09-02T21:00,22.1,14.6,174.0,,,34.0
2022-09-02T22:00,24.3,16.4,184.0,,,30.0
2022-09-02T23:00,27.4,18.6,196.0,,,26.0
2022-09-03T00:00,22.5,15.2,194.0,,,34.0
2022-09-03T01:00,23.4,15.9,205.0,,,37.0
2022-09-03T02:00,24.7,16.9,219.0,,,41.0
2022-09-03T03:00,27.9,19.3,236.0,,,51.0
2022-09-03T04:00,33.5,23.2,242.0,,,66.0
2022-09-03T05:00,42.0,29.2,245.0,14.1,,84.0
2022-09-03T06:00,50.2,34.7,246.0,10.4,,108.0
2022-09-03T07:00,56.6,39.1,247.0,8.6,,123.0
2022-09-03T08:00,51.2,35.2,246.0,7.4,,137.0
2022-09-03T09:00,52.2,35.5,239.0,6.0,,149.0
2022-09-03T10:00,50.4,33.8,226.0,4.6,,150.0
2022-09-03T11:00,46.1,30.3,209.0,3.2,21.9,146.0
2022-09-03T12:00,49.7,32.6,196.0,4.3,17.5,135.0
2022-09-03T13:00,47.4,30.7,185.0,4.7,14.0,123.0
2022-09-03T14:00,40.6,26.2,169.0,5.3,9.1,106.0
2022-09-03T15:00,33.1,21.2,158.0,9.1,6.5,84.0
2022-09-03T16:00,28.9,18.6,165.0,16.5,11.1,69.0
2022-09-03T17:00,27.0,17.9,180.0,,19.2,53.0
2022-09-03T18:00,28.8,19.6,199.0,,,38.0
2022-09-03T19:00,31.1,21.3,208.0,,,32.0
2022-09-03T20:00,33.1,22.8,215.0,,,30.0
2022-09-03T21:00,34.9,24.1,223.0,,,29.0
2022-09-03T22:00,36.3,25.2,226.0,,,28.0
2022-09-03T23:00,37.4,26.0,228.0,,,29.0
2022-09-04T00:00,23.6,16.1,173.0,15.8,25.0,53.0
2022-09-04T01:00,21.6,14.8,177.0,14.4,23.1,55.0
2022-09-04T02:00,21.3,14.6,182.0,12.3,20.4,58.0
2022-09-04T03:00,22.7,15.7,190.0,9.5,16.5,67.0
2022-09-04T04:00,25.8,17.9,196.0,7.4,13.2,79.0
2022-09-04T05:00,31.0,21.5,203.0,5.3,9.9,94.0
2022-09-04T06:00,37.0,25.7,210.0,3.2,7.1,113.0
2022-09-04T07:00,42.1,29.3,214.0,2.8,7.7,124.0
2022-09-04T08:00,46.4,32.1,217.0,2.8,9.8,134.0
2022-09-04T09:00,48.2,33.3,218.0,3.2,12.3,142.0
2022-09-04T10:00,46.3,31.8,216.0,3.2,13.2,144.0
2022-09-04T11:00,42.5,28.7,212.0,3.3,13.8,144.0
2022-09-04T12:00,32.4,21.0,191.0,3.8,15.8,133.0
2022-09-04T13:00,32.7,20.5,183.0,2.8,12.8,128.0
2022-09-04T14:00,31.4,19.2,171.0,1.3,8.6,120.0
2022-09-04T15:00,32.7,19.9,160.0,2.0,5.1,108.0
2022-09-04T16:00,31.4,19.3,158.0,6.9,5.9,97.0
2022-09-04T17:00,30.0,18.6,160.0,14.1,8.6,85.0
2022-09-04T18:00,29.7,18.9,166.0,,12.9,71.0
2022-09-04T19:00,28.6,18.8,173.0,,16.4,63.0
2022-09-04T20:00,27.5,18.5,181.0,,20.2,55.0
2022-09-04T21:00,28.1,19.2,191.0,,24.3,50.0
2022-09-04T22:00,28.2,19.4,195.0,,,51.0
2022-09-04T23:00,28.8,19.8,197.0,,,54.0
2022-09-05T00:00,28.8,20.0,196.0,14.9,,61.0
2022-09-05T01:00,31.0,21.6,205.0,14.2,24.8,63.0
2022-09-05T02:00,32.5,22.6,218.0,13.2,21.0,67.0
2022-09-05T03:00,33.3,23.3,230.0,11.4,17.8,76.0
2022-09-05T04:00,34.3,24.0,231.0,9.4,18.3,89.0
2022-09-05T05:00,37.1,25.8,227.0,7.2,20.2,107.0
2022-09-05T06:00,41.2,28.6,220.0,4.6,22.3,126.0
2022-09-05T07:00,41.2,28.5,214.0,3.3,22.9,135.0
2022-09-05T08:00,38.5,26.4,206.0,2.5,23.0,141.0
2022-09-05T09:00,38.5,26.1,192.0,1.8,21.0,143.0
2022-09-05T10:00,36.3,24.3,176.0,1.2,16.5,137.0
2022-09-05T11:00,31.9,20.7,158.0,0.7,10.2,126.0
2022-09-05T12:00,43.0,26.8,171.0,3.5,21.0,132.0
2022-09-05T13:00,38.3,23.2,169.0,5.8,17.9,121.0
2022-09-05T14:00,31.0,18.9,167.0,9.2,13.6,105.0
2022-09-05T15:00,27.4,17.2,168.0,15.0,11.4,83.0
2022-09-05T16:00,25.3,16.4,175.0,,15.4,68.0
2022-09-05T17:00,22.9,15.2,185.0,,22.2,53.0
2022-09-05T18:00,22.5,15.1,195.0,,,39.0
2022-09-05T19:00,22.6,15.3,197.0,,,38.0
2022-09-05T20:00,22.6,15.2,196.0,,,42.0
2022-09-05T21:00,23.2,15.7,196.0,,,47.0
2022-09-05T22:00,24.9,16.9,198.0,,,48.0
2022-09-05T23:00,26.5,18.1,201.0,,,49.0
2022-09-06T00:00,27.7,19.0,199.0,16.0,,49.0
2022-09-06T01:00,28.9,19.8,203.0,15.5,,51.0
2022-09-06T02:00,28.8,19.8,209.0,14.8,,55.0
2022-09-06T03:00,29.9,20.6,216.0,13.4,,64.0
2022-09-06T04:00,34.0,23.3,219.0,11.8,,77.0
2022-09-06T05:00,39.9,27.5,221.0,9.8,,94.0
2022-09-06T06:00,48.9,33.6,223.0,7.3,,115.0
2022-09-06T07:00,53.3,36.6,224.0,5.8,,130.0
2022-09-06T08:00,51.9,35.3,224.0,4.5,,145.0
2022-09-06T09:00,53.3,36.0,219.0,3.1,,156.0
2022-09-06T10:00,50.5,33.6,210.0,2.1,,155.0
2022-09-06T11:00,46.0,30.0,198.0,1.4,16.4,148.0
2022-09-06T12:00,48.9,31.8,214.0,3.6,23.5,153.0
2022-09-06T13:00,46.0,29.5,205.0,5.7,19.9,136.0
2022-09-06T14:00,38.8,24.9,192.0,8.8,14.8,111.0
2022-09-06T15:00,31.9,20.5,185.0,14.1,11.6,83.0
2022-09-06T16:00,31.2,20.5,196.0,,14.9,70.0
2022-09-06T17:00,33.3,22.5,214.0,,21.0,61.0
2022-09-06T18:00,36.0,24.7,236.0,,,53.0
2022-09-06T19:00,36.4,25.0,243.0,,,51.0
2022-09-06T20:00,37.1,25.7,247.0,,,52.0
2022-09-06T21:00,38.5,26.8,250.0,,,55.0
2022-09-06T22:00,39.6,27.6,251.0,,,57.0
2022-09-06T23:00,40.2,28.0,250.0,16.5,,59.0
2022-09-07T00:00,41.0,28.5,256.0,16.5,,58.0
2022-09-07T01:00,41.0,28.6,261.0,,,57.0
2022-09-07T02:00,40.2,28.0,269.0,,,56.0
2022-09-07T03:00,39.2,27.3,275.0,,,57.0
2022-09-07T04:00,37.4,25.9,275.0,,,61.0
2022-09-07T05:00,37.8,26.3,272.0,,,66.0
2022-09-07T06:00,40.2,27.9,263.0,16.9,,75.0
2022-09-07T07:00,41.7,29.0,251.0,14.8,,85.0
2022-09-07T08:00,43.0,29.8,236.0,12.1,,97.0
2022-09-07T09:00,43.7,30.2,218.0,9.8,,106.0
2022-09-07T10:00,42.4,29.3,208.0,9.7,,103.0
2022-09-07T11:00,38.6,26.5,199.0,10.6,,95.0
2022-09-07T12:00,33.4,23.2,214.0,12.6,21.4,93.0
2022-09-07T13:00,31.3,21.7,218.0,,,80.0
2022-09-07T14:00,29.4,20.3,223.0,,,61.0
2022-09-07T15:00,27.8,19.2,227.0,,,39.0
2022-09-07T16:00,25.5,17.6,227.0,,,28.0
2022-09-07T17:00,23.1,15.9,225.0,,,21.0
2022-09-07T18:00,20.5,14.1,220.0,,,15.0
2022-09-07T19:00,18.1,12.5,213.0,,,16.0
2022-09-07T20:00,16.3,11.3,204.0,,,21.0
2022-09-07T21:00,15.1,10.4,194.0,,,27.0
2022-09-07T22:00,14.1,9.7,188.0,,,29.0
2022-09-07T23:00,13.1,9.1,184.0,15.2,,31.0
2022-09-08T00:00,12.5,8.6,183.0,12.4,,32.0
2022-09-08T01:00,12.3,8.5,190.0,12.2,,30.0
2022-09-08T02:00,12.6,8.7,201.0,13.5,,28.0
2022-09-08T03:00,13.5,9.4,212.0,14.4,,31.0
2022-09-08T04:00,16.2,11.3,214.0,13.2,,44.0
2022-09-08T05:00,22.8,15.8,213.0,11.4,25.0,63.0
2022-09-08T06:00,29.5,20.5,211.0,9.2,23.2,86.0
2022-09-08T07:00,34.6,24.0,210.0,8.4,23.2,99.0
2022-09-08T08:00,38.5,26.8,208.0,8.1,23.9,110.0
2022-09-08T09:00,42.1,29.2,205.0,8.2,24.6,119.0
2022-09-08T10:00,44.1,30.5,203.0,9.1,24.9,118.0
2022-09-08T11:00,46.4,32.1,201.0,10.4,,113.0
2022-09-08T12:00,31.5,22.0,199.0,16.0,22.0,75.0
2022-09-08T13:00,31.1,21.7,201.0,,24.1,70.0
2022-09-08T14:00,29.9,20.8,203.0,,,62.0
2022-09-08T15:00,28.8,20.0,208.0,,,51.0
2022-09-08T16:00,28.4,19.7,214.0,,,43.0
2022-09-08T17:00,28.6,19.7,221.0,,,34.0
2022-09-08T18:00,28.5,19.4,226.0,,,25.0
2022-09-08T19:00,25.9,17.3,222.0,,,20.0
2022-09-08T20:00,23.4,15.4,214.0,,,17.0
2022-09-08T21:00,21.5,14.1,206.0,,,14.0
2022-09-08T22:00,19.6,13.1,208.0,,,13.0
2022-09-08T23:00,18.0,12.2,213.0,,,12.0
2022-09-09T00:00,22.0,15.1,265.0,,,1.0
2022-09-09T01:00,22.8,15.7,279.0,,,5.0
2022-09-09T02:00,23.9,16.6,298.0,,,12.0
2022-09-09T03:00,26.4,18.3,313.0,,,26.0
2022-09-09T04:00,31.1,21.6,307.0,,,44.0
2022-09-09T05:00,38.5,26.8,291.0,,,68.0
2022-09-09T06:00,45.6,31.8,268.0,,,94.0
2022-09-09T07:00,48.5,33.6,250.0,14.1,,107.0
2022-09-09T08:00,50.4,34.8,231.0,11.2,,116.0
2022-09-09T09:00,51.1,35.2,210.0,8.9,,122.0
2022-09-09T10:00,51.0,34.9,199.0,8.6,,121.0
2022-09-09T11:00,49.6,33.6,191.0,9.2,22.9,116.0
2022-09-09T12:00,45.6,30.4,182.0,13.4,18.8,101.0
2022-09-09T13:00,40.9,27.1,196.0,,17.6,87.0
2022-09-09T14:00,38.0,25.4,216.0,,16.1,67.0
2022-09-09T15:00,34.9,23.6,239.0,,15.9,43.0
2022-09-09T16:00,33.6,22.9,251.0,,18.5,32.0
2022-09-09T17:00,32.9,22.3,261.0,,22.8,24.0
2022-09-09T18:00,29.8,20.0,264.0,,,17.0
2022-09-09T19:00,25.3,16.9,255.0,,,16.0
2022-09-09T20:00,20.8,13.9,238.0,,,17.0
2022-09-09T21:00,17.4,11.7,217.0,,,20.0
2022-09-09T22:00,15.0,10.2,206.0,,,23.0
2022-09-09T23:00,13.5,9.2,197.0,,,27.0
2022-09-10T00:00,15.1,10.4,211.0,,,26.0
2022-09-10T01:00,14.2,9.7,213.0,,,28.0
2022-09-10T02:00,14.0,9.6,215.0,,,30.0
2022-09-10T03:00,14.4,9.8,216.0,14.5,,36.0
2022-09-10T04:00,16.9,11.6,213.0,13.9,,43.0
2022-09-10T05:00,22.5,15.4,208.0,14.0,,53.0
2022-09-10T06:00,29.2,20.1,201.0,13.8,,66.0
2022-09-10T07:00,33.5,23.2,196.0,12.2,,77.0
2022-09-10T08:00,37.1,25.7,192.0,10.1,,88.0
2022-09-10T09:00,39.7,27.4,189.0,9.0,24.3,98.0
2022-09-10T10:00,42.8,29.6,191.0,10.2,23.2,100.0
2022-09-10T11:00,43.3,29.8,196.0,12.8,22.8,98.0
2022-09-10T12:00,34.8,23.7,195.0,,19.2,82.0
2022-09-10T13:00,32.4,21.9,203.0,,19.0,70.0
2022-09-10T14:00,30.4,20.3,213.0,,18.8,54.0
2022-09-10T15:00,29.2,18.9,225.0,,19.2,35.0
2022-09-10T16:00,28.5,18.2,230.0,,20.9,26.0
2022-09-10T17:00,25.2,16.0,232.0,,23.1,20.0
2022-09-10T18:00,22.3,14.2,230.0,,,16.0
2022-09-10T19:00,20.1,13.0,223.0,,,17.0
2022-09-10T20:00,18.2,11.8,212.0,,,22.0
2022-09-10T21:00,16.6,10.9,198.0,,,27.0
2022-09-10T22:00,15.4,10.0,189.0,,,29.0
2022-09-10T23:00,14.2,9.3,181.0,16.2,,30.0
2022-09-11T00:00,16.3,10.9,202.0,,,26.0
2022-09-11T01:00,15.9,10.7,206.0,,,27.0
2022-09-11T02:00,15.9,10.7,211.0,16.2,,28.0
2022-09-11T03:00,16.6,11.2,214.0,14.9,,32.0
2022-09-11T04:00,18.9,12.6,211.0,14.9,,38.0
2022-09-11T05:00,23.7,15.8,206.0,15.2,,45.0
2022-09-11T06:00,30.7,20.7,198.0,15.2,,56.0
2022-09-11T07:00,36.2,24.4,193.0,13.9,,65.0
2022-09-11T08:00,39.3,26.7,188.0,12.1,,75.0
2022-09-11T09:00,43.2,29.3,183.0,10.7,,85.0
2022-09-11T10:00,42.8,29.0,182.0,10.9,24.8,88.0
2022-09-11T11:00,39.6,26.7,183.0,11.8,21.6,89.0
2022-09-11T12:00,37.0,24.4,187.0,14.6,14.6,83.0
2022-09-11T13:00,35.5,23.1,190.0,,14.2,75.0
2022-09-11T14:00,34.2,21.7,195.0,,13.8,64.0
2022-09-11T15:00,32.0,19.8,202.0,,14.6,49.0
2022-09-11T16:00,29.9,18.6,207.0,,17.2,38.0
2022-09-11T17:00,27.2,16.9,213.0,,20.9,28.0
2022-09-11T18:00,24.3,15.2,216.0,,,18.0
2022-09-11T19:00,22.3,14.0,213.0,,,16.0
2022-09-11T20:00,20.7,13.0,206.0,,,17.0
2022-09-11T21:00,18.7,11.9,197.0,,,20.0
2022-09-11T22:00,16.8,10.8,190.0,,,21.0
2022-09-11T23:00,14.8,9.5,182.0,,,22.0
2022-09-12T00:00,15.1,9.7,180.0,16.1,,26.0
2022-09-12T01:00,13.9,9.1,184.0,14.9,,27.0
2022-09-12T02:00,13.5,8.9,189.0,13.1,,29.0
2022-09-12T03:00,14.8,9.8,193.0,11.4,,34.0
2022-09-12T04:00,18.2,12.1,193.0,11.6,,40.0
2022-09-12T05:00,24.6,16.4,190.0,12.6,,47.0
2022-09-12T06:00,32.0,21.4,187.0,13.1,,60.0
2022-09-12T07:00,38.1,25.4,185.0,11.9,,73.0
2022-09-12T08:00,45.4,30.4,184.0,9.9,,89.0
2022-09-12T09:00,52.7,35.4,183.0,8.1,24.4,105.0
2022-09-12T10:00,56.0,37.4,185.0,7.6,19.6,111.0
2022-09-12T11:00,52.6,34.8,187.0,7.7,14.4,115.0
2022-09-12T12:00,49.2,32.0,190.0,9.4,13.0,109.0
2022-09-12T13:00,41.2,26.3,190.0,10.4,11.2,100.0
2022-09-12T14:00,34.7,21.5,190.0,11.8,8.8,87.0
2022-09-12T15:00,30.7,18.6,189.0,15.9,7.6,69.0
2022-09-12T16:00,28.9,17.3,188.0,,10.1,56.0
2022-09-12T17:00,25.8,15.4,188.0,,14.4,43.0
2022-09-12T18:00,22.6,13.4,183.0,,19.5,30.0
2022-09-12T19:00,20.3,11.9,174.0,,21.6,28.0
2022-09-12T20:00,19.1,11.2,162.0,,23.0,30.0
2022-09-12T21:00,18.3,10.9,151.0,,24.5,33.0
2022-09-12T22:00,17.5,10.6,148.0,,25.1,35.0
2022-09-12T23:00,16.8,10.4,149.0,,,37.0
2022-09-13T00:00,16.1,10.2,146.0,9.0,,45.0
2022-09-13T01:00,16.6,10.6,157.0,9.2,,45.0
2022-09-13T02:00,17.6,11.2,173.0,9.6,,45.0
2022-09-13T03:00,20.7,13.3,191.0,9.9,,50.0
2022-09-13T04:00,26.6,17.2,200.0,9.9,,61.0
2022-09-13T05:00,35.5,23.2,206.0,9.8,,77.0
2022-09-13T06:00,44.1,28.9,210.0,9.4,,95.0
2022-09-13T07:00,51.6,33.5,208.0,8.9,,104.0
2022-09-13T08:00,57.2,37.0,202.0,8.1,,112.0
2022-09-13T09:00,60.1,38.4,194.0,7.3,,119.0
2022-09-13T10:00,59.8,37.7,189.0,6.5,,122.0
2022-09-13T11:00,56.1,34.6,183.0,5.7,18.4,123.0
2022-09-13T12:00,53.0,33.2,185.0,7.8,19.9,118.0
2022-09-13T13:00,46.3,28.3,182.0,6.9,15.8,114.0
2022-09-13T14:00,39.7,23.9,178.0,5.8,9.9,109.0
2022-09-13T15:00,34.3,20.7,174.0,6.3,4.8,99.0
2022-09-13T16:00,30.9,18.6,175.0,10.0,5.3,87.0
2022-09-13T17:00,28.6,17.1,177.0,15.4,8.1,71.0
2022-09-13T18:00,26.5,15.7,179.0,,12.9,55.0
2022-09-13T19:00,24.5,14.5,180.0,,16.8,49.0
2022-09-13T20:00,23.5,13.9,180.0,,21.2,46.0
2022-09-13T21:00,23.3,14.1,177.0,,,46.0
2022-09-13T22:00,22.9,14.0,168.0,,,48.0
2022-09-13T23:00,21.2,12.9,157.0,14.4,,53.0
2022-09-14T00:00,18.3,11.0,138.0,7.4,24.1,53.0
2022-09-14T01:00,18.2,10.9,144.0,7.7,,53.0
2022-09-14T02:00,18.6,11.4,152.0,8.1,,52.0
2022-09-14T03:00,20.8,12.8,163.0,8.6,,56.0
2022-09-14T04:00,26.0,16.2,170.0,9.1,,63.0
2022-09-14T05:00,33.9,21.5,176.0,9.5,,74.0
2022-09-14T06:00,41.3,26.4,181.0,9.3,,89.0
2022-09-14T07:00,48.2,30.9,181.0,7.9,,103.0
2022-09-14T08:00,52.9,33.8,179.0,5.9,23.8,117.0
2022-09-14T09:00,53.8,34.0,174.0,3.9,16.9,130.0
2022-09-14T10:00,48.9,30.4,169.0,3.1,12.2,130.0
2022-09-14T11:00,43.1,26.5,163.0,2.8,7.6,125.0
2022-09-14T12:00,45.3,27.9,165.0,4.6,8.1,118.0
2022-09-14T13:00,38.3,23.3,163.0,4.9,7.0,108.0
2022-09-14T14:00,32.7,19.7,161.0,5.4,5.4,93.0
2022-09-14T15:00,28.9,17.4,164.0,9.4,6.3,74.0
2022-09-14T16:00,27.7,16.9,175.0,,11.1,60.0
2022-09-14T17:00,28.1,17.8,191.0,,18.4,47.0
2022-09-14T18:00,29.9,19.5,209.0,,,33.0
2022-09-14T19:00,30.6,20.0,215.0,,,28.0
2022-09-14T20:00,32.1,21.2,217.0,,,26.0
2022-09-14T21:00,33.5,22.2,218.0,,,25.0
2022-09-14T22:00,33.9,22.5,216.0,,,25.0
2022-09-14T23:00,33.4,22.2,213.0,,,26.0
2022-09-15T00:00,27.9,18.3,195.0,,,39.0
2022-09-15T01:00,28.9,19.0,203.0,,,41.0
2022-09-15T02:00,29.5,19.6,216.0,,,44.0
2022-09-15T03:00,31.8,21.1,229.0,,,52.0
2022-09-15T04:00,37.3,24.9,234.0,16.6,,64.0
2022-09-15T05:00,45.5,30.6,237.0,14.7,,81.0
2022-09-15T06:00,53.9,36.2,238.0,12.1,,102.0
2022-09-15T07:00,63.3,42.5,236.0,10.1,,118.0
2022-09-15T08:00,68.5,45.6,233.0,8.0,,134.0
2022-09-15T09:00,61.0,39.9,224.0,5.8,,148.0
2022-09-15T10:00,58.4,37.6,212.0,4.6,,149.0
2022-09-15T11:00,53.2,33.6,197.0,3.8,18.0,144.0
2022-09-15T12:00,62.4,39.9,216.0,8.9,,141.0
2022-09-15T13:00,61.7,39.5,218.0,8.4,21.7,137.0
2022-09-15T14:00,57.9,36.9,221.0,7.7,14.9,131.0
2022-09-15T15:00,56.0,36.0,226.0,8.2,8.3,119.0
2022-09-15T16:00,54.7,35.5,232.0,10.8,6.9,106.0
2022-09-15T17:00,53.9,35.0,239.0,14.4,7.5,90.0
2022-09-15T18:00,49.7,32.2,241.0,,10.5,71.0
2022-09-15T19:00,44.0,28.5,232.0,,15.2,61.0
2022-09-15T20:00,37.3,23.9,217.0,,21.8,53.0
2022-09-15T21:00,32.2,20.6,200.0,,,46.0
2022-09-15T22:00,29.3,18.7,192.0,,,44.0
2022-09-15T23:00,27.7,17.7,187.0,,,45.0
2022-09-16T00:00,27.9,17.9,202.0,,,47.0
2022-09-16T01:00,28.1,18.2,218.0,,,48.0
2022-09-16T02:00,29.1,19.0,241.0,,,49.0
2022-09-16T03:00,33.1,21.8,264.0,16.9,,57.0
2022-09-16T04:00,39.9,26.5,269.0,14.9,,73.0
2022-09-16T05:00,49.6,33.1,268.0,12.7,,94.0
2022-09-16T06:00,59.0,39.3,265.0,10.1,,120.0
2022-09-16T07:00,66.6,44.5,263.0,8.4,,137.0
2022-09-16T08:00,70.1,46.4,260.0,6.8,,152.0
2022-09-16T09:00,72.4,47.8,254.0,5.6,,165.0
2022-09-16T10:00,73.8,48.3,247.0,5.4,,167.0
2022-09-16T11:00,72.4,46.7,239.0,5.9,,163.0
2022-09-16T12:00,71.2,46.4,231.0,11.0,,145.0
2022-09-16T13:00,67.3,43.2,233.0,10.3,23.6,138.0
2022-09-16T14:00,62.6,39.8,236.0,9.4,16.8,128.0
2022-09-16T15:00,60.5,38.6,242.0,10.6,10.1,112.0
2022-09-16T16:00,60.8,39.5,252.0,15.4,8.9,98.0
2022-09-16T17:00,59.6,38.9,264.0,,9.9,83.0
2022-09-16T18:00,54.8,35.6,272.0,,13.2,66.0
2022-09-16T19:00,47.7,30.6,264.0,,18.4,56.0
2022-09-16T20:00,41.7,26.8,249.0,,25.1,49.0
2022-09-16T21:00,36.1,23.2,228.0,,,44.0
2022-09-16T22:00,31.8,20.3,215.0,,,47.0
2022-09-16T23:00,27.9,17.8,202.0,,,55.0
2022-09-17T00:00,22.6,14.1,180.0,6.9,,64.0
2022-09-17T01:00,21.2,13.3,187.0,8.1,,63.0
2022-09-17T02:00,21.8,13.8,197.0,9.8,,63.0
2022-09-17T03:00,24.9,15.9,210.0,11.4,,67.0
2022-09-17T04:00,32.0,20.7,217.0,11.6,,77.0
2022-09-17T05:00,42.6,27.8,223.0,11.3,,92.0
2022-09-17T06:00,52.0,34.1,228.0,10.3,,112.0
2022-09-17T07:00,60.5,39.7,227.0,8.8,,128.0
2022-09-17T08:00,68.0,44.7,222.0,6.8,,144.0
2022-09-17T09:00,75.0,49.4,219.0,5.4,,158.0
2022-09-17T10:00,77.8,,220.0,6.2,23.8,160.0
2022-09-17T11:00,72.6,47.4,223.0,7.8,20.4,157.0
2022-09-17T12:00,63.6,41.2,227.0,8.4,19.1,148.0
2022-09-17T13:00,67.1,43.2,233.0,8.7,16.2,139.0
2022-09-17T14:00,63.1,40.3,243.0,9.3,12.1,126.0
2022-09-17T15:00,60.1,38.4,255.0,12.9,9.4,107.0
2022-09-17T16:00,60.5,38.8,264.0,,11.6,90.0
2022-09-17T17:00,57.0,36.6,274.0,,16.1,72.0
2022-09-17T18:00,51.3,32.8,281.0,,22.9,52.0
2022-09-17T19:00,45.5,29.2,278.0,,,43.0
2022-09-17T20:00,40.9,26.4,270.0,,,38.0
2022-09-17T21:00,38.3,24.7,259.0,,,36.0
2022-09-17T22:00,36.8,23.7,250.0,,,38.0
2022-09-17T23:00,35.5,22.9,241.0,,,43.0
2022-09-18T00:00,29.1,18.6,219.0,12.1,,59.0
2022-09-18T01:00,29.3,19.0,238.0,13.1,,58.0
2022-09-18T02:00,30.6,20.1,265.0,14.5,,56.0
2022-09-18T03:00,34.6,23.1,290.0,15.0,,61.0
2022-09-18T04:00,39.7,26.8,290.0,13.1,,74.0
2022-09-18T05:00,44.4,30.3,282.0,10.1,21.7,93.0
2022-09-18T06:00,47.1,32.4,272.0,6.9,14.8,117.0
2022-09-18T07:00,52.3,36.0,273.0,6.1,14.8,131.0
2022-09-18T08:00,59.8,41.1,276.0,5.8,17.2,144.0
2022-09-18T09:00,63.8,43.7,280.0,6.2,20.2,156.0
2022-09-18T10:00,65.7,44.6,283.0,6.8,21.1,161.0
2022-09-18T11:00,63.6,42.5,285.0,7.7,21.7,163.0
2022-09-18T12:00,70.1,46.2,269.0,10.7,23.6,138.0
2022-09-18T13:00,75.0,48.1,276.0,11.1,22.0,134.0
2022-09-18T14:00,74.3,47.1,286.0,11.8,19.6,128.0
2022-09-18T15:00,72.6,46.4,299.0,15.9,18.6,114.0
2022-09-18T16:00,70.5,45.9,308.0,,20.8,95.0
2022-09-18T17:00,67.5,44.5,316.0,,24.6,70.0
2022-09-18T18:00,60.1,39.7,317.0,,,43.0
2022-09-18T19:00,49.7,32.7,302.0,,,31.0
2022-09-18T20:00,40.4,26.5,277.0,,,23.0
2022-09-18T21:00,36.2,23.7,251.0,,,17.0
2022-09-18T22:00,35.7,23.4,242.0,,,17.0
2022-09-18T23:00,36.4,23.9,238.0,,,21.0
2022-09-19T00:00,32.7,21.4,250.0,,,31.0
2022-09-19T01:00,34.8,23.1,268.0,,,31.0
2022-09-19T02:00,37.1,24.7,293.0,,,32.0
2022-09-19T03:00,39.3,26.4,312.0,,,38.0
2022-09-19T04:00,39.8,26.7,299.0,,,51.0
2022-09-19T05:00,40.6,27.3,273.0,,22.8,68.0
2022-09-19T06:00,43.8,29.4,247.0,10.5,17.0,89.0
2022-09-19T07:00,51.1,34.3,245.0,9.2,18.2,100.0
2022-09-19T08:00,59.1,39.7,250.0,9.9,22.2,110.0
2022-09-19T09:00,67.8,45.6,261.0,11.4,,121.0
2022-09-19T10:00,75.7,,271.0,12.4,,129.0
2022-09-19T11:00,,,283.0,13.8,,136.0
2022-09-19T12:00,57.3,37.4,229.0,12.7,22.3,108.0
2022-09-19T13:00,62.9,40.6,242.0,13.4,20.0,105.0
2022-09-19T14:00,64.5,41.4,259.0,14.5,16.6,101.0
2022-09-19T15:00,61.7,39.6,279.0,,13.9,91.0
2022-09-19T16:00,58.6,37.8,288.0,,14.1,78.0
2022-09-19T17:00,52.6,34.5,294.0,,15.4,62.0
2022-09-19T18:00,48.5,31.9,291.0,,19.8,45.0
2022-09-19T19:00,44.2,29.0,273.0,,,40.0
2022-09-19T20:00,40.3,26.3,246.0,,,40.0
2022-09-19T21:00,35.3,22.9,217.0,,,39.0
2022-09-19T22:00,30.6,19.7,208.0,,,35.0
2022-09-19T23:00,27.2,17.5,206.0,,,30.0
2022-09-20T00:00,31.7,20.8,245.0,,,13.0
2022-09-20T01:00,32.5,21.7,256.0,,,16.0
2022-09-20T02:00,33.8,22.6,271.0,,,20.0
2022-09-20T03:00,29.8,19.4,276.0,,22.3,31.0
2022-09-20T04:00,25.2,15.7,254.0,,15.0,46.0
2022-09-20T05:00,25.9,16.0,218.0,11.0,8.4,64.0
2022-09-20T06:00,28.3,17.7,181.0,3.2,3.0,85.0
2022-09-20T07:00,31.5,20.0,173.0,1.7,2.7,94.0
2022-09-20T08:00,35.7,22.8,174.0,2.7,4.8,99.0
2022-09-20T09:00,42.0,27.2,185.0,5.9,9.2,103.0
2022-09-20T10:00,49.4,32.2,201.0,10.1,13.9,103.0
2022-09-20T11:00,56.3,36.6,224.0,15.6,19.7,101.0
2022-09-20T12:00,52.2,32.7,205.0,12.2,18.8,105.0
2022-09-20T13:00,60.5,37.7,216.0,12.9,20.5,104.0
2022-09-20T14:00,63.6,38.8,231.0,13.9,22.8,102.0
2022-09-20T15:00,66.6,40.3,251.0,15.5,23.8,97.0
2022-09-20T16:00,72.9,44.6,267.0,15.8,20.3,92.0
2022-09-20T17:00,75.0,46.7,283.0,15.9,14.8,87.0
2022-09-20T18:00,71.2,45.3,293.0,,11.4,75.0
2022-09-20T19:00,62.6,40.3,283.0,,16.1,60.0
2022-09-20T20:00,51.1,32.7,264.0,,24.3,41.0
2022-09-20T21:00,41.7,26.3,241.0,,,22.0
2022-09-20T22:00,35.9,22.4,230.0,,,18.0
2022-09-20T23:00,33.1,20.7,222.0,,,20.0
2022-09-21T00:00,30.6,19.6,244.0,,,11.0
2022-09-21T01:00,31.4,20.3,263.0,,,15.0
2022-09-21T02:00,33.4,21.8,289.0,,,22.0
2022-09-21T03:00,36.8,24.2,309.0,,,36.0
2022-09-21T04:00,40.4,26.5,296.0,,,54.0
2022-09-21T05:00,44.6,29.2,270.0,17.0,21.4,76.0
2022-09-21T06:00,47.5,31.0,243.0,10.4,17.0,102.0
2022-09-21T07:00,52.5,34.1,240.0,8.5,19.0,115.0
2022-09-21T08:00,57.5,37.5,245.0,8.5,23.8,126.0
2022-09-21T09:00,62.9,40.9,252.0,9.1,,137.0
2022-09-21T10:00,65.4,41.8,256.0,9.6,,144.0
2022-09-21T11:00,63.8,39.5,260.0,10.4,,150.0
2022-09-21T12:00,50.1,30.9,252.0,9.9,,155.0
2022-09-21T13:00,56.3,33.4,249.0,8.1,23.5,152.0
2022-09-21T14:00,55.9,32.2,245.0,5.8,19.5,147.0
2022-09-21T15:00,54.6,31.4,241.0,4.1,14.6,136.0
2022-09-21T16:00,53.8,32.1,242.0,5.2,11.3,122.0
2022-09-21T17:00,51.1,31.8,245.0,7.7,8.2,106.0
2022-09-21T18:00,44.0,27.6,241.0,11.3,6.9,85.0
2022-09-21T19:00,34.9,21.7,225.0,14.6,9.9,73.0
2022-09-21T20:00,26.7,16.1,203.0,,15.1,62.0
2022-09-21T21:00,21.4,12.6,179.0,,21.4,53.0
2022-09-21T22:00,19.3,11.4,170.0,,23.9,51.0
2022-09-21T23:00,18.8,11.3,167.0,13.6,,53.0
2022-09-22T00:00,20.7,12.8,180.0,9.6,,57.0
2022-09-22T01:00,22.5,14.2,200.0,11.1,,56.0
2022-09-22T02:00,25.4,16.4,229.0,13.2,,54.0
2022-09-22T03:00,30.9,20.3,259.0,14.5,,61.0
2022-09-22T04:00,39.1,26.0,266.0,12.9,,79.0
2022-09-22T05:00,47.4,31.5,266.0,9.9,20.0,104.0
2022-09-22T06:00,53.6,35.6,266.0,7.1,15.4,133.0
2022-09-22T07:00,61.9,41.4,272.0,7.1,16.6,147.0
2022-09-22T08:00,71.0,47.8,280.0,8.1,20.3,157.0
2022-09-22T09:00,74.5,49.9,284.0,9.4,23.9,164.0
2022-09-22T10:00,71.9,47.6,276.0,10.1,23.6,163.0
2022-09-22T11:00,66.1,42.5,261.0,10.8,22.1,158.0
2022-09-22T12:00,60.3,37.6,242.0,9.0,21.3,147.0
2022-09-22T13:00,62.4,37.7,241.0,7.5,18.9,145.0
2022-09-22T14:00,61.0,36.0,239.0,5.5,15.4,142.0
2022-09-22T15:00,59.3,34.6,241.0,5.6,11.7,132.0
2022-09-22T16:00,58.6,35.3,251.0,9.1,9.9,118.0
2022-09-22T17:00,56.3,35.4,265.0,14.6,8.7,99.0
2022-09-22T18:00,49.8,32.0,273.0,,10.3,74.0
2022-09-22T19:00,42.0,27.0,263.0,,15.9,55.0
2022-09-22T20:00,34.5,21.9,244.0,,24.2,35.0
2022-09-22T21:00,27.8,17.5,222.0,,,16.0
2022-09-22T22:00,23.8,14.9,211.0,,,11.0
2022-09-22T23:00,22.6,14.3,203.0,,,12.0
2022-09-23T00:00,20.3,12.7,186.0,,,31.0
2022-09-23T01:00,21.7,13.9,209.0,,,31.0
2022-09-23T02:00,24.6,16.0,242.0,,,32.0
2022-09-23T03:00,30.6,20.2,275.0,,,40.0
2022-09-23T04:00,39.1,26.0,278.0,,,57.0
2022-09-23T05:00,48.2,32.2,272.0,,,80.0
2022-09-23T06:00,53.9,36.1,265.0,12.6,22.0,109.0
2022-09-23T07:00,60.8,41.0,270.0,10.9,23.6,128.0
2022-09-23T08:00,66.8,44.9,277.0,10.2,,147.0
2022-09-23T09:00,71.2,47.7,283.0,9.9,,164.0
2022-09-23T10:00,71.0,46.8,278.0,10.1,,167.0
2022-09-23T11:00,62.4,39.9,269.0,10.6,,165.0
2022-09-23T12:00,54.0,34.9,219.0,7.8,19.2,147.0
2022-09-23T13:00,56.6,35.2,223.0,6.7,18.1,149.0
2022-09-23T14:00,59.3,35.7,229.0,5.2,16.6,151.0
2022-09-23T15:00,57.6,34.0,240.0,6.4,14.8,145.0
2022-09-23T16:00,57.2,33.9,253.0,11.2,13.2,129.0
2022-09-23T17:00,58.3,36.1,270.0,,11.8,106.0
2022-09-23T18:00,55.4,35.5,280.0,,12.4,76.0
2022-09-23T19:00,49.1,32.0,270.0,,17.1,56.0
2022-09-23T20:00,41.1,26.7,251.0,,24.0,37.0
2022-09-23T21:00,33.2,21.2,229.0,,,18.0
2022-09-23T22:00,28.2,18.0,222.0,,,9.0
2022-09-23T23:00,26.4,17.1,218.0,,,5.0
2022-09-24T00:00,27.6,18.3,223.0,,,6.0
2022-09-24T01:00,27.9,18.7,224.0,,,16.0
2022-09-24T02:00,27.9,18.8,224.0,,17.1,30.0
2022-09-24T03:00,25.4,16.9,222.0,12.8,6.9,51.0
2022-09-24T04:00,25.0,16.6,215.0,6.6,3.9,68.0
2022-09-24T05:00,27.8,18.5,204.0,3.9,3.1,87.0
2022-09-24T06:00,32.1,21.4,195.0,2.3,3.1,109.0
2022-09-24T07:00,36.4,24.2,196.0,1.6,3.5,122.0
2022-09-24T08:00,38.9,25.7,201.0,2.0,4.4,132.0
2022-09-24T09:00,42.1,27.8,208.0,3.0,5.6,141.0
2022-09-24T10:00,43.8,28.5,213.0,3.9,6.0,143.0
2022-09-24T11:00,43.0,27.4,219.0,5.2,6.2,142.0
2022-09-24T12:00,30.7,20.0,202.0,6.7,5.5,119.0
2022-09-24T13:00,31.9,20.4,200.0,5.8,5.3,119.0
2022-09-24T14:00,31.3,19.4,197.0,4.4,5.1,119.0
2022-09-24T15:00,29.1,17.1,193.0,3.3,5.1,118.0
2022-09-24T16:00,29.5,16.9,191.0,3.3,5.4,117.0
2022-09-24T17:00,29.8,16.9,189.0,3.8,5.9,115.0
2022-09-24T18:00,30.5,17.6,190.0,5.7,7.4,110.0
2022-09-24T19:00,31.7,18.7,194.0,7.7,8.9,105.0
2022-09-24T20:00,33.9,20.7,201.0,10.4,10.8,99.0
2022-09-24T21:00,38.1,23.7,209.0,16.5,15.1,87.0
2022-09-24T22:00,42.5,27.1,212.0,,21.6,71.0
2022-09-24T23:00,44.6,28.8,215.0,,,52.0
2022-09-25T00:00,39.3,26.0,213.0,,,13.0
2022-09-25T01:00,34.8,23.5,205.0,,,19.0
2022-09-25T02:00,29.2,19.8,194.0,,,28.0
2022-09-25T03:00,25.9,17.6,181.0,,18.9,44.0
2022-09-25T04:00,25.7,17.5,174.0,,12.6,62.0
2022-09-25T05:00,27.5,18.7,168.0,9.4,7.8,83.0
2022-09-25T06:00,29.3,20.0,165.0,2.2,3.8,108.0
2022-09-25T07:00,32.4,22.1,168.0,0.4,3.2,121.0
2022-09-25T08:00,35.2,23.9,174.0,1.0,4.4,131.0
2022-09-25T09:00,38.1,25.9,183.0,2.7,6.2,140.0
2022-09-25T10:00,41.0,27.8,190.0,3.6,6.9,144.0
2022-09-25T11:00,42.0,28.3,198.0,4.9,7.6,146.0
2022-09-25T12:00,31.9,21.0,193.0,4.8,9.4,136.0
2022-09-25T13:00,34.6,22.3,204.0,5.7,10.3,137.0
2022-09-25T14:00,38.8,24.4,218.0,6.8,11.4,139.0
2022-09-25T15:00,41.2,25.3,230.0,7.4,12.2,140.0
2022-09-25T16:00,41.0,24.2,225.0,6.1,11.4,139.0
2022-09-25T17:00,39.5,22.6,213.0,3.8,9.9,137.0
2022-09-25T18:00,36.2,20.6,198.0,1.8,8.4,132.0
2022-09-25T19:00,31.1,18.4,191.0,2.2,8.5,127.0
2022-09-25T20:00,26.0,15.9,185.0,3.5,9.0,120.0
2022-09-25T21:00,23.6,14.8,177.0,4.7,9.4,113.0
2022-09-25T22:00,21.9,13.9,170.0,4.1,8.1,110.0
2022-09-25T23:00,18.9,12.1,162.0,2.8,6.1,108.0
2022-09-26T00:00,42.0,26.7,190.0,7.8,12.6,84.0
2022-09-26T01:00,36.0,22.6,187.0,7.2,11.2,85.0
2022-09-26T02:00,32.5,20.4,184.0,6.1,9.2,88.0
2022-09-26T03:00,32.9,20.8,182.0,4.8,7.7,93.0
2022-09-26T04:00,36.1,23.2,185.0,4.0,8.1,100.0
2022-09-26T05:00,40.4,26.3,191.0,3.1,9.3,108.0
2022-09-26T06:00,46.2,30.5,200.0,2.5,10.9,120.0
2022-09-26T07:00,53.1,35.3,207.0,2.4,11.5,130.0
2022-09-26T08:00,58.1,38.9,215.0,2.7,12.1,140.0
2022-09-26T09:00,61.5,41.3,224.0,3.4,12.6,149.0
2022-09-26T10:00,62.9,42.1,228.0,4.1,12.6,150.0
2022-09-26T11:00,62.6,42.0,230.0,5.1,12.5,148.0
2022-09-26T12:00,52.4,34.9,213.0,8.3,10.4,107.0
2022-09-26T13:00,48.7,32.4,208.0,8.1,8.6,99.0
2022-09-26T14:00,40.5,26.8,202.0,7.8,5.9,87.0
2022-09-26T15:00,33.1,21.8,195.0,7.5,3.2,74.0
2022-09-26T16:00,29.2,19.3,194.0,7.0,2.4,69.0
2022-09-26T17:00,27.0,17.9,194.0,6.5,2.2,66.0
2022-09-26T18:00,25.3,16.7,196.0,8.1,3.6,61.0
2022-09-26T19:00,24.5,16.3,198.0,12.2,6.2,55.0
2022-09-26T20:00,28.0,18.7,200.0,,9.9,49.0
2022-09-26T21:00,33.1,22.2,209.0,,17.1,41.0
2022-09-26T22:00,38.0,25.6,223.0,,25.0,34.0
2022-09-26T23:00,46.1,31.1,242.0,,,27.0
2022-09-27T00:00,48.4,32.7,271.0,,,25.0
2022-09-27T01:00,56.2,38.0,292.0,,,26.0
2022-09-27T02:00,63.3,42.8,321.0,,,27.0
2022-09-27T03:00,68.0,46.0,343.0,,,37.0
2022-09-27T04:00,71.9,48.8,329.0,,,55.0
2022-09-27T05:00,67.5,45.8,299.0,,,80.0
2022-09-27T06:00,65.2,44.2,268.0,,,110.0
2022-09-27T07:00,65.2,44.1,266.0,14.2,,126.0
2022-09-27T08:00,68.2,46.0,272.0,13.3,,140.0
2022-09-27T09:00,72.9,48.9,276.0,12.4,,153.0
2022-09-27T10:00,66.1,43.7,268.0,10.8,,159.0
2022-09-27T11:00,63.1,41.1,255.0,9.1,,161.0
2022-09-27T12:00,55.1,36.2,247.0,6.1,,168.0
2022-09-27T13:00,55.2,35.6,243.0,5.1,25.1,166.0
2022-09-27T14:00,56.2,35.5,238.0,3.7,24.5,163.0
2022-09-27T15:00,54.7,33.9,230.0,2.2,23.0,158.0
2022-09-27T16:00,53.3,32.5,224.0,1.9,21.2,153.0
2022-09-27T17:00,52.2,31.3,217.0,1.8,19.0,148.0
2022-09-27T18:00,48.1,28.9,207.0,1.7,15.6,141.0
2022-09-27T19:00,40.6,24.7,195.0,1.1,12.0,136.0
2022-09-27T20:00,34.2,20.9,181.0,0.3,7.8,131.0
2022-09-27T21:00,31.0,19.3,172.0,0.6,6.7,125.0
2022-09-27T22:00,32.7,20.7,179.0,2.8,12.4,120.0
2022-09-27T23:00,38.0,24.6,195.0,6.0,21.5,114.0
2022-09-28T00:00,56.9,37.7,258.0,,,88.0
2022-09-28T01:00,60.3,40.2,261.0,,,88.0
2022-09-28T02:00,61.5,41.1,266.0,,,88.0
2022-09-28T03:00,61.5,41.0,272.0,,,92.0
2022-09-28T04:00,63.8,42.7,275.0,,,100.0
2022-09-28T05:00,68.5,46.1,278.0,16.2,,111.0
2022-09-28T06:00,71.5,48.2,280.0,13.4,,127.0
2022-09-28T07:00,73.8,49.8,279.0,11.4,,141.0
2022-09-28T08:00,76.4,,275.0,9.6,,156.0
2022-09-28T09:00,78.2,,272.0,8.2,,170.0
2022-09-28T10:00,78.5,,271.0,8.8,,173.0
2022-09-28T11:00,76.6,50.5,271.0,10.1,,172.0
2022-09-28T12:00,64.0,41.8,270.0,10.1,,169.0
2022-09-28T13:00,66.6,43.4,277.0,10.4,,165.0
2022-09-28T14:00,68.2,44.6,286.0,10.8,,159.0
2022-09-28T15:00,67.8,44.0,292.0,11.7,,149.0
2022-09-28T16:00,67.5,43.7,287.0,12.6,,141.0
2022-09-28T17:00,65.7,42.3,276.0,13.6,,133.0
2022-09-28T18:00,61.0,39.3,262.0,15.3,24.6,121.0
2022-09-28T19:00,56.8,36.7,254.0,,24.5,110.0
2022-09-28T20:00,52.7,34.3,245.0,,25.1,98.0
2022-09-28T21:00,47.8,31.2,236.0,,,84.0
2022-09-28T22:00,45.1,29.4,229.0,,,77.0
2022-09-28T23:00,42.8,28.0,222.0,,,72.0
2022-09-29T00:00,56.0,37.3,282.0,,,42.0
2022-09-29T01:00,58.9,39.5,304.0,,,40.0
2022-09-29T02:00,63.3,43.0,335.0,,,37.0
2022-09-29T03:00,70.1,47.7,360.0,,,43.0
2022-09-29T04:00,71.5,48.8,352.0,,,64.0
2022-09-29T05:00,66.4,45.3,330.0,16.5,20.4,94.0
2022-09-29T06:00,57.7,39.3,302.0,5.8,8.6,128.0
2022-09-29T07:00,53.3,36.3,289.0,3.4,6.1,143.0
2022-09-29T08:00,59.3,40.5,278.0,3.8,6.8,153.0
2022-09-29T09:00,61.7,42.1,273.0,5.9,9.1,160.0
2022-09-29T10:00,65.9,44.9,285.0,8.4,11.3,160.0
2022-09-29T11:00,70.1,47.4,306.0,11.9,14.4,156.0
2022-09-29T12:00,41.3,27.7,253.0,11.1,10.0,130.0
2022-09-29T13:00,44.5,29.7,261.0,9.6,10.6,134.0
2022-09-29T14:00,47.7,31.3,271.0,7.5,11.3,139.0
2022-09-29T15:00,49.2,31.8,280.0,5.5,11.9,142.0
2022-09-29T16:00,49.2,31.1,278.0,5.2,11.5,139.0
2022-09-29T17:00,51.8,32.2,272.0,5.4,10.7,134.0
2022-09-29T18:00,54.5,33.8,260.0,6.9,10.7,124.0
2022-09-29T19:00,52.3,32.2,247.0,9.6,12.6,114.0
2022-09-29T20:00,48.0,29.5,231.0,13.1,15.6,102.0
2022-09-29T21:00,40.7,25.1,211.0,16.4,18.6,88.0
2022-09-29T22:00,38.4,23.6,197.0,15.9,19.0,82.0
2022-09-29T23:00,35.2,21.5,183.0,13.9,18.4,78.0
2022-09-30T00:00,31.8,20.3,196.0,,,38.0
2022-09-30T01:00,33.4,21.7,223.0,,,37.0
2022-09-30T02:00,37.3,24.5,261.0,,,35.0
2022-09-30T03:00,43.1,28.6,301.0,,,37.0
2022-09-30T04:00,49.4,33.1,314.0,,,46.0
2022-09-30T05:00,54.0,36.3,318.0,,,59.0
2022-09-30T06:00,55.6,37.6,314.0,,22.1,76.0
2022-09-30T07:00,54.9,37.3,302.0,,18.5,87.0
2022-09-30T08:00,53.4,36.3,283.0,,15.3,98.0
2022-09-30T09:00,55.5,37.8,265.0,13.6,12.5,108.0
2022-09-30T10:00,53.6,36.6,264.0,13.4,12.1,110.0
2022-09-30T11:00,56.6,38.6,269.0,15.1,12.9,109.0
2022-09-30T12:00,43.4,29.7,222.0,12.7,9.4,95.0
2022-09-30T13:00,48.3,33.1,229.0,12.9,9.2,91.0
2022-09-30T14:00,51.8,35.6,239.0,13.1,8.9,85.0
2022-09-30T15:00,47.8,32.8,246.0,12.8,8.6,78.0
2022-09-30T16:00,43.7,29.8,244.0,11.9,8.8,75.0
2022-09-30T17:00,38.0,25.9,237.0,10.6,9.2,74.0
2022-09-30T18:00,31.8,21.8,221.0,8.6,8.8,72.0
2022-09-30T19:00,23.9,16.4,199.0,6.6,6.8,71.0
2022-09-30T20:00,18.0,12.3,171.0,4.2,4.1,69.0
2022-09-30T21:00,13.6,9.2,140.0,2.0,1.4,67.0
2022-09-30T22:00,8.3,5.6,125.0,0.9,0.6,65.0
2022-09-30T23:00,6.8,4.6,115.0,0.2,0.6,62.0
2022-10-01T00:00,9.8,6.6,125.0,6.5,5.5,51.0
2022-10-01T01:00,11.9,8.0,134.0,8.1,6.8,48.0
2022-10-01T02:00,12.2,8.2,147.0,10.4,8.5,43.0
2022-10-01T03:00,13.4,9.1,161.0,12.1,9.9,40.0
2022-10-01T04:00,15.7,10.6,164.0,11.1,9.2,43.0
2022-10-01T05:00,17.2,11.7,163.0,8.9,7.8,48.0
2022-10-01T06:00,18.5,12.7,161.0,6.2,5.9,57.0
2022-10-01T07:00,20.5,14.2,160.0,4.9,4.8,65.0
2022-10-01T08:00,22.6,15.6,159.0,3.9,3.8,74.0
2022-10-01T09:00,21.7,15.0,160.0,3.7,3.0,81.0
2022-10-01T10:00,22.0,15.3,163.0,4.9,3.5,79.0
2022-10-01T11:00,21.4,14.8,168.0,6.9,4.5,73.0
2022-10-01T12:00,17.7,12.1,159.0,7.3,4.2,67.0
2022-10-01T13:00,17.1,11.7,163.0,7.9,4.2,62.0
2022-10-01T14:00,16.3,11.2,169.0,8.6,4.3,55.0
2022-10-01T15:00,16.0,11.0,176.0,9.1,4.3,48.0
2022-10-01T16:00,15.9,11.0,179.0,8.8,3.9,46.0
2022-10-01T17:00,15.8,10.9,180.0,8.0,3.3,45.0
2022-10-01T18:00,15.0,10.4,179.0,7.1,2.9,45.0
2022-10-01T19:00,14.1,9.8,173.0,6.7,3.0,44.0
2022-10-01T20:00,13.1,9.1,164.0,6.3,3.5,43.0
2022-10-01T21:00,12.0,8.3,155.0,6.4,5.0,42.0
2022-10-01T22:00,11.6,8.0,154.0,7.1,7.4,41.0
2022-10-01T23:00,11.8,8.2,156.0,8.1,10.6,39.0
2022-10-02T00:00,7.9,5.5,157.0,5.9,6.4,39.0
2022-10-02T01:00,7.8,5.5,166.0,6.4,5.9,40.0
2022-10-02T02:00,8.3,5.8,179.0,7.1,5.2,41.0
2022-10-02T03:00,9.7,6.8,192.0,7.2,4.1,47.0
2022-10-02T04:00,12.0,8.4,195.0,6.1,3.3,59.0
2022-10-02T05:00,15.8,11.0,194.0,4.3,2.6,74.0
2022-10-02T06:00,20.3,14.1,195.0,2.6,2.0,92.0
2022-10-02T07:00,24.6,17.1,198.0,2.5,2.0,100.0
2022-10-02T08:00,29.9,20.8,202.0,2.9,2.2,105.0
2022-10-02T09:00,32.1,22.4,210.0,4.4,2.8,107.0
2022-10-02T10:00,32.7,22.8,217.0,6.2,3.0,105.0
2022-10-02T11:00,33.4,23.2,226.0,8.7,3.4,100.0
2022-10-02T12:00,35.2,24.4,235.0,9.4,2.8,97.0
2022-10-02T13:00,38.0,26.3,254.0,11.9,2.8,89.0
2022-10-02T14:00,40.4,28.1,281.0,15.5,3.0,78.0
2022-10-02T15:00,43.0,29.8,314.0,,3.8,63.0
2022-10-02T16:00,45.2,31.3,331.0,,5.2,54.0
2022-10-02T17:00,45.3,31.4,344.0,,7.1,47.0
2022-10-02T18:00,43.3,30.0,353.0,,10.0,38.0
2022-10-02T19:00,41.3,28.7,351.0,,13.1,33.0
2022-10-02T20:00,39.5,27.4,342.0,,16.8,29.0
2022-10-02T21:00,37.0,25.7,325.0,,19.6,27.0
2022-10-02T22:00,34.0,23.6,307.0,,18.5,30.0
2022-10-02T23:00,32.2,22.4,285.0,,15.6,37.0
2022-10-03T00:00,27.8,19.2,242.0,11.2,13.1,50.0
2022-10-03T01:00,25.6,17.7,245.0,11.4,12.1,50.0
2022-10-03T02:00,24.0,16.6,248.0,11.4,10.7,49.0
2022-10-03T03:00,24.0,16.6,249.0,10.7,8.6,55.0
2022-10-03T04:00,25.3,17.5,243.0,8.6,6.7,69.0
2022-10-03T05:00,28.9,20.0,233.0,5.6,4.6,88.0
2022-10-03T06:00,34.1,23.6,220.0,2.6,2.7,109.0
2022-10-03T07:00,38.6,26.7,212.0,2.0,2.5,118.0
2022-10-03T08:00,44.4,30.5,204.0,2.0,3.0,122.0
2022-10-03T09:00,45.5,31.3,199.0,3.1,3.7,124.0
2022-10-03T10:00,44.6,30.6,199.0,4.4,4.1,121.0
2022-10-03T11:00,43.3,29.7,203.0,6.3,4.6,114.0
2022-10-03T12:00,41.6,28.6,218.0,10.3,5.1,95.0
2022-10-03T13:00,44.0,30.3,236.0,12.5,5.2,87.0
2022-10-03T14:00,48.9,33.8,262.0,15.8,5.3,76.0
2022-10-03T15:00,56.5,39.0,300.0,,6.0,61.0
2022-10-03T16:00,62.4,43.2,333.0,,6.8,50.0
2022-10-03T17:00,65.9,45.6,369.0,,7.8,39.0
2022-10-03T18:00,63.6,44.0,,,10.4,29.0
2022-10-03T19:00,61.0,42.0,,,14.4,27.0
2022-10-03T20:00,64.3,44.2,,,19.5,27.0
2022-10-03T21:00,61.7,42.5,364.0,,24.6,29.0
2022-10-03T22:00,58.7,40.2,342.0,,,29.0
2022-10-03T23:00,56.9,38.9,315.0,,,30.0
2022-10-04T00:00,45.3,31.2,321.0,,23.5,10.0
2022-10-04T01:00,42.8,29.5,316.0,,19.4,22.0
2022-10-04T02:00,41.0,28.2,310.0,,13.6,38.0
2022-10-04T03:00,39.5,27.1,297.0,11.5,7.4,60.0
2022-10-04T04:00,38.4,26.3,282.0,5.8,5.5,74.0
2022-10-04T05:00,38.9,26.7,265.0,4.3,4.8,88.0
2022-10-04T06:00,40.9,27.9,244.0,4.1,4.6,102.0
2022-10-04T07:00,44.8,30.6,233.0,3.4,4.6,109.0
2022-10-04T08:00,49.1,33.6,224.0,3.5,4.9,114.0
2022-10-04T09:00,51.5,35.2,219.0,4.7,5.5,116.0
2022-10-04T10:00,52.2,35.5,219.0,6.1,5.8,113.0
2022-10-04T11:00,51.9,35.3,224.0,8.2,6.2,107.0
2022-10-04T12:00,49.9,33.9,234.0,11.9,6.3,93.0
2022-10-04T13:00,55.9,38.0,258.0,,6.7,81.0
2022-10-04T14:00,62.4,42.5,292.0,,7.2,64.0
2022-10-04T15:00,67.1,45.9,331.0,,9.1,45.0
2022-10-04T16:00,68.5,46.9,352.0,,12.8,39.0
2022-10-04T17:00,63.6,43.4,369.0,,17.5,36.0
2022-10-04T18:00,62.4,42.5,371.0,,21.4,37.0
2022-10-04T19:00,59.8,40.4,344.0,,20.1,42.0
2022-10-04T20:00,51.8,34.8,300.0,,16.9,51.0
2022-10-04T21:00,45.2,30.3,251.0,,13.6,61.0
2022-10-04T22:00,43.9,29.6,235.0,,14.0,65.0
2022-10-04T23:00,43.4,29.3,228.0,14.8,15.6,67.0
2022-10-05T00:00,49.0,33.1,243.0,9.8,11.8,67.0
2022-10-05T01:00,49.5,33.4,256.0,10.9,12.1,64.0
2022-10-05T02:00,49.9,33.9,275.0,12.5,12.4,60.0
2022-10-05T03:00,51.6,35.0,297.0,13.2,12.4,62.0
2022-10-05T04:00,53.7,36.7,306.0,11.5,11.4,76.0
2022-10-05T05:00,56.9,39.0,311.0,8.6,9.8,97.0
2022-10-05T06:00,59.6,40.9,315.0,5.7,8.7,121.0
2022-10-05T07:00,61.0,41.9,315.0,5.2,9.5,133.0
2022-10-05T08:00,63.8,43.7,313.0,5.5,11.2,141.0
2022-10-05T09:00,68.2,46.4,313.0,7.3,13.8,148.0
2022-10-05T10:00,72.4,49.0,318.0,10.2,16.0,148.0
2022-10-05T11:00,74.7,50.3,325.0,14.1,18.5,145.0
2022-10-05T12:00,41.6,28.6,241.0,7.9,7.9,92.0
2022-10-05T13:00,39.9,27.5,246.0,8.9,8.1,90.0
2022-10-05T14:00,39.3,27.1,254.0,10.1,8.4,88.0
2022-10-05T15:00,39.8,27.4,263.0,11.9,9.1,84.0
2022-10-05T16:00,41.1,28.3,267.0,12.1,9.1,83.0
2022-10-05T17:00,41.7,28.6,270.0,11.9,8.9,83.0
2022-10-05T18:00,42.4,28.9,271.0,16.8,12.8,77.0
2022-10-05T19:00,41.6,28.1,267.0,,22.0,64.0
2022-10-05T20:00,40.9,27.8,261.0,,,46.0
2022-10-05T21:00,39.5,27.0,254.0,,,27.0
2022-10-05T22:00,38.2,26.1,250.0,,,22.0
2022-10-05T23:00,35.9,24.7,247.0,,,21.0
2022-10-06T00:00,36.3,25.0,251.0,,,27.0
2022-10-06T01:00,34.1,23.6,249.0,,,34.0
2022-10-06T02:00,31.9,22.2,245.0,,,45.0
2022-10-06T03:00,29.2,20.3,239.0,,,59.0
2022-10-06T04:00,28.3,19.7,232.0,,23.9,68.0
2022-10-06T05:00,28.8,20.0,224.0,,20.5,76.0
2022-10-06T06:00,30.3,21.1,218.0,,18.3,84.0
2022-10-06T07:00,32.6,22.7,219.0,,19.0,86.0
2022-10-06T08:00,34.7,24.2,223.0,,21.4,87.0
2022-10-06T09:00,36.1,25.2,230.0,,25.0,87.0
2022-10-06T10:00,37.3,26.0,236.0,,,89.0
2022-10-06T11:00,37.7,26.3,242.0,,,91.0
2022-10-06T12:00,46.8,32.4,289.0,,,118.0
2022-10-06T13:00,47.8,32.8,284.0,,,114.0
2022-10-06T14:00,47.3,32.0,278.0,,,109.0
2022-10-06T15:00,42.7,28.5,271.0,,,99.0
2022-10-06T16:00,37.6,25.1,270.0,,,89.0
2022-10-06T17:00,35.3,23.9,271.0,,,76.0
2022-10-06T18:00,34.1,23.2,270.0,,,64.0
2022-10-06T19:00,32.0,21.8,264.0,,,62.0
2022-10-06T20:00,29.8,20.4,254.0,,,63.0
2022-10-06T21:00,28.9,19.9,244.0,,,65.0
2022-10-06T22:00,29.2,20.0,239.0,,,65.0
2022-10-06T23:00,30.4,20.8,236.0,,,65.0
2022-10-07T00:00,43.5,28.8,259.0,,,50.0
2022-10-07T01:00,39.5,25.9,254.0,,,55.0
2022-10-07T02:00,37.4,24.8,247.0,,,62.0
2022-10-07T03:00,32.0,21.2,234.0,16.9,,72.0
2022-10-07T04:00,28.9,19.3,220.0,12.1,,82.0
2022-10-07T05:00,26.5,17.8,204.0,6.9,15.1,92.0
2022-10-07T06:00,24.2,16.3,186.0,1.8,4.2,102.0
2022-10-07T07:00,22.1,14.9,179.0,0.6,1.4,103.0
2022-10-07T08:00,22.4,15.2,176.0,0.9,1.1,101.0
2022-10-07T09:00,22.8,15.5,176.0,2.0,1.8,97.0
2022-10-07T10:00,22.5,15.3,179.0,2.8,2.0,95.0
2022-10-07T11:00,22.2,15.1,184.0,4.2,2.5,92.0
2022-10-07T12:00,41.7,27.9,235.0,,,80.0
2022-10-07T13:00,38.4,25.5,229.0,,,80.0
2022-10-07T14:00,36.3,23.9,220.0,14.8,,80.0
2022-10-07T15:00,34.9,22.8,210.0,11.3,23.3,79.0
2022-10-07T16:00,33.5,21.7,203.0,8.9,20.3,79.0
2022-10-07T17:00,33.4,21.6,198.0,6.6,17.5,79.0
2022-10-07T18:00,33.1,21.3,196.0,8.3,17.1,75.0
2022-10-07T19:00,33.6,21.8,203.0,16.1,20.9,66.0
2022-10-07T20:00,34.7,22.5,215.0,,,53.0
2022-10-07T21:00,36.1,23.6,231.0,,,38.0
2022-10-07T22:00,37.6,24.7,242.0,,,30.0
2022-10-07T23:00,38.4,25.4,253.0,,,23.0
2022-10-08T00:00,36.2,24.2,261.0,,,19.0
2022-10-08T01:00,35.5,23.9,269.0,,,24.0
2022-10-08T02:00,35.3,23.7,280.0,,,32.0
2022-10-08T03:00,36.7,24.9,290.0,,,44.0
2022-10-08T04:00,39.2,26.5,291.0,,,55.0
2022-10-08T05:00,41.0,27.6,288.0,,,68.0
2022-10-08T06:00,43.9,29.6,283.0,,,85.0
2022-10-08T07:00,47.4,31.8,278.0,,,96.0
2022-10-08T08:00,48.4,32.5,272.0,,,107.0
2022-10-08T09:00,50.9,34.1,267.0,16.5,,118.0
2022-10-08T10:00,51.6,34.5,267.0,,,121.0
2022-10-08T11:00,50.8,33.6,270.0,,,121.0
2022-10-08T12:00,53.1,33.9,276.0,10.6,,133.0
2022-10-08T13:00,55.4,34.7,285.0,10.6,25.1,131.0
2022-10-08T14:00,57.5,35.4,297.0,10.6,22.6,128.0
2022-10-08T15:00,56.9,35.2,313.0,10.6,19.9,123.0
2022-10-08T16:00,55.3,34.5,323.0,10.6,18.6,120.0
2022-10-08T17:00,56.0,35.0,332.0,10.4,17.9,117.0
2022-10-08T18:00,56.6,35.6,342.0,10.1,17.4,112.0
2022-10-08T19:00,57.2,36.1,349.0,9.8,17.6,109.0
2022-10-08T20:00,57.2,36.0,354.0,9.2,18.4,105.0
2022-10-08T21:00,57.5,36.3,359.0,8.6,18.6,100.0
2022-10-08T22:00,56.2,35.7,360.0,8.1,17.8,95.0
2022-10-08T23:00,54.6,34.9,360.0,7.7,16.4,89.0
2022-10-09T00:00,38.6,25.9,288.0,5.7,13.1,86.0
2022-10-09T01:00,38.6,25.9,287.0,6.8,14.4,86.0
2022-10-09T02:00,38.1,25.5,284.0,8.4,16.2,85.0
2022-10-09T03:00,38.4,25.7,279.0,9.3,17.4,89.0
2022-10-09T04:00,39.5,26.4,271.0,7.8,15.9,99.0
2022-10-09T05:00,41.1,27.5,261.0,5.3,13.4,112.0
2022-10-09T06:00,41.6,28.0,250.0,2.6,10.5,127.0
2022-10-09T07:00,39.6,26.8,245.0,2.0,9.8,134.0
2022-10-09T08:00,41.8,28.3,241.0,1.9,9.6,139.0
2022-10-09T09:00,43.3,29.3,239.0,2.2,9.8,143.0
2022-10-09T10:00,42.5,28.5,241.0,3.0,10.1,144.0
2022-10-09T11:00,41.3,27.5,244.0,4.0,10.6,144.0
2022-10-09T12:00,42.7,27.8,255.0,4.5,11.1,146.0
2022-10-09T13:00,39.0,24.9,243.0,4.3,9.9,136.0
2022-10-09T14:00,33.9,21.2,225.0,4.1,8.2,122.0
2022-10-09T15:00,27.7,17.0,200.0,3.8,6.2,103.0
2022-10-09T16:00,22.4,13.6,182.0,3.8,4.9,90.0
2022-10-09T17:00,17.8,10.7,164.0,3.8,3.9,77.0
2022-10-09T18:00,15.7,9.5,145.0,3.8,3.0,64.0
2022-10-09T19:00,13.6,8.2,136.0,3.4,2.8,59.0
2022-10-09T20:00,12.0,7.3,129.0,2.9,2.8,57.0
2022-10-09T21:00,11.4,7.0,125.0,2.5,3.2,56.0
2022-10-09T22:00,11.4,7.0,125.0,2.4,3.4,56.0
2022-10-09T23:00,11.4,7.1,127.0,2.5,3.7,57.0
2022-10-10T00:00,21.7,13.9,200.0,13.8,,73.0
2022-10-10T01:00,23.3,15.1,210.0,14.8,,71.0
2022-10-10T02:00,24.9,16.4,225.0,16.2,,68.0
2022-10-10T03:00,26.2,17.4,240.0,,,69.0
2022-10-10T04:00,28.8,19.2,244.0,16.2,,75.0
2022-10-10T05:00,31.7,21.2,244.0,14.4,,84.0
2022-10-10T06:00,36.0,24.1,240.0,11.6,,98.0
2022-10-10T07:00,38.5,25.7,235.0,9.2,,111.0
2022-10-10T08:00,39.9,26.4,228.0,6.7,,126.0
2022-10-10T09:00,39.3,25.7,217.0,3.8,23.5,139.0
2022-10-10T10:00,36.8,23.6,208.0,2.6,17.5,139.0
2022-10-10T11:00,32.0,20.2,198.0,2.0,11.4,134.0
2022-10-10T12:00,21.2,13.0,190.0,2.0,5.4,120.0
2022-10-10T13:00,20.4,12.4,190.0,2.0,4.5,116.0
2022-10-10T14:00,18.7,11.2,190.0,2.0,3.1,111.0
2022-10-10T15:00,17.8,10.6,186.0,1.8,1.6,103.0
2022-10-10T16:00,17.0,10.0,179.0,1.5,1.0,97.0
2022-10-10T17:00,16.0,9.3,168.0,1.2,0.8,92.0
2022-10-10T18:00,16.4,9.4,155.0,0.8,0.6,85.0
2022-10-10T19:00,16.4,9.3,146.0,0.5,0.4,81.0
2022-10-10T20:00,15.3,8.7,138.0,0.3,0.3,78.0
2022-10-10T21:00,14.8,8.4,129.0,0.2,0.3,75.0
2022-10-10T22:00,14.8,8.3,124.0,0.0,0.0,73.0
2022-10-10T23:00,14.8,8.3,119.0,0.0,0.0,72.0
2022-10-11T00:00,22.4,13.7,164.0,5.3,5.2,74.0
2022-10-11T01:00,23.9,14.9,172.0,6.9,9.1,73.0
2022-10-11T02:00,24.0,15.1,183.0,9.2,14.5,73.0
2022-10-11T03:00,23.3,14.8,192.0,10.8,19.1,74.0
2022-10-11T04:00,23.8,15.2,192.0,9.6,18.4,79.0
2022-10-11T05:00,23.6,15.0,187.0,7.2,15.4,85.0
2022-10-11T06:00,22.9,14.6,177.0,4.1,10.9,91.0
2022-10-11T07:00,22.1,13.9,165.0,2.7,7.6,90.0
2022-10-11T08:00,19.8,12.3,151.0,1.5,4.0,86.0
2022-10-11T09:00,17.4,10.6,134.0,0.6,0.4,80.0
2022-10-11T10:00,14.3,8.4,125.0,0.4,0.0,74.0
2022-10-11T11:00,13.0,7.5,119.0,0.6,0.0,67.0
2022-10-11T12:00,12.3,7.1,118.0,1.0,0.4,60.0
2022-10-11T13:00,11.8,6.8,119.0,1.2,0.4,59.0
2022-10-11T14:00,12.1,6.9,120.0,1.4,0.3,58.0
2022-10-11T15:00,12.5,7.1,121.0,1.6,0.3,56.0
2022-10-11T16:00,13.0,7.5,121.0,1.6,0.3,56.0
2022-10-11T17:00,13.3,7.6,121.0,1.5,0.3,56.0
2022-10-11T18:00,13.5,7.7,120.0,1.4,0.3,56.0
2022-10-11T19:00,14.1,8.1,119.0,0.9,0.1,57.0
2022-10-11T20:00,14.8,8.5,117.0,0.2,0.0,58.0
2022-10-11T21:00,14.9,8.6,117.0,0.7,0.3,59.0
2022-10-11T22:00,15.1,8.8,119.0,3.0,1.6,58.0
2022-10-11T23:00,15.1,9.0,123.0,6.4,3.5,56.0
2022-10-12T00:00,25.3,16.2,203.0,,,39.0
2022-10-12T01:00,27.6,17.8,210.0,,,42.0
2022-10-12T02:00,28.7,18.6,220.0,,,48.0
2022-10-12T03:00,28.9,18.7,226.0,,,59.0
2022-10-12T04:00,28.7,18.4,220.0,14.9,,73.0
2022-10-12T05:00,28.1,17.8,209.0,10.4,,91.0
2022-10-12T06:00,31.0,19.6,195.0,5.7,23.1,112.0
2022-10-12T07:00,32.4,20.3,187.0,3.5,18.1,122.0
2022-10-12T08:00,33.2,20.6,180.0,2.3,12.9,130.0
2022-10-12T09:00,32.4,19.8,172.0,1.5,7.2,134.0
2022-10-12T10:00,29.4,17.6,168.0,1.3,4.6,131.0
2022-10-12T11:00,27.2,16.1,165.0,1.6,3.0,123.0
2022-10-12T12:00,33.9,19.5,163.0,4.4,9.6,126.0
2022-10-12T13:00,32.4,18.2,159.0,3.3,7.6,120.0
2022-10-12T14:00,29.7,16.4,154.0,2.0,4.7,112.0
2022-10-12T15:00,27.6,15.0,147.0,1.9,2.3,99.0
2022-10-12T16:00,26.0,14.3,142.0,4.4,2.8,87.0
2022-10-12T17:00,23.7,13.4,138.0,8.4,4.7,73.0
2022-10-12T18:00,21.8,12.7,136.0,14.0,7.7,56.0
2022-10-12T19:00,20.2,11.9,139.0,,10.0,46.0
2022-10-12T20:00,19.0,11.5,144.0,,12.6,38.0
2022-10-12T21:00,19.0,12.0,153.0,,17.0,29.0
2022-10-12T22:00,21.7,14.1,162.0,,21.8,25.0
2022-10-12T23:00,23.7,15.5,172.0,,,22.0
2022-10-13T00:00,26.8,17.4,185.0,,17.1,38.0
2022-10-13T01:00,25.9,16.6,183.0,,19.0,39.0
2022-10-13T02:00,25.1,15.9,179.0,14.8,21.8,41.0
2022-10-13T03:00,24.2,15.3,174.0,11.5,23.8,47.0
2022-10-13T04:00,24.0,15.1,170.0,9.4,22.7,56.0
2022-10-13T05:00,23.9,15.0,165.0,7.4,20.4,68.0
2022-10-13T06:00,25.4,15.9,159.0,5.2,16.6,82.0
2022-10-13T07:00,25.7,16.1,155.0,3.8,13.6,91.0
2022-10-13T08:00,25.4,15.8,151.0,2.7,10.2,98.0
2022-10-13T09:00,22.9,14.0,146.0,1.7,6.3,104.0
2022-10-13T10:00,20.8,12.4,142.0,1.5,4.4,103.0
2022-10-13T11:00,18.7,11.0,139.0,1.7,3.0,99.0
2022-10-13T12:00,21.2,12.8,151.0,2.6,7.1,109.0
2022-10-13T13:00,18.7,10.9,152.0,3.0,6.2,104.0
2022-10-13T14:00,18.3,10.7,153.0,3.5,5.0,97.0
2022-10-13T15:00,18.0,10.5,155.0,4.2,3.8,89.0
2022-10-13T16:00,17.8,10.4,158.0,4.7,3.5,85.0
2022-10-13T17:00,17.7,10.4,161.0,5.3,3.7,82.0
2022-10-13T18:00,18.0,10.9,166.0,5.7,4.2,79.0
2022-10-13T19:00,19.0,11.9,171.0,5.5,4.6,78.0
2022-10-13T20:00,19.4,12.4,177.0,5.0,5.1,78.0
2022-10-13T21:00,20.4,13.2,181.0,4.3,6.3,78.0
2022-10-13T22:00,20.4,13.5,179.0,4.0,7.7,77.0
2022-10-13T23:00,17.8,11.8,174.0,3.7,9.4,75.0
2022-10-14T00:00,23.1,15.1,203.0,14.1,,58.0
2022-10-14T01:00,23.3,15.4,206.0,13.1,,60.0
2022-10-14T02:00,23.3,15.5,211.0,11.8,,62.0
2022-10-14T03:00,23.0,15.4,216.0,9.8,,69.0
2022-10-14T04:00,24.3,16.4,216.0,8.3,,79.0
2022-10-14T05:00,27.2,18.5,214.0,6.7,,93.0
2022-10-14T06:00,32.0,21.9,212.0,5.0,,109.0
2022-10-14T07:00,35.0,24.1,212.0,4.2,,118.0
2022-10-14T08:00,37.0,25.3,212.0,3.8,,124.0
2022-10-14T09:00,36.9,25.1,213.0,3.7,22.1,130.0
2022-10-14T10:00,35.6,24.2,214.0,4.2,19.8,131.0
2022-10-14T11:00,34.3,23.3,215.0,4.9,17.9,129.0
2022-10-14T12:00,37.7,24.7,223.0,4.8,18.5,138.0
2022-10-14T13:00,38.5,24.8,226.0,4.8,17.3,137.0
2022-10-14T14:00,39.1,24.6,229.0,4.9,15.6,135.0
2022-10-14T15:00,37.1,22.9,229.0,5.1,13.1,130.0
2022-10-14T16:00,33.2,20.1,221.0,5.3,11.1,123.0
2022-10-14T17:00,30.4,18.5,209.0,5.7,9.0,113.0
2022-10-14T18:00,27.0,16.4,195.0,5.8,6.7,102.0
2022-10-14T19:00,23.8,14.7,188.0,5.4,5.8,96.0
2022-10-14T20:00,20.9,13.1,183.0,4.8,5.3,90.0
2022-10-14T21:00,18.2,11.6,181.0,4.2,5.2,85.0
2022-10-14T22:00,16.8,10.9,184.0,4.0,5.6,82.0
2022-10-14T23:00,15.8,10.3,190.0,3.8,6.2,81.0
2022-10-15T00:00,11.2,7.5,168.0,2.5,2.8,82.0
2022-10-15T01:00,9.0,6.2,174.0,3.2,3.1,80.0
2022-10-15T02:00,9.1,6.3,183.0,4.1,3.5,78.0
2022-10-15T03:00,10.2,7.1,194.0,4.7,4.0,80.0
2022-10-15T04:00,12.8,8.9,200.0,4.2,4.4,89.0
2022-10-15T05:00,15.7,10.9,205.0,3.2,4.9,102.0
2022-10-15T06:00,17.8,12.3,208.0,2.0,5.6,117.0
2022-10-15T07:00,18.7,13.0,206.0,1.7,5.9,124.0
2022-10-15T08:00,19.6,13.4,202.0,1.6,6.2,128.0
2022-10-15T09:00,19.6,13.1,193.0,1.6,6.3,130.0
2022-10-15T10:00,19.1,12.4,183.0,1.8,6.0,126.0
2022-10-15T11:00,17.9,11.1,171.0,2.2,5.4,120.0
2022-10-15T12:00,16.1,9.6,158.0,2.5,4.4,110.0
2022-10-15T13:00,14.9,8.8,153.0,2.4,3.6,104.0
2022-10-15T14:00,13.9,8.1,149.0,2.0,2.6,97.0
2022-10-15T15:00,12.4,7.2,146.0,2.3,2.0,89.0
2022-10-15T16:00,11.7,6.9,143.0,3.5,2.2,84.0
2022-10-15T17:00,10.5,6.3,140.0,5.3,2.8,78.0
2022-10-15T18:00,10.6,6.5,139.0,7.7,4.8,73.0
2022-10-15T19:00,11.2,7.1,142.0,9.4,7.3,70.0
2022-10-15T20:00,12.2,7.7,146.0,10.9,10.6,69.0
2022-10-15T21:00,12.6,8.1,154.0,12.5,15.0,67.0
2022-10-15T22:00,13.0,8.5,160.0,12.9,17.7,66.0
2022-10-15T23:00,13.4,8.9,166.0,12.7,20.3,65.0
2022-10-16T00:00,12.6,8.0,141.0,12.1,15.9,71.0
2022-10-16T01:00,13.8,8.8,150.0,12.4,21.0,71.0
2022-10-16T02:00,14.9,9.7,163.0,12.8,,71.0
2022-10-16T03:00,15.4,10.1,175.0,12.4,,75.0
2022-10-16T04:00,16.6,10.9,176.0,10.4,,83.0
2022-10-16T05:00,18.7,12.3,174.0,7.7,,95.0
2022-10-16T06:00,19.7,13.0,168.0,4.4,19.3,107.0
2022-10-16T07:00,20.8,13.6,163.0,3.0,14.4,112.0
2022-10-16T08:00,20.3,13.0,157.0,1.8,9.4,114.0
2022-10-16T09:00,18.6,11.7,150.0,0.9,4.2,114.0
2022-10-16T10:00,16.4,10.1,148.0,0.9,2.3,111.0
2022-10-16T11:00,14.8,8.9,147.0,1.2,1.6,105.0
2022-10-16T12:00,19.2,11.7,150.0,1.6,2.2,105.0
2022-10-16T13:00,17.9,10.7,151.0,1.9,2.0,100.0
2022-10-16T14:00,17.1,10.1,153.0,2.2,1.6,93.0
2022-10-16T15:00,16.2,9.7,151.0,2.3,1.1,84.0
2022-10-16T16:00,15.9,9.5,144.0,1.9,0.8,80.0
2022-10-16T17:00,14.7,8.7,134.0,1.2,0.5,76.0
2022-10-16T18:00,13.8,8.1,124.0,1.0,0.6,72.0
2022-10-16T19:00,13.9,8.2,122.0,2.0,1.6,70.0
2022-10-16T20:00,14.0,8.4,123.0,3.4,3.2,68.0
2022-10-16T21:00,13.8,8.4,125.0,4.9,4.8,67.0
2022-10-16T22:00,13.3,8.2,125.0,5.2,5.1,66.0
2022-10-16T23:00,13.0,8.0,124.0,5.2,4.9,66.0
2022-10-17T00:00,14.4,9.2,138.0,13.4,10.1,52.0
2022-10-17T01:00,14.0,9.0,140.0,12.1,9.3,53.0
2022-10-17T02:00,13.8,8.8,142.0,10.1,8.1,55.0
2022-10-17T03:00,13.7,8.8,144.0,7.8,7.0,58.0
2022-10-17T04:00,14.9,9.7,144.0,6.8,6.9,60.0
2022-10-17T05:00,16.0,10.5,142.0,6.0,7.2,63.0
2022-10-17T06:00,17.5,11.5,140.0,5.1,7.4,68.0
2022-10-17T07:00,18.0,11.8,138.0,4.2,7.3,74.0
2022-10-17T08:00,17.4,11.4,137.0,3.3,7.2,80.0
2022-10-17T09:00,16.7,10.8,135.0,2.6,6.4,87.0
2022-10-17T10:00,15.9,10.2,135.0,2.4,5.1,89.0
2022-10-17T11:00,15.0,9.5,136.0,2.5,3.2,89.0
2022-10-17T12:00,16.3,10.1,134.0,5.1,5.6,82.0
2022-10-17T13:00,14.8,9.0,133.0,4.4,4.4,80.0
2022-10-17T14:00,13.6,8.1,131.0,3.3,2.8,77.0
2022-10-17T15:00,12.6,7.5,128.0,2.3,1.1,73.0
2022-10-17T16:00,12.0,7.0,126.0,1.8,0.6,71.0
2022-10-17T17:00,11.4,6.7,124.0,1.5,0.6,69.0
2022-10-17T18:00,11.7,7.0,123.0,2.3,1.6,66.0
2022-10-17T19:00,12.1,7.4,124.0,4.5,3.5,63.0
2022-10-17T20:00,13.3,8.2,126.0,7.7,6.2,59.0
2022-10-17T21:00,13.6,8.5,129.0,11.8,10.6,55.0
2022-10-17T22:00,14.3,9.0,132.0,14.4,14.8,52.0
2022-10-17T23:00,14.8,9.5,135.0,16.9,19.6,49.0
2022-10-18T00:00,22.0,14.5,193.0,,22.8,43.0
2022-10-18T01:00,23.6,15.7,201.0,15.1,19.6,46.0
2022-10-18T02:00,25.1,16.8,213.0,11.9,15.1,51.0
2022-10-18T03:00,25.0,16.7,224.0,7.9,10.1,62.0
2022-10-18T04:00,24.8,16.6,223.0,5.8,8.2,76.0
2022-10-18T05:00,25.9,17.4,218.0,3.8,7.3,93.0
2022-10-18T06:00,28.3,19.0,213.0,2.0,6.8,113.0
2022-10-18T07:00,29.9,20.1,213.0,1.5,6.9,123.0
2022-10-18T08:00,29.6,19.7,214.0,1.6,7.6,129.0
2022-10-18T09:00,32.1,20.9,215.0,2.2,8.2,134.0
2022-10-18T10:00,31.9,20.3,214.0,2.5,8.4,133.0
2022-10-18T11:00,28.2,17.6,212.0,2.9,8.5,130.0
2022-10-18T12:00,27.3,16.9,212.0,4.4,8.8,122.0
2022-10-18T13:00,27.8,17.2,215.0,7.2,9.2,113.0
2022-10-18T14:00,27.4,17.1,219.0,10.8,9.9,103.0
2022-10-18T15:00,23.9,15.1,224.0,13.9,10.6,91.0
2022-10-18T16:00,22.4,14.6,225.0,13.5,10.8,87.0
2022-10-18T17:00,20.4,13.4,226.0,11.8,10.9,85.0
2022-10-18T18:00,19.0,12.7,226.0,9.1,10.4,84.0
2022-10-18T19:00,18.5,12.5,226.0,7.4,8.8,83.0
2022-10-18T20:00,17.8,12.0,225.0,5.6,6.5,82.0
2022-10-18T21:00,17.5,11.9,225.0,3.8,4.5,81.0
2022-10-18T22:00,17.7,12.1,226.0,3.2,4.7,79.0
2022-10-18T23:00,18.3,12.5,227.0,3.2,5.8,77.0
2022-10-19T00:00,19.2,13.0,234.0,3.8,7.3,73.0
2022-10-19T01:00,21.3,14.3,248.0,5.2,8.1,68.0
2022-10-19T02:00,23.6,15.9,266.0,7.4,9.0,63.0
2022-10-19T03:00,25.8,17.5,279.0,8.9,9.6,62.0
2022-10-19T04:00,27.5,18.6,268.0,7.9,9.1,70.0
2022-10-19T05:00,27.0,18.2,247.0,5.7,8.1,83.0
2022-10-19T06:00,26.8,17.9,227.0,3.3,7.1,100.0
2022-10-19T07:00,27.2,18.1,227.0,2.6,6.6,111.0
2022-10-19T08:00,29.2,19.4,235.0,2.3,6.3,122.0
2022-10-19T09:00,31.5,20.9,252.0,3.2,7.3,133.0
2022-10-19T10:00,32.4,21.2,271.0,5.4,10.1,137.0
2022-10-19T11:00,34.8,22.4,295.0,8.7,14.1,139.0
2022-10-19T12:00,34.2,21.8,324.0,12.9,18.6,137.0
2022-10-19T13:00,34.1,21.7,342.0,15.6,20.7,130.0
2022-10-19T14:00,34.3,21.8,358.0,,22.2,119.0
2022-10-19T15:00,32.1,20.4,368.0,,22.4,105.0
2022-10-19T16:00,30.0,19.1,360.0,,20.4,97.0
2022-10-19T17:00,27.6,17.8,342.0,,16.9,91.0
2022-10-19T18:00,25.5,16.6,320.0,16.6,12.8,85.0
2022-10-19T19:00,23.5,15.7,309.0,13.6,10.9,84.0
2022-10-19T20:00,22.3,15.0,300.0,9.8,9.4,84.0
2022-10-19T21:00,21.7,14.7,291.0,5.7,8.1,86.0
2022-10-19T22:00,21.3,14.5,286.0,4.2,7.3,87.0
2022-10-19T23:00,21.0,14.3,284.0,3.7,6.8,89.0
2022-10-20T00:00,11.2,7.2,230.0,0.3,1.7,98.0
2022-10-20T01:00,8.9,5.8,239.0,1.4,1.9,97.0
2022-10-20T02:00,8.4,5.5,252.0,2.8,2.0,95.0
2022-10-20T03:00,9.0,5.9,267.0,4.0,2.3,95.0
2022-10-20T04:00,11.1,7.3,274.0,3.9,2.6,100.0
2022-10-20T05:00,15.0,10.0,279.0,3.2,2.9,106.0
2022-10-20T06:00,18.3,12.1,279.0,2.5,3.2,114.0
2022-10-20T07:00,20.2,13.2,272.0,2.1,3.2,117.0
2022-10-20T08:00,22.5,14.5,260.0,1.8,3.2,119.0
2022-10-20T09:00,21.9,13.8,245.0,1.8,3.3,117.0
2022-10-20T10:00,21.0,12.8,238.0,2.3,3.6,109.0
2022-10-20T11:00,19.8,11.6,232.0,3.2,4.1,98.0
2022-10-20T12:00,24.2,14.4,240.0,4.6,4.7,95.0
2022-10-20T13:00,22.8,13.2,235.0,4.6,4.7,88.0
2022-10-20T14:00,20.9,11.8,229.0,4.5,4.6,78.0
2022-10-20T15:00,20.3,11.2,220.0,4.2,4.2,68.0
2022-10-20T16:00,18.6,10.2,214.0,3.8,3.6,66.0
2022-10-20T17:00,16.9,9.3,207.0,3.2,2.8,66.0
2022-10-20T18:00,15.7,8.6,200.0,2.5,1.9,68.0
2022-10-20T19:00,14.9,8.2,196.0,2.1,1.7,69.0
2022-10-20T20:00,14.2,7.9,193.0,1.6,1.7,70.0
2022-10-20T21:00,13.3,7.4,190.0,1.2,1.7,71.0
2022-10-20T22:00,11.8,6.6,188.0,0.8,1.5,72.0
2022-10-20T23:00,10.9,6.2,185.0,0.4,1.2,74.0
2022-10-21T00:00,10.5,6.0,189.0,1.4,1.8,71.0
2022-10-21T01:00,10.1,5.9,194.0,2.3,2.0,69.0
2022-10-21T02:00,10.3,6.1,201.0,3.7,2.2,67.0
2022-10-21T03:00,11.3,6.8,206.0,4.7,2.5,67.0
2022-10-21T04:00,12.8,7.7,204.0,4.2,2.5,71.0
2022-10-21T05:00,15.4,9.3,198.0,3.1,2.4,77.0
2022-10-21T06:00,16.8,10.2,192.0,1.8,2.2,84.0
2022-10-21T07:00,18.7,11.2,189.0,1.3,2.0,88.0
2022-10-21T08:00,21.0,12.5,187.0,1.0,1.6,92.0
2022-10-21T09:00,20.4,12.1,188.0,1.3,1.8,94.0
2022-10-21T10:00,20.6,12.1,195.0,2.3,2.7,93.0
2022-10-21T11:00,20.0,11.5,205.0,3.8,4.1,89.0
2022-10-21T12:00,24.6,14.7,273.0,9.8,14.9,109.0
2022-10-21T13:00,26.8,15.9,286.0,10.9,15.8,105.0
2022-10-21T14:00,27.5,16.2,303.0,12.6,17.0,100.0
2022-10-21T15:00,30.4,17.8,324.0,14.1,18.1,94.0
2022-10-21T16:00,31.2,18.2,333.0,14.3,18.2,92.0
2022-10-21T17:00,33.6,19.6,339.0,13.9,18.0,91.0
2022-10-21T18:00,36.9,21.5,343.0,12.8,16.9,91.0
2022-10-21T19:00,40.7,23.9,341.0,11.3,15.4,93.0
2022-10-21T20:00,46.0,27.1,336.0,9.4,13.4,96.0
2022-10-21T21:00,47.3,27.6,328.0,7.2,11.0,101.0
2022-10-21T22:00,48.3,28.2,322.0,5.8,9.9,104.0
2022-10-21T23:00,48.7,28.6,315.0,4.6,8.9,108.0
2022-10-22T00:00,41.7,24.7,316.0,4.8,10.1,101.0
2022-10-22T01:00,41.6,24.7,320.0,5.2,9.6,105.0
2022-10-22T02:00,41.2,24.9,325.0,5.6,8.8,111.0
2022-10-22T03:00,42.3,25.8,333.0,5.7,7.9,122.0
2022-10-22T04:00,44.7,27.6,341.0,4.8,7.4,135.0
2022-10-22T05:00,47.1,29.5,350.0,3.5,7.0,151.0
2022-10-22T06:00,48.3,30.5,359.0,2.2,6.8,167.0
2022-10-22T07:00,47.5,30.0,360.0,2.0,7.2,173.0
2022-10-22T08:00,45.6,29.0,357.0,2.0,8.0,
2022-10-22T09:00,42.3,26.6,353.0,3.2,9.3,174.0
2022-10-22T10:00,39.6,24.4,351.0,5.4,10.9,164.0
2022-10-22T11:00,35.5,21.4,348.0,8.5,12.8,150.0
2022-10-22T12:00,31.0,18.6,300.0,6.4,5.8,131.0
2022-10-22T13:00,32.1,19.1,305.0,6.8,6.2,126.0
2022-10-22T14:00,35.5,20.7,312.0,7.4,6.7,120.0
2022-10-22T15:00,39.1,22.5,328.0,8.3,8.0,113.0
2022-10-22T16:00,42.5,24.2,349.0,9.1,9.6,111.0
2022-10-22T17:00,47.4,26.8,374.0,9.9,11.7,110.0
2022-10-22T18:00,52.5,29.7,,10.6,14.6,109.0
2022-10-22T19:00,54.6,31.0,,10.6,16.5,108.0
2022-10-22T20:00,57.7,32.7,,10.3,18.5,106.0
2022-10-22T21:00,62.9,34.9,,9.8,21.0,103.0
2022-10-22T22:00,66.8,36.7,,9.2,23.0,99.0
2022-10-22T23:00,68.7,37.6,,8.6,24.8,94.0
2022-10-23T00:00,56.0,32.8,,5.3,20.1,106.0
2022-10-23T01:00,53.4,32.4,,5.8,19.1,110.0
2022-10-23T02:00,51.7,32.2,,6.6,17.8,116.0
2022-10-23T03:00,51.2,32.7,,6.8,16.5,127.0
2022-10-23T04:00,51.7,33.5,,5.7,16.5,141.0
2022-10-23T05:00,51.2,33.8,,4.0,17.0,158.0
2022-10-23T06:00,49.9,33.4,,2.2,17.2,176.0
2022-10-23T07:00,48.8,32.9,,1.9,16.4,
2022-10-23T08:00,46.9,31.8,373.0,2.0,15.1,
2022-10-23T09:00,44.6,30.3,351.0,2.6,13.6,
2022-10-23T10:00,43.0,29.2,341.0,3.3,12.8,
2022-10-23T11:00,41.8,28.5,334.0,4.2,12.2,
2022-10-23T12:00,34.6,23.7,319.0,6.2,12.1,160.0
2022-10-23T13:00,34.2,23.4,326.0,7.4,13.5,156.0
2022-10-23T14:00,35.9,24.6,335.0,9.2,15.6,150.0
2022-10-23T15:00,37.7,25.8,347.0,11.1,18.4,143.0
2022-10-23T16:00,39.8,27.2,349.0,10.2,20.2,140.0
2022-10-23T17:00,41.4,28.1,349.0,8.4,22.0,138.0
2022-10-23T18:00,42.8,28.9,362.0,11.1,24.6,129.0
2022-10-23T19:00,46.0,30.9,,,,111.0
2022-10-23T20:00,52.4,35.3,,,,88.0
2022-10-23T21:00,59.1,40.3,,,,61.0
2022-10-23T22:00,65.4,44.8,,,,47.0
2022-10-23T23:00,71.2,49.2,,,,37.0
2022-10-24T00:00,61.5,42.1,,,,10.0
2022-10-24T01:00,62.6,42.7,,,,14.0
2022-10-24T02:00,63.6,43.5,,,,20.0
2022-10-24T03:00,64.5,44.2,,,,39.0
2022-10-24T04:00,61.2,42.0,,,,70.0
2022-10-24T05:00,53.8,37.0,,,,110.0
2022-10-24T06:00,46.0,31.4,345.0,8.6,17.2,152.0
2022-10-24T07:00,41.6,28.2,300.0,3.0,13.1,163.0
2022-10-24T08:00,40.7,27.7,267.0,1.6,10.5,165.0
2022-10-24T09:00,40.4,27.4,239.0,1.8,8.5,163.0
2022-10-24T10:00,40.0,27.2,231.0,2.2,8.2,162.0
2022-10-24T11:00,40.0,27.3,234.0,3.8,8.9,159.0
2022-10-24T12:00,44.0,30.0,254.0,5.3,8.9,159.0
2022-10-24T13:00,46.1,31.4,256.0,5.1,8.7,158.0
2022-10-24T14:00,46.0,31.3,259.0,4.8,8.4,157.0
2022-10-24T15:00,46.3,31.4,262.0,4.2,8.1,156.0
2022-10-24T16:00,46.6,31.4,262.0,3.5,8.3,158.0
2022-10-24T17:00,46.7,31.3,261.0,2.8,8.6,160.0
2022-10-24T18:00,47.4,31.4,261.0,2.1,9.2,163.0
2022-10-24T19:00,48.8,32.1,262.0,0.8,9.3,165.0
2022-10-24T20:00,51.1,33.3,265.0,0.0,9.3,167.0
2022-10-24T21:00,53.4,34.5,273.0,1.8,10.7,162.0
2022-10-24T22:00,55.2,35.5,286.0,11.1,13.3,148.0
2022-10-24T23:00,56.9,36.6,303.0,,16.9,128.0
2022-10-25T00:00,64.0,41.7,366.0,,24.6,90.0
2022-10-25T01:00,64.0,41.9,,,,83.0
2022-10-25T02:00,66.1,43.8,,,,73.0
2022-10-25T03:00,65.2,43.3,,,,72.0
2022-10-25T04:00,61.7,40.7,,,,90.0
2022-10-25T05:00,59.8,39.3,,,,119.0
2022-10-25T06:00,62.2,41.0,359.0,13.4,,153.0
2022-10-25T07:00,64.3,42.7,352.0,10.1,,169.0
2022-10-25T08:00,65.0,43.3,353.0,9.4,,
2022-10-25T09:00,64.3,43.2,354.0,9.4,,
2022-10-25T10:00,63.6,42.6,353.0,9.2,,
2022-10-25T11:00,62.6,42.0,351.0,9.4,,
2022-10-25T12:00,54.8,37.4,308.0,6.1,,
2022-10-25T13:00,55.4,37.7,308.0,5.7,24.7,
2022-10-25T14:00,54.5,36.8,308.0,5.0,22.5,
2022-10-25T15:00,56.5,37.6,306.0,4.0,19.9,175.0
2022-10-25T16:00,58.9,38.4,300.0,3.2,18.5,175.0
2022-10-25T17:00,60.5,38.5,292.0,2.2,17.3,175.0
2022-10-25T18:00,60.3,37.7,282.0,1.3,16.0,175.0
2022-10-25T19:00,59.1,36.4,275.0,0.9,15.2,174.0
2022-10-25T20:00,57.4,35.0,267.0,0.8,14.6,172.0
2022-10-25T21:00,56.1,34.0,261.0,0.8,14.0,169.0
2022-10-25T22:00,56.3,34.0,259.0,0.8,13.6,166.0
2022-10-25T23:00,57.2,34.6,260.0,0.9,13.1,163.0
2022-10-26T00:00,62.2,39.6,347.0,8.6,20.1,136.0
2022-10-26T01:00,64.0,41.1,,10.4,21.8,130.0
2022-10-26T02:00,67.1,43.3,,12.8,24.1,122.0
2022-10-26T03:00,70.8,45.8,,14.1,,123.0
2022-10-26T04:00,73.1,46.9,,12.1,,142.0
2022-10-26T05:00,68.2,43.1,,8.4,,171.0
2022-10-26T06:00,65.2,41.6,,4.6,,
2022-10-26T07:00,61.5,39.7,363.0,4.0,,
2022-10-26T08:00,59.6,38.9,342.0,4.4,23.4,
2022-10-26T09:00,58.2,38.2,319.0,5.1,20.8,
2022-10-26T10:00,56.5,37.1,306.0,5.1,19.3,
2022-10-26T11:00,54.8,36.1,296.0,5.2,18.0,
2022-10-26T12:00,57.0,37.7,309.0,5.4,19.0,
2022-10-26T13:00,53.6,35.3,297.0,5.2,18.0,
2022-10-26T14:00,48.3,31.4,279.0,4.8,16.5,
2022-10-26T15:00,42.5,26.8,254.0,4.3,13.9,162.0
2022-10-26T16:00,36.1,21.9,233.0,4.0,11.6,149.0
2022-10-26T17:00,31.9,18.7,211.0,3.5,8.9,135.0
2022-10-26T18:00,30.2,17.3,189.0,3.1,5.9,121.0
2022-10-26T19:00,30.2,17.1,181.0,2.8,4.5,117.0
2022-10-26T20:00,31.3,17.8,178.0,2.5,3.7,116.0
2022-10-26T21:00,32.8,18.7,185.0,3.0,3.3,114.0
2022-10-26T22:00,34.2,19.8,197.0,4.7,3.8,108.0
2022-10-26T23:00,36.2,21.2,215.0,7.1,4.9,100.0
2022-10-27T00:00,54.0,34.3,,,22.5,38.0
2022-10-27T01:00,56.9,36.3,,,22.0,48.0
2022-10-27T02:00,56.3,35.9,,,21.5,63.0
2022-10-27T03:00,53.1,33.8,,,21.4,87.0
2022-10-27T04:00,49.4,31.2,,13.9,22.5,110.0
2022-10-27T05:00,48.2,30.0,350.0,9.6,24.2,137.0
2022-10-27T06:00,49.9,30.3,302.0,5.5,24.9,162.0
2022-10-27T07:00,52.6,31.5,286.0,4.4,22.6,167.0
2022-10-27T08:00,51.6,30.6,279.0,4.5,19.0,164.0
2022-10-27T09:00,48.1,28.2,271.0,4.9,14.4,156.0
2022-10-27T10:00,43.9,25.5,260.0,4.8,12.3,149.0
2022-10-27T11:00,39.5,22.9,248.0,4.7,10.6,139.0
2022-10-27T12:00,31.7,18.3,240.0,4.8,10.2,134.0
2022-10-27T13:00,28.3,16.2,236.0,5.8,10.2,123.0
2022-10-27T14:00,24.4,13.9,230.0,7.2,10.1,107.0
2022-10-27T15:00,22.0,12.4,224.0,8.7,10.1,90.0
2022-10-27T16:00,21.4,11.9,224.0,9.4,10.4,84.0
2022-10-27T17:00,21.5,11.8,227.0,9.9,10.8,82.0
2022-10-27T18:00,21.5,11.7,228.0,9.9,10.9,81.0
2022-10-27T19:00,21.2,11.5,226.0,9.1,10.5,81.0
2022-10-27T20:00,22.2,12.2,222.0,7.8,9.9,83.0
2022-10-27T21:00,22.4,12.2,216.0,6.2,8.8,85.0
2022-10-27T22:00,23.5,12.8,209.0,5.2,7.7,87.0
2022-10-27T23:00,24.4,13.4,200.0,4.2,6.6,88.0
2022-10-28T00:00,25.4,14.2,228.0,7.2,9.5,79.0
2022-10-28T01:00,25.8,14.4,228.0,6.9,10.2,81.0
2022-10-28T02:00,25.5,14.3,227.0,6.6,11.3,84.0
2022-10-28T03:00,25.7,14.6,225.0,5.8,11.9,90.0
2022-10-28T04:00,26.8,15.4,223.0,4.9,11.2,99.0
2022-10-28T05:00,29.3,17.0,220.0,3.8,9.9,109.0
2022-10-28T06:00,30.9,17.9,216.0,2.5,7.9,119.0
2022-10-28T07:00,31.3,18.2,213.0,2.0,6.4,120.0
2022-10-28T08:00,29.9,17.5,209.0,1.5,4.9,116.0
2022-10-28T09:00,27.0,15.7,205.0,1.4,3.3,110.0
2022-10-28T10:00,23.4,13.6,203.0,1.7,2.7,104.0
2022-10-28T11:00,21.0,12.2,202.0,2.3,2.5,97.0
2022-10-28T12:00,22.5,12.9,203.0,3.2,3.2,94.0
2022-10-28T13:00,21.5,12.3,202.0,3.4,3.2,90.0
2022-10-28T14:00,21.5,12.2,199.0,3.7,3.2,84.0
2022-10-28T15:00,21.5,12.2,195.0,4.0,3.0,78.0
2022-10-28T16:00,21.4,12.1,190.0,4.0,2.8,76.0
2022-10-28T17:00,22.7,12.7,184.0,3.9,2.7,76.0
2022-10-28T18:00,23.2,12.9,177.0,3.7,2.4,76.0
2022-10-28T19:00,23.6,13.1,173.0,3.3,2.3,76.0
2022-10-28T20:00,24.9,13.7,169.0,3.0,2.3,76.0
2022-10-28T21:00,23.3,13.0,166.0,2.7,2.3,77.0
2022-10-28T22:00,24.2,13.5,164.0,2.5,2.3,78.0
2022-10-28T23:00,24.0,13.4,163.0,2.5,2.3,78.0
2022-10-29T00:00,23.4,13.0,172.0,3.5,2.8,77.0
2022-10-29T01:00,25.1,13.9,185.0,4.7,4.6,77.0
2022-10-29T02:00,25.9,14.5,203.0,6.3,7.1,77.0
2022-10-29T03:00,27.1,15.2,221.0,7.5,9.6,81.0
2022-10-29T04:00,28.3,16.1,225.0,6.7,10.2,91.0
2022-10-29T05:00,30.9,17.5,225.0,5.0,10.2,104.0
2022-10-29T06:00,34.3,19.7,220.0,3.0,9.6,119.0
2022-10-29T07:00,37.3,21.2,213.0,2.2,8.4,125.0
2022-10-29T08:00,39.7,22.1,204.0,1.8,6.8,129.0
2022-10-29T09:00,42.6,23.3,193.0,1.6,4.9,130.0
2022-10-29T10:00,45.5,24.4,187.0,1.9,4.1,126.0
2022-10-29T11:00,45.6,24.1,182.0,2.4,3.3,120.0
2022-10-29T12:00,44.7,24.6,248.0,8.1,11.9,125.0
2022-10-29T13:00,46.0,25.1,251.0,8.3,12.1,122.0
2022-10-29T14:00,47.0,25.1,254.0,8.6,12.4,117.0
2022-10-29T15:00,47.8,25.2,258.0,8.8,12.6,112.0
2022-10-29T16:00,49.0,25.7,259.0,8.6,12.1,111.0
2022-10-29T17:00,51.1,26.9,259.0,8.2,11.4,110.0
2022-10-29T18:00,53.6,28.2,259.0,7.7,10.6,110.0
2022-10-29T19:00,57.5,30.4,259.0,7.3,10.1,110.0
2022-10-29T20:00,56.3,29.9,259.0,6.8,9.8,109.0
2022-10-29T21:00,56.9,30.4,262.0,6.5,9.6,108.0
2022-10-29T22:00,58.4,31.3,268.0,6.6,9.8,106.0
2022-10-29T23:00,59.6,32.0,276.0,6.8,10.2,103.0
2022-10-30T00:00,55.9,30.5,341.0,13.5,15.6,76.0
2022-10-30T01:00,61.0,33.2,352.0,13.9,17.5,80.0
2022-10-30T02:00,65.7,35.6,367.0,14.2,20.1,87.0
2022-10-30T03:00,69.6,38.1,373.0,13.4,21.9,101.0
2022-10-30T04:00,72.9,40.4,356.0,10.7,20.3,121.0
2022-10-30T05:00,74.5,42.0,327.0,6.8,17.2,147.0
2022-10-30T06:00,74.5,42.4,292.0,2.7,13.4,171.0
2022-10-30T07:00,75.2,43.1,275.0,1.5,11.4,173.0
2022-10-30T08:00,75.0,43.0,261.0,1.1,9.7,166.0
2022-10-30T09:00,74.3,42.6,249.0,1.3,8.1,156.0
2022-10-30T10:00,73.8,42.3,246.0,1.5,7.3,150.0
2022-10-30T11:00,73.6,42.1,246.0,2.0,7.0,144.0
2022-10-30T12:00,68.9,39.6,261.0,3.7,10.1,147.0
2022-10-30T13:00,68.9,39.5,264.0,4.3,10.6,142.0
2022-10-30T14:00,68.9,39.6,268.0,5.2,11.2,134.0
2022-10-30T15:00,69.2,39.8,273.0,6.2,11.9,125.0
2022-10-30T16:00,70.3,40.5,276.0,6.4,12.1,121.0
2022-10-30T17:00,71.5,41.1,279.0,6.4,12.2,118.0
2022-10-30T18:00,65.2,37.6,278.0,6.0,12.1,117.0
2022-10-30T19:00,57.5,33.6,271.0,5.2,11.6,118.0
2022-10-30T20:00,56.2,33.2,261.0,4.0,10.9,121.0
2022-10-30T21:00,55.9,32.9,250.0,2.8,10.1,124.0
2022-10-30T22:00,56.3,33.2,246.0,2.2,9.3,126.0
2022-10-30T23:00,55.5,32.6,245.0,1.9,8.5,127.0
2022-10-31T00:00,54.4,31.7,247.0,2.2,9.1,126.0
2022-10-31T01:00,57.3,33.4,259.0,3.1,9.9,125.0
2022-10-31T02:00,63.6,36.9,276.0,4.4,10.9,124.0
2022-10-31T03:00,67.3,39.2,297.0,6.1,11.9,124.0
2022-10-31T04:00,69.2,40.5,308.0,7.3,12.4,126.0
2022-10-31T05:00,73.3,43.2,317.0,8.5,12.6,129.0
2022-10-31T06:00,75.9,45.1,324.0,9.4,12.3,132.0
2022-10-31T07:00,76.4,45.6,325.0,8.8,11.1,134.0
2022-10-31T08:00,73.6,44.6,324.0,7.6,9.5,136.0
2022-10-31T09:00,65.9,40.5,315.0,6.5,7.7,134.0
2022-10-31T10:00,54.5,33.9,302.0,6.8,7.0,126.0
2022-10-31T11:00,42.6,26.7,283.0,7.7,6.8,113.0
2022-10-31T12:00,46.8,30.6,298.0,14.1,14.9,109.0
2022-10-31T13:00,40.0,26.7,288.0,13.9,13.9,102.0
2022-10-31T14:00,34.2,23.1,273.0,13.5,12.4,92.0
2022-10-31T15:00,27.9,18.9,254.0,12.7,10.9,81.0
2022-10-31T16:00,22.4,15.3,241.0,11.6,10.2,78.0
2022-10-31T17:00,20.0,13.6,229.0,10.2,9.9,77.0
2022-10-31T18:00,18.3,12.5,217.0,8.7,9.9,76.0
2022-10-31T19:00,18.1,12.4,213.0,8.1,10.4,75.0
2022-10-31T20:00,18.6,12.8,213.0,7.8,11.3,75.0
2022-10-31T21:00,19.9,13.6,213.0,7.2,12.1,75.0
2022-10-31T22:00,21.1,14.4,211.0,6.4,11.9,75.0
2022-10-31T23:00,20.7,14.0,209.0,5.4,11.2,76.0
2022-11-01T00:00,17.1,11.8,195.0,3.8,7.9,75.0
2022-11-01T01:00,17.6,12.2,202.0,4.2,7.9,76.0
2022-11-01T02:00,17.7,12.3,212.0,4.8,7.9,78.0
2022-11-01T03:00,18.4,12.8,230.0,6.7,8.4,79.0
2022-11-01T04:00,20.8,14.6,250.0,9.8,9.6,76.0
2022-11-01T05:00,24.3,17.1,273.0,13.9,11.2,72.0
2022-11-01T06:00,26.8,18.7,301.0,,12.9,67.0
2022-11-01T07:00,28.4,19.8,315.0,,13.2,66.0
2022-11-01T08:00,24.4,17.1,326.0,,13.1,67.0
2022-11-01T09:00,21.7,15.2,337.0,,12.8,67.0
2022-11-01T10:00,23.1,16.2,343.0,,12.4,65.0
2022-11-01T11:00,24.9,17.4,348.0,,11.8,63.0
2022-11-01T12:00,24.5,17.2,301.0,12.9,8.9,72.0
2022-11-01T13:00,25.9,18.2,315.0,14.4,9.4,69.0
2022-11-01T14:00,26.3,18.4,334.0,16.6,10.2,65.0
2022-11-01T15:00,26.1,18.3,356.0,,11.1,60.0
2022-11-01T16:00,26.5,18.6,366.0,,11.9,58.0
2022-11-01T17:00,25.0,17.5,373.0,,12.7,57.0
2022-11-01T18:00,24.3,17.1,371.0,,12.9,56.0
2022-11-01T19:00,22.6,15.8,355.0,,11.6,57.0
2022-11-01T20:00,20.3,13.9,330.0,16.3,9.6,58.0
2022-11-01T21:00,17.6,11.6,298.0,12.6,7.4,60.0
2022-11-01T22:00,17.8,11.3,278.0,10.4,6.5,61.0
2022-11-01T23:00,17.1,10.7,259.0,8.2,5.9,62.0
2022-11-02T00:00,25.7,17.8,338.0,7.0,14.2,64.0
2022-11-02T01:00,26.8,18.4,340.0,7.4,14.9,64.0
2022-11-02T02:00,27.9,19.0,344.0,7.9,15.9,65.0
2022-11-02T03:00,28.2,19.0,340.0,8.4,16.2,67.0
2022-11-02T04:00,28.1,18.6,326.0,8.6,15.2,69.0
2022-11-02T05:00,27.8,18.1,306.0,8.5,13.6,72.0
2022-11-02T06:00,28.1,18.0,280.0,8.1,11.4,76.0
2022-11-02T07:00,27.9,17.6,266.0,7.5,10.6,79.0
2022-11-02T08:00,27.2,17.0,253.0,6.7,9.9,81.0
2022-11-02T09:00,24.6,15.2,237.0,5.9,8.9,82.0
2022-11-02T10:00,21.8,13.2,224.0,6.2,7.8,78.0
2022-11-02T11:00,20.3,12.3,212.0,6.7,6.4,72.0
2022-11-02T12:00,23.2,15.8,293.0,,11.6,52.0
2022-11-02T13:00,18.9,12.8,294.0,,10.9,52.0
2022-11-02T14:00,17.5,11.7,296.0,,9.9,53.0
2022-11-02T15:00,15.4,10.1,292.0,,8.3,55.0
2022-11-02T16:00,14.6,9.3,279.0,,7.0,58.0
2022-11-02T17:00,14.1,8.5,260.0,15.0,5.6,61.0
2022-11-02T18:00,13.6,8.0,238.0,11.0,4.2,65.0
2022-11-02T19:00,13.9,8.0,229.0,9.2,3.7,66.0
2022-11-02T20:00,13.9,7.8,223.0,8.0,3.5,66.0
2022-11-02T21:00,14.8,8.3,214.0,6.5,3.3,65.0
2022-11-02T22:00,14.7,8.2,203.0,5.1,2.9,65.0
2022-11-02T23:00,14.9,8.3,192.0,3.7,2.3,65.0
2022-11-03T00:00,11.2,6.5,178.0,2.8,2.0,64.0
2022-11-03T01:00,12.1,7.1,180.0,3.2,2.3,63.0
2022-11-03T02:00,12.1,7.1,183.0,3.8,2.7,62.0
2022-11-03T03:00,12.0,7.0,186.0,4.2,3.1,62.0
2022-11-03T04:00,12.5,7.5,185.0,4.0,3.2,63.0
2022-11-03T05:00,13.0,7.9,183.0,3.6,3.2,64.0
2022-11-03T06:00,13.7,8.4,181.0,3.1,3.0,66.0
2022-11-03T07:00,14.1,8.7,180.0,3.0,3.0,67.0
2022-11-03T08:00,16.0,9.9,180.0,3.0,3.0,67.0
2022-11-03T09:00,16.0,9.8,180.0,3.2,2.8,67.0
2022-11-03T10:00,15.3,9.2,179.0,3.4,2.5,66.0
2022-11-03T11:00,13.9,8.2,178.0,3.6,2.2,63.0
2022-11-03T12:00,18.0,10.9,207.0,6.2,3.9,64.0
2022-11-03T13:00,17.5,10.5,209.0,6.5,4.0,63.0
2022-11-03T14:00,16.4,9.7,212.0,6.8,4.2,60.0
2022-11-03T15:00,16.1,9.5,215.0,7.2,4.2,58.0
2022-11-03T16:00,16.1,9.5,215.0,7.3,4.1,57.0
2022-11-03T17:00,16.8,9.8,214.0,7.3,3.8,56.0
2022-11-03T18:00,17.0,9.8,212.0,7.1,3.3,56.0
2022-11-03T19:00,16.2,9.4,208.0,6.5,2.8,56.0
2022-11-03T20:00,16.4,9.5,204.0,5.8,2.3,57.0
2022-11-03T21:00,16.1,9.3,200.0,5.2,2.0,57.0
2022-11-03T22:00,16.0,9.3,201.0,5.6,2.0,57.0
2022-11-03T23:00,15.8,9.2,205.0,6.2,2.4,56.0
2022-11-04T00:00,11.6,6.8,177.0,2.2,1.5,62.0
2022-11-04T01:00,11.7,6.9,184.0,3.2,1.6,61.0
2022-11-04T02:00,12.4,7.4,193.0,4.8,1.9,60.0
2022-11-04T03:00,12.8,7.7,204.0,6.2,2.2,60.0
2022-11-04T04:00,14.4,8.8,209.0,6.2,2.5,62.0
2022-11-04T05:00,15.8,9.7,211.0,5.8,2.8,66.0
2022-11-04T06:00,18.0,11.0,210.0,4.8,3.0,70.0
2022-11-04T07:00,19.0,11.6,202.0,4.0,2.7,72.0
2022-11-04T08:00,17.8,10.7,191.0,2.9,2.1,73.0
2022-11-04T09:00,15.7,9.3,178.0,2.0,1.5,73.0
2022-11-04T10:00,13.4,7.7,174.0,2.0,1.2,71.0
2022-11-04T11:00,13.3,7.5,173.0,2.2,1.1,68.0
2022-11-04T12:00,19.7,11.0,204.0,3.0,2.8,79.0
2022-11-04T13:00,18.5,10.2,202.0,3.4,2.7,74.0
2022-11-04T14:00,18.5,10.3,200.0,4.0,2.7,67.0
2022-11-04T15:00,17.8,9.9,197.0,4.5,2.5,59.0
2022-11-04T16:00,18.0,9.9,196.0,4.4,2.2,57.0
2022-11-04T17:00,19.3,10.5,196.0,4.1,2.0,58.0
2022-11-04T18:00,20.3,10.9,197.0,3.6,1.6,59.0
2022-11-04T19:00,21.4,11.5,197.0,3.3,1.4,61.0
2022-11-04T20:00,21.9,11.8,198.0,3.0,1.2,63.0
2022-11-04T21:00,21.8,11.7,200.0,2.5,1.1,66.0
2022-11-04T22:00,21.4,11.5,202.0,2.2,0.9,68.0
2022-11-04T23:00,22.2,12.0,204.0,1.7,0.8,69.0
2022-11-05T00:00,20.7,11.4,208.0,2.6,1.2,68.0
2022-11-05T01:00,21.0,11.6,219.0,3.5,1.5,66.0
2022-11-05T02:00,21.0,11.7,235.0,4.9,1.9,64.0
2022-11-05T03:00,22.2,12.6,254.0,6.1,2.6,66.0
2022-11-05T04:00,24.8,14.2,265.0,5.8,3.4,77.0
2022-11-05T05:00,27.7,15.9,275.0,4.8,4.3,93.0
2022-11-05T06:00,31.7,18.0,279.0,3.6,5.1,108.0
2022-11-05T07:00,31.7,17.8,270.0,2.8,4.7,110.0
2022-11-05T08:00,30.4,16.9,253.0,2.2,3.8,106.0
2022-11-05T09:00,28.9,15.8,234.0,1.6,2.7,100.0
2022-11-05T10:00,26.6,14.3,227.0,1.8,2.1,95.0
2022-11-05T11:00,25.0,13.1,222.0,2.2,1.6,88.0
2022-11-05T12:00,22.3,11.6,222.0,3.0,1.7,80.0
2022-11-05T13:00,23.2,12.0,229.0,3.2,2.0,82.0
2022-11-05T14:00,25.8,13.5,240.0,3.3,2.4,85.0
2022-11-05T15:00,30.3,16.1,252.0,3.3,2.7,90.0
2022-11-05T16:00,32.6,17.8,257.0,3.0,2.4,95.0
2022-11-05T17:00,31.9,17.9,261.0,2.3,1.9,101.0
2022-11-05T18:00,32.7,18.7,265.0,1.6,1.4,107.0
2022-11-05T19:00,32.9,19.0,268.0,1.4,1.4,109.0
2022-11-05T20:00,33.6,19.5,271.0,1.4,1.6,109.0
2022-11-05T21:00,33.6,19.6,273.0,1.5,1.9,108.0
2022-11-05T22:00,34.0,19.7,271.0,1.5,2.0,107.0
2022-11-05T23:00,34.7,20.0,268.0,1.6,2.0,105.0
2022-11-06T00:00,35.2,20.4,265.0,1.6,1.9,105.0
2022-11-06T01:00,37.5,21.6,271.0,2.2,2.4,105.0
2022-11-06T02:00,39.6,22.5,279.0,3.1,3.1,105.0
2022-11-06T03:00,41.7,23.6,288.0,3.8,3.8,108.0
2022-11-06T04:00,44.1,24.9,291.0,3.6,4.1,115.0
2022-11-06T05:00,46.3,26.2,292.0,3.0,4.2,124.0
2022-11-06T06:00,49.7,27.9,289.0,2.3,4.2,132.0
2022-11-06T07:00,50.4,28.3,282.0,2.1,4.2,132.0
2022-11-06T08:00,50.8,28.5,271.0,1.9,3.9,130.0
2022-11-06T09:00,50.5,28.3,259.0,1.9,3.5,124.0
2022-11-06T10:00,47.3,26.4,253.0,2.1,3.2,118.0
2022-11-06T11:00,41.6,23.3,248.0,2.5,2.8,111.0
2022-11-06T12:00,45.3,25.3,266.0,3.8,4.0,110.0
2022-11-06T13:00,42.8,23.8,263.0,3.7,3.7,107.0
2022-11-06T14:00,38.6,21.6,258.0,3.5,3.2,104.0
2022-11-06T15:00,33.5,18.7,253.0,3.3,2.8,99.0
2022-11-06T16:00,29.5,16.6,252.0,3.5,2.5,97.0
2022-11-06T17:00,26.8,15.1,251.0,3.6,2.5,95.0
2022-11-06T18:00,24.4,13.8,252.0,3.9,2.5,92.0
2022-11-06T19:00,22.8,12.9,253.0,4.0,2.5,90.0
2022-11-06T20:00,21.9,12.4,254.0,4.1,2.7,88.0
2022-11-06T21:00,22.1,12.5,260.0,4.8,3.5,84.0
2022-11-06T22:00,24.3,13.8,272.0,6.1,5.1,80.0
2022-11-06T23:00,27.0,15.3,289.0,7.9,7.3,75.0
2022-11-07T00:00,54.0,29.3,,,18.5,55.0
2022-11-07T01:00,54.7,29.6,,,18.0,62.0
2022-11-07T02:00,52.9,28.6,381.0,,17.5,72.0
2022-11-07T03:00,48.0,26.4,354.0,13.9,16.0,87.0
2022-11-07T04:00,41.6,23.2,331.0,10.6,14.1,100.0
2022-11-07T05:00,36.3,20.5,305.0,6.8,11.6,114.0
2022-11-07T06:00,34.1,19.4,276.0,3.0,8.6,126.0
2022-11-07T07:00,32.2,18.4,261.0,1.8,6.9,127.0
2022-11-07T08:00,34.3,19.6,250.0,1.5,5.6,123.0
2022-11-07T09:00,33.8,19.3,240.0,1.8,4.2,115.0
2022-11-07T10:00,31.4,17.9,234.0,2.0,3.5,109.0
2022-11-07T11:00,29.0,16.5,230.0,2.4,3.0,102.0
2022-11-07T12:00,30.9,18.0,248.0,4.2,4.7,107.0
2022-11-07T13:00,33.1,19.1,259.0,5.2,5.8,104.0
2022-11-07T14:00,35.9,20.5,275.0,6.7,7.3,100.0
2022-11-07T15:00,37.8,21.4,289.0,8.1,8.7,95.0
2022-11-07T16:00,38.8,21.7,289.0,8.2,8.6,93.0
2022-11-07T17:00,37.8,21.1,285.0,7.8,8.1,91.0
2022-11-07T18:00,36.4,20.2,276.0,7.2,7.2,89.0
2022-11-07T19:00,34.0,18.8,269.0,7.0,6.6,86.0
2022-11-07T20:00,30.5,17.0,261.0,6.7,5.9,84.0
2022-11-07T21:00,28.1,15.6,253.0,6.3,5.2,80.0
2022-11-07T22:00,26.8,14.9,249.0,5.9,4.7,78.0
2022-11-07T23:00,25.0,13.9,245.0,5.4,4.2,75.0
2022-11-08T00:00,31.2,17.6,308.0,11.2,9.1,67.0
2022-11-08T01:00,35.4,20.0,316.0,11.4,10.8,69.0
2022-11-08T02:00,38.3,21.7,326.0,11.6,13.1,71.0
2022-11-08T03:00,39.6,22.6,330.0,11.1,14.8,77.0
2022-11-08T04:00,36.4,21.0,317.0,9.2,14.1,87.0
2022-11-08T05:00,34.1,19.7,296.0,6.7,12.4,99.0
2022-11-08T06:00,32.5,18.6,269.0,3.8,9.9,110.0
2022-11-08T07:00,31.0,17.6,253.0,2.8,8.0,111.0
2022-11-08T08:00,30.3,17.1,238.0,2.2,6.0,107.0
2022-11-08T09:00,29.2,16.5,224.0,1.9,4.0,101.0
2022-11-08T10:00,28.8,16.1,219.0,2.0,3.3,96.0
2022-11-08T11:00,27.6,15.4,217.0,2.4,3.0,90.0
2022-11-08T12:00,29.0,16.2,228.0,3.8,4.3,87.0
2022-11-08T13:00,27.7,15.5,232.0,4.7,4.9,83.0
2022-11-08T14:00,27.1,15.2,238.0,5.9,5.8,78.0
2022-11-08T15:00,27.4,15.3,243.0,7.1,6.6,73.0
2022-11-08T16:00,27.7,15.4,243.0,7.2,6.6,72.0
2022-11-08T17:00,27.8,15.3,242.0,6.9,6.2,72.0
2022-11-08T18:00,27.7,15.1,241.0,6.6,5.7,73.0
2022-11-08T19:00,27.7,15.1,242.0,6.4,5.4,73.0
2022-11-08T20:00,28.3,15.5,244.0,6.3,5.1,72.0
2022-11-08T21:00,29.6,16.3,249.0,6.7,5.2,71.0
2022-11-08T22:00,31.4,17.5,256.0,7.5,5.8,69.0
2022-11-08T23:00,32.6,18.3,264.0,8.7,6.8,67.0
2022-11-09T00:00,42.0,23.7,336.0,15.6,17.5,53.0
2022-11-09T01:00,46.9,26.7,334.0,14.6,18.4,59.0
2022-11-09T02:00,47.5,27.1,331.0,13.2,19.8,68.0
2022-11-09T03:00,48.0,27.8,324.0,11.3,20.1,80.0
2022-11-09T04:00,46.9,27.5,314.0,9.9,18.3,87.0
2022-11-09T05:00,45.4,26.8,301.0,8.6,15.3,93.0
2022-11-09T06:00,45.6,27.1,284.0,6.8,11.6,100.0
2022-11-09T07:00,44.7,26.4,272.0,5.5,9.6,104.0
2022-11-09T08:00,43.1,25.4,261.0,4.2,8.1,106.0
2022-11-09T09:00,38.1,22.1,249.0,3.2,6.4,106.0
2022-11-09T10:00,32.6,18.8,242.0,3.3,5.4,103.0
2022-11-09T11:00,28.3,16.3,237.0,3.8,4.7,97.0
2022-11-09T12:00,32.0,18.1,243.0,4.7,6.1,100.0
2022-11-09T13:00,27.3,15.4,242.0,5.1,5.9,94.0
2022-11-09T14:00,24.0,13.5,240.0,5.8,5.8,86.0
2022-11-09T15:00,21.1,11.9,239.0,6.8,5.8,76.0
2022-11-09T16:00,19.7,11.1,240.0,7.6,6.1,72.0
2022-11-09T17:00,19.7,11.1,242.0,8.6,6.7,70.0
2022-11-09T18:00,20.1,11.4,246.0,9.9,7.7,67.0
2022-11-09T19:00,21.1,12.0,252.0,10.9,8.6,64.0
2022-11-09T20:00,22.3,12.7,260.0,12.1,9.6,62.0
2022-11-09T21:00,23.8,13.5,268.0,13.0,10.9,59.0
2022-11-09T22:00,24.9,14.2,270.0,13.1,11.9,57.0
2022-11-09T23:00,25.0,14.4,269.0,12.7,12.6,56.0
2022-11-10T00:00,23.1,13.6,288.0,12.9,14.7,57.0
2022-11-10T01:00,24.3,14.4,290.0,12.4,16.5,60.0
2022-11-10T02:00,24.7,14.8,293.0,11.4,18.9,64.0
2022-11-10T03:00,24.2,14.8,291.0,9.9,20.4,73.0
2022-11-10T04:00,24.2,14.8,281.0,8.1,18.7,83.0
2022-11-10T05:00,26.2,15.7,265.0,6.2,15.6,95.0
2022-11-10T06:00,27.6,16.0,244.0,3.9,11.8,108.0
2022-11-10T07:00,30.5,17.4,229.0,2.9,9.8,113.0
2022-11-10T08:00,32.5,18.3,215.0,2.2,8.0,114.0
2022-11-10T09:00,33.4,18.5,199.0,1.9,6.2,113.0
2022-11-10T10:00,34.5,18.8,192.0,2.1,5.2,108.0
2022-11-10T11:00,36.0,19.3,188.0,2.7,4.7,101.0
2022-11-10T12:00,35.5,19.3,195.0,4.8,5.4,90.0
2022-11-10T13:00,36.3,19.7,200.0,6.2,6.3,86.0
2022-11-10T14:00,38.2,20.7,207.0,8.4,7.6,81.0
2022-11-10T15:00,38.2,20.7,214.0,10.4,8.8,76.0
2022-11-10T16:00,36.9,19.8,215.0,10.4,8.9,76.0
2022-11-10T17:00,38.3,20.7,213.0,9.6,8.6,77.0
2022-11-10T18:00,39.3,21.4,213.0,8.4,8.1,80.0
2022-11-10T19:00,39.1,21.5,217.0,7.6,7.9,81.0
2022-11-10T20:00,38.1,21.1,222.0,6.6,7.8,83.0
2022-11-10T21:00,39.1,21.9,229.0,5.3,7.6,87.0
2022-11-10T22:00,39.2,22.4,234.0,4.4,7.2,93.0
2022-11-10T23:00,39.9,23.0,238.0,3.5,6.8,101.0
2022-11-11T00:00,48.4,28.2,291.0,2.4,6.1,125.0
2022-11-11T01:00,46.3,27.0,294.0,3.4,6.2,125.0
2022-11-11T02:00,47.1,27.5,298.0,4.9,6.3,125.0
2022-11-11T03:00,47.6,27.6,299.0,6.8,6.4,123.0
2022-11-11T04:00,48.4,28.1,295.0,8.4,6.5,120.0
2022-11-11T05:00,47.6,27.8,288.0,10.0,6.5,115.0
2022-11-11T06:00,44.9,26.4,271.0,11.0,6.1,107.0
2022-11-11T07:00,38.3,22.8,248.0,10.1,5.2,99.0
2022-11-11T08:00,32.2,19.1,219.0,8.2,3.8,90.0
2022-11-11T09:00,28.2,16.8,187.0,6.2,2.4,79.0
2022-11-11T10:00,21.2,12.3,175.0,5.7,2.0,72.0
2022-11-11T11:00,18.2,10.4,168.0,5.6,1.8,66.0
2022-11-11T12:00,33.5,20.0,259.0,12.4,7.5,96.0
2022-11-11T13:00,32.1,19.4,263.0,13.1,7.7,93.0
2022-11-11T14:00,29.7,17.8,269.0,14.1,7.8,88.0
2022-11-11T15:00,27.5,16.2,276.0,14.6,8.1,84.0
2022-11-11T16:00,29.5,17.3,281.0,13.7,8.4,84.0
2022-11-11T17:00,29.8,17.7,286.0,12.1,8.8,85.0
2022-11-11T18:00,26.7,16.1,281.0,9.8,8.6,85.0
2022-11-11T19:00,23.9,14.3,260.0,8.0,7.4,81.0
2022-11-11T20:00,21.7,12.8,229.0,6.2,5.8,76.0
2022-11-11T21:00,21.4,12.3,194.0,4.1,3.8,71.0
2022-11-11T22:00,22.9,12.7,178.0,3.0,3.0,70.0
2022-11-11T23:00,24.3,13.4,167.0,2.3,2.5,71.0
2022-11-12T00:00,22.6,12.4,160.0,1.8,1.7,74.0
2022-11-12T01:00,23.5,12.9,165.0,2.0,1.5,74.0
2022-11-12T02:00,24.0,13.2,173.0,2.4,1.2,75.0
2022-11-12T03:00,24.5,13.5,182.0,2.6,0.9,77.0
2022-11-12T04:00,25.5,14.1,187.0,2.3,0.9,79.0
2022-11-12T05:00,26.7,14.8,191.0,1.7,0.9,82.0
2022-11-12T06:00,26.5,14.8,199.0,1.1,0.9,86.0
2022-11-12T07:00,25.8,14.4,208.0,1.0,1.1,89.0
2022-11-12T08:00,26.2,14.6,219.0,1.0,1.4,93.0
2022-11-12T09:00,26.4,14.8,231.0,1.3,1.6,96.0
2022-11-12T10:00,25.3,14.3,235.0,1.8,1.7,96.0
2022-11-12T11:00,25.3,14.3,237.0,2.5,1.8,96.0
2022-11-12T12:00,15.7,8.8,186.0,3.0,1.0,78.0
2022-11-12T13:00,13.6,7.6,182.0,2.8,1.0,77.0
2022-11-12T14:00,12.2,6.8,175.0,2.7,0.9,74.0
2022-11-12T15:00,11.6,6.5,167.0,2.5,0.9,72.0
2022-11-12T16:00,11.3,6.3,162.0,2.2,0.9,71.0
2022-11-12T17:00,11.0,6.1,156.0,2.0,0.9,70.0
2022-11-12T18:00,10.7,6.0,150.0,1.8,0.9,69.0
2022-11-12T19:00,10.2,5.7,146.0,1.5,0.9,68.0
2022-11-12T20:00,10.0,5.6,141.0,1.1,0.9,67.0
2022-11-12T21:00,9.6,5.4,137.0,0.8,0.9,66.0
2022-11-12T22:00,9.2,5.1,134.0,0.6,0.9,65.0
2022-11-12T23:00,8.7,4.8,132.0,0.4,0.9,64.0
2022-11-13T00:00,11.5,6.5,144.0,0.9,1.5,67.0
2022-11-13T01:00,10.9,6.2,144.0,1.5,1.6,64.0
2022-11-13T02:00,10.5,6.0,145.0,2.5,1.8,61.0
2022-11-13T03:00,10.2,6.0,148.0,3.2,1.9,58.0
2022-11-13T04:00,10.7,6.2,153.0,2.9,1.8,59.0
2022-11-13T05:00,12.5,7.4,159.0,2.2,1.5,61.0
2022-11-13T06:00,14.0,8.4,168.0,1.5,1.3,64.0
2022-11-13T07:00,13.6,8.1,176.0,1.2,1.2,67.0
2022-11-13T08:00,14.1,8.4,185.0,1.2,1.1,70.0
2022-11-13T09:00,13.5,7.8,192.0,1.4,1.0,73.0
2022-11-13T10:00,14.0,8.0,190.0,1.6,1.0,72.0
2022-11-13T11:00,15.1,8.6,185.0,2.1,0.9,69.0
2022-11-13T12:00,18.4,11.3,238.0,9.4,7.2,73.0
2022-11-13T13:00,17.9,10.9,238.0,10.0,7.4,69.0
2022-11-13T14:00,17.5,10.7,239.0,10.9,7.8,64.0
2022-11-13T15:00,17.7,10.8,244.0,13.1,8.9,57.0
2022-11-13T16:00,17.8,10.9,253.0,16.1,10.4,53.0
2022-11-13T17:00,18.7,11.5,265.0,,12.4,49.0
2022-11-13T18:00,20.0,12.3,278.0,,14.4,46.0
2022-11-13T19:00,20.1,12.1,283.0,,15.0,46.0
2022-11-13T20:00,21.5,12.9,286.0,,15.1,48.0
2022-11-13T21:00,22.8,13.6,286.0,,14.4,53.0
2022-11-13T22:00,25.4,15.0,280.0,,13.1,58.0
2022-11-13T23:00,25.9,15.1,270.0,16.1,11.2,65.0
2022-11-14T00:00,24.7,14.6,285.0,17.0,14.4,58.0
2022-11-14T01:00,24.3,14.1,281.0,15.1,13.6,64.0
2022-11-14T02:00,25.9,14.8,276.0,12.2,12.4,73.0
2022-11-14T03:00,29.3,16.9,272.0,8.7,10.8,86.0
2022-11-14T04:00,32.2,18.8,273.0,6.7,9.4,97.0
2022-11-14T05:00,36.8,21.7,275.0,4.9,7.8,110.0
2022-11-14T06:00,42.1,24.9,280.0,3.2,6.2,124.0
2022-11-14T07:00,49.4,29.3,285.0,2.4,5.6,131.0
2022-11-14T08:00,56.7,33.6,291.0,2.0,5.2,135.0
2022-11-14T09:00,60.8,36.0,299.0,1.9,5.0,137.0
2022-11-14T10:00,64.3,37.7,303.0,2.2,4.7,133.0
2022-11-14T11:00,68.0,39.8,306.0,3.0,4.4,126.0
2022-11-14T12:00,53.3,31.5,311.0,4.4,5.3,120.0
2022-11-14T13:00,56.0,32.9,316.0,4.9,5.9,116.0
2022-11-14T14:00,55.5,32.6,324.0,5.8,6.8,111.0
2022-11-14T15:00,58.3,34.1,331.0,6.4,7.5,106.0
2022-11-14T16:00,59.4,34.5,331.0,6.1,7.3,105.0
2022-11-14T17:00,62.9,36.4,329.0,5.4,6.8,106.0
2022-11-14T18:00,67.8,39.2,328.0,4.7,6.3,107.0
2022-11-14T19:00,73.8,42.7,332.0,4.4,6.2,107.0
2022-11-14T20:00,78.0,45.2,339.0,4.3,6.2,107.0
2022-11-14T21:00,,47.0,348.0,4.4,6.7,106.0
2022-11-14T22:00,78.9,45.9,354.0,4.6,7.4,104.0
2022-11-14T23:00,,47.5,360.0,5.0,8.4,101.0
2022-11-15T00:00,64.5,38.1,,9.7,17.8,79.0
2022-11-15T01:00,62.9,37.4,,9.9,19.0,81.0
2022-11-15T02:00,61.7,36.9,,10.0,20.9,84.0
2022-11-15T03:00,61.0,36.8,,9.6,22.2,92.0
2022-11-15T04:00,61.7,37.6,,8.4,21.5,104.0
2022-11-15T05:00,61.5,37.8,,6.7,19.9,120.0
2022-11-15T06:00,61.9,38.4,367.0,4.8,17.2,137.0
2022-11-15T07:00,67.1,41.8,354.0,3.9,14.8,144.0
2022-11-15T08:00,62.2,39.0,341.0,3.3,11.9,147.0
2022-11-15T09:00,61.9,38.8,327.0,2.9,8.9,148.0
2022-11-15T10:00,61.7,38.3,320.0,3.0,7.8,146.0
2022-11-15T11:00,63.8,39.2,315.0,3.3,7.2,141.0
2022-11-15T12:00,54.2,33.2,337.0,4.2,10.3,149.0
2022-11-15T13:00,55.3,33.5,332.0,4.1,9.9,143.0
2022-11-15T14:00,57.4,34.5,324.0,3.9,9.4,136.0
2022-11-15T15:00,60.8,36.2,317.0,4.0,9.0,126.0
2022-11-15T16:00,64.7,38.3,315.0,4.2,9.2,122.0
2022-11-15T17:00,68.5,40.3,315.0,4.7,9.8,119.0
2022-11-15T18:00,71.7,42.0,323.0,5.9,11.1,114.0
2022-11-15T19:00,73.8,43.1,338.0,7.7,13.1,108.0
2022-11-15T20:00,74.5,43.4,359.0,9.9,15.6,100.0
2022-11-15T21:00,75.2,43.8,,12.5,18.2,92.0
2022-11-15T22:00,76.1,44.1,,13.4,19.2,88.0
2022-11-15T23:00,78.5,45.3,,13.9,19.6,85.0
2022-11-16T00:00,75.7,43.9,,,,70.0
2022-11-16T01:00,75.7,44.1,,,,70.0
2022-11-16T02:00,76.1,44.6,,,,70.0
2022-11-16T03:00,76.8,45.3,,,,76.0
2022-11-16T04:00,78.9,46.8,,,,91.0
2022-11-16T05:00,,48.5,,15.4,,112.0
2022-11-16T06:00,,49.7,,9.3,24.0,134.0
2022-11-16T07:00,,50.4,359.0,6.8,21.8,141.0
2022-11-16T08:00,,50.5,336.0,5.1,19.4,144.0
2022-11-16T09:00,,50.5,313.0,3.8,16.9,144.0
2022-11-16T10:00,,50.4,303.0,3.7,15.9,140.0
2022-11-16T11:00,,50.1,297.0,4.4,15.5,134.0
2022-11-16T12:00,76.1,45.9,273.0,3.8,14.1,156.0
2022-11-16T13:00,74.5,44.5,271.0,3.8,13.8,151.0
2022-11-16T14:00,73.3,43.4,269.0,3.8,13.5,144.0
2022-11-16T15:00,72.2,42.5,266.0,3.8,13.1,136.0
2022-11-16T16:00,71.0,41.8,265.0,3.8,12.8,134.0
2022-11-16T17:00,70.1,41.1,264.0,3.8,12.4,133.0
2022-11-16T18:00,68.7,40.2,267.0,4.1,12.6,131.0
2022-11-16T19:00,67.3,39.3,273.0,4.5,13.3,128.0
2022-11-16T20:00,67.1,39.2,281.0,5.0,14.4,125.0
2022-11-16T21:00,68.0,39.8,300.0,6.1,16.4,119.0
2022-11-16T22:00,68.9,40.6,323.0,7.3,18.2,112.0
2022-11-16T23:00,70.5,41.7,351.0,8.9,20.5,103.0
2022-11-17T00:00,71.5,43.4,,14.9,,86.0
2022-11-17T01:00,71.9,44.1,,15.4,,87.0
2022-11-17T02:00,71.2,44.4,,16.1,,90.0
2022-11-17T03:00,69.6,44.1,,16.0,,98.0
2022-11-17T04:00,68.5,43.9,,14.2,,111.0
2022-11-17T05:00,69.4,44.7,,11.6,,129.0
2022-11-17T06:00,71.9,46.6,,8.2,,152.0
2022-11-17T07:00,75.0,48.3,382.0,6.3,,168.0
2022-11-17T08:00,77.8,49.8,371.0,4.8,,
2022-11-17T09:00,,50.5,359.0,3.6,25.0,
2022-11-17T10:00,79.2,50.1,350.0,3.8,23.4,
2022-11-17T11:00,77.1,48.7,341.0,4.6,22.0,
2022-11-17T12:00,70.8,47.3,331.0,6.2,21.8,
2022-11-17T13:00,67.8,45.1,324.0,6.1,21.9,
2022-11-17T14:00,65.7,43.2,314.0,6.0,22.0,
2022-11-17T15:00,65.2,42.3,310.0,6.5,22.8,161.0
2022-11-17T16:00,66.6,42.5,320.0,7.6,24.0,152.0
2022-11-17T17:00,69.2,43.4,337.0,9.1,,143.0
2022-11-17T18:00,71.5,44.5,368.0,11.6,,131.0
2022-11-17T19:00,73.6,45.4,,14.2,,120.0
2022-11-17T20:00,74.5,45.9,,,,107.0
2022-11-17T21:00,74.3,45.6,,,,94.0
2022-11-17T22:00,72.9,45.1,,,,87.0
2022-11-17T23:00,71.9,44.7,,,,82.0
2022-11-18T00:00,55.8,37.6,,10.4,24.7,98.0
2022-11-18T01:00,56.3,38.1,,10.8,24.6,101.0
2022-11-18T02:00,58.2,39.3,,11.3,24.5,106.0
2022-11-18T03:00,61.2,41.3,,11.6,,118.0
2022-11-18T04:00,65.4,44.1,,11.1,,135.0
2022-11-18T05:00,71.0,47.4,,10.4,,156.0
2022-11-18T06:00,76.8,50.5,,9.2,,
2022-11-18T07:00,78.9,50.4,,8.2,,
2022-11-18T08:00,,50.5,375.0,7.2,,
2022-11-18T09:00,,48.7,350.0,6.4,23.1,
2022-11-18T10:00,76.6,46.3,338.0,6.4,21.5,173.0
2022-11-18T11:00,73.8,44.5,329.0,6.9,20.4,166.0
2022-11-18T12:00,72.2,43.2,323.0,7.6,19.5,156.0
2022-11-18T13:00,71.9,42.5,324.0,7.6,19.4,151.0
2022-11-18T14:00,72.6,42.1,329.0,7.6,19.5,146.0
2022-11-18T15:00,73.6,42.0,343.0,8.1,20.5,139.0
2022-11-18T16:00,74.7,42.1,360.0,9.6,22.0,133.0
2022-11-18T17:00,76.1,42.3,,11.6,23.9,127.0
2022-11-18T18:00,77.1,42.6,,13.8,,120.0
2022-11-18T19:00,78.7,43.5,,14.6,,114.0
2022-11-18T20:00,,44.4,,15.0,,108.0
2022-11-18T21:00,79.4,44.1,,14.2,,105.0
2022-11-18T22:00,77.3,43.0,,11.6,,110.0
2022-11-18T23:00,75.0,41.8,,7.9,24.1,119.0
2022-11-19T00:00,79.2,46.7,,6.2,21.0,120.0
2022-11-19T01:00,78.9,46.7,,6.6,21.8,123.0
2022-11-19T02:00,78.7,46.8,,7.1,22.9,126.0
2022-11-19T03:00,,47.5,,7.9,24.5,134.0
2022-11-19T04:00,,48.8,,9.1,,143.0
2022-11-19T05:00,,50.2,,10.6,,154.0
2022-11-19T06:00,,50.2,,11.1,,166.0
2022-11-19T07:00,79.4,47.1,,9.2,24.9,172.0
2022-11-19T08:00,74.0,43.2,350.0,6.0,19.3,175.0
2022-11-19T09:00,69.6,40.3,300.0,2.8,13.3,176.0
2022-11-19T10:00,66.6,38.3,286.0,2.7,11.6,172.0
2022-11-19T11:00,64.7,36.9,282.0,3.5,11.4,164.0
2022-11-19T12:00,65.9,37.7,291.0,5.3,13.1,149.0
2022-11-19T13:00,66.6,37.6,295.0,5.4,13.6,147.0
2022-11-19T14:00,67.5,38.0,302.0,5.6,14.2,144.0
2022-11-19T15:00,68.7,38.5,315.0,6.2,15.8,139.0
2022-11-19T16:00,70.1,39.2,328.0,7.1,17.8,136.0
2022-11-19T17:00,71.5,40.0,344.0,8.2,20.2,133.0
2022-11-19T18:00,73.3,41.1,369.0,10.1,23.3,127.0
2022-11-19T19:00,75.4,42.1,,12.1,,119.0
2022-11-19T20:00,75.7,42.3,,14.2,,108.0
2022-11-19T21:00,74.3,41.7,,15.8,,98.0
2022-11-19T22:00,72.4,41.0,,14.6,,96.0
2022-11-19T23:00,71.0,40.5,,12.2,,97.0
2022-11-20T00:00,63.3,37.6,373.0,5.6,22.1,120.0
2022-11-20T01:00,61.7,37.1,368.0,5.9,21.1,123.0
2022-11-20T02:00,60.1,37.1,360.0,6.4,19.9,128.0
2022-11-20T03:00,60.1,38.1,347.0,6.7,18.6,136.0
2022-11-20T04:00,61.9,40.4,334.0,6.2,18.5,146.0
2022-11-20T05:00,65.0,43.3,320.0,5.2,18.8,157.0
2022-11-20T06:00,65.7,44.2,303.0,4.6,19.5,167.0
2022-11-20T07:00,64.7,44.0,295.0,5.2,20.2,166.0
2022-11-20T08:00,63.8,43.7,289.0,6.3,21.3,160.0
2022-11-20T09:00,62.6,43.0,285.0,8.2,23.0,150.0
2022-11-20T10:00,61.2,42.0,286.0,9.9,24.8,142.0
2022-11-20T11:00,59.5,40.9,291.0,11.9,,133.0
2022-11-20T12:00,61.0,42.5,282.0,12.1,24.0,124.0
2022-11-20T13:00,60.5,42.0,291.0,12.6,24.8,121.0
2022-11-20T14:00,61.0,41.8,303.0,13.2,,116.0
2022-11-20T15:00,62.2,42.0,314.0,13.4,,111.0
2022-11-20T16:00,63.1,41.9,316.0,12.8,25.1,109.0
2022-11-20T17:00,61.5,40.5,313.0,11.6,23.3,108.0
2022-11-20T18:00,55.6,36.8,304.0,9.9,20.4,107.0
2022-11-20T19:00,48.5,32.2,289.0,8.2,17.9,106.0
2022-11-20T20:00,43.5,29.3,270.0,6.3,14.9,105.0
2022-11-20T21:00,38.9,26.5,247.0,4.2,11.4,104.0
2022-11-20T22:00,33.2,22.9,236.0,3.0,9.4,104.0
2022-11-20T23:00,32.7,22.8,228.0,2.2,7.6,104.0
2022-11-21T00:00,41.0,28.3,254.0,3.2,13.8,98.0
2022-11-21T01:00,35.4,24.6,246.0,3.7,11.9,98.0
2022-11-21T02:00,30.4,21.1,235.0,4.5,9.1,98.0
2022-11-21T03:00,28.6,20.0,225.0,5.3,6.2,98.0
2022-11-21T04:00,27.6,19.3,224.0,5.6,5.4,98.0
2022-11-21T05:00,30.0,21.0,227.0,5.6,5.3,99.0
2022-11-21T06:00,33.3,23.2,231.0,5.4,5.4,100.0
2022-11-21T07:00,36.0,25.1,232.0,4.9,5.4,101.0
2022-11-21T08:00,38.2,26.5,233.0,4.2,5.6,103.0
2022-11-21T09:00,38.9,26.8,236.0,3.8,5.9,103.0
2022-11-21T10:00,38.3,26.4,240.0,4.4,6.3,101.0
2022-11-21T11:00,38.0,26.1,246.0,5.5,6.8,98.0
2022-11-21T12:00,34.6,23.8,241.0,6.8,5.9,90.0
2022-11-21T13:00,36.2,24.9,250.0,7.7,7.0,88.0
2022-11-21T14:00,38.2,26.2,263.0,8.9,8.4,85.0
2022-11-21T15:00,39.6,27.1,278.0,9.9,10.0,82.0
2022-11-21T16:00,39.8,27.2,284.0,9.8,10.5,81.0
2022-11-21T17:00,39.9,27.2,287.0,9.2,10.6,81.0
2022-11-21T18:00,39.7,27.1,288.0,8.1,10.5,80.0
2022-11-21T19:00,39.0,26.5,285.0,7.1,9.9,79.0
2022-11-21T20:00,38.0,25.7,279.0,5.9,9.1,79.0
2022-11-21T21:00,36.7,24.9,271.0,4.6,8.2,78.0
2022-11-21T22:00,35.2,23.7,266.0,3.8,7.9,77.0
2022-11-21T23:00,34.2,23.0,260.0,3.2,7.8,76.0
2022-11-22T00:00,34.1,22.9,271.0,3.3,5.8,72.0
2022-11-22T01:00,32.9,22.2,277.0,4.2,6.3,71.0
2022-11-22T02:00,33.9,22.7,286.0,5.3,7.2,69.0
2022-11-22T03:00,35.2,23.6,296.0,6.4,8.3,72.0
2022-11-22T04:00,36.7,24.6,299.0,6.2,9.2,81.0
2022-11-22T05:00,37.8,25.5,299.0,5.4,10.1,93.0
2022-11-22T06:00,39.1,26.4,298.0,4.4,10.8,108.0
2022-11-22T07:00,40.5,27.5,295.0,3.7,10.1,116.0
2022-11-22T08:00,40.3,27.3,290.0,3.0,9.0,124.0
2022-11-22T09:00,39.6,26.8,287.0,3.2,8.7,129.0
2022-11-22T10:00,38.8,26.1,288.0,5.2,10.6,128.0
2022-11-22T11:00,40.4,27.1,292.0,8.3,13.6,124.0
2022-11-22T12:00,35.0,23.7,278.0,7.5,9.2,109.0
2022-11-22T13:00,35.9,24.3,288.0,9.1,9.9,101.0
2022-11-22T14:00,37.5,25.4,304.0,11.3,10.7,89.0
2022-11-22T15:00,39.1,26.5,324.0,13.9,11.6,75.0
2022-11-22T16:00,41.0,27.8,339.0,15.2,11.8,68.0
2022-11-22T17:00,42.8,29.0,354.0,16.2,11.8,64.0
2022-11-22T18:00,44.4,30.0,368.0,16.8,11.6,59.0
2022-11-22T19:00,44.9,30.4,370.0,15.8,11.1,58.0
2022-11-22T20:00,44.9,30.4,368.0,14.1,10.4,58.0
2022-11-22T21:00,45.3,30.6,368.0,13.9,10.7,56.0
2022-11-22T22:00,45.9,31.1,373.0,,12.0,51.0
2022-11-22T23:00,47.0,31.9,381.0,,14.1,43.0
2022-11-23T00:00,44.6,30.5,379.0,,18.0,38.0
2022-11-23T01:00,47.0,32.2,,,20.5,40.0
2022-11-23T02:00,50.3,34.3,,,24.1,42.0
2022-11-23T03:00,53.4,36.3,,,,51.0
2022-11-23T04:00,55.6,37.6,,,,64.0
2022-11-23T05:00,60.5,40.7,,,,80.0
2022-11-23T06:00,67.5,45.4,,,,105.0
2022-11-23T07:00,75.0,50.3,,,,126.0
2022-11-23T08:00,,,,,,150.0
2022-11-23T09:00,,,,16.1,,175.0
2022-11-23T10:00,,,,13.4,,
2022-11-23T11:00,,,,10.8,,
2022-11-23T12:00,,,382.0,6.9,,
2022-11-23T13:00,,,379.0,6.4,,
2022-11-23T14:00,,,375.0,5.7,19.0,
2022-11-23T15:00,,,364.0,4.6,11.8,175.0
2022-11-23T16:00,77.3,48.1,348.0,3.6,9.1,168.0
2022-11-23T17:00,73.1,44.9,328.0,2.5,7.8,161.0
2022-11-23T18:00,69.8,42.5,305.0,1.4,6.7,153.0
2022-11-23T19:00,67.8,40.9,296.0,0.9,6.2,148.0
2022-11-23T20:00,65.9,39.6,291.0,0.8,6.2,144.0
2022-11-23T21:00,64.3,38.4,286.0,0.7,6.3,140.0
2022-11-23T22:00,62.6,37.3,283.0,0.4,6.2,138.0
2022-11-23T23:00,61.0,36.3,280.0,0.1,6.1,136.0
2022-11-24T00:00,61.7,37.4,293.0,2.3,6.8,130.0
2022-11-24T01:00,60.8,36.9,296.0,3.7,7.7,129.0
2022-11-24T02:00,61.0,36.9,300.0,5.7,9.1,127.0
2022-11-24T03:00,60.1,36.2,304.0,7.4,10.6,126.0
2022-11-24T04:00,60.3,36.7,305.0,7.3,11.2,127.0
2022-11-24T05:00,60.5,37.3,304.0,6.5,11.6,129.0
2022-11-24T06:00,60.8,37.4,301.0,5.2,11.2,132.0
2022-11-24T07:00,59.3,36.3,296.0,4.1,9.6,135.0
2022-11-24T08:00,57.0,34.8,290.0,2.8,7.1,138.0
2022-11-24T09:00,54.9,33.3,282.0,1.7,4.2,139.0
2022-11-24T10:00,53.1,32.0,278.0,1.9,3.3,136.0
2022-11-24T11:00,51.6,31.0,275.0,2.5,2.8,130.0
2022-11-24T12:00,46.4,28.1,260.0,3.4,3.2,114.0
2022-11-24T13:00,43.8,26.4,257.0,3.5,3.0,111.0
2022-11-24T14:00,40.5,24.5,252.0,3.5,3.0,106.0
2022-11-24T15:00,37.4,22.6,244.0,3.5,2.8,100.0
2022-11-24T16:00,34.0,20.8,238.0,3.3,2.6,96.0
2022-11-24T17:00,31.7,19.6,231.0,3.2,2.4,92.0
2022-11-24T18:00,30.2,18.7,223.0,2.8,2.2,88.0
2022-11-24T19:00,29.2,18.3,219.0,2.6,2.2,85.0
2022-11-24T20:00,29.0,18.2,215.0,2.3,2.3,82.0
2022-11-24T21:00,28.7,18.0,213.0,2.2,2.7,79.0
2022-11-24T22:00,29.0,18.3,213.0,2.4,3.1,76.0
2022-11-24T23:00,29.6,18.6,214.0,2.8,3.7,73.0
2022-11-25T00:00,30.0,19.3,241.0,4.9,6.9,72.0
2022-11-25T01:00,29.9,19.1,249.0,6.1,8.4,71.0
2022-11-25T02:00,32.1,20.5,260.0,7.8,10.4,69.0
2022-11-25T03:00,32.6,20.8,263.0,8.9,11.7,69.0
2022-11-25T04:00,32.5,20.5,248.0,7.7,10.6,74.0
2022-11-25T05:00,32.2,20.2,224.0,5.6,8.6,81.0
2022-11-25T06:00,30.6,19.0,195.0,3.1,5.9,88.0
2022-11-25T07:00,30.2,18.6,182.0,2.2,4.8,90.0
2022-11-25T08:00,28.5,17.5,173.0,1.7,4.1,91.0
2022-11-25T09:00,26.2,16.0,163.0,1.5,3.2,88.0
2022-11-25T10:00,23.6,14.3,157.0,2.0,2.8,82.0
2022-11-25T11:00,20.7,12.5,152.0,2.8,2.4,74.0
2022-11-25T12:00,24.4,15.0,180.0,4.0,2.5,76.0
2022-11-25T13:00,22.7,13.8,178.0,4.0,2.3,71.0
2022-11-25T14:00,20.7,12.4,176.0,3.8,2.2,65.0
2022-11-25T15:00,18.6,11.0,172.0,3.7,2.0,57.0
2022-11-25T16:00,16.9,9.8,167.0,3.3,1.9,54.0
2022-11-25T17:00,16.3,9.3,162.0,2.9,1.7,53.0
2022-11-25T18:00,15.9,9.0,157.0,2.5,1.6,52.0
2022-11-25T19:00,16.9,9.5,156.0,2.2,1.7,52.0
2022-11-25T20:00,19.1,10.7,156.0,2.1,1.9,54.0
2022-11-25T21:00,21.4,12.0,160.0,2.2,2.2,56.0
2022-11-25T22:00,23.9,13.5,166.0,2.2,2.5,58.0
2022-11-25T23:00,26.3,14.9,175.0,2.5,2.8,60.0
2022-11-26T00:00,25.1,14.4,192.0,4.8,2.6,61.0
2022-11-26T01:00,26.7,15.4,206.0,5.6,3.5,63.0
2022-11-26T02:00,27.6,15.9,226.0,6.7,4.7,67.0
2022-11-26T03:00,29.2,16.9,252.0,7.6,6.1,76.0
2022-11-26T04:00,30.4,17.8,268.0,7.1,7.0,88.0
2022-11-26T05:00,33.5,19.8,282.0,6.1,7.8,104.0
2022-11-26T06:00,36.0,21.4,298.0,4.8,8.2,122.0
2022-11-26T07:00,39.2,23.5,306.0,3.9,7.8,131.0
2022-11-26T08:00,41.9,25.0,312.0,3.1,6.9,139.0
2022-11-26T09:00,42.4,25.2,320.0,2.5,5.7,143.0
2022-11-26T10:00,43.7,25.8,328.0,2.5,4.9,140.0
2022-11-26T11:00,44.1,26.0,337.0,3.0,4.1,134.0
2022-11-26T12:00,49.2,30.0,323.0,4.0,3.7,131.0
2022-11-26T13:00,50.2,30.7,331.0,4.1,3.6,128.0
2022-11-26T14:00,50.8,31.3,342.0,4.1,3.5,124.0
2022-11-26T15:00,51.7,32.0,355.0,4.1,3.4,119.0
2022-11-26T16:00,52.9,32.8,362.0,4.0,3.3,117.0
2022-11-26T17:00,54.5,33.9,367.0,3.8,3.2,115.0
2022-11-26T18:00,55.6,34.7,374.0,3.7,3.2,114.0
2022-11-26T19:00,56.5,35.3,378.0,3.5,3.2,113.0
2022-11-26T20:00,56.7,35.5,381.0,3.3,3.1,113.0
2022-11-26T21:00,56.5,35.5,,3.2,3.0,112.0
2022-11-26T22:00,56.5,35.7,,3.3,2.9,111.0
2022-11-26T23:00,57.2,36.1,,3.5,2.8,111.0
2022-11-27T00:00,51.8,32.9,,2.3,2.8,119.0
2022-11-27T01:00,50.3,31.9,,3.1,3.2,119.0
2022-11-27T02:00,49.1,31.3,,4.2,3.7,119.0
2022-11-27T03:00,48.2,30.6,,5.1,4.1,121.0
2022-11-27T04:00,47.8,30.4,,4.6,4.2,126.0
2022-11-27T05:00,48.7,31.0,,3.5,4.1,133.0
2022-11-27T06:00,49.6,31.5,,2.2,3.8,139.0
2022-11-27T07:00,49.1,31.2,,1.8,3.5,140.0
2022-11-27T08:00,49.6,31.4,,1.5,3.0,139.0
2022-11-27T09:00,49.0,30.9,,1.5,2.5,136.0
2022-11-27T10:00,48.3,30.3,,1.8,2.2,132.0
2022-11-27T11:00,48.1,29.8,,2.2,1.9,127.0
2022-11-27T12:00,48.3,30.4,,3.2,1.5,123.0
2022-11-27T13:00,49.1,30.7,,3.3,1.5,121.0
2022-11-27T14:00,50.6,31.5,,3.6,1.6,119.0
2022-11-27T15:00,52.4,32.6,,3.8,1.9,117.0
2022-11-27T16:00,54.8,34.1,,4.0,2.2,116.0
2022-11-27T17:00,58.1,36.1,,4.2,2.5,116.0
2022-11-27T18:00,61.5,38.0,,4.2,3.0,116.0
2022-11-27T19:00,64.7,40.0,,4.0,3.2,116.0
2022-11-27T20:00,68.2,42.0,379.0,3.5,3.3,117.0
2022-11-27T21:00,71.5,44.1,369.0,3.0,3.5,118.0
2022-11-27T22:00,73.8,45.6,365.0,2.7,3.7,119.0
2022-11-27T23:00,75.7,46.6,362.0,2.3,3.8,120.0
2022-11-28T00:00,71.5,44.1,369.0,2.8,4.9,116.0
2022-11-28T01:00,73.3,45.2,370.0,3.7,5.1,117.0
2022-11-28T02:00,75.2,46.4,372.0,5.0,5.3,118.0
2022-11-28T03:00,77.1,47.1,372.0,6.0,5.6,123.0
2022-11-28T04:00,,49.1,368.0,5.6,5.8,132.0
2022-11-28T05:00,,,363.0,4.5,5.9,143.0
2022-11-28T06:00,,,354.0,3.2,5.9,156.0
2022-11-28T07:00,,,346.0,2.5,5.7,161.0
2022-11-28T08:00,,,337.0,2.0,5.3,163.0
2022-11-28T09:00,,,326.0,1.8,4.9,163.0
2022-11-28T10:00,,,320.0,2.0,4.8,159.0
2022-11-28T11:00,,,314.0,2.4,4.7,152.0
2022-11-28T12:00,,,320.0,3.2,4.7,146.0
2022-11-28T13:00,,,321.0,3.3,4.9,145.0
2022-11-28T14:00,,,322.0,3.3,5.3,143.0
2022-11-28T15:00,,50.5,321.0,3.2,5.8,141.0
2022-11-28T16:00,,49.7,317.0,3.0,6.0,141.0
2022-11-28T17:00,,48.3,310.0,2.7,6.2,141.0
2022-11-28T18:00,,46.8,303.0,2.3,6.3,141.0
2022-11-28T19:00,77.5,45.3,299.0,2.2,6.4,141.0
2022-11-28T20:00,75.7,43.9,296.0,2.0,6.4,142.0
2022-11-28T21:00,73.8,42.7,295.0,2.1,6.5,142.0
2022-11-28T22:00,73.6,42.6,294.0,2.1,6.5,142.0
2022-11-28T23:00,72.6,41.9,294.0,2.2,6.5,141.0
2022-11-29T00:00,71.9,41.7,339.0,5.9,9.8,130.0
2022-11-29T01:00,72.6,42.0,357.0,7.7,12.1,126.0
2022-11-29T02:00,74.0,42.5,381.0,10.0,15.2,121.0
2022-11-29T03:00,75.4,43.2,,11.6,18.7,121.0
2022-11-29T04:00,74.5,42.6,,10.3,19.8,131.0
2022-11-29T05:00,74.3,42.8,381.0,7.7,20.1,147.0
2022-11-29T06:00,74.5,43.3,359.0,4.6,19.8,166.0
2022-11-29T07:00,74.3,43.3,346.0,3.5,18.8,174.0
2022-11-29T08:00,74.5,43.3,334.0,2.8,17.1,
2022-11-29T09:00,74.0,42.8,317.0,2.3,14.9,
2022-11-29T10:00,73.3,42.0,304.0,2.5,13.2,
2022-11-29T11:00,71.7,40.9,291.0,2.8,11.6,169.0
2022-11-29T12:00,65.9,37.6,294.0,3.7,12.4,171.0
2022-11-29T13:00,63.8,35.9,281.0,3.3,11.2,165.0
2022-11-29T14:00,61.9,34.5,262.0,2.9,9.4,156.0
2022-11-29T15:00,60.8,33.8,240.0,2.5,7.2,145.0
2022-11-29T16:00,60.5,33.6,229.0,2.3,5.9,140.0
2022-11-29T17:00,60.5,33.8,221.0,2.2,4.8,137.0
2022-11-29T18:00,60.1,33.8,218.0,2.5,4.1,132.0
2022-11-29T19:00,59.5,33.6,219.0,2.8,4.0,128.0
2022-11-29T20:00,60.1,34.1,225.0,3.1,4.3,124.0
2022-11-29T21:00,61.7,35.3,253.0,5.2,6.1,115.0
2022-11-29T22:00,63.8,36.4,302.0,8.9,9.0,101.0
2022-11-29T23:00,66.1,37.7,367.0,14.1,13.0,83.0
2022-11-30T00:00,71.9,40.0,,,22.5,67.0
2022-11-30T01:00,73.6,41.0,,,23.5,72.0
2022-11-30T02:00,73.3,41.1,,,24.9,80.0
2022-11-30T03:00,72.6,41.1,,,,94.0
2022-11-30T04:00,73.8,42.1,,14.6,,110.0
2022-11-30T05:00,77.3,44.4,,11.4,,129.0
2022-11-30T06:00,,47.4,370.0,7.6,,149.0
2022-11-30T07:00,,50.2,350.0,5.8,24.2,157.0
2022-11-30T08:00,,,334.0,4.7,20.7,162.0
2022-11-30T09:00,,,314.0,3.6,16.0,162.0
2022-11-30T10:00,,49.9,300.0,3.3,13.1,155.0
2022-11-30T11:00,,48.7,287.0,3.5,10.4,143.0
2022-11-30T12:00,,,292.0,5.5,9.9,127.0
2022-11-30T13:00,,,294.0,5.7,9.7,122.0
2022-11-30T14:00,,,296.0,5.9,9.4,114.0
2022-11-30T15:00,,49.2,297.0,6.2,8.9,105.0
2022-11-30T16:00,73.1,42.8,295.0,6.2,8.2,100.0
2022-11-30T17:00,66.4,38.8,292.0,6.1,7.3,97.0
2022-11-30T18:00,60.1,34.9,287.0,5.8,6.3,93.0
2022-11-30T19:00,60.5,35.0,284.0,5.2,6.1,91.0
2022-11-30T20:00,53.0,30.7,282.0,4.6,5.9,91.0
2022-11-30T21:00,47.5,27.7,280.0,3.8,5.9,90.0
2022-11-30T22:00,45.6,26.5,280.0,3.4,6.0,90.0
2022-11-30T23:00,42.5,24.7,280.0,3.0,6.2,90.0
2022-12-01T00:00,49.2,28.2,295.0,3.7,8.4,87.0
2022-12-01T01:00,48.1,27.7,302.0,4.3,9.1,87.0
2022-12-01T02:00,46.3,26.8,312.0,5.3,10.1,87.0
2022-12-01T03:00,44.8,26.1,318.0,5.8,10.5,90.0
2022-12-01T04:00,43.2,25.1,312.0,4.9,9.4,97.0
2022-12-01T05:00,42.7,24.8,300.0,3.3,7.7,105.0
2022-12-01T06:00,44.5,25.9,286.0,1.6,5.6,114.0
2022-12-01T07:00,47.7,27.9,280.0,1.3,4.6,115.0
2022-12-01T08:00,46.7,27.2,274.0,1.3,3.8,113.0
2022-12-01T09:00,46.9,27.2,269.0,1.6,3.2,109.0
2022-12-01T10:00,45.3,26.2,265.0,2.0,2.7,106.0
2022-12-01T11:00,41.9,24.2,262.0,2.5,2.3,101.0
2022-12-01T12:00,36.8,21.2,262.0,3.4,1.8,93.0
2022-12-01T13:00,35.4,20.4,260.0,3.3,2.0,91.0
2022-12-01T14:00,33.1,19.0,257.0,3.3,2.2,88.0
2022-12-01T15:00,29.9,17.1,254.0,4.0,2.8,84.0
2022-12-01T16:00,27.1,15.5,254.0,5.2,3.8,81.0
2022-12-01T17:00,25.6,14.6,255.0,7.0,4.9,77.0
2022-12-01T18:00,25.0,14.3,258.0,9.5,6.7,72.0
2022-12-01T19:00,25.7,14.8,264.0,11.5,7.8,68.0
2022-12-01T20:00,26.8,15.5,272.0,13.6,9.0,63.0
2022-12-01T21:00,27.6,16.1,280.0,15.8,10.5,57.0
2022-12-01T22:00,28.1,16.4,284.0,16.5,11.6,54.0
2022-12-01T23:00,27.8,16.1,286.0,16.8,12.6,51.0
2022-12-02T00:00,31.1,18.8,330.0,,13.2,46.0
2022-12-02T01:00,36.8,22.6,346.0,,16.8,46.0
2022-12-02T02:00,37.3,22.6,367.0,,21.7,47.0
2022-12-02T03:00,36.0,21.9,377.0,,,52.0
2022-12-02T04:00,34.5,21.2,355.0,,23.9,64.0
2022-12-02T05:00,32.1,19.6,318.0,13.9,19.8,81.0
2022-12-02T06:00,30.9,18.6,269.0,7.2,14.4,97.0
2022-12-02T07:00,29.9,17.7,241.0,4.5,11.6,101.0
2022-12-02T08:00,28.3,16.6,215.0,3.0,8.9,100.0
2022-12-02T09:00,25.9,14.8,187.0,1.9,6.1,95.0
2022-12-02T10:00,24.1,13.7,172.0,1.6,4.6,86.0
2022-12-02T11:00,21.5,12.2,161.0,2.1,3.5,74.0
2022-12-02T12:00,21.0,12.0,169.0,3.5,3.5,70.0
2022-12-02T13:00,18.5,10.6,166.0,3.8,3.5,65.0
2022-12-02T14:00,17.0,9.7,163.0,4.2,3.8,57.0
2022-12-02T15:00,15.9,9.1,160.0,4.8,4.0,48.0
2022-12-02T16:00,15.3,8.7,161.0,5.6,4.2,45.0
2022-12-02T17:00,15.1,8.7,163.0,6.3,4.4,43.0
2022-12-02T18:00,15.7,8.9,167.0,7.4,4.7,41.0
2022-12-02T19:00,16.3,9.3,169.0,8.1,4.8,40.0
2022-12-02T20:00,17.1,9.8,172.0,8.8,4.8,39.0
2022-12-02T21:00,17.5,10.1,174.0,9.5,4.8,38.0
2022-12-02T22:00,17.9,10.3,174.0,10.1,4.8,38.0
2022-12-02T23:00,18.0,10.4,172.0,10.6,4.8,37.0
2022-12-03T00:00,17.8,10.6,213.0,,9.2,30.0
2022-12-03T01:00,17.8,10.6,219.0,16.3,10.6,31.0
2022-12-03T02:00,18.5,11.1,227.0,15.1,12.5,33.0
2022-12-03T03:00,19.7,12.0,231.0,13.0,13.7,39.0
2022-12-03T04:00,21.2,13.0,222.0,10.8,12.4,48.0
2022-12-03T05:00,22.5,13.6,206.0,8.1,10.0,60.0
2022-12-03T06:00,24.6,14.4,188.0,5.1,6.8,73.0
2022-12-03T07:00,24.2,13.9,182.0,3.5,5.2,79.0
2022-12-03T08:00,23.2,13.2,179.0,2.3,3.7,83.0
2022-12-03T09:00,20.5,11.7,179.0,1.5,2.2,86.0
2022-12-03T10:00,19.2,10.9,181.0,1.5,1.6,86.0
2022-12-03T11:00,18.5,10.4,186.0,2.1,1.5,83.0
2022-12-03T12:00,22.3,12.4,192.0,3.2,2.7,82.0
2022-12-03T13:00,22.4,12.3,200.0,3.3,2.9,82.0
2022-12-03T14:00,23.4,12.8,212.0,3.5,3.2,82.0
2022-12-03T15:00,24.9,13.6,228.0,3.7,3.5,83.0
2022-12-03T16:00,27.1,14.8,238.0,3.6,3.2,87.0
2022-12-03T17:00,27.2,15.0,248.0,3.4,2.8,92.0
2022-12-03T18:00,26.4,14.6,256.0,3.0,2.2,97.0
2022-12-03T19:00,25.9,14.5,256.0,2.5,2.0,99.0
2022-12-03T20:00,23.6,13.3,252.0,2.0,1.7,99.0
2022-12-03T21:00,21.7,12.3,246.0,1.4,1.5,99.0
2022-12-03T22:00,20.4,11.6,241.0,1.1,1.4,98.0
2022-12-03T23:00,21.1,12.0,236.0,1.0,1.4,97.0
2022-12-04T00:00,34.2,19.7,349.0,6.5,10.2,93.0
2022-12-04T01:00,35.4,20.1,343.0,6.4,10.1,94.0
2022-12-04T02:00,37.8,21.5,335.0,6.4,9.9,96.0
2022-12-04T03:00,41.1,23.6,325.0,6.0,9.4,101.0
2022-12-04T04:00,43.5,25.3,318.0,5.3,9.1,109.0
2022-12-04T05:00,50.1,29.2,312.0,4.4,8.5,120.0
2022-12-04T06:00,61.5,35.7,307.0,3.3,8.1,133.0
2022-12-04T07:00,74.0,43.3,307.0,2.8,8.1,140.0
2022-12-04T08:00,,50.2,309.0,2.3,8.3,145.0
2022-12-04T09:00,,,312.0,2.1,8.3,148.0
2022-12-04T10:00,,,314.0,2.4,7.8,145.0
2022-12-04T11:00,,,317.0,3.0,7.2,139.0
2022-12-04T12:00,,49.0,321.0,3.8,7.2,131.0
2022-12-04T13:00,,48.4,329.0,3.8,7.3,130.0
2022-12-04T14:00,,47.8,340.0,3.9,7.6,128.0
2022-12-04T15:00,,47.8,354.0,3.9,7.7,127.0
2022-12-04T16:00,,48.2,360.0,3.7,7.4,127.0
2022-12-04T17:00,,48.9,365.0,3.3,7.1,129.0
2022-12-04T18:00,,49.7,370.0,3.0,6.8,130.0
2022-12-04T19:00,,50.4,374.0,2.8,6.8,130.0
2022-12-04T20:00,,,377.0,2.7,7.2,131.0
2022-12-04T21:00,,,381.0,2.7,7.7,130.0
2022-12-04T22:00,,,,2.8,8.2,128.0
2022-12-04T23:00,,,,3.1,8.9,126.0
2022-12-05T00:00,,,,5.9,13.9,111.0
2022-12-05T01:00,,,,6.4,15.2,113.0
2022-12-05T02:00,,,,7.1,17.2,115.0
2022-12-05T03:00,,,,7.3,18.6,123.0
2022-12-05T04:00,,,,6.4,17.8,135.0
2022-12-05T05:00,,,,4.9,16.0,150.0
2022-12-05T06:00,,,,3.2,13.6,166.0
2022-12-05T07:00,,,,2.5,12.6,171.0
2022-12-05T08:00,,,,2.2,11.7,173.0
2022-12-05T09:00,,,378.0,2.0,10.6,171.0
2022-12-05T10:00,,,376.0,2.2,9.9,165.0
2022-12-05T11:00,,,376.0,2.6,9.1,156.0
2022-12-05T12:00,,,372.0,2.9,7.4,143.0
2022-12-05T13:00,,,377.0,2.8,7.4,142.0
2022-12-05T14:00,,,,2.7,7.4,140.0
2022-12-05T15:00,,,,2.5,7.5,138.0
2022-12-05T16:00,,,,2.5,7.7,138.0
2022-12-05T17:00,,,,2.5,7.8,138.0
2022-12-05T18:00,,,,2.7,8.5,138.0
2022-12-05T19:00,,,,3.0,9.4,138.0
2022-12-05T20:00,,,,3.5,10.4,137.0
2022-12-05T21:00,,,,4.2,12.1,135.0
2022-12-05T22:00,,,,4.6,13.7,132.0
2022-12-05T23:00,,,,5.1,15.5,128.0
2022-12-06T00:00,,,,9.4,23.9,107.0
2022-12-06T01:00,,,,8.9,23.6,113.0
2022-12-06T02:00,,,,8.2,23.2,122.0
2022-12-06T03:00,,,,7.4,22.5,133.0
2022-12-06T04:00,,,,6.9,21.6,138.0
2022-12-06T05:00,,,,6.5,20.5,142.0
2022-12-06T06:00,,,,5.7,19.3,149.0
2022-12-06T07:00,,,,4.7,18.5,158.0
2022-12-06T08:00,,,,3.3,17.9,170.0
2022-12-06T09:00,,,,2.2,17.1,
2022-12-06T10:00,,,,2.4,16.5,175.0
2022-12-06T11:00,,,379.0,3.1,15.8,166.0
2022-12-06T12:00,,,,5.4,17.1,160.0
2022-12-06T13:00,,,,5.6,17.2,155.0
2022-12-06T14:00,,,,5.8,17.5,148.0
2022-12-06T15:00,,,,5.8,17.9,142.0
2022-12-06T16:00,,,,5.6,18.2,142.0
2022-12-06T17:00,,,,5.2,18.6,145.0
2022-12-06T18:00,,,,4.6,19.5,148.0
2022-12-06T19:00,,,,4.3,20.4,150.0
2022-12-06T20:00,,,,4.1,21.6,152.0
2022-12-06T21:00,,,,3.8,23.4,152.0
2022-12-06T22:00,,,,3.8,24.9,148.0
2022-12-06T23:00,,,,3.8,,142.0
2022-12-07T00:00,,,,4.9,,127.0
2022-12-07T01:00,,,,5.1,,134.0
2022-12-07T02:00,,,,5.2,,144.0
2022-12-07T03:00,,,,6.4,,154.0
2022-12-07T04:00,,,,8.9,,155.0
2022-12-07T05:00,,,,12.2,,153.0
2022-12-07T06:00,,,,14.9,,153.0
2022-12-07T07:00,,,,14.1,,158.0
2022-12-07T08:00,,,,11.9,,164.0
2022-12-07T09:00,,,,9.2,,171.0
2022-12-07T10:00,,,,8.6,24.7,173.0
2022-12-07T11:00,,,,8.4,24.0,173.0
2022-12-07T12:00,,,,9.1,,172.0
2022-12-07T13:00,,,,8.7,,172.0
2022-12-07T14:00,,,,8.2,,171.0
2022-12-07T15:00,,,,7.6,,170.0
2022-12-07T16:00,,,,7.4,,169.0
2022-12-07T17:00,,,,7.3,,167.0
2022-12-07T18:00,,,,6.9,,166.0
2022-12-07T19:00,,,,6.1,,167.0
2022-12-07T20:00,,,,5.0,,168.0
2022-12-07T21:00,,,,3.8,,168.0
2022-12-07T22:00,,,,3.0,,166.0
2022-12-07T23:00,,,,2.5,,162.0
2022-12-08T00:00,77.8,,,1.9,23.0,159.0
2022-12-08T01:00,65.7,45.2,,3.2,22.4,149.0
2022-12-08T02:00,58.6,40.0,377.0,4.9,21.4,134.0
2022-12-08T03:00,54.6,37.3,346.0,7.2,21.0,117.0
2022-12-08T04:00,55.6,38.0,341.0,8.4,22.6,110.0
2022-12-08T05:00,58.0,39.7,343.0,9.6,25.1,105.0
2022-12-08T06:00,61.5,42.1,345.0,10.4,,101.0
2022-12-08T07:00,63.3,43.5,340.0,10.1,,101.0
2022-12-08T08:00,63.8,44.1,332.0,9.4,23.2,104.0
2022-12-08T09:00,60.5,42.0,322.0,8.5,20.0,107.0
2022-12-08T10:00,53.6,37.1,313.0,8.1,18.5,109.0
2022-12-08T11:00,53.0,36.9,304.0,7.8,17.2,110.0
2022-12-08T12:00,65.2,45.3,314.0,12.0,20.2,112.0
2022-12-08T13:00,62.4,43.3,312.0,11.4,19.2,113.0
2022-12-08T14:00,63.3,43.4,310.0,10.6,17.9,115.0
2022-12-08T15:00,56.6,39.0,306.0,9.2,16.1,118.0
2022-12-08T16:00,55.6,38.1,303.0,8.2,15.2,120.0
2022-12-08T17:00,54.8,37.3,299.0,7.0,14.5,121.0
2022-12-08T18:00,51.7,34.8,292.0,5.5,13.3,122.0
2022-12-08T19:00,49.0,32.8,283.0,4.4,11.9,122.0
2022-12-08T20:00,45.1,30.2,272.0,3.5,10.4,120.0
2022-12-08T21:00,42.5,28.0,258.0,2.3,8.4,118.0
2022-12-08T22:00,39.0,25.3,248.0,1.8,7.1,116.0
2022-12-08T23:00,33.6,21.3,239.0,1.2,5.8,113.0
2022-12-09T00:00,46.1,31.0,247.0,1.5,8.1,117.0
2022-12-09T01:00,44.9,30.2,257.0,3.0,8.8,114.0
2022-12-09T02:00,41.7,28.3,272.0,5.0,9.6,109.0
2022-12-09T03:00,42.1,28.6,296.0,7.7,10.9,104.0
2022-12-09T04:00,46.1,31.4,318.0,9.4,11.6,101.0
2022-12-09T05:00,48.0,32.7,342.0,11.1,12.1,99.0
2022-12-09T06:00,46.8,31.9,371.0,12.8,13.1,97.0
2022-12-09T07:00,43.2,29.6,,13.1,14.2,96.0
2022-12-09T08:00,43.5,29.9,,12.9,15.5,96.0
2022-12-09T09:00,45.1,31.0,,13.4,16.5,94.0
2022-12-09T10:00,47.4,32.6,,15.4,16.3,90.0
2022-12-09T11:00,46.8,32.2,,,15.6,84.0
2022-12-09T12:00,33.3,21.0,300.0,16.3,7.6,87.0
2022-12-09T13:00,30.6,19.1,300.0,16.1,7.3,86.0
2022-12-09T14:00,30.3,18.6,300.0,15.9,7.1,85.0
2022-12-09T15:00,29.5,17.9,300.0,14.9,6.5,84.0
2022-12-09T16:00,28.8,17.2,298.0,13.1,5.8,85.0
2022-12-09T17:00,25.6,15.4,296.0,10.6,4.9,86.0
2022-12-09T18:00,28.4,16.5,295.0,7.9,4.6,86.0
2022-12-09T19:00,19.3,11.7,297.0,7.2,5.2,83.0
2022-12-09T20:00,12.5,8.5,300.0,7.1,6.6,79.0
2022-12-09T21:00,13.6,9.5,306.0,7.2,9.4,74.0
2022-12-09T22:00,17.8,12.1,311.0,6.8,12.9,73.0
2022-12-09T23:00,21.6,14.6,318.0,6.6,17.4,73.0
2022-12-10T00:00,18.1,12.4,325.0,7.0,17.1,76.0
2022-12-10T01:00,19.4,13.3,327.0,10.1,18.0,73.0
2022-12-10T02:00,20.9,14.3,330.0,14.6,19.2,69.0
2022-12-10T03:00,22.4,15.3,333.0,,21.0,66.0
2022-12-10T04:00,25.0,17.1,336.0,,22.4,66.0
2022-12-10T05:00,27.8,18.9,339.0,,23.8,68.0
2022-12-10T06:00,31.3,21.2,338.0,,24.9,75.0
2022-12-10T07:00,33.8,22.9,329.0,,24.8,85.0
2022-12-10T08:00,34.6,23.4,316.0,14.1,24.1,98.0
2022-12-10T09:00,31.9,21.6,298.0,9.5,21.8,112.0
2022-12-10T10:00,30.4,20.3,286.0,7.9,18.3,117.0
2022-12-10T11:00,31.1,20.2,273.0,7.2,13.6,120.0
2022-12-10T12:00,32.2,21.4,291.0,16.7,23.7,92.0
2022-12-10T13:00,31.5,21.1,294.0,16.6,23.6,90.0
2022-12-10T14:00,31.0,20.7,297.0,16.4,23.5,87.0
2022-12-10T15:00,30.0,19.9,296.0,15.3,21.9,85.0
2022-12-10T16:00,28.3,18.6,286.0,13.1,18.3,86.0
2022-12-10T17:00,26.3,16.9,272.0,10.3,13.4,88.0
2022-12-10T18:00,24.6,15.7,255.0,7.7,8.1,90.0
2022-12-10T19:00,24.6,15.5,248.0,7.2,6.3,90.0
2022-12-10T20:00,25.0,15.7,243.0,7.5,5.7,88.0
2022-12-10T21:00,26.5,16.6,241.0,9.6,6.1,85.0
2022-12-10T22:00,31.3,19.7,243.0,13.2,7.8,81.0
2022-12-10T23:00,33.2,21.1,249.0,,10.4,75.0
2022-12-11T00:00,28.9,18.7,248.0,7.9,16.9,84.0
2022-12-11T01:00,31.0,20.1,256.0,8.7,18.9,83.0
2022-12-11T02:00,34.0,22.3,267.0,9.9,21.6,83.0
2022-12-11T03:00,35.4,23.1,276.0,10.4,23.8,85.0
2022-12-11T04:00,36.3,23.5,273.0,9.1,23.0,92.0
2022-12-11T05:00,37.4,24.1,265.0,7.1,20.8,102.0
2022-12-11T06:00,38.6,24.9,253.0,4.6,17.5,114.0
2022-12-11T07:00,38.2,24.5,246.0,3.5,15.2,119.0
2022-12-11T08:00,37.7,24.2,238.0,2.8,12.6,122.0
2022-12-11T09:00,35.7,22.9,232.0,2.3,9.5,125.0
2022-12-11T10:00,32.7,20.8,232.0,2.2,7.4,126.0
2022-12-11T11:00,29.8,18.9,234.0,2.3,5.5,126.0
2022-12-11T12:00,20.3,12.3,206.0,3.7,1.6,100.0
2022-12-11T13:00,19.8,12.1,210.0,3.8,1.7,99.0
2022-12-11T14:00,20.4,12.5,215.0,4.0,1.8,99.0
2022-12-11T15:00,22.1,13.5,219.0,3.9,1.8,98.0
2022-12-11T16:00,24.4,15.0,218.0,3.3,1.8,98.0
2022-12-11T17:00,26.0,16.0,216.0,2.5,1.8,99.0
2022-12-11T18:00,27.1,16.6,212.0,1.5,1.5,100.0
2022-12-11T19:00,28.6,17.4,209.0,1.0,1.2,100.0
2022-12-11T20:00,28.1,17.1,206.0,0.6,0.8,100.0
2022-12-11T21:00,25.4,15.5,202.0,0.3,0.3,99.0
2022-12-11T22:00,25.0,15.1,200.0,0.2,0.2,98.0
2022-12-11T23:00,25.0,15.0,198.0,0.2,0.3,98.0
2022-12-12T00:00,24.9,15.5,215.0,6.9,3.8,92.0
2022-12-12T01:00,27.1,17.2,217.0,7.3,4.2,93.0
2022-12-12T02:00,25.4,15.8,220.0,7.9,4.7,93.0
2022-12-12T03:00,24.0,14.8,223.0,7.9,4.8,95.0
2022-12-12T04:00,23.9,14.7,222.0,6.8,3.8,97.0
2022-12-12T05:00,25.0,15.5,220.0,4.9,2.2,100.0
2022-12-12T06:00,25.3,15.8,217.0,2.8,0.6,103.0
2022-12-12T07:00,22.9,14.3,215.0,2.0,0.2,103.0
2022-12-12T08:00,22.5,13.9,213.0,1.4,0.3,102.0
2022-12-12T09:00,24.1,14.6,211.0,0.9,0.4,100.0
2022-12-12T10:00,24.2,14.5,212.0,0.9,0.4,99.0
2022-12-12T11:00,24.0,14.3,214.0,1.2,0.5,98.0
2022-12-12T12:00,28.5,17.4,234.0,1.8,0.6,105.0
2022-12-12T13:00,26.4,16.1,236.0,1.8,0.6,105.0
2022-12-12T14:00,25.6,15.6,238.0,1.8,0.6,105.0
2022-12-12T15:00,25.5,15.5,237.0,1.6,0.6,104.0
2022-12-12T16:00,25.8,15.7,231.0,1.3,0.6,103.0
2022-12-12T17:00,26.8,16.2,221.0,0.9,0.5,101.0
2022-12-12T18:00,27.1,16.4,210.0,0.5,0.4,98.0
2022-12-12T19:00,27.0,16.4,204.0,0.3,0.4,96.0
2022-12-12T20:00,27.0,16.3,199.0,0.2,0.4,94.0
2022-12-12T21:00,27.0,16.2,194.0,0.2,0.4,92.0
2022-12-12T22:00,27.2,16.4,192.0,0.2,0.4,90.0
2022-12-12T23:00,26.8,16.1,191.0,0.2,0.4,87.0
2022-12-13T00:00,23.9,14.2,171.0,0.2,0.4,79.0
2022-12-13T01:00,22.5,13.4,170.0,0.6,0.4,78.0
2022-12-13T02:00,21.2,12.7,169.0,1.2,0.5,76.0
2022-12-13T03:00,20.1,11.9,166.0,1.7,0.5,74.0
2022-12-13T04:00,19.9,11.9,163.0,1.5,0.5,74.0
2022-12-13T05:00,21.3,12.8,160.0,1.0,0.5,74.0
2022-12-13T06:00,22.8,13.9,156.0,0.5,0.6,73.0
2022-12-13T07:00,23.8,14.6,154.0,0.4,0.6,71.0
2022-12-13T08:00,23.0,14.0,151.0,0.6,0.6,69.0
2022-12-13T09:00,21.4,12.9,149.0,0.9,0.7,66.0
2022-12-13T10:00,20.0,11.9,147.0,1.0,0.7,63.0
2022-12-13T11:00,18.5,10.9,145.0,1.3,0.6,61.0
2022-12-13T12:00,0.9,0.7,64.0,0.0,0.2,35.0
2022-12-13T13:00,1.1,0.7,64.0,0.0,0.2,35.0
2022-12-13T14:00,1.1,0.8,63.0,0.0,0.3,34.0
2022-12-13T15:00,1.0,0.7,62.0,0.0,0.3,33.0
2022-12-13T16:00,0.9,0.7,62.0,0.0,0.4,32.0
2022-12-13T17:00,0.9,0.6,61.0,0.0,0.4,32.0
2022-12-13T18:00,0.8,0.6,61.0,0.0,0.4,31.0
2022-12-13T19:00,0.9,0.6,61.0,0.0,0.5,31.0
2022-12-13T20:00,1.0,0.7,60.0,0.0,0.5,30.0
2022-12-13T21:00,1.0,0.7,60.0,0.0,0.6,30.0
2022-12-13T22:00,1.1,0.7,60.0,0.0,0.6,30.0
2022-12-13T23:00,1.1,0.8,60.0,0.0,0.6,29.0
2022-12-14T00:00,1.1,0.8,60.0,0.0,0.6,29.0
2022-12-14T01:00,1.1,0.8,60.0,0.0,0.6,29.0
2022-12-14T02:00,1.1,0.8,60.0,0.0,0.6,29.0
2022-12-14T03:00,1.1,0.8,60.0,0.0,0.6,29.0
2022-12-14T04:00,1.1,0.8,60.0,0.0,0.6,29.0
2022-12-14T05:00,1.2,0.9,59.0,0.0,0.6,28.0
2022-12-14T06:00,1.3,0.9,59.0,0.0,0.6,28.0
2022-12-14T07:00,1.3,0.9,59.0,0.0,0.6,28.0
2022-12-14T08:00,1.3,0.9,60.0,0.0,0.6,28.0
2022-12-14T09:00,1.3,0.9,60.0,0.0,0.6,28.0
2022-12-14T10:00,1.2,0.9,60.0,0.0,0.6,27.0
2022-12-14T11:00,1.2,0.8,59.0,0.0,0.7,27.0
2022-12-14T12:00,1.0,0.7,59.0,0.0,0.8,26.0
2022-12-14T13:00,0.9,0.6,59.0,0.0,0.8,26.0
2022-12-14T14:00,0.8,0.6,59.0,0.0,0.8,26.0
2022-12-14T15:00,0.8,0.5,59.0,0.0,0.8,26.0
2022-12-14T16:00,0.7,0.5,59.0,0.0,0.8,26.0
2022-12-14T17:00,0.7,0.5,59.0,0.0,0.9,26.0
2022-12-14T18:00,0.7,0.5,59.0,0.0,0.9,26.0
2022-12-14T19:00,0.7,0.5,59.0,0.0,0.9,26.0
2022-12-14T20:00,0.8,0.5,59.0,0.0,0.9,26.0
2022-12-14T21:00,0.8,0.6,59.0,0.0,0.9,26.0
2022-12-14T22:00,0.9,0.6,59.0,0.0,0.9,27.0
2022-12-14T23:00,0.9,0.7,58.0,0.0,0.8,28.0
2022-12-15T00:00,1.3,0.9,58.0,0.0,0.8,28.0
2022-12-15T01:00,1.3,0.9,58.0,0.0,0.7,29.0
2022-12-15T02:00,1.3,0.9,59.0,0.0,0.6,30.0
2022-12-15T03:00,1.2,0.9,59.0,0.0,0.6,31.0
2022-12-15T04:00,1.1,0.8,59.0,0.0,0.6,32.0
2022-12-15T05:00,1.0,0.7,60.0,0.0,0.4,32.0
2022-12-15T06:00,1.0,0.7,60.0,0.0,0.4,33.0
2022-12-15T07:00,0.9,0.6,60.0,0.0,0.3,33.0
2022-12-15T08:00,0.9,0.6,61.0,0.0,0.3,33.0
2022-12-15T09:00,0.9,0.6,61.0,0.0,0.3,33.0
2022-12-15T10:00,0.9,0.6,61.0,0.0,0.3,33.0
2022-12-15T11:00,0.9,0.6,62.0,0.0,0.3,32.0
2022-12-15T12:00,0.4,0.3,62.0,0.0,0.3,31.0
2022-12-15T13:00,0.5,0.3,62.0,0.0,0.3,31.0
2022-12-15T14:00,0.5,0.3,63.0,0.0,0.3,31.0
2022-12-15T15:00,0.5,0.4,63.0,0.0,0.3,32.0
2022-12-15T16:00,0.6,0.4,63.0,0.0,0.3,33.0
2022-12-15T17:00,0.7,0.5,63.0,0.0,0.2,33.0
2022-12-15T18:00,0.7,0.5,63.0,0.0,0.2,34.0
2022-12-15T19:00,0.8,0.6,63.0,0.0,0.2,34.0
2022-12-15T20:00,0.8,0.6,63.0,0.0,0.2,35.0
2022-12-15T21:00,0.9,0.6,63.0,0.0,0.2,35.0
2022-12-15T22:00,0.9,0.6,63.0,0.0,0.2,35.0
2022-12-15T23:00,0.9,0.6,63.0,0.0,0.2,35.0
2022-12-16T00:00,55.5,33.5,,,,44.0
2022-12-16T01:00,57.0,34.7,,,,41.0
2022-12-16T02:00,58.8,35.9,,,,37.0
2022-12-16T03:00,60.3,36.9,,,,40.0
2022-12-16T04:00,61.2,37.3,,,,55.0
2022-12-16T05:00,61.5,36.7,,,,76.0
2022-12-16T06:00,65.7,38.3,,,23.5,100.0
2022-12-16T07:00,68.0,39.1,367.0,13.1,19.8,109.0
2022-12-16T08:00,69.4,39.8,336.0,8.6,15.6,113.0
2022-12-16T09:00,69.8,40.0,303.0,4.4,10.9,116.0
2022-12-16T10:00,69.8,40.0,287.0,3.0,8.8,117.0
2022-12-16T11:00,69.2,39.9,277.0,2.8,7.4,115.0
2022-12-16T12:00,61.2,35.0,280.0,3.5,8.8,128.0
2022-12-16T13:00,61.2,35.0,281.0,3.7,8.8,123.0
2022-12-16T14:00,61.2,35.2,282.0,4.0,8.7,116.0
2022-12-16T15:00,60.8,35.0,288.0,5.1,9.4,107.0
2022-12-16T16:00,61.5,35.4,298.0,6.5,11.1,102.0
2022-12-16T17:00,62.6,36.1,311.0,8.4,13.2,98.0
2022-12-16T18:00,63.3,36.4,334.0,11.8,16.2,91.0
2022-12-16T19:00,64.3,37.0,357.0,15.4,18.1,85.0
2022-12-16T20:00,65.7,37.7,,,20.1,78.0
2022-12-16T21:00,66.4,38.3,,,22.1,69.0
2022-12-16T22:00,67.1,38.9,,,23.0,62.0
2022-12-16T23:00,67.1,38.9,,,23.6,54.0
2022-12-17T00:00,67.3,39.1,,,,38.0
2022-12-17T01:00,66.6,38.6,,,,46.0
2022-12-17T02:00,65.7,38.0,,,,57.0
2022-12-17T03:00,66.6,38.3,,,,77.0
2022-12-17T04:00,68.2,39.2,,,24.3,99.0
2022-12-17T05:00,69.4,39.6,,11.5,21.7,125.0
2022-12-17T06:00,69.4,39.2,347.0,5.7,18.1,150.0
2022-12-17T07:00,69.6,39.1,319.0,3.2,15.2,155.0
2022-12-17T08:00,69.2,38.5,292.0,2.2,12.3,152.0
2022-12-17T09:00,68.2,37.8,266.0,1.5,9.2,145.0
2022-12-17T10:00,66.8,36.9,256.0,1.5,8.1,139.0
2022-12-17T11:00,66.1,36.4,253.0,2.0,7.6,131.0
2022-12-17T12:00,67.1,37.1,259.0,3.3,9.2,127.0
2022-12-17T13:00,66.6,36.7,264.0,3.7,10.1,125.0
2022-12-17T14:00,66.6,36.7,272.0,4.2,11.4,121.0
2022-12-17T15:00,67.5,37.1,284.0,5.2,13.1,117.0
2022-12-17T16:00,69.8,38.5,294.0,6.2,14.1,114.0
2022-12-17T17:00,71.5,39.7,306.0,7.2,15.2,111.0
2022-12-17T18:00,73.8,41.1,319.0,8.4,16.2,107.0
2022-12-17T19:00,72.9,41.0,327.0,9.1,16.4,105.0
2022-12-17T20:00,72.6,41.1,333.0,9.6,16.4,103.0
2022-12-17T21:00,72.4,41.1,338.0,9.6,16.0,102.0
2022-12-17T22:00,71.7,40.7,339.0,9.0,15.9,102.0
2022-12-17T23:00,68.5,39.5,339.0,7.9,15.6,103.0
2022-12-18T00:00,65.0,37.8,337.0,7.3,14.6,104.0
2022-12-18T01:00,63.1,36.7,333.0,6.9,14.5,107.0
2022-12-18T02:00,60.3,34.9,326.0,6.4,14.2,112.0
2022-12-18T03:00,57.9,33.4,316.0,5.5,13.6,119.0
2022-12-18T04:00,59.0,33.6,307.0,4.7,12.9,126.0
2022-12-18T05:00,61.5,34.5,297.0,3.7,11.9,134.0
2022-12-18T06:00,64.5,35.7,283.0,2.6,10.4,141.0
2022-12-18T07:00,64.3,35.0,270.0,2.0,9.1,140.0
2022-12-18T08:00,60.3,32.7,255.0,1.4,7.8,136.0
2022-12-18T09:00,55.5,30.0,240.0,0.9,6.3,131.0
2022-12-18T10:00,52.5,28.2,237.0,1.0,5.7,129.0
2022-12-18T11:00,51.3,27.2,237.0,1.4,5.2,128.0
2022-12-18T12:00,56.3,30.2,248.0,2.0,5.9,127.0
2022-12-18T13:00,54.4,29.0,244.0,2.1,5.8,126.0
2022-12-18T14:00,53.6,28.5,239.0,2.2,5.6,124.0
2022-12-18T15:00,53.0,28.2,231.0,2.3,5.2,122.0
2022-12-18T16:00,53.3,28.4,223.0,2.4,4.8,120.0
2022-12-18T17:00,52.0,27.9,215.0,2.5,4.4,118.0
2022-12-18T18:00,51.2,27.7,206.0,2.5,4.0,115.0
2022-12-18T19:00,51.3,28.1,202.0,2.3,3.6,113.0
2022-12-18T20:00,51.8,28.6,200.0,2.2,3.2,111.0
2022-12-18T21:00,52.0,29.0,201.0,2.2,3.4,108.0
2022-12-18T22:00,52.9,29.6,206.0,2.5,4.3,104.0
2022-12-18T23:00,53.3,29.9,214.0,3.0,5.8,100.0
2022-12-19T00:00,53.2,29.6,249.0,7.1,10.9,89.0
2022-12-19T01:00,54.0,30.3,263.0,8.1,12.6,87.0
2022-12-19T02:00,55.3,31.3,282.0,9.6,14.9,84.0
2022-12-19T03:00,58.7,33.9,311.0,11.8,17.8,84.0
2022-12-19T04:00,62.2,36.7,338.0,14.1,19.9,91.0
2022-12-19T05:00,66.8,39.7,368.0,16.8,22.0,102.0
2022-12-19T06:00,68.9,41.2,,,22.6,115.0
2022-12-19T07:00,68.5,40.6,360.0,15.2,20.1,122.0
2022-12-19T08:00,65.2,38.1,315.0,10.7,16.0,127.0
2022-12-19T09:00,62.6,36.2,265.0,5.8,11.4,130.0
2022-12-19T10:00,60.1,34.9,248.0,4.8,9.8,126.0
2022-12-19T11:00,57.9,33.9,240.0,5.1,9.1,119.0
2022-12-19T12:00,68.5,40.6,234.0,5.8,8.1,107.0
2022-12-19T13:00,63.8,38.0,242.0,6.8,9.2,103.0
2022-12-19T14:00,64.3,38.2,254.0,8.4,10.9,96.0
2022-12-19T15:00,65.9,38.6,272.0,10.5,12.9,89.0
2022-12-19T16:00,73.8,43.0,287.0,11.8,14.1,86.0
2022-12-19T17:00,78.7,45.4,304.0,13.1,15.1,83.0
2022-12-19T18:00,78.2,44.7,323.0,14.1,15.9,80.0
2022-12-19T19:00,78.5,44.6,333.0,14.4,15.9,78.0
2022-12-19T20:00,74.5,42.1,341.0,14.1,15.6,77.0
2022-12-19T21:00,72.9,41.2,350.0,13.7,15.2,75.0
2022-12-19T22:00,70.3,39.6,356.0,13.4,15.4,74.0
2022-12-19T23:00,71.0,39.9,360.0,12.9,15.8,72.0
2022-12-20T00:00,68.9,38.9,345.0,9.5,13.4,78.0
2022-12-20T01:00,70.3,39.7,348.0,9.6,14.1,80.0
2022-12-20T02:00,68.9,39.2,351.0,9.6,15.1,83.0
2022-12-20T03:00,68.7,39.7,355.0,9.9,16.1,88.0
2022-12-20T04:00,68.0,39.9,357.0,10.2,16.3,92.0
2022-12-20T05:00,67.8,40.0,358.0,10.8,16.2,97.0
2022-12-20T06:00,69.6,41.3,353.0,10.5,15.3,104.0
2022-12-20T07:00,66.8,39.7,339.0,8.6,13.6,111.0
2022-12-20T08:00,65.4,38.9,319.0,6.0,11.1,119.0
2022-12-20T09:00,64.5,38.4,299.0,3.5,8.8,126.0
2022-12-20T10:00,64.5,38.4,294.0,3.5,8.4,127.0
2022-12-20T11:00,64.3,38.4,293.0,4.3,8.6,124.0
2022-12-20T12:00,63.1,38.0,291.0,5.2,8.9,121.0
2022-12-20T13:00,63.6,38.2,299.0,5.9,9.8,118.0
2022-12-20T14:00,65.2,39.0,310.0,6.9,11.1,113.0
2022-12-20T15:00,67.1,39.9,328.0,8.6,12.9,106.0
2022-12-20T16:00,68.5,40.4,343.0,9.9,14.0,101.0
2022-12-20T17:00,69.6,40.7,359.0,11.5,15.1,96.0
2022-12-20T18:00,70.5,41.0,382.0,13.7,16.2,89.0
2022-12-20T19:00,69.2,40.0,,15.9,17.0,83.0
2022-12-20T20:00,69.2,39.8,,,17.5,76.0
2022-12-20T21:00,70.3,40.4,,,17.9,69.0
2022-12-20T22:00,71.2,40.9,,,17.6,67.0
2022-12-20T23:00,71.2,40.9,,,17.0,67.0
2022-12-21T00:00,67.3,38.8,,11.2,16.8,74.0
2022-12-21T01:00,65.9,38.4,,11.0,16.5,77.0
2022-12-21T02:00,63.8,37.7,,10.6,16.0,82.0
2022-12-21T03:00,61.7,37.1,378.0,10.1,15.1,88.0
2022-12-21T04:00,59.6,36.2,372.0,9.9,14.2,92.0
2022-12-21T05:00,59.8,36.4,367.0,9.6,13.2,97.0
2022-12-21T06:00,61.5,37.1,357.0,8.9,11.8,103.0
2022-12-21T07:00,61.0,36.7,344.0,7.4,10.8,109.0
2022-12-21T08:00,60.5,36.3,328.0,5.5,9.8,115.0
2022-12-21T09:00,58.9,35.3,312.0,3.8,8.8,119.0
2022-12-21T10:00,58.0,34.7,306.0,4.1,8.4,116.0
2022-12-21T11:00,56.6,33.8,304.0,5.0,8.4,111.0
2022-12-21T12:00,55.6,33.4,305.0,7.1,9.6,104.0
2022-12-21T13:00,54.8,32.9,312.0,8.4,11.1,99.0
2022-12-21T14:00,54.9,32.8,321.0,10.5,13.3,93.0
2022-12-21T15:00,55.9,33.1,333.0,12.6,15.6,86.0
2022-12-21T16:00,56.8,33.3,339.0,13.4,16.2,84.0
2022-12-21T17:00,57.7,33.6,343.0,13.6,16.2,83.0
2022-12-21T18:00,59.3,34.3,347.0,13.6,16.2,83.0
2022-12-21T19:00,60.8,34.9,350.0,13.3,16.6,82.0
2022-12-21T20:00,61.9,35.5,352.0,12.7,17.0,81.0
2022-12-21T21:00,62.9,35.9,349.0,11.4,16.9,82.0
2022-12-21T22:00,62.9,36.2,339.0,9.6,15.8,85.0
2022-12-21T23:00,63.3,36.8,325.0,7.3,14.3,89.0
2022-12-22T00:00,64.3,37.6,315.0,4.8,13.8,96.0
2022-12-22T01:00,66.4,39.1,318.0,5.2,14.1,98.0
2022-12-22T02:00,69.6,41.1,322.0,5.8,14.4,101.0
2022-12-22T03:00,71.9,42.6,322.0,6.0,14.4,109.0
2022-12-22T04:00,75.7,44.7,315.0,5.5,13.7,120.0
2022-12-22T05:00,79.4,46.6,303.0,4.7,12.6,133.0
2022-12-22T06:00,,46.6,286.0,3.5,10.9,147.0
2022-12-22T07:00,78.9,45.4,272.0,2.7,9.6,150.0
2022-12-22T08:00,76.8,44.4,256.0,1.9,8.3,149.0
2022-12-22T09:00,74.5,43.2,244.0,1.4,7.3,146.0
2022-12-22T10:00,73.6,42.5,247.0,2.0,7.8,144.0
2022-12-22T11:00,72.2,41.8,257.0,3.1,8.9,141.0
2022-12-22T12:00,,48.0,289.0,4.6,11.1,141.0
2022-12-22T13:00,,47.8,298.0,5.2,12.4,137.0
2022-12-22T14:00,,47.8,311.0,6.2,14.4,132.0
2022-12-22T15:00,,48.1,326.0,7.3,16.5,125.0
2022-12-22T16:00,,48.0,332.0,7.8,17.2,121.0
2022-12-22T17:00,,47.7,337.0,8.1,17.5,117.0
2022-12-22T18:00,,47.7,347.0,8.6,18.1,111.0
2022-12-22T19:00,,48.5,362.0,9.3,19.2,106.0
2022-12-22T20:00,,49.4,382.0,10.0,20.5,101.0
2022-12-22T21:00,,,,10.3,21.8,96.0
2022-12-22T22:00,,,,9.4,22.0,96.0
2022-12-22T23:00,,,,8.0,22.0,98.0
2022-12-23T00:00,,,,6.5,22.2,108.0
2022-12-23T01:00,,,,6.6,21.8,111.0
2022-12-23T02:00,,,,6.7,21.1,115.0
2022-12-23T03:00,,,,6.8,20.2,122.0
2022-12-23T04:00,,,,6.8,19.9,130.0
2022-12-23T05:00,,,,6.8,19.5,140.0
2022-12-23T06:00,,,,6.3,18.5,152.0
2022-12-23T07:00,,,,5.2,16.8,160.0
2022-12-23T08:00,,,,3.5,14.4,166.0
2022-12-23T09:00,,,373.0,2.2,12.1,170.0
2022-12-23T10:00,,,376.0,2.5,11.2,167.0
2022-12-23T11:00,,,,3.5,10.9,160.0
2022-12-23T12:00,,,,5.5,13.6,155.0
2022-12-23T13:00,,,,6.5,14.9,148.0
2022-12-23T14:00,,,,7.9,16.8,139.0
2022-12-23T15:00,,,,9.8,19.2,127.0
2022-12-23T16:00,,,,11.1,20.6,121.0
2022-12-23T17:00,,,,12.4,21.8,116.0
2022-12-23T18:00,,,,13.2,22.9,111.0
2022-12-23T19:00,,,,12.6,23.1,110.0
2022-12-23T20:00,,,,11.4,22.9,110.0
2022-12-23T21:00,,,,9.4,22.4,112.0
2022-12-23T22:00,,,,7.8,21.7,114.0
2022-12-23T23:00,,,,5.8,20.8,117.0
2022-12-24T00:00,,,,3.4,13.9,122.0
2022-12-24T01:00,,,,4.5,14.1,121.0
2022-12-24T02:00,,,,6.0,14.4,119.0
2022-12-24T03:00,,,,7.1,14.2,120.0
2022-12-24T04:00,,,,6.1,13.1,126.0
2022-12-24T05:00,,,,4.2,11.4,134.0
2022-12-24T06:00,,,,2.7,10.4,143.0
2022-12-24T07:00,,,,3.0,11.6,147.0
2022-12-24T08:00,,,,3.8,13.8,150.0
2022-12-24T09:00,,,,6.2,16.8,146.0
2022-12-24T10:00,,,,9.7,18.8,132.0
2022-12-24T11:00,72.6,43.7,376.0,14.1,20.9,113.0
2022-12-24T12:00,56.0,33.3,356.0,,22.9,95.0
2022-12-24T13:00,48.2,28.6,344.0,16.6,21.6,89.0
2022-12-24T14:00,43.0,25.6,326.0,15.4,19.8,79.0
2022-12-24T15:00,38.6,23.1,299.0,13.1,16.6,70.0
2022-12-24T16:00,34.3,20.6,278.0,10.9,13.2,68.0
2022-12-24T17:00,31.4,18.9,255.0,8.1,9.3,68.0
2022-12-24T18:00,27.5,16.5,227.0,5.2,5.1,69.0
2022-12-24T19:00,25.1,14.9,210.0,3.8,3.5,68.0
2022-12-24T20:00,21.3,12.5,196.0,3.0,2.8,68.0
2022-12-24T21:00,20.7,11.8,182.0,2.2,2.3,67.0
2022-12-24T22:00,19.0,10.6,175.0,1.7,1.9,67.0
2022-12-24T23:00,17.5,9.6,172.0,1.4,1.7,67.0
2022-12-25T00:00,15.1,8.4,174.0,1.7,1.9,67.0
2022-12-25T01:00,14.0,7.9,178.0,2.3,2.0,66.0
2022-12-25T02:00,13.1,7.5,184.0,3.2,2.2,65.0
2022-12-25T03:00,14.5,8.2,190.0,3.9,2.3,65.0
2022-12-25T04:00,16.1,9.1,190.0,3.5,2.1,68.0
2022-12-25T05:00,17.5,10.1,188.0,2.5,1.8,72.0
2022-12-25T06:00,20.4,11.7,188.0,1.5,1.4,77.0
2022-12-25T07:00,25.3,14.5,192.0,1.2,1.3,80.0
2022-12-25T08:00,26.4,14.8,198.0,1.0,1.2,84.0
2022-12-25T09:00,26.7,15.0,205.0,1.2,1.2,86.0
2022-12-25T10:00,27.7,15.4,207.0,1.8,1.2,84.0
2022-12-25T11:00,23.9,13.2,207.0,2.5,1.2,81.0
2022-12-25T12:00,23.3,12.6,206.0,2.2,0.8,75.0
2022-12-25T13:00,25.0,13.4,204.0,2.1,0.9,74.0
2022-12-25T14:00,26.7,14.2,201.0,2.0,0.9,72.0
2022-12-25T15:00,26.3,14.0,197.0,1.8,0.9,70.0
2022-12-25T16:00,25.3,13.5,195.0,1.6,0.9,69.0
2022-12-25T17:00,23.0,12.3,192.0,1.5,0.9,68.0
2022-12-25T18:00,21.1,11.4,189.0,1.3,0.9,67.0
2022-12-25T19:00,21.8,11.8,186.0,1.1,0.9,67.0
2022-12-25T20:00,20.4,11.1,182.0,0.9,1.0,67.0
2022-12-25T21:00,19.7,10.7,178.0,0.6,1.1,67.0
2022-12-25T22:00,21.2,11.5,176.0,0.6,1.2,67.0
2022-12-25T23:00,20.6,11.2,174.0,0.5,1.2,66.0
2022-12-26T00:00,19.7,10.7,171.0,0.4,1.0,66.0
2022-12-26T01:00,19.0,10.4,171.0,0.8,1.0,66.0
2022-12-26T02:00,20.0,11.0,171.0,1.1,0.9,66.0
2022-12-26T03:00,19.7,10.8,170.0,1.5,0.9,67.0
2022-12-26T04:00,21.0,11.6,169.0,1.4,0.8,68.0
2022-12-26T05:00,23.9,13.3,167.0,1.1,0.8,68.0
2022-12-26T06:00,25.3,14.2,165.0,0.9,0.8,69.0
2022-12-26T07:00,24.0,13.6,164.0,0.9,0.9,69.0
2022-12-26T08:00,25.2,14.1,163.0,0.9,0.9,68.0
2022-12-26T09:00,26.7,14.9,163.0,1.2,0.9,67.0
2022-12-26T10:00,25.6,14.1,163.0,1.6,0.9,65.0
2022-12-26T11:00,23.0,12.5,164.0,2.2,0.9,63.0
2022-12-26T12:00,24.4,13.2,157.0,2.6,1.0,63.0
2022-12-26T13:00,24.5,13.3,158.0,2.5,0.9,63.0
2022-12-26T14:00,23.9,13.0,161.0,2.5,0.9,64.0
2022-12-26T15:00,21.7,11.8,163.0,2.4,0.8,64.0
2022-12-26T16:00,19.2,10.5,164.0,2.4,0.9,64.0
2022-12-26T17:00,19.4,10.7,165.0,2.4,1.1,63.0
2022-12-26T18:00,18.3,10.2,165.0,2.2,1.4,63.0
2022-12-26T19:00,17.8,9.9,163.0,1.9,1.4,63.0
2022-12-26T20:00,18.6,10.4,160.0,1.5,1.2,64.0
2022-12-26T21:00,18.3,10.2,156.0,1.0,1.1,64.0
2022-12-26T22:00,17.9,10.1,154.0,0.8,1.1,64.0
2022-12-26T23:00,17.3,9.8,152.0,0.6,1.0,63.0
2022-12-27T00:00,17.0,9.6,149.0,0.7,1.3,64.0
2022-12-27T01:00,17.4,10.0,153.0,1.4,1.4,63.0
2022-12-27T02:00,17.6,10.1,159.0,2.2,1.5,62.0
2022-12-27T03:00,18.0,10.4,165.0,3.0,1.8,62.0
2022-12-27T04:00,19.3,11.2,167.0,2.8,1.9,63.0
2022-12-27T05:00,21.0,12.4,167.0,2.3,1.9,66.0
2022-12-27T06:00,22.9,13.7,168.0,1.6,1.9,68.0
2022-12-27T07:00,24.1,14.5,170.0,1.4,1.6,69.0
2022-12-27T08:00,23.5,14.1,174.0,1.2,1.3,70.0
2022-12-27T09:00,22.2,13.4,179.0,1.2,0.9,70.0
2022-12-27T10:00,20.3,12.0,184.0,1.5,0.9,69.0
2022-12-27T11:00,19.1,11.3,189.0,1.9,0.9,68.0
2022-12-27T12:00,17.8,10.6,199.0,3.2,1.1,64.0
2022-12-27T13:00,17.2,10.3,207.0,3.8,1.2,63.0
2022-12-27T14:00,17.3,10.4,217.0,4.7,1.5,62.0
2022-12-27T15:00,17.9,10.7,229.0,5.6,1.6,61.0
2022-12-27T16:00,18.3,11.0,233.0,5.6,1.8,62.0
2022-12-27T17:00,18.6,11.2,235.0,5.2,1.9,63.0
2022-12-27T18:00,18.5,11.0,235.0,4.7,1.9,66.0
2022-12-27T19:00,18.8,11.1,232.0,4.2,1.8,68.0
2022-12-27T20:00,19.2,11.3,228.0,3.6,1.6,71.0
2022-12-27T21:00,19.5,11.4,224.0,3.2,1.5,73.0
2022-12-27T22:00,20.1,11.7,225.0,3.3,1.5,74.0
2022-12-27T23:00,20.4,11.8,229.0,3.8,1.7,74.0
2022-12-28T00:00,21.6,12.7,245.0,6.4,2.5,69.0
2022-12-28T01:00,22.4,13.3,254.0,7.4,3.0,68.0
2022-12-28T02:00,23.2,13.8,267.0,8.9,3.8,68.0
2022-12-28T03:00,23.2,13.9,275.0,9.6,4.2,69.0
2022-12-28T04:00,24.1,14.3,265.0,8.1,4.0,74.0
2022-12-28T05:00,25.1,14.8,247.0,5.3,3.2,81.0
2022-12-28T06:00,25.3,14.8,226.0,2.4,2.4,88.0
2022-12-28T07:00,26.6,15.5,218.0,1.5,2.0,90.0
2022-12-28T08:00,25.7,14.9,212.0,1.1,1.7,90.0
2022-12-28T09:00,24.3,13.9,208.0,1.1,1.4,89.0
2022-12-28T10:00,22.8,13.0,207.0,1.5,1.2,86.0
2022-12-28T11:00,21.2,12.0,207.0,2.2,1.1,82.0
2022-12-28T12:00,23.2,13.4,215.0,3.5,1.7,79.0
2022-12-28T13:00,22.6,13.1,221.0,4.2,1.8,77.0
2022-12-28T14:00,22.1,12.9,229.0,5.2,1.8,75.0
2022-12-28T15:00,21.8,12.7,237.0,6.1,1.9,72.0
2022-12-28T16:00,21.5,12.5,239.0,6.0,2.0,71.0
2022-12-28T17:00,21.2,12.4,238.0,5.6,2.0,71.0
2022-12-28T18:00,21.0,12.3,235.0,4.7,2.0,72.0
2022-12-28T19:00,20.7,12.0,231.0,3.8,1.8,73.0
2022-12-28T20:00,20.6,12.0,224.0,2.8,1.5,75.0
2022-12-28T21:00,20.7,12.0,220.0,1.8,1.1,77.0
2022-12-28T22:00,21.2,12.3,221.0,1.5,0.9,78.0
2022-12-28T23:00,22.6,13.3,225.0,1.5,0.8,78.0
2022-12-29T00:00,31.5,20.1,264.0,4.3,2.9,65.0
2022-12-29T01:00,32.9,21.2,288.0,6.1,3.5,61.0
2022-12-29T02:00,36.7,23.9,323.0,8.4,4.2,56.0
2022-12-29T03:00,38.8,25.6,349.0,10.1,4.9,56.0
2022-12-29T04:00,28.0,17.9,335.0,8.8,4.7,66.0
2022-12-29T05:00,28.0,17.8,304.0,6.2,4.2,81.0
2022-12-29T06:00,29.3,18.5,269.0,3.2,3.5,98.0
2022-12-29T07:00,31.1,19.4,259.0,2.2,3.2,105.0
2022-12-29T08:00,31.3,19.3,255.0,1.9,3.0,110.0
2022-12-29T09:00,29.3,17.8,251.0,1.9,2.7,111.0
2022-12-29T10:00,27.3,16.3,246.0,2.2,2.5,107.0
2022-12-29T11:00,24.7,14.6,240.0,2.8,2.4,100.0
2022-12-29T12:00,22.8,13.8,229.0,4.2,2.5,88.0
2022-12-29T13:00,21.2,12.7,228.0,4.2,2.3,85.0
2022-12-29T14:00,19.6,11.6,227.0,4.3,2.0,81.0
2022-12-29T15:00,18.0,10.5,225.0,4.3,1.7,76.0
2022-12-29T16:00,16.8,9.7,223.0,4.0,1.6,74.0
2022-12-29T17:00,16.0,9.3,221.0,3.5,1.5,74.0
2022-12-29T18:00,15.4,8.9,218.0,2.8,1.5,73.0
2022-12-29T19:00,14.9,8.6,215.0,2.3,1.4,73.0
2022-12-29T20:00,14.6,8.4,211.0,1.9,1.3,72.0
2022-12-29T21:00,14.5,8.4,207.0,1.3,1.2,72.0
2022-12-29T22:00,15.0,8.8,205.0,0.9,1.3,72.0
2022-12-29T23:00,15.1,8.9,203.0,0.6,1.4,72.0
2022-12-30T00:00,16.7,10.1,214.0,1.1,2.5,69.0
2022-12-30T01:00,17.5,10.8,222.0,2.3,2.8,67.0
2022-12-30T02:00,18.6,11.7,234.0,4.1,3.2,65.0
2022-12-30T03:00,18.3,11.6,244.0,5.4,3.5,65.0
2022-12-30T04:00,17.1,10.8,242.0,4.9,3.5,69.0
2022-12-30T05:00,18.2,11.6,236.0,3.7,3.2,76.0
2022-12-30T06:00,20.7,13.3,228.0,2.3,3.0,84.0
2022-12-30T07:00,23.0,14.8,226.0,1.8,2.8,90.0
2022-12-30T08:00,24.0,15.5,225.0,1.5,2.7,95.0
2022-12-30T09:00,23.7,15.1,226.0,1.6,2.7,100.0
2022-12-30T10:00,24.3,15.5,229.0,2.3,3.2,101.0
2022-12-30T11:00,24.6,15.5,234.0,3.3,3.8,99.0
2022-12-30T12:00,22.4,13.9,229.0,4.3,3.6,93.0
2022-12-30T13:00,22.6,13.8,229.0,4.5,3.8,91.0
2022-12-30T14:00,22.4,13.4,229.0,4.7,4.1,88.0
2022-12-30T15:00,21.9,12.9,227.0,4.6,4.3,85.0
2022-12-30T16:00,21.2,12.3,222.0,4.0,4.2,85.0
2022-12-30T17:00,20.1,11.4,214.0,3.1,3.8,85.0
2022-12-30T18:00,19.0,10.5,204.0,2.1,3.3,85.0
2022-12-30T19:00,17.6,9.5,197.0,1.7,3.0,84.0
2022-12-30T20:00,16.4,8.7,190.0,1.4,2.6,82.0
2022-12-30T21:00,15.4,8.1,184.0,1.2,2.2,79.0
2022-12-30T22:00,15.5,8.4,183.0,1.1,2.2,77.0
2022-12-30T23:00,15.9,8.9,185.0,1.0,2.2,76.0
2022-12-31T00:00,25.4,15.9,230.0,7.3,3.9,62.0
2022-12-31T01:00,29.8,19.2,252.0,8.9,4.6,59.0
2022-12-31T02:00,34.1,22.4,283.0,11.1,5.6,54.0
2022-12-31T03:00,36.1,23.8,308.0,12.4,6.6,55.0
2022-12-31T04:00,34.6,22.8,298.0,10.6,6.8,65.0
2022-12-31T05:00,30.4,19.8,274.0,7.3,6.7,81.0
2022-12-31T06:00,30.9,20.1,244.0,3.7,6.3,99.0
2022-12-31T07:00,31.5,20.7,233.0,2.5,5.8,107.0
2022-12-31T08:00,31.4,20.6,225.0,1.9,4.9,114.0
2022-12-31T09:00,30.4,19.8,219.0,1.9,4.1,118.0
2022-12-31T10:00,29.5,19.2,217.0,2.5,3.8,117.0
2022-12-31T11:00,28.4,18.3,217.0,3.6,3.7,113.0
2022-12-31T12:00,29.7,19.3,210.0,4.4,4.0,108.0
2022-12-31T13:00,29.5,19.1,210.0,4.7,3.8,104.0
2022-12-31T14:00,28.1,17.9,210.0,5.0,3.3,99.0
2022-12-31T15:00,27.1,17.1,209.0,5.1,2.9,94.0
2022-12-31T16:00,27.1,17.1,207.0,4.7,2.6,92.0
2022-12-31T17:00,26.5,16.6,205.0,3.9,2.3,91.0
2022-12-31T18:00,26.0,16.1,200.0,3.0,2.1,91.0
2022-12-31T19:00,25.7,15.8,194.0,2.4,2.0,91.0
2022-12-31T20:00,25.5,15.6,188.0,1.9,2.0,91.0
2022-12-31T21:00,25.6,15.7,183.0,1.5,2.2,91.0
2022-12-31T22:00,26.6,16.3,184.0,1.3,2.3,91.0
2022-12-31T23:00,28.5,17.6,188.0,1.3,2.6,90.0
2023-01-01T00:00,35.0,22.6,223.0,4.8,4.7,80.0
2023-01-01T01:00,37.1,24.0,235.0,5.8,4.8,79.0
2023-01-01T02:00,39.5,25.7,253.0,7.2,4.8,77.0
2023-01-01T03:00,40.6,26.5,268.0,7.9,4.8,80.0
2023-01-01T04:00,38.4,24.9,266.0,6.8,4.6,90.0
2023-01-01T05:00,37.5,24.2,256.0,4.8,4.3,103.0
2023-01-01T06:00,39.2,25.4,245.0,2.5,3.9,119.0
2023-01-01T07:00,42.5,27.8,241.0,1.9,3.7,127.0
2023-01-01T08:00,43.0,27.9,239.0,1.6,3.4,132.0
2023-01-01T09:00,42.3,27.4,236.0,1.6,3.1,135.0
2023-01-01T10:00,41.3,26.6,232.0,2.0,2.9,131.0
2023-01-01T11:00,40.3,25.7,227.0,2.6,2.8,124.0
2023-01-01T12:00,40.7,26.3,266.0,4.0,6.1,134.0
2023-01-01T13:00,39.9,25.4,258.0,3.8,5.8,127.0
2023-01-01T14:00,37.7,23.6,247.0,3.7,5.4,118.0
2023-01-01T15:00,35.5,21.8,232.0,3.3,4.8,107.0
2023-01-01T16:00,33.5,20.4,222.0,3.0,4.1,102.0
2023-01-01T17:00,32.4,19.4,213.0,2.5,3.4,98.0
2023-01-01T18:00,32.2,19.2,203.0,2.1,2.5,94.0
2023-01-01T19:00,32.8,19.4,199.0,1.8,2.2,93.0
2023-01-01T20:00,34.0,20.0,197.0,1.6,1.9,94.0
2023-01-01T21:00,35.9,21.0,198.0,1.5,1.7,95.0
2023-01-01T22:00,38.0,22.2,201.0,1.5,1.6,95.0
2023-01-01T23:00,40.9,24.0,205.0,1.7,1.8,96.0
2023-01-02T00:00,42.5,25.0,206.0,2.5,2.5,96.0
2023-01-02T01:00,44.5,26.3,212.0,3.5,2.8,94.0
2023-01-02T02:00,45.6,26.9,220.0,4.9,3.2,92.0
2023-01-02T03:00,46.0,27.1,223.0,5.8,3.5,90.0
2023-01-02T04:00,44.8,26.1,211.0,4.9,3.2,92.0
2023-01-02T05:00,42.8,24.6,191.0,3.2,2.8,96.0
2023-01-02T06:00,41.7,24.0,169.0,1.4,2.2,99.0
2023-01-02T07:00,40.0,22.9,160.0,0.9,2.0,98.0
2023-01-02T08:00,39.3,22.6,155.0,0.8,1.9,96.0
2023-01-02T09:00,37.6,21.6,151.0,0.9,1.8,93.0
2023-01-02T10:00,36.0,20.5,149.0,1.2,1.7,91.0
2023-01-02T11:00,34.6,19.7,149.0,1.8,1.6,88.0
2023-01-02T12:00,34.6,19.8,147.0,2.7,1.7,84.0
2023-01-02T13:00,33.9,19.4,150.0,3.0,1.6,83.0
2023-01-02T14:00,33.1,19.0,155.0,3.4,1.5,82.0
2023-01-02T15:00,32.5,18.6,160.0,3.7,1.3,81.0
2023-01-02T16:00,32.4,18.5,160.0,3.5,1.3,82.0
2023-01-02T17:00,32.2,18.5,159.0,3.2,1.4,83.0
2023-01-02T18:00,32.5,18.5,158.0,2.7,1.5,85.0
2023-01-02T19:00,32.9,18.7,157.0,2.3,1.5,87.0
2023-01-02T20:00,33.9,19.3,157.0,2.0,1.5,88.0
2023-01-02T21:00,35.2,20.1,160.0,2.0,1.8,89.0
2023-01-02T22:00,37.0,21.3,167.0,2.7,2.3,87.0
2023-01-02T23:00,41.4,24.0,177.0,3.7,3.0,85.0
2023-01-03T00:00,38.2,22.2,177.0,3.2,2.4,87.0
2023-01-03T01:00,40.0,23.2,187.0,4.4,2.8,88.0
2023-01-03T02:00,42.6,24.7,200.0,6.2,3.5,88.0
2023-01-03T03:00,45.9,26.6,215.0,7.4,4.1,93.0
2023-01-03T04:00,49.6,28.8,220.0,6.7,4.1,102.0
2023-01-03T05:00,54.1,31.4,221.0,5.0,3.9,114.0
2023-01-03T06:00,60.1,35.0,222.0,3.0,3.5,125.0
2023-01-03T07:00,64.5,37.6,221.0,2.2,3.1,127.0
2023-01-03T08:00,66.8,39.2,219.0,1.5,2.7,125.0
2023-01-03T09:00,67.8,39.9,218.0,1.0,2.2,121.0
2023-01-03T10:00,68.2,40.2,219.0,1.1,2.0,117.0
2023-01-03T11:00,67.8,40.0,222.0,1.6,2.0,113.0
2023-01-03T12:00,59.5,34.8,220.0,2.3,2.2,110.0
2023-01-03T13:00,59.6,34.9,224.0,2.5,2.2,108.0
2023-01-03T14:00,59.8,35.2,230.0,2.8,2.2,106.0
2023-01-03T15:00,59.8,35.3,236.0,3.2,2.2,103.0
2023-01-03T16:00,60.1,35.3,238.0,3.5,2.3,101.0
2023-01-03T17:00,60.5,35.6,238.0,3.8,2.4,100.0
2023-01-03T18:00,59.8,35.0,237.0,4.1,2.5,99.0
2023-01-03T19:00,59.8,34.9,234.0,4.0,2.5,99.0
2023-01-03T20:00,60.5,35.0,231.0,3.9,2.4,99.0
2023-01-03T21:00,59.5,34.3,231.0,4.2,2.5,98.0
2023-01-03T22:00,59.8,34.5,238.0,4.9,2.6,97.0
2023-01-03T23:00,60.1,34.7,249.0,5.9,2.9,94.0
2023-01-04T00:00,64.3,37.7,305.0,14.4,6.3,79.0
2023-01-04T01:00,68.0,39.7,315.0,15.5,6.9,79.0
2023-01-04T02:00,67.8,39.2,329.0,,7.8,80.0
2023-01-04T03:00,69.4,40.3,335.0,,8.1,85.0
2023-01-04T04:00,70.5,40.6,319.0,14.1,7.2,95.0
2023-01-04T05:00,69.2,39.6,293.0,9.3,5.7,109.0
2023-01-04T06:00,68.2,39.1,262.0,4.0,3.8,123.0
2023-01-04T07:00,67.1,38.4,248.0,2.2,3.0,125.0
2023-01-04T08:00,65.4,37.5,239.0,1.4,2.3,123.0
2023-01-04T09:00,62.6,35.9,230.0,0.9,1.7,119.0
2023-01-04T10:00,60.1,34.2,228.0,0.9,1.6,117.0
2023-01-04T11:00,57.5,32.7,229.0,1.4,1.7,115.0
2023-01-04T12:00,55.6,31.5,228.0,2.2,1.8,110.0
2023-01-04T13:00,54.7,31.1,229.0,2.2,1.9,110.0
2023-01-04T14:00,53.9,30.6,231.0,2.2,1.9,110.0
2023-01-04T15:00,52.7,29.9,231.0,2.3,2.0,110.0
2023-01-04T16:00,51.1,28.8,228.0,2.3,1.9,110.0
2023-01-04T17:00,49.2,27.6,223.0,2.2,1.8,109.0
2023-01-04T18:00,47.5,26.5,218.0,2.3,1.8,108.0
2023-01-04T19:00,46.0,25.7,216.0,2.5,1.8,107.0
2023-01-04T20:00,44.6,24.9,214.0,2.8,1.8,105.0
2023-01-04T21:00,44.7,25.0,216.0,3.2,1.9,103.0
2023-01-04T22:00,46.1,25.8,221.0,3.8,2.1,102.0
2023-01-04T23:00,50.1,28.1,229.0,4.3,2.3,101.0
2023-01-05T00:00,59.8,33.9,264.0,8.9,4.2,90.0
2023-01-05T01:00,59.6,34.1,274.0,9.4,4.2,91.0
2023-01-05T02:00,61.0,35.3,288.0,10.1,4.2,94.0
2023-01-05T03:00,64.5,37.5,299.0,9.9,3.9,99.0
2023-01-05T04:00,66.4,38.8,292.0,7.8,3.3,107.0
2023-01-05T05:00,71.0,41.9,278.0,4.6,2.7,118.0
2023-01-05T06:00,76.8,45.6,265.0,1.2,1.9,128.0
2023-01-05T07:00,,48.2,267.0,0.4,1.8,129.0
2023-01-05T08:00,,49.6,273.0,0.4,1.9,127.0
2023-01-05T09:00,,50.1,282.0,0.9,2.0,123.0
2023-01-05T10:00,,50.1,286.0,1.1,2.0,121.0
2023-01-05T11:00,,50.1,290.0,1.5,2.0,120.0
2023-01-05T12:00,70.3,42.0,293.0,2.2,2.2,117.0
2023-01-05T13:00,71.0,42.5,297.0,2.5,2.7,116.0
2023-01-05T14:00,72.2,43.2,303.0,3.0,3.3,114.0
2023-01-05T15:00,74.7,44.8,312.0,3.8,4.3,112.0
2023-01-05T16:00,78.5,47.0,320.0,4.6,5.3,111.0
2023-01-05T17:00,,49.2,329.0,5.6,6.5,109.0
2023-01-05T18:00,,,338.0,6.6,7.8,108.0
2023-01-05T19:00,,,340.0,6.8,8.6,107.0
2023-01-05T20:00,,,340.0,6.8,9.3,106.0
2023-01-05T21:00,,,334.0,6.4,9.8,105.0
2023-01-05T22:00,,,324.0,5.7,9.6,105.0
2023-01-05T23:00,,49.6,309.0,4.6,9.1,105.0
2023-01-06T00:00,,48.5,329.0,6.6,10.4,96.0
2023-01-06T01:00,78.5,46.7,316.0,6.3,10.1,98.0
2023-01-06T02:00,74.5,44.0,297.0,5.8,9.8,101.0
2023-01-06T03:00,69.6,41.0,272.0,5.1,8.8,104.0
2023-01-06T04:00,66.1,38.9,256.0,4.4,7.3,106.0
2023-01-06T05:00,64.3,37.8,242.0,3.7,5.5,107.0
2023-01-06T06:00,64.5,38.2,228.0,2.7,3.5,108.0
2023-01-06T07:00,65.7,39.1,224.0,2.1,2.8,108.0
2023-01-06T08:00,67.1,40.0,224.0,1.5,2.5,108.0
2023-01-06T09:00,67.5,40.4,227.0,1.1,2.2,107.0
2023-01-06T10:00,67.5,40.4,232.0,1.3,2.2,106.0
2023-01-06T11:00,67.1,39.9,238.0,1.8,2.2,105.0
2023-01-06T12:00,63.8,37.7,247.0,2.5,2.5,105.0
2023-01-06T13:00,62.9,37.4,249.0,2.7,2.7,104.0
2023-01-06T14:00,61.2,36.3,252.0,3.0,3.0,102.0
2023-01-06T15:00,60.3,35.6,255.0,3.5,3.5,99.0
2023-01-06T16:00,59.0,34.8,256.0,4.0,3.8,97.0
2023-01-06T17:00,58.3,34.1,255.0,4.5,4.3,96.0
2023-01-06T18:00,57.5,33.5,253.0,4.9,4.7,95.0
2023-01-06T19:00,56.0,32.4,249.0,4.8,4.6,95.0
2023-01-06T20:00,54.2,31.2,243.0,4.4,4.2,96.0
2023-01-06T21:00,52.6,30.2,239.0,4.0,3.8,98.0
2023-01-06T22:00,52.4,29.9,243.0,3.9,3.8,99.0
2023-01-06T23:00,53.6,30.4,250.0,3.8,3.9,101.0
2023-01-07T00:00,56.1,31.9,280.0,8.1,7.3,90.0
2023-01-07T01:00,57.6,32.8,285.0,7.8,7.4,93.0
2023-01-07T02:00,59.6,34.2,291.0,7.2,7.7,97.0
2023-01-07T03:00,61.5,35.4,298.0,6.2,7.4,105.0
2023-01-07T04:00,62.9,36.6,299.0,4.9,6.4,113.0
2023-01-07T05:00,66.6,39.1,298.0,3.3,4.9,122.0
2023-01-07T06:00,70.8,41.9,297.0,1.7,3.3,131.0
2023-01-07T07:00,74.5,44.4,298.0,1.1,2.9,131.0
2023-01-07T08:00,77.5,46.4,300.0,1.0,2.8,129.0
2023-01-07T09:00,,48.0,306.0,1.0,2.8,125.0
2023-01-07T10:00,,50.1,314.0,1.3,2.9,124.0
2023-01-07T11:00,,,323.0,1.8,3.0,123.0
2023-01-07T12:00,,49.1,342.0,2.6,4.2,126.0
2023-01-07T13:00,,,355.0,2.8,4.8,126.0
2023-01-07T14:00,,,373.0,3.2,5.7,125.0
2023-01-07T15:00,,,,4.1,7.2,123.0
2023-01-07T16:00,,,,5.3,8.6,120.0
2023-01-07T17:00,,,,6.9,10.2,115.0
2023-01-07T18:00,,,,8.7,12.5,110.0
2023-01-07T19:00,,,,9.4,14.6,107.0
2023-01-07T20:00,,,,9.8,16.8,104.0
2023-01-07T21:00,,,,9.6,18.5,103.0
2023-01-07T22:00,,,,8.4,18.0,105.0
2023-01-07T23:00,,,,6.8,16.5,109.0
2023-01-08T00:00,,,,8.0,22.0,96.0
2023-01-08T01:00,,,,7.8,21.6,99.0
2023-01-08T02:00,,,,7.5,21.1,105.0
2023-01-08T03:00,,,,6.9,20.0,114.0
2023-01-08T04:00,,,,6.2,18.9,125.0
2023-01-08T05:00,,,,5.2,17.5,138.0
2023-01-08T06:00,,,,4.0,15.7,151.0
2023-01-08T07:00,,,,3.2,14.4,155.0
2023-01-08T08:00,,,,2.5,13.1,156.0
2023-01-08T09:00,,,,2.0,11.7,153.0
2023-01-08T10:00,,,,2.0,10.9,147.0
2023-01-08T11:00,,,,2.2,10.3,139.0
2023-01-08T12:00,,,,3.4,11.6,145.0
2023-01-08T13:00,,,,3.4,11.2,141.0
2023-01-08T14:00,,47.1,358.0,3.3,10.6,134.0
2023-01-08T15:00,74.3,43.1,326.0,3.3,10.0,127.0
2023-01-08T16:00,69.6,39.7,306.0,3.2,9.7,124.0
2023-01-08T17:00,65.9,37.0,288.0,3.1,9.5,123.0
2023-01-08T18:00,62.6,34.9,269.0,3.0,9.2,122.0
2023-01-08T19:00,60.1,33.3,259.0,3.0,9.0,121.0
2023-01-08T20:00,58.2,32.1,253.0,3.0,8.7,121.0
2023-01-08T21:00,56.9,31.5,249.0,3.2,8.6,119.0
2023-01-08T22:00,55.5,30.7,250.0,3.5,8.8,117.0
2023-01-08T23:00,54.6,30.3,254.0,4.1,9.1,114.0
2023-01-09T00:00,55.9,30.9,283.0,6.8,12.0,103.0
2023-01-09T01:00,56.8,31.5,291.0,7.3,12.7,101.0
2023-01-09T02:00,57.0,31.9,301.0,8.2,13.7,99.0
2023-01-09T03:00,56.2,31.5,304.0,8.4,14.2,101.0
2023-01-09T04:00,55.4,31.1,288.0,6.9,13.3,111.0
2023-01-09T05:00,52.5,29.4,262.0,4.8,11.8,127.0
2023-01-09T06:00,51.0,28.5,232.0,2.3,9.8,142.0
2023-01-09T07:00,50.6,28.3,218.0,1.5,8.6,145.0
2023-01-09T08:00,50.2,28.1,209.0,1.2,7.4,144.0
2023-01-09T09:00,49.2,27.5,199.0,1.1,6.3,140.0
2023-01-09T10:00,48.1,26.8,194.0,1.3,5.9,136.0
2023-01-09T11:00,47.4,26.5,191.0,1.6,5.7,131.0
2023-01-09T12:00,51.0,29.0,208.0,2.8,8.9,135.0
2023-01-09T13:00,51.6,29.3,207.0,2.9,9.0,131.0
2023-01-09T14:00,51.6,29.3,205.0,3.1,9.1,125.0
2023-01-09T15:00,51.3,29.0,204.0,3.3,9.0,118.0
2023-01-09T16:00,50.6,28.6,205.0,3.3,8.7,116.0
2023-01-09T17:00,50.4,28.3,206.0,3.4,8.4,114.0
2023-01-09T18:00,49.9,28.0,212.0,3.7,7.9,113.0
2023-01-09T19:00,49.7,27.7,219.0,4.0,7.8,112.0
2023-01-09T20:00,49.6,27.6,229.0,4.4,7.8,110.0
2023-01-09T21:00,50.5,28.1,246.0,5.5,8.2,107.0
2023-01-09T22:00,51.7,28.8,263.0,6.8,9.2,103.0
2023-01-09T23:00,53.2,29.6,284.0,8.3,10.6,98.0
2023-01-10T00:00,56.9,31.8,352.0,,17.2,77.0
2023-01-10T01:00,58.3,32.6,372.0,,19.5,74.0
2023-01-10T02:00,62.9,35.7,,,22.6,70.0
2023-01-10T03:00,66.6,38.5,,,,74.0
2023-01-10T04:00,69.2,40.5,,,,92.0
2023-01-10T05:00,69.4,40.7,,,,117.0
2023-01-10T06:00,69.6,40.7,,13.6,24.4,145.0
2023-01-10T07:00,65.9,37.7,,9.9,20.2,154.0
2023-01-10T08:00,63.8,36.1,354.0,6.1,14.6,159.0
2023-01-10T09:00,59.4,33.5,317.0,2.3,8.4,158.0
2023-01-10T10:00,55.6,31.4,303.0,1.4,6.1,152.0
2023-01-10T11:00,53.9,30.5,295.0,1.5,5.0,142.0
2023-01-10T12:00,49.5,27.8,287.0,2.8,7.1,131.0
2023-01-10T13:00,49.5,27.8,290.0,3.1,7.5,128.0
2023-01-10T14:00,49.7,27.9,295.0,3.5,8.1,125.0
2023-01-10T15:00,50.5,28.4,305.0,4.1,9.0,120.0
2023-01-10T16:00,51.9,29.2,315.0,4.7,9.6,118.0
2023-01-10T17:00,53.2,30.0,327.0,5.4,10.3,115.0
2023-01-10T18:00,55.1,31.2,343.0,6.3,11.2,112.0
2023-01-10T19:00,57.3,32.6,355.0,6.8,11.9,109.0
2023-01-10T20:00,58.9,33.6,367.0,7.2,12.7,105.0
2023-01-10T21:00,60.8,34.7,,7.6,14.1,100.0
2023-01-10T22:00,62.6,35.7,,7.9,15.6,95.0
2023-01-10T23:00,64.3,36.9,,8.1,17.6,90.0
2023-01-11T00:00,66.1,37.7,,8.1,19.6,85.0
2023-01-11T01:00,68.7,39.1,,8.9,20.3,85.0
2023-01-11T02:00,70.5,40.3,,10.1,21.3,85.0
2023-01-11T03:00,72.2,41.4,,10.6,21.8,92.0
2023-01-11T04:00,73.1,41.9,,9.2,21.1,109.0
2023-01-11T05:00,75.2,43.0,,6.8,19.8,131.0
2023-01-11T06:00,75.0,42.8,,4.1,17.4,155.0
2023-01-11T07:00,71.5,40.9,,3.0,14.6,161.0
2023-01-11T08:00,66.8,38.2,368.0,2.2,11.4,162.0
2023-01-11T09:00,62.9,36.0,340.0,1.8,8.4,160.0
2023-01-11T10:00,59.8,34.2,331.0,1.9,7.9,157.0
2023-01-11T11:00,57.5,32.8,327.0,2.5,8.4,151.0
2023-01-11T12:00,59.5,34.6,341.0,4.8,13.4,153.0
2023-01-11T13:00,56.5,32.6,346.0,5.5,15.0,146.0
2023-01-11T14:00,53.7,30.7,353.0,6.6,17.2,136.0
2023-01-11T15:00,51.6,29.2,358.0,7.3,18.8,125.0
2023-01-11T16:00,50.3,28.2,355.0,6.9,17.5,121.0
2023-01-11T17:00,49.9,27.9,349.0,6.1,14.9,119.0
2023-01-11T18:00,50.1,28.1,340.0,4.8,11.6,117.0
2023-01-11T19:00,50.8,28.6,334.0,4.2,9.7,117.0
2023-01-11T20:00,51.6,29.1,328.0,3.5,8.0,117.0
2023-01-11T21:00,52.4,29.7,326.0,3.0,6.7,117.0
2023-01-11T22:00,53.8,31.0,329.0,3.1,6.7,115.0
2023-01-11T23:00,55.9,32.5,336.0,3.4,7.4,112.0
2023-01-12T00:00,59.5,35.0,361.0,5.5,10.2,104.0
2023-01-12T01:00,61.9,36.8,380.0,7.1,11.7,101.0
2023-01-12T02:00,65.2,39.2,,9.2,13.7,96.0
2023-01-12T03:00,67.3,40.5,,10.6,15.4,97.0
2023-01-12T04:00,67.3,39.9,,9.2,15.1,110.0
2023-01-12T05:00,65.9,38.6,,6.6,14.1,128.0
2023-01-12T06:00,63.8,37.3,354.0,3.5,12.2,148.0
2023-01-12T07:00,61.2,35.5,330.0,2.3,10.4,152.0
2023-01-12T08:00,58.6,34.0,306.0,1.6,8.2,152.0
2023-01-12T09:00,56.7,32.9,280.0,1.3,5.8,148.0
2023-01-12T10:00,55.4,32.1,269.0,1.5,5.1,144.0
2023-01-12T11:00,53.6,31.0,263.0,2.1,4.9,138.0
2023-01-12T12:00,46.9,26.9,251.0,2.7,4.0,131.0
2023-01-12T13:00,44.8,25.6,246.0,3.0,3.8,125.0
2023-01-12T14:00,42.0,24.0,238.0,3.4,3.5,118.0
2023-01-12T15:00,38.9,22.2,228.0,3.8,3.0,108.0
2023-01-12T16:00,36.7,20.9,221.0,3.8,2.7,103.0
2023-01-12T17:00,34.9,19.9,214.0,3.6,2.3,100.0
2023-01-12T18:00,33.6,19.2,204.0,3.2,1.9,96.0
2023-01-12T19:00,32.6,18.6,196.0,2.8,1.7,95.0
2023-01-12T20:00,31.8,18.3,188.0,2.2,1.5,94.0
2023-01-12T21:00,31.0,17.9,181.0,1.8,1.5,93.0
2023-01-12T22:00,30.6,17.9,179.0,1.8,1.5,92.0
2023-01-12T23:00,31.1,18.3,179.0,1.9,1.6,91.0
2023-01-13T00:00,37.4,23.1,240.0,5.8,4.7,82.0
2023-01-13T01:00,40.5,25.3,261.0,7.2,5.6,79.0
2023-01-13T02:00,42.3,26.5,290.0,9.1,6.9,76.0
2023-01-13T03:00,44.8,28.2,309.0,10.2,8.0,76.0
2023-01-13T04:00,44.8,27.8,291.0,8.6,7.7,85.0
2023-01-13T05:00,40.5,24.8,256.0,5.9,6.7,99.0
2023-01-13T06:00,38.8,23.6,214.0,2.8,5.3,113.0
2023-01-13T07:00,36.7,22.1,197.0,1.8,4.3,116.0
2023-01-13T08:00,35.0,20.9,186.0,1.3,3.4,116.0
2023-01-13T09:00,34.2,20.3,175.0,1.1,2.3,114.0
2023-01-13T10:00,32.4,19.1,170.0,1.4,1.8,111.0
2023-01-13T11:00,30.9,18.1,168.0,1.9,1.4,107.0
2023-01-13T12:00,29.9,17.5,167.0,2.5,0.9,102.0
2023-01-13T13:00,28.9,16.9,166.0,2.8,0.8,98.0
2023-01-13T14:00,27.9,16.3,166.0,3.2,0.7,94.0
2023-01-13T15:00,27.1,15.8,166.0,3.3,0.7,90.0
2023-01-13T16:00,26.2,15.3,164.0,3.2,0.8,88.0
2023-01-13T17:00,25.7,15.0,162.0,2.9,0.9,87.0
2023-01-13T18:00,25.1,14.7,159.0,2.5,1.1,87.0
2023-01-13T19:00,24.7,14.4,155.0,2.0,1.1,87.0
2023-01-13T20:00,24.7,14.3,150.0,1.6,1.1,88.0
2023-01-13T21:00,24.7,14.4,147.0,1.2,1.1,88.0
2023-01-13T22:00,24.8,14.5,147.0,1.1,1.1,88.0
2023-01-13T23:00,25.1,14.8,148.0,1.1,1.2,88.0
2023-01-14T00:00,26.6,15.8,158.0,1.8,1.6,86.0
2023-01-14T01:00,29.7,18.2,180.0,3.4,2.4,82.0
2023-01-14T02:00,32.7,20.4,210.0,5.6,3.4,76.0
2023-01-14T03:00,34.2,21.5,234.0,7.2,4.3,74.0
2023-01-14T04:00,33.5,20.9,226.0,6.2,4.2,80.0
2023-01-14T05:00,32.4,19.9,205.0,4.1,3.6,91.0
2023-01-14T06:00,30.5,18.6,182.0,1.6,2.9,104.0
2023-01-14T07:00,32.1,19.6,180.0,1.1,2.7,110.0
2023-01-14T08:00,33.2,20.1,183.0,1.0,2.6,116.0
2023-01-14T09:00,33.6,20.4,187.0,1.2,2.5,119.0
2023-01-14T10:00,33.1,19.8,185.0,1.5,2.4,118.0
2023-01-14T11:00,31.9,18.9,183.0,1.8,2.2,115.0
2023-01-14T12:00,30.7,18.0,178.0,2.3,2.3,109.0
2023-01-14T13:00,28.8,16.7,174.0,2.8,2.6,103.0
2023-01-14T14:00,27.2,15.7,171.0,3.2,3.1,97.0
2023-01-14T15:00,25.2,14.4,165.0,3.5,3.5,89.0
2023-01-14T16:00,23.4,13.3,160.0,3.4,3.4,86.0
2023-01-14T17:00,22.2,12.6,155.0,3.2,3.0,84.0
2023-01-14T18:00,21.7,12.5,150.0,3.0,2.7,82.0
2023-01-14T19:00,21.5,12.5,147.0,2.7,2.6,81.0
2023-01-14T20:00,21.5,12.5,146.0,2.5,2.6,81.0
2023-01-14T21:00,21.7,12.8,147.0,2.3,2.7,80.0
2023-01-14T22:00,22.6,13.5,150.0,2.2,2.7,78.0
2023-01-14T23:00,24.4,14.9,156.0,2.3,2.8,76.0
2023-01-15T00:00,26.7,16.6,172.0,3.2,3.3,73.0
2023-01-15T01:00,29.7,18.8,198.0,5.4,4.5,68.0
2023-01-15T02:00,32.8,21.0,232.0,8.2,6.0,63.0
2023-01-15T03:00,37.1,23.8,260.0,10.4,7.5,62.0
2023-01-15T04:00,41.2,26.4,255.0,9.4,7.8,71.0
2023-01-15T05:00,38.4,24.1,237.0,6.9,7.6,86.0
2023-01-15T06:00,37.7,23.4,212.0,4.0,6.8,103.0
2023-01-15T07:00,36.4,22.3,198.0,2.8,5.8,110.0
2023-01-15T08:00,33.1,19.8,185.0,1.9,4.4,114.0
2023-01-15T09:00,31.7,18.9,171.0,1.3,2.9,116.0
2023-01-15T10:00,30.6,18.3,163.0,1.3,2.2,114.0
2023-01-15T11:00,28.7,17.0,157.0,1.7,1.8,109.0
2023-01-15T12:00,29.9,17.6,149.0,3.0,2.3,108.0
2023-01-15T13:00,27.8,16.2,144.0,3.0,1.9,103.0
2023-01-15T14:00,26.1,15.1,137.0,2.9,1.1,96.0
2023-01-15T15:00,25.2,14.7,130.0,2.8,0.4,87.0
2023-01-15T16:00,24.4,14.4,128.0,2.8,0.2,83.0
2023-01-15T17:00,24.0,14.2,128.0,2.8,0.3,81.0
2023-01-15T18:00,23.7,14.2,128.0,2.8,0.4,78.0
2023-01-15T19:00,23.7,14.3,127.0,2.7,0.5,77.0
2023-01-15T20:00,23.9,14.5,127.0,2.5,0.6,77.0
2023-01-15T21:00,24.5,15.0,129.0,2.5,0.6,76.0
2023-01-15T22:00,25.4,15.8,131.0,2.5,0.7,75.0
2023-01-15T23:00,25.9,16.1,135.0,2.5,0.8,75.0
2023-01-16T00:00,30.4,19.3,155.0,4.1,1.2,70.0
2023-01-16T01:00,31.0,19.8,167.0,4.2,1.2,69.0
2023-01-16T02:00,32.2,20.8,185.0,4.4,1.2,68.0
2023-01-16T03:00,34.0,22.0,198.0,4.4,1.5,70.0
2023-01-16T04:00,31.2,19.7,191.0,3.9,2.2,77.0
2023-01-16T05:00,30.2,18.7,174.0,3.2,3.0,87.0
2023-01-16T06:00,31.0,19.2,157.0,2.5,4.0,98.0
2023-01-16T07:00,33.1,20.4,155.0,2.6,4.6,103.0
2023-01-16T08:00,34.6,21.1,158.0,3.0,5.1,106.0
2023-01-16T09:00,34.7,21.1,159.0,3.3,5.2,107.0
2023-01-16T10:00,33.5,20.0,152.0,3.0,4.2,104.0
2023-01-16T11:00,30.7,18.0,141.0,2.5,2.8,98.0
2023-01-16T12:00,28.8,16.7,126.0,2.0,1.4,90.0
2023-01-16T13:00,28.2,16.3,126.0,1.9,1.2,89.0
2023-01-16T14:00,27.5,15.8,127.0,1.9,1.0,87.0
2023-01-16T15:00,27.3,15.6,130.0,1.9,0.8,85.0
2023-01-16T16:00,27.9,15.9,135.0,2.0,0.8,86.0
2023-01-16T17:00,28.7,16.3,142.0,2.2,0.8,87.0
2023-01-16T18:00,29.2,16.5,150.0,2.3,0.9,89.0
2023-01-16T19:00,29.3,16.5,153.0,2.2,0.9,90.0
2023-01-16T20:00,29.5,16.6,156.0,2.1,0.9,92.0
2023-01-16T21:00,29.5,16.6,159.0,1.9,1.0,93.0
2023-01-16T22:00,29.8,16.9,161.0,1.8,1.0,94.0
2023-01-16T23:00,31.2,17.8,164.0,1.7,0.9,94.0
2023-01-17T00:00,34.9,20.6,185.0,4.2,2.2,85.0
2023-01-17T01:00,36.3,21.7,195.0,4.6,2.8,83.0
2023-01-17T02:00,38.8,23.4,208.0,5.0,3.5,81.0
2023-01-17T03:00,40.4,24.5,218.0,5.1,4.2,81.0
2023-01-17T04:00,40.9,24.6,211.0,4.2,4.2,88.0
2023-01-17T05:00,37.8,22.2,197.0,2.8,3.8,98.0
2023-01-17T06:00,35.5,20.5,182.0,1.6,3.5,108.0
2023-01-17T07:00,35.0,20.0,179.0,1.8,3.8,110.0
2023-01-17T08:00,36.3,20.9,180.0,2.4,4.2,109.0
2023-01-17T09:00,36.0,20.5,180.0,3.0,4.2,107.0
2023-01-17T10:00,34.5,19.4,175.0,2.8,3.5,104.0
2023-01-17T11:00,33.6,18.9,168.0,2.3,2.5,101.0
2023-01-17T12:00,30.9,17.2,153.0,2.0,1.2,96.0
2023-01-17T13:00,31.0,17.5,154.0,2.0,1.0,95.0
2023-01-17T14:00,31.5,17.9,156.0,2.2,0.8,93.0
2023-01-17T15:00,32.4,18.5,159.0,2.3,0.5,91.0
2023-01-17T16:00,33.4,19.3,161.0,2.3,0.4,91.0
2023-01-17T17:00,34.8,20.2,162.0,2.4,0.5,91.0
2023-01-17T18:00,36.3,21.2,164.0,2.4,0.6,92.0
2023-01-17T19:00,37.7,22.2,164.0,2.2,0.6,93.0
2023-01-17T20:00,39.0,23.1,163.0,2.0,0.6,94.0
2023-01-17T21:00,40.2,23.9,163.0,1.9,0.6,94.0
2023-01-17T22:00,41.2,24.8,164.0,1.9,0.6,94.0
2023-01-17T23:00,41.9,25.4,165.0,2.0,0.8,93.0
2023-01-18T00:00,44.8,27.3,186.0,3.6,1.2,87.0
2023-01-18T01:00,46.7,28.7,199.0,4.3,1.8,85.0
2023-01-18T02:00,49.2,30.4,217.0,5.4,2.5,82.0
2023-01-18T03:00,51.9,32.1,231.0,6.0,3.3,83.0
2023-01-18T04:00,54.1,33.3,222.0,5.0,3.2,91.0
2023-01-18T05:00,53.2,32.4,204.0,3.2,3.0,102.0
2023-01-18T06:00,53.0,31.9,184.0,1.6,2.8,114.0
2023-01-18T07:00,55.1,33.2,182.0,1.6,3.1,117.0
2023-01-18T08:00,55.9,33.5,185.0,2.3,3.6,116.0
2023-01-18T09:00,56.8,34.0,188.0,3.0,3.8,114.0
2023-01-18T10:00,56.6,33.8,184.0,2.7,3.2,112.0
2023-01-18T11:00,56.8,33.9,178.0,2.1,2.3,108.0
2023-01-18T12:00,50.8,30.0,176.0,2.0,1.4,105.0
2023-01-18T13:00,50.8,29.9,177.0,2.0,1.4,104.0
2023-01-18T14:00,50.6,29.9,179.0,2.0,1.2,102.0
2023-01-18T15:00,50.5,29.9,182.0,2.0,1.1,101.0
2023-01-18T16:00,50.4,29.7,184.0,2.0,1.1,101.0
2023-01-18T17:00,50.3,29.6,186.0,1.9,1.1,102.0
2023-01-18T18:00,50.2,29.5,189.0,1.8,1.1,103.0
2023-01-18T19:00,49.9,29.3,190.0,1.6,1.1,103.0
2023-01-18T20:00,49.6,29.1,190.0,1.5,1.0,103.0
2023-01-18T21:00,49.0,28.8,193.0,1.5,1.1,103.0
2023-01-18T22:00,48.5,28.5,195.0,1.8,1.3,103.0
2023-01-18T23:00,48.4,28.6,198.0,2.2,1.5,102.0
2023-01-19T00:00,50.1,30.0,215.0,4.2,4.1,94.0
2023-01-19T01:00,52.0,31.4,239.0,6.3,4.8,89.0
2023-01-19T02:00,54.5,33.2,273.0,9.2,6.0,83.0
2023-01-19T03:00,57.7,35.3,299.0,11.3,6.8,81.0
2023-01-19T04:00,60.1,36.4,285.0,9.8,6.3,90.0
2023-01-19T05:00,58.6,35.2,255.0,6.7,5.2,105.0
2023-01-19T06:00,53.0,31.1,218.0,3.1,3.7,121.0
2023-01-19T07:00,53.0,31.1,204.0,2.0,3.0,126.0
2023-01-19T08:00,54.1,31.9,195.0,1.4,2.5,129.0
2023-01-19T09:00,54.2,31.9,187.0,1.0,2.0,128.0
2023-01-19T10:00,54.7,32.2,182.0,1.1,1.6,124.0
2023-01-19T11:00,54.9,32.6,180.0,1.4,1.5,118.0
2023-01-19T12:00,47.5,27.8,179.0,2.0,1.8,115.0
2023-01-19T13:00,47.1,27.6,179.0,2.0,1.6,113.0
2023-01-19T14:00,47.1,27.6,180.0,2.0,1.4,109.0
2023-01-19T15:00,47.4,27.8,182.0,2.0,1.1,106.0
2023-01-19T16:00,48.7,28.6,185.0,2.1,1.1,105.0
2023-01-19T17:00,50.8,29.9,188.0,2.2,1.0,106.0
2023-01-19T18:00,53.8,31.9,194.0,2.5,1.1,106.0
2023-01-19T19:00,58.0,34.6,199.0,2.8,1.3,106.0
2023-01-19T20:00,61.2,36.7,206.0,3.1,1.5,105.0
2023-01-19T21:00,70.3,42.1,216.0,3.8,2.0,104.0
2023-01-19T22:00,,48.1,227.0,4.7,2.6,102.0
2023-01-19T23:00,,,239.0,5.8,3.3,99.0
2023-01-20T00:00,,49.0,342.0,,10.0,62.0
2023-01-20T01:00,,,349.0,,10.2,62.0
2023-01-20T02:00,,,358.0,,10.4,63.0
2023-01-20T03:00,,,359.0,,10.2,69.0
2023-01-20T04:00,,49.9,344.0,,9.1,83.0
2023-01-20T05:00,,49.7,321.0,14.1,7.6,102.0
2023-01-20T06:00,,48.7,290.0,7.9,5.6,122.0
2023-01-20T07:00,77.1,45.4,269.0,4.9,4.1,127.0
2023-01-20T08:00,70.1,41.6,249.0,2.8,2.7,126.0
2023-01-20T09:00,64.7,38.4,230.0,1.0,1.2,123.0
2023-01-20T10:00,63.3,37.6,227.0,0.8,0.9,120.0
2023-01-20T11:00,63.8,38.0,230.0,1.2,0.8,114.0
2023-01-20T12:00,56.8,34.0,228.0,2.0,0.9,108.0
2023-01-20T13:00,56.2,33.6,231.0,2.2,0.9,107.0
2023-01-20T14:00,56.1,33.5,236.0,2.3,0.9,106.0
2023-01-20T15:00,55.8,33.4,241.0,2.6,0.9,105.0
2023-01-20T16:00,54.9,32.9,243.0,2.7,0.9,105.0
2023-01-20T17:00,54.5,32.8,245.0,2.8,0.9,105.0
2023-01-20T18:00,54.6,32.8,247.0,3.0,1.1,104.0
2023-01-20T19:00,54.7,32.8,249.0,3.4,1.3,103.0
2023-01-20T20:00,55.1,32.9,251.0,4.0,1.6,102.0
2023-01-20T21:00,55.6,33.2,258.0,4.9,2.3,100.0
2023-01-20T22:00,56.6,33.6,266.0,5.9,3.3,97.0
2023-01-20T23:00,56.6,33.8,277.0,7.1,4.6,93.0
2023-01-21T00:00,63.6,37.4,331.0,12.6,9.9,74.0
2023-01-21T01:00,64.0,37.7,338.0,12.7,11.5,73.0
2023-01-21T02:00,63.3,37.6,347.0,12.9,13.6,72.0
2023-01-21T03:00,62.9,37.6,349.0,12.0,15.4,77.0
2023-01-21T04:00,62.9,37.8,337.0,9.8,15.0,92.0
2023-01-21T05:00,64.0,38.5,317.0,6.8,13.6,112.0
2023-01-21T06:00,64.7,39.0,289.0,3.4,11.2,132.0
2023-01-21T07:00,62.6,37.6,267.0,2.1,8.6,133.0
2023-01-21T08:00,57.7,34.7,243.0,1.5,5.6,128.0
2023-01-21T09:00,54.4,32.7,219.0,1.0,2.5,120.0
2023-01-21T10:00,52.0,31.3,213.0,1.1,1.8,117.0
2023-01-21T11:00,51.1,30.7,213.0,1.6,1.8,114.0
2023-01-21T12:00,57.2,34.7,224.0,2.5,2.5,110.0
2023-01-21T13:00,60.1,36.7,228.0,2.5,2.4,108.0
2023-01-21T14:00,62.2,38.0,234.0,2.5,2.3,106.0
2023-01-21T15:00,64.7,39.5,243.0,2.5,2.2,105.0
2023-01-21T16:00,66.8,40.7,250.0,2.3,2.0,107.0
2023-01-21T17:00,69.4,42.1,259.0,2.1,1.9,111.0
2023-01-21T18:00,71.5,43.2,270.0,1.7,1.7,116.0
2023-01-21T19:00,72.4,43.7,278.0,1.4,1.7,119.0
2023-01-21T20:00,73.8,44.5,287.0,1.0,1.8,122.0
2023-01-21T21:00,76.1,46.2,299.0,0.8,2.0,125.0
2023-01-21T22:00,,48.4,308.0,0.7,2.2,126.0
2023-01-21T23:00,,50.4,316.0,0.8,2.3,126.0
2023-01-22T00:00,75.2,45.9,316.0,2.5,3.5,117.0
2023-01-22T01:00,77.5,47.4,329.0,3.8,4.3,114.0
2023-01-22T02:00,,48.7,346.0,5.8,5.4,109.0
2023-01-22T03:00,,50.2,362.0,7.2,6.4,108.0
2023-01-22T04:00,,,359.0,6.1,6.3,116.0
2023-01-22T05:00,,,349.0,4.0,5.8,128.0
2023-01-22T06:00,,,338.0,1.6,5.1,141.0
2023-01-22T07:00,,,338.0,1.0,4.8,144.0
2023-01-22T08:00,,,341.0,0.9,4.5,144.0
2023-01-22T09:00,,,345.0,1.1,4.2,142.0
2023-01-22T10:00,,,348.0,1.3,4.1,139.0
2023-01-22T11:00,,,351.0,1.6,4.0,134.0
2023-01-22T12:00,,,355.0,2.0,4.5,130.0
2023-01-22T13:00,,,355.0,2.0,4.4,128.0
2023-01-22T14:00,,,354.0,2.0,4.3,125.0
2023-01-22T15:00,,50.3,349.0,2.0,4.2,121.0
2023-01-22T16:00,,48.5,340.0,2.1,3.8,119.0
2023-01-22T17:00,77.3,46.3,328.0,2.1,3.5,118.0
2023-01-22T18:00,73.6,43.9,310.0,2.2,3.0,116.0
2023-01-22T19:00,69.4,41.3,296.0,2.2,2.7,114.0
2023-01-22T20:00,65.4,39.0,280.0,2.2,2.5,111.0
2023-01-22T21:00,61.9,36.8,263.0,2.5,2.3,107.0
2023-01-22T22:00,58.2,34.5,255.0,3.1,2.3,104.0
2023-01-22T23:00,54.6,32.4,249.0,3.8,2.5,100.0
2023-01-23T00:00,65.2,38.4,364.0,14.7,8.0,77.0
2023-01-23T01:00,63.3,37.3,358.0,14.7,8.1,76.0
2023-01-23T02:00,59.8,35.3,350.0,14.6,8.3,75.0
2023-01-23T03:00,57.9,34.5,328.0,13.6,7.9,76.0
2023-01-23T04:00,58.2,34.8,298.0,11.1,6.7,82.0
2023-01-23T05:00,55.6,33.3,259.0,7.8,4.9,91.0
2023-01-23T06:00,50.1,29.9,214.0,4.1,2.9,100.0
2023-01-23T07:00,46.0,27.5,192.0,2.5,2.0,101.0
2023-01-23T08:00,43.8,26.3,175.0,1.5,1.4,99.0
2023-01-23T09:00,42.4,25.5,160.0,0.9,0.9,95.0
2023-01-23T10:00,41.9,25.3,156.0,0.9,0.7,93.0
2023-01-23T11:00,41.6,24.9,158.0,1.2,0.8,90.0
2023-01-23T12:00,41.3,24.8,163.0,2.0,1.2,90.0
2023-01-23T13:00,40.7,24.4,163.0,2.2,1.3,89.0
2023-01-23T14:00,40.2,24.0,164.0,2.3,1.3,88.0
2023-01-23T15:00,39.2,23.3,164.0,2.5,1.4,87.0
2023-01-23T16:00,38.0,22.5,163.0,2.5,1.4,87.0
2023-01-23T17:00,37.6,22.2,160.0,2.5,1.4,88.0
2023-01-23T18:00,37.5,21.9,157.0,2.3,1.4,89.0
2023-01-23T19:00,37.4,21.8,154.0,2.2,1.3,89.0
2023-01-23T20:00,36.9,21.5,152.0,2.0,1.2,89.0
2023-01-23T21:00,36.2,21.0,149.0,1.8,1.2,89.0
2023-01-23T22:00,35.5,20.6,148.0,1.6,1.1,89.0
2023-01-23T23:00,35.0,20.3,147.0,1.5,1.1,89.0
2023-01-24T00:00,35.9,20.7,145.0,1.2,0.9,90.0
2023-01-24T01:00,35.9,20.7,145.0,1.2,0.9,91.0
2023-01-24T02:00,35.9,20.7,144.0,1.4,0.7,92.0
2023-01-24T03:00,36.3,20.9,144.0,1.4,0.6,93.0
2023-01-24T04:00,36.2,20.8,144.0,1.1,0.6,94.0
2023-01-24T05:00,37.3,21.5,143.0,0.9,0.7,96.0
2023-01-24T06:00,38.4,22.3,144.0,0.6,0.9,98.0
2023-01-24T07:00,39.6,23.0,147.0,0.6,0.9,99.0
2023-01-24T08:00,40.3,23.4,151.0,0.6,0.9,100.0
2023-01-24T09:00,40.6,23.6,156.0,0.8,1.0,101.0
2023-01-24T10:00,39.8,22.9,159.0,0.9,1.1,102.0
2023-01-24T11:00,38.3,21.8,161.0,1.2,1.1,103.0
2023-01-24T12:00,40.9,23.2,169.0,1.5,1.2,102.0
2023-01-24T13:00,38.5,21.8,170.0,1.8,1.3,102.0
2023-01-24T14:00,37.5,21.2,172.0,2.0,1.4,102.0
2023-01-24T15:00,37.1,20.8,172.0,2.2,1.5,102.0
2023-01-24T16:00,37.3,20.9,170.0,2.2,1.5,102.0
2023-01-24T17:00,38.0,21.3,167.0,2.1,1.4,102.0
2023-01-24T18:00,39.3,22.3,163.0,1.9,1.3,101.0
2023-01-24T19:00,41.2,23.6,160.0,1.6,1.2,101.0
2023-01-24T20:00,43.7,25.4,156.0,1.4,1.0,100.0
2023-01-24T21:00,46.0,27.1,153.0,1.1,0.9,99.0
2023-01-24T22:00,48.2,28.7,153.0,1.1,0.9,98.0
2023-01-24T23:00,50.3,30.2,154.0,1.1,1.0,97.0
2023-01-25T00:00,52.6,31.9,157.0,1.4,1.1,97.0
2023-01-25T01:00,55.2,33.8,170.0,2.8,1.6,94.0
2023-01-25T02:00,57.4,35.3,189.0,4.8,2.5,91.0
2023-01-25T03:00,60.3,37.0,205.0,6.3,3.2,89.0
2023-01-25T04:00,62.4,38.2,201.0,5.4,3.0,93.0
2023-01-25T05:00,61.9,38.0,190.0,3.5,2.4,100.0
2023-01-25T06:00,63.3,38.8,177.0,1.4,1.8,108.0
2023-01-25T07:00,64.3,39.5,175.0,0.9,1.5,110.0
2023-01-25T08:00,64.3,39.5,176.0,0.8,1.5,111.0
2023-01-25T09:00,64.0,39.3,178.0,0.9,1.5,110.0
2023-01-25T10:00,63.1,38.6,180.0,1.1,1.4,109.0
2023-01-25T11:00,62.4,38.2,183.0,1.4,1.4,107.0
2023-01-25T12:00,54.5,32.9,193.0,1.7,1.4,104.0
2023-01-25T13:00,54.1,32.7,197.0,1.8,1.3,104.0
2023-01-25T14:00,53.7,32.5,203.0,1.9,1.2,103.0
2023-01-25T15:00,54.1,32.6,211.0,2.0,1.2,103.0
2023-01-25T16:00,55.4,33.3,218.0,2.0,1.3,104.0
2023-01-25T17:00,57.3,34.5,224.0,2.0,1.4,106.0
2023-01-25T18:00,59.8,36.0,234.0,2.0,1.5,109.0
2023-01-25T19:00,62.2,37.3,241.0,2.0,1.5,111.0
2023-01-25T20:00,64.3,38.5,247.0,1.9,1.5,112.0
2023-01-25T21:00,66.1,39.6,258.0,2.2,1.8,112.0
2023-01-25T22:00,67.1,40.3,268.0,2.9,2.0,110.0
2023-01-25T23:00,68.0,40.9,279.0,4.0,2.5,107.0
2023-01-26T00:00,68.5,41.3,323.0,10.6,5.7,93.0
2023-01-26T01:00,70.1,42.6,355.0,14.1,7.7,86.0
2023-01-26T02:00,73.6,44.7,,,10.6,77.0
2023-01-26T03:00,76.4,46.3,,,12.8,75.0
2023-01-26T04:00,76.4,46.2,,,11.9,92.0
2023-01-26T05:00,72.2,43.2,369.0,12.8,9.6,117.0
2023-01-26T06:00,68.7,40.9,315.0,5.8,6.8,145.0
2023-01-26T07:00,68.7,41.0,290.0,3.5,5.5,152.0
2023-01-26T08:00,68.0,40.6,269.0,2.3,4.4,154.0
2023-01-26T09:00,66.8,40.0,245.0,1.5,3.3,150.0
2023-01-26T10:00,65.4,39.5,229.0,1.4,2.8,142.0
2023-01-26T11:00,64.5,39.0,216.0,1.6,2.6,131.0
2023-01-26T12:00,68.2,41.8,203.0,2.2,2.8,121.0
2023-01-26T13:00,65.2,40.2,198.0,2.2,2.5,116.0
2023-01-26T14:00,62.4,38.6,190.0,2.3,2.2,109.0
2023-01-26T15:00,59.6,37.1,181.0,2.3,1.7,101.0
2023-01-26T16:00,57.0,35.5,176.0,2.2,1.5,99.0
2023-01-26T17:00,54.4,33.9,173.0,2.0,1.4,98.0
2023-01-26T18:00,51.6,32.0,168.0,1.8,1.1,97.0
2023-01-26T19:00,48.7,30.0,164.0,1.5,1.0,97.0
2023-01-26T20:00,45.8,28.1,160.0,1.2,0.9,97.0
2023-01-26T21:00,43.2,26.4,158.0,1.0,0.8,96.0
2023-01-26T22:00,40.9,25.0,158.0,1.1,0.9,95.0
2023-01-26T23:00,39.3,24.0,160.0,1.4,1.1,93.0
2023-01-27T00:00,43.0,26.5,187.0,4.0,3.3,86.0
2023-01-27T01:00,44.0,27.2,211.0,7.2,4.4,80.0
2023-01-27T02:00,46.0,28.5,244.0,11.6,5.9,72.0
2023-01-27T03:00,48.4,30.0,270.0,14.7,7.2,68.0
2023-01-27T04:00,48.7,30.0,256.0,12.5,6.7,76.0
2023-01-27T05:00,43.3,26.5,226.0,7.9,5.6,90.0
2023-01-27T06:00,35.9,21.5,191.0,2.8,4.1,105.0
2023-01-27T07:00,34.5,20.5,179.0,1.5,3.5,111.0
2023-01-27T08:00,33.3,19.7,173.0,1.1,2.9,114.0
2023-01-27T09:00,32.2,19.0,169.0,1.1,2.3,115.0
2023-01-27T10:00,31.0,18.2,167.0,1.1,2.0,113.0
2023-01-27T11:00,29.9,17.5,167.0,1.4,1.9,108.0
2023-01-27T12:00,26.3,15.3,176.0,2.0,2.2,104.0
2023-01-27T13:00,26.3,15.3,179.0,2.2,2.3,101.0
2023-01-27T14:00,25.7,15.0,184.0,2.7,2.3,96.0
2023-01-27T15:00,25.7,15.1,190.0,3.1,2.4,90.0
2023-01-27T16:00,25.6,15.1,194.0,3.3,2.4,88.0
2023-01-27T17:00,26.1,15.4,198.0,3.5,2.4,87.0
2023-01-27T18:00,26.6,15.8,203.0,3.8,2.5,86.0
2023-01-27T19:00,27.3,16.2,206.0,3.9,2.5,86.0
2023-01-27T20:00,28.6,17.0,208.0,4.0,2.6,86.0
2023-01-27T21:00,29.8,17.8,219.0,5.3,3.5,84.0
2023-01-27T22:00,31.7,19.0,237.0,8.1,5.5,79.0
2023-01-27T23:00,34.3,20.9,261.0,11.9,8.1,73.0
2023-01-28T00:00,40.2,25.1,324.0,,14.2,56.0
2023-01-28T01:00,44.2,27.9,348.0,,17.0,52.0
2023-01-28T02:00,48.3,30.9,,,21.1,47.0
2023-01-28T03:00,50.6,32.4,,,24.5,50.0
2023-01-28T04:00,53.1,33.8,,,23.8,68.0
2023-01-28T05:00,56.5,35.6,369.0,,21.5,94.0
2023-01-28T06:00,60.1,37.3,329.0,9.6,17.6,123.0
2023-01-28T07:00,65.9,40.5,303.0,6.2,14.3,135.0
2023-01-28T08:00,71.9,44.1,276.0,3.8,10.4,142.0
2023-01-28T09:00,76.6,46.8,249.0,1.6,6.2,146.0
2023-01-28T10:00,79.4,48.5,241.0,1.2,4.8,144.0
2023-01-28T11:00,,49.8,240.0,1.6,4.3,138.0
2023-01-28T12:00,72.6,43.9,243.0,2.5,4.6,131.0
2023-01-28T13:00,68.5,40.9,249.0,2.8,4.9,129.0
2023-01-28T14:00,65.0,38.1,257.0,3.2,5.3,126.0
2023-01-28T15:00,62.2,36.0,269.0,3.8,6.1,123.0
2023-01-28T16:00,61.0,34.9,277.0,4.3,6.8,121.0
2023-01-28T17:00,61.5,34.8,286.0,4.8,7.6,120.0
2023-01-28T18:00,63.1,35.5,297.0,5.3,8.4,119.0
2023-01-28T19:00,65.0,36.4,304.0,5.5,8.4,119.0
2023-01-28T20:00,67.5,38.0,310.0,5.6,8.2,120.0
2023-01-28T21:00,70.1,39.5,319.0,5.8,8.2,119.0
2023-01-28T22:00,73.6,41.4,328.0,6.3,8.5,117.0
2023-01-28T23:00,75.2,42.1,338.0,6.9,8.9,113.0
2023-01-29T00:00,77.1,43.2,,,18.0,79.0
2023-01-29T01:00,75.7,42.4,,,17.1,81.0
2023-01-29T02:00,75.4,42.6,,16.6,15.8,83.0
2023-01-29T03:00,75.7,43.0,,13.4,13.6,92.0
2023-01-29T04:00,76.1,43.4,377.0,10.3,11.5,108.0
2023-01-29T05:00,75.0,43.0,359.0,6.8,9.2,128.0
2023-01-29T06:00,75.7,43.8,337.0,3.2,6.4,146.0
2023-01-29T07:00,77.1,45.1,324.0,1.9,4.8,145.0
2023-01-29T08:00,79.4,46.8,313.0,1.3,3.3,136.0
2023-01-29T09:00,79.4,47.3,303.0,1.0,2.0,124.0
2023-01-29T10:00,77.3,46.3,301.0,1.1,1.5,119.0
2023-01-29T11:00,75.4,45.3,303.0,1.4,1.4,115.0
2023-01-29T12:00,68.2,40.7,299.0,1.9,1.5,110.0
2023-01-29T13:00,67.1,40.2,302.0,2.0,1.5,109.0
2023-01-29T14:00,67.3,40.2,306.0,2.2,1.4,107.0
2023-01-29T15:00,67.1,40.2,311.0,2.3,1.2,105.0
2023-01-29T16:00,65.7,39.3,314.0,2.4,1.2,104.0
2023-01-29T17:00,66.4,39.7,317.0,2.5,1.3,103.0
2023-01-29T18:00,65.9,39.5,319.0,2.4,1.3,102.0
2023-01-29T19:00,63.8,38.3,318.0,2.2,1.1,102.0
2023-01-29T20:00,60.8,36.6,316.0,1.8,0.9,101.0
2023-01-29T21:00,57.3,34.3,314.0,1.6,0.9,101.0
2023-01-29T22:00,53.6,32.2,315.0,1.8,1.0,100.0
2023-01-29T23:00,52.4,31.5,317.0,2.2,1.4,99.0
2023-01-30T00:00,48.8,29.7,311.0,2.0,1.2,100.0
2023-01-30T01:00,48.2,29.5,319.0,3.2,1.8,98.0
2023-01-30T02:00,50.5,30.9,331.0,5.0,2.5,96.0
2023-01-30T03:00,53.6,32.5,341.0,6.4,3.2,96.0
2023-01-30T04:00,57.7,34.9,340.0,5.9,3.0,101.0
2023-01-30T05:00,56.9,34.2,335.0,4.4,2.7,108.0
2023-01-30T06:00,56.1,33.8,329.0,2.8,2.2,116.0
2023-01-30T07:00,61.5,37.1,326.0,2.0,2.0,119.0
2023-01-30T08:00,63.3,38.1,325.0,1.5,1.9,121.0
2023-01-30T09:00,62.6,37.6,324.0,1.1,1.8,121.0
2023-01-30T10:00,63.6,38.2,326.0,1.2,1.6,119.0
2023-01-30T11:00,62.4,37.5,330.0,1.6,1.5,114.0
2023-01-30T12:00,57.2,34.1,324.0,2.3,1.8,108.0
2023-01-30T13:00,55.9,33.4,326.0,2.8,2.0,106.0
2023-01-30T14:00,54.2,32.5,329.0,3.4,2.5,103.0
2023-01-30T15:00,52.5,31.3,334.0,4.2,3.0,99.0
2023-01-30T16:00,51.5,30.5,338.0,4.7,3.4,98.0
2023-01-30T17:00,51.0,30.2,343.0,5.2,3.8,97.0
2023-01-30T18:00,51.6,30.4,350.0,5.4,4.3,96.0
2023-01-30T19:00,52.2,30.7,355.0,5.3,4.5,96.0
2023-01-30T20:00,52.3,30.7,360.0,5.0,4.6,96.0
2023-01-30T21:00,53.2,31.3,367.0,4.6,4.8,96.0
2023-01-30T22:00,53.4,31.4,372.0,4.4,5.1,95.0
2023-01-30T23:00,53.7,31.8,376.0,4.3,5.4,95.0
2023-01-31T00:00,54.5,32.9,370.0,3.4,6.0,98.0
2023-01-31T01:00,54.6,33.1,375.0,4.3,6.2,99.0
2023-01-31T02:00,54.8,33.3,382.0,5.6,6.3,99.0
2023-01-31T03:00,54.4,33.1,,6.4,6.2,102.0
2023-01-31T04:00,54.6,33.1,379.0,5.8,5.6,107.0
2023-01-31T05:00,53.7,32.4,370.0,4.6,4.7,113.0
2023-01-31T06:00,53.0,31.9,354.0,3.0,3.5,118.0
2023-01-31T07:00,50.6,30.4,341.0,2.4,3.0,117.0
2023-01-31T08:00,46.1,27.4,326.0,2.0,2.5,113.0
2023-01-31T09:00,39.7,23.4,310.0,1.8,2.0,107.0
2023-01-31T10:00,32.2,18.9,302.0,2.0,1.8,104.0
2023-01-31T11:00,26.0,15.3,297.0,2.5,1.7,100.0
2023-01-31T12:00,36.4,21.4,324.0,6.2,6.5,99.0
2023-01-31T13:00,35.6,21.0,324.0,6.2,6.5,98.0
2023-01-31T14:00,35.5,21.0,324.0,6.2,6.5,96.0
2023-01-31T15:00,35.9,21.2,324.0,6.1,6.3,95.0
2023-01-31T16:00,36.6,21.5,323.0,5.6,6.0,95.0
2023-01-31T17:00,36.7,21.6,323.0,4.8,5.5,97.0
2023-01-31T18:00,37.5,22.1,322.0,3.9,4.9,98.0
2023-01-31T19:00,38.5,22.8,322.0,3.4,4.7,98.0
2023-01-31T20:00,39.9,23.7,322.0,3.0,4.5,99.0
2023-01-31T21:00,42.0,24.9,324.0,2.5,4.3,99.0
2023-01-31T22:00,44.6,26.3,327.0,2.2,4.3,99.0
2023-01-31T23:00,46.7,27.4,332.0,2.1,4.2,100.0
2023-02-01T00:00,46.3,27.4,335.0,3.3,5.9,96.0
2023-02-01T01:00,46.6,27.5,340.0,4.0,5.8,96.0
2023-02-01T02:00,48.5,28.8,347.0,5.0,5.8,97.0
2023-02-01T03:00,48.2,28.8,354.0,5.7,5.4,99.0
2023-02-01T04:00,48.8,29.3,355.0,4.9,4.7,104.0
2023-02-01T05:00,49.7,30.0,355.0,3.6,3.8,111.0
2023-02-01T06:00,47.0,28.5,355.0,2.1,2.8,118.0
2023-02-01T07:00,45.8,27.6,357.0,1.5,2.7,121.0
2023-02-01T08:00,46.0,27.9,359.0,1.3,2.7,124.0
2023-02-01T09:00,44.4,26.6,363.0,1.6,3.5,124.0
2023-02-01T10:00,43.0,25.5,368.0,2.8,5.0,121.0
2023-02-01T11:00,39.9,23.6,374.0,4.4,7.1,115.0
2023-02-01T12:00,41.9,24.8,,8.2,12.1,112.0
2023-02-01T13:00,38.1,22.6,,8.1,11.2,108.0
2023-02-01T14:00,35.6,21.2,,7.7,9.9,102.0
2023-02-01T15:00,33.2,19.8,376.0,6.9,8.1,97.0
2023-02-01T16:00,32.6,19.4,369.0,5.8,6.6,96.0
2023-02-01T17:00,32.7,19.4,361.0,4.5,4.9,98.0
2023-02-01T18:00,33.2,19.6,351.0,3.0,3.2,99.0
2023-02-01T19:00,32.6,19.3,345.0,2.2,2.5,99.0
2023-02-01T20:00,33.4,19.7,340.0,1.7,2.2,99.0
2023-02-01T21:00,31.5,18.6,334.0,1.2,1.9,99.0
2023-02-01T22:00,32.6,19.2,329.0,1.0,1.7,99.0
2023-02-01T23:00,31.7,18.5,325.0,0.9,1.7,98.0
2023-02-02T00:00,36.9,21.4,330.0,2.2,5.2,97.0
2023-02-02T01:00,37.4,21.7,327.0,2.5,4.6,98.0
2023-02-02T02:00,35.0,20.5,323.0,3.0,3.9,100.0
2023-02-02T03:00,37.4,22.0,318.0,3.3,3.1,103.0
2023-02-02T04:00,40.5,23.9,317.0,3.3,2.9,106.0
2023-02-02T05:00,42.1,25.0,318.0,3.2,2.9,109.0
2023-02-02T06:00,46.2,27.4,318.0,3.0,3.0,113.0
2023-02-02T07:00,48.8,29.0,317.0,2.7,3.2,116.0
2023-02-02T08:00,53.0,31.5,316.0,2.5,3.3,118.0
2023-02-02T09:00,58.1,34.7,315.0,2.4,3.8,121.0
2023-02-02T10:00,61.2,36.3,316.0,2.9,4.2,122.0
2023-02-02T11:00,64.7,38.3,318.0,3.7,4.7,122.0
2023-02-02T12:00,68.5,40.5,327.0,5.8,8.8,131.0
2023-02-02T13:00,68.2,40.4,327.0,5.7,8.3,129.0
2023-02-02T14:00,71.0,41.9,328.0,5.6,7.7,127.0
2023-02-02T15:00,73.3,43.0,331.0,5.3,7.0,125.0
2023-02-02T16:00,76.1,44.5,337.0,5.2,6.8,125.0
2023-02-02T17:00,79.2,46.0,345.0,4.8,6.9,126.0
2023-02-02T18:00,,48.1,353.0,4.3,6.7,127.0
2023-02-02T19:00,,49.9,354.0,3.6,6.2,128.0
2023-02-02T20:00,,50.5,352.0,2.7,5.5,130.0
2023-02-02T21:00,,,350.0,1.8,4.7,131.0
2023-02-02T22:00,,,350.0,1.3,4.2,132.0
2023-02-02T23:00,,,351.0,1.0,3.8,132.0
2023-02-03T00:00,,50.1,353.0,1.1,3.8,130.0
2023-02-03T01:00,,47.7,353.0,1.5,3.5,129.0
2023-02-03T02:00,78.5,46.9,354.0,2.0,3.2,127.0
2023-02-03T03:00,77.5,46.4,353.0,2.4,2.7,125.0
2023-02-03T04:00,79.2,47.6,352.0,2.2,2.5,125.0
2023-02-03T05:00,,49.4,350.0,1.9,2.2,127.0
2023-02-03T06:00,79.2,48.1,346.0,1.5,2.0,127.0
2023-02-03T07:00,76.8,46.8,341.0,1.4,1.9,125.0
2023-02-03T08:00,77.8,47.5,334.0,1.2,1.9,123.0
2023-02-03T09:00,,49.2,326.0,1.3,1.9,119.0
2023-02-03T10:00,,49.0,322.0,1.6,2.0,117.0
2023-02-03T11:00,,,318.0,2.1,2.2,115.0
2023-02-03T12:00,71.2,42.6,320.0,3.1,3.1,115.0
2023-02-03T13:00,68.5,40.6,315.0,3.2,3.2,112.0
2023-02-03T14:00,64.0,37.7,309.0,3.4,3.3,108.0
2023-02-03T15:00,59.6,34.9,300.0,3.7,3.6,104.0
2023-02-03T16:00,58.1,33.9,295.0,4.0,4.0,102.0
2023-02-03T17:00,58.0,33.5,290.0,4.3,4.3,101.0
2023-02-03T18:00,57.6,33.1,281.0,4.6,4.8,100.0
2023-02-03T19:00,56.2,32.1,271.0,4.4,4.9,99.0
2023-02-03T20:00,54.0,30.7,258.0,4.0,4.9,99.0
2023-02-03T21:00,52.5,29.8,245.0,3.6,5.2,98.0
2023-02-03T22:00,52.6,29.7,240.0,3.5,5.6,97.0
2023-02-03T23:00,53.1,29.9,237.0,3.6,6.1,97.0
2023-02-04T00:00,56.8,31.9,253.0,5.8,9.4,90.0
2023-02-04T01:00,58.0,32.4,256.0,5.9,9.9,93.0
2023-02-04T02:00,59.5,33.3,260.0,6.2,10.6,96.0
2023-02-04T03:00,59.8,33.4,264.0,6.1,10.9,105.0
2023-02-04T04:00,61.7,34.6,264.0,4.9,10.1,117.0
2023-02-04T05:00,64.5,36.3,262.0,3.3,8.9,131.0
2023-02-04T06:00,67.3,38.2,260.0,1.6,7.4,146.0
2023-02-04T07:00,68.9,39.2,259.0,1.2,7.0,151.0
2023-02-04T08:00,68.9,39.5,258.0,1.1,6.8,152.0
2023-02-04T09:00,68.2,39.0,257.0,1.4,6.7,151.0
2023-02-04T10:00,65.9,37.7,255.0,1.6,6.6,149.0
2023-02-04T11:00,63.6,36.4,254.0,2.2,6.4,145.0
2023-02-04T12:00,58.2,32.8,266.0,3.2,8.0,148.0
2023-02-04T13:00,58.1,32.9,267.0,3.5,8.0,143.0
2023-02-04T14:00,56.7,32.1,267.0,4.0,8.1,137.0
2023-02-04T15:00,54.9,31.0,268.0,4.6,8.1,129.0
2023-02-04T16:00,53.1,29.7,268.0,4.8,8.1,126.0
2023-02-04T17:00,51.9,28.9,268.0,4.8,8.1,123.0
2023-02-04T18:00,50.5,27.9,266.0,4.8,8.1,121.0
2023-02-04T19:00,50.4,27.8,262.0,4.6,7.9,120.0
2023-02-04T20:00,48.7,27.0,258.0,4.2,7.6,119.0
2023-02-04T21:00,47.8,26.4,255.0,4.1,7.4,117.0
2023-02-04T22:00,48.2,26.7,258.0,4.3,7.7,114.0
2023-02-04T23:00,48.9,27.2,265.0,4.8,8.1,111.0
2023-02-05T00:00,50.8,28.3,262.0,4.0,7.8,109.0
2023-02-05T01:00,51.7,29.0,274.0,5.2,9.1,105.0
2023-02-05T02:00,54.7,30.9,292.0,6.9,10.8,101.0
2023-02-05T03:00,55.6,31.5,304.0,8.1,12.2,100.0
2023-02-05T04:00,53.0,29.7,295.0,7.0,11.9,109.0
2023-02-05T05:00,50.9,28.6,277.0,4.9,10.9,124.0
2023-02-05T06:00,52.3,29.8,254.0,2.5,9.4,139.0
2023-02-05T07:00,53.2,30.5,244.0,1.8,8.4,142.0
2023-02-05T08:00,52.3,30.0,236.0,1.4,7.4,142.0
2023-02-05T09:00,50.1,28.8,228.0,1.2,6.2,139.0
2023-02-05T10:00,47.7,27.4,224.0,1.4,5.5,134.0
2023-02-05T11:00,45.8,26.1,221.0,1.7,4.9,128.0
2023-02-05T12:00,46.2,26.4,218.0,2.2,4.4,120.0
2023-02-05T13:00,45.9,26.3,224.0,3.0,5.1,117.0
2023-02-05T14:00,45.9,26.4,232.0,4.2,6.1,113.0
2023-02-05T15:00,46.3,26.8,243.0,5.3,7.2,108.0
2023-02-05T16:00,47.5,27.5,250.0,5.5,7.4,107.0
2023-02-05T17:00,49.4,28.7,257.0,5.3,7.5,106.0
2023-02-05T18:00,51.1,29.9,264.0,5.0,7.8,106.0
2023-02-05T19:00,52.5,30.9,267.0,4.7,8.2,106.0
2023-02-05T20:00,53.1,31.4,269.0,4.2,8.8,106.0
2023-02-05T21:00,54.7,32.6,273.0,3.8,9.6,106.0
2023-02-05T22:00,56.2,33.5,277.0,3.7,10.5,105.0
2023-02-05T23:00,57.6,34.3,282.0,3.7,11.5,105.0
2023-02-06T00:00,57.3,34.2,279.0,3.5,10.6,109.0
2023-02-06T01:00,58.1,34.7,287.0,4.7,11.2,107.0
2023-02-06T02:00,58.6,34.9,299.0,6.2,12.1,105.0
2023-02-06T03:00,60.8,36.3,308.0,7.5,12.9,105.0
2023-02-06T04:00,61.9,36.9,305.0,7.1,12.8,109.0
2023-02-06T05:00,61.0,36.1,297.0,5.9,12.2,115.0
2023-02-06T06:00,61.2,36.3,283.0,4.2,11.0,123.0
2023-02-06T07:00,60.8,36.0,270.0,3.2,9.5,128.0
2023-02-06T08:00,58.8,34.7,255.0,2.1,7.6,132.0
2023-02-06T09:00,55.6,32.6,237.0,1.2,5.4,135.0
2023-02-06T10:00,52.4,30.5,227.0,1.1,4.3,132.0
2023-02-06T11:00,48.9,28.4,218.0,1.5,3.4,127.0
2023-02-06T12:00,47.5,27.9,217.0,2.6,2.8,119.0
2023-02-06T13:00,45.4,26.8,220.0,3.3,2.8,116.0
2023-02-06T14:00,43.3,25.6,224.0,4.4,2.8,112.0
2023-02-06T15:00,41.8,24.7,229.0,5.5,3.0,107.0
2023-02-06T16:00,40.2,23.8,232.0,5.7,3.3,106.0
2023-02-06T17:00,39.0,23.2,234.0,5.7,3.8,105.0
2023-02-06T18:00,38.1,22.6,234.0,5.4,4.2,105.0
2023-02-06T19:00,37.4,22.2,229.0,4.9,4.2,105.0
2023-02-06T20:00,37.0,22.1,222.0,4.1,4.1,105.0
2023-02-06T21:00,37.4,22.3,214.0,3.1,3.8,105.0
2023-02-06T22:00,37.0,22.1,211.0,2.6,3.7,105.0
2023-02-06T23:00,36.8,22.1,209.0,2.1,3.6,104.0
2023-02-07T00:00,36.9,22.5,209.0,2.1,3.7,102.0
2023-02-07T01:00,36.8,22.2,216.0,2.8,4.1,101.0
2023-02-07T02:00,37.7,22.9,225.0,3.8,4.7,99.0
2023-02-07T03:00,39.1,23.9,235.0,4.5,5.2,100.0
2023-02-07T04:00,38.4,23.5,238.0,4.1,5.4,108.0
2023-02-07T05:00,39.9,24.4,239.0,3.2,5.4,119.0
2023-02-07T06:00,41.6,25.6,236.0,2.1,5.2,131.0
2023-02-07T07:00,43.3,26.6,229.0,1.7,4.8,135.0
2023-02-07T08:00,43.1,26.3,218.0,1.4,4.1,137.0
2023-02-07T09:00,41.7,25.3,204.0,1.4,3.2,136.0
2023-02-07T10:00,39.9,23.9,195.0,1.7,2.7,132.0
2023-02-07T11:00,37.6,22.3,186.0,2.3,2.2,125.0
2023-02-07T12:00,39.7,23.8,166.0,3.0,1.6,111.0
2023-02-07T13:00,36.7,21.9,169.0,3.7,1.5,107.0
2023-02-07T14:00,34.3,20.4,174.0,4.6,1.4,101.0
2023-02-07T15:00,32.6,19.3,178.0,5.3,1.3,94.0
2023-02-07T16:00,30.9,18.3,178.0,5.1,1.4,92.0
2023-02-07T17:00,29.6,17.6,177.0,4.5,1.6,91.0
2023-02-07T18:00,28.5,16.9,174.0,3.6,1.7,91.0
2023-02-07T19:00,27.7,16.4,170.0,3.0,1.8,91.0
2023-02-07T20:00,27.2,16.1,165.0,2.4,1.8,92.0
2023-02-07T21:00,27.7,16.4,160.0,1.7,1.8,92.0
2023-02-07T22:00,27.7,16.4,159.0,1.5,1.8,91.0
2023-02-07T23:00,28.1,16.6,160.0,1.4,1.9,90.0
2023-02-08T00:00,29.8,18.0,172.0,2.0,2.4,90.0
2023-02-08T01:00,30.2,18.2,175.0,2.5,2.4,90.0
2023-02-08T02:00,30.2,18.1,179.0,3.1,2.4,90.0
2023-02-08T03:00,29.9,17.9,182.0,3.5,2.3,92.0
2023-02-08T04:00,28.4,16.9,180.0,3.0,2.3,96.0
2023-02-08T05:00,29.8,17.9,176.0,2.2,2.3,101.0
2023-02-08T06:00,31.3,18.9,170.0,1.3,2.2,106.0
2023-02-08T07:00,32.5,19.6,167.0,1.1,2.1,106.0
2023-02-08T08:00,32.4,19.6,164.0,1.0,1.9,105.0
2023-02-08T09:00,31.2,18.9,161.0,1.1,1.7,101.0
2023-02-08T10:00,29.5,17.7,159.0,1.4,1.5,97.0
2023-02-08T11:00,27.5,16.5,157.0,1.9,1.2,91.0
2023-02-08T12:00,32.1,19.7,159.0,3.0,2.3,85.0
2023-02-08T13:00,30.6,18.7,163.0,3.3,2.0,81.0
2023-02-08T14:00,29.6,18.1,168.0,3.7,1.6,75.0
2023-02-08T15:00,29.2,17.8,174.0,4.0,1.3,69.0
2023-02-08T16:00,29.0,17.8,177.0,3.9,1.3,68.0
2023-02-08T17:00,29.0,17.8,179.0,3.7,1.4,68.0
2023-02-08T18:00,28.6,17.6,181.0,3.2,1.6,69.0
2023-02-08T19:00,28.6,17.5,180.0,2.7,1.6,69.0
2023-02-08T20:00,28.6,17.4,177.0,2.2,1.6,70.0
2023-02-08T21:00,29.3,17.8,176.0,1.7,1.6,70.0
2023-02-08T22:00,29.6,18.1,179.0,1.6,1.6,69.0
2023-02-08T23:00,30.9,19.0,184.0,1.7,1.7,67.0
2023-02-09T00:00,33.4,21.1,207.0,3.5,2.8,63.0
2023-02-09T01:00,34.8,22.1,219.0,4.9,2.9,61.0
2023-02-09T02:00,35.7,22.7,236.0,6.8,3.1,59.0
2023-02-09T03:00,36.9,23.6,251.0,8.2,3.3,61.0
2023-02-09T04:00,36.7,23.3,248.0,7.4,3.4,70.0
2023-02-09T05:00,35.4,22.4,238.0,5.5,3.3,83.0
2023-02-09T06:00,36.8,23.2,223.0,3.3,3.2,98.0
2023-02-09T07:00,37.5,23.6,214.0,2.4,2.9,104.0
2023-02-09T08:00,36.6,22.9,205.0,1.8,2.5,109.0
2023-02-09T09:00,34.9,21.8,195.0,1.5,2.2,110.0
2023-02-09T10:00,33.4,20.7,189.0,1.8,2.1,107.0
2023-02-09T11:00,31.9,19.6,185.0,2.4,2.2,100.0
2023-02-09T12:00,23.5,13.8,176.0,3.0,2.2,84.0
2023-02-09T13:00,23.5,13.9,181.0,3.8,2.2,80.0
2023-02-09T14:00,23.6,13.9,188.0,4.9,2.3,75.0
2023-02-09T15:00,23.8,14.1,194.0,5.8,2.3,70.0
2023-02-09T16:00,24.0,14.3,194.0,5.5,2.2,69.0
2023-02-09T17:00,24.3,14.4,192.0,4.8,2.1,69.0
2023-02-09T18:00,23.9,14.2,187.0,3.7,2.0,70.0
2023-02-09T19:00,23.7,14.1,181.0,2.9,1.9,71.0
2023-02-09T20:00,23.9,14.1,174.0,2.1,1.8,73.0
2023-02-09T21:00,24.2,14.3,169.0,1.3,1.8,75.0
2023-02-09T22:00,25.5,15.3,170.0,1.1,2.1,75.0
2023-02-09T23:00,27.9,17.0,174.0,1.1,2.5,76.0
2023-02-10T00:00,30.9,19.4,196.0,2.5,2.7,70.0
2023-02-10T01:00,31.4,19.9,204.0,3.5,2.8,69.0
2023-02-10T02:00,32.0,20.3,216.0,4.9,2.9,69.0
2023-02-10T03:00,32.2,20.5,232.0,6.0,3.4,74.0
2023-02-10T04:00,32.5,20.8,243.0,5.6,4.0,86.0
2023-02-10T05:00,37.1,24.2,254.0,4.6,4.8,102.0
2023-02-10T06:00,42.1,27.7,264.0,3.3,6.0,123.0
2023-02-10T07:00,45.9,30.4,267.0,2.7,7.1,136.0
2023-02-10T08:00,48.3,32.0,267.0,2.3,8.4,149.0
2023-02-10T09:00,50.2,32.9,262.0,2.2,9.3,157.0
2023-02-10T10:00,49.7,32.2,252.0,2.7,8.9,152.0
2023-02-10T11:00,47.8,30.6,238.0,3.6,7.8,141.0
2023-02-10T12:00,42.4,26.8,210.0,4.2,5.2,126.0
2023-02-10T13:00,41.9,26.1,201.0,4.4,4.3,120.0
2023-02-10T14:00,39.8,24.6,189.0,4.6,3.1,111.0
2023-02-10T15:00,39.9,24.4,175.0,4.6,1.8,102.0
2023-02-10T16:00,40.7,24.9,171.0,4.2,1.5,100.0
2023-02-10T17:00,42.0,25.7,170.0,3.7,1.6,100.0
2023-02-10T18:00,43.2,26.5,169.0,2.9,1.8,101.0
2023-02-10T19:00,44.6,27.4,166.0,2.4,1.8,102.0
2023-02-10T20:00,45.9,28.2,163.0,2.0,1.7,103.0
2023-02-10T21:00,48.7,30.0,163.0,1.6,1.9,104.0
2023-02-10T22:00,49.8,30.7,166.0,1.5,2.3,104.0
2023-02-10T23:00,51.6,32.1,172.0,1.5,2.8,102.0
2023-02-11T00:00,56.1,35.4,183.0,1.9,2.8,99.0
2023-02-11T01:00,56.2,35.4,189.0,3.1,3.0,97.0
2023-02-11T02:00,56.3,35.6,198.0,4.8,3.3,93.0
2023-02-11T03:00,54.6,34.7,206.0,6.1,3.7,93.0
2023-02-11T04:00,50.4,32.0,206.0,5.4,3.8,99.0
2023-02-11T05:00,50.8,32.7,203.0,4.0,3.8,107.0
2023-02-11T06:00,50.8,33.1,200.0,2.3,3.9,119.0
2023-02-11T07:00,50.2,33.1,200.0,1.8,4.1,127.0
2023-02-11T08:00,47.8,31.5,202.0,1.7,4.4,135.0
2023-02-11T09:00,47.8,31.5,203.0,1.9,4.8,142.0
2023-02-11T10:00,47.7,31.3,204.0,2.5,5.0,142.0
2023-02-11T11:00,47.5,31.0,204.0,3.5,5.2,139.0
2023-02-11T12:00,52.4,34.0,199.0,4.1,5.4,139.0
2023-02-11T13:00,52.3,33.6,200.0,4.7,5.4,137.0
2023-02-11T14:00,51.7,32.8,201.0,5.5,5.4,134.0
2023-02-11T15:00,50.6,31.9,202.0,6.2,5.4,130.0
2023-02-11T16:00,49.4,30.9,201.0,6.0,5.3,129.0
2023-02-11T17:00,48.2,29.8,200.0,5.4,5.1,128.0
2023-02-11T18:00,47.1,28.9,198.0,4.6,4.8,127.0
2023-02-11T19:00,46.3,28.2,197.0,3.9,4.5,126.0
2023-02-11T20:00,45.9,27.9,196.0,3.2,4.1,126.0
2023-02-11T21:00,47.7,29.2,198.0,2.6,3.9,124.0
2023-02-11T22:00,50.9,31.5,202.0,2.5,4.2,121.0
2023-02-11T23:00,54.2,33.9,209.0,2.7,4.7,117.0
2023-02-12T00:00,66.8,43.3,244.0,5.8,9.7,102.0
2023-02-12T01:00,67.8,43.8,257.0,6.7,10.6,99.0
2023-02-12T02:00,69.4,44.9,276.0,8.1,12.0,94.0
2023-02-12T03:00,70.8,46.1,295.0,9.2,13.3,94.0
2023-02-12T04:00,68.0,44.2,301.0,9.0,13.6,103.0
2023-02-12T05:00,71.2,46.6,302.0,8.3,13.6,116.0
2023-02-12T06:00,,,294.0,7.0,12.9,132.0
2023-02-12T07:00,,,276.0,5.6,11.5,139.0
2023-02-12T08:00,61.0,39.1,250.0,3.8,9.5,145.0
2023-02-12T09:00,56.7,36.1,222.0,2.3,7.3,148.0
2023-02-12T10:00,54.1,34.1,212.0,2.5,6.5,146.0
2023-02-12T11:00,52.0,32.5,207.0,3.3,6.1,142.0
2023-02-12T12:00,58.9,36.4,192.0,4.0,5.9,138.0
2023-02-12T13:00,59.6,36.7,196.0,4.9,5.6,134.0
2023-02-12T14:00,58.9,35.9,201.0,6.2,5.1,128.0
2023-02-12T15:00,58.2,35.2,206.0,7.4,4.6,122.0
2023-02-12T16:00,57.3,34.3,207.0,7.4,4.4,120.0
2023-02-12T17:00,56.5,33.6,206.0,7.0,4.4,119.0
2023-02-12T18:00,55.6,32.9,204.0,6.2,4.3,118.0
2023-02-12T19:00,54.6,32.2,202.0,5.5,4.3,117.0
2023-02-12T20:00,54.7,32.4,198.0,4.8,4.2,117.0
2023-02-12T21:00,58.4,35.2,197.0,3.9,4.2,115.0
2023-02-12T22:00,61.0,37.0,199.0,3.4,4.1,112.0
2023-02-12T23:00,64.3,39.6,204.0,3.0,4.0,109.0
2023-02-13T00:00,69.4,43.1,239.0,4.2,5.0,103.0
2023-02-13T01:00,68.2,42.0,247.0,5.3,5.6,102.0
2023-02-13T02:00,69.6,43.1,257.0,6.9,6.5,101.0
2023-02-13T03:00,70.3,43.4,260.0,7.9,7.3,102.0
2023-02-13T04:00,59.8,35.5,245.0,6.9,7.3,108.0
2023-02-13T05:00,57.6,33.8,221.0,5.0,7.0,117.0
2023-02-13T06:00,56.5,33.1,193.0,2.8,6.4,125.0
2023-02-13T07:00,55.4,32.4,181.0,2.0,5.7,127.0
2023-02-13T08:00,55.1,32.1,172.0,1.5,4.8,126.0
2023-02-13T09:00,51.6,29.8,163.0,1.3,3.7,122.0
2023-02-13T10:00,48.4,27.8,156.0,1.5,3.1,117.0
2023-02-13T11:00,44.7,25.3,150.0,2.0,2.6,109.0
2023-02-13T12:00,44.1,24.7,153.0,2.9,3.2,102.0
2023-02-13T13:00,42.8,24.0,155.0,3.3,3.0,98.0
2023-02-13T14:00,41.2,23.1,158.0,3.9,2.8,93.0
2023-02-13T15:00,39.5,22.1,161.0,4.4,2.5,88.0
2023-02-13T16:00,38.0,21.2,162.0,4.2,2.5,87.0
2023-02-13T17:00,36.8,20.5,162.0,3.8,2.5,87.0
2023-02-13T18:00,35.7,20.0,161.0,3.2,2.5,87.0
2023-02-13T19:00,34.6,19.4,159.0,2.8,2.5,87.0
2023-02-13T20:00,33.9,19.0,155.0,2.3,2.4,87.0
2023-02-13T21:00,34.3,19.4,154.0,1.9,2.4,87.0
2023-02-13T22:00,34.7,19.8,157.0,1.7,2.3,86.0
2023-02-13T23:00,37.0,21.7,162.0,1.7,2.2,84.0
2023-02-14T00:00,39.2,23.6,175.0,2.8,3.2,79.0
2023-02-14T01:00,41.4,25.4,201.0,5.1,3.3,74.0
2023-02-14T02:00,47.0,29.5,237.0,8.3,3.5,66.0
2023-02-14T03:00,51.8,32.9,269.0,10.8,3.7,65.0
2023-02-14T04:00,54.0,34.6,267.0,9.5,3.8,78.0
2023-02-14T05:00,49.4,31.3,251.0,6.5,3.8,98.0
2023-02-14T06:00,45.5,28.7,229.0,3.2,3.8,120.0
2023-02-14T07:00,45.1,28.5,218.0,2.2,3.8,128.0
2023-02-14T08:00,43.4,27.5,206.0,1.8,3.7,133.0
2023-02-14T09:00,41.1,26.0,194.0,1.8,3.6,134.0
2023-02-14T10:00,38.2,24.0,187.0,2.3,3.6,131.0
2023-02-14T11:00,34.8,21.6,182.0,3.3,3.6,125.0
2023-02-14T12:00,27.0,16.6,171.0,4.0,3.8,117.0
2023-02-14T13:00,25.6,15.5,171.0,4.2,3.5,112.0
2023-02-14T14:00,24.4,14.5,171.0,4.5,3.0,104.0
2023-02-14T15:00,23.2,13.6,170.0,4.5,2.5,96.0
2023-02-14T16:00,22.2,12.7,168.0,4.0,2.2,94.0
2023-02-14T17:00,21.2,12.0,165.0,3.2,2.0,93.0
2023-02-14T18:00,20.3,11.3,160.0,2.3,1.8,93.0
2023-02-14T19:00,19.5,10.7,154.0,1.8,1.8,94.0
2023-02-14T20:00,18.7,10.2,146.0,1.5,1.8,95.0
2023-02-14T21:00,19.0,10.4,142.0,1.4,1.9,95.0
2023-02-14T22:00,20.7,11.6,144.0,1.7,2.0,94.0
2023-02-14T23:00,22.9,13.2,151.0,2.2,2.0,91.0
2023-02-15T00:00,27.3,16.6,166.0,3.6,2.5,85.0
2023-02-15T01:00,31.5,20.0,191.0,5.1,2.9,80.0
2023-02-15T02:00,36.1,23.5,226.0,7.2,3.5,74.0
2023-02-15T03:00,38.0,25.0,256.0,8.6,4.2,73.0
2023-02-15T04:00,35.6,23.2,251.0,7.3,4.4,84.0
2023-02-15T05:00,34.3,22.2,232.0,4.9,4.5,101.0
2023-02-15T06:00,36.8,24.0,209.0,2.2,4.5,121.0
2023-02-15T07:00,39.2,25.7,202.0,1.5,4.5,128.0
2023-02-15T08:00,40.2,26.3,197.0,1.4,4.5,133.0
2023-02-15T09:00,39.5,25.6,191.0,1.7,4.4,134.0
2023-02-15T10:00,37.3,23.9,185.0,2.2,4.3,131.0
2023-02-15T11:00,34.3,21.7,178.0,3.0,4.2,125.0
2023-02-15T12:00,42.1,27.1,175.0,3.8,4.4,117.0
2023-02-15T13:00,40.4,25.7,176.0,4.3,4.3,114.0
2023-02-15T14:00,41.1,26.0,177.0,4.9,4.3,110.0
2023-02-15T15:00,41.2,25.9,177.0,5.4,4.2,106.0
2023-02-15T16:00,43.0,27.0,176.0,5.1,4.2,106.0
2023-02-15T17:00,44.9,28.2,175.0,4.4,4.2,107.0
2023-02-15T18:00,46.6,29.1,173.0,3.5,4.3,109.0
2023-02-15T19:00,47.8,29.7,170.0,2.9,4.3,110.0
2023-02-15T20:00,48.8,30.2,166.0,2.2,4.3,112.0
2023-02-15T21:00,49.6,30.4,163.0,1.6,4.4,113.0
2023-02-15T22:00,51.2,31.3,164.0,1.2,4.4,113.0
2023-02-15T23:00,52.6,32.1,166.0,1.0,4.5,113.0
2023-02-16T00:00,57.3,36.0,184.0,2.1,4.9,104.0
2023-02-16T01:00,60.1,37.8,202.0,3.6,5.5,101.0
2023-02-16T02:00,63.1,39.9,226.0,5.8,6.3,97.0
2023-02-16T03:00,65.4,41.4,246.0,7.4,6.8,97.0
2023-02-16T04:00,61.5,38.4,238.0,6.4,6.3,106.0
2023-02-16T05:00,55.9,34.3,220.0,4.2,5.5,120.0
2023-02-16T06:00,55.6,34.2,197.0,1.8,4.4,135.0
2023-02-16T07:00,55.5,34.1,190.0,1.2,4.0,139.0
2023-02-16T08:00,54.5,33.3,185.0,1.0,3.8,140.0
2023-02-16T09:00,53.7,32.5,180.0,1.1,3.6,138.0
2023-02-16T10:00,52.3,31.4,174.0,1.2,3.5,133.0
2023-02-16T11:00,51.0,30.4,168.0,1.5,3.4,126.0
2023-02-16T12:00,65.7,39.9,170.0,1.8,3.0,112.0
2023-02-16T13:00,65.2,39.5,174.0,2.2,3.0,111.0
2023-02-16T14:00,65.9,39.6,179.0,2.9,3.0,109.0
2023-02-16T15:00,66.6,39.9,186.0,3.6,3.1,107.0
2023-02-16T16:00,67.1,39.9,191.0,3.9,3.3,107.0
2023-02-16T17:00,67.3,39.9,197.0,4.1,3.5,107.0
2023-02-16T18:00,67.3,39.9,202.0,4.2,3.8,108.0
2023-02-16T19:00,66.8,39.7,204.0,4.0,3.9,108.0
2023-02-16T20:00,67.5,40.3,205.0,3.5,3.9,107.0
2023-02-16T21:00,68.5,40.7,205.0,3.0,3.8,107.0
2023-02-16T22:00,68.5,40.6,205.0,2.6,3.7,107.0
2023-02-16T23:00,68.7,40.7,205.0,2.3,3.5,107.0
2023-02-17T00:00,71.5,43.4,231.0,4.3,5.6,97.0
2023-02-17T01:00,70.8,42.6,229.0,4.4,5.2,99.0
2023-02-17T02:00,68.5,40.6,225.0,4.5,4.6,101.0
2023-02-17T03:00,63.3,37.0,215.0,4.3,3.8,105.0
2023-02-17T04:00,56.7,32.2,201.0,3.5,3.3,108.0
2023-02-17T05:00,50.6,28.7,182.0,2.3,2.7,112.0
2023-02-17T06:00,46.4,26.5,162.0,1.0,2.1,114.0
2023-02-17T07:00,43.3,25.0,154.0,0.7,1.7,112.0
2023-02-17T08:00,40.0,23.2,149.0,0.6,1.4,109.0
2023-02-17T09:00,36.9,21.5,144.0,0.8,1.0,103.0
2023-02-17T10:00,33.3,19.3,141.0,1.0,0.8,99.0
2023-02-17T11:00,30.2,17.5,139.0,1.3,0.8,94.0
2023-02-17T12:00,27.4,15.8,136.0,2.4,1.0,95.0
2023-02-17T13:00,25.0,14.4,139.0,3.0,0.9,92.0
2023-02-17T14:00,23.6,13.6,144.0,3.9,0.8,88.0
2023-02-17T15:00,22.6,13.1,150.0,4.8,0.8,84.0
2023-02-17T16:00,22.0,12.7,153.0,5.1,1.0,83.0
2023-02-17T17:00,21.7,12.5,156.0,5.1,1.2,82.0
2023-02-17T18:00,21.2,12.3,156.0,4.8,1.5,82.0
2023-02-17T19:00,21.1,12.2,152.0,4.1,1.5,81.0
2023-02-17T20:00,21.0,12.1,146.0,3.2,1.5,81.0
2023-02-17T21:00,21.0,12.1,139.0,2.2,1.5,80.0
2023-02-17T22:00,21.3,12.3,137.0,1.7,1.6,79.0
2023-02-17T23:00,22.4,13.0,135.0,1.4,1.6,77.0
2023-02-18T00:00,31.3,19.7,192.0,5.1,4.0,68.0
2023-02-18T01:00,32.1,20.3,203.0,6.0,4.4,67.0
2023-02-18T02:00,33.6,21.3,218.0,7.3,5.0,65.0
2023-02-18T03:00,34.6,21.8,226.0,8.0,5.4,65.0
2023-02-18T04:00,33.2,20.6,213.0,6.8,5.1,71.0
2023-02-18T05:00,32.1,19.7,191.0,4.7,4.5,79.0
2023-02-18T06:00,32.0,19.6,163.0,2.4,3.6,87.0
2023-02-18T07:00,29.6,18.0,150.0,1.7,2.9,87.0
2023-02-18T08:00,26.8,16.2,141.0,1.5,2.1,83.0
2023-02-18T09:00,24.0,14.3,132.0,1.4,1.2,78.0
2023-02-18T10:00,21.4,12.5,128.0,1.4,0.8,75.0
2023-02-18T11:00,19.6,11.4,127.0,1.6,0.6,72.0
2023-02-18T12:00,19.2,11.2,132.0,1.7,0.5,72.0
2023-02-18T13:00,19.0,11.0,134.0,2.0,0.5,70.0
2023-02-18T14:00,19.1,11.0,137.0,2.5,0.4,66.0
2023-02-18T15:00,19.3,11.1,140.0,3.0,0.4,63.0
2023-02-18T16:00,19.9,11.4,142.0,3.1,0.6,63.0
2023-02-18T17:00,20.5,11.8,143.0,2.9,0.9,63.0
2023-02-18T18:00,21.0,12.1,143.0,2.6,1.1,64.0
2023-02-18T19:00,21.5,12.3,141.0,2.1,1.1,65.0
2023-02-18T20:00,22.0,12.6,138.0,1.4,1.0,66.0
2023-02-18T21:00,22.6,12.9,136.0,0.7,0.8,67.0
2023-02-18T22:00,23.0,13.2,136.0,0.5,0.7,68.0
2023-02-18T23:00,23.6,13.6,138.0,0.4,0.6,68.0
2023-02-19T00:00,24.1,14.1,137.0,1.0,0.8,67.0
2023-02-19T01:00,25.1,14.9,144.0,2.0,1.2,66.0
2023-02-19T02:00,25.8,15.4,154.0,3.3,1.8,64.0
2023-02-19T03:00,26.0,15.6,162.0,4.4,2.4,63.0
2023-02-19T04:00,25.8,15.4,159.0,3.9,2.5,66.0
2023-02-19T05:00,25.7,15.4,152.0,2.7,2.4,71.0
2023-02-19T06:00,26.0,15.7,143.0,1.4,2.1,75.0
2023-02-19T07:00,27.0,16.3,139.0,1.0,1.7,74.0
2023-02-19T08:00,26.1,15.7,137.0,0.9,1.2,72.0
2023-02-19T09:00,24.8,14.8,134.0,1.0,0.7,68.0
2023-02-19T10:00,23.5,13.9,133.0,1.2,0.5,66.0
2023-02-19T11:00,22.1,13.1,132.0,1.4,0.5,65.0
2023-02-19T12:00,21.2,12.5,129.0,2.4,1.5,66.0
2023-02-19T13:00,20.1,12.0,132.0,2.8,1.4,64.0
2023-02-19T14:00,19.0,11.3,136.0,3.3,1.4,62.0
2023-02-19T15:00,18.6,11.0,141.0,3.7,1.3,59.0
2023-02-19T16:00,18.3,10.9,142.0,3.5,1.3,59.0
2023-02-19T17:00,18.2,10.8,142.0,3.1,1.3,59.0
2023-02-19T18:00,17.8,10.5,141.0,2.4,1.3,60.0
2023-02-19T19:00,17.5,10.3,139.0,1.9,1.2,61.0
2023-02-19T20:00,16.9,10.0,136.0,1.5,1.1,61.0
2023-02-19T21:00,16.8,9.9,133.0,1.0,0.9,62.0
2023-02-19T22:00,17.3,10.3,133.0,0.8,0.8,62.0
2023-02-19T23:00,17.4,10.3,133.0,0.8,0.7,62.0
2023-02-20T00:00,19.0,11.5,139.0,1.1,1.6,61.0
2023-02-20T01:00,18.7,11.4,143.0,1.7,1.8,60.0
2023-02-20T02:00,17.8,10.9,148.0,2.5,2.2,59.0
2023-02-20T03:00,17.0,10.4,152.0,3.1,2.5,60.0
2023-02-20T04:00,15.8,9.7,151.0,2.8,2.5,64.0
2023-02-20T05:00,17.1,10.7,147.0,2.1,2.4,71.0
2023-02-20T06:00,18.7,11.9,143.0,1.4,2.3,78.0
2023-02-20T07:00,20.1,12.8,141.0,1.2,2.2,81.0
2023-02-20T08:00,20.3,13.0,139.0,1.1,2.2,82.0
2023-02-20T09:00,19.7,12.5,137.0,1.2,2.1,81.0
2023-02-20T10:00,18.2,11.5,135.0,1.6,2.1,77.0
2023-02-20T11:00,16.1,10.1,134.0,2.1,2.0,70.0
2023-02-20T12:00,14.9,9.1,136.0,2.8,2.1,64.0
2023-02-20T13:00,14.1,8.6,138.0,3.1,1.9,62.0
2023-02-20T14:00,13.6,8.3,141.0,3.6,1.6,59.0
2023-02-20T15:00,13.4,8.1,144.0,3.9,1.2,56.0
2023-02-20T16:00,13.4,8.1,144.0,3.5,1.0,56.0
2023-02-20T17:00,13.4,8.1,142.0,2.9,0.8,56.0
2023-02-20T18:00,13.3,8.0,140.0,2.1,0.6,57.0
2023-02-20T19:00,12.9,7.8,137.0,1.8,0.6,57.0
2023-02-20T20:00,12.6,7.6,134.0,1.7,0.6,57.0
2023-02-20T21:00,13.0,7.9,132.0,1.7,0.8,57.0
2023-02-20T22:00,14.1,8.7,133.0,1.7,1.0,56.0
2023-02-20T23:00,15.3,9.6,135.0,1.8,1.3,56.0
2023-02-21T00:00,17.8,11.3,139.0,2.1,2.0,54.0
2023-02-21T01:00,19.1,12.3,157.0,3.8,2.9,51.0
2023-02-21T02:00,23.5,15.6,183.0,6.3,4.2,48.0
2023-02-21T03:00,22.1,14.6,205.0,8.2,5.3,48.0
2023-02-21T04:00,19.7,13.0,200.0,7.4,5.2,56.0
2023-02-21T05:00,19.3,12.7,184.0,5.3,4.7,67.0
2023-02-21T06:00,21.9,14.5,163.0,3.0,4.0,80.0
2023-02-21T07:00,24.1,15.9,155.0,2.2,3.7,85.0
2023-02-21T08:00,24.4,16.1,148.0,1.7,3.4,87.0
2023-02-21T09:00,22.4,14.7,141.0,1.6,3.1,86.0
2023-02-21T10:00,19.3,12.5,135.0,1.9,2.9,81.0
2023-02-21T11:00,16.5,10.6,131.0,2.6,2.8,73.0
2023-02-21T12:00,15.0,9.3,138.0,3.7,2.9,68.0
2023-02-21T13:00,14.8,9.1,141.0,4.3,2.9,66.0
2023-02-21T14:00,14.9,9.1,146.0,5.1,2.9,62.0
2023-02-21T15:00,15.8,9.7,152.0,5.9,2.9,59.0
2023-02-21T16:00,16.8,10.4,157.0,6.1,3.0,59.0
2023-02-21T17:00,17.9,11.1,162.0,6.0,3.1,60.0
2023-02-21T18:00,19.0,11.8,168.0,5.8,3.3,61.0
2023-02-21T19:00,20.0,12.5,171.0,5.6,3.4,62.0
2023-02-21T20:00,22.2,14.0,173.0,5.3,3.4,62.0
2023-02-21T21:00,25.4,16.2,179.0,5.2,3.4,62.0
2023-02-21T22:00,28.8,18.6,188.0,5.4,3.3,61.0
2023-02-21T23:00,31.7,20.7,200.0,5.8,3.1,59.0
2023-02-22T00:00,32.8,21.4,196.0,4.8,3.1,59.0
2023-02-22T01:00,34.9,22.8,208.0,5.8,3.9,59.0
2023-02-22T02:00,35.5,23.2,226.0,7.1,5.0,58.0
2023-02-22T03:00,35.5,23.1,238.0,7.9,6.0,61.0
2023-02-22T04:00,38.2,24.9,228.0,6.9,5.9,69.0
2023-02-22T05:00,35.9,22.9,209.0,5.1,5.4,80.0
2023-02-22T06:00,39.5,25.2,187.0,2.9,4.6,93.0
2023-02-22T07:00,40.0,25.5,180.0,2.1,4.1,98.0
2023-02-22T08:00,39.8,25.1,176.0,1.5,3.6,102.0
2023-02-22T09:00,39.7,24.9,174.0,1.2,3.0,104.0
2023-02-22T10:00,40.6,25.4,175.0,1.3,2.8,104.0
2023-02-22T11:00,39.9,24.9,178.0,1.8,2.7,102.0
2023-02-22T12:00,45.5,28.6,189.0,2.4,2.6,100.0
2023-02-22T13:00,44.7,27.9,193.0,2.5,2.4,100.0
2023-02-22T14:00,44.1,27.4,198.0,2.7,2.2,99.0
2023-02-22T15:00,43.1,26.5,202.0,2.8,1.8,98.0
2023-02-22T16:00,41.6,25.3,199.0,2.5,1.5,97.0
2023-02-22T17:00,39.6,23.9,194.0,2.1,1.3,97.0
2023-02-22T18:00,37.4,22.3,186.0,1.5,1.0,96.0
2023-02-22T19:00,35.2,20.9,180.0,1.2,0.9,95.0
2023-02-22T20:00,33.6,19.8,174.0,1.0,0.8,95.0
2023-02-22T21:00,32.9,19.4,169.0,0.8,0.8,94.0
2023-02-22T22:00,32.9,19.6,167.0,0.6,0.7,93.0
2023-02-22T23:00,34.0,20.4,168.0,0.5,0.6,92.0
2023-02-23T00:00,42.4,26.5,203.0,2.7,2.7,83.0
2023-02-23T01:00,45.5,28.9,218.0,4.6,3.4,80.0
2023-02-23T02:00,46.7,29.7,239.0,7.3,4.4,76.0
2023-02-23T03:00,46.2,29.2,253.0,9.2,5.1,73.0
2023-02-23T04:00,43.2,26.8,240.0,7.9,4.7,76.0
2023-02-23T05:00,41.4,25.6,216.0,5.2,3.9,83.0
2023-02-23T06:00,39.6,24.2,187.0,2.2,2.8,89.0
2023-02-23T07:00,37.8,23.0,175.0,1.3,2.3,90.0
2023-02-23T08:00,36.3,22.0,167.0,1.0,1.9,89.0
2023-02-23T09:00,34.1,20.5,160.0,0.9,1.4,86.0
2023-02-23T10:00,32.0,19.2,156.0,1.0,1.2,83.0
2023-02-23T11:00,30.3,18.0,155.0,1.4,1.0,79.0
2023-02-23T12:00,38.6,23.2,162.0,2.1,1.5,77.0
2023-02-23T13:00,38.6,23.2,163.0,2.3,1.3,75.0
2023-02-23T14:00,37.7,22.7,165.0,2.5,1.0,72.0
2023-02-23T15:00,36.2,21.8,166.0,2.6,0.6,69.0
2023-02-23T16:00,34.9,21.0,165.0,2.4,0.5,68.0
2023-02-23T17:00,33.4,20.1,164.0,2.0,0.4,67.0
2023-02-23T18:00,31.8,19.0,161.0,1.5,0.4,67.0
2023-02-23T19:00,30.4,18.2,158.0,1.2,0.4,67.0
2023-02-23T20:00,29.0,17.3,154.0,0.8,0.3,67.0
2023-02-23T21:00,28.2,16.8,151.0,0.6,0.3,67.0
2023-02-23T22:00,27.7,16.5,152.0,0.6,0.3,67.0
2023-02-23T23:00,27.8,16.7,154.0,0.7,0.2,67.0
2023-02-24T00:00,31.1,18.9,157.0,1.3,0.6,65.0
2023-02-24T01:00,30.9,18.9,161.0,1.8,0.9,65.0
2023-02-24T02:00,31.4,19.4,166.0,2.4,1.3,65.0
2023-02-24T03:00,30.3,18.5,169.0,2.9,1.7,66.0
2023-02-24T04:00,28.6,17.3,166.0,2.5,1.7,69.0
2023-02-24T05:00,28.3,17.2,160.0,1.8,1.6,74.0
2023-02-24T06:00,27.7,16.8,152.0,1.0,1.4,78.0
2023-02-24T07:00,27.2,16.5,148.0,0.8,1.2,78.0
2023-02-24T08:00,26.3,15.9,146.0,0.8,1.0,75.0
2023-02-24T09:00,23.7,14.4,143.0,0.8,0.8,72.0
2023-02-24T10:00,21.1,12.7,142.0,0.8,0.7,70.0
2023-02-24T11:00,19.0,11.4,141.0,0.9,0.6,67.0
2023-02-24T12:00,17.1,10.3,145.0,2.1,0.9,65.0
2023-02-24T13:00,15.5,9.3,143.0,1.9,0.7,64.0
2023-02-24T14:00,14.5,8.7,140.0,1.7,0.5,64.0
2023-02-24T15:00,13.9,8.4,138.0,1.5,0.2,63.0
2023-02-24T16:00,13.2,8.0,138.0,1.5,0.1,63.0
2023-02-24T17:00,12.6,7.6,139.0,1.5,0.2,64.0
2023-02-24T18:00,12.2,7.4,140.0,1.6,0.2,64.0
2023-02-24T19:00,12.0,7.2,140.0,1.5,0.2,64.0
2023-02-24T20:00,12.0,7.2,140.0,1.4,0.3,64.0
2023-02-24T21:00,12.3,7.4,142.0,1.4,0.4,64.0
2023-02-24T22:00,13.2,8.1,146.0,1.8,0.5,63.0
2023-02-24T23:00,14.6,9.1,151.0,2.3,0.7,61.0
2023-02-25T00:00,19.1,12.3,167.0,3.8,1.3,56.0
2023-02-25T01:00,21.2,13.9,175.0,4.1,1.4,55.0
2023-02-25T02:00,21.7,14.2,186.0,4.6,1.4,53.0
2023-02-25T03:00,22.2,14.6,194.0,4.6,1.4,55.0
2023-02-25T04:00,19.3,12.5,187.0,3.7,1.2,62.0
2023-02-25T05:00,19.1,12.4,174.0,2.2,0.9,72.0
2023-02-25T06:00,19.7,12.9,159.0,0.7,0.6,83.0
2023-02-25T07:00,20.4,13.4,154.0,0.2,0.3,85.0
2023-02-25T08:00,20.6,13.5,151.0,0.0,0.1,85.0
2023-02-25T09:00,19.8,12.9,150.0,0.2,0.2,82.0
2023-02-25T10:00,18.7,12.1,153.0,1.1,1.0,79.0
2023-02-25T11:00,17.2,11.0,158.0,2.5,2.2,75.0
2023-02-25T12:00,16.9,10.0,155.0,1.7,1.3,83.0
2023-02-25T13:00,16.6,9.8,156.0,1.9,1.1,83.0
2023-02-25T14:00,16.6,9.7,157.0,2.3,0.9,82.0
2023-02-25T15:00,17.0,10.0,159.0,2.6,0.7,82.0
2023-02-25T16:00,17.3,10.2,159.0,2.7,0.6,82.0
2023-02-25T17:00,17.7,10.4,159.0,2.6,0.6,83.0
2023-02-25T18:00,18.2,10.8,160.0,2.7,0.6,84.0
2023-02-25T19:00,18.7,11.1,161.0,2.8,0.6,84.0
2023-02-25T20:00,19.6,11.7,163.0,2.9,0.7,85.0
2023-02-25T21:00,21.1,12.8,170.0,3.5,0.9,84.0
2023-02-25T22:00,23.8,14.7,180.0,4.5,1.1,81.0
2023-02-25T23:00,26.4,16.6,194.0,5.9,1.4,78.0
2023-02-26T00:00,30.0,19.2,216.0,5.9,1.4,72.0
2023-02-26T01:00,31.1,19.8,222.0,6.3,1.5,72.0
2023-02-26T02:00,33.5,21.4,229.0,6.8,1.6,71.0
2023-02-26T03:00,34.9,22.2,230.0,6.7,1.7,74.0
2023-02-26T04:00,33.6,21.0,216.0,5.2,1.6,82.0
2023-02-26T05:00,31.0,18.7,193.0,3.0,1.4,92.0
2023-02-26T06:00,31.2,18.7,168.0,0.7,1.1,102.0
2023-02-26T07:00,31.0,18.3,159.0,0.1,1.0,102.0
2023-02-26T08:00,31.7,18.6,155.0,0.1,0.9,99.0
2023-02-26T09:00,31.8,18.6,153.0,0.2,0.8,94.0
2023-02-26T10:00,31.5,18.4,153.0,0.2,0.7,92.0
2023-02-26T11:00,31.3,18.2,154.0,0.2,0.7,90.0
2023-02-26T12:00,31.4,18.4,161.0,0.3,0.6,89.0
2023-02-26T13:00,31.3,18.4,165.0,0.6,0.6,89.0
2023-02-26T14:00,31.4,18.5,172.0,1.0,0.6,90.0
2023-02-26T15:00,31.8,18.6,181.0,1.5,0.6,91.0
2023-02-26T16:00,32.1,18.7,188.0,1.8,0.6,92.0
2023-02-26T17:00,32.5,19.0,195.0,2.1,0.7,93.0
2023-02-26T18:00,32.6,19.0,205.0,2.4,0.8,95.0
2023-02-26T19:00,32.9,19.2,212.0,2.6,0.9,96.0
2023-02-26T20:00,33.3,19.6,219.0,2.7,1.0,98.0
2023-02-26T21:00,34.3,20.3,230.0,3.3,1.2,98.0
2023-02-26T22:00,35.6,21.2,241.0,4.2,1.3,96.0
2023-02-26T23:00,37.5,22.6,253.0,5.5,1.5,92.0
2023-02-27T00:00,42.7,26.7,298.0,11.9,3.8,70.0
2023-02-27T01:00,45.5,28.7,311.0,12.9,6.0,67.0
2023-02-27T02:00,48.3,30.9,331.0,14.4,9.2,62.0
2023-02-27T03:00,48.4,31.0,350.0,14.9,12.6,66.0
2023-02-27T04:00,45.9,29.3,353.0,12.9,13.6,85.0
2023-02-27T05:00,44.4,28.5,351.0,9.8,13.8,111.0
2023-02-27T06:00,46.9,30.5,348.0,6.4,13.9,143.0
2023-02-27T07:00,50.4,33.1,351.0,5.7,14.3,158.0
2023-02-27T08:00,51.2,33.5,356.0,5.7,14.7,170.0
2023-02-27T09:00,53.8,35.0,352.0,5.7,14.3,176.0
2023-02-27T10:00,53.2,34.0,335.0,5.2,12.8,171.0
2023-02-27T11:00,49.0,30.6,311.0,4.5,10.5,160.0
2023-02-27T12:00,48.8,30.7,292.0,3.7,7.6,146.0
2023-02-27T13:00,46.8,29.2,281.0,3.2,6.3,137.0
2023-02-27T14:00,45.1,27.8,265.0,2.5,4.5,125.0
2023-02-27T15:00,42.7,26.3,248.0,1.9,2.6,111.0
2023-02-27T16:00,40.9,25.0,244.0,2.1,2.3,105.0
2023-02-27T17:00,40.0,24.4,244.0,2.6,2.4,101.0
2023-02-27T18:00,39.9,24.3,245.0,3.3,2.9,97.0
2023-02-27T19:00,40.3,24.4,246.0,3.7,3.2,95.0
2023-02-27T20:00,40.4,24.5,247.0,4.1,3.6,94.0
2023-02-27T21:00,41.0,24.9,251.0,4.8,4.3,92.0
2023-02-27T22:00,41.6,25.2,256.0,5.5,4.8,89.0
2023-02-27T23:00,41.6,25.2,262.0,6.2,5.4,86.0
2023-02-28T00:00,42.0,25.6,253.0,5.2,4.0,89.0
2023-02-28T01:00,43.5,26.5,256.0,5.2,4.3,89.0
2023-02-28T02:00,45.2,27.6,259.0,5.3,4.8,90.0
2023-02-28T03:00,46.1,28.2,261.0,4.9,5.0,93.0
2023-02-28T04:00,46.6,28.3,256.0,4.0,4.4,99.0
2023-02-28T05:00,49.2,29.7,249.0,2.7,3.4,108.0
2023-02-28T06:00,51.9,31.3,243.0,1.6,2.5,116.0
2023-02-28T07:00,54.7,33.1,246.0,1.8,2.9,116.0
2023-02-28T08:00,57.7,34.9,252.0,2.6,3.7,112.0
2023-02-28T09:00,59.1,35.6,258.0,3.3,4.3,108.0
2023-02-28T10:00,58.8,35.3,258.0,3.2,3.9,106.0
2023-02-28T11:00,58.8,35.3,257.0,2.8,3.1,104.0
2023-02-28T12:00,63.1,38.4,255.0,2.5,2.4,101.0
2023-02-28T13:00,61.5,37.3,255.0,2.3,2.0,100.0
2023-02-28T14:00,60.1,36.4,255.0,2.0,1.4,100.0
2023-02-28T15:00,59.0,35.7,256.0,1.7,0.9,99.0
2023-02-28T16:00,58.1,35.2,259.0,1.8,1.0,99.0
2023-02-28T17:00,57.4,34.6,264.0,2.1,1.4,99.0
2023-02-28T18:00,56.7,34.0,270.0,2.4,1.8,100.0
2023-02-28T19:00,56.1,33.6,273.0,2.5,1.9,101.0
2023-02-28T20:00,55.5,33.4,276.0,2.5,1.8,101.0
2023-02-28T21:00,55.3,33.2,280.0,2.7,1.8,102.0
2023-02-28T22:00,54.9,33.2,285.0,3.0,1.9,102.0
2023-02-28T23:00,55.1,33.3,290.0,3.4,2.0,101.0
2023-03-01T00:00,54.9,33.1,289.0,3.0,1.6,105.0
2023-03-01T01:00,54.0,32.5,293.0,2.8,1.5,107.0
2023-03-01T02:00,53.4,32.1,299.0,2.5,1.4,110.0
2023-03-01T03:00,52.7,31.7,308.0,2.2,1.3,114.0
2023-03-01T04:00,51.9,31.3,315.0,2.1,1.3,115.0
2023-03-01T05:00,51.2,31.1,322.0,2.0,1.4,116.0
2023-03-01T06:00,51.2,31.3,332.0,2.1,1.8,117.0
2023-03-01T07:00,52.0,32.0,341.0,2.6,2.7,119.0
2023-03-01T08:00,53.2,32.8,349.0,3.3,3.8,120.0
2023-03-01T09:00,53.6,33.2,355.0,3.9,4.7,121.0
2023-03-01T10:00,53.0,32.8,351.0,3.7,4.3,119.0
2023-03-01T11:00,51.5,31.8,342.0,3.3,3.4,116.0
2023-03-01T12:00,49.4,30.2,322.0,2.9,2.6,109.0
2023-03-01T13:00,47.4,28.6,312.0,2.5,2.2,107.0
2023-03-01T14:00,45.2,27.1,298.0,2.0,1.6,104.0
2023-03-01T15:00,43.5,26.0,280.0,1.4,1.0,100.0
2023-03-01T16:00,43.3,25.7,269.0,1.3,0.9,99.0
2023-03-01T17:00,43.8,26.0,259.0,1.4,0.9,98.0
2023-03-01T18:00,45.1,26.7,248.0,1.5,1.0,98.0
2023-03-01T19:00,46.1,27.4,241.0,1.5,1.0,99.0
2023-03-01T20:00,46.9,28.0,236.0,1.4,0.9,100.0
2023-03-01T21:00,48.1,28.7,232.0,1.5,1.1,101.0
2023-03-01T22:00,49.1,29.3,233.0,1.9,1.4,101.0
2023-03-01T23:00,49.8,29.7,236.0,2.4,1.8,100.0
2023-03-02T00:00,50.3,29.9,257.0,5.1,5.1,95.0
2023-03-02T01:00,50.6,30.0,260.0,5.2,6.0,96.0
2023-03-02T02:00,51.5,30.6,264.0,5.3,7.2,98.0
2023-03-02T03:00,51.0,30.2,265.0,5.1,8.3,104.0
2023-03-02T04:00,48.9,28.7,259.0,4.2,8.1,114.0
2023-03-02T05:00,48.1,28.2,250.0,3.0,7.4,128.0
2023-03-02T06:00,47.7,28.1,241.0,1.9,6.7,141.0
2023-03-02T07:00,47.0,27.7,240.0,2.2,7.0,144.0
2023-03-02T08:00,48.3,28.6,241.0,3.0,7.7,142.0
2023-03-02T09:00,47.1,27.8,241.0,3.7,8.1,139.0
2023-03-02T10:00,45.2,26.4,235.0,3.5,7.6,136.0
2023-03-02T11:00,43.0,24.7,227.0,2.9,6.6,132.0
2023-03-02T12:00,32.1,18.1,210.0,2.2,4.7,123.0
2023-03-02T13:00,31.9,18.0,214.0,2.7,4.6,122.0
2023-03-02T14:00,32.4,18.3,219.0,3.4,4.5,120.0
2023-03-02T15:00,33.9,19.2,226.0,4.2,4.6,118.0
2023-03-02T16:00,36.3,20.7,230.0,4.5,4.9,118.0
2023-03-02T17:00,38.6,22.1,234.0,4.6,5.3,118.0
2023-03-02T18:00,41.2,23.5,244.0,5.3,6.4,116.0
2023-03-02T19:00,43.8,25.0,256.0,6.4,7.9,112.0
2023-03-02T20:00,46.1,26.5,270.0,8.0,9.7,107.0
2023-03-02T21:00,49.6,29.0,293.0,10.6,12.4,98.0
2023-03-02T22:00,52.4,31.1,314.0,13.3,14.3,90.0
2023-03-02T23:00,55.2,33.3,338.0,16.4,16.3,81.0
2023-03-03T00:00,56.7,34.2,345.0,,13.1,78.0
2023-03-03T01:00,59.5,36.3,371.0,,16.0,74.0
2023-03-03T02:00,62.6,38.5,,,20.2,69.0
2023-03-03T03:00,66.8,41.3,,,24.0,73.0
2023-03-03T04:00,65.2,39.9,,,24.3,95.0
2023-03-03T05:00,61.5,37.3,,16.0,23.2,126.0
2023-03-03T06:00,60.1,36.3,361.0,8.8,20.5,158.0
2023-03-03T07:00,54.5,32.2,328.0,5.7,17.3,166.0
2023-03-03T08:00,51.8,30.4,291.0,3.6,13.2,166.0
2023-03-03T09:00,48.1,27.9,249.0,1.7,8.5,159.0
2023-03-03T10:00,45.8,26.5,227.0,1.2,6.3,148.0
2023-03-03T11:00,42.5,24.3,210.0,1.4,4.8,132.0
2023-03-03T12:00,44.8,25.8,207.0,2.0,4.1,120.0
2023-03-03T13:00,44.1,25.4,207.0,2.2,3.9,116.0
2023-03-03T14:00,44.1,25.5,206.0,2.5,3.7,110.0
2023-03-03T15:00,44.7,25.9,207.0,2.9,3.5,104.0
2023-03-03T16:00,46.0,26.5,209.0,3.0,3.5,102.0
2023-03-03T17:00,47.4,27.3,213.0,3.1,3.6,102.0
2023-03-03T18:00,48.8,28.1,218.0,3.2,3.7,102.0
2023-03-03T19:00,49.2,28.4,221.0,3.2,3.6,101.0
2023-03-03T20:00,49.6,28.6,225.0,3.2,3.5,101.0
2023-03-03T21:00,49.2,28.6,231.0,3.4,3.5,100.0
2023-03-03T22:00,49.7,29.0,237.0,3.8,3.6,99.0
2023-03-03T23:00,50.2,29.5,245.0,4.3,3.8,98.0
2023-03-04T00:00,49.7,29.5,257.0,5.7,4.0,95.0
2023-03-04T01:00,50.1,29.8,270.0,7.7,4.7,92.0
2023-03-04T02:00,51.8,31.1,288.0,10.4,5.7,88.0
2023-03-04T03:00,54.9,33.2,305.0,12.2,6.6,89.0
2023-03-04T04:00,55.3,33.2,306.0,10.5,6.6,100.0
2023-03-04T05:00,54.4,32.7,302.0,7.2,6.2,117.0
2023-03-04T06:00,56.6,34.1,295.0,3.5,5.7,136.0
2023-03-04T07:00,58.3,35.4,293.0,2.4,5.4,146.0
2023-03-04T08:00,58.3,35.5,291.0,1.9,5.2,153.0
2023-03-04T09:00,56.9,34.6,285.0,1.7,4.8,156.0
2023-03-04T10:00,54.2,32.7,276.0,1.8,4.4,149.0
2023-03-04T11:00,52.6,31.7,264.0,2.1,3.8,136.0
2023-03-04T12:00,54.5,32.7,264.0,3.0,4.5,128.0
2023-03-04T13:00,52.3,31.3,260.0,3.2,4.2,121.0
2023-03-04T14:00,49.9,30.0,255.0,3.4,3.7,110.0
2023-03-04T15:00,48.1,28.9,248.0,3.7,3.3,98.0
2023-03-04T16:00,46.3,28.0,245.0,3.9,3.4,94.0
2023-03-04T17:00,44.8,27.1,242.0,4.1,3.6,92.0
2023-03-04T18:00,43.4,26.1,240.0,4.4,3.9,90.0
2023-03-04T19:00,42.4,25.3,236.0,4.3,3.8,89.0
2023-03-04T20:00,41.4,24.7,233.0,4.1,3.6,88.0
2023-03-04T21:00,41.3,24.6,238.0,5.1,4.2,85.0
2023-03-04T22:00,43.0,25.7,256.0,7.6,5.8,79.0
2023-03-04T23:00,45.4,27.5,282.0,11.1,8.0,71.0
2023-03-05T00:00,43.8,26.5,272.0,10.0,6.3,74.0
2023-03-05T01:00,45.1,27.5,280.0,11.8,7.2,74.0
2023-03-05T02:00,47.3,29.1,291.0,14.3,8.4,73.0
2023-03-05T03:00,47.4,28.8,296.0,15.8,9.2,76.0
2023-03-05T04:00,47.1,28.3,286.0,13.8,8.6,83.0
2023-03-05T05:00,47.5,28.5,269.0,10.2,7.3,93.0
2023-03-05T06:00,48.2,28.9,247.0,5.9,5.7,104.0
2023-03-05T07:00,48.3,28.8,235.0,4.2,4.9,107.0
2023-03-05T08:00,47.6,28.3,225.0,3.1,4.2,107.0
2023-03-05T09:00,46.4,27.6,215.0,2.3,3.5,107.0
2023-03-05T10:00,45.3,26.8,212.0,2.1,3.2,106.0
2023-03-05T11:00,43.9,25.9,212.0,2.4,3.1,105.0
2023-03-05T12:00,52.2,31.2,226.0,2.8,3.4,114.0
2023-03-05T13:00,51.2,30.5,229.0,2.9,3.4,111.0
2023-03-05T14:00,49.2,29.1,234.0,2.9,3.3,108.0
2023-03-05T15:00,47.8,28.2,239.0,3.0,3.3,104.0
2023-03-05T16:00,47.1,27.8,242.0,3.0,3.5,103.0
2023-03-05T17:00,46.6,27.4,244.0,3.0,3.7,103.0
2023-03-05T18:00,46.3,27.2,246.0,3.0,4.0,103.0
2023-03-05T19:00,46.1,27.0,247.0,3.0,4.1,103.0
2023-03-05T20:00,45.4,26.7,248.0,2.9,4.2,102.0
2023-03-05T21:00,45.3,26.5,249.0,3.0,4.2,102.0
2023-03-05T22:00,45.1,26.4,250.0,3.1,4.1,102.0
2023-03-05T23:00,44.6,26.1,250.0,3.2,4.0,102.0
2023-03-06T00:00,40.7,23.5,245.0,3.2,3.4,104.0
2023-03-06T01:00,39.5,22.8,246.0,3.7,3.6,104.0
2023-03-06T02:00,38.5,22.4,248.0,4.5,3.8,104.0
2023-03-06T03:00,38.1,21.9,247.0,4.9,4.0,105.0
2023-03-06T04:00,36.9,21.1,241.0,4.3,3.8,107.0
2023-03-06T05:00,37.8,21.8,232.0,3.2,3.4,110.0
2023-03-06T06:00,38.4,22.2,221.0,1.9,3.0,112.0
2023-03-06T07:00,38.4,22.4,214.0,1.4,2.8,112.0
2023-03-06T08:00,37.6,21.9,208.0,1.2,2.6,110.0
2023-03-06T09:00,36.6,21.4,202.0,1.1,2.5,107.0
2023-03-06T10:00,35.6,20.7,199.0,1.4,2.5,104.0
2023-03-06T11:00,35.4,20.4,197.0,1.9,2.5,101.0
2023-03-06T12:00,30.3,17.2,196.0,2.6,2.7,100.0
2023-03-06T13:00,30.9,17.5,199.0,2.9,2.7,98.0
2023-03-06T14:00,31.4,17.8,203.0,3.3,2.7,96.0
2023-03-06T15:00,32.1,18.2,208.0,3.6,2.8,94.0
2023-03-06T16:00,33.1,18.7,209.0,3.4,2.9,94.0
2023-03-06T17:00,34.2,19.4,209.0,3.0,2.9,95.0
2023-03-06T18:00,35.0,19.8,209.0,2.4,3.0,97.0
2023-03-06T19:00,36.3,20.4,208.0,1.9,3.0,99.0
2023-03-06T20:00,37.5,21.1,207.0,1.5,3.0,101.0
2023-03-06T21:00,38.8,21.9,208.0,1.1,3.1,103.0
2023-03-06T22:00,39.9,22.6,210.0,1.0,3.2,104.0
2023-03-06T23:00,41.4,23.7,213.0,1.0,3.4,104.0
2023-03-07T00:00,44.8,25.8,210.0,1.2,2.9,102.0
2023-03-07T01:00,45.3,26.2,213.0,1.8,3.1,101.0
2023-03-07T02:00,45.5,26.4,218.0,2.6,3.4,101.0
2023-03-07T03:00,45.5,26.3,221.0,3.2,3.6,101.0
2023-03-07T04:00,44.0,25.5,219.0,2.8,3.5,104.0
2023-03-07T05:00,44.2,26.0,214.0,2.0,3.4,109.0
2023-03-07T06:00,44.1,26.0,209.0,1.1,3.1,113.0
2023-03-07T07:00,46.1,27.5,209.0,0.9,2.9,114.0
2023-03-07T08:00,46.3,27.7,210.0,0.9,2.6,113.0
2023-03-07T09:00,45.9,27.4,211.0,1.0,2.3,111.0
2023-03-07T10:00,45.2,26.8,212.0,1.3,2.1,108.0
2023-03-07T11:00,44.4,26.3,212.0,1.6,2.0,104.0
2023-03-07T12:00,41.1,24.3,219.0,2.2,1.8,94.0
2023-03-07T13:00,40.9,24.0,221.0,2.2,1.7,93.0
2023-03-07T14:00,39.9,23.3,225.0,2.2,1.7,92.0
2023-03-07T15:00,38.5,22.2,228.0,2.1,1.6,91.0
2023-03-07T16:00,37.1,21.2,228.0,2.0,1.7,91.0
2023-03-07T17:00,35.9,20.4,227.0,1.8,1.8,92.0
2023-03-07T18:00,35.0,19.7,226.0,1.6,1.9,93.0
2023-03-07T19:00,34.7,19.4,225.0,1.5,1.8,93.0
2023-03-07T20:00,34.6,19.3,224.0,1.4,1.7,92.0
2023-03-07T21:00,34.5,19.2,224.0,1.4,1.6,92.0
2023-03-07T22:00,34.5,19.3,225.0,1.4,1.6,92.0
2023-03-07T23:00,34.8,19.5,227.0,1.5,1.6,92.0
2023-03-08T00:00,34.8,20.0,233.0,1.8,2.6,90.0
2023-03-08T01:00,35.6,20.5,239.0,2.4,2.8,90.0
2023-03-08T02:00,36.8,21.3,247.0,3.3,3.1,90.0
2023-03-08T03:00,38.3,22.2,254.0,3.9,3.2,92.0
2023-03-08T04:00,39.6,23.1,254.0,3.3,3.0,96.0
2023-03-08T05:00,41.7,24.5,251.0,2.2,2.6,102.0
2023-03-08T06:00,43.4,25.7,248.0,1.0,2.0,107.0
2023-03-08T07:00,44.8,26.7,247.0,0.7,1.7,107.0
2023-03-08T08:00,45.8,27.4,246.0,0.7,1.3,106.0
2023-03-08T09:00,45.3,27.1,246.0,0.9,1.0,103.0
2023-03-08T10:00,44.9,26.8,247.0,1.2,0.9,101.0
2023-03-08T11:00,43.7,26.1,248.0,1.6,0.9,98.0
2023-03-08T12:00,34.5,20.0,254.0,2.5,1.1,95.0
2023-03-08T13:00,33.8,19.5,255.0,2.8,1.2,93.0
2023-03-08T14:00,32.9,19.0,257.0,3.2,1.4,90.0
2023-03-08T15:00,32.2,18.4,256.0,3.6,1.7,87.0
2023-03-08T16:00,31.3,17.8,252.0,3.5,1.8,86.0
2023-03-08T17:00,30.6,17.2,246.0,3.2,1.9,86.0
2023-03-08T18:00,29.6,16.5,238.0,2.8,2.1,86.0
2023-03-08T19:00,28.7,15.9,232.0,2.5,2.2,85.0
2023-03-08T20:00,28.2,15.7,227.0,2.3,2.3,85.0
2023-03-08T21:00,27.8,15.6,222.0,2.3,2.8,83.0
2023-03-08T22:00,28.1,15.9,222.0,2.7,3.8,81.0
2023-03-08T23:00,28.6,16.5,223.0,3.3,5.2,78.0
2023-03-09T00:00,31.9,18.5,228.0,2.7,3.7,84.0
2023-03-09T01:00,33.1,19.3,232.0,3.9,4.6,83.0
2023-03-09T02:00,34.8,20.5,238.0,5.6,5.9,82.0
2023-03-09T03:00,36.3,21.5,243.0,6.8,7.1,83.0
2023-03-09T04:00,38.3,22.8,243.0,6.0,7.1,89.0
2023-03-09T05:00,41.1,24.6,241.0,4.4,6.6,98.0
2023-03-09T06:00,44.0,26.5,238.0,2.4,5.6,108.0
2023-03-09T07:00,45.6,27.4,238.0,1.6,4.5,110.0
2023-03-09T08:00,46.0,27.6,237.0,1.1,3.2,111.0
2023-03-09T09:00,46.0,27.5,238.0,0.9,1.8,109.0
2023-03-09T10:00,46.6,27.9,239.0,1.1,1.3,106.0
2023-03-09T11:00,46.0,27.5,240.0,1.7,1.2,103.0
2023-03-09T12:00,47.4,28.5,249.0,2.7,1.4,99.0
2023-03-09T13:00,46.4,27.9,248.0,3.2,1.9,96.0
2023-03-09T14:00,45.5,27.2,246.0,3.8,2.7,92.0
2023-03-09T15:00,44.7,26.6,241.0,4.3,3.4,88.0
2023-03-09T16:00,44.0,26.3,232.0,4.0,3.4,87.0
2023-03-09T17:00,44.0,26.1,220.0,3.4,3.2,88.0
2023-03-09T18:00,44.8,26.4,207.0,2.6,2.9,89.0
2023-03-09T19:00,45.9,27.0,201.0,2.1,2.7,91.0
2023-03-09T20:00,46.4,27.4,198.0,1.7,2.5,93.0
2023-03-09T21:00,46.6,27.5,196.0,1.4,2.6,95.0
2023-03-09T22:00,46.4,27.5,197.0,1.5,3.0,95.0
2023-03-09T23:00,46.2,27.4,201.0,1.7,3.7,93.0
2023-03-10T00:00,46.7,27.9,199.0,2.5,5.0,92.0
2023-03-10T01:00,47.5,28.6,205.0,3.7,6.0,91.0
2023-03-10T02:00,48.0,28.9,213.0,5.4,7.3,89.0
2023-03-10T03:00,47.8,28.8,219.0,6.8,8.5,89.0
2023-03-10T04:00,47.0,28.2,215.0,6.2,8.3,92.0
2023-03-10T05:00,46.0,27.5,206.0,4.9,7.5,97.0
2023-03-10T06:00,46.7,27.9,194.0,3.2,6.2,102.0
2023-03-10T07:00,45.9,27.5,187.0,2.4,5.1,103.0
2023-03-10T08:00,44.4,26.4,181.0,1.8,3.9,102.0
2023-03-10T09:00,42.3,25.0,175.0,1.4,2.7,101.0
2023-03-10T10:00,40.3,23.6,174.0,1.4,2.4,101.0
2023-03-10T11:00,39.0,22.6,176.0,1.7,2.4,101.0
2023-03-10T12:00,48.1,28.7,178.0,2.2,2.1,104.0
2023-03-10T13:00,46.3,27.4,181.0,2.6,2.7,103.0
2023-03-10T14:00,45.1,26.5,185.0,3.1,3.5,101.0
2023-03-10T15:00,44.2,26.0,190.0,3.6,4.4,99.0
2023-03-10T16:00,43.8,25.7,192.0,3.5,4.7,99.0
2023-03-10T17:00,43.8,25.7,193.0,3.3,4.7,99.0
2023-03-10T18:00,43.8,25.7,193.0,2.8,4.6,99.0
2023-03-10T19:00,43.8,25.8,192.0,2.3,4.4,100.0
2023-03-10T20:00,44.0,26.0,190.0,1.8,4.0,100.0
2023-03-10T21:00,44.5,26.3,190.0,1.3,3.6,101.0
2023-03-10T22:00,44.8,26.5,192.0,1.2,3.4,101.0
2023-03-10T23:00,45.3,27.0,194.0,1.1,3.3,102.0
2023-03-11T00:00,46.2,27.7,207.0,2.3,3.4,100.0
2023-03-11T01:00,47.7,28.9,220.0,3.8,4.4,97.0
2023-03-11T02:00,50.2,30.6,238.0,5.9,5.7,93.0
2023-03-11T03:00,52.9,32.4,253.0,7.4,6.7,92.0
2023-03-11T04:00,52.3,31.8,248.0,6.2,6.1,99.0
2023-03-11T05:00,52.4,32.0,235.0,3.9,4.8,111.0
2023-03-11T06:00,52.2,31.9,220.0,1.3,3.3,122.0
2023-03-11T07:00,53.9,33.2,215.0,0.7,2.8,123.0
2023-03-11T08:00,53.6,32.9,211.0,0.7,2.4,120.0
2023-03-11T09:00,52.5,32.1,208.0,1.0,2.1,114.0
2023-03-11T10:00,51.1,31.2,206.0,1.3,1.9,110.0
2023-03-11T11:00,49.4,30.0,205.0,1.7,1.8,105.0
2023-03-11T12:00,50.6,30.7,206.0,2.2,1.7,97.0
2023-03-11T13:00,49.0,29.7,207.0,2.2,1.6,96.0
2023-03-11T14:00,47.6,28.9,209.0,2.3,1.5,93.0
2023-03-11T15:00,46.8,28.4,212.0,2.3,1.4,91.0
2023-03-11T16:00,46.3,28.1,213.0,2.2,1.4,90.0
2023-03-11T17:00,45.9,27.7,215.0,2.1,1.4,89.0
2023-03-11T18:00,45.4,27.4,216.0,2.0,1.5,88.0
2023-03-11T19:00,45.2,27.3,215.0,1.8,1.4,87.0
2023-03-11T20:00,44.8,27.1,214.0,1.6,1.4,87.0
2023-03-11T21:00,44.4,27.0,216.0,1.9,1.5,85.0
2023-03-11T22:00,44.2,27.0,221.0,2.7,1.8,83.0
2023-03-11T23:00,44.9,27.6,229.0,4.0,2.2,80.0
2023-03-12T00:00,44.0,27.1,232.0,4.1,2.5,78.0
2023-03-12T01:00,44.9,27.9,249.0,6.1,4.5,75.0
2023-03-12T02:00,46.4,28.9,272.0,9.0,7.3,71.0
2023-03-12T03:00,48.7,30.3,293.0,11.0,9.9,73.0
2023-03-12T04:00,48.5,30.3,291.0,9.4,9.8,87.0
2023-03-12T05:00,48.4,30.0,279.0,6.2,8.6,108.0
2023-03-12T06:00,48.3,29.8,263.0,2.6,6.8,128.0
2023-03-12T07:00,48.2,29.6,254.0,1.6,5.5,130.0
2023-03-12T08:00,47.6,29.2,246.0,1.2,4.1,125.0
2023-03-12T09:00,46.6,28.4,238.0,1.1,2.5,116.0
2023-03-12T10:00,45.2,27.5,236.0,1.2,1.9,109.0
2023-03-12T11:00,44.1,26.8,236.0,1.6,1.5,102.0
2023-03-12T12:00,45.8,27.7,250.0,2.5,1.8,94.0
2023-03-12T13:00,43.0,25.7,252.0,2.5,1.7,92.0
2023-03-12T14:00,42.0,25.0,255.0,2.5,1.5,90.0
2023-03-12T15:00,42.0,24.9,261.0,2.4,1.4,89.0
2023-03-12T16:00,42.6,25.1,268.0,2.3,1.4,90.0
2023-03-12T17:00,43.7,25.6,276.0,2.2,1.5,93.0
2023-03-12T18:00,44.5,26.1,286.0,2.1,1.7,96.0
2023-03-12T19:00,44.6,26.1,292.0,2.1,1.8,98.0
2023-03-12T20:00,44.8,26.3,298.0,2.2,2.0,99.0
2023-03-12T21:00,45.2,26.5,306.0,2.5,2.3,100.0
2023-03-12T22:00,46.0,27.1,312.0,3.0,2.8,100.0
2023-03-12T23:00,46.6,27.5,319.0,3.7,3.4,99.0
2023-03-13T00:00,46.3,27.2,317.0,3.4,2.8,100.0
2023-03-13T01:00,47.1,27.8,324.0,4.2,3.4,100.0
2023-03-13T02:00,48.1,28.5,334.0,5.4,4.4,99.0
2023-03-13T03:00,48.8,29.0,343.0,6.1,5.1,103.0
2023-03-13T04:00,49.5,29.6,343.0,5.2,4.9,113.0
2023-03-13T05:00,51.8,31.2,341.0,3.6,4.3,126.0
2023-03-13T06:00,53.2,32.2,336.0,1.8,3.5,140.0
2023-03-13T07:00,54.2,32.9,333.0,1.3,3.2,143.0
2023-03-13T08:00,54.5,33.1,329.0,1.3,3.0,143.0
2023-03-13T09:00,53.3,32.2,324.0,1.6,2.9,140.0
2023-03-13T10:00,51.5,31.0,321.0,2.3,2.9,135.0
2023-03-13T11:00,49.2,29.5,317.0,3.4,3.0,128.0
2023-03-13T12:00,56.7,33.6,317.0,3.8,3.6,120.0
2023-03-13T13:00,51.6,30.0,314.0,3.7,3.5,116.0
2023-03-13T14:00,47.7,27.3,310.0,3.5,3.5,110.0
2023-03-13T15:00,46.0,26.0,305.0,3.4,3.5,104.0
2023-03-13T16:00,45.2,25.4,303.0,3.5,3.7,102.0
2023-03-13T17:00,44.7,25.0,302.0,3.6,4.0,102.0
2023-03-13T18:00,44.4,24.7,301.0,3.7,4.4,102.0
2023-03-13T19:00,43.8,24.5,300.0,3.6,4.5,101.0
2023-03-13T20:00,43.7,24.5,299.0,3.4,4.6,101.0
2023-03-13T21:00,44.5,25.1,299.0,3.2,4.6,101.0
2023-03-13T22:00,44.9,25.6,299.0,3.1,4.6,102.0
2023-03-13T23:00,45.1,25.7,300.0,3.0,4.7,103.0
2023-03-14T00:00,44.9,25.7,300.0,2.6,3.5,105.0
2023-03-14T01:00,44.2,25.4,303.0,3.4,3.7,106.0
2023-03-14T02:00,44.2,25.3,307.0,4.6,4.0,107.0
2023-03-14T03:00,43.0,24.4,310.0,5.3,4.2,110.0
2023-03-14T04:00,41.4,23.5,308.0,4.6,4.1,116.0
2023-03-14T05:00,43.1,24.7,304.0,3.1,3.9,124.0
2023-03-14T06:00,44.7,25.9,298.0,1.6,3.5,132.0
2023-03-14T07:00,45.1,26.1,294.0,1.2,3.2,133.0
2023-03-14T08:00,44.6,25.7,290.0,1.1,3.0,132.0
2023-03-14T09:00,43.2,24.6,288.0,1.2,2.6,129.0
2023-03-14T10:00,41.2,23.2,289.0,1.5,2.3,125.0
2023-03-14T11:00,39.3,21.8,292.0,2.1,2.1,120.0
2023-03-14T12:00,43.7,24.4,302.0,2.7,2.4,113.0
2023-03-14T13:00,42.1,23.3,306.0,2.3,2.2,112.0
2023-03-14T14:00,41.7,23.1,311.0,1.6,1.8,111.0
2023-03-14T15:00,41.7,22.9,318.0,0.9,1.4,111.0
2023-03-14T16:00,42.0,23.1,322.0,0.6,1.2,112.0
2023-03-14T17:00,42.3,23.3,325.0,0.4,1.1,113.0
2023-03-14T18:00,42.4,23.4,327.0,0.3,1.0,115.0
2023-03-14T19:00,42.3,23.4,326.0,0.2,0.9,115.0
2023-03-14T20:00,42.3,23.5,324.0,0.2,0.9,115.0
2023-03-14T21:00,42.3,23.6,322.0,0.3,0.9,114.0
2023-03-14T22:00,42.3,23.9,323.0,0.4,0.9,113.0
2023-03-14T23:00,43.0,24.6,324.0,0.5,0.9,112.0
2023-03-15T00:00,44.6,26.0,315.0,0.9,1.9,109.0
2023-03-15T01:00,46.3,27.3,323.0,2.2,2.9,107.0
2023-03-15T02:00,48.7,28.8,335.0,4.1,4.3,104.0
2023-03-15T03:00,49.5,29.5,346.0,5.6,5.4,103.0
2023-03-15T04:00,51.2,30.5,348.0,5.0,5.0,106.0
2023-03-15T05:00,53.4,32.1,347.0,3.5,4.0,112.0
2023-03-15T06:00,55.9,34.0,343.0,1.7,2.7,116.0
2023-03-15T07:00,58.1,35.3,337.0,1.1,1.9,113.0
2023-03-15T08:00,57.5,34.8,330.0,0.7,1.1,107.0
2023-03-15T09:00,54.9,33.2,322.0,0.5,0.4,99.0
2023-03-15T10:00,52.0,31.4,320.0,0.6,0.2,94.0
2023-03-15T11:00,49.9,30.0,319.0,0.8,0.3,90.0
2023-03-15T12:00,50.1,30.5,314.0,1.1,0.4,85.0
2023-03-15T13:00,47.8,29.2,314.0,0.9,0.4,83.0
2023-03-15T14:00,46.6,28.4,313.0,0.7,0.4,81.0
2023-03-15T15:00,45.4,27.6,309.0,0.4,0.4,78.0
2023-03-15T16:00,43.5,26.4,302.0,0.3,0.4,77.0
2023-03-15T17:00,41.6,25.0,293.0,0.2,0.3,77.0
2023-03-15T18:00,39.2,23.5,280.0,0.2,0.3,76.0
2023-03-15T19:00,36.9,21.9,271.0,0.2,0.3,75.0
2023-03-15T20:00,34.6,20.5,262.0,0.1,0.3,74.0
2023-03-15T21:00,32.9,19.4,251.0,0.1,0.3,73.0
2023-03-15T22:00,32.0,18.8,244.0,0.1,0.3,72.0
2023-03-15T23:00,31.3,18.4,238.0,0.0,0.3,70.0
2023-03-16T00:00,30.0,17.9,241.0,0.1,0.3,69.0
2023-03-16T01:00,29.8,17.9,240.0,0.3,0.3,69.0
2023-03-16T02:00,29.3,17.5,239.0,0.6,0.4,69.0
2023-03-16T03:00,29.3,17.5,237.0,0.8,0.4,69.0
2023-03-16T04:00,29.5,17.8,236.0,0.7,0.4,70.0
2023-03-16T05:00,30.9,18.7,234.0,0.6,0.4,71.0
2023-03-16T06:00,31.7,19.4,233.0,0.4,0.4,71.0
2023-03-16T07:00,32.5,20.0,232.0,0.5,0.4,70.0
2023-03-16T08:00,33.1,20.3,232.0,0.6,0.4,68.0
2023-03-16T09:00,32.7,20.1,232.0,0.8,0.4,66.0
2023-03-16T10:00,31.9,19.6,232.0,1.0,0.4,65.0
2023-03-16T11:00,31.5,19.4,232.0,1.3,0.4,64.0
2023-03-16T12:00,44.6,27.8,240.0,1.6,0.4,65.0
2023-03-16T13:00,43.3,26.9,240.0,1.3,0.4,65.0
2023-03-16T14:00,42.4,26.2,241.0,0.9,0.4,66.0
2023-03-16T15:00,41.1,25.3,240.0,0.4,0.4,67.0
2023-03-16T16:00,39.7,24.3,238.0,0.3,0.4,67.0
2023-03-16T17:00,38.4,23.5,234.0,0.2,0.3,68.0
2023-03-16T18:00,36.9,22.5,230.0,0.2,0.3,68.0
2023-03-16T19:00,35.7,21.8,227.0,0.2,0.3,68.0
2023-03-16T20:00,34.8,21.3,225.0,0.2,0.3,68.0
2023-03-16T21:00,34.5,21.1,223.0,0.2,0.3,68.0
2023-03-16T22:00,33.6,20.7,222.0,0.2,0.3,68.0
2023-03-16T23:00,33.3,20.5,221.0,0.3,0.4,68.0
2023-03-17T00:00,32.9,20.3,218.0,0.3,0.3,68.0
2023-03-17T01:00,32.0,19.6,217.0,0.6,0.3,69.0
2023-03-17T02:00,30.5,18.7,217.0,1.0,0.2,70.0
2023-03-17T03:00,26.9,16.6,217.0,1.5,0.4,73.0
2023-03-17T04:00,25.8,16.2,220.0,1.7,1.0,76.0
2023-03-17T05:00,25.8,16.4,224.0,1.8,1.9,80.0
2023-03-17T06:00,29.2,18.8,228.0,1.8,2.6,84.0
2023-03-17T07:00,31.2,20.2,229.0,1.7,2.4,85.0
2023-03-17T08:00,30.9,20.0,229.0,1.6,1.9,85.0
2023-03-17T09:00,29.2,18.9,228.0,1.5,1.2,83.0
2023-03-17T10:00,27.1,17.4,228.0,1.8,1.0,80.0
2023-03-17T11:00,25.5,16.2,227.0,2.2,0.8,75.0
2023-03-17T12:00,24.3,15.0,234.0,2.2,0.5,69.0
2023-03-17T13:00,25.1,15.3,234.0,1.9,0.5,69.0
2023-03-17T14:00,26.0,15.7,233.0,1.5,0.5,69.0
2023-03-17T15:00,27.0,16.1,233.0,1.0,0.6,69.0
2023-03-17T16:00,28.3,16.8,233.0,0.8,0.7,70.0
2023-03-17T17:00,30.0,17.7,234.0,0.7,0.7,72.0
2023-03-17T18:00,31.5,18.5,235.0,0.6,0.8,74.0
2023-03-17T19:00,33.1,19.2,236.0,0.5,0.7,75.0
2023-03-17T20:00,33.6,19.5,238.0,0.4,0.6,75.0
2023-03-17T21:00,34.2,19.8,240.0,0.3,0.6,76.0
2023-03-17T22:00,33.8,19.6,242.0,0.2,0.7,77.0
2023-03-17T23:00,33.1,19.2,245.0,0.2,0.9,79.0
2023-03-18T00:00,31.2,18.0,248.0,0.5,0.7,81.0
2023-03-18T01:00,31.2,18.0,250.0,1.1,0.9,81.0
2023-03-18T02:00,31.1,17.9,253.0,2.0,1.1,81.0
2023-03-18T03:00,29.9,17.3,253.0,2.7,1.2,81.0
2023-03-18T04:00,28.5,16.5,246.0,2.4,1.0,82.0
2023-03-18T05:00,28.6,16.6,235.0,1.6,0.8,83.0
2023-03-18T06:00,29.0,17.1,220.0,0.8,0.5,84.0
2023-03-18T07:00,29.2,17.2,211.0,0.7,0.5,82.0
2023-03-18T08:00,29.7,17.5,203.0,0.7,0.6,80.0
2023-03-18T09:00,27.1,15.8,193.0,0.9,0.7,76.0
2023-03-18T10:00,24.6,14.3,186.0,1.1,0.6,73.0
2023-03-18T11:00,23.2,13.4,179.0,1.3,0.5,70.0
2023-03-18T12:00,29.6,17.2,174.0,1.4,0.4,65.0
2023-03-18T13:00,27.8,16.1,173.0,1.4,0.4,64.0
2023-03-18T14:00,26.7,15.5,171.0,1.3,0.5,62.0
2023-03-18T15:00,25.7,14.9,169.0,1.2,0.5,60.0
2023-03-18T16:00,25.1,14.5,168.0,0.9,0.5,60.0
2023-03-18T17:00,24.9,14.3,166.0,0.6,0.4,60.0
2023-03-18T18:00,24.7,14.2,165.0,0.3,0.4,61.0
2023-03-18T19:00,24.5,14.1,163.0,0.0,0.0,62.0
2023-03-18T20:00,24.6,14.1,162.0,0.0,0.0,63.0
2023-03-18T21:00,24.0,13.8,163.0,0.4,0.5,62.0
2023-03-18T22:00,24.0,13.9,168.0,5.6,5.1,56.0
2023-03-18T23:00,24.2,14.3,174.0,12.9,11.6,48.0
2023-03-19T00:00,26.2,15.4,178.0,11.2,13.2,48.0
2023-03-19T01:00,27.3,16.2,187.0,13.4,18.5,44.0
2023-03-19T02:00,28.8,17.3,199.0,16.5,,39.0
2023-03-19T03:00,29.9,18.0,213.0,,,38.0
2023-03-19T04:00,31.4,19.0,219.0,,,44.0
2023-03-19T05:00,35.2,21.4,224.0,14.5,,55.0
2023-03-19T06:00,40.2,24.6,226.0,10.5,,70.0
2023-03-19T07:00,46.0,28.3,223.0,8.1,,83.0
2023-03-19T08:00,45.8,27.9,218.0,5.7,,97.0
2023-03-19T09:00,41.3,24.7,211.0,3.3,16.6,109.0
2023-03-19T10:00,35.5,20.8,206.0,2.5,11.2,107.0
2023-03-19T11:00,30.3,17.3,200.0,2.2,6.4,99.0
2023-03-19T12:00,26.8,14.3,190.0,2.4,3.9,88.0
2023-03-19T13:00,22.7,12.1,189.0,2.2,3.1,83.0
2023-03-19T14:00,20.4,11.1,187.0,2.0,1.9,75.0
2023-03-19T15:00,20.1,11.2,188.0,1.9,0.9,68.0
2023-03-19T16:00,21.2,12.2,193.0,2.2,1.2,68.0
2023-03-19T17:00,24.9,14.8,201.0,2.8,1.9,72.0
2023-03-19T18:00,26.7,15.8,210.0,3.6,3.3,76.0
2023-03-19T19:00,27.1,16.4,214.0,4.2,4.5,78.0
2023-03-19T20:00,23.3,14.3,217.0,4.9,6.0,80.0
2023-03-19T21:00,20.4,12.7,220.0,5.4,7.8,82.0
2023-03-19T22:00,17.6,11.2,222.0,5.2,9.1,85.0
2023-03-19T23:00,15.7,10.2,224.0,4.6,10.2,87.0
2023-03-20T00:00,22.1,14.0,232.0,5.3,13.2,87.0
2023-03-20T01:00,22.4,14.4,231.0,6.0,13.5,86.0
2023-03-20T02:00,21.2,13.6,229.0,7.1,14.0,85.0
2023-03-20T03:00,20.5,13.4,227.0,8.1,14.5,86.0
2023-03-20T04:00,16.1,10.6,227.0,8.3,14.6,88.0
2023-03-20T05:00,14.6,9.7,228.0,8.1,14.6,92.0
2023-03-20T06:00,20.5,13.9,231.0,7.5,14.5,101.0
2023-03-20T07:00,29.0,19.7,237.0,6.6,14.5,114.0
2023-03-20T08:00,33.1,22.4,246.0,5.4,14.5,130.0
2023-03-20T09:00,33.5,22.7,255.0,4.1,13.5,147.0
2023-03-20T10:00,34.5,23.2,258.0,3.5,11.0,153.0
2023-03-20T11:00,34.7,22.9,260.0,3.2,7.6,156.0
2023-03-20T12:00,21.5,13.2,245.0,1.7,1.4,122.0
2023-03-20T13:00,23.3,14.1,246.0,2.5,1.6,118.0
2023-03-20T14:00,24.4,14.7,248.0,3.8,2.1,111.0
2023-03-20T15:00,25.1,15.3,250.0,8.0,5.5,100.0
2023-03-20T16:00,25.8,15.8,253.0,15.3,12.4,88.0
2023-03-20T17:00,26.0,16.2,256.0,,21.6,74.0
2023-03-20T18:00,26.6,16.8,258.0,,,58.0
2023-03-20T19:00,26.2,16.7,257.0,,,51.0
2023-03-20T20:00,25.4,16.2,255.0,,,46.0
2023-03-20T21:00,25.0,15.9,254.0,,,41.0
2023-03-20T22:00,25.4,16.4,256.0,,,37.0
2023-03-20T23:00,27.0,17.5,260.0,,,34.0
2023-03-21T00:00,23.0,14.3,243.0,,22.0,51.0
2023-03-21T01:00,24.6,15.4,249.0,,23.4,51.0
2023-03-21T02:00,25.3,16.0,258.0,16.7,,52.0
2023-03-21T03:00,25.6,16.2,266.0,14.8,,58.0
2023-03-21T04:00,26.8,17.0,265.0,12.2,23.5,71.0
2023-03-21T05:00,30.4,19.3,260.0,8.9,19.3,89.0
2023-03-21T06:00,35.5,22.6,255.0,5.1,13.5,108.0
2023-03-21T07:00,38.4,24.4,253.0,3.4,9.5,115.0
2023-03-21T08:00,37.8,23.9,253.0,2.2,5.3,119.0
2023-03-21T09:00,34.1,21.5,253.0,1.2,1.3,120.0
2023-03-21T10:00,31.2,19.6,254.0,1.1,0.2,116.0
2023-03-21T11:00,29.0,18.2,256.0,1.4,0.3,109.0
2023-03-21T12:00,32.6,20.1,257.0,2.8,0.9,105.0
2023-03-21T13:00,30.2,18.3,260.0,2.5,0.9,101.0
2023-03-21T14:00,28.6,17.5,265.0,2.0,0.8,94.0
2023-03-21T15:00,28.8,17.6,266.0,1.5,0.7,87.0
2023-03-21T16:00,29.8,18.1,261.0,1.2,0.6,84.0
2023-03-21T17:00,30.6,18.3,252.0,0.9,0.5,83.0
2023-03-21T18:00,29.0,17.0,238.0,0.7,0.5,81.0
2023-03-21T19:00,26.4,15.2,224.0,0.7,0.3,78.0
2023-03-21T20:00,24.1,13.7,207.0,0.8,0.1,76.0
2023-03-21T21:00,22.3,12.7,193.0,1.3,0.9,72.0
2023-03-21T22:00,22.4,12.9,193.0,2.2,2.7,69.0
2023-03-21T23:00,22.5,13.2,198.0,3.5,5.2,67.0
2023-03-22T00:00,22.5,13.4,195.0,5.0,6.9,63.0
2023-03-22T01:00,21.9,13.4,205.0,5.7,9.2,64.0
2023-03-22T02:00,21.5,13.4,220.0,6.7,12.5,67.0
2023-03-22T03:00,22.2,14.2,239.0,7.5,16.3,74.0
2023-03-22T04:00,25.2,16.5,250.0,7.2,18.0,85.0
2023-03-22T05:00,31.0,20.5,260.0,6.4,19.3,99.0
2023-03-22T06:00,36.0,24.1,271.0,5.3,19.7,119.0
2023-03-22T07:00,39.2,26.4,279.0,4.4,18.9,135.0
2023-03-22T08:00,43.4,29.3,285.0,3.5,17.4,151.0
2023-03-22T09:00,46.2,31.1,289.0,2.6,14.4,164.0
2023-03-22T10:00,47.1,31.5,287.0,2.6,11.2,161.0
2023-03-22T11:00,43.8,29.0,281.0,3.0,7.2,151.0
2023-03-22T12:00,52.9,35.0,276.0,4.4,5.9,140.0
2023-03-22T13:00,43.2,28.1,264.0,3.6,4.7,130.0
2023-03-22T14:00,34.8,21.9,246.0,2.5,3.1,117.0
2023-03-22T15:00,28.5,17.5,222.0,1.3,1.3,99.0
2023-03-22T16:00,24.2,14.5,207.0,0.8,0.8,89.0
2023-03-22T17:00,21.6,12.7,193.0,0.6,0.6,80.0
2023-03-22T18:00,20.2,11.8,175.0,0.4,0.5,70.0
2023-03-22T19:00,18.8,10.9,162.0,0.3,0.3,63.0
2023-03-22T20:00,18.0,10.3,151.0,0.2,0.1,57.0
2023-03-22T21:00,17.6,10.0,141.0,0.3,0.3,52.0
2023-03-22T22:00,17.9,10.1,140.0,0.6,0.7,51.0
2023-03-22T23:00,18.5,10.4,144.0,1.1,1.3,52.0
2023-03-23T00:00,17.2,9.7,137.0,0.8,1.0,47.0
2023-03-23T01:00,17.3,10.0,144.0,1.9,2.3,49.0
2023-03-23T02:00,17.1,10.0,155.0,3.3,4.1,53.0
2023-03-23T03:00,17.6,10.4,168.0,4.8,6.1,58.0
2023-03-23T04:00,19.7,12.0,177.0,5.0,7.0,63.0
2023-03-23T05:00,24.0,15.0,185.0,4.8,7.7,68.0
2023-03-23T06:00,28.9,18.3,191.0,4.2,7.5,73.0
2023-03-23T07:00,31.0,19.7,188.0,3.3,5.9,75.0
2023-03-23T08:00,28.7,18.1,181.0,2.1,3.6,77.0
2023-03-23T09:00,23.7,14.8,173.0,1.0,1.0,77.0
2023-03-23T10:00,20.4,12.6,173.0,1.0,0.4,75.0
2023-03-23T11:00,18.8,11.4,174.0,1.5,0.3,71.0
2023-03-23T12:00,27.8,16.7,201.0,2.9,0.8,90.0
2023-03-23T13:00,27.3,16.1,205.0,2.5,0.7,89.0
2023-03-23T14:00,27.1,15.8,211.0,1.9,0.6,87.0
2023-03-23T15:00,26.6,15.4,216.0,1.8,0.6,84.0
2023-03-23T16:00,26.5,15.3,215.0,2.7,0.6,82.0
2023-03-23T17:00,26.8,15.4,212.0,4.1,0.7,80.0
2023-03-23T18:00,27.0,15.5,209.0,6.3,1.7,77.0
2023-03-23T19:00,27.3,15.8,210.0,8.5,3.6,75.0
2023-03-23T20:00,28.1,16.3,213.0,11.0,6.2,72.0
2023-03-23T21:00,28.4,16.5,218.0,13.3,10.1,69.0
2023-03-23T22:00,28.3,16.5,221.0,13.4,13.3,66.0
2023-03-23T23:00,28.1,16.6,225.0,12.7,16.7,63.0
2023-03-24T00:00,29.5,17.9,230.0,11.0,20.5,60.0
2023-03-24T01:00,31.3,19.3,238.0,11.3,24.8,60.0
2023-03-24T02:00,31.8,19.8,249.0,11.8,,61.0
2023-03-24T03:00,32.8,20.7,262.0,11.8,,69.0
2023-03-24T04:00,36.8,23.5,267.0,11.0,,84.0
2023-03-24T05:00,42.8,27.5,269.0,9.7,,105.0
2023-03-24T06:00,50.5,32.5,273.0,7.8,,131.0
2023-03-24T07:00,53.8,34.6,278.0,6.1,,149.0
2023-03-24T08:00,57.0,36.7,285.0,4.3,21.3,167.0
2023-03-24T09:00,57.4,36.7,291.0,2.5,13.6,
2023-03-24T10:00,55.8,35.5,294.0,2.3,9.1,173.0
2023-03-24T11:00,48.8,30.9,296.0,2.6,5.2,159.0
2023-03-24T12:00,65.4,41.7,303.0,3.7,3.1,153.0
2023-03-24T13:00,58.6,37.3,298.0,3.2,2.5,143.0
2023-03-24T14:00,53.2,33.8,290.0,2.4,1.5,129.0
2023-03-24T15:00,48.5,30.7,276.0,1.5,0.6,112.0
2023-03-24T16:00,44.5,27.9,260.0,1.1,0.4,103.0
2023-03-24T17:00,40.7,25.4,240.0,0.8,0.4,96.0
2023-03-24T18:00,37.0,22.8,216.0,0.6,0.5,87.0
2023-03-24T19:00,33.4,20.2,200.0,0.6,0.4,80.0
2023-03-24T20:00,30.5,18.0,186.0,0.8,0.4,74.0
2023-03-24T21:00,28.3,16.6,172.0,1.2,0.7,67.0
2023-03-24T22:00,26.8,15.5,168.0,1.6,1.2,63.0
2023-03-24T23:00,26.7,15.4,169.0,2.2,1.9,61.0
2023-03-25T00:00,28.8,16.9,178.0,5.1,7.3,60.0
2023-03-25T01:00,27.8,16.5,185.0,5.9,9.0,59.0
2023-03-25T02:00,27.0,16.2,194.0,7.1,11.3,59.0
2023-03-25T03:00,25.9,15.7,205.0,7.8,13.2,61.0
2023-03-25T04:00,27.0,16.6,209.0,7.0,12.7,68.0
2023-03-25T05:00,29.7,18.5,210.0,5.6,11.2,78.0
2023-03-25T06:00,32.8,20.7,211.0,3.8,8.8,90.0
2023-03-25T07:00,34.8,22.0,212.0,2.9,6.7,96.0
2023-03-25T08:00,35.3,22.3,212.0,2.2,4.4,100.0
2023-03-25T09:00,34.0,21.5,209.0,1.6,1.9,101.0
2023-03-25T10:00,31.2,19.6,203.0,1.6,1.0,94.0
2023-03-25T11:00,27.7,17.2,195.0,2.0,0.7,83.0
2023-03-25T12:00,33.9,20.7,204.0,2.9,0.8,93.0
2023-03-25T13:00,31.5,19.0,202.0,2.5,0.8,89.0
2023-03-25T14:00,29.5,17.6,198.0,2.0,0.7,82.0
2023-03-25T15:00,27.5,16.4,192.0,1.4,0.6,74.0
2023-03-25T16:00,25.7,15.3,185.0,1.1,0.5,69.0
2023-03-25T17:00,23.6,13.9,177.0,0.9,0.5,63.0
2023-03-25T18:00,21.7,12.7,166.0,0.7,0.4,57.0
2023-03-25T19:00,20.4,11.9,158.0,0.5,0.4,53.0
2023-03-25T20:00,19.8,11.4,149.0,0.3,0.3,50.0
2023-03-25T21:00,19.1,11.0,140.0,0.2,0.3,46.0
2023-03-25T22:00,18.9,10.8,136.0,0.1,0.3,43.0
2023-03-25T23:00,18.1,10.4,134.0,0.1,0.3,41.0
2023-03-26T00:00,17.3,10.0,135.0,0.3,0.4,39.0
2023-03-26T01:00,16.8,9.8,138.0,0.7,0.5,38.0
2023-03-26T02:00,16.6,9.7,142.0,1.4,0.5,38.0
2023-03-26T03:00,17.6,10.3,146.0,1.9,0.6,38.0
2023-03-26T04:00,18.5,11.0,147.0,1.7,0.6,41.0
2023-03-26T05:00,20.7,12.5,147.0,1.3,0.6,45.0
2023-03-26T06:00,22.3,13.5,146.0,0.8,0.6,49.0
2023-03-26T07:00,22.9,14.0,144.0,0.6,0.6,49.0
2023-03-26T08:00,22.5,13.7,142.0,0.6,0.6,48.0
2023-03-26T09:00,21.2,12.9,139.0,0.6,0.6,46.0
2023-03-26T10:00,19.8,12.0,138.0,0.8,0.5,44.0
2023-03-26T11:00,18.2,10.9,138.0,1.0,0.5,41.0
2023-03-26T12:00,19.0,11.3,142.0,1.4,0.4,39.0
2023-03-26T13:00,18.7,11.0,145.0,1.4,0.4,37.0
2023-03-26T14:00,18.9,11.1,149.0,1.5,0.4,35.0
2023-03-26T15:00,19.0,11.2,152.0,1.6,0.4,33.0
2023-03-26T16:00,19.2,11.3,152.0,1.7,0.4,33.0
2023-03-26T17:00,19.3,11.3,150.0,1.7,0.3,33.0
2023-03-26T18:00,19.6,11.4,148.0,2.1,0.4,33.0
2023-03-26T19:00,20.0,11.7,146.0,2.5,0.3,33.0
2023-03-26T20:00,20.5,12.0,144.0,3.1,0.2,34.0
2023-03-26T21:00,21.1,12.4,143.0,5.0,1.5,33.0
2023-03-26T22:00,21.7,12.8,145.0,8.2,4.1,30.0
2023-03-26T23:00,21.8,13.0,149.0,12.4,7.8,26.0
2023-03-27T00:00,21.2,12.9,149.0,16.0,13.3,22.0
2023-03-27T01:00,21.8,13.5,159.0,15.8,19.9,22.0
2023-03-27T02:00,23.1,14.4,174.0,15.6,,22.0
2023-03-27T03:00,24.7,15.5,190.0,14.8,,26.0
2023-03-27T04:00,27.8,17.5,196.0,13.8,,34.0
2023-03-27T05:00,33.5,21.2,199.0,12.6,,45.0
2023-03-27T06:00,39.1,24.7,198.0,10.4,,59.0
2023-03-27T07:00,45.3,28.6,190.0,8.1,,70.0
2023-03-27T08:00,45.6,28.4,178.0,5.5,23.1,80.0
2023-03-27T09:00,41.0,25.0,163.0,2.7,10.4,88.0
2023-03-27T10:00,34.1,20.3,155.0,1.9,5.6,84.0
2023-03-27T11:00,29.6,17.2,147.0,1.7,3.0,75.0
2023-03-27T12:00,19.8,10.9,145.0,3.3,2.1,65.0
2023-03-27T13:00,19.2,10.4,144.0,2.7,1.8,62.0
2023-03-27T14:00,18.9,10.2,141.0,1.9,1.4,57.0
2023-03-27T15:00,19.2,10.4,138.0,1.0,1.0,51.0
2023-03-27T16:00,19.1,10.4,135.0,0.7,0.8,49.0
2023-03-27T17:00,19.4,10.6,132.0,0.6,0.7,47.0
2023-03-27T18:00,19.9,10.8,128.0,0.5,0.6,46.0
2023-03-27T19:00,20.5,11.1,125.0,0.4,0.5,46.0
2023-03-27T20:00,21.5,11.6,123.0,0.3,0.4,46.0
2023-03-27T21:00,21.9,12.0,121.0,0.3,0.4,47.0
2023-03-27T22:00,22.3,12.3,120.0,0.2,0.3,47.0
2023-03-27T23:00,22.5,12.5,120.0,0.2,0.2,48.0
2023-03-28T00:00,22.4,12.6,124.0,1.4,1.9,46.0
2023-03-28T01:00,22.2,12.6,129.0,2.4,3.2,46.0
2023-03-28T02:00,22.9,13.1,137.0,3.8,5.1,46.0
2023-03-28T03:00,24.1,13.9,145.0,5.0,6.9,48.0
2023-03-28T04:00,26.2,15.4,148.0,4.6,7.1,53.0
2023-03-28T05:00,29.6,17.7,149.0,3.7,6.7,59.0
2023-03-28T06:00,33.3,20.0,148.0,2.4,5.6,66.0
2023-03-28T07:00,35.2,21.2,145.0,1.8,4.3,68.0
2023-03-28T08:00,33.6,20.0,140.0,1.3,2.6,68.0
2023-03-28T09:00,30.4,17.6,134.0,0.8,0.9,66.0
2023-03-28T10:00,27.7,15.8,131.0,0.7,0.5,64.0
2023-03-28T11:00,25.6,14.4,129.0,0.8,0.4,60.0
2023-03-28T12:00,23.6,13.0,131.0,1.1,0.5,55.0
2023-03-28T13:00,23.5,12.9,132.0,1.0,0.5,54.0
2023-03-28T14:00,24.2,13.1,134.0,0.9,0.5,54.0
2023-03-28T15:00,25.1,13.6,135.0,0.8,0.5,53.0
2023-03-28T16:00,25.8,14.0,135.0,0.9,0.5,53.0
2023-03-28T17:00,26.4,14.3,135.0,1.1,0.4,54.0
2023-03-28T18:00,26.5,14.3,134.0,1.2,0.4,55.0
2023-03-28T19:00,26.9,14.5,132.0,1.0,0.4,56.0
2023-03-28T20:00,27.2,14.6,130.0,0.8,0.4,58.0
2023-03-28T21:00,27.4,14.8,128.0,0.5,0.4,60.0
2023-03-28T22:00,27.5,14.9,127.0,0.5,0.5,61.0
2023-03-28T23:00,27.6,15.0,127.0,0.5,0.6,62.0
2023-03-29T00:00,28.5,15.5,126.0,0.3,0.4,63.0
2023-03-29T01:00,28.8,15.7,129.0,0.9,0.9,63.0
2023-03-29T02:00,28.8,15.8,134.0,1.7,1.5,63.0
2023-03-29T03:00,29.2,16.1,139.0,2.4,2.2,65.0
2023-03-29T04:00,30.9,17.2,141.0,2.2,2.4,69.0
2023-03-29T05:00,33.2,18.8,141.0,1.7,2.4,74.0
2023-03-29T06:00,34.6,19.6,141.0,1.1,2.2,79.0
2023-03-29T07:00,36.3,20.9,140.0,0.9,1.8,79.0
2023-03-29T08:00,34.7,19.8,138.0,0.7,1.3,78.0
2023-03-29T09:00,31.8,18.0,135.0,0.6,0.7,75.0
2023-03-29T10:00,29.2,16.5,133.0,0.7,0.5,72.0
2023-03-29T11:00,26.8,15.0,132.0,0.8,0.4,69.0
2023-03-29T12:00,26.3,14.8,134.0,1.7,0.4,63.0
2023-03-29T13:00,25.7,14.5,133.0,1.6,0.4,62.0
2023-03-29T14:00,25.2,14.2,133.0,1.3,0.4,60.0
2023-03-29T15:00,24.4,13.7,130.0,1.1,0.4,58.0
2023-03-29T16:00,23.6,13.2,126.0,1.0,0.4,57.0
2023-03-29T17:00,22.7,12.6,121.0,0.9,0.3,56.0
2023-03-29T18:00,21.9,12.1,114.0,0.8,0.3,55.0
2023-03-29T19:00,21.5,11.8,110.0,0.7,0.3,55.0
2023-03-29T20:00,21.4,11.7,106.0,0.5,0.3,55.0
2023-03-29T21:00,21.4,11.7,102.0,0.3,0.3,56.0
2023-03-29T22:00,21.1,11.6,99.0,0.2,0.3,56.0
2023-03-29T23:00,21.0,11.5,97.0,0.1,0.3,57.0
2023-03-30T00:00,20.7,11.5,98.0,0.5,0.4,56.0
2023-03-30T01:00,21.0,11.6,99.0,0.7,0.4,57.0
2023-03-30T02:00,21.0,11.6,99.0,1.0,0.5,57.0
2023-03-30T03:00,21.1,11.7,100.0,1.2,0.5,59.0
2023-03-30T04:00,21.9,12.3,100.0,1.1,0.5,61.0
2023-03-30T05:00,22.3,12.6,100.0,0.8,0.4,64.0
2023-03-30T06:00,23.1,13.1,100.0,0.5,0.4,66.0
2023-03-30T07:00,24.1,13.9,99.0,0.4,0.4,66.0
2023-03-30T08:00,23.3,13.4,98.0,0.4,0.4,64.0
2023-03-30T09:00,21.5,12.3,96.0,0.4,0.4,62.0
2023-03-30T10:00,19.8,11.3,95.0,0.5,0.4,61.0
2023-03-30T11:00,18.7,10.5,94.0,0.7,0.4,59.0
2023-03-30T12:00,15.5,8.6,97.0,0.9,0.4,57.0
2023-03-30T13:00,15.1,8.3,98.0,0.9,0.4,56.0
2023-03-30T14:00,15.3,8.4,100.0,0.9,0.4,54.0
2023-03-30T15:00,15.5,8.4,101.0,0.9,0.4,52.0
2023-03-30T16:00,15.6,8.5,101.0,0.8,0.4,51.0
2023-03-30T17:00,15.5,8.5,100.0,0.7,0.3,50.0
2023-03-30T18:00,15.5,8.5,98.0,0.6,0.3,49.0
2023-03-30T19:00,15.6,8.5,97.0,0.4,0.2,49.0
2023-03-30T20:00,15.9,8.7,95.0,0.1,0.0,49.0
2023-03-30T21:00,16.5,9.1,95.0,0.7,0.5,49.0
2023-03-30T22:00,16.9,9.4,96.0,2.5,1.4,47.0
2023-03-30T23:00,17.6,9.8,97.0,5.1,2.6,45.0
2023-03-31T00:00,18.5,10.9,128.0,,24.4,25.0
2023-03-31T01:00,19.5,11.7,133.0,,,27.0
2023-03-31T02:00,19.9,12.0,140.0,,,30.0
2023-03-31T03:00,20.5,12.4,148.0,14.1,,38.0
2023-03-31T04:00,22.2,13.5,150.0,11.4,,49.0
2023-03-31T05:00,25.9,15.9,150.0,8.9,,63.0
2023-03-31T06:00,30.9,19.2,150.0,6.0,19.8,79.0
2023-03-31T07:00,34.0,21.2,151.0,4.1,14.4,88.0
2023-03-31T08:00,34.5,21.4,152.0,2.5,8.7,96.0
2023-03-31T09:00,31.3,19.2,152.0,1.0,3.0,101.0
2023-03-31T10:00,27.5,16.5,151.0,0.7,1.2,97.0
2023-03-31T11:00,25.2,14.9,149.0,0.9,0.8,88.0
2023-03-31T12:00,24.8,14.6,155.0,1.5,0.9,79.0
2023-03-31T13:00,24.2,14.0,153.0,1.4,0.9,75.0
2023-03-31T14:00,24.1,13.8,151.0,1.2,0.9,70.0
2023-03-31T15:00,24.0,13.7,145.0,1.0,0.8,64.0
2023-03-31T16:00,23.3,13.2,138.0,0.8,0.7,61.0
2023-03-31T17:00,22.9,12.9,130.0,0.7,0.6,59.0
2023-03-31T18:00,22.8,12.7,120.0,0.5,0.4,56.0
2023-03-31T19:00,22.8,12.7,115.0,0.3,0.2,54.0
2023-03-31T20:00,22.7,12.6,111.0,0.1,0.1,53.0
2023-03-31T21:00,22.7,12.6,108.0,0.3,0.3,51.0
2023-03-31T22:00,22.8,12.6,108.0,0.9,0.7,49.0
2023-03-31T23:00,22.4,12.5,110.0,1.8,1.3,48.0
2023-04-01T00:00,22.1,12.6,120.0,3.5,4.6,47.0
2023-04-01T01:00,22.9,13.2,126.0,4.4,6.1,46.0
2023-04-01T02:00,23.4,13.6,134.0,5.6,8.2,45.0
2023-04-01T03:00,23.9,14.0,141.0,6.3,9.6,45.0
2023-04-01T04:00,23.9,14.0,138.0,5.4,8.5,48.0
2023-04-01T05:00,24.9,14.6,132.0,3.7,6.3,51.0
2023-04-01T06:00,26.4,15.7,124.0,1.8,3.6,55.0
2023-04-01T07:00,26.8,15.9,121.0,1.1,2.4,55.0
2023-04-01T08:00,25.2,14.8,118.0,0.8,1.5,54.0
2023-04-01T09:00,22.6,13.2,116.0,0.6,0.7,52.0
2023-04-01T10:00,20.2,11.6,116.0,0.6,0.4,50.0
2023-04-01T11:00,18.5,10.4,116.0,0.8,0.4,47.0
2023-04-01T12:00,20.4,11.6,117.0,0.9,0.4,41.0
2023-04-01T13:00,19.5,11.0,120.0,1.0,0.4,40.0
2023-04-01T14:00,18.7,10.6,124.0,1.0,0.4,39.0
2023-04-01T15:00,18.2,10.3,128.0,1.2,0.4,37.0
2023-04-01T16:00,18.0,10.2,129.0,1.4,0.4,36.0
2023-04-01T17:00,18.0,10.2,128.0,1.6,0.3,35.0
2023-04-01T18:00,18.3,10.3,126.0,1.8,0.3,35.0
2023-04-01T19:00,18.4,10.4,124.0,1.8,0.3,35.0
2023-04-01T20:00,18.3,10.3,121.0,1.8,0.3,36.0
2023-04-01T21:00,18.3,10.3,119.0,1.8,0.6,36.0
2023-04-01T22:00,18.6,10.5,118.0,2.0,1.2,35.0
2023-04-01T23:00,18.9,10.7,118.0,2.2,2.1,34.0
2023-04-02T00:00,17.0,9.9,130.0,6.1,6.6,31.0
2023-04-02T01:00,18.0,10.7,146.0,6.6,7.4,35.0
2023-04-02T02:00,20.5,12.3,169.0,7.4,8.6,40.0
2023-04-02T03:00,24.0,14.8,199.0,7.7,9.9,55.0
2023-04-02T04:00,28.9,18.2,217.0,6.8,10.4,76.0
2023-04-02T05:00,35.9,22.9,235.0,5.3,10.6,102.0
2023-04-02T06:00,43.5,28.1,251.0,3.5,10.1,132.0
2023-04-02T07:00,49.1,31.7,256.0,2.7,8.6,147.0
2023-04-02T08:00,52.2,33.4,256.0,2.2,6.5,157.0
2023-04-02T09:00,50.5,31.8,253.0,1.8,4.1,164.0
2023-04-02T10:00,48.3,29.8,250.0,1.7,3.1,162.0
2023-04-02T11:00,44.9,27.1,246.0,1.7,2.4,154.0
2023-04-02T12:00,42.5,25.5,238.0,2.7,2.1,139.0
2023-04-02T13:00,40.3,23.7,237.0,2.7,1.9,133.0
2023-04-02T14:00,38.3,22.4,235.0,2.6,1.6,125.0
2023-04-02T15:00,36.4,21.2,232.0,2.7,1.3,115.0
2023-04-02T16:00,34.9,20.3,228.0,3.0,1.1,109.0
2023-04-02T17:00,33.9,19.7,224.0,3.5,0.9,105.0
2023-04-02T18:00,33.4,19.4,216.0,3.9,0.9,99.0
2023-04-02T19:00,32.7,18.9,209.0,3.8,1.1,95.0
2023-04-02T20:00,32.5,18.7,200.0,3.6,1.5,92.0
2023-04-02T21:00,31.8,18.3,190.0,3.3,2.2,88.0
2023-04-02T22:00,31.3,17.9,183.0,3.2,3.0,84.0
2023-04-02T23:00,31.0,17.8,178.0,3.1,4.0,81.0
2023-04-03T00:00,28.5,16.6,172.0,3.3,4.8,74.0
2023-04-03T01:00,28.4,16.6,179.0,4.0,5.9,74.0
2023-04-03T02:00,27.5,16.4,189.0,5.0,7.5,73.0
2023-04-03T03:00,28.1,17.2,201.0,5.7,8.9,78.0
2023-04-03T04:00,31.1,19.5,208.0,5.0,8.9,90.0
2023-04-03T05:00,35.5,22.6,214.0,3.8,8.4,106.0
2023-04-03T06:00,39.6,25.3,219.0,2.3,7.2,123.0
2023-04-03T07:00,42.0,26.8,219.0,1.8,5.7,127.0
2023-04-03T08:00,41.3,26.3,216.0,1.4,3.9,127.0
2023-04-03T09:00,38.8,24.5,211.0,1.2,1.9,124.0
2023-04-03T10:00,36.0,22.6,209.0,1.1,1.2,120.0
2023-04-03T11:00,33.2,20.7,206.0,1.2,0.9,114.0
2023-04-03T12:00,17.8,10.4,183.0,1.6,0.6,91.0
2023-04-03T13:00,15.4,8.7,177.0,1.6,0.6,85.0
2023-04-03T14:00,13.8,7.6,169.0,1.6,0.5,76.0
2023-04-03T15:00,13.3,7.1,156.0,1.5,0.5,66.0
2023-04-03T16:00,13.0,6.9,145.0,1.4,0.5,61.0
2023-04-03T17:00,13.3,7.0,133.0,1.3,0.4,57.0
2023-04-03T18:00,13.8,7.1,119.0,1.2,0.4,53.0
2023-04-03T19:00,14.3,7.4,112.0,1.1,0.4,52.0
2023-04-03T20:00,15.5,8.1,107.0,1.0,0.3,51.0
2023-04-03T21:00,16.4,8.6,104.0,1.0,0.6,51.0
2023-04-03T22:00,17.3,9.2,103.0,1.2,1.1,50.0
2023-04-03T23:00,18.5,10.0,104.0,1.5,1.9,50.0
2023-04-04T00:00,17.1,9.3,108.0,1.5,1.7,48.0
2023-04-04T01:00,18.2,10.1,118.0,3.4,5.9,47.0
2023-04-04T02:00,19.6,11.2,131.0,6.0,12.0,45.0
2023-04-04T03:00,20.7,12.2,149.0,8.5,18.4,48.0
2023-04-04T04:00,24.4,14.8,161.0,8.6,20.7,58.0
2023-04-04T05:00,29.5,18.4,172.0,7.9,21.7,73.0
2023-04-04T06:00,34.3,21.8,182.0,6.4,20.6,92.0
2023-04-04T07:00,37.3,23.6,184.0,5.0,16.9,104.0
2023-04-04T08:00,38.4,24.2,183.0,3.2,11.3,116.0
2023-04-04T09:00,38.3,23.8,180.0,1.5,5.0,123.0
2023-04-04T10:00,35.2,21.5,176.0,1.3,2.8,117.0
2023-04-04T11:00,31.2,18.9,171.0,1.6,1.6,105.0
2023-04-04T12:00,28.3,17.1,171.0,2.5,0.9,93.0
2023-04-04T13:00,26.5,15.8,172.0,2.0,0.8,90.0
2023-04-04T14:00,26.8,15.8,174.0,1.3,0.6,86.0
2023-04-04T15:00,27.7,16.4,178.0,0.9,0.5,82.0
2023-04-04T16:00,28.5,17.0,182.0,1.5,0.7,81.0
2023-04-04T17:00,29.0,17.3,188.0,2.6,0.9,82.0
2023-04-04T18:00,28.8,17.2,192.0,3.9,1.5,82.0
2023-04-04T19:00,28.1,16.9,191.0,4.5,1.9,80.0
2023-04-04T20:00,27.6,16.5,189.0,5.0,2.3,78.0
2023-04-04T21:00,26.9,16.1,186.0,5.7,3.7,75.0
2023-04-04T22:00,26.4,15.8,186.0,6.6,6.1,72.0
2023-04-04T23:00,25.8,15.6,188.0,7.7,9.2,69.0
2023-04-05T00:00,25.7,15.6,187.0,8.9,9.7,64.0
2023-04-05T01:00,25.8,15.8,191.0,8.8,11.0,65.0
2023-04-05T02:00,25.3,15.4,196.0,8.6,12.7,65.0
2023-04-05T03:00,25.8,15.8,200.0,7.7,13.4,69.0
2023-04-05T04:00,27.8,17.1,198.0,6.1,11.3,77.0
2023-04-05T05:00,30.7,19.1,193.0,3.9,7.7,86.0
2023-04-05T06:00,32.9,20.6,183.0,1.6,3.7,94.0
2023-04-05T07:00,31.7,19.7,172.0,1.0,2.3,91.0
2023-04-05T08:00,28.8,17.7,159.0,0.8,1.5,83.0
2023-04-05T09:00,26.3,15.8,144.0,0.9,0.9,72.0
2023-04-05T10:00,23.8,14.1,136.0,1.0,0.6,66.0
2023-04-05T11:00,21.5,12.5,130.0,1.2,0.5,61.0
2023-04-05T12:00,12.2,6.6,125.0,1.4,0.4,50.0
2023-04-05T13:00,12.5,6.7,124.0,1.1,0.4,49.0
2023-04-05T14:00,12.6,6.8,123.0,0.8,0.4,47.0
2023-04-05T15:00,12.6,6.7,122.0,0.4,0.4,46.0
2023-04-05T16:00,12.5,6.6,121.0,0.3,0.4,46.0
2023-04-05T17:00,12.7,6.7,119.0,0.3,0.3,46.0
2023-04-05T18:00,12.8,6.7,117.0,0.3,0.3,47.0
2023-04-05T19:00,12.8,6.7,116.0,0.3,0.3,47.0
2023-04-05T20:00,12.9,6.8,114.0,0.3,0.3,47.0
2023-04-05T21:00,12.9,6.8,113.0,0.5,0.3,47.0
2023-04-05T22:00,13.1,6.9,113.0,0.8,0.4,47.0
2023-04-05T23:00,13.2,7.0,113.0,1.1,0.6,47.0
2023-04-06T00:00,13.0,6.9,112.0,1.5,1.4,46.0
2023-04-06T01:00,12.8,6.8,115.0,2.0,2.1,46.0
2023-04-06T02:00,12.7,6.7,120.0,2.6,3.1,45.0
2023-04-06T03:00,12.9,7.0,127.0,3.1,4.0,48.0
2023-04-06T04:00,14.6,8.3,133.0,2.8,3.9,56.0
2023-04-06T05:00,17.5,10.4,140.0,2.1,3.4,67.0
2023-04-06T06:00,21.8,13.4,150.0,1.3,2.7,78.0
2023-04-06T07:00,23.9,14.8,159.0,1.1,2.2,82.0
2023-04-06T08:00,24.3,15.1,168.0,1.0,1.6,83.0
2023-04-06T09:00,23.6,14.7,174.0,1.1,1.0,81.0
2023-04-06T10:00,21.4,13.2,170.0,1.3,0.8,76.0
2023-04-06T11:00,18.2,11.0,162.0,1.7,0.7,69.0
2023-04-06T12:00,15.5,9.0,150.0,2.6,0.6,54.0
2023-04-06T13:00,14.0,7.7,145.0,2.1,0.6,52.0
2023-04-06T14:00,13.8,7.5,139.0,1.3,0.5,50.0
2023-04-06T15:00,13.8,7.3,130.0,0.5,0.4,47.0
2023-04-06T16:00,13.9,7.3,125.0,0.3,0.4,46.0
2023-04-06T17:00,14.5,7.5,119.0,0.2,0.3,45.0
2023-04-06T18:00,14.7,7.6,114.0,0.2,0.3,44.0
2023-04-06T19:00,15.2,7.8,111.0,0.2,0.3,43.0
2023-04-06T20:00,15.6,8.0,109.0,0.1,0.2,43.0
2023-04-06T21:00,15.9,8.3,108.0,0.2,0.3,42.0
2023-04-06T22:00,16.3,8.5,108.0,0.3,0.3,42.0
2023-04-06T23:00,16.4,8.6,109.0,0.5,0.4,41.0
2023-04-07T00:00,15.1,8.0,112.0,0.8,1.1,41.0
2023-04-07T01:00,15.4,8.2,116.0,1.3,1.3,41.0
2023-04-07T02:00,15.7,8.4,121.0,1.9,1.6,41.0
2023-04-07T03:00,15.7,8.5,126.0,2.4,1.7,41.0
2023-04-07T04:00,16.6,9.1,126.0,2.1,1.4,42.0
2023-04-07T05:00,17.5,9.6,124.0,1.6,0.9,43.0
2023-04-07T06:00,17.6,9.8,121.0,0.9,0.4,44.0
2023-04-07T07:00,17.5,9.8,120.0,0.7,0.3,45.0
2023-04-07T08:00,16.9,9.5,120.0,0.7,0.4,46.0
2023-04-07T09:00,15.9,8.9,119.0,0.7,0.5,47.0
2023-04-07T10:00,15.0,8.2,118.0,0.9,0.5,46.0
2023-04-07T11:00,13.9,7.4,118.0,1.2,0.4,45.0
2023-04-07T12:00,7.7,3.9,121.0,2.0,0.4,45.0
2023-04-07T13:00,8.4,4.3,122.0,1.9,0.4,45.0
2023-04-07T14:00,9.2,4.8,125.0,1.8,0.5,45.0
2023-04-07T15:00,9.9,5.1,126.0,1.6,0.5,45.0
2023-04-07T16:00,10.7,5.6,125.0,1.5,0.5,45.0
2023-04-07T17:00,11.4,6.0,123.0,1.4,0.6,46.0
2023-04-07T18:00,11.9,6.2,120.0,1.2,0.6,47.0
2023-04-07T19:00,12.5,6.6,117.0,1.1,0.6,48.0
2023-04-07T20:00,13.3,7.0,113.0,0.9,0.7,48.0
2023-04-07T21:00,14.1,7.5,110.0,0.8,0.7,49.0
2023-04-07T22:00,14.8,7.8,110.0,0.8,0.7,50.0
2023-04-07T23:00,15.8,8.4,112.0,1.0,0.8,50.0
2023-04-08T00:00,17.0,9.0,106.0,0.9,0.7,53.0
2023-04-08T01:00,18.0,9.6,106.0,1.0,0.7,54.0
2023-04-08T02:00,18.0,9.5,106.0,1.1,0.7,56.0
2023-04-08T03:00,17.9,9.3,106.0,1.2,0.7,58.0
2023-04-08T04:00,18.7,9.8,106.0,1.1,0.7,60.0
2023-04-08T05:00,19.6,10.4,107.0,0.8,0.7,62.0
2023-04-08T06:00,19.9,10.7,107.0,0.6,0.7,64.0
2023-04-08T07:00,20.4,11.1,107.0,0.6,0.7,64.0
2023-04-08T08:00,19.7,10.7,108.0,0.6,0.8,64.0
2023-04-08T09:00,18.7,10.1,108.0,0.8,0.8,63.0
2023-04-08T10:00,17.3,9.3,108.0,1.1,0.8,61.0
2023-04-08T11:00,16.1,8.4,109.0,1.4,0.8,59.0
2023-04-08T12:00,19.6,10.6,116.0,2.4,1.4,58.0
2023-04-08T13:00,18.3,9.7,117.0,2.3,1.2,58.0
2023-04-08T14:00,17.9,9.4,119.0,2.1,0.9,58.0
2023-04-08T15:00,18.0,9.5,121.0,1.8,0.6,59.0
2023-04-08T16:00,18.5,9.7,122.0,1.6,0.5,60.0
2023-04-08T17:00,18.9,10.0,122.0,1.5,0.6,62.0
2023-04-08T18:00,19.3,10.3,122.0,1.3,0.6,64.0
2023-04-08T19:00,20.0,10.7,122.0,1.2,0.6,65.0
2023-04-08T20:00,20.6,11.1,121.0,1.1,0.6,66.0
2023-04-08T21:00,21.3,11.6,121.0,1.0,0.7,67.0
2023-04-08T22:00,22.1,12.1,122.0,1.0,0.8,67.0
2023-04-08T23:00,22.9,12.6,124.0,1.0,0.9,67.0
2023-04-09T00:00,24.6,13.7,130.0,1.1,1.5,68.0
2023-04-09T01:00,25.1,14.1,131.0,1.3,1.5,69.0
2023-04-09T02:00,25.8,14.5,134.0,1.6,1.6,71.0
2023-04-09T03:00,26.0,14.6,136.0,1.8,1.6,73.0
2023-04-09T04:00,26.8,15.2,137.0,1.6,1.6,76.0
2023-04-09T05:00,26.7,15.1,138.0,1.3,1.6,79.0
2023-04-09T06:00,28.7,16.6,138.0,0.9,1.5,81.0
2023-04-09T07:00,28.9,16.8,137.0,0.8,1.4,81.0
2023-04-09T08:00,28.0,16.3,136.0,0.8,1.3,79.0
2023-04-09T09:00,26.7,15.4,135.0,0.9,1.2,76.0
2023-04-09T10:00,25.0,14.3,134.0,1.1,1.1,73.0
2023-04-09T11:00,23.3,13.2,134.0,1.4,0.9,70.0
2023-04-09T12:00,26.4,15.1,135.0,1.9,0.9,66.0
2023-04-09T13:00,26.3,15.0,136.0,1.9,0.8,65.0
2023-04-09T14:00,26.5,15.1,138.0,1.9,0.7,65.0
2023-04-09T15:00,27.0,15.4,140.0,1.8,0.5,64.0
2023-04-09T16:00,27.3,15.5,140.0,1.7,0.5,64.0
2023-04-09T17:00,27.8,15.8,140.0,1.6,0.5,65.0
2023-04-09T18:00,28.2,16.1,139.0,1.5,0.5,66.0
2023-04-09T19:00,29.0,16.5,139.0,1.4,0.5,67.0
2023-04-09T20:00,29.9,17.1,138.0,1.3,0.5,67.0
2023-04-09T21:00,30.7,17.7,139.0,1.3,0.5,68.0
2023-04-09T22:00,31.9,18.5,141.0,1.3,0.6,68.0
2023-04-09T23:00,32.9,19.2,144.0,1.3,0.7,68.0
2023-04-10T00:00,35.0,20.5,143.0,1.4,1.6,68.0
2023-04-10T01:00,36.0,21.2,146.0,2.0,1.8,68.0
2023-04-10T02:00,36.8,21.7,151.0,2.9,2.0,68.0
2023-04-10T03:00,37.0,21.8,154.0,3.6,2.2,69.0
2023-04-10T04:00,37.8,22.3,153.0,3.1,2.1,71.0
2023-04-10T05:00,39.0,23.1,149.0,2.2,2.0,73.0
2023-04-10T06:00,40.4,23.9,145.0,1.2,1.7,75.0
2023-04-10T07:00,41.1,24.4,143.0,1.0,1.5,74.0
2023-04-10T08:00,40.7,24.2,142.0,1.0,1.3,72.0
2023-04-10T09:00,39.5,23.4,140.0,1.1,1.1,69.0
2023-04-10T10:00,37.8,22.4,139.0,1.3,0.9,67.0
2023-04-10T11:00,36.1,21.4,139.0,1.6,0.8,66.0
2023-04-10T12:00,32.1,18.8,147.0,2.4,0.9,65.0
2023-04-10T13:00,31.0,18.2,149.0,2.5,0.8,64.0
2023-04-10T14:00,30.2,17.7,151.0,2.5,0.7,62.0
2023-04-10T15:00,29.7,17.5,154.0,2.5,0.6,61.0
2023-04-10T16:00,29.8,17.4,154.0,2.3,0.6,61.0
2023-04-10T17:00,29.6,17.3,154.0,2.0,0.6,61.0
2023-04-10T18:00,29.6,17.2,153.0,1.7,0.7,62.0
2023-04-10T19:00,29.5,17.1,151.0,1.5,0.7,62.0
2023-04-10T20:00,29.4,17.1,149.0,1.4,0.8,63.0
2023-04-10T21:00,29.6,17.2,147.0,1.3,0.9,63.0
2023-04-10T22:00,31.0,18.2,148.0,1.3,0.9,63.0
2023-04-10T23:00,31.0,18.2,150.0,1.3,0.9,63.0
2023-04-11T00:00,30.4,17.8,146.0,1.2,1.0,63.0
2023-04-11T01:00,28.9,16.7,146.0,1.5,1.2,63.0
2023-04-11T02:00,28.2,16.3,146.0,1.8,1.4,64.0
2023-04-11T03:00,27.6,15.9,147.0,2.1,1.7,66.0
2023-04-11T04:00,28.0,16.3,148.0,1.9,1.8,69.0
2023-04-11T05:00,29.8,17.6,149.0,1.6,1.8,73.0
2023-04-11T06:00,31.2,18.7,150.0,1.2,1.8,77.0
2023-04-11T07:00,31.7,19.1,149.0,1.1,1.7,77.0
2023-04-11T08:00,31.3,19.0,148.0,1.1,1.6,76.0
2023-04-11T09:00,29.9,18.1,148.0,1.4,1.6,73.0
2023-04-11T10:00,28.6,17.3,150.0,2.1,1.7,70.0
2023-04-11T11:00,26.8,16.3,152.0,3.1,1.9,65.0
2023-04-11T12:00,27.0,16.4,158.0,3.5,1.8,62.0
2023-04-11T13:00,26.5,16.2,161.0,3.6,1.7,60.0
2023-04-11T14:00,26.3,16.1,165.0,3.8,1.6,57.0
2023-04-11T15:00,26.4,16.1,169.0,3.7,1.4,54.0
2023-04-11T16:00,26.8,16.4,168.0,3.2,1.2,54.0
2023-04-11T17:00,27.2,16.6,165.0,2.4,1.0,55.0
2023-04-11T18:00,27.6,16.9,161.0,1.6,0.7,57.0
2023-04-11T19:00,28.2,17.2,158.0,1.3,0.5,58.0
2023-04-11T20:00,28.6,17.4,155.0,1.1,0.4,58.0
2023-04-11T21:00,30.2,18.5,155.0,1.5,0.5,58.0
2023-04-11T22:00,30.5,18.8,159.0,2.7,0.9,56.0
2023-04-11T23:00,32.1,20.0,165.0,4.4,1.6,53.0
2023-04-12T00:00,30.0,18.5,163.0,5.0,2.9,54.0
2023-04-12T01:00,30.7,19.0,165.0,5.6,3.2,54.0
2023-04-12T02:00,29.9,18.4,168.0,6.5,3.7,53.0
2023-04-12T03:00,29.0,17.8,171.0,6.9,3.9,54.0
2023-04-12T04:00,30.3,18.7,172.0,6.1,3.6,56.0
2023-04-12T05:00,31.9,20.0,172.0,4.8,2.9,59.0
2023-04-12T06:00,33.3,20.9,172.0,3.2,2.1,62.0
2023-04-12T07:00,33.1,20.8,171.0,2.5,1.5,62.0
2023-04-12T08:00,31.9,20.1,168.0,2.0,1.0,61.0
2023-04-12T09:00,29.7,18.7,167.0,1.8,0.5,60.0
2023-04-12T10:00,27.1,17.0,168.0,2.4,0.4,59.0
2023-04-12T11:00,24.3,15.3,170.0,3.4,0.6,57.0
2023-04-12T12:00,26.4,16.7,172.0,3.3,0.7,62.0
2023-04-12T13:00,24.7,15.6,177.0,3.8,0.9,60.0
2023-04-12T14:00,23.6,14.8,184.0,4.4,1.2,58.0
2023-04-12T15:00,23.0,14.4,190.0,4.8,1.5,55.0
2023-04-12T16:00,22.1,13.8,190.0,4.2,1.7,55.0
2023-04-12T17:00,21.3,13.2,188.0,3.2,1.8,55.0
2023-04-12T18:00,21.1,13.0,185.0,2.3,2.0,56.0
2023-04-12T19:00,20.8,12.8,181.0,1.8,2.0,56.0
2023-04-12T20:00,21.3,13.1,175.0,1.4,2.0,57.0
2023-04-12T21:00,22.8,14.1,178.0,3.4,2.5,54.0
2023-04-12T22:00,27.0,17.2,196.0,8.9,3.3,47.0
2023-04-12T23:00,32.4,21.2,222.0,16.5,4.5,38.0
2023-04-13T00:00,28.8,18.7,216.0,,18.5,32.0
2023-04-13T01:00,30.6,20.0,221.0,,20.3,34.0
2023-04-13T02:00,31.3,20.5,228.0,,22.9,37.0
2023-04-13T03:00,31.1,20.3,233.0,,24.7,44.0
2023-04-13T04:00,32.6,21.2,231.0,16.4,23.8,53.0
2023-04-13T05:00,34.8,22.6,225.0,14.3,21.7,65.0
2023-04-13T06:00,37.3,24.0,215.0,11.2,17.7,79.0
2023-04-13T07:00,38.9,25.0,206.0,8.4,13.6,88.0
2023-04-13T08:00,38.8,24.8,196.0,5.3,8.6,95.0
2023-04-13T09:00,36.1,22.9,186.0,2.4,3.4,100.0
2023-04-13T10:00,30.9,19.4,185.0,2.0,1.7,97.0
2023-04-13T11:00,25.6,15.9,188.0,2.5,1.1,89.0
2023-04-13T12:00,25.1,15.6,200.0,2.4,0.5,71.0
2023-04-13T13:00,23.3,14.3,203.0,2.5,0.5,68.0
2023-04-13T14:00,22.2,13.4,207.0,2.7,0.5,65.0
2023-04-13T15:00,21.8,13.1,211.0,2.9,0.5,61.0
2023-04-13T16:00,21.2,12.7,210.0,3.1,0.5,60.0
2023-04-13T17:00,20.8,12.4,208.0,3.2,0.5,60.0
2023-04-13T18:00,20.4,12.2,204.0,3.2,0.6,60.0
2023-04-13T19:00,20.1,11.9,200.0,2.8,0.5,61.0
2023-04-13T20:00,20.1,11.9,195.0,2.2,0.4,62.0
2023-04-13T21:00,20.6,12.3,191.0,2.0,0.9,62.0
2023-04-13T22:00,21.5,13.0,190.0,2.8,2.0,61.0
2023-04-13T23:00,22.9,13.9,191.0,4.2,3.7,59.0
2023-04-14T00:00,24.3,15.1,195.0,5.1,6.9,56.0
2023-04-14T01:00,26.4,16.5,198.0,5.8,8.0,56.0
2023-04-14T02:00,25.3,15.8,201.0,6.8,9.5,56.0
2023-04-14T03:00,25.0,15.5,204.0,7.5,11.0,59.0
2023-04-14T04:00,27.1,17.0,203.0,7.1,11.3,66.0
2023-04-14T05:00,30.9,19.6,201.0,6.2,11.2,75.0
2023-04-14T06:00,35.4,22.6,196.0,4.8,10.1,87.0
2023-04-14T07:00,38.1,24.3,192.0,3.7,8.1,95.0
2023-04-14T08:00,38.9,24.8,186.0,2.4,5.3,103.0
2023-04-14T09:00,38.6,24.5,180.0,1.3,2.3,109.0
2023-04-14T10:00,35.0,21.9,176.0,1.2,1.3,106.0
2023-04-14T11:00,31.7,19.6,173.0,1.6,1.0,99.0
2023-04-14T12:00,33.1,20.5,182.0,2.9,1.2,97.0
2023-04-14T13:00,30.2,18.4,185.0,3.0,1.0,92.0
2023-04-14T14:00,28.5,17.2,189.0,3.1,0.8,85.0
2023-04-14T15:00,28.0,16.8,194.0,3.4,0.6,77.0
2023-04-14T16:00,28.2,16.8,196.0,3.7,0.5,74.0
2023-04-14T17:00,27.9,16.6,196.0,4.1,0.5,72.0
2023-04-14T18:00,27.3,16.4,195.0,4.5,0.6,71.0
2023-04-14T19:00,26.8,16.1,190.0,4.2,0.2,71.0
2023-04-14T20:00,26.7,16.1,184.0,3.6,0.0,71.0
2023-04-14T21:00,26.8,16.3,180.0,4.6,0.9,70.0
2023-04-14T22:00,28.8,17.7,184.0,8.3,4.5,66.0
2023-04-14T23:00,32.4,20.1,192.0,13.4,9.7,60.0
2023-04-15T00:00,32.9,20.5,189.0,14.9,7.2,59.0
2023-04-15T01:00,36.2,22.8,202.0,16.0,10.4,58.0
2023-04-15T02:00,38.5,24.2,222.0,,14.9,57.0
2023-04-15T03:00,41.6,26.1,245.0,,19.6,63.0
2023-04-15T04:00,44.6,28.2,257.0,16.1,21.2,77.0
2023-04-15T05:00,49.1,31.4,267.0,12.8,21.7,97.0
2023-04-15T06:00,51.1,32.9,278.0,8.6,20.7,122.0
2023-04-15T07:00,53.4,34.5,284.0,6.3,18.0,138.0
2023-04-15T08:00,55.3,35.6,289.0,4.2,14.0,154.0
2023-04-15T09:00,56.2,36.0,294.0,2.5,9.1,166.0
2023-04-15T10:00,56.3,36.0,298.0,2.7,6.5,164.0
2023-04-15T11:00,52.6,33.3,300.0,3.8,4.3,155.0
2023-04-15T12:00,44.4,27.9,284.0,5.0,4.8,126.0
2023-04-15T13:00,38.5,23.9,276.0,4.2,4.0,118.0
2023-04-15T14:00,33.4,20.5,264.0,3.2,2.8,108.0
2023-04-15T15:00,30.7,18.7,249.0,1.9,1.5,95.0
2023-04-15T16:00,29.7,17.9,240.0,1.3,1.2,89.0
2023-04-15T17:00,29.8,17.8,233.0,0.8,1.1,86.0
2023-04-15T18:00,30.7,18.3,224.0,0.4,1.1,82.0
2023-04-15T19:00,31.5,18.9,217.0,0.0,0.6,81.0
2023-04-15T20:00,32.5,19.5,211.0,0.0,0.1,81.0
2023-04-15T21:00,33.6,20.4,212.0,0.7,1.1,78.0
2023-04-15T22:00,35.7,22.0,225.0,8.1,3.9,70.0
2023-04-15T23:00,39.9,25.2,246.0,,8.0,60.0
2023-04-16T00:00,44.9,28.9,274.0,,12.8,58.0
2023-04-16T01:00,50.6,32.9,286.0,,17.8,57.0
2023-04-16T02:00,55.2,36.1,303.0,,24.9,55.0
2023-04-16T03:00,57.0,37.3,318.0,,,61.0
2023-04-16T04:00,56.3,36.8,316.0,,,78.0
2023-04-16T05:00,53.8,35.0,308.0,15.4,,102.0
2023-04-16T06:00,53.6,34.9,298.0,8.6,,133.0
2023-04-16T07:00,56.5,36.8,296.0,5.8,22.5,153.0
2023-04-16T08:00,58.7,38.2,296.0,4.1,18.6,171.0
2023-04-16T09:00,59.8,38.6,296.0,2.9,13.7,
2023-04-16T10:00,60.3,38.8,296.0,3.2,10.7,
2023-04-16T11:00,58.4,37.3,296.0,4.3,7.9,173.0
2023-04-16T12:00,56.2,36.2,273.0,5.2,8.8,163.0
2023-04-16T13:00,50.4,32.0,269.0,4.2,7.3,155.0
2023-04-16T14:00,47.7,30.0,263.0,2.8,5.2,143.0
2023-04-16T15:00,45.3,28.1,256.0,1.3,2.9,129.0
2023-04-16T16:00,43.2,26.5,253.0,0.8,2.2,123.0
2023-04-16T17:00,42.7,25.9,251.0,0.6,2.0,119.0
2023-04-16T18:00,42.3,25.5,248.0,0.5,1.9,115.0
2023-04-16T19:00,42.0,25.3,243.0,0.0,1.3,113.0
2023-04-16T20:00,41.4,25.0,238.0,0.0,0.7,111.0
2023-04-16T21:00,41.4,25.1,236.0,1.1,1.7,107.0
2023-04-16T22:00,43.0,26.4,241.0,5.7,4.6,100.0
2023-04-16T23:00,46.1,28.8,250.0,12.2,8.9,90.0
2023-04-17T00:00,47.0,29.6,260.0,,10.6,82.0
2023-04-17T01:00,49.7,31.7,271.0,,15.9,79.0
2023-04-17T02:00,51.7,32.9,287.0,,23.3,75.0
2023-04-17T03:00,51.2,32.6,302.0,,,78.0
2023-04-17T04:00,49.7,31.7,303.0,,,93.0
2023-04-17T05:00,52.6,33.6,298.0,12.5,,116.0
2023-04-17T06:00,51.8,33.1,291.0,6.7,22.9,142.0
2023-04-17T07:00,52.5,33.4,289.0,4.4,18.4,154.0
2023-04-17T08:00,52.7,33.4,287.0,3.0,13.0,163.0
2023-04-17T09:00,51.9,32.6,283.0,2.0,7.0,167.0
2023-04-17T10:00,48.0,29.8,279.0,2.0,4.5,159.0
2023-04-17T11:00,42.6,26.3,274.0,2.6,3.0,145.0
2023-04-17T12:00,53.3,33.9,287.0,5.0,8.4,163.0
2023-04-17T13:00,47.8,29.8,278.0,4.0,6.7,153.0
2023-04-17T14:00,42.1,25.8,265.0,2.6,4.4,139.0
2023-04-17T15:00,39.0,23.6,250.0,1.1,1.9,123.0
2023-04-17T16:00,38.9,23.5,245.0,0.6,1.2,116.0
2023-04-17T17:00,39.5,23.9,243.0,0.5,1.1,111.0
2023-04-17T18:00,40.0,24.3,241.0,0.4,1.1,106.0
2023-04-17T19:00,40.0,24.4,238.0,0.2,0.9,103.0
2023-04-17T20:00,39.6,24.3,234.0,0.0,0.7,101.0
2023-04-17T21:00,39.6,24.4,232.0,0.5,1.0,98.0
2023-04-17T22:00,40.4,25.0,233.0,1.8,1.8,95.0
2023-04-17T23:00,42.0,26.4,236.0,3.6,3.0,91.0
2023-04-18T00:00,44.9,28.7,251.0,9.4,7.4,86.0
2023-04-18T01:00,47.3,30.4,252.0,10.6,9.7,85.0
2023-04-18T02:00,48.0,30.7,254.0,12.4,13.0,83.0
2023-04-18T03:00,47.4,30.3,254.0,13.2,16.1,84.0
2023-04-18T04:00,47.3,30.2,252.0,11.5,16.4,90.0
2023-04-18T05:00,49.5,31.5,249.0,8.6,15.5,99.0
2023-04-18T06:00,50.8,32.4,240.0,5.1,13.2,107.0
2023-04-18T07:00,49.9,31.5,228.0,3.4,10.1,108.0
2023-04-18T08:00,48.1,30.0,214.0,2.1,6.0,106.0
2023-04-18T09:00,44.5,27.5,196.0,1.0,1.8,102.0
2023-04-18T10:00,39.1,24.0,187.0,1.0,0.7,96.0
2023-04-18T11:00,35.2,21.4,179.0,1.5,0.5,89.0
2023-04-18T12:00,31.8,19.3,200.0,2.8,0.7,81.0
2023-04-18T13:00,29.1,17.6,201.0,2.5,0.7,79.0
2023-04-18T14:00,27.9,16.8,202.0,2.2,0.6,75.0
2023-04-18T15:00,27.3,16.4,201.0,1.7,0.6,72.0
2023-04-18T16:00,27.0,16.1,196.0,1.4,0.6,71.0
2023-04-18T17:00,26.8,15.8,190.0,1.2,0.6,71.0
2023-04-18T18:00,26.8,15.8,181.0,0.9,0.6,71.0
2023-04-18T19:00,26.5,15.5,176.0,0.6,0.5,71.0
2023-04-18T20:00,26.4,15.4,171.0,0.3,0.4,71.0
2023-04-18T21:00,26.6,15.4,167.0,0.5,0.6,71.0
2023-04-18T22:00,26.6,15.4,166.0,1.5,0.8,70.0
2023-04-18T23:00,27.0,15.7,167.0,3.0,1.1,69.0
2023-04-19T00:00,26.0,15.3,171.0,5.0,3.6,66.0
2023-04-19T01:00,26.6,15.8,175.0,6.5,5.9,65.0
2023-04-19T02:00,26.6,15.8,182.0,8.7,9.1,64.0
2023-04-19T03:00,27.0,16.1,189.0,10.5,13.0,65.0
2023-04-19T04:00,28.7,17.3,191.0,10.2,15.2,70.0
2023-04-19T05:00,32.9,20.2,193.0,9.1,17.1,79.0
2023-04-19T06:00,37.7,23.6,194.0,7.3,18.1,91.0
2023-04-19T07:00,41.4,26.3,196.0,5.8,17.1,103.0
2023-04-19T08:00,44.2,28.2,198.0,4.2,15.0,116.0
2023-04-19T09:00,45.8,29.0,200.0,2.6,11.7,128.0
2023-04-19T10:00,44.0,27.6,201.0,2.5,9.0,128.0
2023-04-19T11:00,37.3,22.8,202.0,2.9,6.0,123.0
2023-04-19T12:00,30.0,18.1,215.0,3.5,2.3,108.0
2023-04-19T13:00,27.5,16.2,220.0,2.9,2.1,105.0
2023-04-19T14:00,26.7,15.4,227.0,2.2,1.8,100.0
2023-04-19T15:00,26.5,15.1,234.0,1.4,1.4,95.0
2023-04-19T16:00,26.3,15.0,236.0,1.2,1.0,93.0
2023-04-19T17:00,26.0,14.7,236.0,1.1,0.6,93.0
2023-04-19T18:00,25.7,14.6,238.0,1.8,0.9,91.0
2023-04-19T19:00,25.8,14.7,243.0,3.4,2.0,88.0
2023-04-19T20:00,26.4,15.3,251.0,5.6,3.7,85.0
2023-04-19T21:00,27.6,16.2,259.0,7.9,6.5,81.0
2023-04-19T22:00,28.5,16.9,263.0,8.3,8.9,78.0
2023-04-19T23:00,28.9,17.3,267.0,8.1,11.6,76.0
2023-04-20T00:00,28.2,17.0,261.0,9.0,16.8,71.0
2023-04-20T01:00,27.9,16.9,260.0,9.2,19.6,72.0
2023-04-20T02:00,28.0,17.1,260.0,9.6,23.7,73.0
2023-04-20T03:00,29.4,18.2,259.0,9.8,,79.0
2023-04-20T04:00,33.4,21.1,260.0,9.8,,88.0
2023-04-20T05:00,40.5,26.0,261.0,9.6,,101.0
2023-04-20T06:00,48.3,31.3,261.0,8.8,,118.0
2023-04-20T07:00,53.7,34.9,260.0,7.2,,133.0
2023-04-20T08:00,57.2,37.0,258.0,5.1,21.0,149.0
2023-04-20T09:00,57.7,36.7,255.0,3.1,14.5,162.0
2023-04-20T10:00,53.9,33.3,251.0,2.9,10.6,159.0
2023-04-20T11:00,48.5,29.1,246.0,3.4,6.9,148.0
2023-04-20T12:00,60.1,36.7,263.0,5.2,5.4,142.0
2023-04-20T13:00,53.7,32.2,262.0,4.1,4.5,133.0
2023-04-20T14:00,49.1,29.1,260.0,2.7,3.3,120.0
2023-04-20T15:00,45.5,26.8,258.0,2.1,2.3,104.0
2023-04-20T16:00,42.6,24.9,257.0,3.9,2.5,94.0
2023-04-20T17:00,40.0,23.5,256.0,6.9,3.2,86.0
2023-04-20T18:00,37.8,22.1,255.0,10.5,5.1,76.0
2023-04-20T19:00,35.4,20.8,254.0,12.5,7.5,70.0
2023-04-20T20:00,33.8,20.0,253.0,14.1,10.5,65.0
2023-04-20T21:00,32.7,19.5,249.0,14.8,14.2,61.0
2023-04-20T22:00,31.9,19.3,241.0,13.2,16.2,61.0
2023-04-20T23:00,31.7,19.3,231.0,10.3,17.9,63.0
2023-04-21T00:00,30.5,18.6,217.0,5.2,18.6,69.0
2023-04-21T01:00,30.2,18.4,218.0,5.8,20.8,70.0
2023-04-21T02:00,29.9,18.3,220.0,6.7,23.8,71.0
2023-04-21T03:00,30.9,19.1,225.0,7.6,,77.0
2023-04-21T04:00,34.6,21.7,233.0,7.9,,88.0
2023-04-21T05:00,40.9,25.8,244.0,8.0,,102.0
2023-04-21T06:00,48.8,31.2,253.0,7.4,24.5,121.0
2023-04-21T07:00,55.9,35.6,253.0,6.1,20.5,134.0
2023-04-21T08:00,57.7,36.3,249.0,4.2,15.1,147.0
2023-04-21T09:00,54.5,33.3,242.0,2.4,8.8,155.0
2023-04-21T10:00,47.8,28.3,237.0,2.2,5.9,148.0
2023-04-21T11:00,42.7,24.7,232.0,2.6,3.9,133.0
2023-04-21T12:00,47.1,27.5,237.0,4.3,2.0,110.0
2023-04-21T13:00,41.3,23.7,236.0,4.0,2.0,104.0
2023-04-21T14:00,37.7,21.4,234.0,3.7,2.0,96.0
2023-04-21T15:00,34.5,19.4,231.0,4.0,2.3,85.0
2023-04-21T16:00,31.3,17.7,229.0,5.3,2.6,78.0
2023-04-21T17:00,29.4,16.5,227.0,7.2,2.9,71.0
2023-04-21T18:00,27.1,15.1,225.0,9.6,4.5,63.0
2023-04-21T19:00,24.4,13.6,224.0,11.1,7.3,59.0
2023-04-21T20:00,22.3,12.5,223.0,12.4,11.0,55.0
2023-04-21T21:00,21.2,12.0,220.0,12.9,15.0,53.0
2023-04-21T22:00,20.7,11.8,215.0,11.5,16.5,53.0
2023-04-21T23:00,21.0,12.0,210.0,9.0,17.2,55.0
2023-04-22T00:00,20.7,12.0,207.0,7.7,17.3,56.0
2023-04-22T01:00,20.7,12.0,209.0,7.6,18.9,58.0
2023-04-22T02:00,21.1,12.3,212.0,7.4,21.2,61.0
2023-04-22T03:00,22.6,13.5,216.0,6.8,22.6,68.0
2023-04-22T04:00,26.5,16.2,219.0,5.9,21.1,79.0
2023-04-22T05:00,32.1,20.0,223.0,4.8,18.3,94.0
2023-04-22T06:00,37.8,23.6,224.0,3.4,14.0,108.0
2023-04-22T07:00,40.0,24.7,220.0,2.6,10.3,111.0
2023-04-22T08:00,37.0,22.4,213.0,1.8,6.3,110.0
2023-04-22T09:00,33.5,19.8,206.0,1.3,2.1,106.0
2023-04-22T10:00,30.7,18.0,203.0,1.5,0.9,100.0
2023-04-22T11:00,28.2,16.2,202.0,2.0,0.7,92.0
2023-04-22T12:00,28.4,16.8,205.0,3.4,0.6,69.0
2023-04-22T13:00,26.2,15.3,205.0,2.8,0.6,68.0
2023-04-22T14:00,25.6,14.8,206.0,2.0,0.6,65.0
2023-04-22T15:00,25.1,14.5,206.0,1.3,0.6,63.0
2023-04-22T16:00,24.8,14.3,205.0,1.3,0.3,62.0
2023-04-22T17:00,24.6,14.1,203.0,1.7,0.0,62.0
2023-04-22T18:00,24.6,14.2,203.0,3.1,0.8,61.0
2023-04-22T19:00,25.1,14.7,207.0,5.4,3.5,61.0
2023-04-22T20:00,26.6,15.7,212.0,8.5,7.2,60.0
2023-04-22T21:00,28.3,16.9,222.0,11.4,12.2,60.0
2023-04-22T22:00,30.3,18.3,231.0,11.8,15.6,59.0
2023-04-22T23:00,32.0,19.7,242.0,11.3,18.8,58.0
2023-04-23T00:00,32.9,20.4,252.0,9.0,19.1,62.0
2023-04-23T01:00,32.9,20.7,253.0,8.0,19.0,66.0
2023-04-23T02:00,31.7,19.9,254.0,6.7,18.7,73.0
2023-04-23T03:00,32.2,20.4,255.0,4.9,17.3,83.0
2023-04-23T04:00,34.1,21.6,254.0,3.8,14.8,94.0
2023-04-23T05:00,37.6,23.7,251.0,2.9,11.4,106.0
2023-04-23T06:00,40.0,25.3,247.0,1.9,7.3,117.0
2023-04-23T07:00,39.8,25.0,243.0,1.5,5.1,117.0
2023-04-23T08:00,37.3,23.2,239.0,1.4,3.3,113.0
2023-04-23T09:00,34.5,21.3,234.0,1.4,1.5,106.0
2023-04-23T10:00,31.3,19.2,231.0,1.7,0.9,101.0
2023-04-23T11:00,28.8,17.5,229.0,2.1,0.8,95.0
2023-04-23T12:00,26.2,15.3,243.0,2.6,0.8,83.0
2023-04-23T13:00,23.7,13.7,243.0,2.2,0.8,83.0
2023-04-23T14:00,23.2,13.2,242.0,1.6,0.8,83.0
2023-04-23T15:00,22.9,13.0,240.0,1.0,0.8,84.0
2023-04-23T16:00,22.9,12.8,236.0,0.7,0.8,85.0
2023-04-23T17:00,23.4,13.0,230.0,0.6,0.8,85.0
2023-04-23T18:00,24.2,13.3,224.0,0.5,0.8,86.0
2023-04-23T19:00,24.3,13.4,221.0,0.6,0.9,86.0
2023-04-23T20:00,24.9,13.7,219.0,0.8,1.0,86.0
2023-04-23T21:00,25.6,14.1,217.0,1.2,1.4,85.0
2023-04-23T22:00,26.0,14.4,216.0,1.5,1.8,84.0
2023-04-23T23:00,25.8,14.4,216.0,2.0,2.4,83.0
2023-04-24T00:00,32.5,18.9,237.0,8.0,15.3,76.0
2023-04-24T01:00,30.6,18.1,241.0,8.2,16.5,76.0
2023-04-24T02:00,29.6,17.5,247.0,8.4,18.3,76.0
2023-04-24T03:00,28.0,16.9,252.0,8.0,19.0,79.0
2023-04-24T04:00,28.8,17.8,251.0,6.8,17.1,87.0
2023-04-24T05:00,31.3,19.7,247.0,5.0,14.0,97.0
2023-04-24T06:00,34.0,21.5,239.0,2.9,9.7,106.0
2023-04-24T07:00,34.2,21.6,231.0,1.9,6.8,104.0
2023-04-24T08:00,29.8,18.4,222.0,1.2,3.8,97.0
2023-04-24T09:00,24.9,14.9,208.0,0.7,0.9,86.0
2023-04-24T10:00,20.5,11.9,197.0,0.7,0.1,75.0
2023-04-24T11:00,18.2,10.3,186.0,1.1,0.2,62.0
2023-04-24T12:00,19.8,11.3,180.0,1.5,0.4,54.0
2023-04-24T13:00,19.3,10.9,175.0,1.3,0.4,51.0
2023-04-24T14:00,19.6,11.0,167.0,1.0,0.3,48.0
2023-04-24T15:00,20.6,11.6,158.0,0.7,0.3,44.0
2023-04-24T16:00,21.8,12.3,154.0,0.6,0.3,43.0
2023-04-24T17:00,22.5,12.7,150.0,0.6,0.3,42.0
2023-04-24T18:00,22.9,13.0,146.0,0.5,0.3,42.0
2023-04-24T19:00,23.3,13.2,143.0,0.4,0.3,42.0
2023-04-24T20:00,23.5,13.3,141.0,0.3,0.3,41.0
2023-04-24T21:00,23.6,13.5,138.0,0.2,0.3,41.0
2023-04-24T22:00,24.2,13.7,137.0,0.1,0.3,41.0
2023-04-24T23:00,24.4,13.9,136.0,0.1,0.3,40.0
2023-04-25T00:00,25.6,14.6,133.0,0.3,0.4,41.0
2023-04-25T01:00,26.1,15.1,138.0,0.7,0.5,42.0
2023-04-25T02:00,26.8,15.5,145.0,1.3,0.6,44.0
2023-04-25T03:00,26.9,15.7,153.0,1.8,0.7,47.0
2023-04-25T04:00,28.2,16.5,155.0,1.7,0.7,50.0
2023-04-25T05:00,30.2,17.8,154.0,1.4,0.7,54.0
2023-04-25T06:00,31.5,18.8,153.0,1.0,0.6,57.0
2023-04-25T07:00,31.2,18.6,152.0,0.8,0.5,57.0
2023-04-25T08:00,27.2,16.3,151.0,0.6,0.5,56.0
2023-04-25T09:00,22.5,13.6,150.0,0.6,0.4,54.0
2023-04-25T10:00,19.8,12.0,151.0,0.9,0.4,51.0
2023-04-25T11:00,18.7,11.2,154.0,1.3,0.4,48.0
2023-04-25T12:00,24.1,14.4,157.0,2.1,0.5,46.0
2023-04-25T13:00,23.3,13.9,160.0,1.9,0.5,46.0
2023-04-25T14:00,23.6,13.9,163.0,1.5,0.4,45.0
2023-04-25T15:00,24.2,14.2,167.0,1.1,0.4,45.0
2023-04-25T16:00,25.0,14.6,168.0,0.9,0.4,46.0
2023-04-25T17:00,26.0,15.2,169.0,0.8,0.3,49.0
2023-04-25T18:00,27.3,15.9,169.0,0.6,0.3,52.0
2023-04-25T19:00,28.7,16.6,168.0,0.5,0.3,54.0
2023-04-25T20:00,30.0,17.4,167.0,0.3,0.3,57.0
2023-04-25T21:00,31.2,18.0,166.0,0.2,0.3,60.0
2023-04-25T22:00,32.1,18.6,167.0,0.1,0.3,62.0
2023-04-25T23:00,33.3,19.3,168.0,0.1,0.2,63.0
2023-04-26T00:00,35.9,20.7,173.0,0.4,0.6,64.0
2023-04-26T01:00,37.6,21.8,177.0,1.7,1.8,64.0
2023-04-26T02:00,38.0,22.3,184.0,3.6,3.4,65.0
2023-04-26T03:00,38.0,22.4,190.0,5.1,4.9,67.0
2023-04-26T04:00,39.1,23.2,192.0,4.6,4.7,71.0
2023-04-26T05:00,41.9,25.0,192.0,3.2,3.8,77.0
2023-04-26T06:00,44.0,26.4,191.0,1.7,2.7,82.0
2023-04-26T07:00,44.2,26.6,190.0,1.3,2.1,83.0
2023-04-26T08:00,43.9,26.5,187.0,1.1,1.6,84.0
2023-04-26T09:00,42.1,25.3,186.0,1.2,1.1,82.0
2023-04-26T10:00,40.4,24.2,187.0,1.6,0.9,79.0
2023-04-26T11:00,39.8,23.6,189.0,2.3,0.7,75.0
2023-04-26T12:00,42.4,24.6,193.0,2.9,1.1,75.0
2023-04-26T13:00,41.7,24.0,196.0,2.8,1.0,74.0
2023-04-26T14:00,41.7,24.0,201.0,2.7,0.8,73.0
2023-04-26T15:00,42.0,24.2,208.0,2.5,0.6,73.0
2023-04-26T16:00,42.5,24.4,212.0,2.2,0.6,74.0
2023-04-26T17:00,43.1,24.7,217.0,1.9,0.6,77.0
2023-04-26T18:00,43.4,24.9,221.0,1.5,0.6,79.0
2023-04-26T19:00,43.7,24.9,222.0,1.3,0.6,80.0
2023-04-26T20:00,43.9,25.0,222.0,1.2,0.6,80.0
2023-04-26T21:00,44.1,25.1,223.0,1.1,0.6,80.0
2023-04-26T22:00,44.2,25.3,224.0,1.1,0.6,80.0
2023-04-26T23:00,44.8,25.7,226.0,1.2,0.7,79.0
2023-04-27T00:00,44.8,25.8,229.0,1.4,0.8,78.0
2023-04-27T01:00,47.7,28.0,232.0,2.0,1.4,78.0
2023-04-27T02:00,46.2,26.7,235.0,2.8,2.2,78.0
2023-04-27T03:00,45.8,26.3,237.0,3.3,2.8,79.0
2023-04-27T04:00,46.3,26.8,234.0,2.8,2.4,81.0
2023-04-27T05:00,46.0,26.6,228.0,1.8,1.5,83.0
2023-04-27T06:00,45.2,26.1,219.0,0.7,0.6,83.0
2023-04-27T07:00,44.5,25.7,213.0,0.5,0.4,80.0
2023-04-27T08:00,43.3,25.0,207.0,0.5,0.4,74.0
2023-04-27T09:00,41.3,23.9,199.0,0.6,0.5,67.0
2023-04-27T10:00,38.4,22.2,194.0,0.8,0.5,63.0
2023-04-27T11:00,35.5,20.5,190.0,1.0,0.5,59.0
2023-04-27T12:00,38.5,22.8,193.0,2.7,0.8,58.0
2023-04-27T13:00,36.3,21.4,192.0,2.3,0.7,56.0
2023-04-27T14:00,34.9,20.5,191.0,1.7,0.6,54.0
2023-04-27T15:00,33.5,19.6,189.0,1.1,0.5,51.0
2023-04-27T16:00,31.8,18.6,186.0,0.9,0.5,50.0
2023-04-27T17:00,30.0,17.5,183.0,0.7,0.4,49.0
2023-04-27T18:00,28.5,16.7,179.0,0.6,0.4,48.0
2023-04-27T19:00,27.7,16.2,177.0,0.4,0.4,48.0
2023-04-27T20:00,27.1,16.0,175.0,0.3,0.3,47.0
2023-04-27T21:00,26.4,15.7,173.0,0.2,0.3,47.0
2023-04-27T22:00,26.4,15.7,172.0,0.2,0.3,47.0
2023-04-27T23:00,26.4,15.8,171.0,0.2,0.4,46.0
2023-04-28T00:00,25.4,15.3,173.0,0.3,0.4,46.0
2023-04-28T01:00,25.6,15.4,177.0,0.9,0.6,46.0
2023-04-28T02:00,25.8,15.5,184.0,1.9,1.0,45.0
2023-04-28T03:00,26.9,16.2,189.0,2.6,1.3,46.0
2023-04-28T04:00,27.6,16.8,188.0,2.4,1.3,49.0
2023-04-28T05:00,28.5,17.4,185.0,1.7,1.2,53.0
2023-04-28T06:00,29.9,18.3,180.0,1.0,1.0,57.0
2023-04-28T07:00,30.0,18.5,177.0,0.8,0.9,56.0
2023-04-28T08:00,29.0,17.8,175.0,0.7,0.7,54.0
2023-04-28T09:00,27.1,16.6,172.0,0.7,0.5,51.0
2023-04-28T10:00,24.9,15.2,170.0,0.8,0.4,49.0
2023-04-28T11:00,23.1,14.0,168.0,1.0,0.4,46.0
2023-04-28T12:00,18.2,11.0,178.0,1.6,0.5,43.0
2023-04-28T13:00,17.5,10.5,177.0,1.4,0.5,42.0
2023-04-28T14:00,17.2,10.3,176.0,1.2,0.4,41.0
2023-04-28T15:00,17.5,10.4,175.0,0.9,0.4,40.0
2023-04-28T16:00,17.6,10.6,174.0,0.8,0.4,40.0
2023-04-28T17:00,18.0,10.8,173.0,0.8,0.4,40.0
2023-04-28T18:00,18.2,10.9,172.0,0.8,0.4,40.0
2023-04-28T19:00,18.3,11.0,171.0,0.7,0.4,40.0
2023-04-28T20:00,18.9,11.4,170.0,0.6,0.4,40.0
2023-04-28T21:00,19.4,11.7,169.0,0.5,0.4,41.0
2023-04-28T22:00,20.0,12.0,169.0,0.6,0.5,42.0
2023-04-28T23:00,19.6,11.8,171.0,0.7,0.7,42.0
2023-04-29T00:00,20.7,12.5,167.0,0.3,0.4,44.0
2023-04-29T01:00,21.1,12.7,172.0,0.6,0.4,47.0
2023-04-29T02:00,22.4,13.6,178.0,1.0,0.4,51.0
2023-04-29T03:00,23.3,14.1,184.0,1.3,0.4,55.0
2023-04-29T04:00,23.9,14.5,184.0,1.1,0.4,57.0
2023-04-29T05:00,23.8,14.6,182.0,0.8,0.4,58.0
2023-04-29T06:00,24.3,15.0,180.0,0.4,0.4,58.0
2023-04-29T07:00,25.7,15.9,179.0,0.4,0.4,58.0
2023-04-29T08:00,24.6,15.4,178.0,0.5,0.4,57.0
2023-04-29T09:00,24.2,15.0,178.0,0.7,0.4,56.0
2023-04-29T10:00,23.2,14.3,179.0,1.0,0.4,55.0
2023-04-29T11:00,22.5,13.8,180.0,1.4,0.4,53.0
2023-04-29T12:00,21.8,13.2,177.0,1.5,0.4,52.0
2023-04-29T13:00,21.4,13.0,179.0,1.4,0.4,52.0
2023-04-29T14:00,21.2,12.8,182.0,1.4,0.5,51.0
2023-04-29T15:00,20.8,12.6,185.0,1.3,0.5,51.0
2023-04-29T16:00,20.5,12.4,187.0,1.3,0.5,51.0
2023-04-29T17:00,20.3,12.3,188.0,1.4,0.4,52.0
2023-04-29T18:00,19.8,12.0,189.0,1.3,0.4,53.0
2023-04-29T19:00,19.6,11.8,188.0,1.0,0.4,54.0
2023-04-29T20:00,19.6,11.8,185.0,0.7,0.3,55.0
2023-04-29T21:00,19.6,11.7,182.0,0.3,0.3,56.0
2023-04-29T22:00,19.6,11.8,180.0,0.2,0.3,57.0
2023-04-29T23:00,19.8,11.8,179.0,0.1,0.4,58.0
2023-04-30T00:00,20.3,12.3,173.0,0.7,0.5,60.0
2023-04-30T01:00,19.8,11.9,174.0,1.2,0.5,60.0
2023-04-30T02:00,19.5,11.7,176.0,1.9,0.6,61.0
2023-04-30T03:00,18.6,11.2,176.0,2.4,0.6,62.0
2023-04-30T04:00,17.9,10.9,174.0,2.1,0.6,64.0
2023-04-30T05:00,18.6,11.5,171.0,1.5,0.6,67.0
2023-04-30T06:00,17.7,11.0,167.0,0.8,0.6,70.0
2023-04-30T07:00,16.9,10.7,164.0,0.7,0.5,70.0
2023-04-30T08:00,15.5,9.9,161.0,0.7,0.5,69.0
2023-04-30T09:00,13.9,8.8,157.0,0.8,0.4,67.0
2023-04-30T10:00,12.6,7.9,155.0,1.0,0.4,65.0
2023-04-30T11:00,11.5,7.1,153.0,1.2,0.4,62.0
2023-04-30T12:00,12.6,7.5,154.0,1.2,0.4,55.0
2023-04-30T13:00,12.3,7.1,152.0,1.0,0.4,54.0
2023-04-30T14:00,12.5,7.2,149.0,0.8,0.3,52.0
2023-04-30T15:00,12.6,7.2,146.0,0.7,0.3,50.0
2023-04-30T16:00,12.8,7.3,144.0,0.8,0.0,49.0
2023-04-30T17:00,12.9,7.4,143.0,1.0,0.0,47.0
2023-04-30T18:00,12.8,7.3,141.0,2.5,0.3,45.0
2023-04-30T19:00,12.7,7.3,139.0,5.5,2.1,42.0
2023-04-30T20:00,13.2,7.7,137.0,9.5,4.7,38.0
2023-04-30T21:00,14.0,8.2,136.0,13.9,8.3,34.0
2023-04-30T22:00,14.6,8.8,137.0,15.8,10.7,33.0
2023-04-30T23:00,14.5,8.7,140.0,16.9,13.2,33.0
2023-05-01T00:00,15.0,8.8,133.0,7.4,5.3,42.0
2023-05-01T01:00,15.5,9.2,140.0,7.5,7.6,42.0
2023-05-01T02:00,14.9,9.1,150.0,7.6,10.9,43.0
2023-05-01T03:00,15.3,9.6,161.0,7.2,14.1,48.0
2023-05-01T04:00,17.6,11.4,166.0,6.2,14.7,58.0
2023-05-01T05:00,21.9,14.4,170.0,4.9,14.4,73.0
2023-05-01T06:00,27.5,18.3,172.0,3.3,12.8,88.0
2023-05-01T07:00,29.3,19.3,171.0,2.5,10.4,95.0
2023-05-01T08:00,29.1,19.1,169.0,1.8,7.2,99.0
2023-05-01T09:00,24.7,15.9,162.0,1.2,3.5,97.0
2023-05-01T10:00,19.3,12.1,153.0,1.0,2.0,87.0
2023-05-01T11:00,13.7,8.2,141.0,1.0,1.2,71.0
2023-05-01T12:00,11.8,6.6,125.0,1.4,0.4,50.0
2023-05-01T13:00,11.1,6.2,126.0,1.5,0.4,48.0
2023-05-01T14:00,11.6,6.5,127.0,1.6,0.5,45.0
2023-05-01T15:00,11.2,6.3,127.0,1.6,0.5,43.0
2023-05-01T16:00,10.8,6.0,124.0,1.4,0.5,43.0
2023-05-01T17:00,10.7,5.9,120.0,1.1,0.5,44.0
2023-05-01T18:00,9.7,5.5,116.0,0.7,0.5,45.0
2023-05-01T19:00,9.7,5.5,115.0,0.5,0.4,46.0
2023-05-01T20:00,8.8,5.1,114.0,0.3,0.3,47.0
2023-05-01T21:00,7.6,4.4,115.0,0.2,0.4,48.0
2023-05-01T22:00,7.1,4.2,116.0,0.4,0.9,48.0
2023-05-01T23:00,7.3,4.4,118.0,0.7,1.5,48.0
2023-05-02T00:00,11.2,6.7,131.0,2.5,2.3,49.0
2023-05-02T01:00,10.9,6.6,138.0,3.5,2.6,49.0
2023-05-02T02:00,10.8,6.6,147.0,4.9,3.1,48.0
2023-05-02T03:00,11.3,7.0,157.0,6.1,3.6,49.0
2023-05-02T04:00,11.5,7.2,160.0,5.7,3.7,51.0
2023-05-02T05:00,12.9,8.3,161.0,4.6,3.7,54.0
2023-05-02T06:00,13.7,8.9,161.0,3.3,3.4,59.0
2023-05-02T07:00,15.1,9.8,159.0,2.6,2.9,63.0
2023-05-02T08:00,15.4,9.9,156.0,2.0,2.1,68.0
2023-05-02T09:00,14.2,9.1,153.0,1.6,1.3,72.0
2023-05-02T10:00,14.0,8.7,151.0,1.5,0.9,72.0
2023-05-02T11:00,12.9,7.9,150.0,1.5,0.7,71.0
2023-05-02T12:00,11.2,6.8,145.0,1.6,0.5,61.0
2023-05-02T13:00,10.7,6.4,147.0,1.7,0.4,60.0
2023-05-02T14:00,10.9,6.5,150.0,1.8,0.2,58.0
2023-05-02T15:00,11.3,6.8,155.0,2.7,0.4,55.0
2023-05-02T16:00,11.5,6.9,158.0,3.9,0.5,54.0
2023-05-02T17:00,11.8,7.2,161.0,5.4,0.8,52.0
2023-05-02T18:00,12.6,7.8,169.0,8.8,3.6,50.0
2023-05-02T19:00,14.5,9.2,178.0,12.8,8.8,48.0
2023-05-02T20:00,16.6,10.7,189.0,,15.9,45.0
2023-05-02T21:00,18.2,11.9,207.0,,,40.0
2023-05-02T22:00,20.7,13.9,225.0,,,35.0
2023-05-02T23:00,23.6,16.2,246.0,,,29.0
2023-05-03T00:00,17.8,12.1,230.0,,,33.0
2023-05-03T01:00,19.8,13.6,243.0,,,34.0
2023-05-03T02:00,22.4,15.5,261.0,,,35.0
2023-05-03T03:00,26.0,18.1,281.0,,,40.0
2023-05-03T04:00,31.1,21.7,287.0,,,48.0
2023-05-03T05:00,36.9,25.7,289.0,,,58.0
2023-05-03T06:00,42.8,29.8,287.0,,,74.0
2023-05-03T07:00,47.1,32.8,285.0,15.3,,89.0
2023-05-03T08:00,48.9,34.0,280.0,12.0,,106.0
2023-05-03T09:00,45.3,31.2,268.0,8.3,,122.0
2023-05-03T10:00,36.8,25.0,251.0,6.3,23.5,123.0
2023-05-03T11:00,30.0,20.0,230.0,4.8,16.4,119.0
2023-05-03T12:00,17.7,11.3,201.0,2.7,8.0,94.0
2023-05-03T13:00,14.2,8.7,194.0,2.1,6.0,89.0
2023-05-03T14:00,12.9,7.7,185.0,1.3,3.1,82.0
2023-05-03T15:00,14.5,8.7,177.0,2.1,1.3,74.0
2023-05-03T16:00,14.2,8.4,180.0,5.7,3.1,71.0
2023-05-03T17:00,15.9,9.8,186.0,10.8,6.4,69.0
2023-05-03T18:00,18.6,11.8,196.0,15.7,10.8,67.0
2023-05-03T19:00,21.0,13.6,201.0,15.8,13.1,67.0
2023-05-03T20:00,22.5,14.9,206.0,14.2,15.1,68.0
2023-05-03T21:00,23.5,15.8,214.0,12.2,17.4,68.0
2023-05-03T22:00,25.9,17.6,222.0,11.9,18.6,67.0
2023-05-03T23:00,28.2,19.4,230.0,12.0,19.5,65.0
2023-05-04T00:00,32.2,22.2,230.0,10.7,,65.0
2023-05-04T01:00,32.8,22.6,234.0,10.2,,67.0
2023-05-04T02:00,33.2,22.9,240.0,9.4,,70.0
2023-05-04T03:00,34.0,23.5,245.0,8.0,23.1,78.0
2023-05-04T04:00,33.3,22.9,244.0,6.6,21.3,88.0
2023-05-04T05:00,34.0,23.5,241.0,5.0,19.2,101.0
2023-05-04T06:00,36.4,25.1,234.0,3.3,16.3,115.0
2023-05-04T07:00,35.3,24.3,227.0,2.5,14.1,119.0
2023-05-04T08:00,32.4,22.0,217.0,2.1,11.7,120.0
2023-05-04T09:00,29.5,19.8,205.0,1.8,8.9,118.0
2023-05-04T10:00,26.0,17.1,196.0,2.0,7.1,112.0
2023-05-04T11:00,23.4,15.1,188.0,2.5,5.4,104.0
2023-05-04T12:00,18.1,11.0,156.0,2.8,2.4,73.0
2023-05-04T13:00,16.0,9.5,153.0,2.6,1.9,71.0
2023-05-04T14:00,15.0,8.7,149.0,2.3,1.2,68.0
2023-05-04T15:00,13.2,7.5,146.0,2.2,0.7,65.0
2023-05-04T16:00,11.9,6.6,145.0,1.6,0.1,65.0
2023-05-04T17:00,12.2,6.8,144.0,0.9,0.0,66.0
2023-05-04T18:00,13.7,7.9,151.0,4.2,2.3,65.0
2023-05-04T19:00,17.5,10.5,166.0,13.1,8.7,59.0
2023-05-04T20:00,23.1,14.4,186.0,,17.6,50.0
2023-05-04T21:00,31.4,20.1,216.0,,,40.0
2023-05-04T22:00,41.9,27.4,239.0,,,33.0
2023-05-04T23:00,49.8,32.9,264.0,,,28.0
2023-05-05T00:00,58.4,39.1,313.0,,,23.0
2023-05-05T01:00,59.4,39.7,315.0,,,30.0
2023-05-05T02:00,60.5,40.5,317.0,,,41.0
2023-05-05T03:00,61.5,41.3,319.0,,,56.0
2023-05-05T04:00,59.6,40.3,317.0,,,66.0
2023-05-05T05:00,61.0,41.1,314.0,,,77.0
2023-05-05T06:00,63.3,42.7,311.0,,,89.0
2023-05-05T07:00,60.8,41.0,310.0,,,95.0
2023-05-05T08:00,63.3,42.7,310.0,,,100.0
2023-05-05T09:00,64.0,43.1,309.0,,,104.0
2023-05-05T10:00,62.4,41.7,307.0,,,105.0
2023-05-05T11:00,61.5,40.7,304.0,,,105.0
2023-05-05T12:00,65.4,42.4,301.0,,,112.0
2023-05-05T13:00,65.9,43.0,311.0,,,108.0
2023-05-05T14:00,68.7,45.2,326.0,,,102.0
2023-05-05T15:00,71.0,47.1,342.0,,,94.0
2023-05-05T16:00,73.3,49.0,349.0,,,89.0
2023-05-05T17:00,75.0,50.4,354.0,,,84.0
2023-05-05T18:00,73.3,49.6,353.0,,,81.0
2023-05-05T19:00,69.6,47.5,342.0,16.6,,83.0
2023-05-05T20:00,61.9,42.6,325.0,11.9,24.7,88.0
2023-05-05T21:00,56.9,39.2,303.0,6.9,17.8,94.0
2023-05-05T22:00,53.0,36.6,290.0,5.2,14.9,95.0
2023-05-05T23:00,50.3,34.7,277.0,4.5,13.0,95.0
2023-05-06T00:00,40.0,27.8,261.0,2.5,4.2,101.0
2023-05-06T01:00,41.1,28.5,262.0,3.2,4.6,101.0
2023-05-06T02:00,40.9,28.2,264.0,4.1,5.2,101.0
2023-05-06T03:00,41.6,28.5,265.0,5.0,6.1,104.0
2023-05-06T04:00,44.2,30.2,264.0,4.8,6.6,111.0
2023-05-06T05:00,46.3,31.5,262.0,4.2,7.2,120.0
2023-05-06T06:00,50.5,34.3,262.0,4.5,9.3,131.0
2023-05-06T07:00,55.8,38.0,266.0,6.6,13.1,135.0
2023-05-06T08:00,61.2,41.7,273.0,9.6,18.0,138.0
2023-05-06T09:00,66.8,45.5,279.0,13.3,23.2,138.0
2023-05-06T10:00,68.2,46.2,278.0,15.2,25.0,136.0
2023-05-06T11:00,63.1,42.4,274.0,16.7,,133.0
2023-05-06T12:00,68.9,46.3,276.0,,,112.0
2023-05-06T13:00,66.4,43.9,280.0,,,109.0
2023-05-06T14:00,68.7,45.1,286.0,,,105.0
2023-05-06T15:00,71.9,46.8,297.0,,,97.0
2023-05-06T16:00,76.8,49.8,312.0,,,89.0
2023-05-06T17:00,,,330.0,,,80.0
2023-05-06T18:00,,,347.0,,,68.0
2023-05-06T19:00,,,350.0,,,60.0
2023-05-06T20:00,,,348.0,,,52.0
2023-05-06T21:00,79.2,,338.0,,,47.0
2023-05-06T22:00,70.5,48.9,323.0,,,50.0
2023-05-06T23:00,62.6,43.7,303.0,,,57.0
2023-05-07T00:00,69.8,48.3,327.0,,,50.0
2023-05-07T01:00,64.5,44.6,322.0,,,56.0
2023-05-07T02:00,59.4,41.1,315.0,,,64.0
2023-05-07T03:00,55.4,38.4,306.0,16.4,24.7,77.0
2023-05-07T04:00,53.6,37.1,301.0,14.0,20.5,88.0
2023-05-07T05:00,55.4,38.5,297.0,11.8,17.3,101.0
2023-05-07T06:00,58.1,40.5,295.0,9.8,14.5,116.0
2023-05-07T07:00,61.5,42.8,296.0,9.0,13.5,125.0
2023-05-07T08:00,64.5,44.9,299.0,8.7,13.3,133.0
2023-05-07T09:00,67.8,47.1,305.0,9.6,14.2,140.0
2023-05-07T10:00,69.4,48.4,312.0,11.0,15.3,142.0
2023-05-07T11:00,71.0,49.5,320.0,13.1,16.9,142.0
2023-05-07T12:00,67.3,46.8,316.0,,,91.0
2023-05-07T13:00,65.7,45.9,319.0,,,78.0
2023-05-07T14:00,63.8,44.5,324.0,,,59.0
2023-05-07T15:00,62.2,43.4,327.0,,,39.0
2023-05-07T16:00,61.5,42.8,324.0,,,34.0
2023-05-07T17:00,56.6,39.6,319.0,,,35.0
2023-05-07T18:00,53.0,37.1,311.0,,,37.0
2023-05-07T19:00,50.1,35.0,305.0,,,39.0
2023-05-07T20:00,47.8,33.4,300.0,,,42.0
2023-05-07T21:00,46.8,32.7,290.0,,23.4,46.0
2023-05-07T22:00,46.6,32.5,279.0,,21.0,48.0
2023-05-07T23:00,44.8,31.2,267.0,,20.1,51.0
2023-05-08T00:00,39.7,27.6,280.0,11.6,9.0,57.0
2023-05-08T01:00,39.6,27.5,287.0,11.8,9.0,60.0
2023-05-08T02:00,40.5,28.1,297.0,12.1,8.9,65.0
2023-05-08T03:00,42.8,29.6,307.0,12.0,9.4,77.0
2023-05-08T04:00,47.1,32.6,307.0,11.2,10.3,92.0
2023-05-08T05:00,53.4,36.9,303.0,10.0,11.5,111.0
2023-05-08T06:00,62.6,43.2,300.0,8.5,13.6,134.0
2023-05-08T07:00,71.5,49.4,302.0,7.8,15.9,149.0
2023-05-08T08:00,77.3,,306.0,7.2,18.5,162.0
2023-05-08T09:00,77.1,,308.0,6.7,20.6,174.0
2023-05-08T10:00,74.5,,304.0,6.6,20.2,176.0
2023-05-08T11:00,67.8,45.8,297.0,6.6,18.8,174.0
2023-05-08T12:00,50.8,33.8,282.0,4.8,16.3,156.0
2023-05-08T13:00,51.8,34.2,281.0,4.6,15.6,152.0
2023-05-08T14:00,50.5,32.9,279.0,4.2,14.6,147.0
2023-05-08T15:00,49.6,32.0,276.0,3.8,13.7,140.0
2023-05-08T16:00,49.4,31.4,272.0,2.7,13.4,137.0
2023-05-08T17:00,50.1,31.7,267.0,1.4,13.5,135.0
2023-05-08T18:00,51.8,32.7,266.0,3.4,14.7,129.0
2023-05-08T19:00,54.9,34.9,274.0,9.9,16.8,120.0
2023-05-08T20:00,58.3,37.5,287.0,,19.8,107.0
2023-05-08T21:00,61.7,40.2,303.0,,25.1,89.0
2023-05-08T22:00,61.5,40.5,311.0,,,72.0
2023-05-08T23:00,63.8,42.5,317.0,,,54.0
2023-05-09T00:00,44.1,30.5,240.0,,20.9,37.0
2023-05-09T01:00,44.1,30.5,242.0,,19.1,42.0
2023-05-09T02:00,42.7,29.6,245.0,,16.5,49.0
2023-05-09T03:00,42.6,29.5,249.0,,13.6,64.0
2023-05-09T04:00,44.6,31.0,252.0,15.0,12.4,82.0
2023-05-09T05:00,49.2,34.2,256.0,10.8,11.6,104.0
2023-05-09T06:00,57.4,39.8,259.0,6.7,11.2,131.0
2023-05-09T07:00,65.7,45.5,260.0,4.9,11.6,147.0
2023-05-09T08:00,71.9,49.7,260.0,4.0,12.5,161.0
2023-05-09T09:00,70.1,48.1,259.0,3.7,13.3,173.0
2023-05-09T10:00,59.6,40.4,256.0,4.1,13.2,173.0
2023-05-09T11:00,55.4,37.0,251.0,5.1,12.7,168.0
2023-05-09T12:00,67.8,45.5,256.0,6.0,12.2,144.0
2023-05-09T13:00,60.1,39.6,254.0,5.1,11.8,141.0
2023-05-09T14:00,56.3,36.1,251.0,3.7,11.2,137.0
2023-05-09T15:00,54.9,34.3,247.0,2.4,10.7,133.0
2023-05-09T16:00,53.2,32.4,243.0,1.4,10.0,133.0
2023-05-09T17:00,53.3,31.8,238.0,0.5,9.3,135.0
2023-05-09T18:00,54.2,32.1,239.0,2.8,11.3,131.0
2023-05-09T19:00,56.9,34.6,251.0,10.3,17.8,118.0
2023-05-09T20:00,60.8,38.2,270.0,,,99.0
2023-05-09T21:00,64.7,42.3,290.0,,,77.0
2023-05-09T22:00,70.1,47.0,295.0,,,67.0
2023-05-09T23:00,71.0,48.7,295.0,,,60.0
2023-05-10T00:00,59.3,41.3,271.0,13.3,20.4,59.0
2023-05-10T01:00,57.3,40.0,275.0,12.8,18.2,61.0
2023-05-10T02:00,55.3,38.6,281.0,12.1,15.2,65.0
2023-05-10T03:00,53.2,37.3,289.0,10.9,12.1,74.0
2023-05-10T04:00,54.0,37.7,296.0,9.8,11.5,88.0
2023-05-10T05:00,56.5,39.5,303.0,8.5,11.8,107.0
2023-05-10T06:00,62.2,43.3,309.0,7.3,12.9,127.0
2023-05-10T07:00,66.8,46.3,308.0,7.0,14.4,135.0
2023-05-10T08:00,69.4,47.8,303.0,7.1,16.5,139.0
2023-05-10T09:00,68.0,46.7,295.0,7.3,18.7,141.0
2023-05-10T10:00,68.7,46.9,288.0,7.5,19.5,140.0
2023-05-10T11:00,67.8,46.1,279.0,7.7,19.9,138.0
2023-05-10T12:00,78.2,,291.0,8.3,18.0,148.0
2023-05-10T13:00,69.8,46.0,281.0,6.7,16.6,145.0
2023-05-10T14:00,65.0,41.6,268.0,4.3,14.7,141.0
2023-05-10T15:00,61.5,38.2,252.0,1.9,12.7,136.0
2023-05-10T16:00,61.9,37.8,245.0,0.9,11.8,135.0
2023-05-10T17:00,61.7,37.3,241.0,0.4,11.3,135.0
2023-05-10T18:00,61.2,36.8,240.0,1.7,12.5,132.0
2023-05-10T19:00,61.0,36.8,245.0,5.1,15.4,126.0
2023-05-10T20:00,59.6,36.3,253.0,10.0,19.6,117.0
2023-05-10T21:00,58.8,36.8,267.0,16.4,,102.0
2023-05-10T22:00,56.0,36.1,277.0,,,87.0
2023-05-10T23:00,56.9,38.0,289.0,,,70.0
2023-05-11T00:00,52.9,35.4,280.0,,,62.0
2023-05-11T01:00,58.1,39.6,297.0,,,59.0
2023-05-11T02:00,64.0,43.9,322.0,,,55.0
2023-05-11T03:00,69.6,47.8,349.0,,,58.0
2023-05-11T04:00,76.1,,359.0,,,71.0
2023-05-11T05:00,,,365.0,,,90.0
2023-05-11T06:00,,,370.0,,,116.0
2023-05-11T07:00,,,373.0,,,133.0
2023-05-11T08:00,,,375.0,,,150.0
2023-05-11T09:00,,,375.0,,,166.0
2023-05-11T10:00,,,373.0,,,169.0
2023-05-11T11:00,,,369.0,,,167.0
2023-05-11T12:00,,,360.0,,,152.0
2023-05-11T13:00,,,348.0,16.8,,153.0
2023-05-11T14:00,,,332.0,11.5,,154.0
2023-05-11T15:00,75.0,48.0,308.0,8.8,,146.0
2023-05-11T16:00,65.0,40.4,288.0,13.3,24.4,126.0
2023-05-11T17:00,55.6,34.5,267.0,,22.3,99.0
2023-05-11T18:00,47.6,29.9,251.0,,23.5,66.0
2023-05-11T19:00,44.1,28.3,253.0,,,49.0
2023-05-11T20:00,45.1,29.7,264.0,,,36.0
2023-05-11T21:00,51.6,34.7,290.0,,,22.0
2023-05-11T22:00,61.7,42.0,321.0,,,14.0
2023-05-11T23:00,72.9,49.9,359.0,,,9.0
2023-05-12T00:00,,,,,,19.0
2023-05-12T01:00,,,,,,29.0
2023-05-12T02:00,,,,,,44.0
2023-05-12T03:00,,,,,23.3,70.0
2023-05-12T04:00,,,,,22.4,98.0
2023-05-12T05:00,,,,,23.8,131.0
2023-05-12T06:00,,,,,,167.0
2023-05-12T07:00,,,,,,
2023-05-12T08:00,,,,,,
2023-05-12T09:00,,,,,,
2023-05-12T10:00,,,373.0,,,
2023-05-12T11:00,,,357.0,15.8,,
2023-05-12T12:00,,,343.0,,,154.0
2023-05-12T13:00,,,329.0,,,131.0
2023-05-12T14:00,67.8,45.4,309.0,,,99.0
2023-05-12T15:00,55.3,36.6,278.0,,23.4,62.0
2023-05-12T16:00,44.1,28.6,253.0,,23.3,46.0
2023-05-12T17:00,34.2,21.7,225.0,,23.9,35.0
2023-05-12T18:00,25.9,16.0,192.0,,24.7,28.0
2023-05-12T19:00,20.1,12.2,169.0,,24.7,29.0
2023-05-12T20:00,16.9,10.2,148.0,,24.5,34.0
2023-05-12T21:00,15.5,9.6,135.0,12.6,24.2,41.0
2023-05-12T22:00,16.4,10.4,143.0,8.9,23.8,42.0
2023-05-12T23:00,19.3,12.6,161.0,8.7,23.3,42.0
2023-05-13T00:00,29.7,19.8,221.0,12.1,,46.0
2023-05-13T01:00,33.2,22.2,245.0,14.2,,47.0
2023-05-13T02:00,36.2,24.4,280.0,,,48.0
2023-05-13T03:00,40.7,27.6,318.0,,,57.0
2023-05-13T04:00,47.1,32.1,331.0,,,75.0
2023-05-13T05:00,55.8,38.2,336.0,,,100.0
2023-05-13T06:00,65.4,44.8,337.0,,,131.0
2023-05-13T07:00,72.9,49.9,332.0,16.3,,150.0
2023-05-13T08:00,,,323.0,13.8,,167.0
2023-05-13T09:00,,,312.0,12.3,,
2023-05-13T10:00,,,306.0,12.5,,
2023-05-13T11:00,,,300.0,13.7,24.4,171.0
2023-05-13T12:00,79.4,,322.0,,23.8,142.0
2023-05-13T13:00,75.9,,337.0,,,121.0
2023-05-13T14:00,74.3,,358.0,,,90.0
2023-05-13T15:00,73.6,,376.0,,,54.0
2023-05-13T16:00,70.1,48.1,372.0,,,37.0
2023-05-13T17:00,61.5,42.0,359.0,,,25.0
2023-05-13T18:00,51.2,34.8,339.0,,,15.0
2023-05-13T19:00,41.3,27.9,321.0,,,11.0
2023-05-13T20:00,36.2,24.4,301.0,,,11.0
2023-05-13T21:00,36.4,24.6,286.0,,,15.0
2023-05-13T22:00,40.0,27.2,291.0,,,20.0
2023-05-13T23:00,44.2,30.2,306.0,,,27.0
2023-05-14T00:00,46.7,31.9,305.0,,,48.0
2023-05-14T01:00,46.0,31.4,314.0,,,50.0
2023-05-14T02:00,45.9,31.3,326.0,,,52.0
2023-05-14T03:00,48.1,32.9,339.0,,,63.0
2023-05-14T04:00,53.2,36.6,342.0,,,82.0
2023-05-14T05:00,61.5,42.4,341.0,,,107.0
2023-05-14T06:00,70.3,48.4,337.0,16.6,,138.0
2023-05-14T07:00,,,333.0,15.5,,156.0
2023-05-14T08:00,,,328.0,14.3,,172.0
2023-05-14T09:00,,,320.0,13.4,,
2023-05-14T10:00,,,313.0,12.7,,
2023-05-14T11:00,,,305.0,12.2,25.0,
2023-05-14T12:00,,,311.0,,25.0,158.0
2023-05-14T13:00,,,291.0,,23.0,135.0
2023-05-14T14:00,61.5,40.6,263.0,,20.3,101.0
2023-05-14T15:00,44.8,29.0,228.0,,18.0,64.0
2023-05-14T16:00,33.8,21.6,207.0,,18.6,51.0
2023-05-14T17:00,27.2,17.1,187.0,,20.4,44.0
2023-05-14T18:00,24.0,15.1,169.0,,22.8,40.0
2023-05-14T19:00,22.8,14.4,164.0,,24.2,39.0
2023-05-14T20:00,22.9,14.8,164.0,,,41.0
2023-05-14T21:00,25.3,16.5,173.0,,,44.0
2023-05-14T22:00,29.2,19.4,189.0,16.3,,46.0
2023-05-14T23:00,32.9,22.1,212.0,14.2,,49.0
2023-05-15T00:00,38.1,25.6,248.0,13.4,25.1,53.0
2023-05-15T01:00,38.4,25.9,264.0,14.5,,55.0
2023-05-15T02:00,39.3,26.7,286.0,16.2,,59.0
2023-05-15T03:00,42.7,29.0,310.0,,,71.0
2023-05-15T04:00,49.9,34.0,318.0,,,90.0
2023-05-15T05:00,60.5,41.4,321.0,16.6,,116.0
2023-05-15T06:00,70.1,48.0,323.0,14.7,,150.0
2023-05-15T07:00,,,324.0,12.3,,176.0
2023-05-15T08:00,,,323.0,9.1,,
2023-05-15T09:00,,,318.0,6.1,24.8,
2023-05-15T10:00,,,310.0,5.6,22.0,
2023-05-15T11:00,,,299.0,6.0,18.8,
2023-05-15T12:00,,,310.0,6.6,20.2,
2023-05-15T13:00,,,289.0,6.6,16.2,
2023-05-15T14:00,60.5,39.0,258.0,6.8,10.6,150.0
2023-05-15T15:00,44.6,28.0,225.0,10.0,6.1,107.0
2023-05-15T16:00,36.9,23.2,215.0,,7.9,84.0
2023-05-15T17:00,31.9,20.1,212.0,,12.2,66.0
2023-05-15T18:00,30.9,19.4,206.0,,17.5,51.0
2023-05-15T19:00,28.5,17.8,193.0,,19.5,51.0
2023-05-15T20:00,25.3,15.9,177.0,,20.8,58.0
2023-05-15T21:00,22.6,14.2,160.0,15.4,21.8,66.0
2023-05-15T22:00,20.0,12.6,151.0,10.8,21.5,67.0
2023-05-15T23:00,18.4,11.7,143.0,7.1,20.5,67.0
2023-05-16T00:00,17.4,11.4,153.0,5.3,21.1,64.0
2023-05-16T01:00,18.2,12.0,172.0,7.4,23.3,63.0
2023-05-16T02:00,20.9,13.9,199.0,10.3,,63.0
2023-05-16T03:00,27.4,18.4,235.0,13.6,,71.0
2023-05-16T04:00,39.0,26.3,259.0,15.1,,88.0
2023-05-16T05:00,55.2,37.4,282.0,16.0,,112.0
2023-05-16T06:00,71.2,48.5,305.0,15.7,,146.0
2023-05-16T07:00,,,313.0,13.3,,176.0
2023-05-16T08:00,,,316.0,9.7,,
2023-05-16T09:00,,,315.0,5.9,24.7,
2023-05-16T10:00,,,312.0,5.1,21.8,
2023-05-16T11:00,,,305.0,5.3,18.8,
2023-05-16T12:00,,,302.0,5.6,21.3,
2023-05-16T13:00,,,294.0,4.9,16.8,
2023-05-16T14:00,59.4,38.1,282.0,3.9,10.5,169.0
2023-05-16T15:00,44.1,28.1,270.0,4.0,4.2,137.0
2023-05-16T16:00,38.9,24.7,268.0,6.2,3.1,122.0
2023-05-16T17:00,39.5,25.5,269.0,9.5,3.9,110.0
2023-05-16T18:00,38.6,24.8,267.0,13.4,6.1,96.0
2023-05-16T19:00,37.1,23.5,261.0,15.7,8.7,86.0
2023-05-16T20:00,35.7,22.7,252.0,,12.2,76.0
2023-05-16T21:00,32.7,20.7,237.0,,16.0,69.0
2023-05-16T22:00,29.2,18.5,222.0,14.6,17.2,70.0
2023-05-16T23:00,25.3,15.9,204.0,9.1,17.7,75.0
2023-05-17T00:00,22.8,14.6,195.0,4.9,22.8,79.0
2023-05-17T01:00,22.7,14.5,199.0,6.2,23.4,80.0
2023-05-17T02:00,23.9,15.3,205.0,8.0,24.1,81.0
2023-05-17T03:00,27.0,17.2,213.0,9.6,24.0,88.0
2023-05-17T04:00,33.3,21.3,217.0,9.6,22.4,100.0
2023-05-17T05:00,42.6,27.2,221.0,9.0,19.9,115.0
2023-05-17T06:00,54.5,34.8,224.0,7.7,16.3,135.0
2023-05-17T07:00,65.4,41.8,225.0,6.2,13.4,150.0
2023-05-17T08:00,69.2,44.0,225.0,4.3,10.4,164.0
2023-05-17T09:00,63.8,40.2,225.0,2.7,7.0,175.0
2023-05-17T10:00,58.7,36.4,225.0,2.9,5.4,172.0
2023-05-17T11:00,53.9,32.9,225.0,3.9,4.2,162.0
2023-05-17T12:00,52.2,31.9,231.0,4.9,4.6,147.0
2023-05-17T13:00,45.8,27.6,230.0,4.5,3.9,136.0
2023-05-17T14:00,40.4,24.0,229.0,4.0,2.9,120.0
2023-05-17T15:00,38.4,22.7,227.0,4.4,2.3,100.0
2023-05-17T16:00,38.0,22.5,225.0,6.7,2.8,88.0
2023-05-17T17:00,38.9,23.0,224.0,10.0,3.9,77.0
2023-05-17T18:00,39.5,23.2,218.0,12.9,5.3,66.0
2023-05-17T19:00,37.8,22.3,210.0,12.6,6.0,61.0
2023-05-17T20:00,35.4,21.0,199.0,11.1,6.5,57.0
2023-05-17T21:00,32.0,19.1,184.0,8.7,7.3,55.0
2023-05-17T22:00,28.9,17.3,173.0,6.8,7.7,54.0
2023-05-17T23:00,26.6,15.9,162.0,4.6,8.2,55.0
2023-05-18T00:00,23.9,14.5,156.0,3.8,15.8,54.0
2023-05-18T01:00,23.1,14.1,160.0,5.0,18.9,56.0
2023-05-18T02:00,23.2,14.3,165.0,6.7,23.4,58.0
2023-05-18T03:00,24.9,15.5,175.0,8.7,,66.0
2023-05-18T04:00,30.3,19.2,186.0,9.7,,76.0
2023-05-18T05:00,39.5,25.3,200.0,10.4,,90.0
2023-05-18T06:00,49.4,31.9,213.0,10.4,,108.0
2023-05-18T07:00,59.8,38.9,214.0,9.0,,122.0
2023-05-18T08:00,65.7,41.9,211.0,6.9,22.8,137.0
2023-05-18T09:00,62.2,38.5,205.0,4.6,15.5,147.0
2023-05-18T10:00,53.3,31.7,199.0,4.1,11.1,144.0
2023-05-18T11:00,45.4,25.8,192.0,4.1,7.1,133.0
2023-05-18T12:00,43.5,25.3,195.0,5.0,4.0,119.0
2023-05-18T13:00,36.2,20.5,193.0,5.3,3.5,109.0
2023-05-18T14:00,33.5,18.7,191.0,5.7,2.9,94.0
2023-05-18T15:00,31.8,17.9,188.0,7.3,3.0,75.0
2023-05-18T16:00,30.6,17.2,186.0,10.4,4.4,64.0
2023-05-18T17:00,29.2,16.4,185.0,14.5,6.6,55.0
2023-05-18T18:00,27.3,15.4,180.0,,9.1,46.0
2023-05-18T19:00,25.5,14.4,172.0,16.2,9.9,44.0
2023-05-18T20:00,24.2,13.6,162.0,12.9,10.2,46.0
2023-05-18T21:00,23.0,13.0,151.0,8.8,10.9,49.0
2023-05-18T22:00,22.1,12.4,145.0,6.9,12.0,51.0
2023-05-18T23:00,21.1,11.9,140.0,5.3,13.3,53.0
2023-05-19T00:00,19.1,11.1,139.0,5.6,20.6,55.0
2023-05-19T01:00,19.7,11.8,147.0,6.3,21.9,57.0
2023-05-19T02:00,22.2,13.5,158.0,7.4,23.8,61.0
2023-05-19T03:00,26.8,16.8,175.0,8.4,,71.0
2023-05-19T04:00,33.5,21.4,189.0,8.6,,86.0
2023-05-19T05:00,43.1,27.9,204.0,8.6,,104.0
2023-05-19T06:00,53.1,34.8,220.0,7.9,,129.0
2023-05-19T07:00,65.4,43.3,227.0,6.5,24.9,149.0
2023-05-19T08:00,78.0,,231.0,4.7,20.6,169.0
2023-05-19T09:00,76.6,50.4,229.0,3.1,14.9,
2023-05-19T10:00,63.8,41.0,219.0,3.0,10.9,171.0
2023-05-19T11:00,49.0,30.2,203.0,3.6,6.9,151.0
2023-05-19T12:00,58.7,35.9,195.0,5.6,4.4,128.0
2023-05-19T13:00,50.9,30.6,191.0,7.4,4.8,112.0
2023-05-19T14:00,44.5,26.5,184.0,9.9,5.3,90.0
2023-05-19T15:00,40.5,24.0,176.0,13.6,6.8,64.0
2023-05-19T16:00,36.9,21.9,171.0,17.0,9.1,52.0
2023-05-19T17:00,33.4,19.7,167.0,,12.0,43.0
2023-05-19T18:00,29.8,17.6,160.0,,15.1,36.0
2023-05-19T19:00,27.2,16.1,152.0,,16.0,37.0
2023-05-19T20:00,26.8,15.8,144.0,15.8,16.3,42.0
2023-05-19T21:00,27.6,16.3,137.0,10.4,16.9,48.0
2023-05-19T22:00,28.8,17.2,138.0,8.5,18.0,51.0
2023-05-19T23:00,30.0,18.2,143.0,7.4,19.4,53.0
2023-05-20T00:00,29.0,17.9,148.0,6.9,23.2,55.0
2023-05-20T01:00,31.0,19.3,160.0,7.7,,56.0
2023-05-20T02:00,33.3,21.1,178.0,8.9,,59.0
2023-05-20T03:00,37.5,24.2,201.0,10.0,,68.0
2023-05-20T04:00,44.8,29.3,217.0,10.3,,83.0
2023-05-20T05:00,53.8,35.5,233.0,10.2,,102.0
2023-05-20T06:00,64.7,43.0,249.0,9.4,,128.0
2023-05-20T07:00,70.8,46.7,256.0,7.9,,147.0
2023-05-20T08:00,75.2,49.1,259.0,5.7,21.3,167.0
2023-05-20T09:00,72.9,46.9,259.0,3.7,13.3,
2023-05-20T10:00,66.6,42.3,256.0,3.4,9.5,
2023-05-20T11:00,60.1,37.5,250.0,3.7,6.6,172.0
2023-05-20T12:00,39.2,23.6,237.0,5.1,3.6,146.0
2023-05-20T13:00,36.8,21.6,232.0,6.2,3.7,131.0
2023-05-20T14:00,34.9,20.3,224.0,7.8,3.9,109.0
2023-05-20T15:00,32.6,18.8,216.0,10.4,4.8,84.0
2023-05-20T16:00,28.9,16.6,214.0,13.2,6.3,72.0
2023-05-20T17:00,26.1,15.0,213.0,16.5,8.4,63.0
2023-05-20T18:00,22.9,13.4,210.0,,11.4,56.0
2023-05-20T19:00,20.8,12.3,203.0,,14.0,54.0
2023-05-20T20:00,20.3,12.1,194.0,,16.8,56.0
2023-05-20T21:00,20.5,12.2,183.0,14.9,19.5,59.0
2023-05-20T22:00,20.5,12.3,176.0,12.4,19.9,61.0
2023-05-20T23:00,20.0,12.0,170.0,9.5,19.5,63.0
2023-05-21T00:00,19.3,11.4,161.0,5.6,19.3,73.0
2023-05-21T01:00,19.5,11.6,167.0,6.1,20.4,74.0
2023-05-21T02:00,20.7,12.5,176.0,6.8,21.8,75.0
2023-05-21T03:00,23.1,14.2,189.0,7.5,22.9,82.0
2023-05-21T04:00,28.2,17.6,200.0,7.6,22.5,94.0
2023-05-21T05:00,36.4,23.1,211.0,7.4,21.3,111.0
2023-05-21T06:00,46.8,29.9,222.0,6.8,18.7,132.0
2023-05-21T07:00,57.0,36.6,225.0,5.7,15.5,147.0
2023-05-21T08:00,61.0,38.9,225.0,4.2,11.4,161.0
2023-05-21T09:00,57.0,35.7,221.0,2.9,6.9,170.0
2023-05-21T10:00,50.4,31.0,213.0,2.9,4.9,162.0
2023-05-21T11:00,42.3,25.0,202.0,3.5,3.7,146.0
2023-05-21T12:00,44.0,25.1,185.0,4.9,2.5,120.0
2023-05-21T13:00,38.4,21.4,183.0,6.1,2.8,108.0
2023-05-21T14:00,35.5,19.8,181.0,7.8,3.3,91.0
2023-05-21T15:00,33.4,18.8,179.0,10.7,4.9,70.0
2023-05-21T16:00,31.0,17.6,179.0,13.9,7.4,59.0
2023-05-21T17:00,28.3,16.2,180.0,,10.7,50.0
2023-05-21T18:00,26.5,15.3,179.0,,15.1,43.0
2023-05-21T19:00,25.9,15.1,175.0,,18.4,43.0
2023-05-21T20:00,26.2,15.3,170.0,,21.7,47.0
2023-05-21T21:00,26.9,15.7,164.0,14.5,24.6,53.0
2023-05-21T22:00,27.7,16.2,161.0,12.0,24.6,56.0
2023-05-21T23:00,28.3,16.6,158.0,9.3,23.5,59.0
2023-05-22T00:00,26.9,15.8,155.0,5.6,21.3,66.0
2023-05-22T01:00,28.4,16.9,163.0,6.4,23.4,67.0
2023-05-22T02:00,30.3,18.3,174.0,7.5,,68.0
2023-05-22T03:00,33.8,21.0,189.0,8.4,,75.0
2023-05-22T04:00,40.3,25.6,200.0,8.4,,88.0
2023-05-22T05:00,49.2,31.8,212.0,7.9,,106.0
2023-05-22T06:00,58.6,38.1,221.0,6.9,,127.0
2023-05-22T07:00,62.9,40.5,220.0,5.6,23.1,140.0
2023-05-22T08:00,63.8,40.5,215.0,3.9,16.3,152.0
2023-05-22T09:00,59.1,36.7,204.0,2.4,8.8,158.0
2023-05-22T10:00,51.7,31.0,193.0,2.3,5.7,150.0
2023-05-22T11:00,45.4,26.4,180.0,2.9,3.9,135.0
2023-05-22T12:00,38.1,21.4,173.0,4.3,2.5,115.0
2023-05-22T13:00,34.0,18.8,171.0,6.0,2.9,102.0
2023-05-22T14:00,29.6,16.4,169.0,8.5,3.5,84.0
2023-05-22T15:00,24.3,13.7,167.0,12.1,5.7,62.0
2023-05-22T16:00,20.0,11.5,167.0,15.2,9.3,52.0
2023-05-22T17:00,17.5,10.2,167.0,,14.1,45.0
2023-05-22T18:00,15.7,9.3,166.0,,19.8,40.0
2023-05-22T19:00,14.6,8.7,163.0,,22.7,40.0
2023-05-22T20:00,14.2,8.5,159.0,,25.1,43.0
2023-05-22T21:00,14.0,8.4,155.0,14.4,,47.0
2023-05-22T22:00,14.2,8.6,153.0,12.5,,49.0
2023-05-22T23:00,14.9,9.1,153.0,10.8,,50.0
2023-05-23T00:00,15.5,9.6,160.0,10.0,,51.0
2023-05-23T01:00,16.2,10.1,166.0,10.1,,53.0
2023-05-23T02:00,17.8,11.2,175.0,10.1,,57.0
2023-05-23T03:00,21.7,13.9,188.0,10.0,,67.0
2023-05-23T04:00,29.3,19.3,198.0,9.7,,81.0
2023-05-23T05:00,39.0,26.0,208.0,9.3,,98.0
2023-05-23T06:00,49.7,33.3,217.0,8.3,,120.0
2023-05-23T07:00,59.5,39.9,218.0,6.8,,135.0
2023-05-23T08:00,64.0,42.7,216.0,4.8,24.1,149.0
2023-05-23T09:00,59.6,39.0,208.0,3.0,15.3,158.0
2023-05-23T10:00,49.0,31.0,197.0,2.8,10.8,152.0
2023-05-23T11:00,38.6,23.2,182.0,3.1,7.1,139.0
2023-05-23T12:00,35.2,20.5,174.0,4.8,3.7,117.0
2023-05-23T13:00,30.6,17.2,173.0,6.6,3.8,104.0
2023-05-23T14:00,28.2,15.8,171.0,9.1,4.0,85.0
2023-05-23T15:00,25.1,14.4,170.0,13.5,5.7,61.0
2023-05-23T16:00,21.6,12.7,171.0,,9.1,48.0
2023-05-23T17:00,19.6,11.8,174.0,,13.6,36.0
2023-05-23T18:00,17.9,10.7,174.0,,18.9,26.0
2023-05-23T19:00,16.8,10.0,170.0,,21.5,25.0
2023-05-23T20:00,15.9,9.5,164.0,,23.5,28.0
2023-05-23T21:00,15.5,9.3,156.0,,,33.0
2023-05-23T22:00,15.4,9.2,151.0,15.7,,36.0
2023-05-23T23:00,15.7,9.4,147.0,12.1,,39.0
2023-05-24T00:00,15.3,9.2,147.0,8.8,,43.0
2023-05-24T01:00,16.0,9.7,153.0,9.3,,44.0
2023-05-24T02:00,17.8,11.0,161.0,10.0,,46.0
2023-05-24T03:00,21.9,13.8,175.0,10.7,,54.0
2023-05-24T04:00,29.7,19.3,191.0,11.2,,67.0
2023-05-24T05:00,40.6,26.8,209.0,11.5,,85.0
2023-05-24T06:00,51.8,34.5,227.0,11.0,,110.0
2023-05-24T07:00,66.8,44.5,232.0,9.1,,131.0
2023-05-24T08:00,75.2,49.7,232.0,6.3,20.3,154.0
2023-05-24T09:00,68.7,44.8,223.0,3.6,12.6,169.0
2023-05-24T10:00,55.3,35.3,206.0,3.2,8.7,159.0
2023-05-24T11:00,41.3,25.4,184.0,3.7,5.6,137.0
2023-05-24T12:00,36.1,21.9,172.0,6.2,4.6,114.0
2023-05-24T13:00,28.8,16.8,169.0,8.3,4.9,99.0
2023-05-24T14:00,24.4,14.0,164.0,11.4,5.3,77.0
2023-05-24T15:00,22.2,12.9,161.0,16.7,7.2,51.0
2023-05-24T16:00,21.1,12.5,163.0,,10.5,37.0
2023-05-24T17:00,19.8,11.7,167.0,,15.0,26.0
2023-05-24T18:00,18.0,10.5,172.0,,20.0,19.0
2023-05-24T19:00,16.6,9.7,174.0,,22.1,23.0
2023-05-24T20:00,17.2,10.4,175.0,,23.5,33.0
2023-05-24T21:00,19.1,11.8,180.0,15.7,24.8,46.0
2023-05-24T22:00,21.8,13.8,189.0,12.6,,52.0
2023-05-24T23:00,23.5,15.1,200.0,10.7,,57.0
2023-05-25T00:00,20.9,13.4,195.0,8.1,,61.0
2023-05-25T01:00,21.7,14.0,211.0,9.9,,60.0
2023-05-25T02:00,24.3,16.0,234.0,12.4,,59.0
2023-05-25T03:00,30.5,20.4,261.0,14.8,,66.0
2023-05-25T04:00,39.7,26.8,276.0,15.2,,81.0
2023-05-25T05:00,51.9,35.2,289.0,14.9,,103.0
2023-05-25T06:00,64.0,43.2,298.0,13.4,,132.0
2023-05-25T07:00,,,297.0,11.0,,156.0
2023-05-25T08:00,,,290.0,7.7,24.3,
2023-05-25T09:00,,,275.0,4.5,18.2,
2023-05-25T10:00,72.4,47.1,257.0,3.7,14.1,
2023-05-25T11:00,62.6,39.3,235.0,3.7,10.0,171.0
2023-05-25T12:00,62.9,40.9,281.0,5.8,15.1,
2023-05-25T13:00,50.2,31.8,259.0,6.7,12.4,163.0
2023-05-25T14:00,34.7,21.4,229.0,8.1,8.8,124.0
2023-05-25T15:00,24.2,14.6,205.0,14.5,6.9,78.0
2023-05-25T16:00,19.2,11.4,216.0,,11.3,56.0
2023-05-25T17:00,19.8,12.1,242.0,,18.5,39.0
2023-05-25T18:00,26.1,17.0,272.0,,24.0,32.0
2023-05-25T19:00,35.4,23.9,283.0,,20.4,45.0
2023-05-25T20:00,42.8,29.3,289.0,,13.2,68.0
2023-05-25T21:00,46.0,31.5,294.0,14.5,6.3,93.0
2023-05-25T22:00,46.8,32.1,295.0,10.9,6.5,96.0
2023-05-25T23:00,47.0,32.4,293.0,11.5,9.1,92.0
2023-05-26T00:00,52.9,36.3,309.0,,17.9,69.0
2023-05-26T01:00,49.9,34.3,313.0,,21.0,70.0
2023-05-26T02:00,48.3,33.2,320.0,,,72.0
2023-05-26T03:00,49.1,33.8,326.0,,,81.0
2023-05-26T04:00,52.7,36.2,327.0,,,97.0
2023-05-26T05:00,61.0,42.0,326.0,,,118.0
2023-05-26T06:00,70.8,48.5,325.0,13.9,,147.0
2023-05-26T07:00,,,328.0,11.7,,171.0
2023-05-26T08:00,,,332.0,9.5,,
2023-05-26T09:00,,,332.0,7.0,,
2023-05-26T10:00,,,322.0,5.0,,
2023-05-26T11:00,,,306.0,3.0,24.4,
2023-05-26T12:00,,,283.0,3.8,16.8,
2023-05-26T13:00,,,273.0,3.4,14.5,
2023-05-26T14:00,,,258.0,2.9,11.2,158.0
2023-05-26T15:00,,,251.0,7.0,9.5,128.0
2023-05-26T16:00,79.2,,267.0,,12.1,104.0
2023-05-26T17:00,78.2,,293.0,,16.8,79.0
2023-05-26T18:00,76.6,,322.0,,23.5,52.0
2023-05-26T19:00,75.7,,332.0,,,41.0
2023-05-26T20:00,72.2,49.2,336.0,,,35.0
2023-05-26T21:00,67.5,46.4,333.0,,,33.0
2023-05-26T22:00,63.6,43.9,319.0,,,36.0
2023-05-26T23:00,59.3,41.0,298.0,,,44.0
2023-05-27T00:00,44.8,31.0,253.0,14.2,19.7,65.0
2023-05-27T01:00,42.6,29.3,257.0,14.3,20.3,67.0
2023-05-27T02:00,41.9,28.8,263.0,14.4,21.1,69.0
2023-05-27T03:00,43.8,30.0,271.0,14.6,23.2,78.0
2023-05-27T04:00,49.7,34.2,277.0,14.9,,91.0
2023-05-27T05:00,58.3,40.2,284.0,15.1,,108.0
2023-05-27T06:00,68.9,47.4,291.0,14.8,,133.0
2023-05-27T07:00,,,295.0,13.4,,155.0
2023-05-27T08:00,,,298.0,11.4,,
2023-05-27T09:00,,,298.0,9.4,,
2023-05-27T10:00,,,293.0,8.9,,
2023-05-27T11:00,,,285.0,9.0,,
2023-05-27T12:00,,,295.0,8.9,,
2023-05-27T13:00,74.3,48.0,292.0,8.1,25.0,
2023-05-27T14:00,66.1,42.1,288.0,7.2,21.6,164.0
2023-05-27T15:00,56.7,36.1,287.0,11.1,18.4,141.0
2023-05-27T16:00,54.7,35.3,295.0,,18.0,116.0
2023-05-27T17:00,50.4,32.9,307.0,,18.8,87.0
2023-05-27T18:00,46.6,30.7,319.0,,21.2,53.0
2023-05-27T19:00,43.0,28.6,322.0,,24.9,34.0
2023-05-27T20:00,38.8,25.8,322.0,,,19.0
2023-05-27T21:00,34.2,22.8,318.0,,,7.0
2023-05-27T22:00,33.9,22.8,309.0,,,7.0
2023-05-27T23:00,38.9,26.3,297.0,,,12.0
2023-05-28T00:00,20.8,13.5,224.0,,,50.0
2023-05-28T01:00,23.8,15.7,240.0,,,56.0
2023-05-28T02:00,31.0,20.9,263.0,,,64.0
2023-05-28T03:00,38.6,26.2,288.0,,,77.0
2023-05-28T04:00,46.1,31.3,295.0,,,89.0
2023-05-28T05:00,55.8,38.0,297.0,,,103.0
2023-05-28T06:00,65.7,44.5,297.0,,,123.0
2023-05-28T07:00,73.3,49.4,296.0,15.4,,142.0
2023-05-28T08:00,,,294.0,12.4,,162.0
2023-05-28T09:00,,,289.0,9.3,,
2023-05-28T10:00,,,284.0,8.3,23.1,
2023-05-28T11:00,74.3,48.5,278.0,8.0,18.3,
2023-05-28T12:00,,,287.0,11.2,23.6,
2023-05-28T13:00,78.7,,288.0,11.7,22.1,171.0
2023-05-28T14:00,72.9,48.9,289.0,12.6,20.1,156.0
2023-05-28T15:00,69.4,46.4,293.0,16.7,17.8,133.0
2023-05-28T16:00,66.1,44.2,300.0,,16.8,113.0
2023-05-28T17:00,63.3,42.0,310.0,,16.3,91.0
2023-05-28T18:00,59.8,39.5,319.0,,16.8,63.0
2023-05-28T19:00,57.5,37.7,323.0,,18.8,44.0
2023-05-28T20:00,55.3,36.4,325.0,,21.9,27.0
2023-05-28T21:00,49.6,32.7,319.0,,,13.0
2023-05-28T22:00,42.7,28.2,302.0,,,12.0
2023-05-28T23:00,38.9,25.5,278.0,,,18.0
2023-05-29T00:00,38.5,25.4,273.0,,,19.0
2023-05-29T01:00,37.4,24.4,266.0,,,30.0
2023-05-29T02:00,37.3,24.3,257.0,,,46.0
2023-05-29T03:00,39.3,25.6,248.0,,,70.0
2023-05-29T04:00,43.8,28.4,248.0,16.2,,91.0
2023-05-29T05:00,52.3,33.9,250.0,12.9,,115.0
2023-05-29T06:00,62.4,40.6,251.0,9.6,,143.0
2023-05-29T07:00,73.1,47.7,247.0,6.9,22.7,159.0
2023-05-29T08:00,74.7,48.0,242.0,4.7,16.2,173.0
2023-05-29T09:00,67.5,42.4,233.0,2.8,9.0,
2023-05-29T10:00,57.5,34.8,225.0,2.5,6.0,172.0
2023-05-29T11:00,51.2,30.4,217.0,3.1,4.2,157.0
2023-05-29T12:00,50.2,30.6,229.0,5.7,3.7,136.0
2023-05-29T13:00,48.3,28.7,230.0,6.0,3.8,130.0
2023-05-29T14:00,46.8,27.6,231.0,6.5,3.9,122.0
2023-05-29T15:00,45.9,27.3,234.0,8.4,4.8,108.0
2023-05-29T16:00,46.1,27.8,239.0,12.0,6.3,95.0
2023-05-29T17:00,46.4,28.3,246.0,16.7,8.3,80.0
2023-05-29T18:00,46.3,28.3,249.0,,11.3,64.0
2023-05-29T19:00,45.2,27.5,242.0,,13.8,59.0
2023-05-29T20:00,42.4,25.7,230.0,,16.6,57.0
2023-05-29T21:00,39.8,24.2,214.0,16.9,19.4,58.0
2023-05-29T22:00,36.4,22.1,203.0,14.1,20.2,60.0
2023-05-29T23:00,33.1,19.9,192.0,10.6,20.3,63.0
2023-05-30T00:00,26.8,16.1,172.0,6.6,17.0,57.0
2023-05-30T01:00,24.0,14.4,172.0,6.9,19.2,58.0
2023-05-30T02:00,22.8,13.8,173.0,7.3,22.3,60.0
2023-05-30T03:00,24.2,14.7,175.0,7.7,,67.0
2023-05-30T04:00,29.5,18.2,180.0,7.9,,77.0
2023-05-30T05:00,36.8,22.9,188.0,7.9,,90.0
2023-05-30T06:00,44.5,27.8,194.0,7.5,23.8,106.0
2023-05-30T07:00,52.3,32.7,194.0,6.3,20.1,116.0
2023-05-30T08:00,54.1,33.4,190.0,4.6,15.0,126.0
2023-05-30T09:00,51.3,31.0,185.0,3.1,9.1,132.0
2023-05-30T10:00,45.6,26.8,180.0,3.3,6.4,128.0
2023-05-30T11:00,39.9,22.7,175.0,4.0,4.6,118.0
2023-05-30T12:00,35.5,19.8,166.0,4.3,1.7,94.0
2023-05-30T13:00,32.4,17.8,168.0,3.9,1.6,91.0
2023-05-30T14:00,30.9,16.8,170.0,3.4,1.5,87.0
2023-05-30T15:00,30.6,16.7,174.0,4.2,2.1,79.0
2023-05-30T16:00,30.5,16.9,176.0,6.5,3.2,71.0
2023-05-30T17:00,30.3,16.9,177.0,9.9,4.9,60.0
2023-05-30T18:00,30.2,17.2,184.0,15.3,8.6,48.0
2023-05-30T19:00,31.5,18.6,196.0,,13.3,40.0
2023-05-30T20:00,34.9,21.4,212.0,,19.2,34.0
2023-05-30T21:00,39.7,25.0,230.0,,,28.0
2023-05-30T22:00,44.6,28.6,237.0,,,27.0
2023-05-30T23:00,49.0,31.8,242.0,,,29.0
2023-05-31T00:00,46.8,30.4,238.0,,,23.0
2023-05-31T01:00,47.1,30.6,240.0,,,29.0
2023-05-31T02:00,47.1,30.7,244.0,,,38.0
2023-05-31T03:00,48.8,31.8,247.0,,,54.0
2023-05-31T04:00,51.7,33.6,249.0,,,69.0
2023-05-31T05:00,56.1,36.7,250.0,16.9,,87.0
2023-05-31T06:00,62.4,41.0,248.0,12.7,,110.0
2023-05-31T07:00,61.2,39.9,243.0,9.5,,129.0
2023-05-31T08:00,63.1,40.9,235.0,6.4,,149.0
2023-05-31T09:00,61.7,39.3,223.0,3.6,22.3,164.0
2023-05-31T10:00,55.6,34.8,210.0,3.1,15.9,160.0
2023-05-31T11:00,46.3,28.1,194.0,3.6,9.9,146.0
2023-05-31T12:00,73.1,45.9,213.0,5.4,12.5,148.0
2023-05-31T13:00,65.0,40.0,207.0,4.2,10.1,140.0
2023-05-31T14:00,56.9,34.3,198.0,2.6,6.8,129.0
2023-05-31T15:00,51.2,30.4,190.0,2.8,4.3,111.0
2023-05-31T16:00,46.6,27.4,192.0,7.1,5.5,95.0
2023-05-31T17:00,42.7,25.3,197.0,13.6,8.3,76.0
2023-05-31T18:00,38.2,22.8,202.0,,12.9,58.0
2023-05-31T19:00,33.1,19.9,199.0,,17.0,53.0
2023-05-31T20:00,29.7,18.1,193.0,,21.7,53.0
2023-05-31T21:00,30.9,19.2,190.0,15.6,,56.0
2023-05-31T22:00,33.1,21.0,196.0,13.4,,59.0
2023-05-31T23:00,36.3,23.4,207.0,10.8,,64.0
2023-06-01T00:00,32.9,20.9,190.0,8.9,,63.0
2023-06-01T01:00,33.3,21.2,197.0,9.7,,63.0
2023-06-01T02:00,34.8,22.4,206.0,10.8,,62.0
2023-06-01T03:00,39.6,25.8,223.0,11.8,,70.0
2023-06-01T04:00,48.1,31.9,240.0,12.0,,86.0
2023-06-01T05:00,58.1,38.9,259.0,11.8,,109.0
2023-06-01T06:00,66.1,44.6,280.0,10.9,,139.0
2023-06-01T07:00,,,289.0,9.1,,162.0
2023-06-01T08:00,,,294.0,6.7,,
2023-06-01T09:00,,,292.0,4.5,19.5,
2023-06-01T10:00,,,281.0,4.1,14.8,
2023-06-01T11:00,73.1,47.1,264.0,4.4,10.2,
2023-06-01T12:00,53.4,34.3,248.0,7.0,8.0,157.0
2023-06-01T13:00,43.4,27.5,245.0,10.8,8.5,137.0
2023-06-01T14:00,37.7,24.1,240.0,16.4,9.2,108.0
2023-06-01T15:00,33.4,21.4,238.0,,11.6,75.0
2023-06-01T16:00,29.2,18.7,243.0,,16.4,58.0
2023-06-01T17:00,30.2,19.4,250.0,,22.7,46.0
2023-06-01T18:00,39.0,26.0,259.0,,,44.0
2023-06-01T19:00,51.0,34.8,261.0,,20.9,63.0
2023-06-01T20:00,49.5,33.9,262.0,,11.4,93.0
2023-06-01T21:00,46.3,31.7,261.0,2.3,1.9,123.0
2023-06-01T22:00,44.0,30.2,258.0,0.0,0.8,125.0
2023-06-01T23:00,42.3,29.0,253.0,0.5,2.6,118.0
2023-06-02T00:00,44.6,30.5,258.0,4.8,9.8,108.0
2023-06-02T01:00,46.4,31.9,268.0,6.8,13.0,105.0
2023-06-02T02:00,48.0,32.9,282.0,9.5,17.7,100.0
2023-06-02T03:00,49.2,33.9,298.0,12.4,23.5,100.0
2023-06-02T04:00,52.0,35.9,305.0,13.1,,108.0
2023-06-02T05:00,56.3,38.9,310.0,13.1,,121.0
2023-06-02T06:00,63.1,43.4,315.0,12.5,,140.0
2023-06-02T07:00,74.5,,320.0,11.8,,157.0
2023-06-02T08:00,,,325.0,10.7,,176.0
2023-06-02T09:00,,,324.0,9.4,,
2023-06-02T10:00,,,314.0,8.1,23.4,
2023-06-02T11:00,72.6,47.0,298.0,6.8,18.5,
2023-06-02T12:00,,,289.0,8.9,22.0,
2023-06-02T13:00,,,289.0,11.8,19.9,164.0
2023-06-02T14:00,69.2,44.4,289.0,16.0,16.9,137.0
2023-06-02T15:00,66.8,43.5,290.0,,14.7,103.0
2023-06-02T16:00,66.4,43.8,293.0,,15.8,82.0
2023-06-02T17:00,64.3,42.6,297.0,,18.4,62.0
2023-06-02T18:00,58.1,38.3,292.0,,22.2,43.0
2023-06-02T19:00,50.6,33.1,270.0,,25.1,37.0
2023-06-02T20:00,43.9,28.3,238.0,,,37.0
2023-06-02T21:00,38.2,24.6,207.0,,,39.0
2023-06-02T22:00,35.0,22.6,202.0,,,42.0
2023-06-02T23:00,36.0,23.5,206.0,,,46.0
2023-06-03T00:00,29.6,19.3,187.0,15.5,,49.0
2023-06-03T01:00,33.1,21.9,213.0,16.1,,51.0
2023-06-03T02:00,38.5,25.8,250.0,16.9,,55.0
2023-06-03T03:00,46.7,31.7,293.0,,,67.0
2023-06-03T04:00,57.3,39.0,312.0,,,85.0
2023-06-03T05:00,68.0,46.6,324.0,,,109.0
2023-06-03T06:00,,,334.0,16.2,,142.0
2023-06-03T07:00,,,337.0,13.3,,171.0
2023-06-03T08:00,,,336.0,9.3,,
2023-06-03T09:00,,,327.0,5.3,22.6,
2023-06-03T10:00,,,311.0,4.3,18.7,
2023-06-03T11:00,,,290.0,4.3,14.3,
2023-06-03T12:00,,,284.0,6.2,12.0,
2023-06-03T13:00,66.8,41.9,269.0,7.9,9.8,158.0
2023-06-03T14:00,49.1,30.0,248.0,10.4,6.7,123.0
2023-06-03T15:00,38.8,23.8,221.0,15.3,5.4,82.0
2023-06-03T16:00,33.9,20.7,201.0,,9.2,63.0
2023-06-03T17:00,25.7,15.8,181.0,,15.5,49.0
2023-06-03T18:00,21.4,13.0,172.0,,22.3,40.0
2023-06-03T19:00,23.7,14.8,191.0,,24.1,42.0
2023-06-03T20:00,32.9,21.4,225.0,,24.4,50.0
2023-06-03T21:00,43.9,29.2,264.0,,24.0,62.0
2023-06-03T22:00,52.7,35.7,278.0,,23.5,69.0
2023-06-03T23:00,55.8,38.0,285.0,14.2,22.5,76.0
2023-06-04T00:00,42.5,28.5,276.0,12.4,,67.0
2023-06-04T01:00,50.6,34.2,290.0,12.5,,73.0
2023-06-04T02:00,56.0,38.2,310.0,12.6,24.9,82.0
2023-06-04T03:00,58.8,40.2,332.0,12.8,25.0,98.0
2023-06-04T04:00,64.0,43.9,339.0,13.1,,114.0
2023-06-04T05:00,70.1,48.0,342.0,13.4,,133.0
2023-06-04T06:00,,,345.0,12.9,,160.0
2023-06-04T07:00,,,350.0,11.1,,
2023-06-04T08:00,,,356.0,8.5,,
2023-06-04T09:00,,,357.0,5.8,24.7,
2023-06-04T10:00,,,349.0,5.1,21.5,
2023-06-04T11:00,,,336.0,5.2,17.7,
2023-06-04T12:00,,,337.0,8.2,,
2023-06-04T13:00,,,337.0,8.5,,
2023-06-04T14:00,,,335.0,9.1,24.8,
2023-06-04T15:00,,,325.0,13.4,22.4,143.0
2023-06-04T16:00,,,304.0,,21.4,111.0
2023-06-04T17:00,66.6,43.5,276.0,,20.8,75.0
2023-06-04T18:00,47.8,31.0,242.0,,21.6,39.0
2023-06-04T19:00,34.2,21.7,222.0,,24.3,31.0
2023-06-04T20:00,28.8,18.3,204.0,,,32.0
2023-06-04T21:00,31.1,20.3,193.0,,,39.0
2023-06-04T22:00,36.8,24.3,200.0,,,45.0
2023-06-04T23:00,41.8,27.9,216.0,,,54.0
2023-06-05T00:00,36.1,24.0,218.0,,,49.0
2023-06-05T01:00,39.3,26.4,243.0,,,53.0
2023-06-05T02:00,43.4,29.3,278.0,,,59.0
2023-06-05T03:00,49.4,33.5,315.0,,,74.0
2023-06-05T04:00,57.2,38.8,326.0,,,92.0
2023-06-05T05:00,65.9,44.7,328.0,16.6,,115.0
2023-06-05T06:00,79.4,,325.0,14.4,,145.0
2023-06-05T07:00,,,320.0,12.1,,167.0
2023-06-05T08:00,,,312.0,9.4,,
2023-06-05T09:00,,,297.0,6.8,23.5,
2023-06-05T10:00,,,279.0,5.6,19.6,
2023-06-05T11:00,74.3,48.2,256.0,5.0,14.8,
2023-06-05T12:00,65.4,42.0,253.0,6.8,11.8,165.0
2023-06-05T13:00,55.3,35.2,258.0,12.4,12.5,146.0
2023-06-05T14:00,51.9,33.4,264.0,,13.6,119.0
2023-06-05T15:00,55.6,36.8,271.0,,15.8,89.0
2023-06-05T16:00,60.1,40.3,273.0,,18.0,77.0
2023-06-05T17:00,58.2,39.2,272.0,,20.7,70.0
2023-06-05T18:00,52.7,35.4,270.0,,24.9,63.0
2023-06-05T19:00,50.6,34.1,267.0,,,56.0
2023-06-05T20:00,51.3,34.6,262.0,,,51.0
2023-06-05T21:00,51.3,34.6,256.0,,,45.0
2023-06-05T22:00,48.5,32.7,251.0,,,43.0
2023-06-05T23:00,48.0,32.2,246.0,,,43.0
2023-06-06T00:00,41.8,28.3,255.0,,,45.0
2023-06-06T01:00,43.0,29.2,264.0,,,51.0
2023-06-06T02:00,42.6,28.9,276.0,,23.5,59.0
2023-06-06T03:00,40.3,27.2,286.0,13.3,17.0,74.0
2023-06-06T04:00,42.1,28.5,282.0,11.5,15.5,89.0
2023-06-06T05:00,44.8,30.2,272.0,10.3,15.6,106.0
2023-06-06T06:00,53.4,36.2,264.0,9.4,17.6,129.0
2023-06-06T07:00,63.6,43.0,269.0,9.4,21.1,146.0
2023-06-06T08:00,77.3,,278.0,9.9,,163.0
2023-06-06T09:00,,,286.0,10.3,,
2023-06-06T10:00,,,283.0,10.1,,
2023-06-06T11:00,,,276.0,9.6,,
2023-06-06T12:00,,,275.0,10.7,21.0,167.0
2023-06-06T13:00,66.8,43.4,278.0,12.8,17.2,151.0
2023-06-06T14:00,51.7,33.4,281.0,15.9,12.0,127.0
2023-06-06T15:00,44.2,28.6,277.0,,9.8,97.0
2023-06-06T16:00,39.6,25.7,261.0,,15.9,77.0
2023-06-06T17:00,32.2,21.0,238.0,,,57.0
2023-06-06T18:00,25.7,16.8,212.0,,,40.0
2023-06-06T19:00,24.6,16.2,200.0,,,39.0
2023-06-06T20:00,24.6,16.2,192.0,,,45.0
2023-06-06T21:00,26.4,17.5,190.0,,,50.0
2023-06-06T22:00,28.1,18.8,197.0,,,45.0
2023-06-06T23:00,31.0,20.8,211.0,,,38.0
2023-06-07T00:00,29.5,19.6,206.0,,,38.0
2023-06-07T01:00,31.0,20.7,226.0,,,40.0
2023-06-07T02:00,33.8,22.7,255.0,,,43.0
2023-06-07T03:00,39.9,27.0,283.0,,,50.0
2023-06-07T04:00,48.5,32.7,285.0,,,60.0
2023-06-07T05:00,53.9,36.0,277.0,,21.9,72.0
2023-06-07T06:00,58.6,38.6,264.0,16.4,15.6,88.0
2023-06-07T07:00,57.6,37.4,254.0,13.3,12.5,100.0
2023-06-07T08:00,60.5,39.1,243.0,9.8,10.1,113.0
2023-06-07T09:00,60.5,39.3,232.0,6.5,7.8,125.0
2023-06-07T10:00,60.8,39.3,232.0,6.0,6.7,130.0
2023-06-07T11:00,58.6,37.6,236.0,6.7,6.1,131.0
2023-06-07T12:00,,,314.0,9.4,19.2,175.0
2023-06-07T13:00,77.3,,299.0,13.0,17.9,156.0
2023-06-07T14:00,65.7,41.7,279.0,,16.2,130.0
2023-06-07T15:00,49.5,31.1,257.0,,17.3,95.0
2023-06-07T16:00,43.0,27.7,252.0,,24.5,72.0
2023-06-07T17:00,41.6,27.4,251.0,,,49.0
2023-06-07T18:00,41.6,28.0,251.0,,,29.0
2023-06-07T19:00,43.7,29.7,249.0,,,28.0
2023-06-07T20:00,45.6,31.0,246.0,,,35.0
2023-06-07T21:00,44.8,30.3,240.0,,22.2,44.0
2023-06-07T22:00,41.6,28.1,232.0,,19.3,44.0
2023-06-07T23:00,36.6,24.7,221.0,,17.9,43.0
2023-06-08T00:00,26.4,17.9,193.0,11.7,13.5,44.0
2023-06-08T01:00,22.8,15.4,194.0,11.8,13.8,42.0
2023-06-08T02:00,20.5,13.9,196.0,12.0,14.3,40.0
2023-06-08T03:00,20.3,13.8,199.0,12.2,15.6,43.0
2023-06-08T04:00,23.3,15.9,200.0,12.1,17.4,53.0
2023-06-08T05:00,29.6,20.3,202.0,11.9,19.7,67.0
2023-06-08T06:00,39.0,26.6,205.0,11.7,22.9,87.0
2023-06-08T07:00,49.9,34.0,210.0,11.6,,103.0
2023-06-08T08:00,61.5,41.6,217.0,11.4,,120.0
2023-06-08T09:00,76.8,,223.0,11.2,,137.0
2023-06-08T10:00,,,221.0,10.0,,143.0
2023-06-08T11:00,,,216.0,8.5,24.7,145.0
2023-06-08T12:00,63.1,42.0,211.0,13.7,23.7,130.0
2023-06-08T13:00,55.3,36.2,212.0,14.5,19.8,117.0
2023-06-08T14:00,43.5,28.2,213.0,15.7,14.3,99.0
2023-06-08T15:00,34.9,22.4,216.0,,10.1,75.0
2023-06-08T16:00,29.6,18.7,222.0,,12.3,58.0
2023-06-08T17:00,27.4,17.4,229.0,,17.3,42.0
2023-06-08T18:00,26.4,16.9,236.0,,23.2,25.0
2023-06-08T19:00,24.9,16.1,238.0,,,17.0
2023-06-08T20:00,23.5,15.3,238.0,,,13.0
2023-06-08T21:00,22.8,15.1,235.0,,,11.0
2023-06-08T22:00,23.0,15.4,229.0,,,12.0
2023-06-08T23:00,22.7,15.4,221.0,,24.4,15.0
2023-06-09T00:00,20.8,14.3,202.0,,15.9,27.0
2023-06-09T01:00,19.6,13.4,205.0,,16.0,30.0
2023-06-09T02:00,19.8,13.5,210.0,,16.3,34.0
2023-06-09T03:00,22.5,15.3,218.0,15.4,18.0,43.0
2023-06-09T04:00,29.0,19.7,225.0,15.4,21.7,54.0
2023-06-09T05:00,38.1,25.8,233.0,16.7,,67.0
2023-06-09T06:00,51.7,35.0,239.0,,,86.0
2023-06-09T07:00,65.7,44.2,236.0,,,101.0
2023-06-09T08:00,75.4,,230.0,15.9,,116.0
2023-06-09T09:00,,,219.0,14.0,,130.0
2023-06-09T10:00,,,208.0,11.6,24.1,135.0
2023-06-09T11:00,72.4,47.0,195.0,8.8,18.2,136.0
2023-06-09T12:00,65.9,43.5,199.0,14.8,21.2,128.0
2023-06-09T13:00,60.3,39.2,198.0,,21.3,113.0
2023-06-09T14:00,46.9,29.3,196.0,,21.4,91.0
2023-06-09T15:00,36.9,23.4,193.0,,21.1,69.0
2023-06-09T16:00,31.2,20.8,191.0,,19.9,64.0
2023-06-09T17:00,30.0,20.2,189.0,,18.3,65.0
2023-06-09T18:00,29.9,20.1,188.0,,17.5,66.0
2023-06-09T19:00,30.9,20.7,188.0,,19.1,64.0
2023-06-09T20:00,32.0,21.4,189.0,,21.8,60.0
2023-06-09T21:00,33.4,22.3,193.0,,,54.0
2023-06-09T22:00,34.1,22.8,202.0,,,45.0
2023-06-09T23:00,35.2,23.6,213.0,,,35.0
2023-06-10T00:00,37.0,24.9,231.0,,,19.0
2023-06-10T01:00,33.6,22.9,235.0,,,21.0
2023-06-10T02:00,30.4,20.6,241.0,,,24.0
2023-06-10T03:00,28.8,19.5,245.0,,,32.0
2023-06-10T04:00,30.4,20.6,242.0,,,41.0
2023-06-10T05:00,35.4,23.9,235.0,,,53.0
2023-06-10T06:00,43.1,29.2,225.0,,,72.0
2023-06-10T07:00,53.3,36.2,218.0,15.5,,90.0
2023-06-10T08:00,60.5,40.9,210.0,12.2,,111.0
2023-06-10T09:00,64.3,43.1,202.0,8.9,24.0,133.0
2023-06-10T10:00,67.3,44.9,199.0,7.7,22.0,142.0
2023-06-10T11:00,67.8,44.7,197.0,7.4,20.1,146.0
2023-06-10T12:00,46.6,31.2,205.0,11.8,20.2,136.0
2023-06-10T13:00,47.6,31.3,203.0,15.9,19.1,118.0
2023-06-10T14:00,38.8,24.8,199.0,,17.5,94.0
2023-06-10T15:00,30.9,19.8,197.0,,15.3,67.0
2023-06-10T16:00,25.4,17.1,199.0,,13.6,61.0
2023-06-10T17:00,23.7,16.1,203.0,,11.9,61.0
2023-06-10T18:00,23.4,16.0,207.0,,10.2,59.0
2023-06-10T19:00,22.5,15.4,209.0,,9.9,52.0
2023-06-10T20:00,20.8,14.3,212.0,,10.1,43.0
2023-06-10T21:00,20.0,13.7,211.0,,10.3,33.0
2023-06-10T22:00,19.0,13.0,205.0,,9.8,28.0
2023-06-10T23:00,17.6,12.0,196.0,,9.1,24.0
2023-06-11T00:00,25.9,17.9,263.0,,18.7,10.0
2023-06-11T01:00,24.2,16.6,257.0,,16.4,17.0
2023-06-11T02:00,23.3,15.8,248.0,,13.3,26.0
2023-06-11T03:00,22.2,14.9,237.0,15.7,11.5,42.0
2023-06-11T04:00,24.3,16.2,230.0,13.0,13.9,56.0
2023-06-11T05:00,30.4,20.3,224.0,13.3,18.3,71.0
2023-06-11T06:00,46.3,31.3,223.0,14.3,24.2,92.0
2023-06-11T07:00,73.8,50.2,234.0,14.4,,110.0
2023-06-11T08:00,,,251.0,14.8,,128.0
2023-06-11T09:00,,,262.0,14.3,,146.0
2023-06-11T10:00,,,250.0,11.8,,151.0
2023-06-11T11:00,,50.4,227.0,8.3,23.5,150.0
2023-06-11T12:00,67.3,43.4,236.0,10.6,,148.0
2023-06-11T13:00,60.1,37.5,232.0,12.6,24.0,131.0
2023-06-11T14:00,49.9,31.1,226.0,15.6,17.3,106.0
2023-06-11T15:00,40.0,25.7,220.0,,12.8,75.0
2023-06-11T16:00,35.3,23.1,218.0,,17.0,56.0
2023-06-11T17:00,29.4,19.4,218.0,,25.0,38.0
2023-06-11T18:00,23.1,15.2,216.0,,,22.0
2023-06-11T19:00,19.4,12.5,209.0,,,18.0
2023-06-11T20:00,19.1,12.3,200.0,,,19.0
2023-06-11T21:00,19.7,12.7,194.0,,,21.0
2023-06-11T22:00,21.1,13.7,199.0,,,19.0
2023-06-11T23:00,22.8,15.0,209.0,,,17.0
2023-06-12T00:00,23.2,15.1,211.0,,,24.0
2023-06-12T01:00,23.0,15.1,218.0,,,28.0
2023-06-12T02:00,24.1,15.8,229.0,,,34.0
2023-06-12T03:00,27.0,17.6,238.0,16.7,,44.0
2023-06-12T04:00,33.1,21.5,237.0,15.7,,54.0
2023-06-12T05:00,41.9,27.3,231.0,15.8,,67.0
2023-06-12T06:00,51.8,33.8,223.0,15.5,,84.0
2023-06-12T07:00,61.2,39.7,218.0,14.1,,99.0
2023-06-12T08:00,72.6,47.3,213.0,12.2,,116.0
2023-06-12T09:00,78.9,,204.0,9.9,,131.0
2023-06-12T10:00,,,193.0,7.6,22.8,136.0
2023-06-12T11:00,70.5,44.6,180.0,5.2,18.8,136.0
2023-06-12T12:00,56.7,35.7,181.0,6.7,14.3,129.0
2023-06-12T13:00,41.3,25.1,179.0,11.3,15.2,112.0
2023-06-12T14:00,33.8,21.3,175.0,,16.4,87.0
2023-06-12T15:00,25.8,17.1,177.0,,17.1,60.0
2023-06-12T16:00,23.6,15.7,188.0,,15.8,53.0
2023-06-12T17:00,23.7,15.8,204.0,,13.6,52.0
2023-06-12T18:00,24.6,16.5,223.0,,12.5,50.0
2023-06-12T19:00,25.6,17.1,230.0,,14.6,44.0
2023-06-12T20:00,27.1,18.2,234.0,,18.3,37.0
2023-06-12T21:00,28.2,19.0,239.0,,23.8,27.0
2023-06-12T22:00,29.3,19.8,245.0,,,17.0
2023-06-12T23:00,28.9,19.5,252.0,,,7.0
2023-06-13T00:00,29.6,19.9,250.0,,,2.0
2023-06-13T01:00,29.7,19.9,252.0,,,8.0
2023-06-13T02:00,30.2,20.1,256.0,,,16.0
2023-06-13T03:00,31.5,20.8,256.0,,,30.0
2023-06-13T04:00,35.7,23.3,250.0,,,44.0
2023-06-13T05:00,45.2,29.5,240.0,,,59.0
2023-06-13T06:00,52.6,34.2,228.0,,,81.0
2023-06-13T07:00,61.0,39.6,223.0,15.4,,98.0
2023-06-13T08:00,69.8,45.2,219.0,13.0,,117.0
2023-06-13T09:00,,,214.0,10.7,,134.0
2023-06-13T10:00,,,209.0,9.5,,140.0
2023-06-13T11:00,,50.4,204.0,8.8,23.2,140.0
2023-06-13T12:00,74.7,47.1,201.0,9.3,20.9,141.0
2023-06-13T13:00,66.8,41.4,202.0,13.0,19.8,125.0
2023-06-13T14:00,52.0,31.8,204.0,,18.2,102.0
2023-06-13T15:00,47.3,29.8,203.0,,15.4,77.0
2023-06-13T16:00,39.9,25.6,199.0,,12.4,69.0
2023-06-13T17:00,33.3,21.4,193.0,15.7,9.0,65.0
2023-06-13T18:00,27.6,17.5,185.0,10.6,5.5,62.0
2023-06-13T19:00,23.6,14.9,179.0,8.9,4.4,59.0
2023-06-13T20:00,21.8,13.7,174.0,8.0,4.2,55.0
2023-06-13T21:00,21.9,13.9,172.0,9.5,5.6,50.0
2023-06-13T22:00,23.1,14.9,178.0,14.4,8.3,43.0
2023-06-13T23:00,24.6,16.0,188.0,,12.3,34.0
2023-06-14T00:00,27.6,18.2,199.0,,18.3,28.0
2023-06-14T01:00,26.8,17.6,205.0,,20.2,31.0
2023-06-14T02:00,27.1,17.7,214.0,,22.9,35.0
2023-06-14T03:00,28.5,18.3,222.0,,,45.0
2023-06-14T04:00,32.9,20.9,219.0,16.0,,58.0
2023-06-14T05:00,40.4,25.5,212.0,14.0,,74.0
2023-06-14T06:00,50.3,31.8,207.0,11.7,,98.0
2023-06-14T07:00,67.8,43.2,211.0,10.1,,120.0
2023-06-14T08:00,,,218.0,8.6,,145.0
2023-06-14T09:00,,,225.0,7.3,,168.0
2023-06-14T10:00,,,224.0,6.7,24.9,171.0
2023-06-14T11:00,,,220.0,6.4,20.7,167.0
2023-06-14T12:00,73.8,46.0,204.0,6.9,20.8,158.0
2023-06-14T13:00,73.1,44.8,204.0,6.8,19.3,148.0
2023-06-14T14:00,70.3,42.7,205.0,6.8,17.2,134.0
2023-06-14T15:00,65.4,39.6,204.0,9.1,15.7,113.0
2023-06-14T16:00,56.8,34.6,203.0,14.6,17.1,95.0
2023-06-14T17:00,50.3,31.0,201.0,,19.6,75.0
2023-06-14T18:00,45.6,28.8,195.0,,22.0,54.0
2023-06-14T19:00,39.1,25.0,183.0,,21.6,47.0
2023-06-14T20:00,32.4,20.7,168.0,,20.3,46.0
2023-06-14T21:00,27.6,17.5,153.0,,18.5,45.0
2023-06-14T22:00,26.1,16.5,151.0,,17.6,43.0
2023-06-14T23:00,25.4,16.1,154.0,15.3,16.8,41.0
2023-06-15T00:00,26.3,16.8,173.0,,19.2,34.0
2023-06-15T01:00,25.9,16.4,178.0,,19.6,35.0
2023-06-15T02:00,26.8,16.8,186.0,15.7,20.2,37.0
2023-06-15T03:00,28.6,17.6,193.0,13.8,20.5,44.0
2023-06-15T04:00,33.2,20.2,192.0,12.4,19.5,54.0
2023-06-15T05:00,39.1,23.5,188.0,11.0,17.9,67.0
2023-06-15T06:00,51.0,30.9,188.0,9.9,17.6,87.0
2023-06-15T07:00,66.8,41.1,198.0,10.1,20.7,106.0
2023-06-15T08:00,,,213.0,10.9,,128.0
2023-06-15T09:00,,,228.0,12.0,,147.0
2023-06-15T10:00,,,229.0,12.7,,147.0
2023-06-15T11:00,,,226.0,13.4,,138.0
2023-06-15T12:00,70.1,42.6,222.0,10.3,22.5,133.0
2023-06-15T13:00,63.8,37.6,214.0,8.0,18.6,126.0
2023-06-15T14:00,52.7,29.8,204.0,4.8,13.1,116.0
2023-06-15T15:00,40.5,22.1,191.0,4.7,7.8,100.0
2023-06-15T16:00,31.0,16.8,185.0,11.2,7.0,86.0
2023-06-15T17:00,25.8,14.4,180.0,,7.9,69.0
2023-06-15T18:00,24.2,13.6,177.0,,11.0,51.0
2023-06-15T19:00,23.2,13.1,177.0,,15.6,42.0
2023-06-15T20:00,22.6,13.1,179.0,,21.6,35.0
2023-06-15T21:00,21.6,12.7,185.0,,,29.0
2023-06-15T22:00,22.4,13.4,194.0,,,27.0
2023-06-15T23:00,23.8,14.8,205.0,,,27.0
2023-06-16T00:00,22.6,13.8,184.0,13.9,22.4,48.0
2023-06-16T01:00,25.4,16.0,203.0,14.8,22.5,47.0
2023-06-16T02:00,28.9,18.5,230.0,16.2,22.6,47.0
2023-06-16T03:00,32.7,20.8,251.0,16.3,21.5,53.0
2023-06-16T04:00,36.0,22.4,240.0,13.7,18.1,66.0
2023-06-16T05:00,41.0,25.4,215.0,9.7,13.5,85.0
2023-06-16T06:00,50.6,31.9,194.0,5.8,10.4,112.0
2023-06-16T07:00,67.5,43.5,202.0,5.5,13.4,135.0
2023-06-16T08:00,,,220.0,6.4,19.0,159.0
2023-06-16T09:00,,,239.0,7.6,24.4,
2023-06-16T10:00,,,239.0,7.9,24.3,
2023-06-16T11:00,,,234.0,8.1,22.3,175.0
2023-06-16T12:00,70.8,46.8,217.0,7.8,20.2,162.0
2023-06-16T13:00,66.1,42.8,214.0,7.0,17.5,151.0
2023-06-16T14:00,55.8,35.4,209.0,5.9,13.8,136.0
2023-06-16T15:00,43.4,26.9,205.0,7.7,10.4,114.0
2023-06-16T16:00,32.8,20.1,208.0,14.3,10.2,96.0
2023-06-16T17:00,26.8,16.3,213.0,,11.4,77.0
2023-06-16T18:00,22.9,13.8,217.0,,14.3,57.0
2023-06-16T19:00,20.4,12.0,215.0,,18.6,50.0
2023-06-16T20:00,19.3,11.3,210.0,,24.1,47.0
2023-06-16T21:00,20.4,12.2,204.0,,,45.0
2023-06-16T22:00,22.0,13.6,201.0,,,41.0
2023-06-16T23:00,23.9,15.0,198.0,,20.8,38.0
2023-06-17T00:00,24.7,15.5,202.0,16.9,15.5,36.0
2023-06-17T01:00,24.6,15.2,198.0,15.5,14.5,37.0
2023-06-17T02:00,24.9,15.1,192.0,13.4,13.1,39.0
2023-06-17T03:00,26.6,15.7,185.0,11.2,11.9,44.0
2023-06-17T04:00,30.0,17.4,181.0,10.1,11.9,52.0
2023-06-17T05:00,33.6,19.3,179.0,9.4,12.5,63.0
2023-06-17T06:00,45.2,27.2,180.0,10.0,14.4,74.0
2023-06-17T07:00,68.0,43.2,189.0,13.0,17.8,78.0
2023-06-17T08:00,,,203.0,,22.3,79.0
2023-06-17T09:00,,50.1,215.0,,,81.0
2023-06-17T10:00,69.6,42.0,215.0,,23.1,83.0
2023-06-17T11:00,62.6,36.6,210.0,,18.4,86.0
2023-06-17T12:00,39.0,22.1,161.0,12.7,13.7,74.0
2023-06-17T13:00,37.4,21.5,170.0,,15.4,67.0
2023-06-17T14:00,36.8,21.5,182.0,,18.0,57.0
2023-06-17T15:00,37.4,22.2,198.0,,23.2,43.0
2023-06-17T16:00,38.2,22.9,209.0,,,33.0
2023-06-17T17:00,37.6,22.4,221.0,,,22.0
2023-06-17T18:00,36.1,21.3,231.0,,,13.0
2023-06-17T19:00,34.3,20.0,232.0,,,13.0
2023-06-17T20:00,33.5,19.5,228.0,,,16.0
2023-06-17T21:00,34.3,20.3,223.0,,,21.0
2023-06-17T22:00,36.0,21.8,222.0,,,24.0
2023-06-17T23:00,37.8,23.2,221.0,,,26.0
2023-06-18T00:00,39.0,24.3,235.0,,,22.0
2023-06-18T01:00,38.3,23.9,228.0,,,28.0
2023-06-18T02:00,35.7,22.4,217.0,,,37.0
2023-06-18T03:00,32.2,19.8,207.0,15.3,19.7,46.0
2023-06-18T04:00,34.7,20.7,205.0,15.9,19.3,47.0
2023-06-18T05:00,37.4,22.8,206.0,,21.2,46.0
2023-06-18T06:00,38.9,24.0,209.0,,,44.0
2023-06-18T07:00,40.3,25.4,214.0,,,42.0
2023-06-18T08:00,42.3,27.0,222.0,,,40.0
2023-06-18T09:00,43.8,28.0,225.0,,,39.0
2023-06-18T10:00,43.4,27.6,216.0,,,40.0
2023-06-18T11:00,39.8,24.9,202.0,,,43.0
2023-06-18T12:00,36.3,23.5,216.0,,,32.0
2023-06-18T13:00,35.2,22.4,221.0,,,28.0
2023-06-18T14:00,34.9,22.2,227.0,,,23.0
2023-06-18T15:00,35.3,22.1,232.0,,,20.0
2023-06-18T16:00,35.5,22.0,229.0,,,26.0
2023-06-18T17:00,35.4,21.8,223.0,,,36.0
2023-06-18T18:00,33.6,21.1,216.0,,23.4,47.0
2023-06-18T19:00,32.2,20.7,216.0,,21.5,50.0
2023-06-18T20:00,31.8,20.7,217.0,,19.9,50.0
2023-06-18T21:00,33.9,21.9,216.0,15.4,18.2,50.0
2023-06-18T22:00,30.7,20.1,210.0,12.6,16.8,51.0
2023-06-18T23:00,29.2,19.2,201.0,10.2,15.4,52.0
2023-06-19T00:00,22.5,15.3,191.0,9.3,18.3,53.0
2023-06-19T01:00,22.6,15.5,201.0,11.6,20.1,49.0
2023-06-19T02:00,23.6,16.2,214.0,14.8,22.7,43.0
2023-06-19T03:00,25.4,17.5,230.0,,,37.0
2023-06-19T04:00,27.5,19.0,236.0,,,37.0
2023-06-19T05:00,29.5,20.4,240.0,,25.0,38.0
2023-06-19T06:00,31.2,21.5,243.0,,23.5,41.0
2023-06-19T07:00,32.9,22.5,242.0,,21.4,42.0
2023-06-19T08:00,34.1,23.1,240.0,,18.6,44.0
2023-06-19T09:00,34.1,23.1,238.0,,16.7,45.0
2023-06-19T10:00,33.4,22.5,241.0,,17.4,45.0
2023-06-19T11:00,32.9,22.1,246.0,,19.3,44.0
2023-06-19T12:00,38.9,24.7,202.0,9.8,8.6,77.0
2023-06-19T13:00,37.4,23.4,199.0,14.4,14.0,69.0
2023-06-19T14:00,36.8,22.9,195.0,,21.6,59.0
2023-06-19T15:00,36.6,22.4,185.0,,,51.0
2023-06-19T16:00,36.1,21.9,173.0,,24.3,56.0
2023-06-19T17:00,32.1,19.3,158.0,14.9,17.4,67.0
2023-06-19T18:00,29.1,17.7,141.0,6.8,9.1,80.0
2023-06-19T19:00,26.5,16.4,133.0,3.8,5.8,86.0
2023-06-19T20:00,24.8,15.8,129.0,2.0,3.5,91.0
2023-06-19T21:00,22.8,14.8,126.0,0.6,2.1,95.0
2023-06-19T22:00,20.8,13.9,126.0,0.0,2.0,95.0
2023-06-19T23:00,20.9,14.1,129.0,0.1,2.9,94.0
2023-06-20T00:00,18.5,13.1,133.0,0.4,3.0,92.0
2023-06-20T01:00,18.6,13.2,140.0,0.8,3.2,90.0
2023-06-20T02:00,19.6,13.8,150.0,1.5,3.7,87.0
2023-06-20T03:00,20.8,14.5,169.0,5.2,8.5,80.0
2023-06-20T04:00,24.2,16.7,190.0,12.1,18.4,70.0
2023-06-20T05:00,30.3,20.8,215.0,,,58.0
2023-06-20T06:00,38.6,26.4,246.0,,,45.0
2023-06-20T07:00,46.4,31.8,265.0,,,42.0
2023-06-20T08:00,51.7,35.4,282.0,,,43.0
2023-06-20T09:00,54.0,37.1,299.0,,,44.0
2023-06-20T10:00,55.9,38.4,304.0,,,44.0
2023-06-20T11:00,54.7,37.5,304.0,,,45.0
2023-06-20T12:00,59.6,40.4,295.0,,,48.0
2023-06-20T13:00,58.3,39.5,299.0,,,45.0
2023-06-20T14:00,58.6,39.5,305.0,,,40.0
2023-06-20T15:00,60.8,40.7,311.0,,,35.0
2023-06-20T16:00,63.8,42.6,312.0,,,35.0
2023-06-20T17:00,65.0,42.7,312.0,,,37.0
2023-06-20T18:00,61.0,39.1,307.0,,,39.0
2023-06-20T19:00,50.9,32.1,295.0,,,38.0
2023-06-20T20:00,47.4,29.9,278.0,,,36.0
2023-06-20T21:00,45.4,29.0,264.0,,,33.0
2023-06-20T22:00,43.1,27.8,267.0,,,29.0
2023-06-20T23:00,43.9,28.7,276.0,,,23.0
2023-06-21T00:00,31.1,19.6,193.0,,17.2,58.0
2023-06-21T01:00,34.0,21.9,205.0,,20.5,54.0
2023-06-21T02:00,35.9,23.5,223.0,,,49.0
2023-06-21T03:00,36.9,24.1,244.0,,,46.0
2023-06-21T04:00,38.6,25.3,253.0,,,49.0
2023-06-21T05:00,43.0,28.2,260.0,,,56.0
2023-06-21T06:00,48.9,32.1,266.0,,,67.0
2023-06-21T07:00,57.3,37.6,270.0,,,79.0
2023-06-21T08:00,63.3,41.4,272.0,,,93.0
2023-06-21T09:00,65.0,42.1,273.0,,,106.0
2023-06-21T10:00,64.3,41.4,271.0,,,110.0
2023-06-21T11:00,62.2,40.4,267.0,,,109.0
2023-06-21T12:00,76.6,49.4,289.0,,,99.0
2023-06-21T13:00,74.0,47.6,280.0,,,97.0
2023-06-21T14:00,69.2,44.1,268.0,,,93.0
2023-06-21T15:00,62.9,39.8,256.0,,,84.0
2023-06-21T16:00,57.0,36.0,254.0,,,71.0
2023-06-21T17:00,52.2,33.3,256.0,,,55.0
2023-06-21T18:00,48.8,31.5,258.0,,,40.0
2023-06-21T19:00,47.3,31.0,256.0,,,39.0
2023-06-21T20:00,46.3,30.4,254.0,,,43.0
2023-06-21T21:00,46.0,30.0,251.0,,,49.0
2023-06-21T22:00,46.6,30.5,249.0,,,50.0
2023-06-21T23:00,47.4,30.9,248.0,,,51.0
2023-06-22T00:00,51.5,33.9,266.0,,,45.0
2023-06-22T01:00,52.2,34.2,271.0,,,48.0
2023-06-22T02:00,52.6,34.3,278.0,,,52.0
2023-06-22T03:00,53.3,34.7,286.0,,,61.0
2023-06-22T04:00,54.7,35.7,287.0,,,71.0
2023-06-22T05:00,56.7,37.1,286.0,,,84.0
2023-06-22T06:00,60.8,40.0,286.0,,,100.0
2023-06-22T07:00,65.0,43.0,288.0,,,110.0
2023-06-22T08:00,69.4,46.0,291.0,,,119.0
2023-06-22T09:00,79.4,,293.0,,,128.0
2023-06-22T10:00,,,293.0,17.0,,133.0
2023-06-22T11:00,76.6,49.7,291.0,16.9,,135.0
2023-06-22T12:00,78.5,,274.0,11.9,,152.0
2023-06-22T13:00,76.6,50.2,280.0,14.3,,141.0
2023-06-22T14:00,69.4,45.2,288.0,,,124.0
2023-06-22T15:00,65.7,42.5,297.0,,,100.0
2023-06-22T16:00,65.7,42.7,303.0,,,81.0
2023-06-22T17:00,66.1,43.2,307.0,,,60.0
2023-06-22T18:00,60.1,39.3,305.0,,,39.0
2023-06-22T19:00,53.9,35.4,293.0,,,31.0
2023-06-22T20:00,48.2,31.5,275.0,,,29.0
2023-06-22T21:00,41.9,27.1,249.0,,,27.0
2023-06-22T22:00,36.0,22.4,230.0,,,26.0
2023-06-22T23:00,33.8,20.4,210.0,,,26.0
2023-06-23T00:00,25.2,15.0,170.0,,23.9,41.0
2023-06-23T01:00,24.3,14.6,178.0,,25.1,43.0
2023-06-23T02:00,25.0,15.4,189.0,,,45.0
2023-06-23T03:00,28.3,17.8,207.0,,,51.0
2023-06-23T04:00,35.2,22.4,224.0,,,59.0
2023-06-23T05:00,44.0,28.3,242.0,,,69.0
2023-06-23T06:00,53.0,34.3,262.0,,,83.0
2023-06-23T07:00,61.7,40.2,269.0,,,96.0
2023-06-23T08:00,69.6,45.6,273.0,16.5,,109.0
2023-06-23T09:00,74.3,48.8,274.0,16.1,,122.0
2023-06-23T10:00,77.3,,275.0,,,124.0
2023-06-23T11:00,,,275.0,,,121.0
2023-06-23T12:00,62.2,41.2,260.0,15.8,,126.0
2023-06-23T13:00,65.7,43.2,258.0,16.2,,118.0
2023-06-23T14:00,65.7,42.7,255.0,16.9,,108.0
2023-06-23T15:00,61.2,39.1,249.0,,,90.0
2023-06-23T16:00,48.0,29.3,240.0,,,74.0
2023-06-23T17:00,41.1,25.0,230.0,,25.0,55.0
2023-06-23T18:00,36.9,22.9,218.0,,,34.0
2023-06-23T19:00,33.6,20.8,214.0,,,25.0
2023-06-23T20:00,32.4,19.7,212.0,,,18.0
2023-06-23T21:00,32.4,19.5,211.0,,,13.0
2023-06-23T22:00,33.4,20.1,211.0,,,10.0
2023-06-23T23:00,33.4,20.1,211.0,,,10.0
2023-06-24T00:00,29.5,17.7,208.0,,,26.0
2023-06-24T01:00,30.9,19.0,225.0,,,26.0
2023-06-24T02:00,32.8,20.7,248.0,,,26.0
2023-06-24T03:00,35.7,22.6,271.0,,,30.0
2023-06-24T04:00,38.8,24.7,272.0,,,39.0
2023-06-24T05:00,41.9,26.9,264.0,,,50.0
2023-06-24T06:00,47.5,30.7,255.0,,,67.0
2023-06-24T07:00,53.8,35.2,254.0,,,81.0
2023-06-24T08:00,61.0,40.0,255.0,16.2,,96.0
2023-06-24T09:00,68.0,44.9,254.0,16.3,,109.0
2023-06-24T10:00,75.0,49.6,251.0,,,108.0
2023-06-24T11:00,78.9,,247.0,,,101.0
2023-06-24T12:00,77.3,50.1,253.0,,,113.0
2023-06-24T13:00,73.3,46.2,246.0,,,103.0
2023-06-24T14:00,71.7,44.0,236.0,,,88.0
2023-06-24T15:00,65.9,39.5,226.0,,,67.0
2023-06-24T16:00,56.0,32.6,224.0,,,51.0
2023-06-24T17:00,47.7,28.3,224.0,,,35.0
2023-06-24T18:00,40.7,25.3,222.0,,,19.0
2023-06-24T19:00,33.8,21.2,215.0,,,14.0
2023-06-24T20:00,31.0,19.0,206.0,,,14.0
2023-06-24T21:00,31.1,18.2,193.0,,,17.0
2023-06-24T22:00,31.5,17.5,183.0,,,23.0
2023-06-24T23:00,31.4,16.9,172.0,,,31.0
2023-06-25T00:00,32.4,19.0,206.0,,,23.0
2023-06-25T01:00,32.7,19.5,210.0,,,27.0
2023-06-25T02:00,33.4,20.0,215.0,,,34.0
2023-06-25T03:00,34.5,20.4,220.0,,,47.0
2023-06-25T04:00,39.7,23.8,220.0,16.9,,62.0
2023-06-25T05:00,46.2,27.9,217.0,14.2,,80.0
2023-06-25T06:00,54.9,33.4,215.0,11.4,,102.0
2023-06-25T07:00,60.8,37.1,216.0,9.8,,117.0
2023-06-25T08:00,61.2,36.8,218.0,8.8,,130.0
2023-06-25T09:00,66.8,40.0,218.0,8.1,,142.0
2023-06-25T10:00,79.4,48.1,216.0,8.2,,144.0
2023-06-25T11:00,79.2,47.1,212.0,8.7,,142.0
2023-06-25T12:00,67.1,38.3,204.0,10.3,,128.0
2023-06-25T13:00,58.9,32.1,198.0,11.0,21.7,116.0
2023-06-25T14:00,48.5,25.7,189.0,12.2,14.6,99.0
2023-06-25T15:00,39.0,20.7,179.0,15.4,8.9,77.0
2023-06-25T16:00,30.7,16.5,174.0,,11.2,63.0
2023-06-25T17:00,26.4,14.3,170.0,,16.8,51.0
2023-06-25T18:00,24.9,13.8,169.0,,23.9,39.0
2023-06-25T19:00,25.4,14.3,173.0,,,37.0
2023-06-25T20:00,26.5,15.5,180.0,,,38.0
2023-06-25T21:00,27.5,16.6,193.0,,,39.0
2023-06-25T22:00,28.2,17.6,206.0,,,35.0
2023-06-25T23:00,28.6,18.4,222.0,,,29.0
2023-06-26T00:00,23.5,15.3,206.0,16.0,,36.0
2023-06-26T01:00,23.7,15.7,219.0,16.1,,36.0
2023-06-26T02:00,24.8,16.5,238.0,16.1,23.7,37.0
2023-06-26T03:00,26.4,17.4,253.0,15.5,20.2,43.0
2023-06-26T04:00,28.4,18.3,248.0,13.6,18.0,57.0
2023-06-26T05:00,33.1,21.0,235.0,11.0,16.1,75.0
2023-06-26T06:00,39.7,25.4,222.0,9.1,16.6,96.0
2023-06-26T07:00,48.3,31.4,223.0,10.0,21.2,105.0
2023-06-26T08:00,55.2,36.1,228.0,12.1,,110.0
2023-06-26T09:00,59.6,39.0,235.0,15.8,,112.0
2023-06-26T10:00,62.6,41.0,236.0,,,108.0
2023-06-26T11:00,61.7,40.3,236.0,,,100.0
2023-06-26T12:00,54.6,34.7,227.0,,,88.0
2023-06-26T13:00,55.4,35.0,226.0,,,79.0
2023-06-26T14:00,53.9,33.6,225.0,,,65.0
2023-06-26T15:00,48.5,29.7,218.0,,,49.0
2023-06-26T16:00,38.9,23.1,206.0,,,41.0
2023-06-26T17:00,30.7,18.0,190.0,,,34.0
2023-06-26T18:00,26.0,15.6,172.0,,,29.0
2023-06-26T19:00,23.6,14.4,165.0,,,29.0
2023-06-26T20:00,22.9,14.1,162.0,,,33.0
2023-06-26T21:00,22.1,13.7,163.0,,,36.0
2023-06-26T22:00,21.7,13.6,168.0,,,36.0
2023-06-26T23:00,21.9,14.0,176.0,,,35.0
2023-06-27T00:00,24.8,16.1,223.0,,,9.0
2023-06-27T01:00,25.4,16.8,241.0,,,12.0
2023-06-27T02:00,26.7,17.7,265.0,,,17.0
2023-06-27T03:00,28.8,19.2,287.0,,,28.0
2023-06-27T04:00,33.2,22.1,284.0,,,41.0
2023-06-27T05:00,40.3,26.8,272.0,,,58.0
2023-06-27T06:00,48.1,31.9,255.0,,,77.0
2023-06-27T07:00,55.1,36.2,245.0,,,86.0
2023-06-27T08:00,60.8,39.5,234.0,17.0,,93.0
2023-06-27T09:00,67.8,44.0,223.0,16.1,,101.0
2023-06-27T10:00,76.4,49.8,218.0,14.7,,108.0
2023-06-27T11:00,,,216.0,13.4,,115.0
2023-06-27T12:00,34.5,20.2,243.0,8.8,10.1,131.0
2023-06-27T13:00,37.1,21.7,233.0,9.0,9.5,119.0
2023-06-27T14:00,35.7,20.4,219.0,9.2,8.6,102.0
2023-06-27T15:00,29.7,17.1,207.0,9.8,7.8,80.0
2023-06-27T16:00,23.2,13.9,210.0,10.7,7.8,68.0
2023-06-27T17:00,20.0,12.7,219.0,11.9,8.1,57.0
2023-06-27T18:00,16.8,11.1,228.0,12.9,8.4,46.0
2023-06-27T19:00,14.6,9.8,227.0,12.7,8.4,41.0
2023-06-27T20:00,13.2,9.0,224.0,11.9,8.3,39.0
2023-06-27T21:00,12.4,8.5,218.0,10.9,8.1,37.0
2023-06-27T22:00,11.7,8.1,213.0,10.3,7.7,35.0
2023-06-27T23:00,10.9,7.5,208.0,9.7,7.1,33.0
2023-06-28T00:00,9.6,6.7,194.0,8.1,6.7,35.0
2023-06-28T01:00,9.5,6.7,199.0,7.7,6.9,37.0
2023-06-28T02:00,10.3,7.2,206.0,7.2,7.1,41.0
2023-06-28T03:00,12.0,8.2,211.0,6.4,8.1,51.0
2023-06-28T04:00,15.1,10.3,209.0,5.8,9.9,65.0
2023-06-28T05:00,20.0,13.7,204.0,5.1,12.2,83.0
2023-06-28T06:00,23.1,15.6,197.0,4.2,14.6,105.0
2023-06-28T07:00,23.1,15.1,191.0,3.5,15.4,118.0
2023-06-28T08:00,24.0,15.3,183.0,2.8,15.8,129.0
2023-06-28T09:00,25.8,15.9,178.0,2.5,15.3,138.0
2023-06-28T10:00,28.4,17.2,181.0,3.3,13.9,138.0
2023-06-28T11:00,32.1,19.2,189.0,4.7,11.8,133.0
2023-06-28T12:00,31.7,19.6,201.0,7.8,10.8,126.0
2023-06-28T13:00,31.7,19.1,199.0,7.7,9.4,117.0
2023-06-28T14:00,29.7,17.6,195.0,7.6,7.4,104.0
2023-06-28T15:00,27.5,15.9,192.0,7.6,5.8,89.0
2023-06-28T16:00,24.8,14.3,192.0,8.1,6.3,81.0
2023-06-28T17:00,20.8,12.0,193.0,8.7,7.7,75.0
2023-06-28T18:00,18.7,11.1,193.0,9.3,9.3,69.0
2023-06-28T19:00,18.2,11.2,191.0,9.2,9.6,65.0
2023-06-28T20:00,17.6,10.9,189.0,8.8,9.6,63.0
2023-06-28T21:00,17.1,10.7,188.0,8.4,9.4,59.0
2023-06-28T22:00,16.8,10.7,191.0,8.4,9.2,55.0
2023-06-28T23:00,16.5,10.8,197.0,8.6,8.8,50.0
2023-06-29T00:00,17.6,11.7,218.0,8.6,7.7,46.0
2023-06-29T01:00,17.6,11.9,227.0,8.4,7.5,47.0
2023-06-29T02:00,18.2,12.3,240.0,8.1,7.3,49.0
2023-06-29T03:00,19.3,13.2,250.0,7.3,7.4,59.0
2023-06-29T04:00,21.5,14.7,246.0,6.1,8.2,76.0
2023-06-29T05:00,25.8,17.6,237.0,4.7,9.3,99.0
2023-06-29T06:00,29.7,20.1,225.0,3.1,10.8,125.0
2023-06-29T07:00,30.7,20.1,220.0,2.5,12.0,139.0
2023-06-29T08:00,31.9,20.0,216.0,2.3,13.2,150.0
2023-06-29T09:00,33.6,20.3,210.0,2.4,14.0,157.0
2023-06-29T10:00,35.6,20.7,203.0,2.9,13.4,154.0
2023-06-29T11:00,37.4,21.4,195.0,3.8,12.2,144.0
2023-06-29T12:00,34.0,19.8,206.0,6.3,9.2,131.0
2023-06-29T13:00,35.4,20.3,203.0,7.2,9.5,120.0
2023-06-29T14:00,31.1,18.0,200.0,8.4,10.0,104.0
2023-06-29T15:00,25.2,15.4,197.0,9.9,10.8,85.0
2023-06-29T16:00,23.9,15.3,199.0,10.8,11.6,76.0
2023-06-29T17:00,23.2,14.8,202.0,11.5,12.6,70.0
2023-06-29T18:00,22.6,14.4,207.0,11.9,13.0,63.0
2023-06-29T19:00,22.1,14.2,211.0,11.4,12.0,58.0
2023-06-29T20:00,21.5,14.0,214.0,10.5,10.3,54.0
2023-06-29T21:00,20.7,13.4,216.0,9.3,8.2,49.0
2023-06-29T22:00,19.1,12.4,211.0,8.5,7.2,46.0
2023-06-29T23:00,17.9,11.6,203.0,7.7,6.5,44.0
2023-06-30T00:00,17.2,11.2,206.0,7.7,5.8,39.0
2023-06-30T01:00,16.1,10.4,207.0,7.3,5.7,42.0
2023-06-30T02:00,16.2,10.4,208.0,6.8,5.7,45.0
2023-06-30T03:00,17.5,10.9,208.0,5.9,6.2,56.0
2023-06-30T04:00,20.9,12.7,207.0,5.2,7.6,72.0
2023-06-30T05:00,26.3,16.1,206.0,4.3,9.4,91.0
2023-06-30T06:00,29.6,17.6,203.0,3.4,11.6,115.0
2023-06-30T07:00,31.1,17.0,198.0,2.8,12.6,128.0
2023-06-30T08:00,34.0,17.5,192.0,2.2,13.4,138.0
2023-06-30T09:00,36.7,19.0,188.0,2.3,13.6,145.0
2023-06-30T10:00,37.4,19.3,192.0,3.4,12.8,145.0
2023-06-30T11:00,40.0,20.9,199.0,5.2,11.4,140.0
2023-06-30T12:00,37.3,20.5,192.0,6.1,10.4,128.0
2023-06-30T13:00,38.8,21.5,204.0,7.8,9.5,116.0
2023-06-30T14:00,37.6,21.1,221.0,10.1,8.3,99.0
2023-06-30T15:00,32.6,18.6,236.0,12.2,7.2,81.0
2023-06-30T16:00,28.3,16.2,233.0,11.9,7.2,75.0
2023-06-30T17:00,27.0,15.8,223.0,10.7,7.6,72.0
2023-06-30T18:00,24.9,14.6,210.0,9.0,8.1,70.0
2023-06-30T19:00,24.2,14.0,202.0,8.2,8.2,69.0
2023-06-30T20:00,24.0,13.7,194.0,7.4,8.2,68.0
2023-06-30T21:00,24.9,13.4,189.0,6.7,8.1,66.0
2023-06-30T22:00,26.4,14.6,194.0,6.7,7.9,62.0
2023-06-30T23:00,26.8,15.0,204.0,6.9,7.6,57.0
2023-07-01T00:00,25.6,15.5,252.0,9.2,6.9,46.0
2023-07-01T01:00,26.5,15.9,257.0,9.0,7.1,49.0
2023-07-01T02:00,27.7,16.6,264.0,8.7,7.3,53.0
2023-07-01T03:00,26.4,15.7,261.0,7.8,7.0,61.0
2023-07-01T04:00,20.2,12.0,241.0,6.2,5.9,70.0
2023-07-01T05:00,17.9,10.7,210.0,4.2,4.3,80.0
2023-07-01T06:00,18.5,10.8,179.0,2.2,2.8,92.0
2023-07-01T07:00,20.3,11.4,170.0,1.7,2.7,97.0
2023-07-01T08:00,22.4,12.1,168.0,1.7,3.2,100.0
2023-07-01T09:00,24.0,12.8,176.0,3.0,4.2,101.0
2023-07-01T10:00,25.8,13.8,194.0,5.7,5.1,99.0
2023-07-01T11:00,27.8,15.0,219.0,9.3,6.3,96.0
2023-07-01T12:00,28.5,14.8,211.0,8.4,5.9,101.0
2023-07-01T13:00,31.9,17.1,248.0,12.0,7.0,93.0
2023-07-01T14:00,35.3,19.6,300.0,,8.6,82.0
2023-07-01T15:00,39.3,22.2,342.0,,10.3,70.0
2023-07-01T16:00,42.4,23.8,326.0,,10.9,65.0
2023-07-01T17:00,38.6,21.0,286.0,16.7,11.1,62.0
2023-07-01T18:00,36.0,18.9,242.0,12.6,11.1,59.0
2023-07-01T19:00,35.6,19.1,234.0,11.3,10.9,57.0
2023-07-01T20:00,36.2,19.5,236.0,10.6,10.4,56.0
2023-07-01T21:00,39.5,19.9,239.0,9.7,9.4,54.0
2023-07-01T22:00,41.8,19.2,234.0,8.6,8.1,52.0
2023-07-01T23:00,45.8,19.9,226.0,7.5,6.4,50.0
2023-07-02T00:00,39.6,19.8,245.0,8.0,6.9,47.0
2023-07-02T01:00,40.4,20.3,255.0,8.8,7.2,46.0
2023-07-02T02:00,41.1,20.9,269.0,9.9,7.6,44.0
2023-07-02T03:00,41.4,21.2,280.0,10.5,8.2,48.0
2023-07-02T04:00,41.0,21.4,276.0,9.4,8.7,60.0
2023-07-02T05:00,41.1,22.1,266.0,7.6,9.3,78.0
2023-07-02T06:00,40.2,22.1,249.0,5.6,9.6,96.0
2023-07-02T07:00,36.3,19.4,233.0,4.7,9.0,100.0
2023-07-02T08:00,33.8,17.1,215.0,4.2,8.1,99.0
2023-07-02T09:00,34.8,17.1,205.0,5.0,7.5,96.0
2023-07-02T10:00,36.2,17.8,223.0,7.9,8.2,94.0
2023-07-02T11:00,38.5,19.1,254.0,12.2,9.5,92.0
2023-07-02T12:00,40.6,18.0,239.0,12.4,6.0,71.0
2023-07-02T13:00,45.1,19.4,245.0,13.3,7.9,68.0
2023-07-02T14:00,47.0,20.3,254.0,14.6,10.6,64.0
2023-07-02T15:00,49.1,21.2,263.0,15.8,13.7,60.0
2023-07-02T16:00,48.8,21.6,264.0,15.9,15.3,58.0
2023-07-02T17:00,46.2,21.8,261.0,15.5,16.6,56.0
2023-07-02T18:00,42.3,21.5,257.0,14.4,17.0,55.0
2023-07-02T19:00,38.8,20.7,254.0,12.9,15.8,55.0
2023-07-02T20:00,36.4,20.7,251.0,10.9,13.8,55.0
2023-07-02T21:00,34.6,20.2,244.0,8.7,10.9,54.0
2023-07-02T22:00,31.2,18.7,233.0,7.7,9.0,51.0
2023-07-02T23:00,26.0,15.9,220.0,7.0,7.0,46.0
2023-07-03T00:00,26.6,15.3,207.0,8.4,10.9,48.0
2023-07-03T01:00,27.9,16.4,222.0,9.2,10.8,46.0
2023-07-03T02:00,28.9,17.3,242.0,10.3,10.5,42.0
2023-07-03T03:00,28.3,17.1,260.0,11.1,10.2,40.0
2023-07-03T04:00,23.6,14.3,256.0,10.6,9.8,42.0
2023-07-03T05:00,22.0,13.5,243.0,9.6,9.3,46.0
2023-07-03T06:00,22.2,13.7,227.0,8.3,9.1,53.0
2023-07-03T07:00,23.6,14.3,218.0,7.5,9.7,61.0
2023-07-03T08:00,24.4,15.2,210.0,6.6,10.6,70.0
2023-07-03T09:00,26.1,16.3,206.0,6.5,12.2,81.0
2023-07-03T10:00,28.2,17.1,213.0,7.9,14.0,88.0
2023-07-03T11:00,30.2,18.2,226.0,10.0,16.0,95.0
2023-07-03T12:00,34.5,21.4,219.0,11.8,21.7,91.0
2023-07-03T13:00,34.2,20.7,228.0,12.9,19.8,84.0
2023-07-03T14:00,33.8,20.1,242.0,14.6,17.1,74.0
2023-07-03T15:00,33.1,19.8,259.0,16.1,13.7,62.0
2023-07-03T16:00,31.7,19.5,271.0,16.3,11.7,55.0
2023-07-03T17:00,30.0,18.9,282.0,15.9,9.8,49.0
2023-07-03T18:00,26.4,17.0,287.0,15.0,7.9,43.0
2023-07-03T19:00,22.6,15.0,279.0,13.8,7.0,40.0
2023-07-03T20:00,19.3,12.9,263.0,12.3,6.4,37.0
2023-07-03T21:00,16.7,11.2,242.0,10.5,6.1,35.0
2023-07-03T22:00,13.2,8.7,228.0,9.7,6.3,33.0
2023-07-03T23:00,12.6,8.2,215.0,9.2,6.9,32.0
2023-07-04T00:00,11.8,7.8,207.0,9.1,7.8,31.0
2023-07-04T01:00,10.9,7.2,204.0,8.9,8.6,33.0
2023-07-04T02:00,10.4,6.9,201.0,8.7,9.7,35.0
2023-07-04T03:00,9.8,6.6,196.0,8.4,11.1,40.0
2023-07-04T04:00,10.6,7.1,190.0,8.0,13.0,48.0
2023-07-04T05:00,12.7,8.6,183.0,7.6,15.2,57.0
2023-07-04T06:00,14.3,9.7,177.0,7.1,16.3,67.0
2023-07-04T07:00,15.6,10.6,174.0,6.2,15.7,78.0
2023-07-04T08:00,16.5,11.2,172.0,5.3,14.1,89.0
2023-07-04T09:00,17.1,11.4,171.0,5.0,12.6,94.0
2023-07-04T10:00,17.0,11.3,169.0,6.0,11.7,90.0
2023-07-04T11:00,16.1,10.6,167.0,7.6,11.0,81.0
2023-07-04T12:00,15.8,10.8,172.0,7.9,9.4,78.0
2023-07-04T13:00,12.2,8.5,176.0,8.4,9.1,69.0
2023-07-04T14:00,10.2,7.2,181.0,9.2,8.7,57.0
2023-07-04T15:00,9.3,6.5,185.0,9.8,8.5,47.0
2023-07-04T16:00,8.8,6.1,186.0,10.1,8.8,41.0
2023-07-04T17:00,8.3,5.7,185.0,10.3,9.4,38.0
2023-07-04T18:00,7.8,5.3,182.0,10.2,9.7,36.0
2023-07-04T19:00,6.3,4.2,175.0,9.7,9.6,35.0
2023-07-04T20:00,5.2,3.5,165.0,8.9,9.3,36.0
2023-07-04T21:00,5.4,3.7,159.0,8.4,9.1,36.0
2023-07-04T22:00,6.4,4.3,159.0,8.5,9.4,34.0
2023-07-04T23:00,6.8,4.6,162.0,8.8,9.8,32.0
2023-07-05T00:00,5.0,3.3,149.0,7.2,8.0,34.0
2023-07-05T01:00,4.9,3.3,151.0,7.2,8.2,35.0
2023-07-05T02:00,5.2,3.5,154.0,7.3,8.5,36.0
2023-07-05T03:00,6.0,4.0,158.0,7.1,9.1,39.0
2023-07-05T04:00,7.3,4.9,163.0,6.5,10.2,46.0
2023-07-05T05:00,9.5,6.4,168.0,5.8,11.6,56.0
2023-07-05T06:00,13.1,9.0,172.0,5.1,12.4,65.0
2023-07-05T07:00,15.3,10.5,172.0,4.5,12.1,75.0
2023-07-05T08:00,16.3,11.2,171.0,4.0,11.4,84.0
2023-07-05T09:00,15.6,10.7,171.0,4.1,10.9,89.0
2023-07-05T10:00,14.7,10.1,174.0,5.2,11.2,87.0
2023-07-05T11:00,15.1,10.4,178.0,6.9,11.8,81.0
2023-07-05T12:00,28.8,20.1,185.0,8.3,12.5,79.0
2023-07-05T13:00,26.4,18.5,189.0,9.5,12.8,71.0
2023-07-05T14:00,23.7,16.6,195.0,11.2,13.2,59.0
2023-07-05T15:00,21.2,14.7,198.0,12.3,13.4,50.0
2023-07-05T16:00,19.2,13.3,197.0,12.4,13.2,45.0
2023-07-05T17:00,16.6,11.4,193.0,11.9,12.7,42.0
2023-07-05T18:00,14.2,9.7,190.0,11.4,12.2,40.0
2023-07-05T19:00,12.5,8.5,188.0,11.1,11.5,37.0
2023-07-05T20:00,11.2,7.6,187.0,10.8,10.7,35.0
2023-07-05T21:00,10.7,7.2,184.0,10.4,10.1,33.0
2023-07-05T22:00,10.0,6.6,177.0,9.9,9.8,32.0
2023-07-05T23:00,8.8,5.8,168.0,9.3,9.6,31.0
2023-07-06T00:00,9.9,6.7,187.0,10.1,9.4,29.0
2023-07-06T01:00,9.1,6.2,186.0,9.9,9.8,30.0
2023-07-06T02:00,8.9,6.1,183.0,9.7,10.5,33.0
2023-07-06T03:00,9.0,6.2,181.0,9.4,11.4,36.0
2023-07-06T04:00,9.6,6.5,178.0,9.1,12.7,40.0
2023-07-06T05:00,10.7,7.2,176.0,8.8,14.3,45.0
2023-07-06T06:00,12.5,8.5,173.0,8.2,15.4,52.0
2023-07-06T07:00,14.2,9.6,171.0,6.9,15.7,66.0
2023-07-06T08:00,15.5,10.6,168.0,5.2,15.4,82.0
2023-07-06T09:00,16.1,11.0,168.0,4.5,15.2,92.0
2023-07-06T10:00,16.1,11.0,170.0,5.3,15.0,92.0
2023-07-06T11:00,16.2,11.1,174.0,6.9,14.8,86.0
2023-07-06T12:00,25.8,16.9,204.0,8.1,9.6,104.0
2023-07-06T13:00,25.1,16.2,220.0,10.1,9.7,93.0
2023-07-06T14:00,25.1,16.6,242.0,12.8,9.8,78.0
2023-07-06T15:00,24.6,16.4,258.0,14.8,9.9,64.0
2023-07-06T16:00,22.9,15.4,265.0,15.3,9.8,54.0
2023-07-06T17:00,20.4,13.9,266.0,15.1,9.7,45.0
2023-07-06T18:00,18.0,12.3,263.0,14.5,9.6,39.0
2023-07-06T19:00,16.1,11.0,253.0,13.6,9.7,36.0
2023-07-06T20:00,14.7,10.0,238.0,12.4,9.9,35.0
2023-07-06T21:00,13.4,9.1,225.0,11.3,10.0,34.0
2023-07-06T22:00,12.4,8.4,215.0,10.5,9.8,33.0
2023-07-06T23:00,11.5,7.8,207.0,9.8,9.5,32.0
2023-07-07T00:00,8.1,5.3,165.0,8.9,8.9,30.0
2023-07-07T01:00,7.5,4.8,167.0,8.8,9.1,31.0
2023-07-07T02:00,7.8,5.0,170.0,8.7,9.4,33.0
2023-07-07T03:00,9.0,5.7,174.0,8.5,10.1,36.0
2023-07-07T04:00,10.6,6.8,181.0,8.4,11.4,42.0
2023-07-07T05:00,13.2,8.4,190.0,8.2,13.1,51.0
2023-07-07T06:00,16.7,10.7,195.0,8.0,14.5,59.0
2023-07-07T07:00,17.6,11.3,195.0,7.4,15.4,69.0
2023-07-07T08:00,17.9,11.8,191.0,6.8,16.0,78.0
2023-07-07T09:00,18.5,12.4,188.0,6.6,16.4,84.0
2023-07-07T10:00,18.3,12.5,185.0,7.2,16.4,83.0
2023-07-07T11:00,18.0,12.4,183.0,8.4,16.2,78.0
2023-07-07T12:00,26.4,17.7,184.0,10.0,17.2,78.0
2023-07-07T13:00,24.9,16.9,189.0,11.6,16.7,69.0
2023-07-07T14:00,21.9,14.9,197.0,13.9,15.9,56.0
2023-07-07T15:00,20.3,13.8,202.0,15.3,15.1,46.0
2023-07-07T16:00,18.9,12.7,204.0,15.3,14.3,42.0
2023-07-07T17:00,18.3,12.2,204.0,14.5,13.6,41.0
2023-07-07T18:00,17.7,11.8,203.0,13.6,12.8,40.0
2023-07-07T19:00,16.6,11.0,200.0,12.7,12.0,38.0
2023-07-07T20:00,14.8,9.8,195.0,11.6,11.3,37.0
2023-07-07T21:00,13.1,8.8,191.0,10.7,10.6,36.0
2023-07-07T22:00,12.0,8.1,187.0,9.9,10.0,36.0
2023-07-07T23:00,11.3,7.6,184.0,9.3,9.5,36.0
2023-07-08T00:00,9.6,6.5,184.0,9.4,8.3,30.0
2023-07-08T01:00,9.2,6.1,186.0,8.9,8.7,32.0
2023-07-08T02:00,9.5,6.3,189.0,8.2,9.3,35.0
2023-07-08T03:00,10.5,6.9,190.0,7.5,10.1,42.0
2023-07-08T04:00,12.5,8.2,189.0,6.7,11.2,54.0
2023-07-08T05:00,15.3,10.1,186.0,5.8,12.5,69.0
2023-07-08T06:00,16.9,11.2,184.0,5.1,13.2,82.0
2023-07-08T07:00,17.2,11.4,183.0,4.3,12.9,92.0
2023-07-08T08:00,18.7,12.3,183.0,3.6,12.0,101.0
2023-07-08T09:00,20.3,13.5,188.0,3.7,10.9,107.0
2023-07-08T10:00,21.4,14.4,200.0,4.9,9.3,110.0
2023-07-08T11:00,21.9,14.9,218.0,6.7,7.5,109.0
2023-07-08T12:00,26.3,17.5,213.0,6.8,8.2,115.0
2023-07-08T13:00,26.1,17.4,216.0,8.0,8.5,104.0
2023-07-08T14:00,25.6,17.1,221.0,9.7,8.8,88.0
2023-07-08T15:00,23.1,15.7,226.0,11.0,9.0,75.0
2023-07-08T16:00,21.1,14.4,230.0,11.4,8.9,67.0
2023-07-08T17:00,20.1,13.8,234.0,11.4,8.6,60.0
2023-07-08T18:00,19.4,13.4,238.0,11.2,8.1,55.0
2023-07-08T19:00,18.6,12.9,242.0,10.9,7.4,50.0
2023-07-08T20:00,18.0,12.5,246.0,10.4,6.6,47.0
2023-07-08T21:00,17.1,11.8,247.0,9.9,6.0,44.0
2023-07-08T22:00,16.2,11.2,244.0,9.3,5.7,41.0
2023-07-08T23:00,15.5,10.7,239.0,8.6,5.6,38.0
2023-07-09T00:00,18.6,12.9,241.0,9.6,10.1,42.0
2023-07-09T01:00,19.0,13.2,249.0,9.4,10.3,46.0
2023-07-09T02:00,20.1,13.8,260.0,9.1,10.5,52.0
2023-07-09T03:00,22.0,14.9,264.0,8.3,10.5,62.0
2023-07-09T04:00,24.4,16.3,256.0,6.6,10.1,81.0
2023-07-09T05:00,27.9,18.5,242.0,4.5,9.5,104.0
2023-07-09T06:00,29.2,19.0,231.0,2.9,8.8,123.0
2023-07-09T07:00,29.9,19.0,225.0,2.0,8.1,135.0
2023-07-09T08:00,31.0,19.3,222.0,1.7,7.3,143.0
2023-07-09T09:00,31.5,19.2,223.0,2.2,6.8,147.0
2023-07-09T10:00,31.3,18.5,229.0,3.9,6.7,147.0
2023-07-09T11:00,31.3,18.0,239.0,6.3,6.8,142.0
2023-07-09T12:00,38.4,20.7,207.0,4.6,7.5,138.0
2023-07-09T13:00,42.6,23.1,206.0,5.6,7.3,127.0
2023-07-09T14:00,39.9,21.9,205.0,7.1,7.2,111.0
2023-07-09T15:00,33.9,18.5,201.0,8.4,8.1,98.0
2023-07-09T16:00,28.9,15.4,193.0,9.2,11.0,90.0
2023-07-09T17:00,26.8,14.1,182.0,9.8,14.9,84.0
2023-07-09T18:00,24.9,13.2,174.0,10.5,18.3,78.0
2023-07-09T19:00,23.2,12.5,169.0,11.5,20.7,71.0
2023-07-09T20:00,22.5,12.6,167.0,12.5,22.6,63.0
2023-07-09T21:00,22.6,13.2,171.0,13.1,23.1,57.0
2023-07-09T22:00,23.7,14.3,183.0,12.8,21.6,52.0
2023-07-09T23:00,25.0,15.4,201.0,11.9,18.9,49.0
2023-07-10T00:00,24.2,15.1,212.0,9.8,14.7,53.0
2023-07-10T01:00,25.0,15.5,229.0,9.9,13.4,54.0
2023-07-10T02:00,26.5,16.4,251.0,10.1,11.6,55.0
2023-07-10T03:00,28.6,17.6,264.0,9.9,10.6,58.0
2023-07-10T04:00,30.0,18.2,257.0,9.1,10.9,65.0
2023-07-10T05:00,31.3,18.7,240.0,8.0,12.0,74.0
2023-07-10T06:00,32.6,19.2,227.0,7.1,13.0,83.0
2023-07-10T07:00,34.0,19.6,221.0,6.5,13.7,92.0
2023-07-10T08:00,35.2,19.7,219.0,6.0,14.3,101.0
2023-07-10T09:00,36.7,20.1,220.0,5.9,14.7,108.0
2023-07-10T10:00,38.1,21.0,227.0,6.2,14.6,114.0
2023-07-10T11:00,39.1,22.1,237.0,6.9,14.4,117.0
2023-07-10T12:00,39.7,20.8,199.0,10.2,16.8,83.0
2023-07-10T13:00,36.7,19.8,210.0,10.3,15.6,80.0
2023-07-10T14:00,32.9,18.6,224.0,10.4,13.9,75.0
2023-07-10T15:00,30.4,18.0,236.0,10.3,12.2,71.0
2023-07-10T16:00,29.3,17.9,241.0,9.7,10.3,67.0
2023-07-10T17:00,28.2,17.5,244.0,9.0,8.3,64.0
2023-07-10T18:00,27.0,16.8,244.0,8.4,7.2,61.0
2023-07-10T19:00,25.9,16.1,242.0,8.2,7.3,58.0
2023-07-10T20:00,25.1,15.7,238.0,8.2,8.2,56.0
2023-07-10T21:00,24.7,15.5,236.0,8.3,9.4,54.0
2023-07-10T22:00,24.8,15.7,236.0,8.5,11.0,52.0
2023-07-10T23:00,25.7,16.2,237.0,8.9,12.9,51.0
2023-07-11T00:00,23.3,14.5,224.0,9.1,11.2,47.0
2023-07-11T01:00,22.5,13.7,228.0,9.4,10.7,45.0
2023-07-11T02:00,22.9,13.4,233.0,9.9,10.0,42.0
2023-07-11T03:00,24.1,14.0,237.0,10.0,9.8,43.0
2023-07-11T04:00,26.5,15.2,239.0,9.4,10.7,51.0
2023-07-11T05:00,29.6,16.4,239.0,8.4,12.1,63.0
2023-07-11T06:00,32.8,17.5,241.0,7.8,13.2,74.0
2023-07-11T07:00,35.5,18.3,244.0,7.9,13.7,82.0
2023-07-11T08:00,37.1,19.0,248.0,8.4,13.8,90.0
2023-07-11T09:00,40.6,20.3,252.0,9.0,14.1,95.0
2023-07-11T10:00,42.0,21.1,257.0,9.7,14.4,98.0
2023-07-11T11:00,43.1,21.2,262.0,10.5,14.9,100.0
2023-07-11T12:00,47.7,24.6,299.0,14.7,13.5,100.0
2023-07-11T13:00,49.5,26.0,280.0,13.6,13.2,94.0
2023-07-11T14:00,44.5,21.9,253.0,12.1,12.8,85.0
2023-07-11T15:00,43.2,20.4,231.0,11.2,13.1,77.0
2023-07-11T16:00,36.7,17.9,217.0,11.5,14.9,70.0
2023-07-11T17:00,32.7,16.9,207.0,12.3,17.2,64.0
2023-07-11T18:00,30.5,16.4,203.0,12.7,18.4,59.0
2023-07-11T19:00,28.9,16.0,208.0,12.2,17.1,55.0
2023-07-11T20:00,27.6,15.5,218.0,11.2,14.6,53.0
2023-07-11T21:00,30.9,16.3,228.0,10.4,12.6,50.0
2023-07-11T22:00,28.3,16.2,234.0,10.0,11.6,47.0
2023-07-11T23:00,28.2,16.5,241.0,9.8,11.1,43.0
2023-07-12T00:00,25.4,14.6,226.0,8.7,10.1,47.0
2023-07-12T01:00,27.4,15.9,245.0,9.3,10.3,46.0
2023-07-12T02:00,29.4,17.2,270.0,10.2,10.7,46.0
2023-07-12T03:00,32.2,18.9,287.0,10.3,11.3,52.0
2023-07-12T04:00,35.7,21.1,288.0,9.2,12.1,69.0
2023-07-12T05:00,38.4,22.6,281.0,7.3,13.2,93.0
2023-07-12T06:00,39.8,22.9,271.0,5.8,14.2,113.0
2023-07-12T07:00,39.0,21.1,257.0,4.7,15.4,128.0
2023-07-12T08:00,39.7,20.3,240.0,3.8,16.6,140.0
2023-07-12T09:00,42.5,21.1,230.0,3.9,17.0,147.0
2023-07-12T10:00,45.3,22.3,234.0,5.7,15.9,146.0
2023-07-12T11:00,46.0,22.3,244.0,8.4,13.9,139.0
2023-07-12T12:00,48.4,23.1,234.0,7.3,15.4,139.0
2023-07-12T13:00,59.8,28.6,252.0,9.6,14.9,127.0
2023-07-12T14:00,56.9,27.7,276.0,12.6,14.2,109.0
2023-07-12T15:00,54.2,27.4,287.0,14.5,13.3,93.0
2023-07-12T16:00,49.8,25.5,276.0,14.1,12.3,80.0
2023-07-12T17:00,43.1,21.5,252.0,12.4,11.1,68.0
2023-07-12T18:00,36.4,18.3,228.0,10.9,10.2,59.0
2023-07-12T19:00,29.6,14.7,203.0,9.8,9.8,55.0
2023-07-12T20:00,25.8,12.9,178.0,8.9,9.7,55.0
2023-07-12T21:00,23.1,11.8,161.0,8.2,9.5,54.0
2023-07-12T22:00,21.2,11.0,156.0,7.9,9.1,51.0
2023-07-12T23:00,20.1,10.7,160.0,7.8,8.8,48.0
2023-07-13T00:00,16.4,8.8,130.0,6.2,7.0,50.0
2023-07-13T01:00,16.7,9.1,143.0,7.2,7.7,47.0
2023-07-13T02:00,17.8,9.9,162.0,8.5,8.6,44.0
2023-07-13T03:00,18.9,10.7,177.0,9.2,10.0,45.0
2023-07-13T04:00,20.7,12.0,184.0,8.9,11.9,51.0
2023-07-13T05:00,23.2,13.7,188.0,8.1,14.3,61.0
2023-07-13T06:00,26.7,15.5,190.0,7.1,16.3,74.0
2023-07-13T07:00,28.9,16.1,189.0,5.9,18.2,92.0
2023-07-13T08:00,31.0,17.0,187.0,4.6,19.8,112.0
2023-07-13T09:00,32.8,18.1,186.0,4.1,20.1,125.0
2023-07-13T10:00,36.1,19.4,188.0,4.8,18.2,128.0
2023-07-13T11:00,39.0,20.7,193.0,6.3,14.9,124.0
2023-07-13T12:00,46.9,25.6,213.0,8.5,15.7,127.0
2023-07-13T13:00,44.4,24.4,228.0,10.2,14.7,115.0
2023-07-13T14:00,45.2,25.7,250.0,12.6,13.3,99.0
2023-07-13T15:00,41.9,24.6,267.0,14.4,12.0,84.0
2023-07-13T16:00,39.1,23.2,279.0,15.1,10.9,73.0
2023-07-13T17:00,36.0,21.4,287.0,15.3,10.0,63.0
2023-07-13T18:00,33.2,20.1,287.0,14.8,9.3,56.0
2023-07-13T19:00,28.8,17.8,276.0,13.4,8.9,52.0
2023-07-13T20:00,26.0,16.6,258.0,11.3,8.8,51.0
2023-07-13T21:00,24.6,15.9,239.0,9.7,9.0,50.0
2023-07-13T22:00,24.0,15.6,218.0,9.0,9.9,49.0
2023-07-13T23:00,22.5,14.6,196.0,8.8,11.1,48.0
2023-07-14T00:00,19.7,12.8,233.0,9.8,8.5,38.0
2023-07-14T01:00,19.6,12.9,236.0,9.8,9.0,39.0
2023-07-14T02:00,20.0,13.3,239.0,9.7,9.8,42.0
2023-07-14T03:00,20.7,13.8,238.0,9.2,10.8,49.0
2023-07-14T04:00,22.1,14.8,230.0,8.0,12.1,65.0
2023-07-14T05:00,24.4,16.4,218.0,6.3,13.5,85.0
2023-07-14T06:00,26.5,17.6,207.0,4.9,14.5,103.0
2023-07-14T07:00,24.3,15.5,196.0,3.7,14.9,116.0
2023-07-14T08:00,24.6,15.4,185.0,2.8,15.0,127.0
2023-07-14T09:00,26.1,16.1,180.0,2.7,14.5,133.0
2023-07-14T10:00,28.3,17.3,183.0,4.0,13.2,132.0
2023-07-14T11:00,30.0,18.0,192.0,6.2,11.3,126.0
2023-07-14T12:00,33.9,20.5,193.0,6.8,12.0,124.0
2023-07-14T13:00,36.3,21.9,205.0,8.1,10.8,113.0
2023-07-14T14:00,32.1,19.3,221.0,9.8,9.3,96.0
2023-07-14T15:00,29.2,18.0,231.0,11.0,8.6,83.0
2023-07-14T16:00,30.0,19.0,230.0,11.3,9.7,75.0
2023-07-14T17:00,29.8,19.0,224.0,11.1,11.7,69.0
2023-07-14T18:00,26.1,16.4,217.0,10.7,12.8,65.0
2023-07-14T19:00,22.5,13.9,208.0,10.0,12.0,62.0
2023-07-14T20:00,20.4,12.6,199.0,9.0,10.4,60.0
2023-07-14T21:00,19.7,12.2,196.0,8.4,9.1,58.0
2023-07-14T22:00,20.0,12.5,203.0,8.5,8.8,53.0
2023-07-14T23:00,20.8,13.2,217.0,9.1,8.9,48.0
2023-07-15T00:00,20.6,13.2,235.0,9.2,7.3,42.0
2023-07-15T01:00,21.4,13.9,250.0,9.4,7.8,42.0
2023-07-15T02:00,22.4,14.8,271.0,9.6,8.4,43.0
2023-07-15T03:00,22.7,15.4,279.0,9.1,8.9,50.0
2023-07-15T04:00,23.0,15.7,264.0,7.4,9.1,68.0
2023-07-15T05:00,24.7,16.9,237.0,5.0,9.2,92.0
2023-07-15T06:00,25.7,17.3,215.0,3.2,9.3,112.0
2023-07-15T07:00,26.0,16.7,203.0,2.3,9.6,126.0
2023-07-15T08:00,27.1,16.2,196.0,1.9,9.9,135.0
2023-07-15T09:00,30.7,17.1,193.0,2.3,10.0,140.0
2023-07-15T10:00,34.0,18.6,196.0,3.9,9.9,139.0
2023-07-15T11:00,36.6,19.7,203.0,6.3,9.6,133.0
2023-07-15T12:00,32.9,18.3,230.0,9.3,6.9,116.0
2023-07-15T13:00,37.3,20.7,243.0,11.1,7.5,108.0
2023-07-15T14:00,41.1,22.8,260.0,13.5,8.4,97.0
2023-07-15T15:00,39.1,21.8,273.0,15.2,9.1,86.0
2023-07-15T16:00,33.5,18.9,278.0,15.6,9.4,74.0
2023-07-15T17:00,30.0,17.1,278.0,15.2,9.5,63.0
2023-07-15T18:00,31.7,17.7,273.0,14.4,9.4,54.0
2023-07-15T19:00,31.0,17.5,261.0,13.1,9.0,50.0
2023-07-15T20:00,28.2,16.1,245.0,11.3,8.4,50.0
2023-07-15T21:00,26.2,15.1,231.0,9.8,7.8,49.0
2023-07-15T22:00,24.6,14.0,220.0,8.8,7.1,48.0
2023-07-15T23:00,23.2,13.2,212.0,8.1,6.5,47.0
2023-07-16T00:00,22.0,13.1,221.0,8.1,5.8,43.0
2023-07-16T01:00,22.0,13.1,229.0,8.4,6.2,42.0
2023-07-16T02:00,22.5,13.4,240.0,8.6,7.0,42.0
2023-07-16T03:00,23.5,14.0,245.0,8.5,8.2,48.0
2023-07-16T04:00,26.4,15.8,239.0,7.5,10.4,63.0
2023-07-16T05:00,31.1,18.6,228.0,6.1,13.2,84.0
2023-07-16T06:00,32.7,18.6,218.0,4.9,15.3,103.0
2023-07-16T07:00,33.3,18.2,212.0,4.0,16.5,120.0
2023-07-16T08:00,35.4,18.8,208.0,3.2,17.2,135.0
2023-07-16T09:00,39.7,20.5,205.0,3.1,17.0,144.0
2023-07-16T10:00,42.3,21.2,201.0,3.8,15.6,143.0
2023-07-16T11:00,43.1,21.4,198.0,5.1,13.4,135.0
2023-07-16T12:00,45.4,23.2,236.0,10.2,13.9,112.0
2023-07-16T13:00,47.6,24.2,241.0,11.6,13.7,103.0
2023-07-16T14:00,47.7,24.3,249.0,13.6,13.4,89.0
2023-07-16T15:00,45.3,23.1,254.0,14.9,12.9,77.0
2023-07-16T16:00,40.2,20.5,255.0,14.9,12.0,66.0
2023-07-16T17:00,39.3,19.9,253.0,14.3,10.9,56.0
2023-07-16T18:00,39.5,20.1,251.0,13.4,9.8,49.0
2023-07-16T19:00,38.1,20.1,248.0,12.3,8.7,46.0
2023-07-16T20:00,36.4,20.0,245.0,11.0,7.7,46.0
2023-07-16T21:00,34.5,19.6,245.0,10.1,7.0,45.0
2023-07-16T22:00,32.0,18.7,250.0,9.9,6.8,41.0
2023-07-16T23:00,29.5,17.6,257.0,10.1,6.8,37.0
2023-07-17T00:00,27.3,16.5,251.0,9.6,7.3,39.0
2023-07-17T01:00,26.5,16.2,261.0,9.3,7.3,41.0
2023-07-17T02:00,26.3,16.1,275.0,8.8,7.5,45.0
2023-07-17T03:00,26.5,16.2,280.0,8.0,8.0,55.0
2023-07-17T04:00,28.9,17.6,270.0,6.6,9.4,75.0
2023-07-17T05:00,33.8,20.5,251.0,4.9,11.3,101.0
2023-07-17T06:00,33.6,19.3,234.0,3.5,12.5,122.0
2023-07-17T07:00,33.6,18.0,223.0,2.7,12.7,136.0
2023-07-17T08:00,35.5,17.9,214.0,2.2,12.4,145.0
2023-07-17T09:00,39.5,19.3,205.0,2.2,11.7,147.0
2023-07-17T10:00,42.0,19.7,191.0,2.6,10.5,139.0
2023-07-17T11:00,41.6,18.9,178.0,3.4,8.9,124.0
2023-07-17T12:00,53.4,24.1,195.0,6.3,8.6,119.0
2023-07-17T13:00,54.0,23.8,207.0,8.2,8.9,106.0
2023-07-17T14:00,51.8,23.6,224.0,10.8,9.3,89.0
2023-07-17T15:00,49.9,23.3,235.0,12.5,9.5,75.0
2023-07-17T16:00,46.7,22.2,237.0,12.4,9.4,68.0
2023-07-17T17:00,41.8,20.6,233.0,11.4,9.2,65.0
2023-07-17T18:00,35.6,18.3,230.0,10.5,8.8,62.0
2023-07-17T19:00,30.7,16.4,228.0,10.0,8.3,58.0
2023-07-17T20:00,28.6,15.8,225.0,9.5,7.7,54.0
2023-07-17T21:00,26.7,15.0,223.0,9.1,7.2,50.0
2023-07-17T22:00,25.3,14.3,220.0,8.8,6.6,44.0
2023-07-17T23:00,23.9,13.4,218.0,8.7,6.1,37.0
2023-07-18T00:00,23.6,13.3,236.0,9.1,6.2,35.0
2023-07-18T01:00,23.1,12.9,240.0,9.2,6.4,34.0
2023-07-18T02:00,23.3,12.9,245.0,9.2,6.8,34.0
2023-07-18T03:00,24.7,13.5,245.0,9.0,7.9,38.0
2023-07-18T04:00,26.5,14.4,238.0,8.3,10.4,49.0
2023-07-18T05:00,29.6,16.1,227.0,7.3,13.5,65.0
2023-07-18T06:00,32.0,16.3,215.0,6.2,15.3,80.0
2023-07-18T07:00,34.2,15.9,202.0,4.9,14.9,95.0
2023-07-18T08:00,36.6,16.8,188.0,3.5,13.2,109.0
2023-07-18T09:00,36.9,16.8,178.0,3.0,11.4,116.0
2023-07-18T10:00,36.1,16.2,175.0,3.8,9.7,113.0
2023-07-18T11:00,37.1,17.1,176.0,5.4,8.0,104.0
2023-07-18T12:00,40.3,18.4,170.0,6.4,6.9,96.0
2023-07-18T13:00,35.5,16.7,179.0,7.8,7.4,88.0
2023-07-18T14:00,30.9,15.3,190.0,9.7,8.0,76.0
2023-07-18T15:00,26.8,13.9,199.0,11.0,8.5,66.0
2023-07-18T16:00,23.7,13.2,203.0,11.2,8.7,59.0
2023-07-18T17:00,20.7,12.1,204.0,10.9,8.6,53.0
2023-07-18T18:00,18.6,11.3,201.0,10.2,8.2,48.0
2023-07-18T19:00,16.5,10.3,194.0,9.2,7.0,44.0
2023-07-18T20:00,14.3,9.0,183.0,7.9,5.4,41.0
2023-07-18T21:00,12.7,7.9,173.0,6.9,4.3,38.0
2023-07-18T22:00,12.4,7.1,163.0,6.4,4.2,36.0
2023-07-18T23:00,13.2,7.0,154.0,6.3,4.6,34.0
2023-07-19T00:00,12.7,7.0,150.0,6.7,5.9,32.0
2023-07-19T01:00,14.1,7.3,150.0,6.4,6.3,33.0
2023-07-19T02:00,16.2,7.5,150.0,5.9,7.0,35.0
2023-07-19T03:00,16.9,7.7,150.0,5.4,7.7,40.0
2023-07-19T04:00,17.5,8.2,149.0,4.7,8.6,50.0
2023-07-19T05:00,19.3,9.4,147.0,3.9,9.6,64.0
2023-07-19T06:00,20.0,9.2,145.0,3.2,10.0,76.0
2023-07-19T07:00,21.4,10.0,142.0,2.6,9.3,87.0
2023-07-19T08:00,22.5,10.9,139.0,2.1,8.0,97.0
2023-07-19T09:00,24.2,11.8,136.0,2.0,7.0,103.0
2023-07-19T10:00,25.2,12.1,133.0,2.3,6.3,103.0
2023-07-19T11:00,27.7,13.6,130.0,3.0,5.9,98.0
2023-07-19T12:00,24.3,12.0,148.0,5.8,5.9,91.0
2023-07-19T13:00,23.3,11.8,156.0,7.2,6.5,83.0
2023-07-19T14:00,21.9,11.6,167.0,9.0,7.3,73.0
2023-07-19T15:00,20.2,11.3,176.0,10.3,7.8,63.0
2023-07-19T16:00,17.9,10.5,181.0,10.5,7.8,56.0
2023-07-19T17:00,16.2,9.8,183.0,10.1,7.5,51.0
2023-07-19T18:00,14.9,9.1,181.0,9.4,7.0,46.0
2023-07-19T19:00,13.6,8.3,171.0,8.4,6.3,42.0
2023-07-19T20:00,12.0,7.3,157.0,7.2,5.4,39.0
2023-07-19T21:00,10.6,6.2,147.0,6.4,4.9,37.0
2023-07-19T22:00,10.0,5.8,143.0,6.4,5.1,35.0
2023-07-19T23:00,10.3,5.8,143.0,6.7,5.8,33.0
2023-07-20T00:00,10.9,6.6,160.0,7.6,6.4,31.0
2023-07-20T01:00,11.4,6.6,164.0,7.7,7.3,31.0
2023-07-20T02:00,12.1,6.9,168.0,7.9,8.6,32.0
2023-07-20T03:00,13.5,7.6,169.0,7.6,9.7,36.0
2023-07-20T04:00,16.1,8.5,163.0,6.6,10.4,45.0
2023-07-20T05:00,18.8,9.3,154.0,5.2,10.9,57.0
2023-07-20T06:00,21.0,9.1,146.0,4.0,10.7,69.0
2023-07-20T07:00,23.9,9.6,140.0,3.0,9.2,80.0
2023-07-20T08:00,26.1,10.2,136.0,2.2,7.0,89.0
2023-07-20T09:00,27.5,10.8,135.0,2.0,5.3,95.0
2023-07-20T10:00,28.1,11.4,138.0,2.8,4.7,95.0
2023-07-20T11:00,27.9,12.0,144.0,4.3,4.8,91.0
2023-07-20T12:00,32.5,14.2,156.0,6.0,4.4,83.0
2023-07-20T13:00,29.6,13.6,170.0,7.4,4.5,75.0
2023-07-20T14:00,27.4,13.2,188.0,9.2,4.7,64.0
2023-07-20T15:00,25.4,12.8,197.0,10.1,4.5,54.0
2023-07-20T16:00,22.2,11.5,190.0,9.1,3.7,48.0
2023-07-20T17:00,18.3,9.4,173.0,7.1,2.5,43.0
2023-07-20T18:00,15.4,7.7,157.0,5.4,1.8,39.0
2023-07-20T19:00,15.1,6.9,142.0,4.5,1.8,37.0
2023-07-20T20:00,15.0,6.4,127.0,3.8,2.2,36.0
2023-07-20T21:00,14.8,5.9,117.0,3.6,2.8,35.0
2023-07-20T22:00,14.8,5.8,114.0,3.9,3.6,34.0
2023-07-20T23:00,14.8,6.0,116.0,4.5,4.5,33.0
2023-07-21T00:00,15.7,6.6,129.0,5.4,5.3,32.0
2023-07-21T01:00,17.8,7.4,135.0,5.3,5.9,33.0
2023-07-21T02:00,20.3,7.9,143.0,5.2,6.8,36.0
2023-07-21T03:00,21.9,8.9,149.0,4.9,7.5,41.0
2023-07-21T04:00,24.0,10.1,149.0,4.3,8.1,52.0
2023-07-21T05:00,26.3,10.9,147.0,3.5,8.6,65.0
2023-07-21T06:00,26.7,10.4,145.0,2.8,8.6,77.0
2023-07-21T07:00,26.8,10.4,144.0,2.3,7.6,86.0
2023-07-21T08:00,28.9,11.4,144.0,2.0,6.1,93.0
2023-07-21T09:00,30.0,12.6,144.0,2.1,5.0,96.0
2023-07-21T10:00,30.7,13.4,143.0,2.7,4.6,94.0
2023-07-21T11:00,31.7,13.4,142.0,3.7,4.6,88.0
2023-07-21T12:00,44.8,17.0,155.0,5.8,4.8,82.0
2023-07-21T13:00,44.7,17.6,163.0,7.0,5.8,76.0
2023-07-21T14:00,42.6,18.2,174.0,8.7,7.1,67.0
2023-07-21T15:00,39.0,17.8,183.0,9.7,7.6,59.0
2023-07-21T16:00,32.1,15.8,189.0,9.6,6.6,52.0
2023-07-21T17:00,25.0,13.1,193.0,8.9,4.9,45.0
2023-07-21T18:00,18.7,10.1,188.0,7.9,3.4,40.0
2023-07-21T19:00,15.1,7.6,168.0,6.3,2.5,37.0
2023-07-21T20:00,14.1,6.1,140.0,4.5,1.9,35.0
2023-07-21T21:00,13.6,5.3,121.0,3.3,1.8,34.0
2023-07-21T22:00,13.5,5.4,117.0,3.3,2.2,33.0
2023-07-21T23:00,13.9,5.9,122.0,4.0,3.0,32.0
2023-07-22T00:00,15.1,6.3,128.0,4.4,3.2,31.0
2023-07-22T01:00,22.2,8.4,139.0,5.7,5.1,30.0
2023-07-22T02:00,30.4,12.2,155.0,7.4,7.7,30.0
2023-07-22T03:00,29.2,12.6,166.0,8.7,10.3,30.0
2023-07-22T04:00,25.8,11.9,168.0,9.3,12.9,32.0
2023-07-22T05:00,23.5,11.4,165.0,9.4,15.5,35.0
2023-07-22T06:00,22.0,11.0,162.0,9.2,17.1,40.0
2023-07-22T07:00,27.9,13.1,161.0,8.3,17.2,50.0
2023-07-22T08:00,31.5,14.7,160.0,7.0,16.4,62.0
2023-07-22T09:00,32.4,15.4,160.0,6.3,15.5,71.0
2023-07-22T10:00,29.5,14.6,160.0,6.8,14.4,74.0
2023-07-22T11:00,28.3,14.3,161.0,7.9,13.2,74.0
2023-07-22T12:00,18.5,9.6,148.0,5.7,6.1,83.0
2023-07-22T13:00,16.5,8.6,149.0,6.2,6.2,75.0
2023-07-22T14:00,17.2,8.8,149.0,6.9,6.2,64.0
2023-07-22T15:00,19.1,9.5,149.0,7.3,6.1,55.0
2023-07-22T16:00,22.9,10.9,147.0,7.1,5.5,49.0
2023-07-22T17:00,27.4,12.3,143.0,6.6,4.6,44.0
2023-07-22T18:00,27.5,12.6,141.0,6.4,4.5,40.0
2023-07-22T19:00,27.9,12.5,140.0,6.7,5.7,38.0
2023-07-22T20:00,29.3,13.0,139.0,7.3,7.5,36.0
2023-07-22T21:00,30.2,13.3,140.0,7.7,8.9,35.0
2023-07-22T22:00,29.3,13.1,142.0,7.9,9.4,33.0
2023-07-22T23:00,27.7,12.7,145.0,8.0,9.4,32.0
2023-07-23T00:00,29.9,13.8,157.0,9.1,11.2,31.0
2023-07-23T01:00,28.3,13.4,163.0,9.0,10.5,31.0
2023-07-23T02:00,25.6,12.5,172.0,8.9,9.5,31.0
2023-07-23T03:00,25.0,12.1,177.0,9.0,9.6,32.0
2023-07-23T04:00,23.8,11.8,176.0,9.5,11.8,34.0
2023-07-23T05:00,23.7,11.8,172.0,10.2,14.9,36.0
2023-07-23T06:00,22.4,11.3,170.0,10.2,16.8,42.0
2023-07-23T07:00,21.0,10.8,172.0,9.0,16.5,55.0
2023-07-23T08:00,22.2,12.4,175.0,7.1,14.9,71.0
2023-07-23T09:00,24.0,14.4,178.0,5.9,13.0,82.0
2023-07-23T10:00,23.6,14.8,178.0,5.7,10.6,85.0
2023-07-23T11:00,20.8,13.4,178.0,6.1,7.9,82.0
2023-07-23T12:00,28.6,18.9,217.0,7.7,6.9,90.0
2023-07-23T13:00,26.3,17.7,223.0,8.4,7.2,85.0
2023-07-23T14:00,25.0,16.9,230.0,9.4,7.7,78.0
2023-07-23T15:00,26.4,17.5,235.0,10.4,8.6,70.0
2023-07-23T16:00,27.8,17.8,234.0,11.3,10.3,62.0
2023-07-23T17:00,27.3,17.3,229.0,12.2,12.4,54.0
2023-07-23T18:00,25.3,16.1,224.0,12.7,13.8,47.0
2023-07-23T19:00,22.5,14.6,219.0,12.6,13.8,42.0
2023-07-23T20:00,19.6,13.0,214.0,12.1,13.1,39.0
2023-07-23T21:00,16.9,11.4,208.0,11.4,12.2,36.0
2023-07-23T22:00,14.5,9.9,200.0,10.5,11.0,34.0
2023-07-23T23:00,12.8,8.7,192.0,9.5,9.6,33.0
2023-07-24T00:00,12.7,8.4,179.0,10.6,11.2,29.0
2023-07-24T01:00,12.2,8.2,189.0,10.9,11.4,29.0
2023-07-24T02:00,12.9,8.5,203.0,11.2,11.6,29.0
2023-07-24T03:00,13.5,8.7,213.0,11.2,12.0,31.0
2023-07-24T04:00,13.8,8.9,214.0,10.6,12.6,36.0
2023-07-24T05:00,15.1,9.7,210.0,9.7,13.4,44.0
2023-07-24T06:00,17.6,11.4,206.0,9.0,14.3,52.0
2023-07-24T07:00,21.5,13.5,202.0,8.6,15.5,61.0
2023-07-24T08:00,25.1,15.4,198.0,8.4,16.7,70.0
2023-07-24T09:00,27.8,16.5,200.0,8.9,17.4,76.0
2023-07-24T10:00,29.7,17.2,211.0,10.7,17.1,78.0
2023-07-24T11:00,33.8,18.3,227.0,13.1,16.2,78.0
2023-07-24T12:00,34.3,20.0,219.0,15.8,17.8,52.0
2023-07-24T13:00,34.2,20.2,228.0,15.9,16.9,50.0
2023-07-24T14:00,33.2,20.0,240.0,16.0,15.7,48.0
2023-07-24T15:00,31.7,19.4,248.0,16.0,14.8,45.0
2023-07-24T16:00,29.3,18.2,247.0,15.7,14.4,43.0
2023-07-24T17:00,26.3,16.5,242.0,15.3,14.3,40.0
2023-07-24T18:00,22.7,14.4,234.0,14.6,14.0,38.0
2023-07-24T19:00,19.4,12.4,222.0,13.5,13.2,37.0
2023-07-24T20:00,16.8,10.8,208.0,12.1,12.1,36.0
2023-07-24T21:00,14.7,9.5,196.0,10.9,11.1,35.0
2023-07-24T22:00,13.2,8.6,188.0,9.9,10.0,34.0
2023-07-24T23:00,12.0,7.8,182.0,9.1,9.0,32.0
2023-07-25T00:00,11.5,7.4,186.0,9.0,9.7,33.0
2023-07-25T01:00,13.8,8.0,195.0,9.7,9.4,30.0
2023-07-25T02:00,12.3,7.7,208.0,10.6,9.0,27.0
2023-07-25T03:00,13.0,8.2,216.0,10.9,9.1,28.0
2023-07-25T04:00,14.3,8.9,215.0,9.9,10.2,37.0
2023-07-25T05:00,16.8,10.4,211.0,8.3,11.7,50.0
2023-07-25T06:00,20.0,12.7,207.0,7.0,12.7,62.0
2023-07-25T07:00,22.3,14.3,206.0,6.4,12.4,70.0
2023-07-25T08:00,23.1,15.2,206.0,6.2,11.5,76.0
2023-07-25T09:00,22.5,15.0,209.0,6.6,10.9,80.0
2023-07-25T10:00,22.3,15.0,218.0,7.9,11.0,80.0
2023-07-25T11:00,23.3,15.7,230.0,9.8,11.5,78.0
2023-07-25T12:00,29.1,19.6,247.0,12.9,14.5,71.0
2023-07-25T13:00,28.6,19.3,252.0,13.6,14.5,66.0
2023-07-25T14:00,27.5,18.6,260.0,14.7,14.5,59.0
2023-07-25T15:00,26.8,17.5,263.0,15.3,14.4,53.0
2023-07-25T16:00,25.7,16.6,260.0,15.3,14.5,49.0
2023-07-25T17:00,24.7,15.9,253.0,14.9,14.5,45.0
2023-07-25T18:00,23.1,15.0,246.0,14.3,14.1,42.0
2023-07-25T19:00,21.5,14.2,240.0,13.4,12.9,39.0
2023-07-25T20:00,19.6,13.1,234.0,12.2,11.3,37.0
2023-07-25T21:00,17.3,11.6,228.0,11.2,9.9,35.0
2023-07-25T22:00,15.5,10.4,222.0,10.5,9.1,32.0
2023-07-25T23:00,14.4,9.7,215.0,10.0,8.5,30.0
2023-07-26T00:00,13.4,8.6,196.0,8.7,7.9,32.0
2023-07-26T01:00,13.5,8.5,203.0,9.0,8.1,31.0
2023-07-26T02:00,13.9,8.6,213.0,9.4,8.5,30.0
2023-07-26T03:00,14.5,9.1,217.0,9.2,9.0,34.0
2023-07-26T04:00,15.8,10.0,212.0,8.1,10.1,47.0
2023-07-26T05:00,19.4,12.1,203.0,6.4,11.3,66.0
2023-07-26T06:00,21.9,13.8,193.0,5.0,11.4,81.0
2023-07-26T07:00,22.1,14.0,184.0,3.9,9.4,90.0
2023-07-26T08:00,21.1,13.3,175.0,3.1,6.3,96.0
2023-07-26T09:00,19.1,12.3,171.0,3.0,4.1,99.0
2023-07-26T10:00,18.8,12.2,179.0,4.3,3.7,101.0
2023-07-26T11:00,20.2,13.0,191.0,6.4,4.1,100.0
2023-07-26T12:00,21.9,13.8,185.0,7.8,5.1,88.0
2023-07-26T13:00,21.5,13.6,191.0,9.0,6.0,80.0
2023-07-26T14:00,22.6,14.0,199.0,10.7,7.3,68.0
2023-07-26T15:00,24.2,14.8,206.0,11.9,8.2,58.0
2023-07-26T16:00,25.4,15.4,210.0,12.1,8.3,52.0
2023-07-26T17:00,26.3,15.7,214.0,11.9,8.1,48.0
2023-07-26T18:00,25.6,15.1,215.0,11.6,7.9,44.0
2023-07-26T19:00,24.4,14.5,215.0,11.4,8.0,41.0
2023-07-26T20:00,23.1,13.8,214.0,11.2,8.2,38.0
2023-07-26T21:00,21.1,12.8,208.0,10.8,8.4,36.0
2023-07-26T22:00,18.2,11.3,194.0,10.2,8.6,33.0
2023-07-26T23:00,15.0,9.5,176.0,9.6,8.8,31.0
2023-07-27T00:00,13.2,8.3,183.0,9.9,9.2,28.0
2023-07-27T01:00,11.6,7.4,187.0,9.6,9.2,27.0
2023-07-27T02:00,11.1,7.1,191.0,9.2,9.3,27.0
2023-07-27T03:00,11.7,7.5,193.0,8.5,9.6,32.0
2023-07-27T04:00,13.5,8.6,189.0,7.2,10.5,45.0
2023-07-27T05:00,17.3,10.8,183.0,5.7,11.6,63.0
2023-07-27T06:00,21.8,13.4,177.0,4.4,11.7,79.0
2023-07-27T07:00,22.8,13.8,172.0,3.5,10.0,90.0
2023-07-27T08:00,22.1,13.0,168.0,2.9,7.4,99.0
2023-07-27T09:00,22.5,12.7,165.0,2.8,5.5,104.0
2023-07-27T10:00,24.6,13.2,163.0,3.4,5.2,106.0
2023-07-27T11:00,30.2,15.9,163.0,4.5,5.6,104.0
2023-07-27T12:00,25.8,14.2,182.0,7.7,5.2,89.0
2023-07-27T13:00,26.5,14.5,197.0,9.3,5.5,80.0
2023-07-27T14:00,26.4,14.7,219.0,11.5,6.0,68.0
2023-07-27T15:00,26.2,14.9,235.0,13.0,6.2,58.0
2023-07-27T16:00,26.3,15.1,243.0,13.2,6.0,51.0
2023-07-27T17:00,25.4,14.8,246.0,12.8,5.6,46.0
2023-07-27T18:00,24.3,14.1,245.0,12.1,5.2,42.0
2023-07-27T19:00,21.9,12.8,237.0,11.2,4.7,39.0
2023-07-27T20:00,19.6,11.5,223.0,10.0,4.2,37.0
2023-07-27T21:00,18.3,10.9,213.0,9.1,3.9,35.0
2023-07-27T22:00,17.2,10.2,208.0,8.7,3.8,33.0
2023-07-27T23:00,16.5,9.9,205.0,8.6,4.0,31.0
2023-07-28T00:00,9.9,5.9,157.0,6.1,3.2,29.0
2023-07-28T01:00,11.1,6.0,163.0,6.0,3.5,32.0
2023-07-28T02:00,13.2,6.9,172.0,5.8,4.0,36.0
2023-07-28T03:00,15.2,8.0,176.0,5.3,4.6,43.0
2023-07-28T04:00,17.6,9.4,171.0,4.4,5.5,57.0
2023-07-28T05:00,18.9,10.6,162.0,3.2,6.5,73.0
2023-07-28T06:00,20.3,12.0,155.0,2.4,6.8,87.0
2023-07-28T07:00,20.1,12.2,154.0,2.1,5.9,95.0
2023-07-28T08:00,19.3,11.6,155.0,2.1,4.4,99.0
2023-07-28T09:00,19.4,11.4,158.0,2.6,3.3,101.0
2023-07-28T10:00,19.9,11.6,163.0,3.7,3.2,101.0
2023-07-28T11:00,20.6,11.7,170.0,5.2,3.5,99.0
2023-07-28T12:00,18.8,10.1,155.0,6.5,2.7,81.0
2023-07-28T13:00,19.8,10.7,167.0,7.9,3.4,75.0
2023-07-28T14:00,23.3,12.4,184.0,9.7,4.3,66.0
2023-07-28T15:00,25.6,13.5,196.0,10.8,4.9,58.0
2023-07-28T16:00,24.3,13.1,201.0,10.6,4.8,53.0
2023-07-28T17:00,23.9,13.0,201.0,9.6,4.4,50.0
2023-07-28T18:00,21.7,12.1,196.0,8.5,4.0,47.0
2023-07-28T19:00,17.3,10.0,184.0,7.5,3.6,44.0
2023-07-28T20:00,14.2,8.2,168.0,6.3,3.2,41.0
2023-07-28T21:00,12.3,6.9,153.0,5.4,2.8,39.0
2023-07-28T22:00,11.2,6.1,141.0,4.8,2.6,37.0
2023-07-28T23:00,11.5,5.6,132.0,4.4,2.5,35.0
2023-07-29T00:00,11.8,5.7,131.0,4.2,2.4,35.0
2023-07-29T01:00,11.2,5.6,135.0,4.0,2.4,36.0
2023-07-29T02:00,10.9,5.7,141.0,3.7,2.3,38.0
2023-07-29T03:00,11.8,6.3,145.0,3.3,2.3,43.0
2023-07-29T04:00,14.2,7.4,144.0,2.6,2.3,53.0
2023-07-29T05:00,17.6,8.7,141.0,1.9,2.3,67.0
2023-07-29T06:00,19.7,9.1,139.0,1.4,2.2,78.0
2023-07-29T07:00,20.5,9.6,140.0,1.3,2.0,85.0
2023-07-29T08:00,21.7,10.1,142.0,1.4,1.8,90.0
2023-07-29T09:00,24.0,10.5,147.0,2.0,1.6,92.0
2023-07-29T10:00,26.8,11.2,155.0,3.2,1.6,91.0
2023-07-29T11:00,28.5,11.8,167.0,4.9,1.6,88.0
2023-07-29T12:00,24.7,10.7,183.0,6.7,1.7,80.0
2023-07-29T13:00,25.1,11.6,193.0,7.8,1.9,73.0
2023-07-29T14:00,23.9,11.9,208.0,9.4,2.1,63.0
2023-07-29T15:00,27.6,13.3,221.0,10.6,2.5,54.0
2023-07-29T16:00,26.2,13.8,234.0,11.3,3.1,49.0
2023-07-29T17:00,24.6,13.9,245.0,11.7,3.7,46.0
2023-07-29T18:00,22.8,13.3,249.0,11.5,4.1,43.0
2023-07-29T19:00,21.4,12.4,239.0,10.5,4.0,42.0
2023-07-29T20:00,21.0,11.8,222.0,9.1,3.6,41.0
2023-07-29T21:00,19.2,10.9,205.0,7.8,3.3,40.0
2023-07-29T22:00,18.3,10.4,192.0,7.0,3.2,37.0
2023-07-29T23:00,17.3,9.9,180.0,6.5,3.1,34.0
2023-07-30T00:00,17.0,9.3,167.0,5.7,3.2,33.0
2023-07-30T01:00,17.4,9.1,163.0,5.1,3.0,34.0
2023-07-30T02:00,17.8,8.7,156.0,4.2,2.6,37.0
2023-07-30T03:00,16.8,8.5,151.0,3.4,2.4,42.0
2023-07-30T04:00,15.4,8.6,147.0,2.6,2.3,52.0
2023-07-30T05:00,15.3,9.1,144.0,1.9,2.3,65.0
2023-07-30T06:00,15.9,9.4,143.0,1.4,2.3,77.0
2023-07-30T07:00,17.2,9.9,143.0,1.2,2.2,86.0
2023-07-30T08:00,18.7,10.4,146.0,1.2,2.2,93.0
2023-07-30T09:00,20.9,11.4,154.0,2.0,2.4,98.0
2023-07-30T10:00,24.2,13.0,172.0,4.1,3.0,102.0
2023-07-30T11:00,27.2,13.8,195.0,7.0,3.8,104.0
2023-07-30T12:00,22.6,10.5,181.0,6.6,2.5,87.0
2023-07-30T13:00,29.0,14.3,203.0,8.9,3.3,84.0
2023-07-30T14:00,35.2,17.2,235.0,12.2,4.3,80.0
2023-07-30T15:00,39.3,18.8,264.0,15.0,5.3,75.0
2023-07-30T16:00,41.8,19.6,288.0,16.9,6.1,68.0
2023-07-30T17:00,42.1,20.3,309.0,,6.8,59.0
2023-07-30T18:00,41.3,20.9,322.0,,7.1,51.0
2023-07-30T19:00,39.1,20.4,325.0,,6.8,45.0
2023-07-30T20:00,37.3,20.0,321.0,16.4,6.0,39.0
2023-07-30T21:00,34.0,19.0,308.0,14.6,5.2,35.0
2023-07-30T22:00,28.5,16.6,283.0,12.7,4.4,32.0
2023-07-30T23:00,22.3,13.5,250.0,10.5,3.5,31.0
2023-07-31T00:00,18.4,11.1,217.0,8.6,3.7,31.0
2023-07-31T01:00,15.5,8.4,199.0,7.4,3.4,33.0
2023-07-31T02:00,15.7,7.9,173.0,5.7,3.0,37.0
2023-07-31T03:00,16.5,8.0,153.0,4.2,2.8,43.0
2023-07-31T04:00,17.3,8.8,144.0,3.1,2.8,55.0
2023-07-31T05:00,18.8,9.9,141.0,2.2,3.0,69.0
2023-07-31T06:00,20.8,10.7,140.0,1.6,3.1,82.0
2023-07-31T07:00,22.9,11.6,139.0,1.3,3.2,91.0
2023-07-31T08:00,25.6,12.7,141.0,1.2,3.3,99.0
2023-07-31T09:00,27.1,12.9,145.0,1.7,3.4,103.0
2023-07-31T10:00,27.8,13.0,152.0,2.9,3.5,104.0
2023-07-31T11:00,28.2,12.7,161.0,4.6,3.7,102.0
2023-07-31T12:00,30.6,12.3,171.0,5.7,2.6,86.0
2023-07-31T13:00,35.5,15.5,201.0,9.0,3.6,83.0
2023-07-31T14:00,43.0,20.0,243.0,13.4,5.1,79.0
2023-07-31T15:00,43.2,21.1,274.0,16.5,6.1,73.0
2023-07-31T16:00,43.0,20.7,284.0,16.9,6.4,65.0
2023-07-31T17:00,43.1,21.0,282.0,15.9,6.2,57.0
2023-07-31T18:00,41.1,20.5,275.0,14.6,6.0,50.0
2023-07-31T19:00,36.9,19.2,265.0,13.3,5.8,47.0
2023-07-31T20:00,30.5,16.4,249.0,11.8,5.4,45.0
2023-07-31T21:00,25.8,14.5,232.0,10.2,4.9,43.0
2023-07-31T22:00,22.8,13.1,212.0,8.7,4.0,39.0
2023-07-31T23:00,19.6,11.0,189.0,7.2,2.9,35.0
2023-08-01T00:00,18.5,9.8,177.0,6.8,4.5,34.0
2023-08-01T01:00,16.2,8.1,165.0,6.1,3.9,34.0
2023-08-01T02:00,15.4,7.3,148.0,5.1,3.2,35.0
2023-08-01T03:00,13.2,6.2,135.0,4.2,2.7,39.0
2023-08-01T04:00,12.0,6.3,130.0,3.4,2.8,47.0
2023-08-01T05:00,12.7,6.7,129.0,2.6,3.1,58.0
2023-08-01T06:00,14.1,7.7,130.0,2.1,3.3,68.0
2023-08-01T07:00,15.9,8.6,132.0,2.0,3.1,76.0
2023-08-01T08:00,18.0,9.2,136.0,2.2,2.8,82.0
2023-08-01T09:00,19.8,9.9,140.0,2.8,2.6,86.0
2023-08-01T10:00,20.7,10.2,143.0,3.8,2.7,86.0
2023-08-01T11:00,21.0,10.1,147.0,5.2,2.9,82.0
2023-08-01T12:00,26.3,11.1,153.0,5.9,2.3,76.0
2023-08-01T13:00,26.5,11.9,172.0,7.9,2.9,70.0
2023-08-01T14:00,28.1,13.6,198.0,10.5,3.7,60.0
2023-08-01T15:00,29.6,14.8,214.0,12.0,4.2,53.0
2023-08-01T16:00,29.0,14.6,213.0,11.3,4.0,49.0
2023-08-01T17:00,25.9,12.8,203.0,9.6,3.4,46.0
2023-08-01T18:00,22.4,11.1,191.0,8.0,2.9,44.0
2023-08-01T19:00,19.6,9.9,180.0,7.1,2.8,41.0
2023-08-01T20:00,17.3,9.0,168.0,6.4,2.8,39.0
2023-08-01T21:00,15.5,8.2,157.0,5.8,2.7,37.0
2023-08-01T22:00,14.3,7.5,146.0,5.2,2.4,35.0
2023-08-01T23:00,14.0,7.0,136.0,4.8,2.1,34.0
2023-08-02T00:00,14.2,7.1,139.0,5.0,2.7,32.0
2023-08-02T01:00,14.9,7.1,142.0,4.8,2.7,34.0
2023-08-02T02:00,16.2,7.5,147.0,4.6,2.8,37.0
2023-08-02T03:00,18.5,8.3,150.0,4.2,3.3,43.0
2023-08-02T04:00,21.4,9.1,150.0,3.7,4.7,55.0
2023-08-02T05:00,25.4,10.4,147.0,3.1,6.5,70.0
2023-08-02T06:00,27.7,10.7,147.0,2.6,7.7,84.0
2023-08-02T07:00,30.5,12.5,150.0,2.3,7.7,95.0
2023-08-02T08:00,30.7,13.4,154.0,2.1,7.0,105.0
2023-08-02T09:00,31.8,15.3,158.0,2.3,6.3,111.0
2023-08-02T10:00,32.8,16.2,158.0,2.8,5.6,110.0
2023-08-02T11:00,37.4,18.5,159.0,3.6,5.0,106.0
2023-08-02T12:00,30.5,16.2,173.0,6.6,5.0,97.0
2023-08-02T13:00,35.9,19.2,195.0,9.2,5.5,91.0
2023-08-02T14:00,36.0,20.0,226.0,12.6,6.2,82.0
2023-08-02T15:00,34.7,19.2,248.0,14.9,6.5,73.0
2023-08-02T16:00,34.6,19.2,253.0,14.8,6.2,66.0
2023-08-02T17:00,32.7,18.4,250.0,13.4,5.6,60.0
2023-08-02T18:00,30.4,17.5,246.0,12.2,5.1,54.0
2023-08-02T19:00,27.4,16.0,246.0,11.6,4.8,49.0
2023-08-02T20:00,25.4,15.1,246.0,11.2,4.5,44.0
2023-08-02T21:00,23.6,14.2,239.0,10.4,4.1,40.0
2023-08-02T22:00,21.9,13.1,221.0,9.0,3.4,37.0
2023-08-02T23:00,20.4,11.4,196.0,7.2,2.6,34.0
2023-08-03T00:00,18.7,10.7,198.0,7.3,3.2,31.0
2023-08-03T01:00,18.0,9.8,191.0,6.5,3.1,34.0
2023-08-03T02:00,18.5,9.4,181.0,5.4,3.0,39.0
2023-08-03T03:00,20.0,9.9,172.0,4.4,3.4,47.0
2023-08-03T04:00,22.5,10.6,167.0,3.6,4.7,61.0
2023-08-03T05:00,26.1,12.3,163.0,2.8,6.3,78.0
2023-08-03T06:00,28.7,13.0,161.0,2.3,7.5,93.0
2023-08-03T07:00,30.4,13.6,162.0,2.0,7.7,105.0
2023-08-03T08:00,31.9,14.7,164.0,1.8,7.3,114.0
2023-08-03T09:00,36.2,17.1,164.0,1.9,6.8,119.0
2023-08-03T10:00,40.2,19.0,157.0,2.1,6.2,117.0
2023-08-03T11:00,41.6,19.7,148.0,2.5,5.6,109.0
2023-08-03T12:00,40.4,19.0,164.0,4.7,4.8,103.0
2023-08-03T13:00,39.0,19.7,190.0,7.7,5.0,92.0
2023-08-03T14:00,41.8,20.0,225.0,11.8,5.3,76.0
2023-08-03T15:00,51.2,22.6,246.0,14.3,5.5,64.0
2023-08-03T16:00,50.1,22.7,240.0,13.8,5.4,58.0
2023-08-03T17:00,45.9,21.9,221.0,11.7,5.1,55.0
2023-08-03T18:00,42.8,20.4,202.0,9.9,4.9,53.0
2023-08-03T19:00,36.8,18.0,189.0,9.0,4.9,51.0
2023-08-03T20:00,29.3,15.0,176.0,8.3,5.0,49.0
2023-08-03T21:00,23.7,12.7,166.0,7.8,5.2,47.0
2023-08-03T22:00,20.4,10.9,159.0,7.5,5.6,45.0
2023-08-03T23:00,19.5,10.4,155.0,7.4,6.0,42.0
2023-08-04T00:00,17.1,9.6,153.0,7.1,7.8,45.0
2023-08-04T01:00,17.8,10.1,168.0,7.0,7.5,45.0
2023-08-04T02:00,19.3,10.8,189.0,6.8,7.2,45.0
2023-08-04T03:00,21.8,11.8,201.0,6.2,6.7,49.0
2023-08-04T04:00,24.3,12.9,194.0,4.9,6.0,60.0
2023-08-04T05:00,25.4,13.4,179.0,3.1,5.3,76.0
2023-08-04T06:00,25.9,14.1,167.0,1.9,4.9,90.0
2023-08-04T07:00,27.4,15.2,165.0,1.5,5.3,101.0
2023-08-04T08:00,30.7,16.5,168.0,1.5,6.2,111.0
2023-08-04T09:00,34.7,17.9,169.0,1.8,6.8,116.0
2023-08-04T10:00,38.4,19.5,165.0,2.3,7.1,116.0
2023-08-04T11:00,41.2,21.0,159.0,3.0,7.2,112.0
2023-08-04T12:00,38.2,19.3,172.0,4.4,6.0,108.0
2023-08-04T13:00,36.8,19.4,194.0,7.0,6.2,100.0
2023-08-04T14:00,35.3,18.8,223.0,10.6,6.5,88.0
2023-08-04T15:00,33.2,18.3,242.0,13.3,7.5,77.0
2023-08-04T16:00,32.7,17.7,239.0,14.2,9.8,68.0
2023-08-04T17:00,37.5,19.6,224.0,14.2,12.8,61.0
2023-08-04T18:00,46.8,24.6,213.0,14.0,15.0,54.0
2023-08-04T19:00,49.8,26.9,210.0,14.0,16.1,48.0
2023-08-04T20:00,49.6,27.2,209.0,13.8,16.4,44.0
2023-08-04T21:00,47.8,26.8,211.0,13.3,15.7,40.0
2023-08-04T22:00,43.8,25.1,218.0,12.5,13.6,36.0
2023-08-04T23:00,38.6,22.7,226.0,11.5,10.5,33.0
2023-08-05T00:00,39.0,23.7,244.0,11.1,9.6,32.0
2023-08-05T01:00,36.1,22.4,249.0,10.1,8.5,36.0
2023-08-05T02:00,32.2,20.1,255.0,8.6,6.9,42.0
2023-08-05T03:00,28.1,17.4,250.0,7.0,5.6,50.0
2023-08-05T04:00,22.6,13.4,224.0,5.2,4.8,62.0
2023-08-05T05:00,21.5,12.4,188.0,3.3,4.3,77.0
2023-08-05T06:00,24.0,13.6,163.0,1.9,4.1,90.0
2023-08-05T07:00,28.3,15.9,160.0,1.4,4.4,101.0
2023-08-05T08:00,31.7,17.5,168.0,1.4,5.1,111.0
2023-08-05T09:00,34.3,17.9,175.0,1.8,5.7,118.0
2023-08-05T10:00,36.4,18.2,178.0,2.5,6.0,120.0
2023-08-05T11:00,40.9,20.6,179.0,3.6,6.3,118.0
2023-08-05T12:00,46.7,24.7,182.0,4.7,6.3,112.0
2023-08-05T13:00,42.1,23.0,177.0,4.7,5.7,104.0
2023-08-05T14:00,37.8,20.7,169.0,4.7,4.9,93.0
2023-08-05T15:00,34.0,18.3,163.0,4.5,4.1,84.0
2023-08-05T16:00,30.5,16.3,158.0,3.8,2.9,80.0
2023-08-05T17:00,28.2,15.0,154.0,3.0,1.7,79.0
2023-08-05T18:00,27.1,14.3,156.0,3.0,1.6,76.0
2023-08-05T19:00,29.3,15.4,172.0,4.7,3.3,69.0
2023-08-05T20:00,36.9,19.0,195.0,7.2,6.1,61.0
2023-08-05T21:00,39.1,20.8,205.0,9.0,8.7,54.0
2023-08-05T22:00,43.9,23.1,188.0,9.2,10.8,51.0
2023-08-05T23:00,45.3,22.3,159.0,8.7,12.8,49.0
2023-08-06T00:00,32.0,18.7,217.0,9.5,8.2,37.0
2023-08-06T01:00,29.5,17.3,218.0,9.1,8.5,37.0
2023-08-06T02:00,28.2,16.6,220.0,8.5,9.0,39.0
2023-08-06T03:00,27.0,16.1,218.0,7.6,9.4,46.0
2023-08-06T04:00,27.5,16.5,209.0,6.1,9.7,63.0
2023-08-06T05:00,31.5,18.7,198.0,4.3,10.0,86.0
2023-08-06T06:00,36.7,21.5,189.0,2.9,10.1,106.0
2023-08-06T07:00,39.1,21.9,188.0,2.2,9.9,121.0
2023-08-06T08:00,41.6,23.1,190.0,2.0,9.5,133.0
2023-08-06T09:00,41.4,22.6,190.0,2.0,9.0,139.0
2023-08-06T10:00,43.0,23.2,187.0,2.5,8.4,137.0
2023-08-06T11:00,44.8,23.5,182.0,3.2,7.6,129.0
2023-08-06T12:00,48.3,25.7,177.0,4.0,7.6,125.0
2023-08-06T13:00,44.9,24.4,183.0,4.2,6.3,117.0
2023-08-06T14:00,40.4,22.6,192.0,4.6,4.6,106.0
2023-08-06T15:00,37.0,21.2,202.0,5.2,3.6,96.0
2023-08-06T16:00,34.8,20.3,217.0,6.1,3.8,88.0
2023-08-06T17:00,45.9,25.8,234.0,7.2,4.8,80.0
2023-08-06T18:00,48.5,27.2,243.0,8.1,5.9,73.0
2023-08-06T19:00,50.3,28.8,238.0,8.7,7.4,67.0
2023-08-06T20:00,47.5,27.3,226.0,9.0,9.2,61.0
2023-08-06T21:00,44.2,25.3,216.0,8.9,10.0,57.0
2023-08-06T22:00,42.0,23.8,210.0,8.0,9.1,56.0
2023-08-06T23:00,41.2,22.8,206.0,6.6,7.3,58.0
2023-08-07T00:00,39.8,20.3,174.0,5.5,7.4,63.0
2023-08-07T01:00,36.2,19.0,176.0,6.3,8.6,58.0
2023-08-07T02:00,31.8,16.9,179.0,7.3,10.2,52.0
2023-08-07T03:00,29.3,15.9,181.0,7.6,11.4,53.0
2023-08-07T04:00,29.9,16.7,182.0,6.5,11.6,66.0
2023-08-07T05:00,33.6,19.0,183.0,4.8,11.4,84.0
2023-08-07T06:00,37.7,21.3,182.0,3.3,11.0,101.0
2023-08-07T07:00,40.4,21.9,177.0,2.5,10.6,113.0
2023-08-07T08:00,42.4,22.0,170.0,1.9,10.0,123.0
2023-08-07T09:00,42.7,21.9,164.0,1.8,9.3,127.0
2023-08-07T10:00,44.1,22.2,159.0,2.3,8.4,123.0
2023-08-07T11:00,45.4,22.2,155.0,3.1,7.4,114.0
2023-08-07T12:00,53.2,26.5,152.0,3.3,7.2,114.0
2023-08-07T13:00,51.5,25.6,152.0,3.6,6.1,108.0
2023-08-07T14:00,44.4,22.5,153.0,4.0,4.6,99.0
2023-08-07T15:00,40.2,20.8,158.0,4.4,3.5,92.0
2023-08-07T16:00,38.9,20.9,173.0,4.7,3.1,89.0
2023-08-07T17:00,39.6,22.1,193.0,5.0,3.2,87.0
2023-08-07T18:00,40.4,23.1,205.0,5.4,3.9,84.0
2023-08-07T19:00,40.9,23.3,203.0,6.2,5.9,76.0
2023-08-07T20:00,42.0,23.7,192.0,7.1,8.5,67.0
2023-08-07T21:00,38.5,21.4,180.0,7.6,10.2,60.0
2023-08-07T22:00,33.4,18.2,164.0,7.2,9.9,57.0
2023-08-07T23:00,29.5,15.8,146.0,6.5,8.7,57.0
2023-08-08T00:00,28.6,15.1,131.0,6.4,9.3,60.0
2023-08-08T01:00,27.5,14.6,141.0,6.9,9.6,58.0
2023-08-08T02:00,27.0,14.4,154.0,7.5,10.0,56.0
2023-08-08T03:00,28.0,15.1,165.0,7.5,10.4,59.0
2023-08-08T04:00,31.0,17.0,173.0,6.4,10.8,71.0
2023-08-08T05:00,35.9,19.6,178.0,4.6,11.2,89.0
2023-08-08T06:00,40.7,21.8,179.0,3.2,11.1,103.0
2023-08-08T07:00,42.4,20.9,173.0,2.4,10.3,112.0
2023-08-08T08:00,43.8,20.2,162.0,1.8,9.0,117.0
2023-08-08T09:00,45.9,20.8,154.0,1.7,7.9,119.0
2023-08-08T10:00,47.0,21.3,151.0,2.1,7.0,115.0
2023-08-08T11:00,46.9,21.8,151.0,2.8,6.3,107.0
2023-08-08T12:00,45.3,21.9,147.0,2.9,4.4,96.0
2023-08-08T13:00,43.7,21.6,151.0,2.7,3.3,94.0
2023-08-08T14:00,43.3,21.2,156.0,2.4,1.8,91.0
2023-08-08T15:00,43.5,22.3,168.0,2.7,1.5,89.0
2023-08-08T16:00,44.1,23.6,191.0,4.0,3.4,89.0
2023-08-08T17:00,48.9,26.5,220.0,5.7,6.5,90.0
2023-08-08T18:00,51.2,28.1,241.0,6.9,8.5,89.0
2023-08-08T19:00,50.8,28.1,246.0,6.9,8.4,84.0
2023-08-08T20:00,49.6,27.2,242.0,6.2,7.3,78.0
2023-08-08T21:00,46.2,25.3,237.0,5.7,6.3,72.0
2023-08-08T22:00,43.8,23.8,231.0,5.5,5.8,68.0
2023-08-08T23:00,40.7,22.2,223.0,5.4,5.4,64.0
2023-08-09T00:00,31.8,17.2,185.0,5.0,4.4,64.0
2023-08-09T01:00,31.4,17.3,197.0,5.9,5.9,62.0
2023-08-09T02:00,32.2,18.0,214.0,7.1,8.1,59.0
2023-08-09T03:00,35.7,20.4,227.0,7.5,10.0,64.0
2023-08-09T04:00,42.6,24.6,232.0,6.4,11.4,83.0
2023-08-09T05:00,49.1,28.8,233.0,4.6,12.6,109.0
2023-08-09T06:00,53.4,31.8,235.0,3.2,13.2,131.0
2023-08-09T07:00,55.9,33.4,240.0,2.6,13.1,147.0
2023-08-09T08:00,58.0,34.3,246.0,2.5,12.5,160.0
2023-08-09T09:00,59.3,34.5,246.0,2.6,11.7,166.0
2023-08-09T10:00,58.9,33.3,237.0,3.2,10.9,163.0
2023-08-09T11:00,57.2,31.5,222.0,4.0,9.9,153.0
2023-08-09T12:00,68.0,36.8,251.0,4.7,7.9,145.0
2023-08-09T13:00,65.2,35.2,241.0,5.0,7.1,136.0
2023-08-09T14:00,63.1,33.4,227.0,5.3,6.1,124.0
2023-08-09T15:00,58.3,30.9,216.0,5.5,5.2,113.0
2023-08-09T16:00,54.7,29.1,212.0,5.1,4.5,105.0
2023-08-09T17:00,52.3,28.3,212.0,4.6,3.9,97.0
2023-08-09T18:00,50.5,28.1,214.0,4.6,4.5,90.0
2023-08-09T19:00,51.2,28.9,222.0,5.8,7.4,83.0
2023-08-09T20:00,54.8,31.2,232.0,7.5,11.3,76.0
2023-08-09T21:00,50.8,28.9,234.0,8.5,13.7,71.0
2023-08-09T22:00,44.7,25.2,221.0,8.0,12.8,68.0
2023-08-09T23:00,39.7,22.4,200.0,6.9,10.3,65.0
2023-08-10T00:00,20.7,12.9,167.0,6.7,10.9,67.0
2023-08-10T01:00,23.1,14.3,175.0,6.7,10.2,66.0
2023-08-10T02:00,26.8,15.9,186.0,6.7,9.3,64.0
2023-08-10T03:00,30.5,17.4,195.0,6.4,8.5,67.0
2023-08-10T04:00,33.4,18.3,200.0,5.5,7.9,77.0
2023-08-10T05:00,35.3,19.3,202.0,4.2,7.5,92.0
2023-08-10T06:00,37.0,20.8,202.0,3.2,7.9,106.0
2023-08-10T07:00,38.8,21.9,199.0,2.7,9.6,118.0
2023-08-10T08:00,41.2,23.2,193.0,2.5,12.1,130.0
2023-08-10T09:00,43.9,24.7,189.0,2.6,13.9,138.0
2023-08-10T10:00,46.3,25.9,187.0,3.0,14.8,141.0
2023-08-10T11:00,49.1,27.1,185.0,3.7,15.0,139.0
2023-08-10T12:00,57.5,31.4,186.0,4.1,13.5,138.0
2023-08-10T13:00,59.8,32.5,189.0,4.1,11.4,133.0
2023-08-10T14:00,58.2,31.4,194.0,4.2,8.7,126.0
2023-08-10T15:00,54.2,29.2,200.0,4.7,7.6,118.0
2023-08-10T16:00,51.0,28.1,209.0,5.9,9.7,108.0
2023-08-10T17:00,46.6,26.8,219.0,7.5,13.4,98.0
2023-08-10T18:00,42.7,26.3,225.0,8.6,16.3,88.0
2023-08-10T19:00,38.9,25.0,223.0,8.6,17.4,81.0
2023-08-10T20:00,37.4,24.5,217.0,8.2,17.7,74.0
2023-08-10T21:00,35.5,23.6,212.0,7.7,17.5,69.0
2023-08-10T22:00,34.3,22.8,209.0,7.3,16.3,64.0
2023-08-10T23:00,34.1,22.4,206.0,7.0,14.6,61.0
2023-08-11T00:00,33.5,22.4,240.0,7.6,9.0,51.0
2023-08-11T01:00,34.0,22.5,243.0,7.7,9.7,54.0
2023-08-11T02:00,34.9,22.9,248.0,7.9,10.6,58.0
2023-08-11T03:00,37.4,24.0,250.0,7.6,11.6,68.0
2023-08-11T04:00,42.5,26.7,248.0,6.5,12.6,86.0
2023-08-11T05:00,50.1,30.6,243.0,4.9,13.6,109.0
2023-08-11T06:00,54.7,32.5,239.0,3.7,14.4,129.0
2023-08-11T07:00,55.1,31.7,236.0,3.0,15.0,145.0
2023-08-11T08:00,58.2,33.1,234.0,2.5,15.5,159.0
2023-08-11T09:00,65.2,37.4,231.0,2.5,15.4,167.0
2023-08-11T10:00,68.0,38.5,226.0,3.0,14.6,168.0
2023-08-11T11:00,68.9,38.6,220.0,3.8,13.3,163.0
2023-08-11T12:00,65.4,34.2,218.0,3.3,8.6,138.0
2023-08-11T13:00,65.9,35.0,210.0,3.8,8.5,132.0
2023-08-11T14:00,65.2,34.6,199.0,4.6,8.6,122.0
2023-08-11T15:00,61.0,32.7,195.0,5.6,10.0,113.0
2023-08-11T16:00,65.2,35.0,205.0,7.1,14.1,104.0
2023-08-11T17:00,61.7,34.8,223.0,8.9,19.4,95.0
2023-08-11T18:00,60.8,35.3,236.0,10.1,23.2,86.0
2023-08-11T19:00,56.6,34.0,241.0,10.3,24.0,76.0
2023-08-11T20:00,52.0,31.8,241.0,9.8,23.1,67.0
2023-08-11T21:00,49.2,30.4,236.0,9.4,22.2,60.0
2023-08-11T22:00,41.7,26.0,222.0,9.1,21.7,58.0
2023-08-11T23:00,34.5,21.8,202.0,8.7,21.0,60.0
2023-08-12T00:00,34.0,22.6,223.0,9.4,15.6,56.0
2023-08-12T01:00,32.5,21.9,233.0,9.0,14.6,58.0
2023-08-12T02:00,32.1,21.9,247.0,8.5,13.2,61.0
2023-08-12T03:00,33.2,22.8,257.0,7.6,12.1,70.0
2023-08-12T04:00,37.5,25.4,260.0,6.1,11.6,90.0
2023-08-12T05:00,43.4,28.7,258.0,4.3,11.5,116.0
2023-08-12T06:00,47.5,30.4,254.0,2.9,11.5,137.0
2023-08-12T07:00,50.3,31.1,245.0,2.2,11.7,150.0
2023-08-12T08:00,50.4,30.2,234.0,1.8,12.0,157.0
2023-08-12T09:00,53.3,31.1,224.0,1.9,12.1,161.0
2023-08-12T10:00,55.1,31.2,215.0,2.3,11.7,160.0
2023-08-12T11:00,56.7,31.7,208.0,3.0,11.1,154.0
2023-08-12T12:00,57.3,31.7,204.0,3.9,12.1,152.0
2023-08-12T13:00,63.3,35.7,217.0,4.5,10.0,139.0
2023-08-12T14:00,53.2,31.3,235.0,5.4,7.2,121.0
2023-08-12T15:00,44.8,27.6,246.0,6.1,5.6,107.0
2023-08-12T16:00,43.2,26.7,244.0,6.4,6.1,100.0
2023-08-12T17:00,44.9,27.8,236.0,6.4,8.0,97.0
2023-08-12T18:00,43.8,26.4,227.0,6.7,10.6,93.0
2023-08-12T19:00,43.3,25.7,218.0,7.4,14.8,87.0
2023-08-12T20:00,44.6,26.2,210.0,8.2,19.9,80.0
2023-08-12T21:00,45.6,26.5,206.0,8.9,22.9,73.0
2023-08-12T22:00,46.4,26.7,210.0,9.1,22.3,67.0
2023-08-12T23:00,46.7,27.5,218.0,9.2,19.7,61.0
2023-08-13T00:00,43.1,26.3,243.0,9.0,13.5,56.0
2023-08-13T01:00,44.2,25.9,246.0,8.8,12.6,58.0
2023-08-13T02:00,45.3,25.7,250.0,8.5,11.3,61.0
2023-08-13T03:00,48.0,26.5,251.0,7.7,10.2,69.0
2023-08-13T04:00,51.3,28.2,249.0,6.1,9.3,87.0
2023-08-13T05:00,53.7,29.8,245.0,4.1,8.5,111.0
2023-08-13T06:00,54.1,29.8,239.0,2.6,8.0,130.0
2023-08-13T07:00,53.0,28.3,231.0,1.9,8.0,141.0
2023-08-13T08:00,52.4,26.9,221.0,1.8,8.4,147.0
2023-08-13T09:00,54.4,27.2,213.0,2.0,8.9,150.0
2023-08-13T10:00,58.8,29.4,209.0,2.8,9.9,152.0
2023-08-13T11:00,63.3,31.5,207.0,3.9,11.1,151.0
2023-08-13T12:00,62.4,31.9,213.0,4.5,11.7,147.0
2023-08-13T13:00,67.5,35.4,234.0,7.0,11.7,138.0
2023-08-13T14:00,70.3,37.4,262.0,10.5,11.6,124.0
2023-08-13T15:00,68.5,36.7,284.0,12.9,11.7,111.0
2023-08-13T16:00,64.7,35.0,293.0,13.5,12.1,99.0
2023-08-13T17:00,63.6,34.6,295.0,13.1,12.6,88.0
2023-08-13T18:00,62.6,34.5,291.0,12.3,12.5,79.0
2023-08-13T19:00,59.8,33.8,277.0,10.9,11.3,72.0
2023-08-13T20:00,53.7,30.9,256.0,9.1,9.6,67.0
2023-08-13T21:00,46.9,27.5,238.0,7.7,8.3,63.0
2023-08-13T22:00,41.6,24.6,223.0,7.0,7.7,61.0
2023-08-13T23:00,38.1,22.6,212.0,6.7,7.4,60.0
2023-08-14T00:00,37.7,22.9,219.0,7.1,7.7,59.0
2023-08-14T01:00,36.7,22.0,223.0,7.3,8.1,59.0
2023-08-14T02:00,36.3,21.5,227.0,7.6,8.8,59.0
2023-08-14T03:00,37.3,21.8,230.0,7.4,9.8,65.0
2023-08-14T04:00,40.2,23.3,229.0,6.4,11.4,80.0
2023-08-14T05:00,45.3,26.2,226.0,4.9,13.3,101.0
2023-08-14T06:00,51.0,29.2,222.0,3.7,14.6,119.0
2023-08-14T07:00,51.3,28.2,216.0,2.9,15.1,134.0
2023-08-14T08:00,52.0,27.7,209.0,2.3,15.1,147.0
2023-08-14T09:00,56.0,29.7,204.0,2.1,14.5,154.0
2023-08-14T10:00,61.0,32.4,200.0,2.5,13.1,152.0
2023-08-14T11:00,63.8,34.0,199.0,3.4,11.2,145.0
2023-08-14T12:00,75.2,37.0,201.0,4.2,11.9,143.0
2023-08-14T13:00,78.5,39.3,218.0,6.0,10.2,130.0
2023-08-14T14:00,76.1,39.0,242.0,8.5,8.1,112.0
2023-08-14T15:00,71.5,37.6,260.0,10.3,7.3,97.0
2023-08-14T16:00,69.6,37.1,269.0,10.8,9.4,90.0
2023-08-14T17:00,67.3,36.3,271.0,10.5,12.9,86.0
2023-08-14T18:00,65.2,36.2,265.0,10.1,15.2,81.0
2023-08-14T19:00,58.7,32.9,245.0,9.6,15.0,74.0
2023-08-14T20:00,51.2,28.2,216.0,9.0,13.5,67.0
2023-08-14T21:00,42.7,23.2,192.0,8.4,12.1,61.0
2023-08-14T22:00,37.3,20.1,175.0,7.7,10.9,57.0
2023-08-14T23:00,34.6,18.7,163.0,7.0,9.8,55.0
2023-08-15T00:00,35.3,18.5,158.0,6.6,9.3,54.0
2023-08-15T01:00,34.6,18.0,164.0,7.0,9.8,52.0
2023-08-15T02:00,34.9,18.6,172.0,7.5,10.5,51.0
2023-08-15T03:00,36.8,19.9,181.0,7.5,11.5,56.0
2023-08-15T04:00,41.9,22.6,192.0,6.7,13.0,72.0
2023-08-15T05:00,48.9,26.0,203.0,5.5,14.7,95.0
2023-08-15T06:00,53.9,28.5,210.0,4.3,15.8,115.0
2023-08-15T07:00,53.0,26.4,208.0,3.3,16.0,131.0
2023-08-15T08:00,56.2,27.5,201.0,2.4,15.6,146.0
2023-08-15T09:00,60.1,29.1,194.0,1.9,14.6,153.0
2023-08-15T10:00,61.9,29.9,188.0,2.0,12.5,151.0
2023-08-15T11:00,60.8,29.3,182.0,2.6,9.9,142.0
2023-08-15T12:00,67.1,32.9,192.0,4.2,10.1,140.0
2023-08-15T13:00,66.4,34.7,206.0,5.2,8.6,130.0
2023-08-15T14:00,61.9,33.5,223.0,6.6,6.5,116.0
2023-08-15T15:00,56.6,31.3,229.0,7.6,5.1,102.0
2023-08-15T16:00,49.6,27.6,212.0,7.7,5.1,87.0
2023-08-15T17:00,42.7,23.2,182.0,7.5,5.8,72.0
2023-08-15T18:00,36.3,19.0,157.0,7.1,6.5,60.0
2023-08-15T19:00,31.2,15.9,141.0,6.7,6.9,54.0
2023-08-15T20:00,27.6,14.1,129.0,6.2,7.2,52.0
2023-08-15T21:00,26.3,13.3,123.0,6.0,7.6,51.0
2023-08-15T22:00,24.9,13.1,124.0,6.2,8.2,49.0
2023-08-15T23:00,24.7,13.4,131.0,6.5,8.8,48.0
2023-08-16T00:00,24.7,13.5,146.0,7.0,10.1,49.0
2023-08-16T01:00,26.2,14.6,161.0,7.3,10.8,49.0
2023-08-16T02:00,29.0,16.1,182.0,7.7,11.7,49.0
2023-08-16T03:00,34.1,18.5,198.0,7.6,12.4,56.0
2023-08-16T04:00,42.3,22.2,207.0,6.4,12.8,74.0
2023-08-16T05:00,50.4,26.0,211.0,4.6,13.0,98.0
2023-08-16T06:00,49.5,23.7,212.0,3.2,12.8,118.0
2023-08-16T07:00,49.9,23.0,208.0,2.4,12.2,131.0
2023-08-16T08:00,53.0,24.0,200.0,1.9,11.3,140.0
2023-08-16T09:00,57.9,26.0,194.0,1.8,10.2,144.0
2023-08-16T10:00,60.3,27.1,189.0,1.9,8.9,143.0
2023-08-16T11:00,62.2,28.5,185.0,2.4,7.4,138.0
2023-08-16T12:00,64.5,30.6,209.0,4.6,7.1,134.0
2023-08-16T13:00,66.8,33.3,224.0,6.2,6.4,125.0
2023-08-16T14:00,65.2,33.3,243.0,8.4,5.5,112.0
2023-08-16T15:00,61.2,31.3,248.0,9.6,4.8,98.0
2023-08-16T16:00,54.6,27.8,225.0,8.9,4.5,84.0
2023-08-16T17:00,49.2,24.4,187.0,7.3,4.5,69.0
2023-08-16T18:00,44.5,21.1,156.0,6.1,4.8,58.0
2023-08-16T19:00,39.0,18.1,140.0,6.0,5.8,52.0
2023-08-16T20:00,32.7,15.3,131.0,6.4,7.1,48.0
2023-08-16T21:00,27.0,13.0,126.0,6.7,8.1,46.0
2023-08-16T22:00,24.0,12.0,123.0,6.6,8.4,44.0
2023-08-16T23:00,22.5,11.6,123.0,6.4,8.4,44.0
2023-08-17T00:00,21.5,11.7,131.0,7.3,9.7,41.0
2023-08-17T01:00,22.0,11.9,144.0,7.4,10.3,40.0
2023-08-17T02:00,23.2,12.7,162.0,7.5,11.0,40.0
2023-08-17T03:00,26.2,14.6,179.0,7.1,11.4,48.0
2023-08-17T04:00,32.5,18.2,196.0,5.9,11.2,70.0
2023-08-17T05:00,41.1,23.1,213.0,4.2,10.6,100.0
2023-08-17T06:00,46.2,26.4,223.0,2.9,9.9,123.0
2023-08-17T07:00,46.6,26.3,221.0,2.1,8.8,135.0
2023-08-17T08:00,45.4,24.5,213.0,1.7,7.6,140.0
2023-08-17T09:00,44.8,22.8,205.0,1.7,6.7,141.0
2023-08-17T10:00,47.7,23.3,199.0,2.3,6.6,139.0
2023-08-17T11:00,51.9,24.9,194.0,3.3,6.8,133.0
2023-08-17T12:00,51.7,25.5,233.0,9.5,6.6,117.0
2023-08-17T13:00,60.1,30.5,228.0,9.7,6.2,107.0
2023-08-17T14:00,58.3,30.6,221.0,9.8,5.6,92.0
2023-08-17T15:00,48.3,25.8,209.0,9.8,5.4,79.0
2023-08-17T16:00,36.1,19.4,188.0,9.3,5.8,68.0
2023-08-17T17:00,31.1,16.0,162.0,8.6,6.7,57.0
2023-08-17T18:00,27.3,14.3,142.0,8.1,7.6,49.0
2023-08-17T19:00,24.5,13.0,133.0,8.1,8.8,45.0
2023-08-17T20:00,22.2,12.0,130.0,8.5,10.1,43.0
2023-08-17T21:00,24.4,12.7,134.0,8.7,10.9,42.0
2023-08-17T22:00,33.1,16.1,145.0,8.8,10.9,40.0
2023-08-17T23:00,40.3,19.0,161.0,8.8,10.4,38.0
2023-08-18T00:00,18.9,10.9,144.0,7.6,7.5,36.0
2023-08-18T01:00,19.8,11.7,174.0,8.3,7.8,35.0
2023-08-18T02:00,21.9,13.1,216.0,9.2,8.2,34.0
2023-08-18T03:00,24.9,14.9,242.0,9.3,8.4,40.0
2023-08-18T04:00,27.9,16.5,240.0,7.7,8.4,57.0
2023-08-18T05:00,31.3,17.5,222.0,5.2,8.2,81.0
2023-08-18T06:00,34.3,18.7,207.0,3.4,7.9,100.0
2023-08-18T07:00,37.0,19.6,197.0,2.6,7.4,110.0
2023-08-18T08:00,39.5,18.9,190.0,2.3,6.9,116.0
2023-08-18T09:00,39.1,18.1,187.0,2.9,6.5,119.0
2023-08-18T10:00,39.7,17.9,192.0,4.7,6.4,118.0
2023-08-18T11:00,43.5,19.5,201.0,7.3,6.5,115.0
2023-08-18T12:00,44.4,19.5,219.0,10.3,7.6,99.0
2023-08-18T13:00,49.5,23.5,228.0,11.4,7.3,91.0
2023-08-18T14:00,50.6,25.3,238.0,12.9,7.0,81.0
2023-08-18T15:00,47.3,23.5,237.0,13.4,6.7,71.0
2023-08-18T16:00,43.7,20.8,211.0,12.1,6.6,64.0
2023-08-18T17:00,38.1,18.2,174.0,9.9,6.7,58.0
2023-08-18T18:00,31.4,15.5,145.0,8.1,6.7,53.0
2023-08-18T19:00,24.6,12.8,133.0,7.3,6.6,49.0
2023-08-18T20:00,21.2,11.4,131.0,7.0,6.6,45.0
2023-08-18T21:00,19.7,10.8,135.0,7.0,6.5,42.0
2023-08-18T22:00,18.9,10.7,148.0,7.4,6.5,38.0
2023-08-18T23:00,18.5,10.6,167.0,8.0,6.4,33.0
2023-08-19T00:00,17.3,9.9,184.0,8.6,6.8,30.0
2023-08-19T01:00,17.2,9.8,191.0,8.3,6.6,31.0
2023-08-19T02:00,17.5,9.9,200.0,7.8,6.3,32.0
2023-08-19T03:00,18.3,10.2,205.0,7.1,6.8,38.0
2023-08-19T04:00,20.3,11.4,200.0,6.2,8.9,52.0
2023-08-19T05:00,24.3,13.7,191.0,5.2,11.7,71.0
2023-08-19T06:00,30.2,17.2,183.0,4.3,13.5,88.0
2023-08-19T07:00,33.3,18.9,179.0,3.4,13.2,103.0
2023-08-19T08:00,34.6,19.0,177.0,2.6,11.8,118.0
2023-08-19T09:00,35.0,19.0,177.0,2.4,10.4,125.0
2023-08-19T10:00,37.6,19.6,178.0,3.2,9.1,122.0
2023-08-19T11:00,40.4,20.1,180.0,4.6,7.6,113.0
2023-08-19T12:00,21.8,12.1,201.0,7.4,7.3,104.0
2023-08-19T13:00,24.1,13.2,207.0,7.9,6.9,96.0
2023-08-19T14:00,26.2,13.9,215.0,8.7,6.3,85.0
2023-08-19T15:00,27.7,14.7,225.0,9.5,5.7,73.0
2023-08-19T16:00,26.9,14.8,238.0,10.3,5.3,61.0
2023-08-19T17:00,25.3,14.4,253.0,11.1,5.0,50.0
2023-08-19T18:00,22.5,13.6,263.0,11.6,4.6,40.0
2023-08-19T19:00,19.3,12.2,264.0,11.7,4.1,34.0
2023-08-19T20:00,17.3,11.4,260.0,11.4,3.7,29.0
2023-08-19T21:00,16.9,11.2,257.0,11.2,3.4,26.0
2023-08-19T22:00,17.0,11.1,255.0,11.1,3.5,23.0
2023-08-19T23:00,17.2,11.2,254.0,11.0,3.9,22.0
2023-08-20T00:00,17.9,11.5,248.0,10.3,4.9,25.0
2023-08-20T01:00,19.2,12.2,260.0,9.9,5.7,30.0
2023-08-20T02:00,21.2,13.5,277.0,9.2,6.7,39.0
2023-08-20T03:00,23.1,14.5,282.0,8.1,7.4,51.0
2023-08-20T04:00,25.7,16.1,265.0,6.2,7.5,70.0
2023-08-20T05:00,28.0,17.3,238.0,4.0,7.2,94.0
2023-08-20T06:00,29.5,18.0,217.0,2.3,7.0,113.0
2023-08-20T07:00,32.8,19.6,211.0,1.6,7.1,126.0
2023-08-20T08:00,36.2,21.7,212.0,1.6,7.3,135.0
2023-08-20T09:00,38.3,22.5,211.0,1.7,7.3,140.0
2023-08-20T10:00,39.9,22.4,204.0,2.0,7.1,138.0
2023-08-20T11:00,42.5,22.5,195.0,2.6,6.8,131.0
2023-08-20T12:00,35.9,18.7,196.0,3.3,7.0,128.0
2023-08-20T13:00,39.1,20.4,194.0,3.6,6.3,122.0
2023-08-20T14:00,40.0,20.7,191.0,4.0,5.3,114.0
2023-08-20T15:00,38.8,19.9,193.0,4.3,4.4,106.0
2023-08-20T16:00,37.7,19.6,204.0,4.3,3.5,98.0
2023-08-20T17:00,37.5,19.8,219.0,4.1,2.7,90.0
2023-08-20T18:00,35.9,19.0,227.0,4.4,2.7,81.0
2023-08-20T19:00,34.3,18.2,223.0,5.6,4.2,70.0
2023-08-20T20:00,32.8,17.5,213.0,7.3,6.5,58.0
2023-08-20T21:00,31.1,16.8,203.0,8.3,8.3,50.0
2023-08-20T22:00,30.6,16.6,193.0,8.1,9.0,49.0
2023-08-20T23:00,31.2,17.1,184.0,7.3,9.2,51.0
2023-08-21T00:00,24.4,13.5,180.0,7.2,8.1,48.0
2023-08-21T01:00,25.0,14.2,193.0,7.4,8.5,48.0
2023-08-21T02:00,25.7,14.9,210.0,7.5,9.0,49.0
2023-08-21T03:00,26.8,15.8,221.0,7.2,9.2,55.0
2023-08-21T04:00,29.2,17.5,221.0,5.8,8.9,72.0
2023-08-21T05:00,32.6,19.4,215.0,4.0,8.3,95.0
2023-08-21T06:00,36.3,21.6,207.0,2.5,7.7,113.0
2023-08-21T07:00,37.8,21.8,199.0,1.8,7.2,122.0
2023-08-21T08:00,37.8,20.7,189.0,1.6,6.6,126.0
2023-08-21T09:00,38.6,20.7,181.0,1.6,6.0,127.0
2023-08-21T10:00,39.1,20.8,177.0,2.0,5.4,123.0
2023-08-21T11:00,39.0,20.4,174.0,2.8,4.7,115.0
2023-08-21T12:00,38.8,20.7,197.0,5.9,4.1,102.0
2023-08-21T13:00,37.0,20.0,189.0,5.2,3.5,95.0
2023-08-21T14:00,34.9,18.6,178.0,4.3,2.6,86.0
2023-08-21T15:00,33.1,17.1,167.0,3.4,1.9,80.0
2023-08-21T16:00,30.6,15.5,156.0,2.4,1.5,79.0
2023-08-21T17:00,29.5,14.7,146.0,1.5,1.2,81.0
2023-08-21T18:00,29.0,14.5,143.0,1.1,1.4,82.0
2023-08-21T19:00,29.0,14.7,152.0,1.8,2.4,79.0
2023-08-21T20:00,31.7,16.3,168.0,3.0,3.8,76.0
2023-08-21T21:00,30.4,16.1,179.0,4.1,5.0,72.0
2023-08-21T22:00,28.3,15.3,180.0,4.7,5.8,69.0
2023-08-21T23:00,26.5,14.4,176.0,5.1,6.3,65.0
2023-08-22T00:00,29.6,17.3,211.0,7.3,9.8,60.0
2023-08-22T01:00,25.4,15.0,206.0,7.5,10.0,60.0
2023-08-22T02:00,22.8,13.2,200.0,7.8,10.2,62.0
2023-08-22T03:00,22.8,13.1,194.0,7.7,10.9,67.0
2023-08-22T04:00,26.1,14.6,191.0,6.8,12.4,79.0
2023-08-22T05:00,44.5,22.4,188.0,5.5,14.4,95.0
2023-08-22T06:00,35.6,19.8,187.0,4.3,15.5,110.0
2023-08-22T07:00,36.9,20.4,188.0,3.3,15.4,126.0
2023-08-22T08:00,41.6,23.3,189.0,2.4,14.5,142.0
2023-08-22T09:00,45.6,25.7,188.0,2.0,12.9,150.0
2023-08-22T10:00,47.1,26.3,181.0,2.2,10.3,143.0
2023-08-22T11:00,44.0,23.8,172.0,2.9,7.1,128.0
2023-08-22T12:00,49.5,27.4,188.0,4.5,11.1,138.0
2023-08-22T13:00,48.3,26.0,182.0,4.7,8.7,124.0
2023-08-22T14:00,44.1,23.3,174.0,4.9,5.4,105.0
2023-08-22T15:00,38.8,19.9,167.0,4.8,2.8,90.0
2023-08-22T16:00,34.6,17.6,161.0,3.9,1.5,86.0
2023-08-22T17:00,32.9,16.9,157.0,2.6,1.0,87.0
2023-08-22T18:00,34.8,18.7,160.0,2.2,1.4,86.0
2023-08-22T19:00,37.4,21.3,179.0,3.4,3.4,81.0
2023-08-22T20:00,36.6,21.2,206.0,5.3,6.4,76.0
2023-08-22T21:00,36.4,21.3,219.0,6.8,8.8,71.0
2023-08-22T22:00,33.2,19.0,204.0,7.2,9.9,68.0
2023-08-22T23:00,28.8,16.4,176.0,7.1,10.5,67.0
2023-08-23T00:00,27.8,14.9,160.0,6.5,9.4,69.0
2023-08-23T01:00,26.8,13.8,158.0,7.0,10.1,69.0
2023-08-23T02:00,26.1,12.9,155.0,7.6,11.1,69.0
2023-08-23T03:00,26.5,13.3,156.0,7.6,12.3,74.0
2023-08-23T04:00,29.2,15.4,163.0,6.6,13.9,86.0
2023-08-23T05:00,34.1,18.9,174.0,5.1,15.7,103.0
2023-08-23T06:00,38.9,22.3,181.0,3.8,16.7,118.0
2023-08-23T07:00,41.2,23.5,182.0,2.9,16.5,132.0
2023-08-23T08:00,43.7,24.4,180.0,2.2,15.4,144.0
2023-08-23T09:00,47.8,26.0,177.0,1.9,13.9,149.0
2023-08-23T10:00,48.0,25.4,170.0,2.3,11.7,142.0
2023-08-23T11:00,48.1,24.8,162.0,3.2,9.0,127.0
2023-08-23T12:00,59.3,32.7,193.0,4.4,10.8,151.0
2023-08-23T13:00,58.0,31.5,178.0,4.0,8.7,137.0
2023-08-23T14:00,52.6,27.6,158.0,3.6,5.8,116.0
2023-08-23T15:00,46.8,23.6,148.0,3.3,3.6,100.0
2023-08-23T16:00,43.1,22.0,158.0,3.4,2.6,91.0
2023-08-23T17:00,43.0,23.0,177.0,3.8,2.2,86.0
2023-08-23T18:00,44.0,24.5,191.0,4.2,2.5,82.0
2023-08-23T19:00,44.6,25.1,193.0,4.8,3.7,76.0
2023-08-23T20:00,42.4,23.5,189.0,5.6,5.6,71.0
2023-08-23T21:00,38.6,21.1,181.0,6.0,7.0,68.0
2023-08-23T22:00,34.3,18.2,163.0,5.8,7.3,67.0
2023-08-23T23:00,31.2,15.8,141.0,5.2,7.1,68.0
2023-08-24T00:00,34.1,19.0,159.0,6.1,9.4,64.0
2023-08-24T01:00,32.5,17.8,163.0,6.4,9.4,64.0
2023-08-24T02:00,31.9,17.3,170.0,6.7,9.5,66.0
2023-08-24T03:00,33.9,18.7,177.0,6.6,9.9,72.0
2023-08-24T04:00,39.1,22.0,187.0,5.5,10.9,88.0
2023-08-24T05:00,46.9,26.6,197.0,4.0,12.2,109.0
2023-08-24T06:00,52.0,29.3,203.0,2.8,12.8,127.0
2023-08-24T07:00,53.3,29.5,201.0,2.1,12.2,138.0
2023-08-24T08:00,53.8,29.0,196.0,1.8,10.9,146.0
2023-08-24T09:00,55.4,29.1,190.0,1.8,9.6,148.0
2023-08-24T10:00,56.0,29.0,185.0,2.5,8.6,143.0
2023-08-24T11:00,57.9,29.8,180.0,3.6,7.7,132.0
2023-08-24T12:00,54.9,27.2,157.0,3.4,8.9,129.0
2023-08-24T13:00,56.0,28.6,164.0,3.7,7.7,124.0
2023-08-24T14:00,49.7,26.1,173.0,4.2,6.0,116.0
2023-08-24T15:00,46.7,25.3,182.0,4.6,4.7,108.0
2023-08-24T16:00,46.2,25.6,191.0,5.0,4.0,100.0
2023-08-24T17:00,45.1,24.9,200.0,5.4,3.8,91.0
2023-08-24T18:00,41.3,21.9,197.0,5.7,3.9,82.0
2023-08-24T19:00,33.5,16.9,173.0,6.0,4.7,71.0
2023-08-24T20:00,25.9,12.8,138.0,6.2,5.9,59.0
2023-08-24T21:00,20.6,10.3,111.0,6.4,7.0,50.0
2023-08-24T22:00,17.7,8.9,99.0,6.4,7.6,46.0
2023-08-24T23:00,16.5,8.4,94.0,6.3,8.0,45.0
2023-08-25T00:00,16.5,8.6,108.0,6.5,8.5,46.0
2023-08-25T01:00,16.9,8.9,120.0,6.8,9.2,45.0
2023-08-25T02:00,18.3,9.7,137.0,7.2,10.1,44.0
2023-08-25T03:00,21.6,11.4,152.0,7.1,11.0,49.0
2023-08-25T04:00,27.0,14.5,165.0,6.2,11.8,65.0
2023-08-25T05:00,34.0,18.5,177.0,4.8,12.5,88.0
2023-08-25T06:00,40.3,22.4,184.0,3.6,12.9,107.0
2023-08-25T07:00,41.9,22.4,182.0,2.7,12.8,122.0
2023-08-25T08:00,43.9,22.5,174.0,2.1,12.4,133.0
2023-08-25T09:00,45.9,23.6,168.0,1.9,11.4,139.0
2023-08-25T10:00,46.2,23.7,166.0,2.5,9.6,135.0
2023-08-25T11:00,49.4,25.4,166.0,3.5,7.2,125.0
2023-08-25T12:00,57.7,28.6,171.0,4.3,5.9,120.0
2023-08-25T13:00,53.3,26.3,171.0,4.0,4.7,115.0
2023-08-25T14:00,51.1,24.9,170.0,3.5,3.1,107.0
2023-08-25T15:00,49.4,24.3,170.0,3.4,2.1,98.0
2023-08-25T16:00,48.3,24.3,172.0,3.8,2.0,87.0
2023-08-25T17:00,46.0,23.4,173.0,4.5,2.5,74.0
2023-08-25T18:00,42.0,21.1,169.0,5.1,3.2,62.0
2023-08-25T19:00,36.6,18.2,154.0,5.5,4.2,52.0
2023-08-25T20:00,29.5,14.7,133.0,5.7,5.4,44.0
2023-08-25T21:00,23.7,11.8,118.0,5.9,6.4,38.0
2023-08-25T22:00,21.3,10.4,112.0,5.9,6.9,37.0
2023-08-25T23:00,21.7,10.2,112.0,5.8,7.3,38.0
2023-08-26T00:00,21.0,9.9,112.0,5.8,7.8,38.0
2023-08-26T01:00,22.3,10.3,122.0,6.1,9.0,38.0
2023-08-26T02:00,23.7,10.9,135.0,6.5,10.6,38.0
2023-08-26T03:00,25.9,12.0,146.0,6.5,12.0,43.0
2023-08-26T04:00,29.6,14.3,152.0,5.8,13.1,56.0
2023-08-26T05:00,33.5,16.3,156.0,4.6,13.9,73.0
2023-08-26T06:00,38.1,18.8,158.0,3.6,14.0,89.0
2023-08-26T07:00,41.3,20.4,158.0,2.8,12.9,102.0
2023-08-26T08:00,44.4,22.0,155.0,2.0,11.1,113.0
2023-08-26T09:00,44.8,22.2,154.0,1.7,9.2,119.0
2023-08-26T10:00,46.0,22.2,154.0,2.0,7.5,116.0
2023-08-26T11:00,49.2,23.2,155.0,2.6,5.8,107.0
2023-08-26T12:00,48.1,24.0,166.0,4.3,6.0,104.0
2023-08-26T13:00,45.2,21.9,168.0,4.1,4.8,98.0
2023-08-26T14:00,44.1,20.8,170.0,3.9,3.2,89.0
2023-08-26T15:00,43.1,19.9,173.0,3.9,2.1,80.0
2023-08-26T16:00,42.0,19.6,175.0,4.4,2.1,68.0
2023-08-26T17:00,40.6,19.0,177.0,5.2,2.6,56.0
2023-08-26T18:00,39.1,18.3,186.0,6.0,3.3,48.0
2023-08-26T19:00,36.0,17.5,210.0,6.9,4.2,48.0
2023-08-26T20:00,35.9,19.7,240.0,7.9,5.2,52.0
2023-08-26T21:00,36.7,21.5,259.0,8.6,6.3,55.0
2023-08-26T22:00,37.1,22.2,257.0,8.7,7.2,53.0
2023-08-26T23:00,36.4,21.4,243.0,8.4,8.0,49.0
2023-08-27T00:00,33.8,21.0,242.0,5.4,6.6,71.0
2023-08-27T01:00,34.2,21.4,241.0,6.0,7.8,68.0
2023-08-27T02:00,34.7,21.3,240.0,6.8,9.5,64.0
2023-08-27T03:00,35.6,21.1,237.0,7.1,11.3,66.0
2023-08-27T04:00,38.2,22.3,233.0,6.5,13.6,77.0
2023-08-27T05:00,43.0,25.6,227.0,5.3,16.1,94.0
2023-08-27T06:00,46.6,28.3,223.0,4.2,17.2,110.0
2023-08-27T07:00,48.8,30.3,222.0,3.2,16.0,124.0
2023-08-27T08:00,48.7,30.4,223.0,2.3,13.4,138.0
2023-08-27T09:00,48.5,29.9,222.0,1.8,11.4,146.0
2023-08-27T10:00,48.8,28.9,218.0,2.2,10.7,147.0
2023-08-27T11:00,49.4,28.1,212.0,3.0,10.5,143.0
2023-08-27T12:00,49.4,29.2,221.0,3.3,6.7,127.0
2023-08-27T13:00,53.3,29.7,217.0,3.7,6.7,123.0
2023-08-27T14:00,58.0,31.1,210.0,4.3,6.7,117.0
2023-08-27T15:00,56.7,29.7,205.0,4.7,6.6,111.0
2023-08-27T16:00,51.8,27.1,201.0,4.4,5.5,104.0
2023-08-27T17:00,45.5,24.9,198.0,4.0,4.3,97.0
2023-08-27T18:00,44.1,25.5,196.0,4.1,5.0,91.0
2023-08-27T19:00,46.3,28.6,195.0,5.5,9.4,86.0
2023-08-27T20:00,44.7,28.4,195.0,7.6,15.7,81.0
2023-08-27T21:00,41.2,26.3,191.0,9.1,20.4,76.0
2023-08-27T22:00,34.1,21.7,180.0,9.6,21.9,69.0
2023-08-27T23:00,29.0,18.5,166.0,9.6,21.8,62.0
2023-08-28T00:00,30.6,19.8,180.0,10.2,23.4,51.0
2023-08-28T01:00,26.5,17.2,189.0,9.8,21.5,50.0
2023-08-28T02:00,24.7,16.1,201.0,9.1,18.8,49.0
2023-08-28T03:00,26.0,17.1,212.0,8.1,16.5,56.0
2023-08-28T04:00,31.5,20.9,220.0,6.4,15.2,76.0
2023-08-28T05:00,39.1,26.0,226.0,4.4,14.3,102.0
2023-08-28T06:00,45.4,30.2,232.0,2.9,13.5,125.0
2023-08-28T07:00,49.5,32.8,238.0,2.3,12.6,141.0
2023-08-28T08:00,51.7,34.1,243.0,2.3,11.7,152.0
2023-08-28T09:00,53.8,35.3,246.0,2.8,10.8,157.0
2023-08-28T10:00,54.1,34.9,248.0,4.4,9.8,154.0
2023-08-28T11:00,51.6,32.1,249.0,6.6,8.8,144.0
2023-08-28T12:00,57.5,36.0,291.0,11.6,9.7,124.0
2023-08-28T13:00,56.6,34.9,271.0,9.8,8.9,121.0
2023-08-28T14:00,51.8,30.9,243.0,7.3,7.8,115.0
2023-08-28T15:00,44.7,26.3,217.0,5.7,7.1,107.0
2023-08-28T16:00,34.1,20.0,195.0,5.7,7.0,94.0
2023-08-28T17:00,26.9,16.4,176.0,6.6,7.3,77.0
2023-08-28T18:00,21.8,13.3,162.0,7.4,7.8,64.0
2023-08-28T19:00,19.2,11.4,155.0,7.9,8.5,55.0
2023-08-28T20:00,18.6,11.1,154.0,8.3,9.4,50.0
2023-08-28T21:00,19.3,11.6,157.0,8.5,10.0,46.0
2023-08-28T22:00,20.5,12.6,165.0,8.5,10.0,44.0
2023-08-28T23:00,21.9,13.7,178.0,8.3,9.8,45.0
2023-08-29T00:00,19.8,12.4,175.0,8.3,10.9,45.0
2023-08-29T01:00,21.5,13.6,194.0,8.7,10.8,45.0
2023-08-29T02:00,23.1,14.8,219.0,9.3,10.7,45.0
2023-08-29T03:00,26.0,16.8,240.0,9.1,10.6,52.0
2023-08-29T04:00,31.0,20.3,251.0,7.6,10.5,71.0
2023-08-29T05:00,36.9,24.2,256.0,5.5,10.5,97.0
2023-08-29T06:00,42.5,27.8,260.0,3.8,10.3,120.0
2023-08-29T07:00,46.3,30.4,264.0,3.0,10.0,138.0
2023-08-29T08:00,49.5,32.5,267.0,2.7,9.6,152.0
2023-08-29T09:00,52.4,34.3,266.0,2.8,9.1,160.0
2023-08-29T10:00,53.1,34.2,260.0,3.5,8.7,159.0
2023-08-29T11:00,51.2,32.1,250.0,4.5,8.2,151.0
2023-08-29T12:00,56.2,33.6,285.0,7.5,3.2,127.0
2023-08-29T13:00,54.6,32.0,256.0,6.4,3.0,120.0
2023-08-29T14:00,47.7,27.3,216.0,4.9,2.7,111.0
2023-08-29T15:00,38.9,22.4,185.0,4.4,3.4,99.0
2023-08-29T16:00,29.8,17.4,172.0,5.9,5.9,83.0
2023-08-29T17:00,25.7,15.8,169.0,8.4,9.2,64.0
2023-08-29T18:00,21.0,13.4,168.0,10.0,11.5,52.0
2023-08-29T19:00,19.0,12.2,167.0,9.8,11.8,51.0
2023-08-29T20:00,18.7,12.0,169.0,8.8,11.2,56.0
2023-08-29T21:00,19.6,12.7,172.0,7.9,10.5,59.0
2023-08-29T22:00,21.5,13.9,176.0,7.4,10.1,58.0
2023-08-29T23:00,22.8,14.7,182.0,7.1,9.6,55.0
2023-08-30T00:00,25.8,16.4,204.0,6.8,8.0,51.0
2023-08-30T01:00,26.3,16.6,214.0,7.0,8.2,51.0
2023-08-30T02:00,27.2,17.1,227.0,7.1,8.4,51.0
2023-08-30T03:00,28.3,17.7,236.0,6.8,8.4,58.0
2023-08-30T04:00,30.9,19.4,238.0,5.5,7.9,78.0
2023-08-30T05:00,34.3,21.6,236.0,3.7,7.2,104.0
2023-08-30T06:00,37.3,23.5,233.0,2.3,6.5,126.0
2023-08-30T07:00,39.2,24.7,231.0,1.7,6.0,138.0
2023-08-30T08:00,39.7,24.6,228.0,1.6,5.5,145.0
2023-08-30T09:00,39.0,23.7,227.0,1.8,5.2,148.0
2023-08-30T10:00,39.7,23.6,228.0,2.6,5.1,148.0
2023-08-30T11:00,41.3,23.8,230.0,3.8,5.1,144.0
2023-08-30T12:00,47.7,26.6,224.0,4.6,5.8,134.0
2023-08-30T13:00,51.5,28.6,238.0,6.1,6.1,127.0
2023-08-30T14:00,53.0,29.7,258.0,8.1,6.6,116.0
2023-08-30T15:00,47.6,27.5,270.0,9.4,7.0,106.0
2023-08-30T16:00,44.1,26.3,269.0,9.3,6.9,97.0
2023-08-30T17:00,41.8,25.7,260.0,8.5,6.7,90.0
2023-08-30T18:00,36.6,23.1,248.0,7.8,7.4,83.0
2023-08-30T19:00,31.0,19.6,231.0,7.4,10.1,79.0
2023-08-30T20:00,28.4,18.0,211.0,7.0,13.8,76.0
2023-08-30T21:00,28.2,18.0,198.0,6.8,16.5,73.0
2023-08-30T22:00,28.1,18.2,198.0,7.0,17.5,68.0
2023-08-30T23:00,28.1,18.2,205.0,7.3,17.5,63.0
2023-08-31T00:00,22.2,14.2,182.0,4.0,7.2,72.0
2023-08-31T01:00,23.1,14.7,194.0,4.5,6.7,72.0
2023-08-31T02:00,24.4,15.4,210.0,5.0,6.1,73.0
2023-08-31T03:00,26.4,16.6,223.0,5.2,6.0,80.0
2023-08-31T04:00,29.9,18.9,230.0,4.5,6.7,96.0
2023-08-31T05:00,34.5,21.9,233.0,3.4,7.8,117.0
2023-08-31T06:00,38.9,24.8,235.0,2.5,9.1,136.0
2023-08-31T07:00,42.8,27.0,234.0,2.0,10.7,150.0
2023-08-31T08:00,45.2,27.8,232.0,1.8,12.4,162.0
2023-08-31T09:00,46.6,28.2,229.0,2.0,13.1,167.0
2023-08-31T10:00,48.8,28.7,228.0,2.9,12.1,163.0
2023-08-31T11:00,50.1,28.8,227.0,4.2,10.0,154.0
2023-08-31T12:00,55.1,32.1,235.0,4.8,11.0,156.0
2023-08-31T13:00,52.0,30.4,242.0,5.6,9.1,143.0
2023-08-31T14:00,46.3,27.3,252.0,6.7,6.6,125.0
2023-08-31T15:00,41.7,25.1,260.0,7.8,5.6,109.0
2023-08-31T16:00,38.6,23.7,265.0,8.8,7.7,97.0
2023-08-31T17:00,35.7,22.6,268.0,9.8,11.4,86.0
2023-08-31T18:00,34.9,23.2,267.0,10.1,13.6,78.0
2023-08-31T19:00,30.2,20.8,258.0,9.2,12.9,74.0
2023-08-31T20:00,25.9,18.0,245.0,7.6,10.8,72.0
2023-08-31T21:00,23.5,16.4,234.0,6.3,8.9,71.0
2023-08-31T22:00,22.6,15.7,226.0,5.5,7.7,69.0
2023-08-31T23:00,21.1,14.7,219.0,5.0,6.8,68.0
2023-09-01T00:00,18.6,13.0,212.0,4.4,4.2,66.0
2023-09-01T01:00,18.9,13.1,216.0,4.6,4.5,68.0
2023-09-01T02:00,19.6,13.5,221.0,4.8,5.0,72.0
2023-09-01T03:00,21.3,14.7,224.0,4.8,6.1,81.0
2023-09-01T04:00,25.0,17.2,225.0,4.4,8.6,97.0
2023-09-01T05:00,30.9,21.1,225.0,3.9,11.7,118.0
2023-09-01T06:00,36.4,24.8,223.0,3.3,14.0,136.0
2023-09-01T07:00,36.7,24.3,219.0,2.7,15.2,150.0
2023-09-01T08:00,38.2,24.3,212.0,2.0,15.6,160.0
2023-09-01T09:00,41.8,25.1,203.0,1.7,14.6,161.0
2023-09-01T10:00,43.2,24.7,188.0,1.8,11.3,147.0
2023-09-01T11:00,41.4,22.8,171.0,2.1,6.6,123.0
2023-09-01T12:00,45.2,24.6,186.0,3.7,7.4,128.0
2023-09-01T13:00,38.1,20.6,188.0,4.5,6.3,114.0
2023-09-01T14:00,33.8,18.9,190.0,5.5,4.8,95.0
2023-09-01T15:00,31.2,17.9,190.0,6.5,4.2,80.0
2023-09-01T16:00,28.2,16.3,185.0,7.3,5.3,72.0
2023-09-01T17:00,26.7,15.5,177.0,8.0,7.2,67.0
2023-09-01T18:00,25.1,14.7,174.0,8.5,9.0,64.0
2023-09-01T19:00,24.3,14.3,178.0,8.9,10.5,61.0
2023-09-01T20:00,24.5,14.7,187.0,9.1,11.8,60.0
2023-09-01T21:00,25.3,15.5,196.0,9.2,12.6,59.0
2023-09-01T22:00,26.0,16.4,206.0,9.0,12.6,57.0
2023-09-01T23:00,26.4,16.9,216.0,8.6,12.1,56.0
2023-09-02T00:00,24.2,15.5,206.0,8.0,12.0,59.0
2023-09-02T01:00,24.3,15.8,212.0,8.0,12.3,62.0
2023-09-02T02:00,24.7,16.1,220.0,8.0,12.7,66.0
2023-09-02T03:00,26.1,17.1,223.0,7.6,13.3,74.0
2023-09-02T04:00,29.3,19.2,217.0,6.3,14.4,89.0
2023-09-02T05:00,34.5,22.6,207.0,4.6,15.7,109.0
2023-09-02T06:00,37.6,24.6,199.0,3.3,16.3,125.0
2023-09-02T07:00,37.7,24.1,196.0,2.6,15.5,137.0
2023-09-02T08:00,38.9,24.3,196.0,2.2,13.9,147.0
2023-09-02T09:00,40.7,25.1,195.0,2.3,12.4,150.0
2023-09-02T10:00,39.7,24.2,190.0,2.9,11.1,143.0
2023-09-02T11:00,38.2,23.3,185.0,4.0,9.9,131.0
2023-09-02T12:00,42.3,25.8,192.0,6.0,10.7,136.0
2023-09-02T13:00,41.0,24.7,201.0,7.2,9.8,121.0
2023-09-02T14:00,35.6,21.5,213.0,8.9,8.7,100.0
2023-09-02T15:00,31.3,19.8,218.0,10.1,8.5,83.0
2023-09-02T16:00,23.6,15.7,209.0,10.4,10.1,76.0
2023-09-02T17:00,20.3,13.4,194.0,10.3,12.6,73.0
2023-09-02T18:00,19.7,13.1,185.0,10.0,14.2,71.0
2023-09-02T19:00,19.7,13.1,187.0,9.6,13.9,67.0
2023-09-02T20:00,20.0,13.3,195.0,9.2,12.6,63.0
2023-09-02T21:00,20.3,13.6,204.0,8.8,11.4,59.0
2023-09-02T22:00,20.9,14.1,213.0,8.6,10.3,54.0
2023-09-02T23:00,21.4,14.4,224.0,8.6,9.3,48.0
2023-09-03T00:00,21.8,14.7,242.0,7.9,8.1,46.0
2023-09-03T01:00,22.5,15.0,253.0,8.0,8.0,47.0
2023-09-03T02:00,23.2,15.4,267.0,8.2,8.0,48.0
2023-09-03T03:00,24.8,16.4,273.0,7.9,8.8,56.0
2023-09-03T04:00,27.5,18.1,262.0,6.9,11.2,75.0
2023-09-03T05:00,32.1,21.0,242.0,5.4,14.5,99.0
2023-09-03T06:00,36.4,23.3,224.0,4.2,16.5,120.0
2023-09-03T07:00,36.8,22.4,211.0,3.2,16.3,134.0
2023-09-03T08:00,36.6,21.6,200.0,2.5,14.9,143.0
2023-09-03T09:00,36.7,21.1,192.0,2.3,13.5,146.0
2023-09-03T10:00,39.1,21.9,185.0,3.1,12.2,140.0
2023-09-03T11:00,40.6,22.6,181.0,4.6,10.8,127.0
2023-09-03T12:00,46.8,26.0,171.0,5.9,10.9,118.0
2023-09-03T13:00,45.9,25.8,176.0,6.9,10.5,107.0
2023-09-03T14:00,39.6,22.6,182.0,8.3,10.0,91.0
2023-09-03T15:00,35.7,21.1,184.0,9.3,10.1,79.0
2023-09-03T16:00,31.1,19.4,179.0,9.8,11.6,73.0
2023-09-03T17:00,25.4,16.4,170.0,9.9,13.7,70.0
2023-09-03T18:00,20.1,13.1,165.0,9.7,14.7,68.0
2023-09-03T19:00,19.8,13.0,170.0,9.1,13.5,65.0
2023-09-03T20:00,20.1,13.2,179.0,8.2,11.1,63.0
2023-09-03T21:00,20.1,13.0,185.0,7.4,9.1,60.0
2023-09-03T22:00,19.3,12.5,183.0,6.8,7.9,56.0
2023-09-03T23:00,18.7,12.1,179.0,6.3,6.9,52.0
2023-09-04T00:00,19.0,12.6,191.0,7.3,8.3,50.0
2023-09-04T01:00,17.6,11.7,205.0,7.6,7.8,47.0
2023-09-04T02:00,17.3,11.3,223.0,8.0,7.0,43.0
2023-09-04T03:00,19.0,12.0,231.0,7.7,6.3,45.0
2023-09-04T04:00,23.3,13.0,218.0,6.0,5.7,60.0
2023-09-04T05:00,28.2,15.3,195.0,3.6,5.2,81.0
2023-09-04T06:00,30.5,16.1,176.0,1.9,4.5,97.0
2023-09-04T07:00,30.5,16.4,166.0,1.3,3.5,101.0
2023-09-04T08:00,29.7,16.8,160.0,1.3,2.4,100.0
2023-09-04T09:00,27.1,16.4,162.0,2.0,1.7,97.0
2023-09-04T10:00,25.1,15.8,173.0,3.6,1.6,93.0
2023-09-04T11:00,24.9,16.0,191.0,5.9,1.9,87.0
2023-09-04T12:00,35.6,22.5,229.0,9.7,2.8,87.0
2023-09-04T13:00,34.8,22.2,234.0,10.5,4.1,78.0
2023-09-04T14:00,32.9,21.2,241.0,11.6,6.0,66.0
2023-09-04T15:00,31.5,20.5,246.0,12.2,7.3,56.0
2023-09-04T16:00,32.5,20.9,247.0,11.8,7.5,51.0
2023-09-04T17:00,34.1,21.8,246.0,10.8,7.1,48.0
2023-09-04T18:00,31.4,20.7,246.0,10.1,6.9,46.0
2023-09-04T19:00,29.9,19.9,248.0,9.9,7.0,45.0
2023-09-04T20:00,30.2,19.9,252.0,10.0,7.3,45.0
2023-09-04T21:00,31.0,20.3,255.0,10.0,7.4,44.0
2023-09-04T22:00,31.0,20.3,258.0,9.9,7.3,41.0
2023-09-04T23:00,29.9,19.6,262.0,9.8,7.0,37.0
2023-09-05T00:00,27.3,17.9,246.0,7.7,5.1,41.0
2023-09-05T01:00,26.3,16.9,248.0,8.1,5.5,40.0
2023-09-05T02:00,25.0,16.0,251.0,8.5,6.1,38.0
2023-09-05T03:00,24.5,15.6,252.0,8.5,6.9,42.0
2023-09-05T04:00,25.3,16.0,251.0,7.7,8.0,55.0
2023-09-05T05:00,27.7,17.5,248.0,6.4,9.2,74.0
2023-09-05T06:00,30.7,19.3,243.0,5.3,10.3,89.0
2023-09-05T07:00,32.7,20.4,232.0,4.5,11.0,99.0
2023-09-05T08:00,32.7,20.2,219.0,4.0,11.6,106.0
2023-09-05T09:00,31.9,19.6,212.0,4.1,12.0,110.0
2023-09-05T10:00,31.1,19.4,217.0,5.5,12.3,110.0
2023-09-05T11:00,31.1,19.9,228.0,7.5,12.4,107.0
2023-09-05T12:00,36.8,24.4,265.0,10.2,11.6,106.0
2023-09-05T13:00,37.3,24.7,260.0,10.7,12.0,97.0
2023-09-05T14:00,36.8,24.0,252.0,11.4,12.6,85.0
2023-09-05T15:00,31.8,20.7,246.0,11.7,12.6,75.0
2023-09-05T16:00,28.3,18.9,242.0,11.0,11.5,68.0
2023-09-05T17:00,25.8,17.5,240.0,9.9,9.9,63.0
2023-09-05T18:00,24.3,16.5,239.0,9.2,9.0,59.0
2023-09-05T19:00,23.3,15.8,240.0,9.3,9.4,55.0
2023-09-05T20:00,23.4,15.8,242.0,9.8,10.4,51.0
2023-09-05T21:00,24.2,16.3,241.0,10.1,11.3,47.0
2023-09-05T22:00,23.4,15.7,234.0,10.1,11.7,43.0
2023-09-05T23:00,21.0,14.1,225.0,10.0,12.0,39.0
2023-09-06T00:00,20.8,14.3,257.0,10.3,10.4,36.0
2023-09-06T01:00,17.9,12.3,250.0,10.2,10.5,34.0
2023-09-06T02:00,15.6,10.5,240.0,10.0,10.8,33.0
2023-09-06T03:00,14.2,9.4,230.0,9.3,11.2,38.0
2023-09-06T04:00,15.2,10.1,221.0,7.7,12.2,55.0
2023-09-06T05:00,19.6,13.2,212.0,5.6,13.3,77.0
2023-09-06T06:00,24.7,16.6,205.0,4.0,13.8,97.0
2023-09-06T07:00,25.6,17.1,199.0,3.0,13.0,111.0
2023-09-06T08:00,26.4,17.5,194.0,2.4,11.4,121.0
2023-09-06T09:00,27.2,17.9,195.0,2.6,10.2,127.0
2023-09-06T10:00,27.9,18.5,205.0,4.2,9.7,128.0
2023-09-06T11:00,28.1,18.7,221.0,6.5,9.5,125.0
2023-09-06T12:00,23.9,15.8,202.0,7.5,9.2,105.0
2023-09-06T13:00,22.9,14.8,203.0,8.3,8.6,95.0
2023-09-06T14:00,22.9,13.9,204.0,9.4,7.9,80.0
2023-09-06T15:00,21.2,12.4,203.0,10.1,7.7,69.0
2023-09-06T16:00,17.6,10.7,199.0,10.2,8.5,63.0
2023-09-06T17:00,14.2,9.1,193.0,9.9,9.7,61.0
2023-09-06T18:00,13.1,8.6,187.0,9.5,10.6,58.0
2023-09-06T19:00,12.3,8.2,181.0,9.1,10.7,55.0
2023-09-06T20:00,11.8,7.9,176.0,8.6,10.5,53.0
2023-09-06T21:00,11.4,7.6,171.0,8.3,10.2,50.0
2023-09-06T22:00,11.3,7.5,167.0,8.1,9.9,47.0
2023-09-06T23:00,11.3,7.4,163.0,8.1,9.7,43.0
2023-09-07T00:00,12.1,8.0,169.0,8.3,9.9,41.0
2023-09-07T01:00,11.1,7.4,177.0,8.4,10.3,40.0
2023-09-07T02:00,11.2,7.5,187.0,8.6,10.9,38.0
2023-09-07T03:00,12.3,8.3,193.0,8.2,11.6,43.0
2023-09-07T04:00,14.3,9.7,191.0,6.9,12.7,58.0
2023-09-07T05:00,18.4,12.5,185.0,5.2,14.0,80.0
2023-09-07T06:00,22.8,15.7,179.0,3.8,14.5,98.0
2023-09-07T07:00,23.3,15.9,175.0,2.9,13.5,111.0
2023-09-07T08:00,24.3,16.4,172.0,2.3,11.7,121.0
2023-09-07T09:00,25.0,16.6,172.0,2.4,10.2,125.0
2023-09-07T10:00,24.7,16.2,176.0,3.4,9.2,120.0
2023-09-07T11:00,23.2,15.4,182.0,5.0,8.4,109.0
2023-09-07T12:00,21.5,13.0,166.0,5.7,7.7,95.0
2023-09-07T13:00,19.6,13.1,176.0,7.6,9.4,86.0
2023-09-07T14:00,19.4,13.4,190.0,10.1,11.8,74.0
2023-09-07T15:00,19.0,13.1,201.0,11.9,13.3,63.0
2023-09-07T16:00,19.0,12.9,205.0,12.3,13.0,57.0
2023-09-07T17:00,18.8,12.6,205.0,11.9,11.9,53.0
2023-09-07T18:00,17.9,11.9,204.0,11.4,10.9,49.0
2023-09-07T19:00,16.1,10.8,201.0,11.0,10.6,45.0
2023-09-07T20:00,13.9,9.5,197.0,10.6,10.5,40.0
2023-09-07T21:00,11.9,8.1,191.0,10.1,10.3,37.0
2023-09-07T22:00,10.2,6.9,182.0,9.5,9.7,35.0
2023-09-07T23:00,8.9,6.0,172.0,8.8,9.0,33.0
2023-09-08T00:00,8.8,5.8,175.0,9.3,9.9,30.0
2023-09-08T01:00,7.9,5.2,181.0,8.7,10.0,32.0
2023-09-08T02:00,8.3,5.5,190.0,7.9,10.2,35.0
2023-09-08T03:00,9.7,6.5,195.0,7.0,10.7,43.0
2023-09-08T04:00,13.0,8.8,193.0,5.8,11.8,61.0
2023-09-08T05:00,18.4,12.5,188.0,4.5,13.1,83.0
2023-09-08T06:00,23.1,15.5,183.0,3.5,13.7,102.0
2023-09-08T07:00,24.7,16.0,178.0,2.7,13.0,113.0
2023-09-08T08:00,25.7,15.8,173.0,2.2,11.6,120.0
2023-09-08T09:00,27.0,16.1,170.0,2.2,10.4,123.0
2023-09-08T10:00,28.2,16.7,171.0,3.1,9.5,120.0
2023-09-08T11:00,28.0,16.4,176.0,4.5,8.7,112.0
2023-09-08T12:00,23.2,13.7,174.0,6.7,8.7,103.0
2023-09-08T13:00,23.7,13.7,181.0,7.9,8.6,94.0
2023-09-08T14:00,24.6,14.0,190.0,9.5,8.4,82.0
2023-09-08T15:00,23.9,13.7,196.0,10.6,8.3,71.0
2023-09-08T16:00,20.9,12.3,196.0,10.7,8.3,65.0
2023-09-08T17:00,18.6,11.2,193.0,10.3,8.4,60.0
2023-09-08T18:00,20.9,12.2,190.0,9.9,8.5,56.0
2023-09-08T19:00,17.3,10.6,186.0,9.7,8.9,51.0
2023-09-08T20:00,15.9,9.9,182.0,9.5,9.3,47.0
2023-09-08T21:00,14.6,9.1,181.0,9.4,9.5,43.0
2023-09-08T22:00,13.8,8.7,183.0,9.3,9.1,38.0
2023-09-08T23:00,13.1,8.4,188.0,9.3,8.5,34.0
2023-09-09T00:00,10.0,6.9,207.0,9.3,7.8,31.0
2023-09-09T01:00,10.3,7.1,217.0,8.8,8.0,34.0
2023-09-09T02:00,11.2,7.7,231.0,8.1,8.3,39.0
2023-09-09T03:00,13.1,9.1,238.0,7.2,8.7,49.0
2023-09-09T04:00,16.6,11.4,234.0,5.8,9.4,70.0
2023-09-09T05:00,21.1,14.4,223.0,4.1,10.1,96.0
2023-09-09T06:00,26.1,17.8,212.0,2.8,10.6,117.0
2023-09-09T07:00,26.7,17.8,201.0,2.1,10.6,128.0
2023-09-09T08:00,27.9,17.6,190.0,1.8,10.3,134.0
2023-09-09T09:00,31.2,18.3,182.0,2.0,9.8,134.0
2023-09-09T10:00,34.5,19.6,178.0,2.8,9.1,127.0
2023-09-09T11:00,33.8,19.0,176.0,4.0,8.4,115.0
2023-09-09T12:00,30.2,17.1,183.0,7.1,7.3,105.0
2023-09-09T13:00,30.7,17.8,187.0,8.0,7.9,96.0
2023-09-09T14:00,29.5,17.1,192.0,9.3,8.7,83.0
2023-09-09T15:00,25.3,14.6,193.0,10.1,9.2,72.0
2023-09-09T16:00,22.0,13.2,187.0,9.9,9.3,66.0
2023-09-09T17:00,19.0,11.5,176.0,9.2,9.1,62.0
2023-09-09T18:00,17.5,10.5,169.0,8.6,8.9,59.0
2023-09-09T19:00,16.1,9.6,167.0,8.1,8.7,57.0
2023-09-09T20:00,15.2,9.3,168.0,7.7,8.5,57.0
2023-09-09T21:00,15.1,9.4,172.0,7.5,8.4,55.0
2023-09-09T22:00,15.5,9.8,181.0,7.8,8.5,50.0
2023-09-09T23:00,16.0,10.2,193.0,8.5,8.6,45.0
2023-09-10T00:00,16.4,10.7,214.0,9.0,8.5,40.0
2023-09-10T01:00,16.8,10.9,229.0,8.9,8.4,40.0
2023-09-10T02:00,17.5,11.4,249.0,8.6,8.2,41.0
2023-09-10T03:00,18.9,12.3,260.0,7.9,8.2,49.0
2023-09-10T04:00,21.9,14.0,254.0,6.3,8.5,69.0
2023-09-10T05:00,26.3,16.2,238.0,4.3,8.9,96.0
2023-09-10T06:00,31.0,18.6,224.0,2.8,9.2,117.0
2023-09-10T07:00,32.4,18.6,215.0,2.1,9.4,129.0
2023-09-10T08:00,31.9,17.3,207.0,1.9,9.6,135.0
2023-09-10T09:00,32.2,16.7,201.0,2.2,9.5,136.0
2023-09-10T10:00,36.2,19.1,197.0,3.0,8.8,130.0
2023-09-10T11:00,41.0,21.0,195.0,4.2,7.9,120.0
2023-09-10T12:00,38.4,20.1,222.0,8.6,9.1,112.0
2023-09-10T13:00,39.6,21.4,227.0,9.6,8.5,101.0
2023-09-10T14:00,38.1,21.2,233.0,11.1,7.8,85.0
2023-09-10T15:00,33.9,18.9,232.0,12.0,8.0,73.0
2023-09-10T16:00,29.6,16.9,217.0,12.1,10.0,67.0
2023-09-10T17:00,24.9,14.8,195.0,11.6,12.9,64.0
2023-09-10T18:00,21.6,12.9,179.0,11.1,14.9,61.0
2023-09-10T19:00,21.2,12.6,176.0,10.6,15.0,59.0
2023-09-10T20:00,21.3,12.7,179.0,9.9,14.2,57.0
2023-09-10T21:00,20.6,12.3,183.0,9.3,13.1,55.0
2023-09-10T22:00,19.4,11.6,187.0,8.7,11.6,50.0
2023-09-10T23:00,18.2,11.0,191.0,8.1,9.8,45.0
2023-09-11T00:00,16.8,10.7,214.0,7.4,6.8,39.0
2023-09-11T01:00,15.7,10.1,218.0,7.1,6.4,39.0
2023-09-11T02:00,14.8,9.7,223.0,6.6,5.9,39.0
2023-09-11T03:00,14.0,9.3,226.0,5.9,5.9,46.0
2023-09-11T04:00,16.5,11.0,223.0,4.9,6.8,64.0
2023-09-11T05:00,20.3,13.6,218.0,3.7,8.1,87.0
2023-09-11T06:00,25.0,16.6,213.0,2.8,9.2,107.0
2023-09-11T07:00,26.8,17.2,209.0,2.4,9.8,119.0
2023-09-11T08:00,27.1,16.4,204.0,2.3,10.1,127.0
2023-09-11T09:00,29.6,17.5,201.0,2.7,10.3,131.0
2023-09-11T10:00,32.2,18.9,200.0,3.7,10.3,130.0
2023-09-11T11:00,33.1,19.0,200.0,5.1,10.1,124.0
2023-09-11T12:00,28.5,17.3,237.0,11.0,11.0,109.0
2023-09-11T13:00,26.5,16.0,222.0,9.3,8.7,100.0
2023-09-11T14:00,24.6,15.2,201.0,7.0,5.6,88.0
2023-09-11T15:00,22.1,13.4,187.0,5.7,4.1,77.0
2023-09-11T16:00,21.0,12.6,185.0,6.2,5.4,71.0
2023-09-11T17:00,21.0,12.6,190.0,7.7,8.3,67.0
2023-09-11T18:00,21.0,12.7,194.0,9.1,11.0,63.0
2023-09-11T19:00,21.5,13.0,194.0,10.0,13.3,59.0
2023-09-11T20:00,22.6,13.8,194.0,10.7,15.6,55.0
2023-09-11T21:00,24.0,14.6,198.0,11.2,16.7,51.0
2023-09-11T22:00,25.0,15.3,210.0,11.4,16.1,46.0
2023-09-11T23:00,25.3,15.6,226.0,11.5,14.5,40.0
2023-09-12T00:00,22.6,14.6,267.0,11.1,9.1,33.0
2023-09-12T01:00,21.5,13.8,271.0,10.0,8.0,38.0
2023-09-12T02:00,20.0,12.9,275.0,8.4,6.5,45.0
2023-09-12T03:00,19.4,12.5,273.0,6.8,5.4,56.0
2023-09-12T04:00,20.0,12.9,256.0,5.2,5.1,71.0
2023-09-12T05:00,20.1,12.9,233.0,3.6,5.2,90.0
2023-09-12T06:00,22.0,14.2,216.0,2.5,5.8,106.0
2023-09-12T07:00,26.1,16.8,212.0,2.2,7.1,119.0
2023-09-12T08:00,29.3,18.2,216.0,2.4,8.8,130.0
2023-09-12T09:00,32.1,19.3,218.0,3.1,9.9,135.0
2023-09-12T10:00,36.3,21.5,218.0,4.5,9.8,130.0
2023-09-12T11:00,38.9,23.0,217.0,6.4,9.2,118.0
2023-09-12T12:00,32.0,19.1,229.0,8.1,9.0,119.0
2023-09-12T13:00,31.3,18.6,218.0,8.0,9.4,108.0
2023-09-12T14:00,27.2,16.2,203.0,7.8,10.0,92.0
2023-09-12T15:00,23.2,13.8,189.0,7.7,10.4,78.0
2023-09-12T16:00,17.7,11.1,177.0,7.7,10.2,70.0
2023-09-12T17:00,15.4,9.3,165.0,7.8,9.9,63.0
2023-09-12T18:00,15.3,8.7,157.0,7.9,9.8,59.0
2023-09-12T19:00,17.3,9.6,152.0,7.9,10.2,56.0
2023-09-12T20:00,18.4,10.2,151.0,8.0,10.9,55.0
2023-09-12T21:00,19.3,11.0,152.0,8.2,11.9,54.0
2023-09-12T22:00,20.0,11.6,156.0,8.8,13.6,52.0
2023-09-12T23:00,21.0,12.3,163.0,9.5,15.5,49.0
2023-09-13T00:00,18.0,10.9,166.0,7.7,10.5,49.0
2023-09-13T01:00,18.4,11.3,179.0,8.1,10.5,49.0
2023-09-13T02:00,19.1,11.8,198.0,8.6,10.6,49.0
2023-09-13T03:00,20.7,12.8,212.0,8.8,11.1,51.0
2023-09-13T04:00,23.6,14.6,217.0,8.7,12.6,57.0
2023-09-13T05:00,26.7,16.6,218.0,8.3,14.6,65.0
2023-09-13T06:00,29.7,18.5,218.0,7.7,16.0,76.0
2023-09-13T07:00,33.8,21.1,219.0,6.7,16.2,91.0
2023-09-13T08:00,36.7,22.5,219.0,5.5,15.8,108.0
2023-09-13T09:00,38.2,22.9,220.0,5.1,15.2,119.0
2023-09-13T10:00,38.8,22.6,222.0,6.4,14.5,119.0
2023-09-13T11:00,37.7,21.6,226.0,8.5,13.6,112.0
2023-09-13T12:00,35.4,19.8,225.0,9.5,13.7,110.0
2023-09-13T13:00,32.8,18.3,219.0,9.7,12.5,96.0
2023-09-13T14:00,31.9,18.3,212.0,9.9,11.0,78.0
2023-09-13T15:00,29.1,16.7,206.0,10.2,10.1,63.0
2023-09-13T16:00,25.6,15.0,204.0,10.5,10.6,57.0
2023-09-13T17:00,23.5,14.0,204.0,10.9,11.7,55.0
2023-09-13T18:00,22.4,13.6,203.0,10.9,12.4,54.0
2023-09-13T19:00,21.1,13.0,199.0,10.4,12.3,53.0
2023-09-13T20:00,20.1,12.4,193.0,9.6,11.8,53.0
2023-09-13T21:00,19.8,12.1,190.0,8.9,11.3,52.0
2023-09-13T22:00,19.6,12.0,189.0,8.5,10.7,50.0
2023-09-13T23:00,19.4,11.9,189.0,8.3,10.1,48.0
2023-09-14T00:00,22.9,13.8,209.0,8.3,10.3,48.0
2023-09-14T01:00,22.9,13.9,224.0,8.7,10.2,46.0
2023-09-14T02:00,23.3,14.4,245.0,9.3,10.2,43.0
2023-09-14T03:00,24.7,15.3,257.0,9.2,10.7,48.0
2023-09-14T04:00,27.4,16.9,252.0,7.9,12.2,65.0
2023-09-14T05:00,31.8,19.8,237.0,5.9,14.1,90.0
2023-09-14T06:00,38.0,23.9,223.0,4.3,15.3,110.0
2023-09-14T07:00,39.3,24.1,212.0,3.3,15.2,124.0
2023-09-14T08:00,38.8,22.8,202.0,2.8,14.3,133.0
2023-09-14T09:00,39.9,23.0,195.0,3.0,13.1,135.0
2023-09-14T10:00,38.9,22.3,192.0,4.5,11.4,125.0
2023-09-14T11:00,36.6,20.8,192.0,6.9,9.5,108.0
2023-09-14T12:00,29.4,17.1,196.0,8.1,6.7,100.0
2023-09-14T13:00,26.7,15.5,193.0,8.2,7.1,92.0
2023-09-14T14:00,24.7,14.5,190.0,8.4,7.7,81.0
2023-09-14T15:00,22.4,13.6,187.0,8.6,8.5,71.0
2023-09-14T16:00,19.7,12.2,187.0,8.9,9.7,65.0
2023-09-14T17:00,19.0,12.0,187.0,9.3,11.0,61.0
2023-09-14T18:00,18.9,11.8,188.0,9.6,12.0,57.0
2023-09-14T19:00,18.7,11.6,188.0,9.7,12.4,53.0
2023-09-14T20:00,18.7,11.5,187.0,9.8,12.5,49.0
2023-09-14T21:00,18.7,11.4,188.0,9.8,12.3,46.0
2023-09-14T22:00,18.9,11.5,190.0,9.7,11.7,43.0
2023-09-14T23:00,19.0,11.6,193.0,9.6,10.8,41.0
2023-09-15T00:00,18.6,11.5,202.0,9.0,8.4,38.0
2023-09-15T01:00,18.5,11.6,211.0,8.7,8.7,39.0
2023-09-15T02:00,18.3,11.7,223.0,8.3,9.3,40.0
2023-09-15T03:00,18.7,12.2,228.0,7.6,10.1,47.0
2023-09-15T04:00,20.3,13.3,221.0,6.3,11.6,64.0
2023-09-15T05:00,24.0,15.9,208.0,4.7,13.5,86.0
2023-09-15T06:00,27.5,18.3,197.0,3.5,14.3,104.0
2023-09-15T07:00,27.4,17.7,193.0,2.7,13.4,117.0
2023-09-15T08:00,28.7,18.1,191.0,2.3,11.4,126.0
2023-09-15T09:00,29.6,18.2,191.0,2.6,9.7,129.0
2023-09-15T10:00,31.2,18.7,193.0,4.0,8.4,122.0
2023-09-15T11:00,31.9,19.0,196.0,6.0,7.3,110.0
2023-09-15T12:00,27.9,16.6,192.0,6.9,6.7,101.0
2023-09-15T13:00,28.0,16.5,190.0,7.6,6.7,88.0
2023-09-15T14:00,26.1,15.3,188.0,8.5,6.7,71.0
2023-09-15T15:00,22.7,13.6,185.0,9.2,7.0,57.0
2023-09-15T16:00,20.0,12.2,180.0,9.6,7.9,50.0
2023-09-15T17:00,17.7,10.7,175.0,9.8,9.2,46.0
2023-09-15T18:00,16.4,9.9,171.0,9.9,10.1,43.0
2023-09-15T19:00,15.0,9.2,170.0,9.7,10.3,41.0
2023-09-15T20:00,13.6,8.5,169.0,9.3,10.1,40.0
2023-09-15T21:00,12.6,8.0,170.0,9.0,9.9,39.0
2023-09-15T22:00,12.1,7.7,170.0,8.9,9.6,37.0
2023-09-15T23:00,11.9,7.6,171.0,8.8,9.4,34.0
2023-09-16T00:00,11.1,7.2,162.0,7.4,7.8,35.0
2023-09-16T01:00,11.8,7.7,172.0,7.4,8.1,35.0
2023-09-16T02:00,12.9,8.4,185.0,7.3,8.6,37.0
2023-09-16T03:00,14.5,9.5,194.0,7.0,9.6,42.0
2023-09-16T04:00,16.7,11.0,195.0,6.3,11.9,54.0
2023-09-16T05:00,20.4,13.6,191.0,5.4,14.8,70.0
2023-09-16T06:00,24.3,16.2,188.0,4.6,16.4,85.0
2023-09-16T07:00,26.4,17.3,185.0,3.7,15.7,99.0
2023-09-16T08:00,26.8,17.1,182.0,2.9,13.7,111.0
2023-09-16T09:00,28.2,17.6,181.0,2.7,11.7,117.0
2023-09-16T10:00,29.7,18.2,183.0,3.5,9.8,113.0
2023-09-16T11:00,30.9,18.6,186.0,5.0,7.9,103.0
2023-09-16T12:00,29.5,17.8,200.0,7.3,7.5,95.0
2023-09-16T13:00,27.6,16.5,203.0,8.1,8.5,88.0
2023-09-16T14:00,24.7,15.5,207.0,9.2,9.9,78.0
2023-09-16T15:00,21.9,14.7,210.0,10.2,11.1,68.0
2023-09-16T16:00,20.1,13.7,209.0,10.9,11.9,59.0
2023-09-16T17:00,18.5,12.5,207.0,11.6,12.5,51.0
2023-09-16T18:00,17.2,11.4,205.0,11.8,12.8,45.0
2023-09-16T19:00,16.2,10.8,206.0,11.5,12.6,43.0
2023-09-16T20:00,15.6,10.5,208.0,10.8,12.0,42.0
2023-09-16T21:00,15.4,10.4,209.0,10.2,11.5,42.0
2023-09-16T22:00,15.6,10.6,208.0,9.9,11.2,40.0
2023-09-16T23:00,15.8,10.6,206.0,9.7,10.9,39.0
2023-09-17T00:00,14.6,10.0,200.0,9.4,12.0,41.0
2023-09-17T01:00,15.5,10.5,213.0,9.8,12.1,42.0
2023-09-17T02:00,16.7,11.2,231.0,10.3,12.3,42.0
2023-09-17T03:00,18.6,12.5,239.0,10.4,13.3,45.0
2023-09-17T04:00,21.3,14.0,229.0,9.8,15.7,51.0
2023-09-17T05:00,23.4,15.0,210.0,8.8,18.7,58.0
2023-09-17T06:00,23.5,14.6,194.0,8.1,21.0,63.0
2023-09-17T07:00,21.8,13.1,183.0,7.8,21.8,65.0
2023-09-17T08:00,21.3,12.8,174.0,7.8,21.9,65.0
2023-09-17T09:00,21.8,13.2,171.0,8.4,21.6,65.0
2023-09-17T10:00,23.0,14.0,178.0,10.3,21.3,64.0
2023-09-17T11:00,24.4,14.9,192.0,12.9,20.7,63.0
2023-09-17T12:00,46.2,27.0,233.0,11.2,16.7,102.0
2023-09-17T13:00,44.8,26.3,227.0,10.3,14.3,94.0
2023-09-17T14:00,40.5,23.7,218.0,9.1,11.0,83.0
2023-09-17T15:00,35.2,21.0,210.0,8.4,9.0,73.0
2023-09-17T16:00,28.6,17.6,202.0,8.7,9.4,65.0
2023-09-17T17:00,24.5,15.4,193.0,9.6,10.9,57.0
2023-09-17T18:00,22.6,14.5,190.0,10.2,12.3,52.0
2023-09-17T19:00,22.1,14.3,195.0,10.2,13.0,50.0
2023-09-17T20:00,22.3,14.6,205.0,10.0,13.5,50.0
2023-09-17T21:00,23.1,15.1,212.0,9.6,13.6,50.0
2023-09-17T22:00,23.8,15.3,213.0,8.9,13.0,50.0
2023-09-17T23:00,24.2,15.4,211.0,8.2,11.9,50.0
2023-09-18T00:00,24.4,15.8,246.0,8.5,8.8,43.0
2023-09-18T01:00,24.9,16.1,256.0,9.0,9.8,43.0
2023-09-18T02:00,25.5,16.5,270.0,9.6,11.2,43.0
2023-09-18T03:00,26.4,17.2,277.0,9.6,12.6,50.0
2023-09-18T04:00,29.0,19.2,272.0,8.3,14.3,68.0
2023-09-18T05:00,33.2,21.9,260.0,6.4,16.0,92.0
2023-09-18T06:00,35.7,23.3,249.0,4.8,16.9,113.0
2023-09-18T07:00,36.0,22.6,241.0,3.8,16.4,128.0
2023-09-18T08:00,36.9,22.4,233.0,3.1,15.0,140.0
2023-09-18T09:00,37.6,22.4,228.0,3.2,13.6,144.0
2023-09-18T10:00,38.0,22.5,225.0,4.6,12.5,138.0
2023-09-18T11:00,37.4,21.7,224.0,6.9,11.4,126.0
2023-09-18T12:00,38.8,22.2,212.0,8.1,10.3,113.0
2023-09-18T13:00,36.6,21.0,216.0,8.7,10.2,101.0
2023-09-18T14:00,33.4,19.9,221.0,9.4,10.0,83.0
2023-09-18T15:00,27.5,17.2,224.0,10.0,10.2,70.0
2023-09-18T16:00,21.2,13.7,222.0,10.1,11.1,65.0
2023-09-18T17:00,19.9,13.1,218.0,10.1,12.3,63.0
2023-09-18T18:00,19.2,12.8,217.0,10.0,13.1,61.0
2023-09-18T19:00,19.0,12.8,220.0,10.0,13.2,57.0
2023-09-18T20:00,19.4,13.1,226.0,10.0,13.0,53.0
2023-09-18T21:00,19.6,13.3,231.0,10.0,12.8,49.0
2023-09-18T22:00,19.4,13.1,232.0,10.2,12.7,44.0
2023-09-18T23:00,18.8,12.7,233.0,10.5,12.5,39.0
2023-09-19T00:00,15.5,10.6,235.0,10.1,10.2,35.0
2023-09-19T01:00,15.5,10.6,247.0,9.9,10.1,36.0
2023-09-19T02:00,16.4,11.1,263.0,9.6,10.0,39.0
2023-09-19T03:00,18.3,12.5,272.0,8.9,10.3,48.0
2023-09-19T04:00,22.0,14.9,268.0,7.4,11.4,69.0
2023-09-19T05:00,26.7,18.0,256.0,5.6,12.8,96.0
2023-09-19T06:00,31.5,21.0,245.0,4.1,13.7,118.0
2023-09-19T07:00,32.0,20.5,235.0,3.2,13.7,132.0
2023-09-19T08:00,32.1,19.7,225.0,2.7,13.2,142.0
2023-09-19T09:00,32.2,19.0,219.0,2.9,12.6,146.0
2023-09-19T10:00,33.2,19.3,216.0,4.1,11.8,143.0
2023-09-19T11:00,38.8,22.5,216.0,6.0,10.8,135.0
2023-09-19T12:00,36.9,23.2,279.0,12.8,14.2,134.0
2023-09-19T13:00,37.5,23.2,287.0,13.7,13.8,121.0
2023-09-19T14:00,37.7,23.2,296.0,14.8,13.1,103.0
2023-09-19T15:00,35.4,21.6,295.0,15.1,12.2,87.0
2023-09-19T16:00,29.8,17.9,272.0,13.7,10.7,74.0
2023-09-19T17:00,23.1,13.4,238.0,11.5,8.8,62.0
2023-09-19T18:00,18.9,11.5,213.0,9.9,7.8,54.0
2023-09-19T19:00,15.4,9.7,204.0,9.5,8.3,50.0
2023-09-19T20:00,14.7,9.3,204.0,9.7,9.5,49.0
2023-09-19T21:00,15.1,9.6,207.0,9.8,10.3,48.0
2023-09-19T22:00,15.9,10.1,210.0,9.7,10.1,45.0
2023-09-19T23:00,16.6,10.7,215.0,9.6,9.6,42.0
2023-09-20T00:00,16.8,10.5,198.0,7.7,7.2,46.0
2023-09-20T01:00,17.7,11.4,226.0,8.3,7.9,46.0
2023-09-20T02:00,19.6,12.9,263.0,9.0,9.0,48.0
2023-09-20T03:00,23.4,15.4,289.0,9.0,10.3,57.0
2023-09-20T04:00,29.2,19.2,293.0,7.6,12.1,81.0
2023-09-20T05:00,36.2,23.7,284.0,5.6,14.2,113.0
2023-09-20T06:00,41.9,27.2,274.0,3.9,15.4,139.0
2023-09-20T07:00,39.7,25.0,262.0,2.8,15.4,154.0
2023-09-20T08:00,38.1,23.2,248.0,2.2,14.5,162.0
2023-09-20T09:00,36.9,22.1,239.0,2.5,13.3,163.0
2023-09-20T10:00,35.5,20.5,238.0,4.5,11.6,155.0
2023-09-20T11:00,37.3,21.0,241.0,7.4,9.6,140.0
2023-09-20T12:00,40.2,23.6,252.0,7.7,10.2,139.0
2023-09-20T13:00,42.3,24.7,259.0,9.3,9.3,125.0
2023-09-20T14:00,39.7,23.5,268.0,11.5,8.0,106.0
2023-09-20T15:00,33.4,20.3,266.0,12.6,7.1,88.0
2023-09-20T16:00,26.8,16.7,244.0,11.6,6.8,73.0
2023-09-20T17:00,22.8,14.2,211.0,9.6,6.8,61.0
2023-09-20T18:00,18.9,11.6,184.0,8.1,7.1,52.0
2023-09-20T19:00,15.0,9.3,170.0,7.7,7.9,50.0
2023-09-20T20:00,12.6,7.9,163.0,7.7,9.0,52.0
2023-09-20T21:00,12.9,8.0,160.0,7.7,9.7,54.0
2023-09-20T22:00,14.0,8.6,160.0,7.5,9.5,54.0
2023-09-20T23:00,14.9,9.2,164.0,7.2,9.0,53.0
2023-09-21T00:00,14.5,9.2,175.0,7.5,9.4,51.0
2023-09-21T01:00,15.7,9.9,184.0,7.9,10.0,51.0
2023-09-21T02:00,16.7,10.6,196.0,8.3,11.0,52.0
2023-09-21T03:00,18.3,11.7,204.0,8.2,12.0,58.0
2023-09-21T04:00,22.1,14.2,205.0,7.1,13.5,73.0
2023-09-21T05:00,28.2,18.2,202.0,5.3,15.0,93.0
2023-09-21T06:00,32.4,20.6,198.0,3.9,15.6,109.0
2023-09-21T07:00,33.1,20.3,192.0,2.9,14.5,121.0
2023-09-21T08:00,33.8,20.0,186.0,2.2,12.4,129.0
2023-09-21T09:00,35.6,20.3,179.0,1.9,10.1,131.0
2023-09-21T10:00,40.6,23.3,172.0,2.4,7.4,121.0
2023-09-21T11:00,36.1,20.0,165.0,3.4,4.5,105.0
2023-09-21T12:00,37.6,19.6,159.0,4.0,4.8,98.0
2023-09-21T13:00,32.7,17.6,166.0,3.9,3.6,95.0
2023-09-21T14:00,30.6,17.1,176.0,3.7,2.0,90.0
2023-09-21T15:00,32.0,18.6,182.0,4.0,1.7,85.0
2023-09-21T16:00,32.9,19.6,181.0,5.1,3.8,79.0
2023-09-21T17:00,27.9,16.7,178.0,6.7,7.1,72.0
2023-09-21T18:00,22.6,13.8,175.0,7.9,10.1,66.0
2023-09-21T19:00,22.1,13.8,175.0,8.5,12.4,63.0
2023-09-21T20:00,21.9,14.0,177.0,8.8,14.4,61.0
2023-09-21T21:00,22.0,14.1,179.0,8.9,15.6,60.0
2023-09-21T22:00,22.2,14.0,180.0,8.8,15.7,58.0
2023-09-21T23:00,22.8,14.3,182.0,8.5,15.0,57.0
2023-09-22T00:00,23.1,13.5,165.0,7.1,10.7,57.0
2023-09-22T01:00,23.5,14.1,180.0,7.5,11.4,57.0
2023-09-22T02:00,24.0,14.8,201.0,8.0,12.5,58.0
2023-09-22T03:00,25.8,16.3,216.0,7.9,13.6,65.0
2023-09-22T04:00,29.7,19.1,222.0,6.7,15.0,82.0
2023-09-22T05:00,35.3,23.0,222.0,5.0,16.4,106.0
2023-09-22T06:00,37.1,24.0,218.0,3.5,16.7,123.0
2023-09-22T07:00,37.4,23.5,208.0,2.5,15.3,131.0
2023-09-22T08:00,37.5,22.3,195.0,1.8,12.7,134.0
2023-09-22T09:00,38.5,21.7,183.0,1.5,10.0,131.0
2023-09-22T10:00,37.5,20.1,175.0,1.6,6.9,121.0
2023-09-22T11:00,36.4,19.2,169.0,2.1,3.6,106.0
2023-09-22T12:00,32.7,17.3,186.0,4.0,4.2,105.0
2023-09-22T13:00,31.1,16.8,187.0,4.2,3.8,98.0
2023-09-22T14:00,30.7,17.3,189.0,4.5,3.2,87.0
2023-09-22T15:00,29.2,16.8,188.0,5.1,3.4,77.0
2023-09-22T16:00,24.7,14.4,182.0,6.3,4.9,66.0
2023-09-22T17:00,19.6,11.6,174.0,7.9,7.2,56.0
2023-09-22T18:00,17.9,10.9,168.0,8.9,9.1,49.0
2023-09-22T19:00,17.1,10.4,166.0,9.0,10.2,48.0
2023-09-22T20:00,16.8,10.4,165.0,8.6,11.1,51.0
2023-09-22T21:00,17.0,10.6,168.0,8.3,11.7,54.0
2023-09-22T22:00,17.5,11.1,175.0,8.3,12.2,54.0
2023-09-22T23:00,18.3,11.8,184.0,8.3,12.6,54.0
2023-09-23T00:00,14.3,8.8,146.0,7.2,9.8,45.0
2023-09-23T01:00,14.3,8.9,151.0,6.9,9.6,44.0
2023-09-23T02:00,14.0,8.6,157.0,6.5,9.4,43.0
2023-09-23T03:00,15.0,9.3,163.0,5.9,9.8,48.0
2023-09-23T04:00,18.7,11.8,168.0,5.1,11.4,63.0
2023-09-23T05:00,23.9,15.0,172.0,4.2,13.6,84.0
2023-09-23T06:00,26.9,16.6,174.0,3.4,14.7,101.0
2023-09-23T07:00,29.0,17.4,171.0,2.6,13.9,111.0
2023-09-23T08:00,31.5,18.3,165.0,1.9,11.9,118.0
2023-09-23T09:00,32.4,18.0,159.0,1.6,9.8,119.0
2023-09-23T10:00,32.9,17.6,153.0,1.8,7.4,111.0
2023-09-23T11:00,33.9,17.7,148.0,2.5,4.8,97.0
2023-09-23T12:00,29.5,15.9,159.0,4.1,6.9,104.0
2023-09-23T13:00,29.4,16.2,163.0,4.2,6.1,101.0
2023-09-23T14:00,30.3,17.3,168.0,4.4,5.0,96.0
2023-09-23T15:00,30.3,17.6,172.0,4.8,4.6,90.0
2023-09-23T16:00,26.7,15.7,175.0,5.7,5.3,83.0
2023-09-23T17:00,20.3,12.2,177.0,6.7,6.6,75.0
2023-09-23T18:00,19.3,12.0,178.0,7.5,7.9,69.0
2023-09-23T19:00,20.2,12.7,178.0,7.7,9.3,66.0
2023-09-23T20:00,20.8,13.2,178.0,7.5,10.7,66.0
2023-09-23T21:00,20.0,12.3,180.0,7.3,11.5,65.0
2023-09-23T22:00,20.8,12.8,186.0,7.1,11.5,63.0
2023-09-23T23:00,22.6,14.0,195.0,6.7,11.0,61.0
2023-09-24T00:00,21.0,13.2,193.0,6.5,10.0,61.0
2023-09-24T01:00,22.2,13.7,199.0,6.0,8.2,61.0
2023-09-24T02:00,22.6,13.7,208.0,5.3,5.7,62.0
2023-09-24T03:00,22.6,13.7,214.0,4.6,4.2,67.0
2023-09-24T04:00,23.4,14.3,215.0,3.9,4.4,80.0
2023-09-24T05:00,25.4,15.5,213.0,3.1,5.5,99.0
2023-09-24T06:00,29.1,17.8,211.0,2.6,7.0,115.0
2023-09-24T07:00,29.1,17.0,210.0,2.4,9.1,128.0
2023-09-24T08:00,34.2,19.7,210.0,2.5,11.6,140.0
2023-09-24T09:00,39.1,22.2,210.0,2.7,13.1,147.0
2023-09-24T10:00,40.3,22.5,211.0,3.1,12.5,147.0
2023-09-24T11:00,40.6,22.2,212.0,3.7,10.9,143.0
2023-09-24T12:00,36.9,21.1,226.0,10.1,10.1,115.0
2023-09-24T13:00,36.8,21.4,226.0,10.1,8.9,108.0
2023-09-24T14:00,33.2,19.6,225.0,10.0,7.4,99.0
2023-09-24T15:00,27.2,16.2,222.0,9.9,6.8,89.0
2023-09-24T16:00,24.6,14.6,213.0,9.8,8.3,79.0
2023-09-24T17:00,25.4,15.5,201.0,9.8,10.8,68.0
2023-09-24T18:00,23.0,14.0,192.0,9.6,12.5,60.0
2023-09-24T19:00,21.5,13.3,188.0,9.2,12.7,56.0
2023-09-24T20:00,20.5,12.8,187.0,8.7,12.1,54.0
2023-09-24T21:00,20.1,12.6,188.0,8.2,11.4,53.0
2023-09-24T22:00,19.9,12.5,189.0,7.8,10.7,51.0
2023-09-24T23:00,20.3,12.7,192.0,7.4,9.8,50.0
2023-09-25T00:00,19.8,12.7,190.0,9.0,13.8,48.0
2023-09-25T01:00,21.1,13.6,208.0,8.5,12.1,50.0
2023-09-25T02:00,22.5,14.6,233.0,7.7,9.7,54.0
2023-09-25T03:00,24.6,15.9,251.0,6.7,7.7,63.0
2023-09-25T04:00,28.7,18.0,254.0,5.3,6.5,82.0
2023-09-25T05:00,31.8,19.2,250.0,3.6,5.6,106.0
2023-09-25T06:00,34.2,19.8,245.0,2.4,5.2,126.0
2023-09-25T07:00,34.3,19.0,241.0,1.8,5.3,137.0
2023-09-25T08:00,35.4,19.2,237.0,1.7,5.8,144.0
2023-09-25T09:00,36.2,19.4,235.0,2.1,6.7,149.0
2023-09-25T10:00,39.3,20.8,237.0,3.4,8.4,153.0
2023-09-25T11:00,43.9,23.1,242.0,5.2,10.5,156.0
2023-09-25T12:00,34.2,18.3,258.0,9.9,5.7,113.0
2023-09-25T13:00,39.2,21.2,261.0,10.3,6.7,113.0
2023-09-25T14:00,44.8,23.9,265.0,10.9,8.0,114.0
2023-09-25T15:00,45.5,24.4,263.0,11.0,9.0,110.0
2023-09-25T16:00,40.9,21.9,249.0,10.3,9.4,99.0
2023-09-25T17:00,34.8,18.3,228.0,9.1,9.5,85.0
2023-09-25T18:00,30.7,16.8,215.0,8.1,9.7,73.0
2023-09-25T19:00,30.7,17.7,216.0,7.7,10.1,67.0
2023-09-25T20:00,30.4,18.3,224.0,7.6,10.6,64.0
2023-09-25T21:00,28.0,17.6,229.0,7.3,10.7,62.0
2023-09-25T22:00,25.4,16.1,225.0,6.7,10.0,61.0
2023-09-25T23:00,24.2,15.3,219.0,6.0,8.9,62.0
2023-09-26T00:00,16.4,10.2,178.0,5.2,8.7,69.0
2023-09-26T01:00,16.5,10.4,185.0,5.8,8.5,68.0
2023-09-26T02:00,17.2,11.0,195.0,6.5,8.3,66.0
2023-09-26T03:00,18.3,11.7,203.0,6.8,8.5,68.0
2023-09-26T04:00,20.6,13.2,206.0,6.2,9.2,76.0
2023-09-26T05:00,22.5,14.4,207.0,5.2,10.2,88.0
2023-09-26T06:00,26.1,16.3,206.0,4.4,11.8,100.0
2023-09-26T07:00,28.6,16.9,203.0,3.9,14.4,112.0
2023-09-26T08:00,31.5,17.9,199.0,3.7,17.6,123.0
2023-09-26T09:00,34.8,19.2,197.0,4.2,20.0,129.0
2023-09-26T10:00,38.5,20.8,199.0,6.1,21.4,127.0
2023-09-26T11:00,41.6,21.9,203.0,8.8,21.9,120.0
2023-09-26T12:00,41.9,21.5,193.0,13.9,,80.0
2023-09-26T13:00,44.0,22.8,200.0,13.6,22.8,77.0
2023-09-26T14:00,44.1,23.2,210.0,13.1,19.0,72.0
2023-09-26T15:00,42.0,22.5,216.0,12.3,15.5,69.0
2023-09-26T16:00,40.9,21.9,216.0,11.0,12.7,69.0
2023-09-26T17:00,39.0,21.0,212.0,9.5,10.3,70.0
2023-09-26T18:00,36.7,20.0,209.0,8.5,8.9,70.0
2023-09-26T19:00,34.1,18.9,208.0,8.3,9.0,66.0
2023-09-26T20:00,32.0,18.0,208.0,8.5,10.1,61.0
2023-09-26T21:00,31.0,17.8,212.0,8.8,11.1,56.0
2023-09-26T22:00,31.0,18.1,221.0,9.0,11.6,52.0
2023-09-26T23:00,31.8,18.9,234.0,9.2,12.0,48.0
2023-09-27T00:00,26.4,15.2,199.0,8.2,10.3,48.0
2023-09-27T01:00,29.0,17.1,225.0,8.6,10.6,49.0
2023-09-27T02:00,32.6,19.3,260.0,9.1,11.1,51.0
2023-09-27T03:00,37.3,22.2,285.0,8.8,11.1,59.0
2023-09-27T04:00,42.3,25.3,288.0,7.1,10.2,80.0
2023-09-27T05:00,44.8,27.4,281.0,4.7,9.0,107.0
2023-09-27T06:00,44.5,27.3,272.0,2.9,8.5,129.0
2023-09-27T07:00,42.0,25.4,264.0,2.3,9.5,143.0
2023-09-27T08:00,41.3,24.3,255.0,2.3,11.2,153.0
2023-09-27T09:00,42.3,24.0,246.0,2.7,12.3,157.0
2023-09-27T10:00,46.8,25.9,238.0,3.7,12.1,154.0
2023-09-27T11:00,51.8,27.2,231.0,5.2,11.2,145.0
2023-09-27T12:00,49.8,28.2,256.0,9.7,11.4,136.0
2023-09-27T13:00,47.6,26.1,236.0,9.0,11.1,122.0
2023-09-27T14:00,39.3,21.6,208.0,8.1,10.7,103.0
2023-09-27T15:00,32.1,17.6,188.0,7.7,10.7,86.0
2023-09-27T16:00,27.0,15.5,183.0,8.4,11.7,75.0
2023-09-27T17:00,21.9,13.6,185.0,9.5,13.1,67.0
2023-09-27T18:00,18.9,12.2,187.0,10.1,13.8,61.0
2023-09-27T19:00,17.6,11.5,185.0,9.6,13.3,58.0
2023-09-27T20:00,16.9,11.1,184.0,8.5,12.1,58.0
2023-09-27T21:00,16.5,10.8,184.0,7.6,10.9,57.0
2023-09-27T22:00,16.8,10.9,187.0,7.1,9.8,55.0
2023-09-27T23:00,18.0,11.6,191.0,6.7,8.8,53.0
2023-09-28T00:00,17.5,11.4,189.0,4.8,4.0,54.0
2023-09-28T01:00,19.2,12.3,200.0,5.2,4.3,55.0
2023-09-28T02:00,21.2,13.4,216.0,5.7,4.8,57.0
2023-09-28T03:00,24.3,15.2,227.0,6.0,6.5,64.0
2023-09-28T04:00,28.8,17.7,229.0,5.8,10.3,79.0
2023-09-28T05:00,33.1,20.0,227.0,5.3,15.2,98.0
2023-09-28T06:00,34.8,20.5,225.0,4.8,18.8,117.0
2023-09-28T07:00,35.4,20.7,226.0,4.1,20.4,136.0
2023-09-28T08:00,38.5,22.5,228.0,3.2,20.8,155.0
2023-09-28T09:00,43.0,25.0,226.0,2.8,19.7,163.0
2023-09-28T10:00,46.7,26.4,216.0,2.9,16.1,155.0
2023-09-28T11:00,48.4,26.0,203.0,3.4,11.0,137.0
2023-09-28T12:00,39.2,22.0,217.0,8.5,10.2,111.0
2023-09-28T13:00,36.9,20.4,213.0,8.9,9.5,98.0
2023-09-28T14:00,32.7,18.2,209.0,9.5,8.6,80.0
2023-09-28T15:00,28.9,16.1,208.0,10.0,8.3,66.0
2023-09-28T16:00,27.8,15.9,214.0,10.6,9.3,60.0
2023-09-28T17:00,27.3,16.0,224.0,11.1,11.0,57.0
2023-09-28T18:00,27.7,16.6,232.0,11.3,12.1,54.0
2023-09-28T19:00,27.0,16.7,237.0,10.9,11.8,50.0
2023-09-28T20:00,25.7,16.2,240.0,10.1,11.0,47.0
2023-09-28T21:00,24.6,15.6,239.0,9.5,10.4,43.0
2023-09-28T22:00,26.0,16.4,233.0,9.4,10.5,39.0
2023-09-28T23:00,22.9,14.6,223.0,9.5,10.9,35.0
2023-09-29T00:00,25.1,16.0,247.0,9.7,10.1,35.0
2023-09-29T01:00,24.2,15.4,249.0,9.5,10.6,35.0
2023-09-29T02:00,23.0,14.6,250.0,9.2,11.5,37.0
2023-09-29T03:00,21.9,14.1,247.0,8.5,12.4,43.0
2023-09-29T04:00,21.1,13.9,236.0,7.3,13.8,58.0
2023-09-29T05:00,23.1,15.6,220.0,5.7,15.3,77.0
2023-09-29T06:00,23.7,16.1,206.0,4.4,16.0,95.0
2023-09-29T07:00,22.9,15.0,196.0,3.4,15.3,110.0
2023-09-29T08:00,23.3,14.8,188.0,2.6,13.7,122.0
2023-09-29T09:00,25.0,15.4,183.0,2.5,12.1,128.0
2023-09-29T10:00,26.5,15.9,180.0,3.3,10.3,123.0
2023-09-29T11:00,28.3,16.8,179.0,4.8,8.4,111.0
2023-09-29T12:00,18.9,11.2,175.0,7.2,8.8,88.0
2023-09-29T13:00,17.9,11.2,184.0,8.7,10.0,79.0
2023-09-29T14:00,17.7,11.6,196.0,10.8,11.6,65.0
2023-09-29T15:00,18.5,12.2,208.0,12.2,12.4,55.0
2023-09-29T16:00,19.7,13.1,220.0,12.4,11.8,51.0
2023-09-29T17:00,20.8,13.9,231.0,12.0,10.4,49.0
2023-09-29T18:00,21.1,14.1,238.0,11.6,9.4,47.0
2023-09-29T19:00,20.7,13.9,239.0,11.4,9.3,44.0
2023-09-29T20:00,19.7,13.2,236.0,11.2,9.5,40.0
2023-09-29T21:00,18.3,12.3,232.0,11.0,9.7,37.0
2023-09-29T22:00,16.7,11.2,226.0,11.0,9.8,33.0
2023-09-29T23:00,14.8,10.0,218.0,11.0,9.8,29.0
2023-09-30T00:00,15.0,10.1,217.0,10.5,9.1,28.0
2023-09-30T01:00,14.1,9.5,217.0,10.0,9.8,30.0
2023-09-30T02:00,14.1,9.4,218.0,9.2,10.7,33.0
2023-09-30T03:00,15.0,9.9,215.0,8.2,11.7,42.0
2023-09-30T04:00,17.6,11.8,208.0,6.7,12.9,62.0
2023-09-30T05:00,22.1,14.8,197.0,4.8,14.0,89.0
2023-09-30T06:00,22.4,14.6,187.0,3.4,14.3,109.0
2023-09-30T07:00,22.5,14.0,177.0,2.4,13.0,119.0
2023-09-30T08:00,23.7,14.2,168.0,1.8,10.8,123.0
2023-09-30T09:00,24.6,14.2,161.0,1.9,8.9,120.0
2023-09-30T10:00,24.2,13.8,158.0,3.0,7.7,108.0
2023-09-30T11:00,24.1,13.8,158.0,4.8,6.9,90.0
2023-09-30T12:00,20.5,11.8,146.0,5.2,5.8,79.0
2023-09-30T13:00,14.1,8.8,157.0,6.8,7.1,73.0
2023-09-30T14:00,14.6,9.5,173.0,9.1,8.8,64.0
2023-09-30T15:00,15.3,9.9,186.0,10.7,9.9,56.0
2023-09-30T16:00,15.3,9.8,193.0,11.1,9.7,51.0
2023-09-30T17:00,14.8,9.5,196.0,10.8,8.9,48.0
2023-09-30T18:00,14.0,9.1,197.0,10.6,8.6,44.0
2023-09-30T19:00,12.8,8.4,195.0,10.8,9.4,39.0
2023-09-30T20:00,11.9,7.9,192.0,11.0,10.6,34.0
2023-09-30T21:00,11.2,7.5,188.0,11.1,11.4,30.0
2023-09-30T22:00,10.5,7.0,185.0,11.0,11.3,27.0
2023-09-30T23:00,10.0,6.7,182.0,10.8,10.9,25.0
2023-10-01T00:00,10.6,7.0,189.0,10.5,10.1,24.0
2023-10-01T01:00,10.6,7.0,196.0,10.0,10.9,27.0
2023-10-01T02:00,11.5,7.6,205.0,9.1,12.1,31.0
2023-10-01T03:00,13.4,8.9,209.0,8.1,13.0,40.0
2023-10-01T04:00,16.8,11.2,204.0,6.7,13.6,58.0
2023-10-01T05:00,19.0,12.8,194.0,5.0,14.0,80.0
2023-10-01T06:00,18.5,12.3,184.0,3.7,13.8,98.0
2023-10-01T07:00,17.8,11.7,176.0,2.7,12.6,108.0
2023-10-01T08:00,17.4,11.2,168.0,2.1,10.8,113.0
2023-10-01T09:00,18.2,11.3,164.0,2.1,9.2,113.0
2023-10-01T10:00,20.1,11.9,164.0,3.3,8.1,107.0
2023-10-01T11:00,22.3,12.9,168.0,5.2,7.3,96.0
2023-10-01T12:00,28.1,16.2,170.0,6.7,7.6,89.0
2023-10-01T13:00,26.7,15.6,176.0,7.7,7.8,81.0
2023-10-01T14:00,23.6,14.0,184.0,9.1,8.0,69.0
2023-10-01T15:00,21.2,12.7,190.0,10.1,8.2,59.0
2023-10-01T16:00,20.1,12.0,193.0,10.2,8.1,54.0
2023-10-01T17:00,19.6,12.1,195.0,9.9,8.0,51.0
2023-10-01T18:00,18.4,11.6,196.0,9.7,8.0,48.0
2023-10-01T19:00,17.3,11.0,196.0,9.7,8.4,45.0
2023-10-01T20:00,16.0,10.2,195.0,9.7,8.9,41.0
2023-10-01T21:00,14.8,9.5,194.0,9.7,9.3,38.0
2023-10-01T22:00,13.3,8.6,192.0,9.8,9.3,33.0
2023-10-01T23:00,11.8,7.7,189.0,10.0,9.1,28.0
2023-10-02T00:00,9.8,6.4,175.0,9.3,9.5,28.0
2023-10-02T01:00,9.7,6.3,181.0,8.8,10.3,29.0
2023-10-02T02:00,10.0,6.5,189.0,8.1,11.3,32.0
2023-10-02T03:00,11.6,7.6,193.0,7.2,12.2,40.0
2023-10-02T04:00,14.8,9.8,190.0,6.0,12.9,57.0
2023-10-02T05:00,17.9,11.9,184.0,4.6,13.4,79.0
2023-10-02T06:00,18.2,11.8,177.0,3.4,13.1,96.0
2023-10-02T07:00,19.1,11.7,169.0,2.4,11.5,105.0
2023-10-02T08:00,22.0,12.8,161.0,1.7,9.0,109.0
2023-10-02T09:00,23.4,13.2,156.0,1.7,7.2,109.0
2023-10-02T10:00,24.3,13.8,159.0,2.9,6.4,104.0
2023-10-02T11:00,26.4,15.3,165.0,4.7,6.2,94.0
2023-10-02T12:00,27.6,16.4,176.0,7.4,7.1,91.0
2023-10-02T13:00,26.5,15.9,173.0,7.5,6.7,83.0
2023-10-02T14:00,24.2,14.2,170.0,7.6,6.2,73.0
2023-10-02T15:00,21.4,12.2,167.0,7.7,6.0,64.0
2023-10-02T16:00,18.5,10.4,165.0,7.9,6.5,59.0
2023-10-02T17:00,16.2,9.4,164.0,8.2,7.4,55.0
2023-10-02T18:00,15.9,9.4,164.0,8.3,8.1,52.0
2023-10-02T19:00,15.7,9.4,167.0,8.2,8.3,50.0
2023-10-02T20:00,15.1,9.3,173.0,8.1,8.2,49.0
2023-10-02T21:00,14.6,9.1,178.0,8.0,8.2,48.0
2023-10-02T22:00,14.3,9.1,181.0,8.1,8.2,45.0
2023-10-02T23:00,14.1,9.1,185.0,8.4,8.1,41.0
2023-10-03T00:00,13.6,8.8,182.0,8.2,8.2,39.0
2023-10-03T01:00,13.9,9.1,196.0,8.3,8.9,39.0
2023-10-03T02:00,14.8,9.9,216.0,8.5,9.9,41.0
2023-10-03T03:00,16.8,11.4,229.0,8.1,10.9,50.0
2023-10-03T04:00,20.7,14.1,231.0,6.8,12.1,73.0
2023-10-03T05:00,27.2,18.3,228.0,5.0,13.4,104.0
2023-10-03T06:00,28.0,18.0,222.0,3.5,13.8,127.0
2023-10-03T07:00,29.0,17.6,213.0,2.5,12.5,139.0
2023-10-03T08:00,32.4,19.1,201.0,1.9,10.4,143.0
2023-10-03T09:00,33.6,19.3,193.0,2.1,8.7,141.0
2023-10-03T10:00,32.7,18.5,193.0,3.7,8.1,130.0
2023-10-03T11:00,29.8,17.1,195.0,6.2,7.9,112.0
2023-10-03T12:00,36.4,21.7,210.0,9.2,7.4,105.0
2023-10-03T13:00,32.1,19.4,196.0,8.7,6.7,92.0
2023-10-03T14:00,26.2,15.4,176.0,7.9,5.6,75.0
2023-10-03T15:00,18.7,10.5,159.0,7.1,4.8,60.0
2023-10-03T16:00,14.0,7.5,146.0,6.3,4.2,52.0
2023-10-03T17:00,13.5,7.2,134.0,5.6,3.9,47.0
2023-10-03T18:00,13.2,7.1,127.0,5.1,3.9,44.0
2023-10-03T19:00,12.1,6.6,125.0,5.1,4.5,42.0
2023-10-03T20:00,10.8,5.9,127.0,5.4,5.6,41.0
2023-10-03T21:00,9.5,5.3,131.0,5.9,6.6,40.0
2023-10-03T22:00,8.7,5.0,135.0,6.5,7.5,38.0
2023-10-03T23:00,8.4,5.0,141.0,7.3,8.3,36.0
2023-10-04T00:00,9.1,5.5,145.0,7.1,7.6,34.0
2023-10-04T01:00,10.2,6.3,160.0,7.4,8.5,34.0
2023-10-04T02:00,12.3,7.7,180.0,7.7,9.7,35.0
2023-10-04T03:00,16.2,10.2,197.0,7.5,10.9,44.0
2023-10-04T04:00,23.9,15.1,208.0,6.4,12.1,68.0
2023-10-04T05:00,32.0,20.2,217.0,4.8,13.3,99.0
2023-10-04T06:00,35.2,21.5,221.0,3.5,13.6,124.0
2023-10-04T07:00,38.6,22.9,216.0,2.4,12.5,138.0
2023-10-04T08:00,41.2,24.0,208.0,1.5,10.5,145.0
2023-10-04T09:00,41.7,24.0,208.0,2.2,8.7,145.0
2023-10-04T10:00,40.2,23.1,230.0,6.0,7.4,134.0
2023-10-04T11:00,42.4,25.3,262.0,11.4,6.4,115.0
2023-10-04T12:00,54.7,32.7,244.0,11.7,8.3,120.0
2023-10-04T13:00,51.2,31.0,230.0,10.9,7.4,107.0
2023-10-04T14:00,44.6,27.0,211.0,9.8,6.2,89.0
2023-10-04T15:00,34.5,20.5,191.0,8.8,5.3,73.0
2023-10-04T16:00,25.1,14.6,169.0,7.9,4.5,60.0
2023-10-04T17:00,19.8,11.2,146.0,7.1,3.9,48.0
2023-10-04T18:00,17.2,9.6,132.0,6.8,4.5,41.0
2023-10-04T19:00,14.3,8.2,133.0,7.2,7.3,41.0
2023-10-04T20:00,14.2,8.6,142.0,8.2,11.3,45.0
2023-10-04T21:00,14.4,9.0,149.0,8.9,14.1,47.0
2023-10-04T22:00,14.4,9.0,150.0,9.3,14.3,44.0
2023-10-04T23:00,14.1,8.9,149.0,9.5,13.2,38.0
2023-10-05T00:00,16.7,10.7,153.0,9.3,13.8,44.0
2023-10-05T01:00,17.1,10.9,165.0,9.8,14.9,42.0
2023-10-05T02:00,17.6,11.3,181.0,10.3,16.3,39.0
2023-10-05T03:00,19.6,12.7,196.0,10.2,17.4,45.0
2023-10-05T04:00,24.6,16.2,209.0,8.8,18.0,65.0
2023-10-05T05:00,33.1,21.8,221.0,6.7,18.2,93.0
2023-10-05T06:00,38.5,25.0,229.0,4.9,17.6,118.0
2023-10-05T07:00,42.5,26.8,232.0,3.6,15.5,137.0
2023-10-05T08:00,44.1,27.3,231.0,2.6,12.6,152.0
2023-10-05T09:00,45.1,27.3,230.0,2.5,9.9,158.0
2023-10-05T10:00,44.5,26.4,230.0,4.1,7.8,151.0
2023-10-05T11:00,41.4,24.0,230.0,6.7,6.0,135.0
2023-10-05T12:00,33.5,20.1,219.0,9.7,5.1,113.0
2023-10-05T13:00,27.6,16.6,213.0,9.6,5.1,104.0
2023-10-05T14:00,26.2,15.5,205.0,9.3,5.1,90.0
2023-10-05T15:00,26.3,15.5,195.0,9.1,5.2,78.0
2023-10-05T16:00,24.9,14.6,181.0,8.7,4.9,68.0
2023-10-05T17:00,21.9,12.8,165.0,8.3,4.7,58.0
2023-10-05T18:00,19.3,11.2,158.0,8.2,5.5,52.0
2023-10-05T19:00,19.6,11.6,168.0,8.9,8.4,51.0
2023-10-05T20:00,23.7,14.9,186.0,10.0,12.4,53.0
2023-10-05T21:00,26.7,17.1,199.0,10.8,15.5,54.0
2023-10-05T22:00,25.7,16.6,197.0,11.0,16.6,52.0
2023-10-05T23:00,24.0,15.7,189.0,11.0,16.8,50.0
2023-10-06T00:00,23.0,15.3,210.0,11.1,15.3,45.0
2023-10-06T01:00,23.9,15.7,217.0,11.4,15.5,48.0
2023-10-06T02:00,25.8,16.8,226.0,11.8,15.9,52.0
2023-10-06T03:00,29.1,18.9,234.0,11.5,16.4,62.0
2023-10-06T04:00,33.6,21.7,240.0,9.9,17.5,81.0
2023-10-06T05:00,38.1,24.6,244.0,7.6,18.7,105.0
2023-10-06T06:00,41.3,26.6,245.0,5.6,18.8,126.0
2023-10-06T07:00,44.9,28.0,241.0,4.1,16.8,142.0
2023-10-06T08:00,47.3,28.5,233.0,3.0,13.7,154.0
2023-10-06T09:00,46.6,27.1,227.0,2.8,10.7,158.0
2023-10-06T10:00,41.7,23.7,227.0,4.2,8.1,150.0
2023-10-06T11:00,35.5,20.3,228.0,6.4,5.7,133.0
2023-10-06T12:00,57.6,34.0,246.0,9.3,10.9,127.0
2023-10-06T13:00,51.5,31.0,241.0,9.0,9.3,119.0
2023-10-06T14:00,43.7,26.5,233.0,8.6,7.0,108.0
2023-10-06T15:00,35.4,21.4,225.0,8.3,5.6,98.0
2023-10-06T16:00,30.4,18.5,216.0,8.1,5.7,90.0
2023-10-06T17:00,28.6,17.6,206.0,7.9,6.7,83.0
2023-10-06T18:00,29.2,18.2,199.0,7.8,7.7,76.0
2023-10-06T19:00,29.6,18.3,196.0,7.7,8.6,69.0
2023-10-06T20:00,29.7,18.2,196.0,7.5,9.6,63.0
2023-10-06T21:00,28.3,17.5,195.0,7.5,10.6,59.0
2023-10-06T22:00,26.8,17.1,193.0,7.6,11.7,58.0
2023-10-06T23:00,25.7,16.8,191.0,7.7,12.9,60.0
2023-10-07T00:00,22.1,14.3,186.0,7.4,10.1,52.0
2023-10-07T01:00,21.6,14.1,193.0,7.9,10.8,53.0
2023-10-07T02:00,21.5,14.1,202.0,8.4,11.8,56.0
2023-10-07T03:00,22.9,15.0,207.0,8.3,12.7,63.0
2023-10-07T04:00,25.4,16.7,205.0,6.9,13.7,80.0
2023-10-07T05:00,27.8,17.9,200.0,4.9,14.5,102.0
2023-10-07T06:00,29.2,18.1,192.0,3.3,14.2,117.0
2023-10-07T07:00,31.2,18.5,181.0,2.4,11.8,120.0
2023-10-07T08:00,30.4,17.3,169.0,1.9,8.3,117.0
2023-10-07T09:00,28.3,15.7,158.0,1.7,5.4,111.0
2023-10-07T10:00,25.3,13.8,149.0,1.8,3.5,102.0
2023-10-07T11:00,23.2,12.6,141.0,2.3,2.1,90.0
2023-10-07T12:00,27.0,14.9,165.0,4.0,2.2,88.0
2023-10-07T13:00,27.7,15.7,175.0,5.1,3.5,87.0
2023-10-07T14:00,31.2,18.6,190.0,6.6,5.3,85.0
2023-10-07T15:00,36.7,22.8,209.0,7.8,7.1,85.0
2023-10-07T16:00,44.5,28.2,238.0,8.5,8.8,87.0
2023-10-07T17:00,50.8,32.8,272.0,8.9,10.5,90.0
2023-10-07T18:00,54.0,35.2,293.0,9.0,12.0,91.0
2023-10-07T19:00,53.9,34.8,293.0,8.6,13.1,87.0
2023-10-07T20:00,53.6,34.2,280.0,7.8,14.0,80.0
2023-10-07T21:00,51.2,32.5,262.0,7.3,14.7,73.0
2023-10-07T22:00,46.3,28.9,236.0,7.3,15.1,65.0
2023-10-07T23:00,37.1,22.6,204.0,7.6,15.3,57.0
2023-10-08T00:00,17.3,9.7,138.0,6.9,8.8,45.0
2023-10-08T01:00,15.4,8.7,138.0,7.2,9.5,45.0
2023-10-08T02:00,14.2,8.1,138.0,7.5,10.4,46.0
2023-10-08T03:00,14.4,8.4,139.0,7.3,11.2,50.0
2023-10-08T04:00,16.5,9.7,141.0,6.3,12.1,62.0
2023-10-08T05:00,19.4,11.5,144.0,4.8,12.9,77.0
2023-10-08T06:00,22.8,13.2,145.0,3.5,12.7,90.0
2023-10-08T07:00,25.6,14.6,145.0,2.5,10.5,99.0
2023-10-08T08:00,27.5,15.2,143.0,1.8,7.3,105.0
2023-10-08T09:00,27.6,14.9,141.0,1.5,4.6,106.0
2023-10-08T10:00,25.3,13.4,138.0,2.0,3.0,98.0
2023-10-08T11:00,22.0,11.4,134.0,3.0,1.9,85.0
2023-10-08T12:00,22.7,11.8,147.0,4.3,1.3,73.0
2023-10-08T13:00,19.3,10.0,143.0,4.0,1.2,68.0
2023-10-08T14:00,17.4,9.2,137.0,3.6,1.1,61.0
2023-10-08T15:00,16.5,8.9,134.0,3.5,1.2,54.0
2023-10-08T16:00,16.0,8.9,135.0,4.0,1.7,46.0
2023-10-08T17:00,15.3,8.6,139.0,4.9,2.4,39.0
2023-10-08T18:00,14.1,8.1,144.0,5.9,3.6,33.0
2023-10-08T19:00,14.4,8.5,151.0,7.0,5.5,31.0
2023-10-08T20:00,14.5,8.7,159.0,8.2,7.9,31.0
2023-10-08T21:00,15.0,9.2,167.0,9.2,10.0,32.0
2023-10-08T22:00,16.3,10.2,176.0,10.0,11.7,32.0
2023-10-08T23:00,18.4,11.8,185.0,10.6,13.3,33.0
2023-10-09T00:00,17.6,11.2,178.0,9.6,12.1,31.0
2023-10-09T01:00,18.2,11.7,179.0,9.2,13.1,32.0
2023-10-09T02:00,17.9,11.4,179.0,8.7,14.5,34.0
2023-10-09T03:00,17.1,10.9,177.0,8.0,15.6,38.0
2023-10-09T04:00,17.1,10.7,171.0,7.0,16.4,46.0
2023-10-09T05:00,18.5,11.4,162.0,5.8,16.9,57.0
2023-10-09T06:00,20.3,12.2,154.0,4.7,16.3,68.0
2023-10-09T07:00,22.5,13.2,149.0,3.5,13.7,80.0
2023-10-09T08:00,24.7,13.8,145.0,2.4,9.9,91.0
2023-10-09T09:00,24.3,13.1,141.0,1.7,6.6,96.0
2023-10-09T10:00,22.1,11.6,137.0,1.9,4.4,89.0
2023-10-09T11:00,18.9,9.8,134.0,2.6,2.7,75.0
2023-10-09T12:00,20.4,10.4,147.0,4.1,1.7,66.0
2023-10-09T13:00,17.5,9.0,147.0,4.2,1.4,61.0
2023-10-09T14:00,15.6,8.2,146.0,4.3,1.0,54.0
2023-10-09T15:00,14.0,7.6,147.0,4.6,1.1,48.0
2023-10-09T16:00,12.6,7.1,148.0,5.2,1.8,42.0
2023-10-09T17:00,11.4,6.6,149.0,5.9,2.9,37.0
2023-10-09T18:00,12.6,7.6,157.0,7.0,4.8,34.0
2023-10-09T19:00,16.7,10.4,176.0,8.7,8.2,34.0
2023-10-09T20:00,23.4,15.2,201.0,10.7,12.4,37.0
2023-10-09T21:00,27.2,17.9,219.0,12.0,15.5,39.0
2023-10-09T22:00,29.2,19.0,223.0,12.0,16.8,40.0
2023-10-09T23:00,30.2,19.7,221.0,11.4,17.0,41.0
2023-10-10T00:00,26.4,17.6,201.0,9.7,15.8,45.0
2023-10-10T01:00,29.0,19.4,211.0,9.5,15.7,48.0
2023-10-10T02:00,31.2,20.8,224.0,9.1,15.5,52.0
2023-10-10T03:00,32.7,21.7,232.0,8.5,15.8,60.0
2023-10-10T04:00,33.8,22.4,230.0,7.4,17.1,75.0
2023-10-10T05:00,35.0,23.1,222.0,6.0,18.8,93.0
2023-10-10T06:00,32.6,21.2,214.0,4.8,19.3,109.0
2023-10-10T07:00,33.2,21.5,208.0,3.7,17.8,123.0
2023-10-10T08:00,33.2,20.9,201.0,2.7,15.1,133.0
2023-10-10T09:00,33.4,19.8,193.0,2.3,12.2,135.0
2023-10-10T10:00,31.3,17.3,182.0,2.9,8.9,121.0
2023-10-10T11:00,27.3,14.4,170.0,4.0,5.4,97.0
2023-10-10T12:00,34.1,19.0,192.0,6.4,7.1,101.0
2023-10-10T13:00,27.8,15.5,177.0,6.0,5.4,87.0
2023-10-10T14:00,20.1,10.9,157.0,5.4,3.2,69.0
2023-10-10T15:00,16.4,9.0,147.0,5.5,2.4,54.0
2023-10-10T16:00,17.5,10.1,153.0,6.9,4.4,47.0
2023-10-10T17:00,23.0,14.0,169.0,8.9,7.8,44.0
2023-10-10T18:00,28.9,17.8,188.0,10.2,10.8,44.0
2023-10-10T19:00,36.6,23.3,210.0,10.2,13.1,49.0
2023-10-10T20:00,42.4,27.6,235.0,9.5,15.1,58.0
2023-10-10T21:00,46.0,30.3,256.0,8.7,15.9,64.0
2023-10-10T22:00,49.0,32.4,270.0,7.9,14.6,65.0
2023-10-10T23:00,50.3,33.4,279.0,6.9,12.1,63.0
2023-10-11T00:00,39.5,26.0,240.0,10.3,17.1,43.0
2023-10-11T01:00,40.3,26.5,244.0,10.0,17.1,45.0
2023-10-11T02:00,40.7,26.8,249.0,9.5,17.0,50.0
2023-10-11T03:00,40.5,26.6,253.0,8.7,16.9,60.0
2023-10-11T04:00,42.0,27.7,255.0,7.4,16.8,81.0
2023-10-11T05:00,43.3,28.6,256.0,5.8,16.7,108.0
2023-10-11T06:00,45.4,29.9,255.0,4.4,16.4,130.0
2023-10-11T07:00,45.8,30.0,251.0,3.4,15.7,146.0
2023-10-11T08:00,46.4,30.0,244.0,2.6,14.8,158.0
2023-10-11T09:00,46.7,29.5,234.0,2.2,13.6,162.0
2023-10-11T10:00,46.0,28.2,219.0,2.7,12.1,154.0
2023-10-11T11:00,43.9,25.8,201.0,3.6,10.3,137.0
2023-10-11T12:00,53.6,31.2,210.0,6.0,9.9,131.0
2023-10-11T13:00,44.4,24.5,189.0,5.1,7.6,113.0
2023-10-11T14:00,36.6,19.7,160.0,4.0,4.6,89.0
2023-10-11T15:00,29.5,16.0,145.0,3.6,3.5,72.0
2023-10-11T16:00,27.2,15.2,156.0,4.7,5.9,69.0
2023-10-11T17:00,32.7,19.3,180.0,6.4,10.3,73.0
2023-10-11T18:00,39.5,24.1,203.0,7.8,14.3,76.0
2023-10-11T19:00,44.0,27.2,221.0,8.3,17.6,76.0
2023-10-11T20:00,46.6,29.6,238.0,8.4,20.7,75.0
2023-10-11T21:00,49.2,31.9,253.0,8.2,22.2,75.0
2023-10-11T22:00,51.7,33.9,263.0,7.5,21.4,75.0
2023-10-11T23:00,53.4,35.2,271.0,6.6,19.1,74.0
2023-10-12T00:00,33.8,22.8,222.0,8.8,20.2,60.0
2023-10-12T01:00,37.7,25.6,236.0,8.7,20.0,63.0
2023-10-12T02:00,42.0,28.3,256.0,8.6,19.7,67.0
2023-10-12T03:00,46.0,30.7,268.0,7.9,19.2,76.0
2023-10-12T04:00,48.7,32.4,268.0,6.3,18.4,94.0
2023-10-12T05:00,52.7,34.9,261.0,4.1,17.4,116.0
2023-10-12T06:00,47.0,30.7,248.0,2.5,15.9,131.0
2023-10-12T07:00,40.2,25.7,224.0,1.8,13.6,132.0
2023-10-12T08:00,32.7,20.3,193.0,1.5,10.9,124.0
2023-10-12T09:00,28.8,17.5,169.0,1.6,8.8,117.0
2023-10-12T10:00,26.1,15.6,159.0,2.1,7.9,112.0
2023-10-12T11:00,25.1,14.8,157.0,2.9,7.5,106.0
2023-10-12T12:00,27.5,16.7,182.0,4.5,8.7,112.0
2023-10-12T13:00,26.0,15.4,176.0,4.2,8.0,107.0
2023-10-12T14:00,24.8,14.6,169.0,3.7,6.9,99.0
2023-10-12T15:00,22.8,13.1,161.0,3.2,5.9,93.0
2023-10-12T16:00,21.5,12.2,154.0,2.6,4.9,89.0
2023-10-12T17:00,19.0,10.4,147.0,2.0,3.8,86.0
2023-10-12T18:00,16.8,9.1,142.0,1.6,3.1,84.0
2023-10-12T19:00,15.7,8.4,141.0,1.6,2.8,81.0
2023-10-12T20:00,15.4,8.3,143.0,1.8,2.8,79.0
2023-10-12T21:00,15.3,8.3,146.0,2.1,2.9,77.0
2023-10-12T22:00,15.7,8.7,149.0,2.4,3.1,75.0
2023-10-12T23:00,16.2,9.3,153.0,2.7,3.4,72.0
2023-10-13T00:00,18.1,10.8,161.0,3.1,3.0,69.0
2023-10-13T01:00,19.1,11.7,175.0,4.1,3.1,69.0
2023-10-13T02:00,20.9,13.0,194.0,5.5,3.2,69.0
2023-10-13T03:00,21.4,13.3,203.0,6.0,3.1,71.0
2023-10-13T04:00,18.1,10.5,191.0,4.8,2.8,76.0
2023-10-13T05:00,18.5,10.5,168.0,2.7,2.3,83.0
2023-10-13T06:00,19.1,10.8,150.0,1.2,1.9,88.0
2023-10-13T07:00,19.4,10.9,144.0,0.8,1.7,90.0
2023-10-13T08:00,20.1,11.3,144.0,0.9,1.7,89.0
2023-10-13T09:00,21.0,11.7,144.0,1.1,1.6,87.0
2023-10-13T10:00,22.2,12.3,143.0,1.5,1.4,83.0
2023-10-13T11:00,24.0,13.1,143.0,2.0,1.2,76.0
2023-10-13T12:00,41.0,23.1,162.0,3.4,2.0,92.0
2023-10-13T13:00,43.2,24.1,164.0,3.5,2.0,88.0
2023-10-13T14:00,46.1,25.5,167.0,3.5,2.0,82.0
2023-10-13T15:00,47.6,26.1,168.0,3.5,2.0,76.0
2023-10-13T16:00,48.2,26.4,164.0,3.3,1.8,72.0
2023-10-13T17:00,47.3,25.8,158.0,3.1,1.6,68.0
2023-10-13T18:00,45.2,24.8,154.0,2.9,1.4,65.0
2023-10-13T19:00,43.3,23.9,154.0,2.8,1.3,63.0
2023-10-13T20:00,43.2,23.9,155.0,2.8,1.3,62.0
2023-10-13T21:00,39.2,22.2,156.0,2.7,1.3,61.0
2023-10-13T22:00,34.0,19.4,155.0,2.5,1.4,61.0
2023-10-13T23:00,31.5,18.1,154.0,2.4,1.5,61.0
2023-10-14T00:00,36.2,21.5,164.0,1.7,1.4,69.0
2023-10-14T01:00,28.1,16.9,166.0,2.4,1.9,68.0
2023-10-14T02:00,21.7,13.3,169.0,3.4,2.6,66.0
2023-10-14T03:00,18.9,11.7,173.0,4.1,3.5,66.0
2023-10-14T04:00,16.9,10.6,178.0,4.4,4.9,68.0
2023-10-14T05:00,16.5,10.4,185.0,4.5,6.4,71.0
2023-10-14T06:00,16.9,10.8,191.0,4.4,7.1,75.0
2023-10-14T07:00,18.8,12.0,197.0,3.8,6.3,82.0
2023-10-14T08:00,19.3,12.5,204.0,2.9,4.8,90.0
2023-10-14T09:00,19.5,12.7,209.0,2.4,3.4,95.0
2023-10-14T10:00,19.2,12.6,212.0,2.5,2.6,96.0
2023-10-14T11:00,18.3,12.0,214.0,2.9,2.0,95.0
2023-10-14T12:00,17.8,11.8,209.0,3.6,2.0,84.0
2023-10-14T13:00,19.0,12.5,214.0,4.0,2.5,82.0
2023-10-14T14:00,19.9,13.2,221.0,4.5,3.3,79.0
2023-10-14T15:00,21.4,14.3,223.0,4.7,3.6,76.0
2023-10-14T16:00,22.1,14.6,215.0,4.2,3.2,73.0
2023-10-14T17:00,20.8,13.8,202.0,3.4,2.5,70.0
2023-10-14T18:00,18.3,12.2,191.0,2.7,1.9,67.0
2023-10-14T19:00,13.8,9.2,185.0,2.3,1.6,65.0
2023-10-14T20:00,11.7,7.9,180.0,2.0,1.5,64.0
2023-10-14T21:00,10.1,6.8,177.0,1.8,1.4,63.0
2023-10-14T22:00,9.1,6.1,175.0,1.8,1.4,62.0
2023-10-14T23:00,7.7,5.3,174.0,1.9,1.5,61.0
2023-10-15T00:00,5.9,4.0,164.0,1.9,1.3,60.0
2023-10-15T01:00,6.3,4.3,170.0,2.3,1.3,60.0
2023-10-15T02:00,6.8,4.7,178.0,2.8,1.4,60.0
2023-10-15T03:00,7.6,5.2,183.0,3.3,2.0,61.0
2023-10-15T04:00,8.8,6.0,182.0,3.6,3.4,62.0
2023-10-15T05:00,9.6,6.5,179.0,3.8,5.3,65.0
2023-10-15T06:00,9.8,6.6,176.0,4.1,7.5,68.0
2023-10-15T07:00,10.4,6.9,176.0,4.5,10.5,74.0
2023-10-15T08:00,12.3,8.1,178.0,5.1,13.9,81.0
2023-10-15T09:00,14.1,9.3,179.0,5.4,15.7,87.0
2023-10-15T10:00,15.6,10.1,178.0,5.4,14.8,91.0
2023-10-15T11:00,16.6,10.5,176.0,5.3,12.4,93.0
2023-10-15T12:00,11.2,7.5,180.0,3.8,4.0,69.0
2023-10-15T13:00,11.6,7.8,189.0,4.3,3.9,67.0
2023-10-15T14:00,12.3,8.3,201.0,5.0,3.8,64.0
2023-10-15T15:00,12.7,8.6,212.0,5.6,3.6,61.0
2023-10-15T16:00,13.1,8.9,221.0,6.0,3.5,59.0
2023-10-15T17:00,13.9,9.4,227.0,6.2,3.3,57.0
2023-10-15T18:00,14.3,9.7,226.0,6.0,3.0,56.0
2023-10-15T19:00,14.4,9.7,211.0,4.9,2.5,58.0
2023-10-15T20:00,13.2,8.9,189.0,3.3,1.9,61.0
2023-10-15T21:00,9.8,6.6,172.0,2.1,1.4,63.0
2023-10-15T22:00,6.3,4.2,166.0,1.7,1.2,64.0
2023-10-15T23:00,5.6,3.8,165.0,1.6,1.1,63.0
2023-10-16T00:00,10.2,6.8,186.0,2.8,2.2,61.0
2023-10-16T01:00,7.4,4.9,187.0,3.7,3.6,60.0
2023-10-16T02:00,6.4,4.3,189.0,4.9,5.5,60.0
2023-10-16T03:00,6.4,4.3,188.0,5.4,6.6,61.0
2023-10-16T04:00,6.6,4.5,184.0,4.5,6.2,67.0
2023-10-16T05:00,6.3,4.2,178.0,2.8,4.9,74.0
2023-10-16T06:00,6.1,4.1,172.0,1.5,3.8,80.0
2023-10-16T07:00,6.6,4.4,167.0,1.0,3.1,83.0
2023-10-16T08:00,6.8,4.5,163.0,1.0,2.6,84.0
2023-10-16T09:00,6.9,4.5,160.0,1.1,2.1,83.0
2023-10-16T10:00,7.0,4.5,157.0,1.4,1.8,79.0
2023-10-16T11:00,7.1,4.5,156.0,1.9,1.6,72.0
2023-10-16T12:00,11.1,7.2,169.0,2.6,0.5,63.0
2023-10-16T13:00,11.8,7.6,170.0,2.8,0.6,61.0
2023-10-16T14:00,12.6,8.0,170.0,3.0,0.7,59.0
2023-10-16T15:00,13.4,8.5,170.0,3.1,0.8,58.0
2023-10-16T16:00,14.1,8.8,167.0,2.8,0.7,58.0
2023-10-16T17:00,14.4,9.0,162.0,2.3,0.5,59.0
2023-10-16T18:00,14.7,9.2,161.0,2.1,0.5,60.0
2023-10-16T19:00,15.1,9.4,167.0,2.5,0.6,59.0
2023-10-16T20:00,16.1,10.1,177.0,3.1,0.8,58.0
2023-10-16T21:00,16.8,10.7,185.0,3.7,1.7,57.0
2023-10-16T22:00,17.3,10.9,187.0,4.1,3.8,58.0
2023-10-16T23:00,18.6,11.7,186.0,4.5,6.5,59.0
2023-10-17T00:00,13.9,8.9,170.0,2.7,1.5,58.0
2023-10-17T01:00,13.2,8.5,180.0,3.0,1.7,58.0
2023-10-17T02:00,13.8,8.9,193.0,3.4,2.0,58.0
2023-10-17T03:00,16.0,10.1,201.0,3.5,2.2,61.0
2023-10-17T04:00,18.9,11.5,198.0,2.9,2.1,69.0
2023-10-17T05:00,23.1,13.6,190.0,1.9,1.9,79.0
2023-10-17T06:00,24.5,14.1,182.0,1.2,1.7,87.0
2023-10-17T07:00,26.9,15.3,177.0,1.0,1.6,90.0
2023-10-17T08:00,29.6,16.6,172.0,1.0,1.6,89.0
2023-10-17T09:00,32.5,18.0,170.0,1.1,1.5,87.0
2023-10-17T10:00,36.1,19.9,170.0,1.4,1.3,82.0
2023-10-17T11:00,41.0,22.5,173.0,1.9,1.2,75.0
2023-10-17T12:00,66.6,36.0,202.0,2.6,2.0,80.0
2023-10-17T13:00,67.3,36.4,208.0,2.7,2.2,79.0
2023-10-17T14:00,65.9,35.9,215.0,2.7,2.5,77.0
2023-10-17T15:00,63.1,34.3,220.0,2.7,2.7,77.0
2023-10-17T16:00,59.6,32.6,219.0,2.4,2.6,79.0
2023-10-17T17:00,57.3,31.3,216.0,2.0,2.5,83.0
2023-10-17T18:00,55.6,30.4,214.0,1.7,2.3,86.0
2023-10-17T19:00,54.7,29.9,214.0,1.6,2.2,87.0
2023-10-17T20:00,53.9,29.6,216.0,1.7,2.1,87.0
2023-10-17T21:00,52.7,29.2,222.0,2.0,2.2,85.0
2023-10-17T22:00,52.3,29.2,235.0,2.7,2.4,81.0
2023-10-17T23:00,51.7,29.1,253.0,3.7,2.8,76.0
2023-10-18T00:00,54.9,29.9,248.0,3.7,2.9,79.0
2023-10-18T01:00,55.8,30.6,257.0,4.0,3.4,80.0
2023-10-18T02:00,58.3,31.7,268.0,4.3,4.0,82.0
2023-10-18T03:00,60.3,32.5,271.0,4.2,4.3,86.0
2023-10-18T04:00,60.3,32.1,258.0,3.3,3.9,94.0
2023-10-18T05:00,60.3,31.8,236.0,2.0,3.2,104.0
2023-10-18T06:00,60.1,31.3,218.0,1.0,2.6,110.0
2023-10-18T07:00,59.8,31.1,210.0,0.7,2.3,111.0
2023-10-18T08:00,59.8,31.0,206.0,0.8,2.2,108.0
2023-10-18T09:00,59.5,30.7,204.0,1.0,2.1,104.0
2023-10-18T10:00,58.9,30.3,202.0,1.4,1.9,99.0
2023-10-18T11:00,58.0,29.7,201.0,1.9,1.8,94.0
2023-10-18T12:00,65.0,33.4,213.0,2.8,2.0,93.0
2023-10-18T13:00,64.7,33.3,215.0,2.9,2.0,90.0
2023-10-18T14:00,64.7,33.5,219.0,3.1,1.9,86.0
2023-10-18T15:00,64.5,33.6,226.0,3.4,1.9,83.0
2023-10-18T16:00,65.0,34.3,236.0,4.1,2.0,81.0
2023-10-18T17:00,65.2,34.7,249.0,4.9,2.1,80.0
2023-10-18T18:00,65.4,34.9,263.0,5.7,2.2,78.0
2023-10-18T19:00,65.2,35.0,279.0,6.3,2.3,75.0
2023-10-18T20:00,65.0,35.5,297.0,6.7,2.4,73.0
2023-10-18T21:00,64.3,35.6,314.0,7.1,2.6,70.0
2023-10-18T22:00,66.1,36.8,331.0,7.3,2.8,67.0
2023-10-18T23:00,67.1,37.7,346.0,7.5,3.2,64.0
2023-10-19T00:00,74.0,41.2,,9.6,5.8,54.0
2023-10-19T01:00,75.4,41.9,,9.6,7.7,58.0
2023-10-19T02:00,77.3,43.0,,9.4,10.4,65.0
2023-10-19T03:00,78.7,43.1,,8.7,12.4,77.0
2023-10-19T04:00,79.2,43.1,369.0,6.9,13.3,100.0
2023-10-19T05:00,78.7,43.0,333.0,4.5,13.4,129.0
2023-10-19T06:00,76.8,42.0,302.0,2.7,12.9,149.0
2023-10-19T07:00,75.0,41.0,282.0,1.9,11.4,155.0
2023-10-19T08:00,73.1,39.7,267.0,1.7,9.1,151.0
2023-10-19T09:00,69.8,37.6,253.0,1.7,7.0,144.0
2023-10-19T10:00,64.7,34.5,239.0,1.8,5.2,131.0
2023-10-19T11:00,59.3,31.2,226.0,2.2,3.6,113.0
2023-10-19T12:00,78.7,42.3,251.0,3.6,6.3,127.0
2023-10-19T13:00,72.2,38.4,245.0,3.5,5.3,116.0
2023-10-19T14:00,65.9,34.9,237.0,3.4,3.9,101.0
2023-10-19T15:00,60.3,31.9,230.0,3.3,2.8,89.0
2023-10-19T16:00,55.3,29.2,224.0,3.1,2.2,83.0
2023-10-19T17:00,50.5,26.9,219.0,2.8,1.8,81.0
2023-10-19T18:00,46.4,25.0,216.0,2.6,1.5,79.0
2023-10-19T19:00,43.4,23.6,213.0,2.4,1.3,78.0
2023-10-19T20:00,41.0,22.6,212.0,2.2,1.2,77.0
2023-10-19T21:00,39.1,21.9,216.0,2.4,1.2,76.0
2023-10-19T22:00,38.1,21.7,230.0,3.1,1.2,72.0
2023-10-19T23:00,38.3,22.4,251.0,4.1,1.3,68.0
2023-10-20T00:00,46.0,26.9,298.0,6.3,3.0,63.0
2023-10-20T01:00,48.2,28.0,306.0,6.5,4.3,65.0
2023-10-20T02:00,50.8,29.4,317.0,6.6,6.0,69.0
2023-10-20T03:00,49.7,28.3,319.0,6.3,7.3,77.0
2023-10-20T04:00,47.6,26.8,304.0,5.0,7.8,95.0
2023-10-20T05:00,46.4,26.3,280.0,3.3,7.8,117.0
2023-10-20T06:00,46.3,26.3,259.0,2.0,7.5,133.0
2023-10-20T07:00,47.0,26.5,246.0,1.5,6.8,138.0
2023-10-20T08:00,47.5,26.7,237.0,1.3,5.7,136.0
2023-10-20T09:00,48.2,26.8,229.0,1.4,4.7,131.0
2023-10-20T10:00,49.1,27.0,222.0,1.8,3.8,122.0
2023-10-20T11:00,50.3,27.4,216.0,2.4,3.0,110.0
2023-10-20T12:00,73.3,40.5,223.0,3.5,5.1,123.0
2023-10-20T13:00,74.7,41.1,222.0,3.6,4.4,113.0
2023-10-20T14:00,76.1,41.8,220.0,3.8,3.4,99.0
2023-10-20T15:00,76.8,42.1,219.0,4.0,2.6,88.0
2023-10-20T16:00,77.3,42.5,220.0,4.2,2.2,82.0
2023-10-20T17:00,78.2,43.1,223.0,4.4,2.0,78.0
2023-10-20T18:00,78.5,43.3,227.0,4.6,2.0,75.0
2023-10-20T19:00,78.2,43.2,233.0,4.9,2.0,72.0
2023-10-20T20:00,77.3,43.1,241.0,5.3,2.1,69.0
2023-10-20T21:00,74.0,41.9,249.0,5.6,2.5,67.0
2023-10-20T22:00,72.2,41.2,258.0,5.7,3.2,64.0
2023-10-20T23:00,71.7,41.2,267.0,5.7,4.1,62.0
2023-10-21T00:00,68.5,39.2,267.0,4.8,5.3,65.0
2023-10-21T01:00,67.5,38.9,269.0,4.9,5.6,66.0
2023-10-21T02:00,61.5,35.3,271.0,5.1,5.9,67.0
2023-10-21T03:00,52.7,30.6,273.0,5.1,6.1,72.0
2023-10-21T04:00,46.2,27.4,275.0,4.7,6.1,84.0
2023-10-21T05:00,38.1,23.3,277.0,4.2,6.0,99.0
2023-10-21T06:00,30.5,19.2,277.0,3.6,5.7,113.0
2023-10-21T07:00,28.5,17.8,273.0,2.9,5.3,125.0
2023-10-21T08:00,34.7,21.1,268.0,2.2,4.7,136.0
2023-10-21T09:00,37.3,22.1,264.0,1.9,4.3,142.0
2023-10-21T10:00,41.4,24.1,264.0,2.3,4.0,140.0
2023-10-21T11:00,46.0,26.3,265.0,3.2,3.9,133.0
2023-10-21T12:00,45.3,25.7,278.0,4.1,6.2,153.0
2023-10-21T13:00,50.3,28.2,277.0,4.2,5.8,142.0
2023-10-21T14:00,54.6,30.3,275.0,4.3,5.2,128.0
2023-10-21T15:00,57.6,31.7,271.0,4.2,4.6,116.0
2023-10-21T16:00,59.4,32.5,264.0,3.9,4.0,111.0
2023-10-21T17:00,59.5,32.4,255.0,3.5,3.5,109.0
2023-10-21T18:00,58.1,31.5,248.0,3.1,3.1,108.0
2023-10-21T19:00,56.0,30.5,245.0,2.8,2.9,108.0
2023-10-21T20:00,53.9,29.4,244.0,2.6,2.8,109.0
2023-10-21T21:00,53.9,29.4,248.0,2.7,3.1,108.0
2023-10-21T22:00,54.8,29.9,261.0,3.2,4.0,104.0
2023-10-21T23:00,55.2,30.2,280.0,3.9,5.4,98.0
2023-10-22T00:00,56.9,30.6,273.0,3.7,5.5,100.0
2023-10-22T01:00,58.9,31.7,286.0,4.6,6.6,98.0
2023-10-22T02:00,59.6,32.2,304.0,5.8,8.1,97.0
2023-10-22T03:00,59.1,31.9,315.0,6.3,9.1,102.0
2023-10-22T04:00,60.8,32.7,313.0,5.3,9.2,119.0
2023-10-22T05:00,61.7,33.3,303.0,3.6,8.8,143.0
2023-10-22T06:00,63.3,34.3,294.0,2.3,8.4,160.0
2023-10-22T07:00,63.8,34.8,287.0,1.8,7.9,167.0
2023-10-22T08:00,65.2,36.0,281.0,1.7,7.4,168.0
2023-10-22T09:00,67.3,37.3,277.0,1.9,7.0,165.0
2023-10-22T10:00,69.4,38.4,275.0,2.4,6.8,157.0
2023-10-22T11:00,72.6,40.3,276.0,3.1,6.6,146.0
2023-10-22T12:00,64.7,37.1,284.0,5.0,9.6,164.0
2023-10-22T13:00,67.3,38.3,289.0,5.1,9.2,154.0
2023-10-22T14:00,70.1,39.5,296.0,5.1,8.7,140.0
2023-10-22T15:00,72.4,40.5,300.0,5.0,8.1,130.0
2023-10-22T16:00,74.3,41.4,298.0,4.4,7.5,127.0
2023-10-22T17:00,75.9,42.1,294.0,3.7,6.9,126.0
2023-10-22T18:00,77.3,43.0,292.0,3.1,6.5,127.0
2023-10-22T19:00,79.2,43.8,292.0,2.9,6.3,128.0
2023-10-22T20:00,,44.8,295.0,3.0,6.3,130.0
2023-10-22T21:00,,46.1,304.0,3.2,6.4,129.0
2023-10-22T22:00,,46.6,324.0,3.8,6.4,123.0
2023-10-22T23:00,,46.9,350.0,4.6,6.5,115.0
2023-10-23T00:00,,47.6,374.0,5.2,7.3,113.0
2023-10-23T01:00,,47.6,370.0,5.0,8.1,117.0
2023-10-23T02:00,,48.2,365.0,4.7,9.2,124.0
2023-10-23T03:00,,47.5,359.0,4.3,10.3,132.0
2023-10-23T04:00,,46.3,352.0,3.6,11.4,143.0
2023-10-23T05:00,,45.8,343.0,2.8,12.5,155.0
2023-10-23T06:00,,45.8,335.0,2.2,13.2,165.0
2023-10-23T07:00,,45.9,327.0,1.9,13.1,172.0
2023-10-23T08:00,,46.0,320.0,1.9,12.6,
2023-10-23T09:00,,45.6,314.0,2.1,12.1,
2023-10-23T10:00,79.4,45.2,309.0,2.7,12.1,
2023-10-23T11:00,78.7,44.8,305.0,3.6,12.3,
2023-10-23T12:00,,49.8,297.0,4.5,14.2,174.0
2023-10-23T13:00,,48.7,299.0,4.4,12.4,170.0
2023-10-23T14:00,,47.5,301.0,4.1,10.0,163.0
2023-10-23T15:00,,45.6,299.0,3.9,7.9,156.0
2023-10-23T16:00,77.1,43.4,290.0,3.4,6.5,149.0
2023-10-23T17:00,71.7,40.4,277.0,3.0,5.4,140.0
2023-10-23T18:00,64.7,36.4,267.0,3.0,5.2,129.0
2023-10-23T19:00,56.3,32.1,262.0,4.0,6.2,111.0
2023-10-23T20:00,50.2,29.0,259.0,5.6,7.9,90.0
2023-10-23T21:00,42.6,25.5,260.0,6.9,9.5,74.0
2023-10-23T22:00,38.9,23.9,265.0,7.6,10.5,65.0
2023-10-23T23:00,37.8,23.7,274.0,8.0,11.3,60.0
2023-10-24T00:00,45.6,27.6,278.0,5.9,7.1,74.0
2023-10-24T01:00,42.8,26.5,282.0,6.7,9.1,71.0
2023-10-24T02:00,40.5,25.4,287.0,7.7,12.0,69.0
2023-10-24T03:00,39.7,24.9,289.0,8.2,15.0,72.0
2023-10-24T04:00,40.6,25.4,284.0,7.8,18.2,86.0
2023-10-24T05:00,43.0,26.8,276.0,6.8,21.5,105.0
2023-10-24T06:00,46.1,28.6,269.0,5.8,23.5,124.0
2023-10-24T07:00,50.6,31.2,264.0,4.8,23.5,142.0
2023-10-24T08:00,55.3,33.9,260.0,3.7,22.3,159.0
2023-10-24T09:00,58.6,35.6,256.0,3.0,20.4,169.0
2023-10-24T10:00,60.3,36.2,253.0,3.1,18.0,170.0
2023-10-24T11:00,59.8,35.4,251.0,3.6,15.0,164.0
2023-10-24T12:00,69.6,41.6,261.0,4.7,17.4,167.0
2023-10-24T13:00,68.2,40.2,249.0,3.8,14.3,160.0
2023-10-24T14:00,65.2,37.5,232.0,2.6,10.1,150.0
2023-10-24T15:00,61.0,34.1,218.0,1.7,6.6,139.0
2023-10-24T16:00,57.2,31.5,208.0,1.5,4.8,127.0
2023-10-24T17:00,53.7,29.5,200.0,1.7,3.8,115.0
2023-10-24T18:00,50.8,27.9,196.0,2.0,3.2,103.0
2023-10-24T19:00,47.6,26.4,197.0,2.4,3.0,93.0
2023-10-24T20:00,44.9,25.2,201.0,3.0,3.2,84.0
2023-10-24T21:00,42.1,24.0,206.0,3.7,3.8,75.0
2023-10-24T22:00,39.7,22.8,208.0,4.7,5.0,66.0
2023-10-24T23:00,36.2,21.0,211.0,6.0,6.5,57.0
2023-10-25T00:00,33.4,19.8,221.0,6.9,8.2,52.0
2023-10-25T01:00,31.7,19.2,234.0,7.7,9.7,49.0
2023-10-25T02:00,32.5,20.1,252.0,8.8,11.9,45.0
2023-10-25T03:00,30.6,19.2,263.0,9.2,14.0,47.0
2023-10-25T04:00,28.2,17.7,259.0,8.4,16.2,60.0
2023-10-25T05:00,29.7,18.4,249.0,7.0,18.3,79.0
2023-10-25T06:00,32.6,19.9,239.0,5.7,19.3,97.0
2023-10-25T07:00,36.2,22.1,234.0,4.5,18.6,114.0
2023-10-25T08:00,39.0,23.6,230.0,3.4,16.9,131.0
2023-10-25T09:00,41.1,24.8,227.0,2.7,15.0,142.0
2023-10-25T10:00,42.5,25.4,226.0,2.9,13.1,144.0
2023-10-25T11:00,43.8,25.8,227.0,3.7,11.0,140.0
2023-10-25T12:00,65.7,38.8,248.0,4.2,10.7,141.0
2023-10-25T13:00,65.2,38.2,245.0,3.8,9.7,138.0
2023-10-25T14:00,64.0,37.1,240.0,3.3,8.2,134.0
2023-10-25T15:00,62.2,35.6,236.0,2.9,6.9,130.0
2023-10-25T16:00,60.3,34.3,231.0,2.6,6.0,127.0
2023-10-25T17:00,58.3,32.9,227.0,2.4,5.2,124.0
2023-10-25T18:00,56.6,31.7,225.0,2.3,4.6,120.0
2023-10-25T19:00,55.8,31.1,227.0,2.4,4.3,116.0
2023-10-25T20:00,55.5,31.0,231.0,2.6,4.1,111.0
2023-10-25T21:00,54.5,30.9,239.0,2.9,4.2,106.0
2023-10-25T22:00,54.5,31.3,254.0,3.4,4.4,100.0
2023-10-25T23:00,54.1,31.4,272.0,4.1,4.9,93.0
2023-10-26T00:00,57.6,34.5,317.0,5.5,6.3,88.0
2023-10-26T01:00,59.1,35.5,323.0,5.5,7.3,91.0
2023-10-26T02:00,60.8,36.4,330.0,5.5,8.6,96.0
2023-10-26T03:00,61.9,36.9,330.0,5.1,9.3,103.0
2023-10-26T04:00,60.1,35.3,316.0,4.0,8.7,116.0
2023-10-26T05:00,59.6,34.9,296.0,2.6,7.5,132.0
2023-10-26T06:00,59.4,34.7,278.0,1.6,6.4,144.0
2023-10-26T07:00,59.3,34.6,267.0,1.2,5.7,148.0
2023-10-26T08:00,59.5,34.6,259.0,1.2,5.2,149.0
2023-10-26T09:00,59.8,34.7,254.0,1.4,4.8,147.0
2023-10-26T10:00,60.3,34.9,252.0,1.8,4.5,144.0
2023-10-26T11:00,60.5,35.2,252.0,2.5,4.4,140.0
2023-10-26T12:00,,48.5,267.0,3.3,8.2,163.0
2023-10-26T13:00,,48.8,267.0,3.2,7.8,158.0
2023-10-26T14:00,,48.3,266.0,3.0,7.1,151.0
2023-10-26T15:00,,47.1,262.0,2.8,6.3,144.0
2023-10-26T16:00,78.0,45.3,253.0,2.4,5.2,137.0
2023-10-26T17:00,74.7,43.2,242.0,2.0,3.9,129.0
2023-10-26T18:00,71.0,41.0,234.0,1.6,2.9,123.0
2023-10-26T19:00,67.3,38.9,229.0,1.3,2.3,119.0
2023-10-26T20:00,64.7,37.3,226.0,1.1,2.0,116.0
2023-10-26T21:00,62.6,36.2,230.0,1.2,1.8,112.0
2023-10-26T22:00,61.0,35.6,244.0,1.8,1.8,106.0
2023-10-26T23:00,59.0,35.0,264.0,2.7,1.9,100.0
2023-10-27T00:00,65.2,39.5,307.0,4.1,3.0,96.0
2023-10-27T01:00,64.7,39.3,308.0,4.3,4.0,99.0
2023-10-27T02:00,67.8,40.4,309.0,4.6,5.4,103.0
2023-10-27T03:00,67.3,39.7,308.0,4.5,6.4,109.0
2023-10-27T04:00,65.4,38.8,303.0,3.7,6.7,121.0
2023-10-27T05:00,61.7,36.7,295.0,2.6,6.6,135.0
2023-10-27T06:00,58.4,34.8,285.0,1.7,6.1,143.0
2023-10-27T07:00,53.9,31.9,271.0,1.3,5.0,139.0
2023-10-27T08:00,49.9,29.5,254.0,1.2,3.5,127.0
2023-10-27T09:00,47.8,28.0,241.0,1.2,2.3,116.0
2023-10-27T10:00,47.3,27.5,233.0,1.4,1.6,105.0
2023-10-27T11:00,47.7,27.6,228.0,1.8,1.2,94.0
2023-10-27T12:00,39.2,22.6,210.0,2.0,0.9,84.0
2023-10-27T13:00,40.7,23.5,212.0,2.2,0.9,82.0
2023-10-27T14:00,42.5,24.4,214.0,2.4,1.0,80.0
2023-10-27T15:00,43.9,25.1,214.0,2.6,1.0,78.0
2023-10-27T16:00,45.8,26.1,209.0,2.5,1.0,78.0
2023-10-27T17:00,47.5,27.1,202.0,2.4,1.0,79.0
2023-10-27T18:00,47.4,27.0,198.0,2.4,1.0,79.0
2023-10-27T19:00,47.7,27.1,199.0,2.7,1.1,78.0
2023-10-27T20:00,48.1,27.4,204.0,3.2,1.3,76.0
2023-10-27T21:00,48.4,27.8,213.0,3.7,1.5,74.0
2023-10-27T22:00,48.1,28.0,232.0,4.5,1.6,70.0
2023-10-27T23:00,47.1,27.8,255.0,5.3,1.7,66.0
2023-10-28T00:00,44.8,26.6,272.0,5.8,1.9,63.0
2023-10-28T01:00,45.3,27.0,280.0,5.7,2.2,65.0
2023-10-28T02:00,46.1,27.4,289.0,5.6,2.7,69.0
2023-10-28T03:00,46.1,27.1,285.0,5.1,2.9,73.0
2023-10-28T04:00,44.4,25.4,256.0,3.8,2.6,79.0
2023-10-28T05:00,43.2,24.6,214.0,2.1,2.0,87.0
2023-10-28T06:00,42.1,23.9,182.0,0.9,1.5,91.0
2023-10-28T07:00,41.2,23.3,170.0,0.5,1.2,90.0
2023-10-28T08:00,39.9,22.6,167.0,0.6,1.0,85.0
2023-10-28T09:00,38.5,21.8,167.0,0.8,0.9,80.0
2023-10-28T10:00,36.9,21.0,168.0,1.1,0.8,76.0
2023-10-28T11:00,35.3,20.1,173.0,1.5,0.7,71.0
2023-10-28T12:00,31.8,18.2,184.0,2.0,0.7,66.0
2023-10-28T13:00,29.9,17.2,186.0,2.0,0.7,64.0
2023-10-28T14:00,27.0,15.7,187.0,1.9,0.7,61.0
2023-10-28T15:00,23.2,13.4,188.0,1.8,0.7,59.0
2023-10-28T16:00,19.7,11.3,186.0,1.7,0.7,58.0
2023-10-28T17:00,17.2,9.8,183.0,1.6,0.6,58.0
2023-10-28T18:00,15.8,8.9,179.0,1.5,0.6,58.0
2023-10-28T19:00,15.1,8.4,173.0,1.2,0.5,58.0
2023-10-28T20:00,14.3,7.9,167.0,0.9,0.5,59.0
2023-10-28T21:00,14.0,7.7,164.0,0.7,0.5,60.0
2023-10-28T22:00,14.0,7.8,166.0,0.8,0.6,61.0
2023-10-28T23:00,14.2,8.0,170.0,1.0,0.7,61.0
2023-10-29T00:00,17.8,10.0,166.0,1.2,0.7,64.0
2023-10-29T01:00,19.1,10.8,172.0,1.6,0.9,65.0
2023-10-29T02:00,20.2,11.4,181.0,2.1,1.2,68.0
2023-10-29T03:00,19.9,11.3,186.0,2.3,1.4,70.0
2023-10-29T04:00,19.1,10.9,186.0,2.0,1.3,73.0
2023-10-29T05:00,17.7,10.1,183.0,1.4,1.1,77.0
2023-10-29T06:00,16.6,9.5,180.0,1.0,0.9,79.0
2023-10-29T07:00,15.7,8.9,179.0,0.8,0.9,80.0
2023-10-29T08:00,13.6,7.8,178.0,0.8,0.9,80.0
2023-10-29T09:00,12.5,7.1,178.0,0.9,0.9,79.0
2023-10-29T10:00,12.3,6.9,178.0,1.2,0.9,76.0
2023-10-29T11:00,13.0,7.3,178.0,1.6,0.8,73.0
2023-10-29T12:00,15.4,8.6,185.0,2.1,0.8,71.0
2023-10-29T13:00,17.3,9.7,187.0,2.3,0.9,69.0
2023-10-29T14:00,17.7,10.0,190.0,2.6,1.0,67.0
2023-10-29T15:00,18.3,10.4,191.0,2.7,1.0,66.0
2023-10-29T16:00,18.1,10.2,188.0,2.4,0.9,67.0
2023-10-29T17:00,17.9,10.2,183.0,1.8,0.7,68.0
2023-10-29T18:00,17.1,9.7,180.0,1.4,0.6,69.0
2023-10-29T19:00,17.1,9.7,180.0,1.3,0.6,69.0
2023-10-29T20:00,16.8,9.6,181.0,1.3,0.6,68.0
2023-10-29T21:00,16.2,9.4,183.0,1.3,0.7,68.0
2023-10-29T22:00,16.1,9.4,184.0,1.3,0.8,69.0
2023-10-29T23:00,16.4,9.6,185.0,1.2,0.8,70.0
2023-10-30T00:00,21.2,12.5,187.0,1.4,0.9,73.0
2023-10-30T01:00,21.9,12.9,194.0,2.0,1.0,73.0
2023-10-30T02:00,21.5,12.8,204.0,2.9,1.2,73.0
2023-10-30T03:00,21.4,12.9,211.0,3.4,1.3,74.0
2023-10-30T04:00,22.2,13.4,211.0,3.1,1.3,76.0
2023-10-30T05:00,21.7,13.2,207.0,2.5,1.3,78.0
2023-10-30T06:00,21.0,12.8,204.0,2.0,1.3,81.0
2023-10-30T07:00,21.9,13.3,204.0,1.7,1.3,84.0
2023-10-30T08:00,25.6,15.4,204.0,1.6,1.3,88.0
2023-10-30T09:00,27.8,16.8,207.0,1.7,1.3,91.0
2023-10-30T10:00,32.6,19.6,213.0,2.1,1.3,94.0
2023-10-30T11:00,38.3,22.9,221.0,2.8,1.4,97.0
2023-10-30T12:00,38.2,23.2,244.0,4.5,2.3,103.0
2023-10-30T13:00,44.6,26.7,253.0,4.6,2.6,103.0
2023-10-30T14:00,51.6,30.6,266.0,4.6,2.9,104.0
2023-10-30T15:00,52.5,31.2,276.0,4.6,3.3,104.0
2023-10-30T16:00,53.3,31.7,280.0,4.5,3.6,104.0
2023-10-30T17:00,54.4,32.2,281.0,4.2,3.9,103.0
2023-10-30T18:00,54.2,32.1,283.0,4.0,4.2,102.0
2023-10-30T19:00,54.0,31.8,285.0,3.6,4.3,102.0
2023-10-30T20:00,54.8,32.2,287.0,3.3,4.3,101.0
2023-10-30T21:00,55.3,32.4,293.0,3.2,4.7,99.0
2023-10-30T22:00,55.5,32.5,306.0,3.6,5.8,92.0
2023-10-30T23:00,55.6,32.7,324.0,4.4,7.4,84.0
2023-10-31T00:00,67.3,38.4,342.0,5.6,6.8,80.0
2023-10-31T01:00,66.8,38.5,361.0,6.5,8.1,80.0
2023-10-31T02:00,66.6,38.6,,7.7,9.7,81.0
2023-10-31T03:00,67.3,39.0,,7.9,10.3,86.0
2023-10-31T04:00,64.5,37.0,354.0,6.2,8.8,100.0
2023-10-31T05:00,57.6,32.5,300.0,3.5,6.2,118.0
2023-10-31T06:00,51.5,28.3,254.0,1.5,4.0,129.0
2023-10-31T07:00,47.7,26.0,226.0,0.8,2.7,125.0
2023-10-31T08:00,44.8,24.3,207.0,0.8,1.8,113.0
2023-10-31T09:00,43.9,23.7,194.0,0.9,1.2,102.0
2023-10-31T10:00,42.5,23.1,187.0,1.2,0.8,95.0
2023-10-31T11:00,42.3,23.1,187.0,1.6,0.7,90.0
2023-10-31T12:00,42.5,23.1,192.0,2.2,1.0,89.0
2023-10-31T13:00,41.9,22.9,193.0,2.0,1.0,89.0
2023-10-31T14:00,41.8,23.0,194.0,1.8,0.9,89.0
2023-10-31T15:00,40.0,22.2,195.0,1.7,0.9,89.0
2023-10-31T16:00,35.0,19.6,198.0,1.7,0.9,90.0
2023-10-31T17:00,29.7,16.8,201.0,1.8,0.9,92.0
2023-10-31T18:00,24.5,14.0,202.0,1.8,0.9,93.0
2023-10-31T19:00,20.7,11.9,200.0,1.6,0.9,93.0
2023-10-31T20:00,17.9,10.4,196.0,1.4,0.9,92.0
2023-10-31T21:00,15.6,9.0,194.0,1.2,0.9,91.0
2023-10-31T22:00,15.0,8.6,193.0,1.1,0.9,90.0
2023-10-31T23:00,13.3,7.7,193.0,1.1,0.9,89.0
2023-11-01T00:00,16.5,9.8,201.0,1.3,1.1,88.0
2023-11-01T01:00,16.9,10.1,210.0,2.1,1.7,87.0
2023-11-01T02:00,16.7,10.2,222.0,3.2,2.5,85.0
2023-11-01T03:00,18.2,11.0,228.0,3.8,3.0,85.0
2023-11-01T04:00,17.2,10.2,224.0,3.4,3.0,88.0
2023-11-01T05:00,16.3,9.7,215.0,2.6,2.8,92.0
2023-11-01T06:00,13.8,8.1,205.0,1.9,2.4,94.0
2023-11-01T07:00,11.6,6.8,195.0,1.5,1.9,91.0
2023-11-01T08:00,9.5,5.5,183.0,1.3,1.3,85.0
2023-11-01T09:00,8.3,4.7,175.0,1.3,0.9,79.0
2023-11-01T10:00,8.0,4.5,172.0,1.6,0.8,75.0
2023-11-01T11:00,7.4,4.1,171.0,2.1,0.8,70.0
2023-11-01T12:00,7.4,4.5,194.0,4.2,1.7,75.0
2023-11-01T13:00,7.5,4.6,192.0,4.2,1.9,71.0
2023-11-01T14:00,7.3,4.4,189.0,4.3,2.1,66.0
2023-11-01T15:00,7.2,4.3,185.0,4.2,2.2,61.0
2023-11-01T16:00,7.5,4.5,177.0,3.8,2.0,58.0
2023-11-01T17:00,7.0,4.1,167.0,3.3,1.7,55.0
2023-11-01T18:00,6.5,3.7,161.0,3.0,1.6,52.0
2023-11-01T19:00,6.4,3.7,161.0,3.0,1.7,50.0
2023-11-01T20:00,6.6,3.9,163.0,3.2,2.0,48.0
2023-11-01T21:00,6.8,4.1,166.0,3.4,2.4,46.0
2023-11-01T22:00,7.3,4.4,167.0,3.7,2.8,44.0
2023-11-01T23:00,7.5,4.5,168.0,4.0,3.2,43.0
2023-11-02T00:00,7.3,4.1,147.0,2.3,1.8,44.0
2023-11-02T01:00,7.9,4.5,155.0,3.1,2.3,44.0
2023-11-02T02:00,8.4,4.9,165.0,4.3,3.0,43.0
2023-11-02T03:00,8.1,4.8,172.0,4.9,3.4,44.0
2023-11-02T04:00,8.3,4.9,172.0,4.6,3.4,47.0
2023-11-02T05:00,8.8,5.1,167.0,3.9,3.1,51.0
2023-11-02T06:00,8.9,5.1,163.0,3.1,2.8,55.0
2023-11-02T07:00,9.1,5.1,159.0,2.4,2.3,58.0
2023-11-02T08:00,8.2,4.6,154.0,1.8,1.8,61.0
2023-11-02T09:00,7.5,4.2,152.0,1.4,1.3,63.0
2023-11-02T10:00,7.2,3.9,153.0,1.5,1.0,62.0
2023-11-02T11:00,7.6,4.2,156.0,1.9,0.9,61.0
2023-11-02T12:00,7.7,4.2,161.0,2.0,0.8,59.0
2023-11-02T13:00,8.3,4.5,166.0,2.1,0.8,58.0
2023-11-02T14:00,9.3,5.1,172.0,2.3,0.8,58.0
2023-11-02T15:00,9.5,5.3,178.0,2.5,0.9,57.0
2023-11-02T16:00,9.7,5.4,181.0,2.7,1.0,57.0
2023-11-02T17:00,9.4,5.3,184.0,2.9,1.1,57.0
2023-11-02T18:00,8.6,4.9,185.0,3.1,1.3,57.0
2023-11-02T19:00,7.8,4.5,185.0,3.1,1.5,57.0
2023-11-02T20:00,7.1,4.1,183.0,3.0,1.9,58.0
2023-11-02T21:00,6.4,3.7,183.0,3.1,2.3,58.0
2023-11-02T22:00,6.2,3.6,186.0,3.4,2.9,57.0
2023-11-02T23:00,6.3,3.8,190.0,3.9,3.7,54.0
2023-11-03T00:00,6.0,3.4,152.0,2.0,1.5,56.0
2023-11-03T01:00,6.0,3.5,155.0,2.5,1.7,55.0
2023-11-03T02:00,6.4,3.7,158.0,3.2,2.1,53.0
2023-11-03T03:00,6.4,3.8,159.0,3.5,2.3,53.0
2023-11-03T04:00,6.7,3.9,156.0,3.1,2.4,57.0
2023-11-03T05:00,7.2,4.2,151.0,2.3,2.3,62.0
2023-11-03T06:00,7.4,4.3,146.0,1.6,2.2,66.0
2023-11-03T07:00,7.3,4.2,141.0,1.2,1.9,67.0
2023-11-03T08:00,7.5,4.2,135.0,1.0,1.6,67.0
2023-11-03T09:00,7.6,4.2,130.0,1.0,1.3,65.0
2023-11-03T10:00,7.6,4.1,126.0,1.3,1.1,60.0
2023-11-03T11:00,7.8,4.2,122.0,1.8,0.9,53.0
2023-11-03T12:00,11.1,5.9,117.0,2.3,0.8,49.0
2023-11-03T13:00,11.2,6.1,120.0,2.6,0.9,48.0
2023-11-03T14:00,11.6,6.3,125.0,3.0,1.0,46.0
2023-11-03T15:00,11.6,6.4,128.0,3.1,1.0,45.0
2023-11-03T16:00,11.7,6.4,127.0,2.8,0.9,44.0
2023-11-03T17:00,11.0,6.1,125.0,2.2,0.8,44.0
2023-11-03T18:00,9.7,5.4,122.0,1.8,0.7,44.0
2023-11-03T19:00,8.9,4.9,120.0,1.6,0.7,44.0
2023-11-03T20:00,8.0,4.5,118.0,1.4,0.7,43.0
2023-11-03T21:00,7.7,4.3,117.0,1.4,0.8,43.0
2023-11-03T22:00,7.3,4.1,118.0,1.5,0.9,43.0
2023-11-03T23:00,6.9,3.9,120.0,1.6,1.0,42.0
2023-11-04T00:00,6.8,4.0,125.0,1.7,1.0,42.0
2023-11-04T01:00,6.4,3.8,128.0,2.0,1.1,42.0
2023-11-04T02:00,5.9,3.5,133.0,2.4,1.2,43.0
2023-11-04T03:00,5.7,3.5,137.0,2.7,1.3,44.0
2023-11-04T04:00,5.5,3.4,139.0,2.8,1.5,46.0
2023-11-04T05:00,5.5,3.5,140.0,2.8,1.7,48.0
2023-11-04T06:00,5.7,3.6,140.0,2.7,1.8,49.0
2023-11-04T07:00,5.4,3.4,138.0,2.5,1.8,50.0
2023-11-04T08:00,5.4,3.4,135.0,2.3,1.7,50.0
2023-11-04T09:00,5.4,3.3,133.0,2.3,1.6,50.0
2023-11-04T10:00,5.3,3.2,134.0,2.7,1.6,50.0
2023-11-04T11:00,5.2,3.1,136.0,3.2,1.6,49.0
2023-11-04T12:00,6.4,3.9,144.0,4.1,1.6,50.0
2023-11-04T13:00,6.5,3.8,140.0,3.4,1.3,50.0
2023-11-04T14:00,6.7,3.8,135.0,2.5,1.0,50.0
2023-11-04T15:00,6.6,3.7,134.0,2.0,0.8,50.0
2023-11-04T16:00,7.0,3.9,141.0,2.1,0.7,51.0
2023-11-04T17:00,7.4,4.2,153.0,2.6,0.7,52.0
2023-11-04T18:00,7.3,4.3,163.0,3.3,1.3,52.0
2023-11-04T19:00,7.0,4.2,167.0,4.3,2.9,51.0
2023-11-04T20:00,7.1,4.3,169.0,5.6,5.1,50.0
2023-11-04T21:00,7.0,4.4,173.0,6.9,7.4,48.0
2023-11-04T22:00,7.3,4.6,180.0,8.4,9.6,44.0
2023-11-04T23:00,7.5,4.9,189.0,9.9,12.0,40.0
2023-11-05T00:00,5.5,3.7,165.0,10.8,15.8,39.0
2023-11-05T01:00,6.3,4.2,170.0,11.2,18.2,39.0
2023-11-05T02:00,7.0,4.7,176.0,11.7,21.7,39.0
2023-11-05T03:00,7.7,5.2,180.0,11.8,24.5,41.0
2023-11-05T04:00,8.1,5.5,181.0,11.1,,46.0
2023-11-05T05:00,8.9,6.0,180.0,9.9,,52.0
2023-11-05T06:00,10.0,6.6,178.0,8.7,,59.0
2023-11-05T07:00,11.6,7.6,176.0,7.8,,67.0
2023-11-05T08:00,13.4,8.6,173.0,6.8,24.0,76.0
2023-11-05T09:00,15.2,9.4,170.0,5.9,20.4,82.0
2023-11-05T10:00,16.1,9.6,164.0,4.8,15.4,83.0
2023-11-05T11:00,15.7,8.9,157.0,3.7,9.5,82.0
2023-11-05T12:00,11.8,6.9,153.0,3.4,8.6,82.0
2023-11-05T13:00,10.8,6.3,157.0,3.3,7.0,79.0
2023-11-05T14:00,10.2,6.0,163.0,3.1,4.9,74.0
2023-11-05T15:00,9.7,5.7,168.0,3.0,3.2,69.0
2023-11-05T16:00,9.1,5.4,169.0,2.9,2.4,65.0
2023-11-05T17:00,8.0,4.8,169.0,2.9,2.0,62.0
2023-11-05T18:00,7.5,4.5,172.0,3.1,2.1,59.0
2023-11-05T19:00,8.2,5.1,181.0,3.8,2.9,56.0
2023-11-05T20:00,9.1,5.7,193.0,4.8,4.1,53.0
2023-11-05T21:00,10.4,6.6,204.0,5.6,5.2,51.0
2023-11-05T22:00,11.2,7.2,211.0,6.1,5.9,49.0
2023-11-05T23:00,11.7,7.6,217.0,6.5,6.5,47.0
2023-11-06T00:00,9.8,6.2,206.0,5.8,3.8,47.0
2023-11-06T01:00,9.8,6.3,198.0,5.5,4.4,48.0
2023-11-06T02:00,10.1,6.5,186.0,5.0,5.1,51.0
2023-11-06T03:00,8.4,5.4,175.0,4.3,5.3,54.0
2023-11-06T04:00,7.8,5.0,168.0,3.3,4.3,60.0
2023-11-06T05:00,7.7,5.0,162.0,2.0,2.8,66.0
2023-11-06T06:00,6.8,4.3,155.0,1.1,1.5,70.0
2023-11-06T07:00,6.0,3.7,145.0,0.7,0.8,68.0
2023-11-06T08:00,5.3,3.2,135.0,0.7,0.4,64.0
2023-11-06T09:00,4.9,2.8,126.0,0.8,0.2,59.0
2023-11-06T10:00,4.7,2.7,120.0,1.1,0.1,55.0
2023-11-06T11:00,4.8,2.6,116.0,1.6,0.2,51.0
2023-11-06T12:00,11.0,6.4,114.0,2.2,0.3,44.0
2023-11-06T13:00,11.4,6.5,117.0,2.5,0.5,42.0
2023-11-06T14:00,12.0,6.9,122.0,3.0,0.8,40.0
2023-11-06T15:00,12.4,7.2,127.0,3.5,1.1,38.0
2023-11-06T16:00,12.8,7.4,133.0,3.8,1.3,39.0
2023-11-06T17:00,13.0,7.6,139.0,4.1,1.5,40.0
2023-11-06T18:00,12.8,7.5,145.0,4.5,1.9,41.0
2023-11-06T19:00,12.4,7.2,149.0,5.3,2.7,40.0
2023-11-06T20:00,12.0,7.1,153.0,6.2,3.8,39.0
2023-11-06T21:00,11.8,7.1,158.0,7.0,4.8,37.0
2023-11-06T22:00,11.3,6.8,164.0,7.6,5.5,35.0
2023-11-06T23:00,10.9,6.7,172.0,8.1,6.2,33.0
2023-11-07T00:00,4.9,3.2,152.0,4.7,3.3,38.0
2023-11-07T01:00,5.4,3.6,154.0,4.8,3.6,39.0
2023-11-07T02:00,5.6,3.6,156.0,4.9,4.0,40.0
2023-11-07T03:00,5.6,3.5,157.0,4.7,4.1,42.0
2023-11-07T04:00,6.1,3.7,154.0,3.8,3.7,47.0
2023-11-07T05:00,6.3,3.9,148.0,2.6,3.0,53.0
2023-11-07T06:00,5.9,3.5,144.0,1.7,2.3,57.0
2023-11-07T07:00,5.6,3.2,141.0,1.3,1.8,57.0
2023-11-07T08:00,6.0,3.3,139.0,1.2,1.4,56.0
2023-11-07T09:00,6.3,3.5,138.0,1.3,1.1,54.0
2023-11-07T10:00,6.3,3.5,138.0,1.7,0.9,52.0
2023-11-07T11:00,6.2,3.4,140.0,2.2,0.9,49.0
2023-11-07T12:00,8.9,5.4,151.0,3.6,1.3,46.0
2023-11-07T13:00,8.8,5.1,153.0,3.7,1.4,46.0
2023-11-07T14:00,9.1,5.4,155.0,3.7,1.5,46.0
2023-11-07T15:00,9.3,5.5,157.0,3.8,1.7,46.0
2023-11-07T16:00,9.7,5.7,159.0,3.9,1.9,46.0
2023-11-07T17:00,9.8,5.8,160.0,3.9,2.1,45.0
2023-11-07T18:00,9.4,5.5,161.0,3.9,2.3,45.0
2023-11-07T19:00,8.7,5.1,162.0,3.8,2.4,44.0
2023-11-07T20:00,8.1,4.8,162.0,3.7,2.6,44.0
2023-11-07T21:00,7.0,4.1,163.0,3.7,2.7,43.0
2023-11-07T22:00,6.7,4.0,162.0,3.7,2.8,43.0
2023-11-07T23:00,7.2,4.2,161.0,3.7,2.8,42.0
2023-11-08T00:00,2.9,1.9,170.0,4.2,3.4,40.0
2023-11-08T01:00,3.2,2.2,180.0,5.0,4.2,38.0
2023-11-08T02:00,3.9,2.7,194.0,6.0,5.2,35.0
2023-11-08T03:00,4.7,3.3,203.0,6.4,6.0,38.0
2023-11-08T04:00,5.8,3.9,202.0,5.4,6.4,51.0
2023-11-08T05:00,7.1,4.7,197.0,3.8,6.5,70.0
2023-11-08T06:00,8.2,5.3,190.0,2.5,6.2,84.0
2023-11-08T07:00,9.4,5.9,183.0,1.9,5.4,90.0
2023-11-08T08:00,10.8,6.5,175.0,1.6,4.3,92.0
2023-11-08T09:00,11.6,6.8,169.0,1.6,3.3,90.0
2023-11-08T10:00,12.5,7.2,166.0,1.9,2.6,83.0
2023-11-08T11:00,13.0,7.5,165.0,2.3,1.9,72.0
2023-11-08T12:00,24.8,14.7,161.0,2.5,1.8,69.0
2023-11-08T13:00,23.7,14.2,164.0,2.6,1.7,65.0
2023-11-08T14:00,23.2,14.0,168.0,2.8,1.5,59.0
2023-11-08T15:00,23.0,13.9,172.0,2.9,1.4,55.0
2023-11-08T16:00,22.3,13.5,174.0,2.9,1.4,55.0
2023-11-08T17:00,21.7,13.2,175.0,2.8,1.4,56.0
2023-11-08T18:00,21.0,12.7,177.0,2.9,1.5,57.0
2023-11-08T19:00,20.5,12.5,183.0,3.2,1.7,57.0
2023-11-08T20:00,19.6,12.0,190.0,3.6,2.1,56.0
2023-11-08T21:00,18.8,11.6,195.0,3.9,2.3,55.0
2023-11-08T22:00,16.8,10.4,194.0,3.8,2.3,55.0
2023-11-08T23:00,15.9,9.8,191.0,3.5,2.3,55.0
2023-11-09T00:00,11.8,7.4,188.0,3.3,2.6,54.0
2023-11-09T01:00,11.3,7.1,193.0,3.8,3.0,54.0
2023-11-09T02:00,11.1,7.0,201.0,4.3,3.5,53.0
2023-11-09T03:00,11.2,7.1,204.0,4.5,3.8,55.0
2023-11-09T04:00,11.7,7.3,200.0,3.8,3.7,60.0
2023-11-09T05:00,11.9,7.4,192.0,2.8,3.3,67.0
2023-11-09T06:00,11.5,7.1,185.0,1.9,2.9,72.0
2023-11-09T07:00,11.0,6.7,181.0,1.5,2.6,76.0
2023-11-09T08:00,10.9,6.6,177.0,1.4,2.2,78.0
2023-11-09T09:00,11.1,6.6,174.0,1.4,1.9,78.0
2023-11-09T10:00,10.4,6.1,171.0,1.7,1.6,75.0
2023-11-09T11:00,9.4,5.5,169.0,2.2,1.4,69.0
2023-11-09T12:00,14.1,8.5,181.0,4.7,2.2,63.0
2023-11-09T13:00,14.7,8.8,177.0,4.2,2.0,62.0
2023-11-09T14:00,14.6,8.7,172.0,3.4,1.7,60.0
2023-11-09T15:00,13.7,8.1,167.0,2.8,1.5,59.0
2023-11-09T16:00,13.2,7.9,164.0,2.4,1.4,59.0
2023-11-09T17:00,13.0,7.7,161.0,2.2,1.3,60.0
2023-11-09T18:00,12.1,7.1,161.0,2.1,1.3,60.0
2023-11-09T19:00,11.9,7.0,164.0,2.1,1.3,59.0
2023-11-09T20:00,11.3,6.8,168.0,2.3,1.4,59.0
2023-11-09T21:00,11.9,7.1,172.0,2.4,1.5,58.0
2023-11-09T22:00,12.9,7.6,173.0,2.4,1.5,58.0
2023-11-09T23:00,13.2,7.8,173.0,2.3,1.6,58.0
2023-11-10T00:00,18.3,11.1,181.0,2.4,1.9,63.0
2023-11-10T01:00,20.5,12.4,188.0,2.7,2.2,65.0
2023-11-10T02:00,24.3,14.6,196.0,3.0,2.5,68.0
2023-11-10T03:00,28.1,16.7,202.0,3.1,2.6,72.0
2023-11-10T04:00,31.2,18.3,201.0,2.5,2.3,77.0
2023-11-10T05:00,33.8,19.7,196.0,1.6,1.8,83.0
2023-11-10T06:00,36.7,21.3,193.0,1.0,1.4,87.0
2023-11-10T07:00,36.9,21.3,192.0,0.8,1.2,88.0
2023-11-10T08:00,38.6,22.3,193.0,0.8,1.1,88.0
2023-11-10T09:00,41.1,23.6,195.0,1.0,1.0,87.0
2023-11-10T10:00,43.0,24.7,199.0,1.5,0.9,84.0
2023-11-10T11:00,46.7,26.8,206.0,2.1,0.9,80.0
2023-11-10T12:00,,49.7,259.0,2.9,1.9,105.0
2023-11-10T13:00,,,264.0,2.8,2.1,105.0
2023-11-10T14:00,,,272.0,2.7,2.5,105.0
2023-11-10T15:00,,,277.0,2.5,2.6,106.0
2023-11-10T16:00,,48.1,278.0,2.2,2.4,107.0
2023-11-10T17:00,,47.5,277.0,1.9,2.0,108.0
2023-11-10T18:00,78.2,45.4,278.0,1.6,1.8,109.0
2023-11-10T19:00,72.6,42.4,283.0,1.4,1.8,110.0
2023-11-10T20:00,71.2,41.4,291.0,1.3,1.9,112.0
2023-11-10T21:00,72.2,41.9,300.0,1.3,2.2,112.0
2023-11-10T22:00,71.7,41.7,310.0,1.5,2.7,110.0
2023-11-10T23:00,73.1,42.4,322.0,1.8,3.2,108.0
2023-11-11T00:00,78.5,44.8,342.0,2.5,4.3,106.0
2023-11-11T01:00,76.8,43.7,347.0,2.9,4.5,108.0
2023-11-11T02:00,77.3,43.8,354.0,3.3,4.8,110.0
2023-11-11T03:00,74.5,41.9,357.0,3.4,4.8,114.0
2023-11-11T04:00,72.2,40.5,355.0,2.8,4.4,121.0
2023-11-11T05:00,70.1,39.2,349.0,1.8,3.8,128.0
2023-11-11T06:00,68.9,38.3,344.0,1.0,3.2,133.0
2023-11-11T07:00,68.0,37.7,341.0,0.7,2.9,132.0
2023-11-11T08:00,68.2,37.8,339.0,0.8,2.6,128.0
2023-11-11T09:00,69.2,38.3,336.0,0.9,2.4,123.0
2023-11-11T10:00,70.3,39.0,332.0,1.2,2.3,118.0
2023-11-11T11:00,71.5,39.7,327.0,1.7,2.2,113.0
2023-11-11T12:00,75.9,42.3,291.0,2.1,2.1,107.0
2023-11-11T13:00,74.3,41.4,282.0,2.1,1.9,104.0
2023-11-11T14:00,71.0,39.7,269.0,2.0,1.7,100.0
2023-11-11T15:00,67.8,37.8,258.0,2.0,1.5,97.0
2023-11-11T16:00,64.3,35.9,249.0,2.0,1.4,95.0
2023-11-11T17:00,60.8,33.8,240.0,1.9,1.3,94.0
2023-11-11T18:00,56.8,31.5,235.0,1.9,1.2,93.0
2023-11-11T19:00,53.4,29.6,233.0,1.8,1.1,92.0
2023-11-11T20:00,51.6,28.6,233.0,1.8,1.1,91.0
2023-11-11T21:00,51.7,28.8,240.0,1.9,1.2,90.0
2023-11-11T22:00,53.6,29.9,255.0,2.2,1.5,88.0
2023-11-11T23:00,57.0,32.0,276.0,2.7,1.9,85.0
2023-11-12T00:00,61.9,34.9,279.0,2.6,1.7,91.0
2023-11-12T01:00,67.5,38.2,305.0,3.4,2.5,92.0
2023-11-12T02:00,73.3,41.6,341.0,4.3,3.6,95.0
2023-11-12T03:00,78.2,44.4,362.0,4.7,4.3,100.0
2023-11-12T04:00,,46.6,356.0,3.8,4.1,111.0
2023-11-12T05:00,,47.7,336.0,2.3,3.5,126.0
2023-11-12T06:00,,48.2,318.0,1.2,2.9,135.0
2023-11-12T07:00,,47.8,307.0,0.8,2.5,135.0
2023-11-12T08:00,,47.8,298.0,0.8,2.1,129.0
2023-11-12T09:00,,48.0,292.0,1.0,1.8,124.0
2023-11-12T10:00,,48.2,290.0,1.4,1.8,120.0
2023-11-12T11:00,,48.4,291.0,2.0,1.9,115.0
2023-11-12T12:00,,,321.0,3.2,3.5,119.0
2023-11-12T13:00,,,332.0,3.3,3.9,118.0
2023-11-12T14:00,,,348.0,3.4,4.4,117.0
2023-11-12T15:00,,,360.0,3.4,4.6,117.0
2023-11-12T16:00,,,365.0,3.2,4.3,118.0
2023-11-12T17:00,,,367.0,2.9,3.8,119.0
2023-11-12T18:00,,,370.0,2.7,3.5,119.0
2023-11-12T19:00,,,376.0,2.8,3.6,116.0
2023-11-12T20:00,,,,3.0,4.0,111.0
2023-11-12T21:00,,,,3.2,4.4,107.0
2023-11-12T22:00,,,,3.4,5.0,103.0
2023-11-12T23:00,,,,3.6,5.8,98.0
2023-11-13T00:00,,,,3.2,5.3,104.0
2023-11-13T01:00,,,,3.8,5.6,105.0
2023-11-13T02:00,,,,4.6,6.1,106.0
2023-11-13T03:00,,,,4.8,6.1,110.0
2023-11-13T04:00,,,,3.9,5.4,121.0
2023-11-13T05:00,,,369.0,2.5,4.4,135.0
2023-11-13T06:00,,,345.0,1.5,3.5,143.0
2023-11-13T07:00,,,326.0,1.2,2.8,139.0
2023-11-13T08:00,,,309.0,1.3,2.3,128.0
2023-11-13T09:00,,50.3,295.0,1.5,1.9,118.0
2023-11-13T10:00,,45.5,287.0,2.0,1.7,110.0
2023-11-13T11:00,75.2,42.6,282.0,2.6,1.6,103.0
2023-11-13T12:00,75.4,43.1,291.0,3.9,2.4,102.0
2023-11-13T13:00,68.5,39.8,280.0,3.5,2.3,98.0
2023-11-13T14:00,60.8,35.9,264.0,3.0,2.1,94.0
2023-11-13T15:00,49.0,29.5,251.0,2.6,1.9,90.0
2023-11-13T16:00,41.3,25.3,244.0,2.3,1.8,89.0
2023-11-13T17:00,32.7,20.4,241.0,2.2,1.7,89.0
2023-11-13T18:00,29.8,18.7,239.0,2.1,1.7,89.0
2023-11-13T19:00,26.4,16.7,239.0,2.2,1.9,88.0
2023-11-13T20:00,24.3,15.4,240.0,2.4,2.2,86.0
2023-11-13T21:00,24.4,15.5,239.0,2.5,2.5,85.0
2023-11-13T22:00,24.9,15.8,233.0,2.4,2.9,84.0
2023-11-13T23:00,26.4,16.5,224.0,2.3,3.3,83.0
2023-11-14T00:00,18.1,10.9,196.0,1.9,2.3,78.0
2023-11-14T01:00,17.7,10.7,202.0,2.8,2.8,79.0
2023-11-14T02:00,18.9,11.4,212.0,4.0,3.5,80.0
2023-11-14T03:00,21.4,12.9,223.0,5.3,4.2,81.0
2023-11-14T04:00,25.6,15.4,240.0,6.7,5.1,83.0
2023-11-14T05:00,30.0,18.5,258.0,8.2,6.0,85.0
2023-11-14T06:00,35.2,21.7,269.0,8.9,6.5,87.0
2023-11-14T07:00,36.8,22.9,265.0,8.3,6.4,89.0
2023-11-14T08:00,35.6,22.4,252.0,7.0,5.8,90.0
2023-11-14T09:00,31.0,19.8,243.0,6.2,5.5,90.0
2023-11-14T10:00,26.8,17.3,239.0,6.5,5.5,88.0
2023-11-14T11:00,26.2,17.1,238.0,7.4,5.7,84.0
2023-11-14T12:00,35.6,22.4,260.0,8.4,5.2,84.0
2023-11-14T13:00,34.7,21.2,253.0,7.9,4.8,82.0
2023-11-14T14:00,29.9,17.9,242.0,7.1,4.2,78.0
2023-11-14T15:00,26.4,15.7,232.0,6.4,3.7,76.0
2023-11-14T16:00,23.8,14.1,223.0,5.7,3.5,76.0
2023-11-14T17:00,22.1,13.0,213.0,5.0,3.5,76.0
2023-11-14T18:00,20.5,12.1,206.0,4.3,3.5,77.0
2023-11-14T19:00,17.4,10.4,201.0,3.7,3.4,77.0
2023-11-14T20:00,16.9,10.2,197.0,3.1,3.3,78.0
2023-11-14T21:00,15.9,9.6,196.0,2.8,3.3,78.0
2023-11-14T22:00,14.7,9.0,199.0,2.8,3.5,78.0
2023-11-14T23:00,15.1,9.3,205.0,2.9,3.8,79.0
2023-11-15T00:00,30.3,18.3,260.0,2.6,3.6,97.0
2023-11-15T01:00,34.0,20.4,271.0,3.4,3.9,98.0
2023-11-15T02:00,36.4,21.9,285.0,4.5,4.3,100.0
2023-11-15T03:00,34.5,20.7,287.0,5.2,4.4,99.0
2023-11-15T04:00,28.3,16.9,268.0,5.0,4.0,94.0
2023-11-15T05:00,23.1,13.6,237.0,4.4,3.4,87.0
2023-11-15T06:00,18.5,11.0,210.0,3.8,2.8,80.0
2023-11-15T07:00,13.4,7.8,189.0,3.4,2.4,74.0
2023-11-15T08:00,10.2,5.7,171.0,3.1,2.2,70.0
2023-11-15T09:00,8.8,4.9,162.0,3.1,2.1,67.0
2023-11-15T10:00,8.0,4.5,166.0,3.7,2.4,68.0
2023-11-15T11:00,8.0,4.5,180.0,4.7,2.8,72.0
2023-11-15T12:00,10.6,5.8,169.0,5.2,2.1,63.0
2023-11-15T13:00,9.2,5.1,172.0,5.1,2.4,65.0
2023-11-15T14:00,9.3,5.2,177.0,5.0,2.7,68.0
2023-11-15T15:00,11.6,6.7,184.0,5.0,3.2,71.0
2023-11-15T16:00,14.4,8.5,193.0,5.2,3.8,73.0
2023-11-15T17:00,16.3,9.8,203.0,5.4,4.4,74.0
2023-11-15T18:00,18.6,11.4,214.0,5.5,5.1,75.0
2023-11-15T19:00,21.8,13.3,226.0,5.4,5.9,77.0
2023-11-15T20:00,25.4,15.8,239.0,5.2,6.8,79.0
2023-11-15T21:00,28.5,17.8,247.0,5.0,7.3,81.0
2023-11-15T22:00,28.2,17.6,248.0,4.6,7.3,82.0
2023-11-15T23:00,29.1,18.0,245.0,4.1,7.0,82.0
2023-11-16T00:00,41.8,25.3,270.0,4.0,6.9,90.0
2023-11-16T01:00,42.8,25.8,274.0,4.7,7.1,89.0
2023-11-16T02:00,46.8,28.1,279.0,5.7,7.4,87.0
2023-11-16T03:00,47.8,28.5,283.0,6.1,7.7,90.0
2023-11-16T04:00,46.7,27.7,285.0,5.4,8.0,101.0
2023-11-16T05:00,44.9,26.6,285.0,4.1,8.4,117.0
2023-11-16T06:00,45.9,27.0,283.0,3.1,8.3,128.0
2023-11-16T07:00,42.1,24.7,278.0,2.6,7.5,132.0
2023-11-16T08:00,38.5,22.5,270.0,2.4,6.3,132.0
2023-11-16T09:00,33.9,19.8,265.0,2.4,5.3,129.0
2023-11-16T10:00,32.2,18.7,264.0,2.7,4.6,123.0
2023-11-16T11:00,32.6,18.7,266.0,3.1,4.1,115.0
2023-11-16T12:00,35.3,20.1,260.0,4.2,3.0,96.0
2023-11-16T13:00,29.6,16.8,250.0,3.6,2.5,95.0
2023-11-16T14:00,24.8,14.0,236.0,2.9,1.9,94.0
2023-11-16T15:00,21.9,12.3,226.0,2.3,1.4,93.0
2023-11-16T16:00,21.0,11.7,221.0,2.2,1.2,92.0
2023-11-16T17:00,21.1,11.8,220.0,2.3,1.1,91.0
2023-11-16T18:00,22.0,12.4,221.0,2.4,1.2,90.0
2023-11-16T19:00,23.1,13.0,226.0,2.5,1.4,90.0
2023-11-16T20:00,25.0,14.0,233.0,2.5,1.7,89.0
2023-11-16T21:00,26.3,14.7,240.0,2.6,2.0,89.0
2023-11-16T22:00,27.8,15.6,246.0,2.7,2.4,88.0
2023-11-16T23:00,29.0,16.2,252.0,2.8,2.8,87.0
2023-11-17T00:00,42.5,23.7,317.0,3.8,6.2,97.0
2023-11-17T01:00,39.9,22.3,306.0,3.7,5.7,100.0
2023-11-17T02:00,38.6,21.4,290.0,3.5,5.0,104.0
2023-11-17T03:00,34.6,19.2,274.0,3.2,4.3,107.0
2023-11-17T04:00,29.9,16.6,259.0,2.5,3.5,110.0
2023-11-17T05:00,25.7,14.2,244.0,1.7,2.6,114.0
2023-11-17T06:00,21.7,11.9,231.0,1.1,1.9,114.0
2023-11-17T07:00,19.6,10.8,222.0,0.9,1.5,110.0
2023-11-17T08:00,18.2,10.0,216.0,0.9,1.3,104.0
2023-11-17T09:00,17.1,9.4,210.0,1.1,1.2,97.0
2023-11-17T10:00,16.4,9.0,204.0,1.5,1.1,90.0
2023-11-17T11:00,15.4,8.4,199.0,1.9,0.9,82.0
2023-11-17T12:00,19.5,10.9,201.0,3.1,1.9,81.0
2023-11-17T13:00,17.4,9.6,197.0,3.2,1.9,77.0
2023-11-17T14:00,15.8,8.7,191.0,3.2,1.9,71.0
2023-11-17T15:00,14.5,7.9,186.0,3.3,1.9,67.0
2023-11-17T16:00,14.1,7.6,183.0,3.4,1.9,65.0
2023-11-17T17:00,13.7,7.4,180.0,3.4,1.8,64.0
2023-11-17T18:00,13.5,7.3,177.0,3.3,1.8,63.0
2023-11-17T19:00,14.2,7.6,172.0,2.9,1.8,63.0
2023-11-17T20:00,13.8,7.3,167.0,2.4,1.7,63.0
2023-11-17T21:00,13.2,7.0,162.0,2.0,1.7,63.0
2023-11-17T22:00,12.5,6.7,158.0,1.7,1.6,63.0
2023-11-17T23:00,12.4,6.6,156.0,1.6,1.5,64.0
2023-11-18T00:00,18.3,9.7,183.0,2.9,3.6,69.0
2023-11-18T01:00,18.0,9.6,187.0,3.1,3.5,69.0
2023-11-18T02:00,18.7,10.2,192.0,3.3,3.4,70.0
2023-11-18T03:00,17.9,9.7,194.0,3.3,3.2,71.0
2023-11-18T04:00,16.8,9.0,190.0,2.7,2.8,75.0
2023-11-18T05:00,15.2,8.1,182.0,1.9,2.3,80.0
2023-11-18T06:00,14.0,7.5,176.0,1.2,1.9,83.0
2023-11-18T07:00,13.2,7.1,172.0,0.9,1.6,82.0
2023-11-18T08:00,11.4,6.1,169.0,0.9,1.3,79.0
2023-11-18T09:00,10.3,5.6,167.0,1.0,1.1,76.0
2023-11-18T10:00,9.6,5.2,167.0,1.4,1.0,72.0
2023-11-18T11:00,9.1,5.0,169.0,1.9,0.9,67.0
2023-11-18T12:00,18.3,9.9,185.0,2.8,1.6,69.0
2023-11-18T13:00,17.4,9.3,183.0,2.6,1.4,68.0
2023-11-18T14:00,16.0,8.6,179.0,2.4,1.2,66.0
2023-11-18T15:00,14.1,7.6,176.0,2.1,1.0,64.0
2023-11-18T16:00,11.8,6.4,172.0,1.9,0.9,63.0
2023-11-18T17:00,10.5,5.7,168.0,1.7,0.8,63.0
2023-11-18T18:00,9.5,5.1,165.0,1.5,0.7,62.0
2023-11-18T19:00,9.3,4.9,162.0,1.3,0.7,61.0
2023-11-18T20:00,9.4,5.0,159.0,1.2,0.7,60.0
2023-11-18T21:00,9.5,5.1,160.0,1.3,0.8,59.0
2023-11-18T22:00,10.1,5.5,166.0,1.7,1.1,58.0
2023-11-18T23:00,11.4,6.2,176.0,2.4,1.6,58.0
2023-11-19T00:00,16.2,8.6,179.0,1.9,1.6,69.0
2023-11-19T01:00,17.2,9.2,188.0,2.4,2.1,70.0
2023-11-19T02:00,18.4,9.9,199.0,3.1,2.8,72.0
2023-11-19T03:00,19.2,10.3,206.0,3.4,3.2,76.0
2023-11-19T04:00,20.3,10.9,204.0,2.9,3.1,83.0
2023-11-19T05:00,21.1,11.2,197.0,2.0,2.7,90.0
2023-11-19T06:00,20.9,11.1,191.0,1.3,2.4,96.0
2023-11-19T07:00,20.5,10.8,186.0,1.0,2.2,97.0
2023-11-19T08:00,20.0,10.6,182.0,1.0,2.2,96.0
2023-11-19T09:00,19.9,10.6,180.0,1.2,2.2,94.0
2023-11-19T10:00,20.3,10.8,180.0,1.8,2.4,91.0
2023-11-19T11:00,21.0,11.2,182.0,2.6,2.8,87.0
2023-11-19T12:00,25.5,13.9,193.0,4.2,4.9,96.0
2023-11-19T13:00,25.5,14.0,200.0,4.8,5.1,90.0
2023-11-19T14:00,26.1,14.5,210.0,5.7,5.3,81.0
2023-11-19T15:00,27.5,15.4,217.0,6.2,5.4,74.0
2023-11-19T16:00,29.6,16.5,217.0,6.1,5.3,71.0
2023-11-19T17:00,31.0,17.2,214.0,5.8,5.2,71.0
2023-11-19T18:00,31.2,17.2,210.0,5.4,5.0,70.0
2023-11-19T19:00,29.6,16.2,207.0,5.2,4.9,68.0
2023-11-19T20:00,28.3,15.4,203.0,4.9,4.7,67.0
2023-11-19T21:00,26.1,14.3,200.0,4.8,4.7,65.0
2023-11-19T22:00,23.5,12.8,196.0,4.7,4.8,63.0
2023-11-19T23:00,20.8,11.4,193.0,4.6,5.0,61.0
2023-11-20T00:00,16.6,9.3,173.0,3.7,4.2,61.0
2023-11-20T01:00,13.3,7.5,174.0,4.0,4.0,60.0
2023-11-20T02:00,12.0,6.9,175.0,4.5,3.8,59.0
2023-11-20T03:00,9.5,5.6,177.0,4.9,3.9,59.0
2023-11-20T04:00,9.0,5.4,182.0,5.2,4.4,61.0
2023-11-20T05:00,8.8,5.4,189.0,5.4,5.2,64.0
2023-11-20T06:00,8.7,5.4,194.0,5.6,5.8,67.0
2023-11-20T07:00,8.6,5.4,195.0,5.7,6.0,69.0
2023-11-20T08:00,8.5,5.3,193.0,5.7,6.1,70.0
2023-11-20T09:00,8.1,4.9,191.0,5.9,6.0,70.0
2023-11-20T10:00,7.5,4.5,189.0,6.4,5.8,67.0
2023-11-20T11:00,7.4,4.5,188.0,6.9,5.6,62.0
2023-11-20T12:00,5.3,3.4,188.0,9.6,7.1,59.0
2023-11-20T13:00,7.3,4.8,198.0,9.9,7.8,61.0
2023-11-20T14:00,9.6,6.3,211.0,10.4,8.7,63.0
2023-11-20T15:00,12.6,8.2,222.0,10.5,9.4,65.0
2023-11-20T16:00,15.2,9.8,227.0,10.0,9.7,67.0
2023-11-20T17:00,17.5,11.1,230.0,9.1,9.9,69.0
2023-11-20T18:00,18.2,11.4,230.0,8.3,9.8,69.0
2023-11-20T19:00,18.3,11.4,227.0,7.5,9.4,67.0
2023-11-20T20:00,18.7,11.6,223.0,6.7,8.8,65.0
2023-11-20T21:00,18.1,11.3,221.0,6.1,8.3,62.0
2023-11-20T22:00,18.3,11.6,227.0,5.9,8.2,60.0
2023-11-20T23:00,19.3,12.3,236.0,5.8,8.2,57.0
2023-11-21T00:00,13.2,8.8,203.0,4.4,6.8,59.0
2023-11-21T01:00,13.5,9.1,202.0,4.9,6.8,57.0
2023-11-21T02:00,12.4,8.4,200.0,5.5,6.7,54.0
2023-11-21T03:00,9.9,6.7,194.0,5.6,6.3,53.0
2023-11-21T04:00,8.1,5.3,180.0,4.8,5.5,54.0
2023-11-21T05:00,7.5,4.8,161.0,3.5,4.4,57.0
2023-11-21T06:00,6.6,4.2,145.0,2.5,3.5,59.0
2023-11-21T07:00,5.6,3.5,135.0,2.0,2.8,59.0
2023-11-21T08:00,5.4,3.3,127.0,1.7,2.2,57.0
2023-11-21T09:00,5.4,3.2,122.0,1.7,1.8,55.0
2023-11-21T10:00,5.3,3.0,119.0,2.0,1.5,52.0
2023-11-21T11:00,5.5,3.1,118.0,2.5,1.3,49.0
2023-11-21T12:00,5.6,3.4,133.0,3.5,1.6,51.0
2023-11-21T13:00,5.3,3.1,133.0,3.3,1.5,50.0
2023-11-21T14:00,6.3,3.6,132.0,3.1,1.4,48.0
2023-11-21T15:00,7.9,4.5,132.0,2.9,1.3,47.0
2023-11-21T16:00,8.9,5.0,134.0,2.9,1.3,46.0
2023-11-21T17:00,9.3,5.3,136.0,2.9,1.3,46.0
2023-11-21T18:00,9.4,5.3,137.0,2.9,1.3,46.0
2023-11-21T19:00,9.2,5.1,135.0,2.7,1.3,46.0
2023-11-21T20:00,8.8,4.9,132.0,2.4,1.3,45.0
2023-11-21T21:00,8.3,4.6,129.0,2.1,1.2,45.0
2023-11-21T22:00,7.7,4.2,126.0,1.8,1.1,45.0
2023-11-21T23:00,7.9,4.3,123.0,1.5,1.0,45.0
2023-11-22T00:00,7.8,4.4,125.0,1.7,1.0,46.0
2023-11-22T01:00,9.3,5.1,136.0,2.7,1.1,46.0
2023-11-22T02:00,9.9,5.6,152.0,4.0,1.3,45.0
2023-11-22T03:00,9.5,5.5,162.0,4.8,1.4,46.0
2023-11-22T04:00,8.9,5.1,162.0,4.5,1.6,48.0
2023-11-22T05:00,8.1,4.7,156.0,3.7,1.8,51.0
2023-11-22T06:00,7.7,4.5,151.0,2.9,1.8,54.0
2023-11-22T07:00,7.7,4.5,147.0,2.2,1.4,56.0
2023-11-22T08:00,6.9,4.0,144.0,1.6,0.8,56.0
2023-11-22T09:00,5.6,3.1,144.0,1.2,0.3,57.0
2023-11-22T10:00,5.2,2.9,149.0,1.4,0.2,57.0
2023-11-22T11:00,5.2,2.9,157.0,1.9,0.2,56.0
2023-11-22T12:00,7.7,4.1,173.0,3.2,0.9,61.0
2023-11-22T13:00,7.7,4.2,175.0,3.2,1.0,61.0
2023-11-22T14:00,8.5,4.7,179.0,3.2,1.1,60.0
2023-11-22T15:00,9.8,5.5,181.0,3.1,1.1,60.0
2023-11-22T16:00,12.0,6.8,181.0,2.9,1.0,60.0
2023-11-22T17:00,12.3,6.9,179.0,2.7,0.8,61.0
2023-11-22T18:00,12.2,6.8,178.0,2.5,0.7,61.0
2023-11-22T19:00,12.4,6.9,177.0,2.4,0.8,61.0
2023-11-22T20:00,11.9,6.6,175.0,2.4,1.1,60.0
2023-11-22T21:00,11.2,6.3,175.0,2.4,1.3,59.0
2023-11-22T22:00,10.5,6.1,177.0,2.6,1.6,57.0
2023-11-22T23:00,10.4,6.0,180.0,2.9,1.8,56.0
2023-11-23T00:00,9.2,5.3,168.0,3.2,3.3,56.0
2023-11-23T01:00,10.1,5.8,172.0,3.7,3.9,56.0
2023-11-23T02:00,11.1,6.4,178.0,4.3,4.7,57.0
2023-11-23T03:00,11.1,6.4,181.0,4.4,5.0,59.0
2023-11-23T04:00,11.6,6.7,178.0,3.7,4.4,63.0
2023-11-23T05:00,12.1,7.1,172.0,2.4,3.4,68.0
2023-11-23T06:00,11.7,6.7,167.0,1.5,2.4,72.0
2023-11-23T07:00,11.2,6.4,163.0,1.1,1.6,74.0
2023-11-23T08:00,10.7,6.0,160.0,0.9,0.8,75.0
2023-11-23T09:00,9.5,5.3,158.0,0.9,0.3,74.0
2023-11-23T10:00,8.0,4.5,157.0,1.2,0.2,71.0
2023-11-23T11:00,6.9,3.9,156.0,1.6,0.3,67.0
2023-11-23T12:00,10.0,5.7,169.0,2.2,0.4,66.0
2023-11-23T13:00,10.3,6.0,173.0,2.5,0.4,64.0
2023-11-23T14:00,10.4,6.1,179.0,2.9,0.5,60.0
2023-11-23T15:00,10.4,6.1,184.0,3.1,0.6,58.0
2023-11-23T16:00,10.4,6.1,186.0,3.1,0.7,58.0
2023-11-23T17:00,10.6,6.2,187.0,2.9,0.8,58.0
2023-11-23T18:00,10.4,6.0,189.0,2.8,0.9,59.0
2023-11-23T19:00,10.2,5.8,191.0,2.6,1.0,60.0
2023-11-23T20:00,10.0,5.7,194.0,2.5,1.0,61.0
2023-11-23T21:00,9.7,5.6,199.0,2.6,1.2,61.0
2023-11-23T22:00,10.0,5.8,207.0,3.1,1.5,61.0
2023-11-23T23:00,10.6,6.1,216.0,3.9,2.0,60.0
2023-11-24T00:00,8.1,4.6,199.0,2.2,1.1,67.0
2023-11-24T01:00,8.3,4.7,199.0,2.2,1.1,68.0
2023-11-24T02:00,8.1,4.5,200.0,2.2,1.0,69.0
2023-11-24T03:00,8.3,4.6,199.0,2.1,1.0,71.0
2023-11-24T04:00,8.3,4.7,196.0,1.8,1.0,74.0
2023-11-24T05:00,8.7,4.8,192.0,1.3,1.0,78.0
2023-11-24T06:00,8.8,4.8,187.0,1.0,1.0,79.0
2023-11-24T07:00,8.6,4.7,182.0,0.8,1.0,77.0
2023-11-24T08:00,10.2,5.5,176.0,0.8,1.0,72.0
2023-11-24T09:00,10.2,5.5,172.0,0.9,0.9,67.0
2023-11-24T10:00,10.1,5.4,169.0,1.3,0.8,62.0
2023-11-24T11:00,10.4,5.6,168.0,1.9,0.7,58.0
2023-11-24T12:00,6.8,3.7,171.0,2.3,0.6,57.0
2023-11-24T13:00,6.6,3.7,171.0,2.4,0.7,56.0
2023-11-24T14:00,7.5,4.2,171.0,2.5,0.9,55.0
2023-11-24T15:00,8.5,4.8,171.0,2.5,1.0,55.0
2023-11-24T16:00,9.0,5.0,169.0,2.4,1.0,56.0
2023-11-24T17:00,9.7,5.4,167.0,2.3,1.0,57.0
2023-11-24T18:00,10.2,5.6,165.0,2.2,1.0,58.0
2023-11-24T19:00,10.0,5.5,162.0,2.0,1.0,58.0
2023-11-24T20:00,10.3,5.6,160.0,1.8,1.0,59.0
2023-11-24T21:00,10.4,5.7,158.0,1.7,1.1,59.0
2023-11-24T22:00,10.4,5.7,157.0,1.7,1.3,59.0
2023-11-24T23:00,9.6,5.3,157.0,1.8,1.6,59.0
2023-11-25T00:00,8.0,4.5,152.0,1.5,1.1,60.0
2023-11-25T01:00,8.5,4.8,157.0,1.9,1.3,62.0
2023-11-25T02:00,10.0,5.7,164.0,2.5,1.6,64.0
2023-11-25T03:00,12.2,6.9,169.0,2.7,1.7,67.0
2023-11-25T04:00,15.8,8.9,170.0,2.3,1.6,72.0
2023-11-25T05:00,18.8,10.5,169.0,1.5,1.3,78.0
2023-11-25T06:00,21.5,12.0,169.0,1.0,1.1,82.0
2023-11-25T07:00,25.3,14.1,169.0,0.8,1.0,83.0
2023-11-25T08:00,26.8,15.0,170.0,0.8,0.9,81.0
2023-11-25T09:00,30.5,17.0,171.0,1.0,0.8,79.0
2023-11-25T10:00,32.7,18.2,174.0,1.5,0.8,76.0
2023-11-25T11:00,31.1,17.3,177.0,2.1,0.8,73.0
2023-11-25T12:00,37.4,20.8,184.0,2.6,0.9,73.0
2023-11-25T13:00,36.3,20.1,180.0,2.4,0.9,72.0
2023-11-25T14:00,36.6,20.1,175.0,2.1,0.8,70.0
2023-11-25T15:00,35.7,19.5,170.0,1.9,0.8,68.0
2023-11-25T16:00,34.7,18.8,167.0,1.7,0.8,67.0
2023-11-25T17:00,34.2,18.6,165.0,1.6,0.7,67.0
2023-11-25T18:00,33.1,17.9,163.0,1.4,0.7,67.0
2023-11-25T19:00,31.8,17.2,162.0,1.1,0.6,67.0
2023-11-25T20:00,29.9,16.2,161.0,0.8,0.6,68.0
2023-11-25T21:00,28.3,15.4,162.0,0.6,0.5,69.0
2023-11-25T22:00,25.1,13.7,164.0,0.5,0.5,70.0
2023-11-25T23:00,23.5,12.9,167.0,0.5,0.5,70.0
2023-11-26T00:00,23.3,13.0,172.0,0.7,0.5,72.0
2023-11-26T01:00,23.7,13.3,179.0,1.1,0.6,73.0
2023-11-26T02:00,21.3,12.0,188.0,1.5,0.7,74.0
2023-11-26T03:00,20.5,11.6,194.0,1.8,0.8,76.0
2023-11-26T04:00,21.0,11.7,195.0,1.6,0.8,78.0
2023-11-26T05:00,18.0,10.0,193.0,1.2,0.7,80.0
2023-11-26T06:00,19.4,10.7,191.0,0.9,0.7,81.0
2023-11-26T07:00,19.1,10.6,190.0,0.8,0.7,82.0
2023-11-26T08:00,18.6,10.4,190.0,0.7,0.8,82.0
2023-11-26T09:00,18.2,10.1,191.0,0.9,0.8,81.0
2023-11-26T10:00,18.3,10.2,194.0,1.4,0.8,78.0
2023-11-26T11:00,18.7,10.4,199.0,2.0,0.8,74.0
2023-11-26T12:00,24.1,13.4,197.0,2.1,0.8,71.0
2023-11-26T13:00,24.6,13.6,197.0,2.0,0.8,71.0
2023-11-26T14:00,25.4,14.0,196.0,1.9,0.8,71.0
2023-11-26T15:00,23.0,12.7,197.0,1.8,0.8,70.0
2023-11-26T16:00,22.2,12.2,200.0,2.0,0.9,69.0
2023-11-26T17:00,22.4,12.4,204.0,2.2,1.0,68.0
2023-11-26T18:00,22.4,12.4,206.0,2.3,1.1,67.0
2023-11-26T19:00,21.3,11.8,203.0,2.0,1.0,67.0
2023-11-26T20:00,20.4,11.3,197.0,1.6,0.9,68.0
2023-11-26T21:00,19.2,10.7,192.0,1.3,0.8,68.0
2023-11-26T22:00,19.3,10.7,188.0,1.1,0.7,68.0
2023-11-26T23:00,20.5,11.4,184.0,1.0,0.7,69.0
2023-11-27T00:00,25.7,14.0,179.0,0.7,0.5,70.0
2023-11-27T01:00,27.3,14.9,183.0,1.3,0.7,69.0
2023-11-27T02:00,29.7,16.1,187.0,2.1,1.0,68.0
2023-11-27T03:00,31.8,17.2,189.0,2.5,1.2,69.0
2023-11-27T04:00,32.0,17.2,185.0,2.2,1.3,73.0
2023-11-27T05:00,31.4,16.9,179.0,1.5,1.2,78.0
2023-11-27T06:00,31.2,16.7,174.0,1.0,1.2,81.0
2023-11-27T07:00,30.9,16.5,172.0,0.8,1.1,81.0
2023-11-27T08:00,29.7,15.9,171.0,0.8,1.0,78.0
2023-11-27T09:00,28.5,15.4,172.0,0.9,0.9,76.0
2023-11-27T10:00,27.9,15.1,177.0,1.3,0.8,74.0
2023-11-27T11:00,27.5,14.9,185.0,1.9,0.7,73.0
2023-11-27T12:00,24.7,13.5,189.0,2.2,0.7,69.0
2023-11-27T13:00,25.1,13.9,192.0,2.2,0.8,68.0
2023-11-27T14:00,25.8,14.3,195.0,2.3,1.0,66.0
2023-11-27T15:00,26.8,14.8,197.0,2.3,1.1,65.0
2023-11-27T16:00,28.1,15.5,196.0,2.3,1.2,65.0
2023-11-27T17:00,29.7,16.4,193.0,2.3,1.2,65.0
2023-11-27T18:00,30.3,16.6,191.0,2.3,1.3,65.0
2023-11-27T19:00,30.6,16.9,191.0,2.4,1.4,65.0
2023-11-27T20:00,30.0,16.6,192.0,2.4,1.5,66.0
2023-11-27T21:00,30.6,16.9,192.0,2.4,1.5,67.0
2023-11-27T22:00,28.9,16.0,188.0,2.2,1.4,68.0
2023-11-27T23:00,28.0,15.5,183.0,1.8,1.3,70.0
2023-11-28T00:00,27.7,15.4,177.0,1.0,0.6,73.0
2023-11-28T01:00,26.8,15.0,180.0,1.4,0.8,73.0
2023-11-28T02:00,26.9,14.9,185.0,2.0,1.0,74.0
2023-11-28T03:00,23.9,13.3,187.0,2.3,1.2,75.0
2023-11-28T04:00,21.9,12.2,185.0,2.0,1.2,77.0
2023-11-28T05:00,22.3,12.3,180.0,1.4,1.1,80.0
2023-11-28T06:00,22.7,12.4,177.0,0.9,1.0,82.0
2023-11-28T07:00,21.7,11.8,176.0,0.8,0.9,81.0
2023-11-28T08:00,20.7,11.3,176.0,0.8,0.9,79.0
2023-11-28T09:00,20.0,10.9,177.0,1.0,0.8,76.0
2023-11-28T10:00,20.8,11.3,178.0,1.3,0.7,73.0
2023-11-28T11:00,19.0,10.4,180.0,1.8,0.7,70.0
2023-11-28T12:00,17.5,9.6,181.0,2.1,0.7,68.0
2023-11-28T13:00,16.8,9.2,180.0,2.1,0.8,67.0
2023-11-28T14:00,15.0,8.2,179.0,2.0,0.8,67.0
2023-11-28T15:00,13.5,7.5,178.0,1.9,0.9,67.0
2023-11-28T16:00,11.8,6.6,178.0,1.9,0.9,66.0
2023-11-28T17:00,11.2,6.3,178.0,2.0,0.9,65.0
2023-11-28T18:00,10.7,6.0,179.0,2.1,0.9,64.0
2023-11-28T19:00,9.9,5.6,179.0,2.0,0.8,64.0
2023-11-28T20:00,9.4,5.3,179.0,2.0,0.8,63.0
2023-11-28T21:00,9.4,5.4,182.0,2.3,1.3,62.0
2023-11-28T22:00,9.3,5.4,192.0,3.5,2.6,58.0
2023-11-28T23:00,9.9,5.9,205.0,5.1,4.4,54.0
2023-11-29T00:00,7.1,4.1,170.0,2.3,2.2,61.0
2023-11-29T01:00,5.8,3.5,178.0,3.4,3.1,59.0
2023-11-29T02:00,4.3,2.8,189.0,4.8,4.3,55.0
2023-11-29T03:00,5.0,3.2,195.0,5.5,4.9,55.0
2023-11-29T04:00,7.0,4.2,190.0,4.6,4.3,60.0
2023-11-29T05:00,8.1,4.8,180.0,3.0,3.2,69.0
2023-11-29T06:00,9.0,5.1,172.0,1.7,2.2,74.0
2023-11-29T07:00,9.5,5.2,167.0,1.2,1.6,73.0
2023-11-29T08:00,9.4,5.1,163.0,1.1,1.2,70.0
2023-11-29T09:00,9.4,5.1,163.0,1.2,0.9,67.0
2023-11-29T10:00,10.0,5.3,167.0,1.5,0.8,65.0
2023-11-29T11:00,10.7,5.7,175.0,2.1,0.8,64.0
2023-11-29T12:00,11.1,6.1,171.0,2.4,0.9,64.0
2023-11-29T13:00,12.0,6.6,176.0,2.3,0.9,65.0
2023-11-29T14:00,12.2,6.8,182.0,2.0,0.8,66.0
2023-11-29T15:00,11.7,6.5,187.0,1.9,0.8,67.0
2023-11-29T16:00,11.4,6.4,190.0,1.9,0.8,68.0
2023-11-29T17:00,12.0,6.7,191.0,1.9,0.8,68.0
2023-11-29T18:00,11.9,6.6,192.0,1.9,0.9,68.0
2023-11-29T19:00,11.8,6.6,191.0,1.8,1.0,68.0
2023-11-29T20:00,10.8,6.0,190.0,1.8,1.2,68.0
2023-11-29T21:00,10.5,5.8,189.0,1.7,1.3,68.0
2023-11-29T22:00,10.1,5.6,189.0,1.6,1.3,68.0
2023-11-29T23:00,10.2,5.6,189.0,1.4,1.2,68.0
2023-11-30T00:00,9.5,5.3,190.0,1.7,1.4,65.0
2023-11-30T01:00,9.7,5.6,197.0,2.4,2.1,64.0
2023-11-30T02:00,10.8,6.2,206.0,3.5,3.1,63.0
2023-11-30T03:00,12.4,7.2,211.0,4.0,3.7,63.0
2023-11-30T04:00,13.5,7.8,209.0,3.7,3.6,67.0
2023-11-30T05:00,14.1,8.0,202.0,2.9,3.1,72.0
2023-11-30T06:00,14.5,8.1,197.0,2.2,2.6,77.0
2023-11-30T07:00,14.2,7.8,194.0,1.8,2.2,80.0
2023-11-30T08:00,12.8,7.1,192.0,1.4,1.7,81.0
2023-11-30T09:00,11.8,6.5,192.0,1.3,1.4,81.0
2023-11-30T10:00,11.1,6.1,193.0,1.6,1.2,78.0
2023-11-30T11:00,10.7,5.8,196.0,2.1,1.0,73.0
2023-11-30T12:00,10.1,5.6,198.0,3.5,1.3,67.0
2023-11-30T13:00,8.9,5.0,198.0,3.2,1.2,66.0
2023-11-30T14:00,8.7,4.9,198.0,2.9,1.1,65.0
2023-11-30T15:00,8.6,4.9,201.0,2.9,1.2,64.0
2023-11-30T16:00,8.2,4.7,208.0,3.4,1.5,63.0
2023-11-30T17:00,8.5,5.0,218.0,4.3,2.0,63.0
2023-11-30T18:00,9.3,5.6,230.0,5.5,2.9,61.0
2023-11-30T19:00,10.7,6.4,246.0,7.3,4.6,56.0
2023-11-30T20:00,12.1,7.5,264.0,9.3,6.8,50.0
2023-11-30T21:00,13.5,8.5,273.0,10.4,8.2,46.0
2023-11-30T22:00,13.8,8.8,265.0,9.9,8.4,45.0
2023-11-30T23:00,13.3,8.4,248.0,8.4,7.9,47.0
2023-12-01T00:00,11.6,7.1,227.0,6.2,6.8,55.0
2023-12-01T01:00,11.5,7.0,223.0,6.0,6.4,56.0
2023-12-01T02:00,11.2,6.8,217.0,5.7,5.7,59.0
2023-12-01T03:00,11.9,7.1,211.0,5.1,5.0,62.0
2023-12-01T04:00,14.6,8.6,204.0,4.1,4.2,67.0
2023-12-01T05:00,17.0,9.7,198.0,2.8,3.3,74.0
2023-12-01T06:00,19.7,10.9,193.0,1.9,2.7,80.0
2023-12-01T07:00,22.6,12.5,192.0,1.5,2.5,86.0
2023-12-01T08:00,24.2,13.4,193.0,1.4,2.7,91.0
2023-12-01T09:00,26.3,14.6,195.0,1.6,2.8,93.0
2023-12-01T10:00,28.3,15.6,197.0,2.1,2.9,90.0
2023-12-01T11:00,30.6,16.8,199.0,2.9,3.1,84.0
2023-12-01T12:00,28.5,15.9,198.0,4.6,3.5,72.0
2023-12-01T13:00,29.6,16.6,198.0,4.3,3.3,72.0
2023-12-01T14:00,29.2,16.5,198.0,4.0,2.9,72.0
2023-12-01T15:00,30.0,17.0,200.0,3.8,2.8,72.0
2023-12-01T16:00,29.6,16.8,206.0,3.9,3.0,72.0
2023-12-01T17:00,28.8,16.5,214.0,4.2,3.3,73.0
2023-12-01T18:00,27.6,16.0,223.0,4.5,3.9,73.0
2023-12-01T19:00,29.5,17.1,232.0,4.8,4.9,73.0
2023-12-01T20:00,30.7,17.8,241.0,5.2,6.1,72.0
2023-12-01T21:00,31.5,18.3,248.0,5.3,6.8,72.0
2023-12-01T22:00,33.6,19.5,252.0,4.9,6.8,74.0
2023-12-01T23:00,34.5,20.0,253.0,4.3,6.3,76.0
2023-12-02T00:00,36.7,20.7,228.0,2.6,3.2,80.0
2023-12-02T01:00,34.5,19.6,232.0,3.7,3.7,79.0
2023-12-02T02:00,30.3,17.6,236.0,5.2,4.5,77.0
2023-12-02T03:00,25.5,15.3,237.0,6.1,5.0,76.0
2023-12-02T04:00,20.8,12.6,231.0,5.9,5.3,77.0
2023-12-02T05:00,18.6,11.2,222.0,5.2,5.3,79.0
2023-12-02T06:00,17.2,10.0,212.0,4.5,5.2,80.0
2023-12-02T07:00,16.0,9.1,203.0,3.8,4.8,79.0
2023-12-02T08:00,15.2,8.5,194.0,3.1,4.1,78.0
2023-12-02T09:00,15.4,8.5,188.0,2.9,3.6,75.0
2023-12-02T10:00,15.4,8.5,187.0,3.5,3.3,71.0
2023-12-02T11:00,15.4,8.5,190.0,4.5,3.2,66.0
2023-12-02T12:00,13.8,7.9,189.0,6.3,3.4,58.0
2023-12-02T13:00,12.5,7.3,193.0,6.6,3.7,57.0
2023-12-02T14:00,11.9,6.9,198.0,7.0,4.0,55.0
2023-12-02T15:00,10.7,6.4,201.0,7.2,4.4,54.0
2023-12-02T16:00,9.4,5.7,203.0,7.3,4.8,53.0
2023-12-02T17:00,9.3,5.7,204.0,7.1,5.3,52.0
2023-12-02T18:00,11.0,6.5,200.0,6.7,5.4,52.0
2023-12-02T19:00,9.3,5.5,188.0,5.6,4.9,52.0
2023-12-02T20:00,8.6,5.0,172.0,4.2,4.0,53.0
2023-12-02T21:00,9.0,5.1,161.0,3.1,3.4,54.0
2023-12-02T22:00,9.6,5.3,159.0,2.6,3.1,55.0
2023-12-02T23:00,8.8,5.0,162.0,2.5,3.1,55.0
2023-12-03T00:00,6.1,3.4,163.0,2.0,2.2,56.0
2023-12-03T01:00,3.8,2.3,176.0,3.1,2.5,54.0
2023-12-03T02:00,2.6,1.8,194.0,4.5,3.0,52.0
2023-12-03T03:00,3.9,2.6,207.0,5.4,3.4,52.0
2023-12-03T04:00,4.5,3.0,210.0,5.2,3.6,56.0
2023-12-03T05:00,4.3,3.0,209.0,4.6,3.8,61.0
2023-12-03T06:00,5.7,3.9,205.0,4.1,3.9,65.0
2023-12-03T07:00,7.7,4.7,198.0,4.1,4.1,65.0
2023-12-03T08:00,7.3,4.5,190.0,4.4,4.2,63.0
2023-12-03T09:00,5.1,3.4,185.0,4.9,4.3,60.0
2023-12-03T10:00,6.0,3.8,188.0,6.0,4.3,56.0
2023-12-03T11:00,7.7,4.7,195.0,7.3,4.4,52.0
2023-12-03T12:00,4.4,2.7,200.0,7.2,3.4,54.0
2023-12-03T13:00,3.6,2.4,202.0,7.1,3.5,53.0
2023-12-03T14:00,3.4,2.3,205.0,7.0,3.6,51.0
2023-12-03T15:00,3.5,2.4,207.0,6.6,3.6,50.0
2023-12-03T16:00,3.5,2.5,207.0,5.9,3.4,51.0
2023-12-03T17:00,3.3,2.3,207.0,5.0,3.0,52.0
2023-12-03T18:00,2.8,1.9,205.0,4.2,2.7,54.0
2023-12-03T19:00,2.5,1.7,202.0,3.5,2.4,56.0
2023-12-03T20:00,2.2,1.5,197.0,2.8,2.1,58.0
2023-12-03T21:00,1.9,1.3,195.0,2.3,2.0,60.0
2023-12-03T22:00,2.0,1.4,195.0,1.9,2.0,61.0
2023-12-03T23:00,2.4,1.6,198.0,1.8,2.2,62.0
2023-12-04T00:00,3.0,2.0,213.0,2.2,3.1,64.0
2023-12-04T01:00,3.6,2.5,224.0,3.3,3.6,61.0
2023-12-04T02:00,4.6,3.2,239.0,4.9,4.2,57.0
2023-12-04T03:00,5.6,3.9,251.0,5.9,4.8,54.0
2023-12-04T04:00,6.6,4.5,257.0,5.9,5.1,54.0
2023-12-04T05:00,7.6,5.2,260.0,5.4,5.3,56.0
2023-12-04T06:00,9.0,6.2,262.0,5.2,5.7,59.0
2023-12-04T07:00,10.6,7.3,262.0,5.3,6.4,62.0
2023-12-04T08:00,12.1,8.3,261.0,5.6,7.2,66.0
2023-12-04T09:00,13.5,9.2,262.0,6.5,8.2,68.0
2023-12-04T10:00,14.6,10.0,268.0,8.7,9.5,68.0
2023-12-04T11:00,15.7,10.6,277.0,11.5,11.0,67.0
2023-12-04T12:00,20.5,13.6,269.0,10.6,8.7,61.0
2023-12-04T13:00,19.7,13.2,285.0,12.2,9.0,56.0
2023-12-04T14:00,21.5,14.4,306.0,14.3,9.4,50.0
2023-12-04T15:00,23.9,16.0,323.0,15.5,9.6,47.0
2023-12-04T16:00,26.0,17.3,332.0,15.2,9.5,48.0
2023-12-04T17:00,27.0,17.8,335.0,14.0,9.3,52.0
2023-12-04T18:00,27.1,17.3,334.0,12.5,8.9,57.0
2023-12-04T19:00,26.6,16.5,325.0,10.7,8.2,64.0
2023-12-04T20:00,25.1,15.5,311.0,8.5,7.3,72.0
2023-12-04T21:00,23.7,14.7,299.0,6.8,6.7,78.0
2023-12-04T22:00,22.7,14.1,291.0,5.7,6.4,82.0
2023-12-04T23:00,22.1,13.7,285.0,5.0,6.3,84.0
2023-12-05T00:00,22.1,13.8,300.0,5.5,7.0,81.0
2023-12-05T01:00,21.9,14.1,317.0,6.7,8.1,78.0
2023-12-05T02:00,23.8,15.7,341.0,8.3,9.6,75.0
2023-12-05T03:00,26.4,17.6,357.0,8.9,11.0,79.0
2023-12-05T04:00,29.2,19.3,360.0,7.7,12.3,98.0
2023-12-05T05:00,32.7,21.5,355.0,5.6,13.5,124.0
2023-12-05T06:00,32.2,20.8,347.0,4.0,14.3,146.0
2023-12-05T07:00,31.9,20.2,336.0,3.3,14.9,160.0
2023-12-05T08:00,32.6,20.3,322.0,3.0,15.2,169.0
2023-12-05T09:00,33.4,20.4,308.0,3.1,14.5,171.0
2023-12-05T10:00,33.5,19.8,295.0,3.6,12.0,162.0
2023-12-05T11:00,33.2,19.0,282.0,4.4,8.6,146.0
2023-12-05T12:00,35.2,20.8,320.0,9.0,8.4,141.0
2023-12-05T13:00,30.2,18.0,310.0,7.9,7.2,134.0
2023-12-05T14:00,28.2,16.5,295.0,6.3,5.5,124.0
2023-12-05T15:00,26.0,15.1,282.0,5.3,4.4,114.0
2023-12-05T16:00,23.8,13.9,273.0,5.4,4.4,104.0
2023-12-05T17:00,22.2,13.1,266.0,6.0,4.8,94.0
2023-12-05T18:00,21.7,12.7,257.0,6.3,5.2,86.0
2023-12-05T19:00,22.4,13.1,244.0,5.8,5.1,82.0
2023-12-05T20:00,22.2,13.0,231.0,4.9,4.9,81.0
2023-12-05T21:00,22.5,13.0,221.0,4.4,4.9,80.0
2023-12-05T22:00,21.4,12.5,217.0,4.3,5.3,78.0
2023-12-05T23:00,19.9,11.6,217.0,4.6,5.9,76.0
2023-12-06T00:00,19.8,11.9,242.0,5.9,7.9,71.0
2023-12-06T01:00,19.1,11.7,251.0,6.8,9.0,71.0
2023-12-06T02:00,19.5,12.1,263.0,8.0,10.5,71.0
2023-12-06T03:00,20.7,13.0,272.0,8.6,12.1,75.0
2023-12-06T04:00,22.2,14.0,274.0,7.9,13.9,87.0
2023-12-06T05:00,23.5,14.8,272.0,6.6,15.8,104.0
2023-12-06T06:00,25.1,15.7,268.0,5.3,16.8,119.0
2023-12-06T07:00,27.7,17.2,260.0,4.2,16.6,132.0
2023-12-06T08:00,28.3,17.2,250.0,3.1,15.5,144.0
2023-12-06T09:00,28.6,17.1,242.0,2.5,13.6,149.0
2023-12-06T10:00,28.1,16.4,237.0,2.8,10.3,142.0
2023-12-06T11:00,26.3,14.7,233.0,3.6,6.2,129.0
2023-12-06T12:00,27.4,15.1,234.0,4.7,8.2,129.0
2023-12-06T13:00,22.2,11.6,226.0,3.9,6.2,121.0
2023-12-06T14:00,18.4,9.5,215.0,2.8,3.4,110.0
2023-12-06T15:00,16.4,8.5,206.0,2.0,1.4,101.0
2023-12-06T16:00,15.7,8.3,202.0,1.8,0.7,95.0
2023-12-06T17:00,15.4,8.2,200.0,1.9,0.6,90.0
2023-12-06T18:00,16.3,8.8,199.0,2.2,1.0,86.0
2023-12-06T19:00,16.4,9.0,197.0,2.6,1.5,82.0
2023-12-06T20:00,15.7,8.7,197.0,3.1,2.3,77.0
2023-12-06T21:00,15.0,8.6,199.0,3.9,4.0,73.0
2023-12-06T22:00,14.8,8.7,207.0,5.2,7.0,67.0
2023-12-06T23:00,15.4,9.3,217.0,6.8,10.7,61.0
2023-12-07T00:00,17.9,10.5,222.0,6.9,9.5,58.0
2023-12-07T01:00,19.3,11.6,228.0,7.9,11.5,57.0
2023-12-07T02:00,20.5,12.4,237.0,9.3,14.3,56.0
2023-12-07T03:00,20.5,12.4,242.0,9.9,16.3,58.0
2023-12-07T04:00,20.6,12.4,241.0,9.0,17.0,67.0
2023-12-07T05:00,21.2,12.6,236.0,7.4,17.0,79.0
2023-12-07T06:00,22.9,13.4,230.0,5.8,16.2,91.0
2023-12-07T07:00,23.7,13.7,224.0,4.4,14.3,104.0
2023-12-07T08:00,24.4,14.0,218.0,3.1,11.7,118.0
2023-12-07T09:00,24.4,13.7,212.0,2.1,9.0,125.0
2023-12-07T10:00,23.5,12.8,206.0,1.7,6.3,122.0
2023-12-07T11:00,21.4,11.4,200.0,1.8,3.7,112.0
2023-12-07T12:00,30.7,16.9,204.0,2.4,2.6,101.0
2023-12-07T13:00,26.1,14.4,200.0,2.2,2.1,94.0
2023-12-07T14:00,22.6,12.5,196.0,2.0,1.4,85.0
2023-12-07T15:00,20.5,11.5,195.0,2.1,1.2,78.0
2023-12-07T16:00,19.9,11.4,203.0,2.8,1.8,75.0
2023-12-07T17:00,20.0,11.6,215.0,3.7,2.8,74.0
2023-12-07T18:00,19.8,11.6,223.0,4.3,3.5,74.0
2023-12-07T19:00,18.3,10.8,223.0,4.1,3.7,73.0
2023-12-07T20:00,16.9,9.9,220.0,3.6,3.7,73.0
2023-12-07T21:00,15.6,9.1,216.0,3.2,3.6,72.0
2023-12-07T22:00,15.4,9.1,213.0,3.0,3.5,71.0
2023-12-07T23:00,15.2,9.0,210.0,3.0,3.3,71.0
2023-12-08T00:00,19.6,11.5,239.0,4.5,5.6,66.0
2023-12-08T01:00,19.0,11.1,232.0,4.4,5.4,67.0
2023-12-08T02:00,16.4,9.5,223.0,4.3,5.1,68.0
2023-12-08T03:00,13.6,7.8,213.0,3.9,4.7,70.0
2023-12-08T04:00,11.7,6.7,204.0,3.1,4.0,74.0
2023-12-08T05:00,11.1,6.4,195.0,2.1,3.2,79.0
2023-12-08T06:00,10.7,6.1,187.0,1.4,2.5,83.0
2023-12-08T07:00,10.8,6.1,181.0,1.1,2.1,84.0
2023-12-08T08:00,10.8,6.0,176.0,1.0,1.9,83.0
2023-12-08T09:00,10.3,5.7,172.0,1.1,1.7,81.0
2023-12-08T10:00,9.9,5.5,169.0,1.3,1.4,76.0
2023-12-08T11:00,9.7,5.4,166.0,1.7,1.1,70.0
2023-12-08T12:00,13.4,7.5,174.0,2.3,1.3,68.0
2023-12-08T13:00,13.4,7.5,175.0,2.2,1.2,65.0
2023-12-08T14:00,13.7,7.8,176.0,2.2,1.2,61.0
2023-12-08T15:00,14.1,8.1,177.0,2.1,1.1,58.0
2023-12-08T16:00,14.4,8.2,179.0,2.1,1.1,57.0
2023-12-08T17:00,14.6,8.4,182.0,2.2,1.0,57.0
2023-12-08T18:00,14.3,8.3,183.0,2.2,1.0,58.0
2023-12-08T19:00,14.0,8.1,182.0,2.0,1.0,59.0
2023-12-08T20:00,13.0,7.5,179.0,1.6,1.0,60.0
2023-12-08T21:00,11.8,6.9,178.0,1.4,1.0,60.0
2023-12-08T22:00,11.4,6.6,178.0,1.4,1.1,60.0
2023-12-08T23:00,11.3,6.6,179.0,1.6,1.1,59.0
2023-12-09T00:00,15.4,9.3,215.0,3.6,2.9,58.0
2023-12-09T01:00,16.7,10.1,224.0,4.4,4.1,59.0
2023-12-09T02:00,19.8,11.9,236.0,5.4,5.7,61.0
2023-12-09T03:00,21.1,12.6,242.0,5.8,6.7,65.0
2023-12-09T04:00,20.9,12.5,239.0,5.0,6.6,75.0
2023-12-09T05:00,21.2,12.6,230.0,3.6,6.0,88.0
2023-12-09T06:00,21.3,12.7,219.0,2.5,5.3,97.0
2023-12-09T07:00,20.5,12.0,207.0,1.9,4.6,99.0
2023-12-09T08:00,19.6,11.4,193.0,1.5,3.8,97.0
2023-12-09T09:00,19.4,11.1,182.0,1.4,3.1,93.0
2023-12-09T10:00,19.8,11.3,175.0,1.7,2.7,85.0
2023-12-09T11:00,19.9,11.3,170.0,2.2,2.4,74.0
2023-12-09T12:00,27.3,15.8,174.0,2.8,2.7,73.0
2023-12-09T13:00,27.1,15.8,172.0,2.7,2.4,69.0
2023-12-09T14:00,27.9,16.4,170.0,2.6,2.0,64.0
2023-12-09T15:00,29.0,17.1,168.0,2.5,1.7,61.0
2023-12-09T16:00,29.7,17.5,167.0,2.4,1.5,61.0
2023-12-09T17:00,30.2,17.8,166.0,2.2,1.4,63.0
2023-12-09T18:00,30.2,17.7,166.0,2.1,1.3,64.0
2023-12-09T19:00,29.8,17.4,166.0,2.0,1.2,64.0
2023-12-09T20:00,29.9,17.4,166.0,1.8,1.1,64.0
2023-12-09T21:00,29.4,17.2,170.0,1.9,1.2,64.0
2023-12-09T22:00,29.9,17.6,179.0,2.3,1.6,63.0
2023-12-09T23:00,30.7,18.1,190.0,2.9,2.1,62.0
2023-12-10T00:00,30.4,18.1,191.0,2.7,2.1,66.0
2023-12-10T01:00,31.7,18.9,203.0,3.5,3.2,66.0
2023-12-10T02:00,32.9,19.7,219.0,4.7,4.7,66.0
2023-12-10T03:00,32.1,19.3,229.0,5.1,5.5,70.0
2023-12-10T04:00,30.5,18.2,227.0,4.2,5.1,81.0
2023-12-10T05:00,30.2,17.8,220.0,2.7,4.1,95.0
2023-12-10T06:00,30.9,18.0,214.0,1.5,3.2,105.0
2023-12-10T07:00,31.9,18.5,212.0,1.1,2.6,106.0
2023-12-10T08:00,32.8,18.9,212.0,1.0,2.1,102.0
2023-12-10T09:00,33.4,19.2,213.0,1.1,1.8,98.0
2023-12-10T10:00,33.9,19.6,216.0,1.4,1.6,95.0
2023-12-10T11:00,34.7,20.1,221.0,1.9,1.6,91.0
2023-12-10T12:00,37.6,21.9,229.0,2.3,1.6,86.0
2023-12-10T13:00,37.7,22.1,232.0,2.3,1.6,86.0
2023-12-10T14:00,38.1,22.4,235.0,2.2,1.7,85.0
2023-12-10T15:00,38.9,22.9,239.0,2.2,1.7,85.0
2023-12-10T16:00,39.7,23.3,242.0,2.2,1.7,86.0
2023-12-10T17:00,40.2,23.6,245.0,2.1,1.6,87.0
2023-12-10T18:00,40.4,23.7,248.0,2.1,1.6,87.0
2023-12-10T19:00,40.3,23.6,251.0,2.0,1.6,87.0
2023-12-10T20:00,40.0,23.5,254.0,1.9,1.7,86.0
2023-12-10T21:00,39.1,23.1,257.0,1.9,1.8,85.0
2023-12-10T22:00,38.5,22.7,261.0,2.0,1.9,84.0
2023-12-10T23:00,37.7,22.3,266.0,2.2,2.0,82.0
2023-12-11T00:00,36.2,21.2,261.0,1.9,1.7,84.0
2023-12-11T01:00,35.4,20.8,260.0,2.1,1.7,85.0
2023-12-11T02:00,34.7,20.3,259.0,2.3,1.8,87.0
2023-12-11T03:00,33.5,19.6,255.0,2.3,1.8,89.0
2023-12-11T04:00,32.9,19.1,248.0,1.9,1.7,92.0
2023-12-11T05:00,32.8,18.8,239.0,1.3,1.5,97.0
2023-12-11T06:00,32.7,18.6,231.0,0.9,1.3,99.0
2023-12-11T07:00,32.8,18.6,225.0,0.7,1.2,99.0
2023-12-11T08:00,33.5,18.9,221.0,0.7,1.2,97.0
2023-12-11T09:00,34.2,19.3,219.0,0.8,1.2,95.0
2023-12-11T10:00,36.4,20.5,220.0,1.1,1.2,94.0
2023-12-11T11:00,36.8,20.7,224.0,1.6,1.2,93.0
2023-12-11T12:00,45.9,26.1,234.0,2.2,1.5,95.0
2023-12-11T13:00,46.6,26.6,236.0,2.2,1.6,95.0
2023-12-11T14:00,47.0,27.0,239.0,2.1,1.7,95.0
2023-12-11T15:00,50.8,29.4,241.0,2.1,1.8,96.0
2023-12-11T16:00,49.0,28.5,242.0,2.1,2.0,97.0
2023-12-11T17:00,52.6,30.6,242.0,2.1,2.2,99.0
2023-12-11T18:00,50.5,29.3,242.0,2.0,2.3,100.0
2023-12-11T19:00,49.0,28.4,240.0,1.8,2.3,101.0
2023-12-11T20:00,48.8,28.3,238.0,1.5,2.2,102.0
2023-12-11T21:00,48.8,28.3,236.0,1.3,2.1,102.0
2023-12-11T22:00,48.7,28.3,235.0,1.1,2.0,102.0
2023-12-11T23:00,48.3,28.2,234.0,1.0,1.9,102.0
2023-12-12T00:00,46.4,27.3,242.0,1.6,1.9,100.0
2023-12-12T01:00,47.0,27.6,248.0,2.0,2.1,100.0
2023-12-12T02:00,48.4,28.5,255.0,2.6,2.4,100.0
2023-12-12T03:00,49.8,29.2,259.0,2.8,2.6,101.0
2023-12-12T04:00,51.0,29.8,255.0,2.3,2.5,106.0
2023-12-12T05:00,51.8,30.2,246.0,1.5,2.4,112.0
2023-12-12T06:00,53.4,31.0,239.0,0.9,2.2,116.0
2023-12-12T07:00,54.4,31.4,235.0,0.7,2.1,116.0
2023-12-12T08:00,54.9,31.7,233.0,0.8,2.0,113.0
2023-12-12T09:00,55.5,32.0,233.0,0.9,1.9,110.0
2023-12-12T10:00,55.2,31.9,235.0,1.2,1.8,108.0
2023-12-12T11:00,56.0,32.4,238.0,1.5,1.8,106.0
2023-12-12T12:00,54.7,31.7,248.0,1.9,1.7,104.0
2023-12-12T13:00,55.1,32.0,254.0,2.1,1.9,104.0
2023-12-12T14:00,55.4,32.2,263.0,2.3,2.1,103.0
2023-12-12T15:00,55.4,32.2,269.0,2.4,2.3,103.0
2023-12-12T16:00,55.2,32.1,269.0,2.3,2.3,104.0
2023-12-12T17:00,54.5,31.7,267.0,2.1,2.1,105.0
2023-12-12T18:00,53.9,31.1,265.0,1.9,2.0,105.0
2023-12-12T19:00,52.7,30.4,264.0,1.8,1.9,105.0
2023-12-12T20:00,52.3,29.9,263.0,1.7,1.9,104.0
2023-12-12T21:00,51.8,29.5,265.0,1.8,2.0,103.0
2023-12-12T22:00,51.8,29.5,273.0,2.2,2.3,100.0
2023-12-12T23:00,52.4,29.9,284.0,2.7,2.8,97.0
2023-12-13T00:00,51.2,29.2,289.0,3.1,2.9,94.0
2023-12-13T01:00,53.8,30.6,300.0,3.7,3.5,93.0
2023-12-13T02:00,58.9,33.5,313.0,4.5,4.3,93.0
2023-12-13T03:00,60.5,34.3,317.0,4.8,4.8,96.0
2023-12-13T04:00,61.9,35.0,302.0,4.0,4.7,106.0
2023-12-13T05:00,63.1,35.6,276.0,2.6,4.2,119.0
2023-12-13T06:00,62.4,35.3,254.0,1.5,3.7,128.0
2023-12-13T07:00,61.2,34.7,238.0,1.0,3.1,127.0
2023-12-13T08:00,59.8,34.0,225.0,0.9,2.5,122.0
2023-12-13T09:00,58.3,33.3,217.0,0.9,2.0,117.0
2023-12-13T10:00,56.6,32.5,216.0,1.1,1.8,114.0
2023-12-13T11:00,56.1,32.2,220.0,1.6,1.9,111.0
2023-12-13T12:00,60.1,32.2,237.0,2.1,2.5,112.0
2023-12-13T13:00,59.5,32.4,246.0,2.0,2.6,113.0
2023-12-13T14:00,59.4,32.6,257.0,1.9,2.8,114.0
2023-12-13T15:00,59.4,32.7,268.0,1.8,3.0,115.0
2023-12-13T16:00,59.4,32.6,275.0,1.8,3.1,115.0
2023-12-13T17:00,59.6,32.9,281.0,1.8,3.2,115.0
2023-12-13T18:00,59.4,32.4,286.0,1.9,3.2,114.0
2023-12-13T19:00,59.0,32.1,288.0,2.0,3.1,112.0
2023-12-13T20:00,58.8,32.6,288.0,2.1,3.1,109.0
2023-12-13T21:00,58.4,33.2,293.0,2.4,3.3,105.0
2023-12-13T22:00,59.1,34.1,305.0,3.1,4.0,99.0
2023-12-13T23:00,60.1,34.3,321.0,3.9,5.0,91.0
2023-12-14T00:00,60.3,34.0,318.0,4.3,5.4,89.0
2023-12-14T01:00,61.2,33.6,330.0,5.4,6.3,86.0
2023-12-14T02:00,62.6,33.1,345.0,6.9,7.5,84.0
2023-12-14T03:00,63.1,32.8,349.0,7.5,8.2,87.0
2023-12-14T04:00,63.1,32.4,334.0,6.3,8.0,103.0
2023-12-14T05:00,61.5,32.4,308.0,4.3,7.2,126.0
2023-12-14T06:00,58.3,31.9,284.0,2.6,6.4,142.0
2023-12-14T07:00,54.6,30.6,266.0,1.8,5.5,144.0
2023-12-14T08:00,51.3,29.5,250.0,1.5,4.5,140.0
2023-12-14T09:00,49.2,28.9,240.0,1.5,3.8,134.0
2023-12-14T10:00,48.5,28.8,240.0,2.0,3.7,129.0
2023-12-14T11:00,48.4,29.3,245.0,2.8,3.9,123.0
2023-12-14T12:00,51.2,29.9,245.0,3.5,3.9,116.0
2023-12-14T13:00,52.5,30.9,247.0,3.7,4.3,113.0
2023-12-14T14:00,53.1,32.6,251.0,4.0,4.9,109.0
2023-12-14T15:00,52.9,36.2,256.0,4.3,5.5,105.0
2023-12-14T16:00,53.8,38.5,264.0,4.8,6.3,102.0
2023-12-14T17:00,56.8,41.9,273.0,5.4,7.1,100.0
2023-12-14T18:00,60.3,40.4,280.0,5.6,7.7,98.0
2023-12-14T19:00,62.9,39.0,281.0,5.2,7.8,98.0
2023-12-14T20:00,65.4,37.8,279.0,4.5,7.5,99.0
2023-12-14T21:00,65.0,36.1,278.0,4.0,7.3,99.0
2023-12-14T22:00,66.4,33.5,279.0,3.7,7.2,98.0
2023-12-14T23:00,67.1,31.9,281.0,3.6,7.1,96.0
2023-12-15T00:00,68.2,29.8,280.0,3.5,6.8,98.0
2023-12-15T01:00,66.1,28.5,283.0,3.9,6.3,99.0
2023-12-15T02:00,63.6,26.8,286.0,4.4,5.7,101.0
2023-12-15T03:00,56.7,24.8,287.0,4.5,5.0,102.0
2023-12-15T04:00,51.2,20.8,283.0,4.0,4.4,104.0
2023-12-15T05:00,50.9,18.3,275.0,3.2,3.8,106.0
2023-12-15T06:00,46.1,15.9,266.0,2.4,3.2,106.0
2023-12-15T07:00,37.7,14.7,254.0,1.8,2.4,103.0
2023-12-15T08:00,32.8,15.9,240.0,1.3,1.5,98.0
2023-12-15T09:00,30.4,18.6,231.0,1.1,0.9,94.0
2023-12-15T10:00,31.7,20.4,231.0,1.4,0.7,92.0
2023-12-15T11:00,33.6,21.8,235.0,2.1,0.7,91.0
2023-12-15T12:00,29.0,16.4,236.0,2.6,1.1,85.0
2023-12-15T13:00,28.5,16.1,239.0,2.8,1.3,83.0
2023-12-15T14:00,27.6,15.7,244.0,3.1,1.5,80.0
2023-12-15T15:00,26.2,15.0,247.0,3.3,1.7,78.0
2023-12-15T16:00,25.7,14.8,248.0,3.4,1.8,77.0
2023-12-15T17:00,25.0,14.5,248.0,3.3,1.9,76.0
2023-12-15T18:00,25.3,14.7,247.0,3.2,1.9,76.0
2023-12-15T19:00,26.4,15.2,243.0,2.9,1.9,77.0
2023-12-15T20:00,28.2,16.1,237.0,2.4,1.9,80.0
2023-12-15T21:00,32.0,18.1,233.0,2.0,1.8,83.0
2023-12-15T22:00,34.9,19.7,233.0,1.7,1.7,87.0
2023-12-15T23:00,38.4,21.7,236.0,1.5,1.5,91.0
2023-12-16T00:00,39.8,22.8,246.0,2.0,2.2,91.0
2023-12-16T01:00,42.5,24.3,245.0,2.2,2.1,93.0
2023-12-16T02:00,40.9,23.3,244.0,2.5,1.9,96.0
2023-12-16T03:00,38.0,21.6,240.0,2.5,1.7,98.0
2023-12-16T04:00,34.7,19.7,231.0,2.0,1.4,98.0
2023-12-16T05:00,28.9,16.4,219.0,1.3,1.1,96.0
2023-12-16T06:00,25.8,14.6,211.0,0.8,0.8,95.0
2023-12-16T07:00,26.8,15.2,208.0,0.7,0.7,95.0
2023-12-16T08:00,29.7,16.8,209.0,0.7,0.7,95.0
2023-12-16T09:00,35.9,20.2,211.0,0.9,0.7,95.0
2023-12-16T10:00,42.4,23.7,214.0,1.3,0.7,94.0
2023-12-16T11:00,46.9,26.3,217.0,1.7,0.8,93.0
2023-12-16T12:00,45.9,25.8,230.0,2.1,1.0,93.0
2023-12-16T13:00,47.1,26.5,234.0,2.2,1.1,93.0
2023-12-16T14:00,48.1,27.0,240.0,2.2,1.2,94.0
2023-12-16T15:00,49.9,27.9,242.0,2.2,1.3,94.0
2023-12-16T16:00,49.8,27.8,239.0,2.0,1.2,94.0
2023-12-16T17:00,47.6,26.8,232.0,1.6,1.0,94.0
2023-12-16T18:00,44.6,25.0,226.0,1.3,0.9,95.0
2023-12-16T19:00,48.0,26.7,221.0,1.1,0.9,97.0
2023-12-16T20:00,49.1,27.5,215.0,0.9,0.9,99.0
2023-12-16T21:00,47.6,26.8,211.0,0.8,0.9,101.0
2023-12-16T22:00,49.0,27.6,207.0,0.8,1.0,102.0
2023-12-16T23:00,50.3,28.3,205.0,0.8,1.0,102.0
2023-12-17T00:00,46.9,26.5,203.0,0.8,0.9,102.0
2023-12-17T01:00,47.4,26.8,205.0,1.1,0.9,104.0
2023-12-17T02:00,47.3,26.7,209.0,1.4,1.0,106.0
2023-12-17T03:00,46.8,26.3,211.0,1.6,1.1,109.0
2023-12-17T04:00,46.8,26.1,211.0,1.4,1.2,112.0
2023-12-17T05:00,46.7,25.9,210.0,1.0,1.3,114.0
2023-12-17T06:00,46.0,25.5,210.0,0.7,1.4,116.0
2023-12-17T07:00,46.4,25.7,211.0,0.6,1.5,117.0
2023-12-17T08:00,47.0,26.0,212.0,0.7,1.7,117.0
2023-12-17T09:00,48.2,26.5,215.0,0.8,1.8,117.0
2023-12-17T10:00,48.9,27.0,220.0,1.1,1.9,117.0
2023-12-17T11:00,50.3,27.8,226.0,1.5,1.9,117.0
2023-12-17T12:00,49.0,27.1,232.0,1.9,1.8,117.0
2023-12-17T13:00,51.1,28.2,235.0,1.8,1.8,119.0
2023-12-17T14:00,53.4,29.6,240.0,1.6,1.9,121.0
2023-12-17T15:00,56.1,31.3,243.0,1.4,1.9,123.0
2023-12-17T16:00,58.6,32.8,244.0,1.3,1.9,124.0
2023-12-17T17:00,60.8,34.1,244.0,1.3,1.8,123.0
2023-12-17T18:00,62.4,35.2,244.0,1.2,1.8,123.0
2023-12-17T19:00,63.3,35.9,243.0,1.0,1.7,122.0
2023-12-17T20:00,65.4,37.0,242.0,0.8,1.7,121.0
2023-12-17T21:00,64.3,36.4,240.0,0.7,1.6,120.0
2023-12-17T22:00,63.6,36.1,237.0,0.6,1.5,118.0
2023-12-17T23:00,62.6,35.6,232.0,0.6,1.4,117.0
2023-12-18T00:00,61.0,34.7,230.0,0.7,1.4,115.0
2023-12-18T01:00,60.1,34.3,231.0,1.1,1.5,113.0
2023-12-18T02:00,57.9,33.2,234.0,1.7,1.7,111.0
2023-12-18T03:00,56.2,32.2,235.0,2.0,1.8,110.0
2023-12-18T04:00,54.4,31.2,231.0,1.8,1.8,110.0
2023-12-18T05:00,53.2,30.5,225.0,1.3,1.7,111.0
2023-12-18T06:00,52.5,30.0,220.0,0.9,1.6,111.0
2023-12-18T07:00,52.3,29.9,216.0,0.8,1.6,109.0
2023-12-18T08:00,52.3,29.8,213.0,0.8,1.5,107.0
2023-12-18T09:00,51.8,29.6,211.0,0.9,1.5,104.0
2023-12-18T10:00,51.1,29.3,210.0,1.2,1.4,101.0
2023-12-18T11:00,50.4,28.9,209.0,1.6,1.4,98.0
2023-12-18T12:00,58.3,33.8,229.0,1.9,2.0,109.0
2023-12-18T13:00,56.6,32.7,226.0,1.8,1.9,109.0
2023-12-18T14:00,55.1,31.7,223.0,1.6,1.9,109.0
2023-12-18T15:00,53.7,30.7,219.0,1.5,1.8,109.0
2023-12-18T16:00,53.2,30.4,215.0,1.4,1.7,109.0
2023-12-18T17:00,53.3,30.4,210.0,1.4,1.6,109.0
2023-12-18T18:00,53.9,30.6,208.0,1.4,1.7,109.0
2023-12-18T19:00,55.4,31.5,209.0,1.5,1.9,108.0
2023-12-18T20:00,57.3,32.6,213.0,1.6,2.3,107.0
2023-12-18T21:00,59.5,33.8,218.0,1.8,2.8,106.0
2023-12-18T22:00,62.6,35.5,227.0,2.1,3.5,104.0
2023-12-18T23:00,64.7,36.7,237.0,2.4,4.4,102.0
2023-12-19T00:00,66.6,38.0,236.0,2.4,4.7,104.0
2023-12-19T01:00,68.7,39.0,238.0,3.0,4.8,104.0
2023-12-19T02:00,68.7,39.2,241.0,3.7,5.0,104.0
2023-12-19T03:00,67.8,38.8,241.0,4.0,5.0,106.0
2023-12-19T04:00,65.9,37.7,234.0,3.4,4.6,110.0
2023-12-19T05:00,62.9,36.1,224.0,2.4,4.0,116.0
2023-12-19T06:00,59.3,34.0,215.0,1.6,3.5,119.0
2023-12-19T07:00,57.6,32.9,210.0,1.3,3.2,119.0
2023-12-19T08:00,55.9,32.0,206.0,1.2,3.1,116.0
2023-12-19T09:00,54.4,31.2,204.0,1.3,3.0,113.0
2023-12-19T10:00,53.2,30.6,204.0,1.7,2.9,109.0
2023-12-19T11:00,51.8,29.8,205.0,2.2,2.8,104.0
2023-12-19T12:00,49.6,28.5,205.0,2.8,3.1,104.0
2023-12-19T13:00,48.7,28.1,207.0,3.1,3.3,101.0
2023-12-19T14:00,49.2,28.3,211.0,3.4,3.7,98.0
2023-12-19T15:00,49.6,28.5,214.0,3.7,4.0,95.0
2023-12-19T16:00,49.7,28.4,217.0,3.8,4.2,93.0
2023-12-19T17:00,51.1,29.1,220.0,3.9,4.4,92.0
2023-12-19T18:00,50.6,28.8,222.0,3.9,4.5,91.0
2023-12-19T19:00,50.9,28.9,223.0,3.8,4.6,90.0
2023-12-19T20:00,51.9,29.5,223.0,3.6,4.6,89.0
2023-12-19T21:00,56.8,32.1,224.0,3.4,4.5,90.0
2023-12-19T22:00,56.1,31.5,226.0,3.0,4.3,93.0
2023-12-19T23:00,60.1,33.8,229.0,2.5,4.1,98.0
2023-12-20T00:00,65.7,36.9,239.0,3.1,4.7,94.0
2023-12-20T01:00,64.5,36.2,247.0,3.6,4.9,99.0
2023-12-20T02:00,68.9,38.8,259.0,4.2,5.1,106.0
2023-12-20T03:00,72.2,40.6,265.0,4.4,5.1,112.0
2023-12-20T04:00,71.0,40.0,262.0,3.9,4.7,117.0
2023-12-20T05:00,67.5,38.1,255.0,3.0,4.1,121.0
2023-12-20T06:00,65.9,37.3,248.0,2.2,3.5,124.0
2023-12-20T07:00,63.6,35.9,242.0,1.7,3.0,124.0
2023-12-20T08:00,63.3,35.7,237.0,1.3,2.6,122.0
2023-12-20T09:00,61.9,35.0,235.0,1.3,2.4,120.0
2023-12-20T10:00,61.2,34.6,239.0,1.8,2.5,118.0
2023-12-20T11:00,62.6,35.5,246.0,2.7,2.8,116.0
2023-12-20T12:00,69.6,39.5,255.0,3.5,3.3,115.0
2023-12-20T13:00,72.9,41.4,267.0,4.1,4.3,114.0
2023-12-20T14:00,77.3,44.0,282.0,4.6,5.5,113.0
2023-12-20T15:00,,46.6,294.0,4.9,6.4,113.0
2023-12-20T16:00,,48.1,303.0,4.9,6.7,113.0
2023-12-20T17:00,,48.7,310.0,4.6,6.7,113.0
2023-12-20T18:00,,50.4,315.0,4.2,6.5,113.0
2023-12-20T19:00,,49.6,316.0,3.6,6.0,114.0
2023-12-20T20:00,,49.7,314.0,3.0,5.3,115.0
2023-12-20T21:00,,49.6,313.0,2.5,4.7,116.0
2023-12-20T22:00,,48.4,315.0,2.3,4.5,115.0
2023-12-20T23:00,,49.4,319.0,2.3,4.4,113.0
2023-12-21T00:00,,49.4,300.0,1.6,3.9,124.0
2023-12-21T01:00,,49.4,305.0,2.3,4.3,123.0
2023-12-21T02:00,,49.6,313.0,3.3,4.8,121.0
2023-12-21T03:00,,,318.0,3.9,5.4,123.0
2023-12-21T04:00,,,320.0,3.6,6.1,131.0
2023-12-21T05:00,,50.2,319.0,2.9,6.9,142.0
2023-12-21T06:00,,48.5,316.0,2.3,7.3,150.0
2023-12-21T07:00,,46.7,309.0,1.9,7.1,152.0
2023-12-21T08:00,78.5,44.6,299.0,1.6,6.5,152.0
2023-12-21T09:00,76.1,43.4,292.0,1.6,6.1,149.0
2023-12-21T10:00,75.7,43.2,291.0,2.0,6.0,144.0
2023-12-21T11:00,76.1,43.5,293.0,2.8,5.9,137.0
2023-12-21T12:00,78.9,45.3,305.0,3.4,6.2,131.0
2023-12-21T13:00,,46.7,315.0,3.6,6.6,129.0
2023-12-21T14:00,,47.6,329.0,3.8,7.1,125.0
2023-12-21T15:00,,48.2,340.0,3.9,7.5,123.0
2023-12-21T16:00,,48.4,346.0,3.6,7.8,123.0
2023-12-21T17:00,,48.4,349.0,3.1,8.0,124.0
2023-12-21T18:00,,48.1,351.0,2.7,8.1,125.0
2023-12-21T19:00,,47.6,352.0,2.5,8.1,125.0
2023-12-21T20:00,,47.3,352.0,2.3,8.1,124.0
2023-12-21T21:00,,46.3,354.0,2.3,8.2,122.0
2023-12-21T22:00,,46.2,359.0,2.3,8.4,119.0
2023-12-21T23:00,79.4,45.9,367.0,2.5,8.7,114.0
2023-12-22T00:00,,45.8,,3.8,9.8,103.0
2023-12-22T01:00,,46.1,,4.5,10.6,103.0
2023-12-22T02:00,,47.0,,5.5,11.6,104.0
2023-12-22T03:00,,46.6,,5.9,12.2,110.0
2023-12-22T04:00,,46.3,,5.2,12.2,124.0
2023-12-22T05:00,,46.9,369.0,3.9,11.8,143.0
2023-12-22T06:00,,47.4,353.0,2.8,11.1,157.0
2023-12-22T07:00,,48.1,339.0,2.2,10.1,162.0
2023-12-22T08:00,,47.7,325.0,1.9,8.9,161.0
2023-12-22T09:00,,47.8,316.0,1.8,7.9,159.0
2023-12-22T10:00,,48.2,314.0,2.2,7.4,154.0
2023-12-22T11:00,,48.2,315.0,2.9,7.2,147.0
2023-12-22T12:00,,,313.0,3.7,7.6,144.0
2023-12-22T13:00,,,315.0,3.5,7.4,140.0
2023-12-22T14:00,,,317.0,3.3,7.0,134.0
2023-12-22T15:00,,,319.0,3.0,6.7,129.0
2023-12-22T16:00,,48.1,319.0,2.8,6.3,127.0
2023-12-22T17:00,79.2,45.5,318.0,2.5,5.9,127.0
2023-12-22T18:00,75.2,43.1,318.0,2.3,5.7,127.0
2023-12-22T19:00,71.7,41.0,320.0,2.1,5.7,127.0
2023-12-22T20:00,69.6,39.6,324.0,2.0,5.9,127.0
2023-12-22T21:00,68.5,38.9,331.0,2.0,6.3,126.0
2023-12-22T22:00,67.5,38.3,343.0,2.2,7.1,122.0
2023-12-22T23:00,66.4,38.1,358.0,2.6,8.2,118.0
2023-12-23T00:00,68.9,40.2,,4.0,10.7,105.0
2023-12-23T01:00,71.7,42.0,,5.3,12.1,101.0
2023-12-23T02:00,74.5,44.0,,7.1,13.9,96.0
2023-12-23T03:00,76.6,45.3,,7.8,14.8,98.0
2023-12-23T04:00,77.3,45.2,,6.6,14.0,115.0
2023-12-23T05:00,77.1,44.7,,4.4,12.3,138.0
2023-12-23T06:00,75.0,43.5,372.0,2.6,10.5,155.0
2023-12-23T07:00,72.4,41.8,344.0,1.8,8.6,159.0
2023-12-23T08:00,69.8,40.3,318.0,1.5,6.5,156.0
2023-12-23T09:00,67.8,39.1,297.0,1.4,5.0,151.0
2023-12-23T10:00,65.9,38.0,283.0,1.7,4.3,146.0
2023-12-23T11:00,64.0,36.8,274.0,2.3,4.2,139.0
2023-12-23T12:00,61.7,35.5,285.0,3.2,4.5,136.0
2023-12-23T13:00,61.2,35.3,279.0,3.3,4.7,131.0
2023-12-23T14:00,61.0,35.2,270.0,3.4,5.0,124.0
2023-12-23T15:00,60.1,34.7,264.0,3.5,5.2,118.0
2023-12-23T16:00,58.6,33.9,259.0,3.5,5.0,115.0
2023-12-23T17:00,56.8,32.8,256.0,3.5,4.7,112.0
2023-12-23T18:00,55.6,32.1,262.0,3.9,4.8,108.0
2023-12-23T19:00,55.3,31.9,284.0,4.9,5.9,100.0
2023-12-23T20:00,57.4,33.1,314.0,6.3,7.4,91.0
2023-12-23T21:00,61.0,34.9,337.0,7.2,8.6,84.0
2023-12-23T22:00,64.5,36.8,346.0,7.2,9.2,80.0
2023-12-23T23:00,65.4,37.5,347.0,6.8,9.4,78.0
2023-12-24T00:00,68.0,39.1,351.0,6.8,9.3,74.0
2023-12-24T01:00,64.0,36.8,348.0,7.4,9.2,76.0
2023-12-24T02:00,64.0,36.9,343.0,8.2,9.0,79.0
2023-12-24T03:00,63.6,37.0,340.0,8.5,8.9,86.0
2023-12-24T04:00,63.3,37.1,343.0,7.8,9.0,101.0
2023-12-24T05:00,62.2,36.3,348.0,6.6,9.2,120.0
2023-12-24T06:00,61.7,35.6,341.0,5.4,8.8,132.0
2023-12-24T07:00,57.6,32.8,310.0,4.1,7.2,131.0
2023-12-24T08:00,51.0,28.8,268.0,2.8,5.0,124.0
2023-12-24T09:00,46.6,26.3,236.0,2.0,3.3,116.0
2023-12-24T10:00,42.1,23.8,224.0,2.1,2.6,110.0
2023-12-24T11:00,42.1,23.9,222.0,2.8,2.5,103.0
2023-12-24T12:00,45.8,25.9,214.0,3.0,2.6,98.0
2023-12-24T13:00,44.5,25.1,217.0,3.4,2.9,95.0
2023-12-24T14:00,42.4,23.9,221.0,4.0,3.4,91.0
2023-12-24T15:00,42.4,23.9,224.0,4.3,3.6,87.0
2023-12-24T16:00,40.5,22.8,223.0,4.2,3.5,84.0
2023-12-24T17:00,34.8,19.6,221.0,3.8,3.1,82.0
2023-12-24T18:00,30.7,17.3,218.0,3.3,2.7,80.0
2023-12-24T19:00,25.3,14.1,214.0,2.7,2.3,79.0
2023-12-24T20:00,22.3,12.5,209.0,1.9,1.8,78.0
2023-12-24T21:00,21.5,11.9,207.0,1.4,1.4,77.0
2023-12-24T22:00,21.1,11.6,208.0,1.2,1.2,76.0
2023-12-24T23:00,19.7,10.9,211.0,1.1,1.2,75.0
2023-12-25T00:00,15.4,8.5,213.0,1.4,1.5,75.0
2023-12-25T01:00,13.8,7.7,217.0,1.6,1.4,75.0
2023-12-25T02:00,14.3,7.9,222.0,1.8,1.3,74.0
2023-12-25T03:00,14.7,8.1,226.0,1.9,1.2,75.0
2023-12-25T04:00,15.8,8.8,229.0,1.7,1.2,79.0
2023-12-25T05:00,17.5,9.8,231.0,1.3,1.3,84.0
2023-12-25T06:00,19.8,11.1,232.0,1.0,1.3,87.0
2023-12-25T07:00,21.7,12.1,230.0,0.9,1.2,87.0
2023-12-25T08:00,23.1,12.9,227.0,0.9,1.1,85.0
2023-12-25T09:00,24.0,13.4,224.0,1.0,1.0,82.0
2023-12-25T10:00,25.1,14.0,221.0,1.4,1.0,79.0
2023-12-25T11:00,26.3,14.7,218.0,1.9,1.0,76.0
2023-12-25T12:00,30.9,17.3,216.0,2.3,1.1,72.0
2023-12-25T13:00,29.6,16.6,214.0,2.5,1.3,71.0
2023-12-25T14:00,28.8,16.2,211.0,2.8,1.5,70.0
2023-12-25T15:00,27.4,15.4,208.0,3.0,1.8,69.0
2023-12-25T16:00,26.3,14.8,207.0,3.1,2.0,70.0
2023-12-25T17:00,26.1,14.7,206.0,3.1,2.3,71.0
2023-12-25T18:00,25.7,14.4,206.0,3.1,2.5,72.0
2023-12-25T19:00,25.8,14.5,207.0,3.1,2.7,72.0
2023-12-25T20:00,25.9,14.6,208.0,3.2,2.9,72.0
2023-12-25T21:00,26.1,14.8,212.0,3.4,3.3,71.0
2023-12-25T22:00,26.6,15.3,220.0,3.9,4.0,69.0
2023-12-25T23:00,27.4,16.0,231.0,4.6,5.0,66.0
2023-12-26T00:00,27.3,16.2,224.0,4.4,4.9,67.0
2023-12-26T01:00,30.4,18.3,239.0,5.4,5.8,67.0
2023-12-26T02:00,31.8,19.4,259.0,6.7,7.0,67.0
2023-12-26T03:00,32.4,20.0,270.0,7.2,7.8,70.0
2023-12-26T04:00,33.1,20.1,263.0,6.2,7.7,81.0
2023-12-26T05:00,31.9,18.7,246.0,4.4,7.2,95.0
2023-12-26T06:00,32.0,18.1,230.0,2.9,6.4,104.0
2023-12-26T07:00,30.9,17.0,217.0,2.0,5.2,104.0
2023-12-26T08:00,29.3,15.9,204.0,1.5,3.8,98.0
2023-12-26T09:00,27.9,15.1,195.0,1.2,2.6,92.0
2023-12-26T10:00,26.4,14.3,191.0,1.3,1.9,86.0
2023-12-26T11:00,25.7,13.9,191.0,1.7,1.6,79.0
2023-12-26T12:00,32.0,17.7,185.0,2.4,2.2,74.0
2023-12-26T13:00,30.0,16.7,186.0,2.8,2.4,72.0
2023-12-26T14:00,28.6,15.9,188.0,3.3,2.7,69.0
2023-12-26T15:00,27.8,15.5,190.0,3.7,3.0,67.0
2023-12-26T16:00,27.0,15.0,191.0,3.8,3.1,67.0
2023-12-26T17:00,26.8,14.9,192.0,3.9,3.2,67.0
2023-12-26T18:00,27.4,15.2,195.0,4.0,3.3,67.0
2023-12-26T19:00,28.5,15.8,200.0,4.3,3.5,66.0
2023-12-26T20:00,29.6,16.5,206.0,4.7,3.8,65.0
2023-12-26T21:00,30.6,17.2,212.0,5.0,4.1,64.0
2023-12-26T22:00,31.8,17.9,216.0,5.2,4.4,63.0
2023-12-26T23:00,32.6,18.6,220.0,5.4,4.7,61.0
2023-12-27T00:00,32.8,18.4,213.0,4.5,4.2,64.0
2023-12-27T01:00,34.1,19.2,220.0,5.1,4.9,64.0
2023-12-27T02:00,35.3,20.0,229.0,5.8,5.9,65.0
2023-12-27T03:00,35.0,20.0,234.0,5.9,6.4,69.0
2023-12-27T04:00,35.2,20.1,231.0,4.9,6.2,81.0
2023-12-27T05:00,34.7,19.7,224.0,3.3,5.6,97.0
2023-12-27T06:00,32.4,18.1,216.0,2.1,4.9,107.0
2023-12-27T07:00,30.5,17.0,208.0,1.5,4.1,108.0
2023-12-27T08:00,29.8,16.6,200.0,1.2,3.2,103.0
2023-12-27T09:00,29.9,16.7,194.0,1.2,2.6,98.0
2023-12-27T10:00,29.7,16.6,193.0,1.4,2.3,93.0
2023-12-27T11:00,30.6,17.1,195.0,1.9,2.3,88.0
2023-12-27T12:00,33.1,18.5,218.0,3.3,3.8,93.0
2023-12-27T13:00,33.9,19.0,222.0,3.7,4.0,89.0
2023-12-27T14:00,35.3,19.8,227.0,4.3,4.2,85.0
2023-12-27T15:00,35.9,20.1,231.0,4.6,4.3,81.0
2023-12-27T16:00,37.3,20.8,232.0,4.6,4.2,80.0
2023-12-27T17:00,36.7,20.4,232.0,4.4,4.0,80.0
2023-12-27T18:00,36.6,20.3,231.0,4.1,3.7,80.0
2023-12-27T19:00,35.0,19.4,228.0,3.7,3.4,79.0
2023-12-27T20:00,32.0,17.9,225.0,3.2,3.1,78.0
2023-12-27T21:00,28.6,16.0,222.0,2.8,2.9,77.0
2023-12-27T22:00,28.2,15.8,221.0,2.6,2.8,76.0
2023-12-27T23:00,27.3,15.4,220.0,2.5,2.8,75.0
2023-12-28T00:00,29.9,16.8,218.0,2.6,3.2,76.0
2023-12-28T01:00,30.5,17.2,221.0,2.9,3.2,76.0
2023-12-28T02:00,30.5,17.3,225.0,3.4,3.3,76.0
2023-12-28T03:00,30.3,17.2,228.0,3.5,3.2,78.0
2023-12-28T04:00,30.3,17.1,228.0,3.0,3.0,84.0
2023-12-28T05:00,31.2,17.5,225.0,2.2,2.7,91.0
2023-12-28T06:00,31.5,17.5,222.0,1.5,2.4,95.0
2023-12-28T07:00,30.6,16.9,216.0,1.1,1.9,92.0
2023-12-28T08:00,30.4,16.7,209.0,0.9,1.3,86.0
2023-12-28T09:00,29.9,16.5,204.0,0.9,0.9,80.0
2023-12-28T10:00,30.3,16.7,205.0,1.2,0.8,77.0
2023-12-28T11:00,30.7,16.9,208.0,1.8,0.8,75.0
2023-12-28T12:00,36.8,20.5,211.0,2.5,1.5,77.0
2023-12-28T13:00,35.6,19.8,212.0,2.6,1.7,76.0
2023-12-28T14:00,32.4,18.1,213.0,2.7,1.9,74.0
2023-12-28T15:00,30.9,17.2,214.0,2.8,2.1,73.0
2023-12-28T16:00,28.9,16.1,215.0,2.9,2.2,72.0
2023-12-28T17:00,27.8,15.5,215.0,2.9,2.2,72.0
2023-12-28T18:00,27.6,15.4,216.0,3.0,2.4,71.0
2023-12-28T19:00,28.8,15.9,216.0,3.0,2.7,71.0
2023-12-28T20:00,27.9,15.5,217.0,3.1,3.1,70.0
2023-12-28T21:00,25.8,14.4,219.0,3.3,3.7,69.0
2023-12-28T22:00,25.8,14.4,224.0,3.9,4.5,66.0
2023-12-28T23:00,28.5,15.9,231.0,4.8,5.4,63.0
2023-12-29T00:00,24.2,13.6,200.0,1.7,2.0,69.0
2023-12-29T01:00,26.1,14.6,204.0,2.2,2.1,69.0
2023-12-29T02:00,25.5,14.4,209.0,2.8,2.3,68.0
2023-12-29T03:00,26.1,14.7,212.0,3.1,2.4,69.0
2023-12-29T04:00,26.4,14.8,210.0,2.7,2.3,73.0
2023-12-29T05:00,25.9,14.4,206.0,1.9,2.0,79.0
2023-12-29T06:00,27.6,15.2,203.0,1.3,1.7,82.0
2023-12-29T07:00,27.4,15.1,201.0,1.0,1.4,82.0
2023-12-29T08:00,28.5,15.6,200.0,0.9,1.1,79.0
2023-12-29T09:00,27.9,15.3,200.0,0.9,0.9,77.0
2023-12-29T10:00,28.4,15.5,202.0,1.2,0.8,75.0
2023-12-29T11:00,28.4,15.5,204.0,1.6,0.7,73.0
2023-12-29T12:00,29.4,16.2,210.0,2.2,0.8,69.0
2023-12-29T13:00,29.8,16.4,213.0,2.4,1.0,69.0
2023-12-29T14:00,31.0,17.1,216.0,2.7,1.3,70.0
2023-12-29T15:00,30.9,17.0,219.0,2.9,1.6,71.0
2023-12-29T16:00,30.4,16.7,219.0,2.9,1.7,72.0
2023-12-29T17:00,30.7,16.9,218.0,2.7,1.8,74.0
2023-12-29T18:00,31.0,17.1,219.0,2.7,2.1,75.0
2023-12-29T19:00,33.5,18.5,225.0,3.0,2.7,75.0
2023-12-29T20:00,36.2,20.0,233.0,3.4,3.4,75.0
2023-12-29T21:00,36.8,20.4,240.0,3.7,4.0,75.0
2023-12-29T22:00,36.7,20.7,244.0,3.7,4.3,76.0
2023-12-29T23:00,38.3,21.6,246.0,3.5,4.5,77.0
2023-12-30T00:00,37.3,20.9,228.0,2.0,2.5,80.0
2023-12-30T01:00,37.7,21.4,238.0,2.8,3.2,80.0
2023-12-30T02:00,39.1,22.3,251.0,3.9,4.1,81.0
2023-12-30T03:00,40.5,23.1,261.0,4.4,4.6,85.0
2023-12-30T04:00,42.0,24.0,263.0,3.8,4.5,94.0
2023-12-30T05:00,44.7,25.4,261.0,2.7,4.1,105.0
2023-12-30T06:00,46.8,26.5,258.0,1.8,3.6,113.0
2023-12-30T07:00,48.0,27.1,254.0,1.4,3.2,114.0
2023-12-30T08:00,49.8,28.1,250.0,1.1,2.7,111.0
2023-12-30T09:00,50.1,28.3,247.0,1.1,2.4,108.0
2023-12-30T10:00,50.9,28.9,248.0,1.4,2.3,105.0
2023-12-30T11:00,51.8,29.5,251.0,2.0,2.4,102.0
2023-12-30T12:00,48.9,27.8,256.0,2.7,3.2,101.0
2023-12-30T13:00,48.5,27.8,258.0,2.7,3.1,98.0
2023-12-30T14:00,48.5,27.8,262.0,2.7,2.9,95.0
2023-12-30T15:00,48.9,28.1,265.0,2.6,2.6,93.0
2023-12-30T16:00,49.9,28.8,268.0,2.4,2.3,94.0
2023-12-30T17:00,50.9,29.3,272.0,2.1,1.9,96.0
2023-12-30T18:00,51.6,29.7,273.0,1.8,1.6,98.0
2023-12-30T19:00,51.1,29.5,271.0,1.6,1.4,99.0
2023-12-30T20:00,52.2,30.0,267.0,1.4,1.3,99.0
2023-12-30T21:00,53.0,30.5,265.0,1.3,1.3,98.0
2023-12-30T22:00,53.0,30.6,265.0,1.3,1.3,97.0
2023-12-30T23:00,53.1,30.7,266.0,1.5,1.4,95.0
2023-12-31T00:00,52.2,30.2,260.0,1.6,1.5,94.0
2023-12-31T01:00,53.7,31.1,275.0,2.5,2.1,91.0
2023-12-31T02:00,54.6,31.8,294.0,3.8,3.0,88.0
2023-12-31T03:00,56.3,32.8,304.0,4.4,3.6,88.0
2023-12-31T04:00,57.7,33.5,296.0,3.8,3.7,97.0
2023-12-31T05:00,56.7,32.8,279.0,2.5,3.5,109.0
2023-12-31T06:00,54.7,31.5,264.0,1.5,3.2,117.0
2023-12-31T07:00,53.8,30.9,254.0,1.0,2.7,116.0
2023-12-31T08:00,54.9,31.5,245.0,0.8,2.0,111.0
2023-12-31T09:00,56.6,32.5,241.0,0.8,1.5,106.0
2023-12-31T10:00,58.0,33.4,243.0,1.1,1.3,102.0
2023-12-31T11:00,59.5,34.3,249.0,1.5,1.2,97.0
2023-12-31T12:00,65.7,38.1,271.0,2.3,1.9,100.0
2023-12-31T13:00,69.2,40.0,279.0,2.3,2.0,100.0
2023-12-31T14:00,71.5,41.4,290.0,2.2,2.1,100.0
2023-12-31T15:00,72.2,41.8,299.0,2.1,2.2,101.0
2023-12-31T16:00,71.7,41.3,303.0,1.9,2.1,102.0
2023-12-31T17:00,68.7,39.6,304.0,1.8,1.9,104.0
2023-12-31T18:00,67.5,38.9,305.0,1.6,1.7,106.0
2023-12-31T19:00,67.5,38.8,304.0,1.4,1.6,107.0
2023-12-31T20:00,67.8,39.1,302.0,1.3,1.5,108.0
2023-12-31T21:00,68.7,39.8,304.0,1.3,1.6,108.0
2023-12-31T22:00,70.8,41.2,313.0,1.6,1.9,106.0
2023-12-31T23:00,74.0,43.2,326.0,2.0,2.4,103.0
2024-01-01T00:00,72.6,42.0,329.0,2.9,3.0,96.0
2024-01-01T01:00,77.1,44.7,358.0,4.4,4.8,92.0
2024-01-01T02:00,,47.7,,6.4,7.2,88.0
2024-01-01T03:00,,50.1,,7.3,8.7,90.0
2024-01-01T04:00,,,,6.1,8.6,106.0
2024-01-01T05:00,,,369.0,3.9,7.6,129.0
2024-01-01T06:00,,,341.0,2.2,6.5,145.0
2024-01-01T07:00,,,326.0,1.5,5.4,148.0
2024-01-01T08:00,,,316.0,1.3,4.1,143.0
2024-01-01T09:00,,,308.0,1.3,3.1,137.0
2024-01-01T10:00,,,304.0,1.5,2.5,130.0
2024-01-01T11:00,,,303.0,1.8,2.1,120.0
2024-01-01T12:00,78.0,45.1,302.0,2.1,1.8,114.0
2024-01-01T13:00,75.0,43.3,296.0,1.9,1.7,112.0
2024-01-01T14:00,70.5,40.9,289.0,1.7,1.5,108.0
2024-01-01T15:00,66.1,38.2,280.0,1.5,1.4,106.0
2024-01-01T16:00,61.5,35.4,271.0,1.4,1.3,105.0
2024-01-01T17:00,57.4,32.9,262.0,1.3,1.3,106.0
2024-01-01T18:00,54.0,30.9,253.0,1.2,1.2,106.0
2024-01-01T19:00,51.6,29.3,246.0,1.1,1.1,106.0
2024-01-01T20:00,49.5,27.9,239.0,0.9,1.0,106.0
2024-01-01T21:00,47.7,26.9,235.0,0.9,1.0,105.0
2024-01-01T22:00,46.3,26.1,231.0,0.9,1.0,104.0
2024-01-01T23:00,44.9,25.4,230.0,0.9,1.0,103.0
2024-01-02T00:00,46.2,26.0,234.0,1.3,1.1,103.0
2024-01-02T01:00,46.9,26.4,246.0,2.1,1.4,101.0
2024-01-02T02:00,48.4,27.4,261.0,3.2,1.9,99.0
2024-01-02T03:00,51.3,29.1,272.0,3.8,2.2,100.0
2024-01-02T04:00,54.5,31.0,272.0,3.5,2.3,106.0
2024-01-02T05:00,56.3,32.0,268.0,2.6,2.4,114.0
2024-01-02T06:00,57.0,32.5,265.0,1.9,2.3,120.0
2024-01-02T07:00,59.3,33.8,267.0,1.4,2.1,123.0
2024-01-02T08:00,62.9,35.9,271.0,1.1,1.8,124.0
2024-01-02T09:00,65.2,37.4,276.0,0.9,1.5,123.0
2024-01-02T10:00,67.1,38.5,282.0,1.0,1.3,120.0
2024-01-02T11:00,68.2,39.2,289.0,1.3,1.1,115.0
2024-01-02T12:00,,47.3,303.0,2.1,1.6,113.0
2024-01-02T13:00,,46.0,304.0,2.0,1.5,112.0
2024-01-02T14:00,77.3,44.6,304.0,1.8,1.3,111.0
2024-01-02T15:00,74.3,42.7,303.0,1.7,1.2,111.0
2024-01-02T16:00,70.8,40.6,299.0,1.6,1.1,112.0
2024-01-02T17:00,67.3,38.6,293.0,1.6,1.1,113.0
2024-01-02T18:00,64.0,36.6,287.0,1.5,1.1,114.0
2024-01-02T19:00,61.0,34.8,280.0,1.4,1.1,114.0
2024-01-02T20:00,58.1,33.2,273.0,1.3,1.1,113.0
2024-01-02T21:00,56.2,32.1,267.0,1.2,1.1,112.0
2024-01-02T22:00,54.4,31.1,261.0,1.2,1.1,110.0
2024-01-02T23:00,53.0,30.3,257.0,1.3,1.2,107.0
2024-01-03T00:00,52.9,30.2,254.0,1.4,1.4,107.0
2024-01-03T01:00,52.2,29.8,260.0,2.0,1.6,105.0
2024-01-03T02:00,51.7,29.6,269.0,2.8,1.9,101.0
2024-01-03T03:00,52.7,30.2,270.0,3.2,2.1,100.0
2024-01-03T04:00,52.7,30.0,258.0,2.7,2.0,103.0
2024-01-03T05:00,51.0,29.0,240.0,1.6,1.8,108.0
2024-01-03T06:00,49.1,27.9,224.0,0.9,1.6,111.0
2024-01-03T07:00,50.1,28.4,213.0,0.7,1.4,109.0
2024-01-03T08:00,47.4,26.8,205.0,0.8,1.1,104.0
2024-01-03T09:00,46.4,26.3,199.0,0.9,0.9,100.0
2024-01-03T10:00,45.6,25.7,196.0,1.1,0.8,96.0
2024-01-03T11:00,45.1,25.3,194.0,1.3,0.6,93.0
2024-01-03T12:00,46.9,26.4,200.0,1.6,0.8,90.0
2024-01-03T13:00,46.9,26.4,201.0,1.7,0.8,89.0
2024-01-03T14:00,49.5,27.8,201.0,1.9,0.8,88.0
2024-01-03T15:00,50.2,28.1,201.0,2.0,0.8,87.0
2024-01-03T16:00,50.1,27.9,198.0,1.9,0.8,87.0
2024-01-03T17:00,50.4,28.1,195.0,1.8,0.7,88.0
2024-01-03T18:00,46.3,25.7,191.0,1.6,0.7,89.0
2024-01-03T19:00,42.7,23.5,188.0,1.4,0.7,89.0
2024-01-03T20:00,41.0,22.4,184.0,1.2,0.6,89.0
2024-01-03T21:00,39.3,21.4,182.0,1.1,0.6,89.0
2024-01-03T22:00,37.3,20.2,181.0,1.1,0.6,89.0
2024-01-03T23:00,35.0,19.0,182.0,1.1,0.7,89.0
2024-01-04T00:00,33.8,18.5,172.0,0.9,0.6,87.0
2024-01-04T01:00,34.1,18.6,175.0,1.3,0.7,87.0
2024-01-04T02:00,35.3,19.2,179.0,1.8,1.0,88.0
2024-01-04T03:00,37.1,20.1,180.0,2.1,1.1,89.0
2024-01-04T04:00,37.5,20.3,177.0,1.8,1.1,91.0
2024-01-04T05:00,37.3,20.2,171.0,1.3,1.1,93.0
2024-01-04T06:00,37.0,20.1,166.0,0.9,1.1,94.0
2024-01-04T07:00,37.0,20.2,163.0,0.8,1.0,93.0
2024-01-04T08:00,36.0,19.7,161.0,0.7,0.9,90.0
2024-01-04T09:00,36.6,20.0,160.0,0.8,0.8,88.0
2024-01-04T10:00,37.6,20.6,160.0,0.9,0.7,86.0
2024-01-04T11:00,37.3,20.4,162.0,1.1,0.5,84.0
2024-01-04T12:00,37.1,20.5,179.0,2.0,0.7,84.0
2024-01-04T13:00,40.5,22.7,186.0,2.1,0.8,85.0
2024-01-04T14:00,42.7,24.2,196.0,2.3,1.0,85.0
2024-01-04T15:00,45.8,26.0,204.0,2.4,1.1,86.0
2024-01-04T16:00,47.6,27.2,210.0,2.5,1.2,86.0
2024-01-04T17:00,49.9,28.8,215.0,2.6,1.2,87.0
2024-01-04T18:00,50.9,29.4,218.0,2.6,1.2,87.0
2024-01-04T19:00,51.9,30.2,218.0,2.4,1.2,87.0
2024-01-04T20:00,57.2,33.2,216.0,2.2,1.2,86.0
2024-01-04T21:00,52.9,30.9,216.0,2.0,1.2,86.0
2024-01-04T22:00,51.9,30.3,217.0,2.0,1.2,85.0
2024-01-04T23:00,50.6,29.5,219.0,2.0,1.3,85.0
2024-01-05T00:00,50.1,29.6,212.0,2.1,1.5,85.0
2024-01-05T01:00,49.1,29.0,215.0,2.5,1.6,85.0
2024-01-05T02:00,45.2,26.8,219.0,3.1,1.8,85.0
2024-01-05T03:00,43.9,25.8,222.0,3.4,2.0,86.0
2024-01-05T04:00,39.7,23.3,224.0,3.3,2.4,90.0
2024-01-05T05:00,38.6,22.6,226.0,2.9,2.8,96.0
2024-01-05T06:00,38.0,22.1,226.0,2.5,3.1,101.0
2024-01-05T07:00,36.7,21.4,223.0,2.1,3.1,106.0
2024-01-05T08:00,35.5,20.7,219.0,1.8,3.0,110.0
2024-01-05T09:00,34.2,20.0,215.0,1.7,2.9,112.0
2024-01-05T10:00,33.4,19.4,214.0,2.1,2.9,110.0
2024-01-05T11:00,33.1,19.1,213.0,2.8,3.0,106.0
2024-01-05T12:00,41.4,23.6,218.0,3.1,2.8,99.0
2024-01-05T13:00,39.6,22.7,217.0,3.1,2.6,95.0
2024-01-05T14:00,37.8,21.7,215.0,3.0,2.3,89.0
2024-01-05T15:00,36.3,21.0,213.0,2.9,2.0,84.0
2024-01-05T16:00,35.9,20.7,213.0,2.8,1.7,82.0
2024-01-05T17:00,35.7,20.7,213.0,2.8,1.4,81.0
2024-01-05T18:00,35.3,20.3,211.0,2.6,1.2,81.0
2024-01-05T19:00,34.2,19.7,205.0,2.2,1.0,81.0
2024-01-05T20:00,32.8,18.8,197.0,1.7,0.8,81.0
2024-01-05T21:00,31.0,17.7,191.0,1.4,0.8,81.0
2024-01-05T22:00,29.7,17.0,189.0,1.4,0.9,80.0
2024-01-05T23:00,28.8,16.5,189.0,1.6,1.1,78.0
2024-01-06T00:00,31.4,17.9,195.0,2.2,1.6,77.0
2024-01-06T01:00,28.1,16.2,195.0,2.6,1.8,76.0
2024-01-06T02:00,25.8,15.0,194.0,3.2,2.1,74.0
2024-01-06T03:00,23.8,13.9,192.0,3.5,2.3,73.0
2024-01-06T04:00,22.2,12.9,187.0,3.3,2.3,74.0
2024-01-06T05:00,23.7,13.6,180.0,2.8,2.1,75.0
2024-01-06T06:00,24.1,13.6,173.0,2.3,1.9,76.0
2024-01-06T07:00,23.4,13.2,167.0,1.9,1.6,75.0
2024-01-06T08:00,21.7,12.2,162.0,1.5,1.1,74.0
2024-01-06T09:00,21.8,12.3,158.0,1.3,0.8,72.0
2024-01-06T10:00,22.5,12.7,158.0,1.5,0.7,70.0
2024-01-06T11:00,23.4,13.1,159.0,1.9,0.6,69.0
2024-01-06T12:00,37.0,21.4,187.0,3.6,1.6,77.0
2024-01-06T13:00,37.0,21.4,188.0,3.7,1.7,76.0
2024-01-06T14:00,37.5,21.5,188.0,3.8,1.8,75.0
2024-01-06T15:00,36.6,21.0,188.0,3.8,1.9,74.0
2024-01-06T16:00,35.9,20.6,185.0,3.5,1.9,73.0
2024-01-06T17:00,34.0,19.7,181.0,3.1,2.0,73.0
2024-01-06T18:00,32.1,18.7,178.0,2.9,2.2,72.0
2024-01-06T19:00,30.4,17.8,178.0,3.1,2.8,71.0
2024-01-06T20:00,29.0,17.0,180.0,3.5,3.6,69.0
2024-01-06T21:00,27.5,16.2,181.0,3.8,4.3,68.0
2024-01-06T22:00,26.8,15.8,180.0,4.0,4.8,67.0
2024-01-06T23:00,26.4,15.5,179.0,4.1,5.1,67.0
2024-01-07T00:00,26.5,15.5,173.0,3.6,4.6,70.0
2024-01-07T01:00,27.9,16.1,176.0,3.8,4.2,69.0
2024-01-07T02:00,28.1,16.2,180.0,4.1,3.6,67.0
2024-01-07T03:00,24.7,14.1,182.0,4.1,3.0,66.0
2024-01-07T04:00,20.5,11.6,181.0,3.6,2.5,66.0
2024-01-07T05:00,17.1,9.6,179.0,2.8,1.9,66.0
2024-01-07T06:00,15.7,8.7,178.0,2.1,1.5,66.0
2024-01-07T07:00,13.1,7.1,178.0,1.7,1.2,66.0
2024-01-07T08:00,12.1,6.5,178.0,1.5,0.9,66.0
2024-01-07T09:00,11.3,6.1,179.0,1.4,0.7,65.0
2024-01-07T10:00,10.2,5.5,181.0,1.6,0.6,64.0
2024-01-07T11:00,10.5,5.7,184.0,2.0,0.7,62.0
2024-01-07T12:00,16.7,9.7,182.0,5.0,2.8,69.0
2024-01-07T13:00,17.6,10.0,181.0,4.3,2.4,70.0
2024-01-07T14:00,18.6,10.4,181.0,3.4,1.8,72.0
2024-01-07T15:00,17.2,9.6,179.0,2.5,1.3,72.0
2024-01-07T16:00,15.4,8.4,176.0,1.9,0.9,70.0
2024-01-07T17:00,15.7,8.4,172.0,1.3,0.6,68.0
2024-01-07T18:00,15.4,8.2,169.0,0.9,0.4,66.0
2024-01-07T19:00,14.7,7.9,168.0,0.6,0.3,66.0
2024-01-07T20:00,15.8,8.5,167.0,0.4,0.3,66.0
2024-01-07T21:00,17.3,9.4,167.0,0.3,0.3,66.0
2024-01-07T22:00,16.5,9.1,167.0,0.3,0.3,66.0
2024-01-07T23:00,16.2,9.0,167.0,0.3,0.3,67.0
2024-01-08T00:00,19.9,11.0,168.0,0.4,0.2,67.0
2024-01-08T01:00,21.0,11.7,173.0,1.0,0.4,67.0
2024-01-08T02:00,22.2,12.5,181.0,1.8,0.6,66.0
2024-01-08T03:00,21.8,12.1,185.0,2.3,0.7,67.0
2024-01-08T04:00,22.1,12.2,183.0,2.0,0.7,69.0
2024-01-08T05:00,22.4,12.3,178.0,1.4,0.6,73.0
2024-01-08T06:00,22.1,12.2,173.0,0.9,0.5,75.0
2024-01-08T07:00,20.9,11.5,171.0,0.8,0.5,76.0
2024-01-08T08:00,21.7,12.0,169.0,0.8,0.5,76.0
2024-01-08T09:00,24.4,13.4,168.0,0.9,0.5,75.0
2024-01-08T10:00,25.4,13.9,167.0,1.2,0.5,74.0
2024-01-08T11:00,28.6,15.7,166.0,1.7,0.5,73.0
2024-01-08T12:00,33.3,18.6,186.0,2.7,1.1,77.0
2024-01-08T13:00,37.6,21.1,196.0,2.5,1.1,80.0
2024-01-08T14:00,42.3,23.9,209.0,2.3,1.0,84.0
2024-01-08T15:00,46.9,26.7,219.0,2.0,0.9,87.0
2024-01-08T16:00,49.9,28.5,223.0,1.7,0.8,90.0
2024-01-08T17:00,51.3,29.3,223.0,1.5,0.6,92.0
2024-01-08T18:00,50.8,29.0,223.0,1.2,0.5,94.0
2024-01-08T19:00,49.6,28.3,222.0,0.9,0.4,95.0
2024-01-08T20:00,50.5,28.9,220.0,0.7,0.4,95.0
2024-01-08T21:00,51.6,29.6,221.0,0.5,0.4,96.0
2024-01-08T22:00,54.8,31.5,225.0,0.5,0.5,97.0
2024-01-08T23:00,56.3,32.4,231.0,0.5,0.6,98.0
2024-01-09T00:00,57.9,33.5,236.0,0.6,0.7,97.0
2024-01-09T01:00,57.6,33.5,243.0,0.9,0.8,98.0
2024-01-09T02:00,57.7,33.8,252.0,1.4,0.9,100.0
2024-01-09T03:00,57.0,33.2,258.0,1.6,1.0,101.0
2024-01-09T04:00,55.9,32.5,258.0,1.5,1.0,103.0
2024-01-09T05:00,54.4,31.4,255.0,1.2,0.9,104.0
2024-01-09T06:00,52.4,30.3,253.0,0.9,0.8,104.0
2024-01-09T07:00,51.2,29.5,252.0,0.7,0.8,102.0
2024-01-09T08:00,50.8,29.2,252.0,0.7,0.7,98.0
2024-01-09T09:00,50.9,29.2,254.0,0.7,0.7,95.0
2024-01-09T10:00,51.8,29.8,259.0,1.0,0.7,93.0
2024-01-09T11:00,53.6,31.0,266.0,1.5,0.7,92.0
2024-01-09T12:00,59.3,34.8,269.0,1.9,0.7,93.0
2024-01-09T13:00,62.6,37.0,268.0,1.8,0.8,95.0
2024-01-09T14:00,65.7,39.0,267.0,1.6,0.8,97.0
2024-01-09T15:00,67.8,40.4,265.0,1.5,0.9,99.0
2024-01-09T16:00,68.5,40.6,261.0,1.4,0.9,100.0
2024-01-09T17:00,65.9,39.1,256.0,1.3,0.9,100.0
2024-01-09T18:00,61.7,36.4,250.0,1.2,0.9,100.0
2024-01-09T19:00,58.0,33.9,243.0,1.0,0.9,100.0
2024-01-09T20:00,53.1,30.7,236.0,0.9,0.8,99.0
2024-01-09T21:00,49.6,28.5,232.0,0.8,0.8,98.0
2024-01-09T22:00,47.0,26.8,231.0,0.9,0.9,96.0
2024-01-09T23:00,45.2,25.6,232.0,1.0,1.1,94.0
2024-01-10T00:00,42.7,24.0,235.0,1.5,1.4,92.0
2024-01-10T01:00,41.9,23.6,241.0,2.0,1.6,92.0
2024-01-10T02:00,42.3,23.9,248.0,2.7,1.9,91.0
2024-01-10T03:00,41.2,23.2,251.0,3.0,2.0,92.0
2024-01-10T04:00,40.9,22.9,246.0,2.4,1.8,96.0
2024-01-10T05:00,39.7,22.2,236.0,1.4,1.3,101.0
2024-01-10T06:00,39.1,21.9,230.0,0.7,1.0,104.0
2024-01-10T07:00,39.9,22.6,230.0,0.5,0.9,103.0
2024-01-10T08:00,41.3,23.6,232.0,0.6,0.8,100.0
2024-01-10T09:00,43.2,24.9,237.0,0.8,0.8,97.0
2024-01-10T10:00,45.1,26.3,244.0,1.2,0.8,95.0
2024-01-10T11:00,46.9,27.6,254.0,1.9,0.8,93.0
2024-01-10T12:00,48.3,28.9,250.0,2.2,0.8,91.0
2024-01-10T13:00,50.9,30.5,256.0,2.2,0.9,91.0
2024-01-10T14:00,52.6,31.8,265.0,2.1,1.0,90.0
2024-01-10T15:00,53.8,32.5,271.0,2.0,1.1,90.0
2024-01-10T16:00,53.9,32.6,274.0,1.8,1.1,90.0
2024-01-10T17:00,53.1,32.1,274.0,1.7,1.0,91.0
2024-01-10T18:00,51.2,31.0,274.0,1.5,0.9,91.0
2024-01-10T19:00,49.1,29.7,273.0,1.4,0.9,91.0
2024-01-10T20:00,47.8,28.8,271.0,1.3,0.9,90.0
2024-01-10T21:00,47.6,28.5,270.0,1.2,0.9,90.0
2024-01-10T22:00,47.6,28.4,269.0,1.1,0.9,91.0
2024-01-10T23:00,47.4,28.2,268.0,1.1,1.0,91.0
2024-01-11T00:00,44.9,26.8,264.0,1.1,0.9,91.0
2024-01-11T01:00,45.1,26.8,272.0,1.7,1.2,90.0
2024-01-11T02:00,45.6,27.2,283.0,2.6,1.6,89.0
2024-01-11T03:00,47.1,28.1,289.0,3.0,2.0,90.0
2024-01-11T04:00,47.7,28.4,287.0,2.6,2.2,96.0
2024-01-11T05:00,47.7,28.3,280.0,1.8,2.3,105.0
2024-01-11T06:00,48.2,28.6,274.0,1.2,2.4,111.0
2024-01-11T07:00,48.7,28.8,269.0,0.9,2.3,112.0
2024-01-11T08:00,49.4,29.2,265.0,0.8,2.2,111.0
2024-01-11T09:00,49.7,29.5,262.0,0.9,2.1,108.0
2024-01-11T10:00,50.1,29.6,262.0,1.2,2.0,104.0
2024-01-11T11:00,50.3,29.9,263.0,1.6,1.9,98.0
2024-01-11T12:00,49.4,29.3,264.0,2.3,2.1,96.0
2024-01-11T13:00,49.4,29.4,269.0,2.4,2.3,94.0
2024-01-11T14:00,50.5,30.2,277.0,2.5,2.5,92.0
2024-01-11T15:00,53.0,31.5,285.0,2.6,2.6,91.0
2024-01-11T16:00,56.3,33.5,292.0,2.5,2.6,93.0
2024-01-11T17:00,60.1,35.7,300.0,2.3,2.5,96.0
2024-01-11T18:00,63.3,37.7,305.0,2.1,2.4,99.0
2024-01-11T19:00,66.4,39.5,308.0,1.9,2.3,101.0
2024-01-11T20:00,68.9,41.0,308.0,1.6,2.2,102.0
2024-01-11T21:00,70.5,42.0,308.0,1.5,2.2,103.0
2024-01-11T22:00,71.5,42.6,306.0,1.5,2.3,103.0
2024-01-11T23:00,71.7,43.0,303.0,1.5,2.4,103.0
2024-01-12T00:00,72.9,43.4,285.0,1.7,2.1,103.0
2024-01-12T01:00,72.6,43.3,287.0,2.2,2.2,102.0
2024-01-12T02:00,72.4,43.1,288.0,2.9,2.4,101.0
2024-01-12T03:00,72.4,43.1,286.0,3.2,2.5,101.0
2024-01-12T04:00,71.2,42.1,275.0,2.6,2.4,105.0
2024-01-12T05:00,69.2,40.7,260.0,1.6,2.1,111.0
2024-01-12T06:00,65.9,38.6,249.0,0.9,2.0,115.0
2024-01-12T07:00,63.6,37.1,245.0,0.7,2.0,115.0
2024-01-12T08:00,63.1,36.8,245.0,0.7,2.1,112.0
2024-01-12T09:00,63.8,37.1,249.0,0.9,2.3,110.0
2024-01-12T10:00,65.0,37.8,257.0,1.3,2.6,109.0
2024-01-12T11:00,66.4,38.6,269.0,1.9,3.0,107.0
2024-01-12T12:00,64.5,37.7,288.0,2.2,3.0,110.0
2024-01-12T13:00,68.0,39.8,301.0,2.2,3.4,111.0
2024-01-12T14:00,75.0,43.8,319.0,2.3,3.9,113.0
2024-01-12T15:00,,46.4,334.0,2.3,4.2,115.0
2024-01-12T16:00,,47.5,343.0,2.2,4.3,118.0
2024-01-12T17:00,,47.5,350.0,2.0,4.2,120.0
2024-01-12T18:00,,47.4,356.0,1.8,4.1,123.0
2024-01-12T19:00,,48.1,361.0,1.6,4.0,125.0
2024-01-12T20:00,,49.0,366.0,1.4,4.0,127.0
2024-01-12T21:00,,49.7,372.0,1.3,4.0,129.0
2024-01-12T22:00,,,379.0,1.3,4.1,130.0
2024-01-12T23:00,,,,1.3,4.2,131.0
2024-01-13T00:00,,,,2.5,4.3,118.0
2024-01-13T01:00,,,,3.0,5.0,119.0
2024-01-13T02:00,,,,3.7,5.9,121.0
2024-01-13T03:00,,,,4.0,6.4,125.0
2024-01-13T04:00,,,,3.4,6.2,134.0
2024-01-13T05:00,,,,2.3,5.5,144.0
2024-01-13T06:00,,,,1.5,4.9,150.0
2024-01-13T07:00,,49.5,,1.1,4.4,147.0
2024-01-13T08:00,,48.5,,1.0,3.9,140.0
2024-01-13T09:00,,48.1,,1.1,3.5,133.0
2024-01-13T10:00,,47.8,,1.4,3.3,127.0
2024-01-13T11:00,,48.0,,2.0,3.3,121.0
2024-01-13T12:00,,,379.0,2.7,3.4,118.0
2024-01-13T13:00,,,,3.6,3.5,114.0
2024-01-13T14:00,,,,4.7,3.8,108.0
2024-01-13T15:00,,,,5.6,3.9,104.0
2024-01-13T16:00,,,,5.9,3.9,102.0
2024-01-13T17:00,,,,5.9,3.9,101.0
2024-01-13T18:00,,,,5.6,3.9,101.0
2024-01-13T19:00,,,,4.8,3.8,102.0
2024-01-13T20:00,,,,3.8,3.7,104.0
2024-01-13T21:00,,,,3.1,3.6,105.0
2024-01-13T22:00,,,,2.9,3.4,104.0
2024-01-13T23:00,,,,3.0,3.1,102.0
2024-01-14T00:00,,,,2.5,3.2,104.0
2024-01-14T01:00,,,,3.0,3.5,104.0
2024-01-14T02:00,,,,3.8,4.0,104.0
2024-01-14T03:00,,,,4.1,4.6,108.0
2024-01-14T04:00,,,,3.7,5.6,118.0
2024-01-14T05:00,,,,2.9,6.8,132.0
2024-01-14T06:00,,,,2.3,7.6,143.0
2024-01-14T07:00,,,,1.9,7.6,151.0
2024-01-14T08:00,,,,1.7,7.2,156.0
2024-01-14T09:00,,,,1.7,6.5,156.0
2024-01-14T10:00,,,,2.0,5.5,149.0
2024-01-14T11:00,,,,2.4,4.3,136.0
2024-01-14T12:00,,,,3.5,5.6,139.0
2024-01-14T13:00,,,,3.6,4.7,129.0
2024-01-14T14:00,,,,3.7,3.5,116.0
2024-01-14T15:00,,,,3.8,2.6,106.0
2024-01-14T16:00,,,,3.8,2.2,102.0
2024-01-14T17:00,,,,3.6,2.1,102.0
2024-01-14T18:00,,,,3.4,2.1,102.0
2024-01-14T19:00,,,,2.9,2.1,103.0
2024-01-14T20:00,,,,2.4,2.3,106.0
2024-01-14T21:00,,,,2.1,2.4,107.0
2024-01-14T22:00,,,,2.2,2.5,105.0
2024-01-14T23:00,,,,2.5,2.5,102.0
2024-01-15T00:00,,,,3.3,3.2,96.0
2024-01-15T01:00,,,,4.1,3.9,95.0
2024-01-15T02:00,,,,5.1,4.8,95.0
2024-01-15T03:00,,,,5.5,5.4,99.0
2024-01-15T04:00,,,,4.6,5.4,111.0
2024-01-15T05:00,,,,3.0,5.1,127.0
2024-01-15T06:00,,,,1.7,4.8,138.0
2024-01-15T07:00,,,,1.2,4.4,141.0
2024-01-15T08:00,,,380.0,1.0,4.0,139.0
2024-01-15T09:00,,,368.0,1.0,3.7,135.0
2024-01-15T10:00,,,359.0,1.2,3.5,130.0
2024-01-15T11:00,,,353.0,1.7,3.5,123.0
2024-01-15T12:00,73.6,43.4,341.0,2.4,3.5,119.0
2024-01-15T13:00,72.6,43.1,344.0,2.9,3.5,116.0
2024-01-15T14:00,71.0,42.3,347.0,3.5,3.5,111.0
2024-01-15T15:00,70.1,42.0,349.0,3.9,3.4,108.0
2024-01-15T16:00,68.9,41.4,348.0,3.9,3.3,107.0
2024-01-15T17:00,67.3,40.4,346.0,3.7,3.2,106.0
2024-01-15T18:00,65.4,39.2,342.0,3.4,3.1,106.0
2024-01-15T19:00,63.3,38.0,335.0,2.9,3.0,106.0
2024-01-15T20:00,61.7,36.9,326.0,2.4,2.9,107.0
2024-01-15T21:00,60.3,36.0,319.0,2.0,2.9,108.0
2024-01-15T22:00,59.0,35.0,311.0,1.7,2.9,109.0
2024-01-15T23:00,57.5,34.1,305.0,1.6,3.0,110.0
2024-01-16T00:00,53.6,31.2,288.0,1.7,3.7,113.0
2024-01-16T01:00,51.8,30.3,302.0,2.9,4.0,110.0
2024-01-16T02:00,51.6,30.4,321.0,4.5,4.3,107.0
2024-01-16T03:00,51.2,30.2,326.0,5.3,4.6,106.0
2024-01-16T04:00,48.4,27.9,305.0,4.3,4.7,111.0
2024-01-16T05:00,43.1,24.2,270.0,2.5,4.7,119.0
2024-01-16T06:00,40.3,22.5,240.0,1.1,4.6,123.0
2024-01-16T07:00,37.4,20.7,223.0,0.7,4.4,122.0
2024-01-16T08:00,34.6,19.1,213.0,0.8,4.0,117.0
2024-01-16T09:00,31.8,17.5,204.0,1.0,3.7,112.0
2024-01-16T10:00,28.9,15.9,196.0,1.3,3.3,106.0
2024-01-16T11:00,26.3,14.5,191.0,1.8,2.9,100.0
2024-01-16T12:00,38.3,21.4,210.0,2.5,3.2,102.0
2024-01-16T13:00,34.7,19.4,211.0,2.9,3.0,97.0
2024-01-16T14:00,31.4,17.8,212.0,3.5,2.7,91.0
2024-01-16T15:00,28.9,16.5,212.0,3.9,2.4,86.0
2024-01-16T16:00,26.9,15.4,211.0,4.0,2.2,84.0
2024-01-16T17:00,25.7,14.8,210.0,3.8,2.1,83.0
2024-01-16T18:00,24.6,14.2,208.0,3.6,1.9,82.0
2024-01-16T19:00,23.6,13.6,202.0,3.2,1.7,81.0
2024-01-16T20:00,22.8,13.1,194.0,2.7,1.5,81.0
2024-01-16T21:00,22.2,12.8,194.0,2.5,1.4,80.0
2024-01-16T22:00,22.0,12.9,204.0,2.9,1.3,77.0
2024-01-16T23:00,23.7,14.3,222.0,3.6,1.3,73.0
2024-01-17T00:00,22.1,13.5,227.0,4.0,0.9,72.0
2024-01-17T01:00,23.6,14.7,260.0,5.3,1.1,68.0
2024-01-17T02:00,24.9,15.8,304.0,7.0,1.4,64.0
2024-01-17T03:00,28.2,18.2,327.0,7.7,1.7,65.0
2024-01-17T04:00,29.0,18.5,308.0,6.3,2.0,76.0
2024-01-17T05:00,27.5,17.3,267.0,3.8,2.3,93.0
2024-01-17T06:00,23.6,14.7,232.0,1.9,2.4,105.0
2024-01-17T07:00,21.3,13.0,213.0,1.2,2.3,108.0
2024-01-17T08:00,20.5,12.4,200.0,1.1,2.0,107.0
2024-01-17T09:00,19.6,11.8,190.0,1.2,1.7,103.0
2024-01-17T10:00,18.0,10.7,181.0,1.4,1.4,97.0
2024-01-17T11:00,16.9,10.0,174.0,1.9,1.2,88.0
2024-01-17T12:00,18.0,10.7,167.0,2.4,1.3,85.0
2024-01-17T13:00,17.6,10.4,169.0,2.7,1.2,81.0
2024-01-17T14:00,17.6,10.5,171.0,3.0,1.1,75.0
2024-01-17T15:00,18.2,10.9,173.0,3.3,1.0,70.0
2024-01-17T16:00,18.6,11.1,175.0,3.3,1.0,68.0
2024-01-17T17:00,18.9,11.3,177.0,3.3,1.1,67.0
2024-01-17T18:00,19.0,11.3,178.0,3.1,1.2,67.0
2024-01-17T19:00,18.9,11.1,175.0,2.8,1.2,67.0
2024-01-17T20:00,19.0,11.1,170.0,2.3,1.1,68.0
2024-01-17T21:00,18.9,11.1,171.0,2.2,1.1,68.0
2024-01-17T22:00,19.2,11.3,180.0,2.5,1.2,66.0
2024-01-17T23:00,19.7,11.8,194.0,3.2,1.3,63.0
2024-01-18T00:00,20.0,11.9,195.0,3.2,1.4,63.0
2024-01-18T01:00,21.4,12.9,221.0,4.3,1.7,60.0
2024-01-18T02:00,23.3,14.3,256.0,5.8,2.1,57.0
2024-01-18T03:00,24.8,15.3,273.0,6.4,2.3,58.0
2024-01-18T04:00,24.9,15.1,253.0,5.1,2.3,66.0
2024-01-18T05:00,24.3,14.6,215.0,3.0,2.1,78.0
2024-01-18T06:00,23.4,13.9,184.0,1.3,1.9,86.0
2024-01-18T07:00,22.1,12.8,172.0,0.8,1.8,89.0
2024-01-18T08:00,21.3,12.3,167.0,0.8,1.6,88.0
2024-01-18T09:00,20.9,12.0,165.0,1.0,1.5,86.0
2024-01-18T10:00,20.5,11.8,163.0,1.4,1.4,83.0
2024-01-18T11:00,20.2,11.7,164.0,1.9,1.4,78.0
2024-01-18T12:00,25.2,14.7,194.0,2.7,1.4,87.0
2024-01-18T13:00,25.1,14.7,191.0,2.6,1.3,83.0
2024-01-18T14:00,24.9,14.6,187.0,2.5,1.2,78.0
2024-01-18T15:00,24.8,14.6,182.0,2.4,1.1,73.0
2024-01-18T16:00,24.7,14.4,178.0,2.2,1.0,71.0
2024-01-18T17:00,24.6,14.4,173.0,1.9,1.0,69.0
2024-01-18T18:00,24.4,14.2,169.0,1.6,0.9,68.0
2024-01-18T19:00,24.2,14.0,164.0,1.2,0.8,67.0
2024-01-18T20:00,24.3,14.0,160.0,0.9,0.8,66.0
2024-01-18T21:00,24.4,14.1,159.0,0.8,0.8,65.0
2024-01-18T22:00,25.1,14.5,164.0,1.1,0.9,63.0
2024-01-18T23:00,25.4,14.8,172.0,1.7,1.0,60.0
2024-01-19T00:00,25.0,14.8,171.0,2.4,1.3,58.0
2024-01-19T01:00,25.2,15.0,187.0,3.2,1.8,56.0
2024-01-19T02:00,26.8,16.1,208.0,4.2,2.6,55.0
2024-01-19T03:00,28.6,17.2,220.0,4.6,3.0,56.0
2024-01-19T04:00,29.8,17.8,214.0,3.9,2.9,63.0
2024-01-19T05:00,30.5,18.0,200.0,2.7,2.5,74.0
2024-01-19T06:00,30.0,17.3,187.0,1.7,2.1,81.0
2024-01-19T07:00,29.6,17.0,180.0,1.2,1.8,82.0
2024-01-19T08:00,28.8,16.6,175.0,1.0,1.5,79.0
2024-01-19T09:00,28.3,16.4,172.0,1.0,1.2,76.0
2024-01-19T10:00,27.6,16.2,172.0,1.3,1.0,72.0
2024-01-19T11:00,27.4,16.1,175.0,1.7,0.9,66.0
2024-01-19T12:00,27.0,16.0,174.0,2.3,1.1,63.0
2024-01-19T13:00,26.4,15.7,179.0,2.4,1.1,61.0
2024-01-19T14:00,26.2,15.7,185.0,2.4,1.0,58.0
2024-01-19T15:00,26.3,15.7,191.0,2.4,1.0,57.0
2024-01-19T16:00,26.4,15.8,195.0,2.3,1.0,58.0
2024-01-19T17:00,26.7,15.9,197.0,2.0,0.9,59.0
2024-01-19T18:00,26.7,15.9,199.0,1.8,0.9,61.0
2024-01-19T19:00,26.7,15.8,199.0,1.5,0.8,63.0
2024-01-19T20:00,26.8,15.8,197.0,1.2,0.7,65.0
2024-01-19T21:00,27.0,15.8,197.0,1.0,0.7,66.0
2024-01-19T22:00,27.0,15.9,198.0,1.0,0.7,66.0
2024-01-19T23:00,27.1,16.0,200.0,1.1,0.8,66.0
2024-01-20T00:00,27.2,16.1,213.0,2.0,1.1,62.0
2024-01-20T01:00,28.3,16.8,227.0,3.1,1.5,61.0
2024-01-20T02:00,29.4,17.6,245.0,4.5,2.1,59.0
2024-01-20T03:00,30.4,18.2,256.0,5.2,2.4,60.0
2024-01-20T04:00,30.9,18.5,252.0,4.5,2.4,66.0
2024-01-20T05:00,30.5,18.2,240.0,3.1,2.1,75.0
2024-01-20T06:00,29.2,17.1,229.0,2.0,1.9,82.0
2024-01-20T07:00,28.7,16.8,222.0,1.5,1.7,85.0
2024-01-20T08:00,28.3,16.5,215.0,1.2,1.4,85.0
2024-01-20T09:00,27.9,16.3,210.0,1.2,1.2,83.0
2024-01-20T10:00,27.5,15.9,207.0,1.5,1.1,79.0
2024-01-20T11:00,26.9,15.6,206.0,1.9,1.0,72.0
2024-01-20T12:00,30.2,17.5,214.0,2.7,1.5,79.0
2024-01-20T13:00,29.6,17.2,213.0,2.8,1.5,75.0
2024-01-20T14:00,28.2,16.4,212.0,2.8,1.5,68.0
2024-01-20T15:00,27.2,15.9,209.0,2.8,1.4,64.0
2024-01-20T16:00,26.2,15.3,205.0,2.5,1.2,63.0
2024-01-20T17:00,25.4,14.8,199.0,2.1,1.0,63.0
2024-01-20T18:00,24.7,14.3,195.0,1.8,0.8,64.0
2024-01-20T19:00,24.4,14.1,192.0,1.5,0.7,65.0
2024-01-20T20:00,24.6,14.1,189.0,1.3,0.8,68.0
2024-01-20T21:00,24.7,14.2,188.0,1.2,0.8,69.0
2024-01-20T22:00,24.8,14.2,188.0,1.2,0.9,69.0
2024-01-20T23:00,24.9,14.2,188.0,1.3,1.0,69.0
2024-01-21T00:00,24.7,14.1,185.0,0.8,0.6,71.0
2024-01-21T01:00,25.1,14.4,193.0,1.4,0.8,70.0
2024-01-21T02:00,26.2,15.1,204.0,2.2,1.0,70.0
2024-01-21T03:00,26.7,15.3,210.0,2.6,1.2,70.0
2024-01-21T04:00,26.1,14.9,205.0,2.2,1.2,73.0
2024-01-21T05:00,25.1,14.3,195.0,1.3,1.1,77.0
2024-01-21T06:00,24.6,13.9,187.0,0.7,1.0,80.0
2024-01-21T07:00,24.2,13.7,183.0,0.5,0.9,79.0
2024-01-21T08:00,23.7,13.4,182.0,0.5,0.9,77.0
2024-01-21T09:00,22.9,13.0,181.0,0.7,0.8,75.0
2024-01-21T10:00,21.9,12.5,181.0,1.0,0.8,73.0
2024-01-21T11:00,21.1,12.1,181.0,1.5,0.8,71.0
2024-01-21T12:00,19.4,11.2,181.0,1.9,0.8,68.0
2024-01-21T13:00,19.2,11.2,183.0,2.1,0.9,67.0
2024-01-21T14:00,19.0,11.1,186.0,2.5,1.0,67.0
2024-01-21T15:00,19.2,11.2,189.0,2.8,1.1,66.0
2024-01-21T16:00,19.2,11.4,194.0,3.2,1.2,66.0
2024-01-21T17:00,19.7,11.7,199.0,3.6,1.3,66.0
2024-01-21T18:00,20.1,12.0,200.0,3.7,1.4,67.0
2024-01-21T19:00,19.7,11.7,195.0,3.4,1.4,68.0
2024-01-21T20:00,19.5,11.6,186.0,2.7,1.3,69.0
2024-01-21T21:00,19.5,11.5,180.0,2.3,1.2,70.0
2024-01-21T22:00,19.9,11.7,177.0,2.1,1.1,71.0
2024-01-21T23:00,20.6,12.2,177.0,2.1,1.0,71.0
2024-01-22T00:00,20.4,12.1,179.0,2.3,1.3,71.0
2024-01-22T01:00,21.3,12.7,184.0,2.7,1.5,71.0
2024-01-22T02:00,23.3,13.9,191.0,3.2,1.7,72.0
2024-01-22T03:00,23.9,14.2,192.0,3.3,1.8,73.0
2024-01-22T04:00,23.5,13.8,182.0,2.6,1.7,77.0
2024-01-22T05:00,23.0,13.5,167.0,1.5,1.5,82.0
2024-01-22T06:00,23.2,13.5,155.0,0.7,1.3,85.0
2024-01-22T07:00,22.4,13.1,151.0,0.5,1.1,85.0
2024-01-22T08:00,21.8,12.8,151.0,0.6,0.9,83.0
2024-01-22T09:00,21.7,12.7,153.0,0.8,0.8,81.0
2024-01-22T10:00,21.4,12.5,155.0,1.0,0.7,79.0
2024-01-22T11:00,21.0,12.3,158.0,1.4,0.6,77.0
2024-01-22T12:00,22.4,13.4,173.0,2.2,0.9,74.0
2024-01-22T13:00,22.7,13.6,189.0,3.4,1.2,73.0
2024-01-22T14:00,23.5,14.2,211.0,5.0,1.5,70.0
2024-01-22T15:00,24.8,15.1,229.0,6.2,1.8,69.0
2024-01-22T16:00,25.8,15.9,241.0,6.7,2.0,68.0
2024-01-22T17:00,26.0,15.9,250.0,6.8,2.0,68.0
2024-01-22T18:00,25.1,15.4,252.0,6.5,2.0,69.0
2024-01-22T19:00,23.9,14.5,245.0,5.6,1.8,71.0
2024-01-22T20:00,23.3,14.0,232.0,4.3,1.5,74.0
2024-01-22T21:00,23.3,13.9,221.0,3.1,1.3,77.0
2024-01-22T22:00,23.7,13.9,215.0,2.3,1.1,80.0
2024-01-22T23:00,25.0,14.5,211.0,1.6,1.0,84.0
2024-01-23T00:00,25.6,15.1,216.0,2.2,1.1,82.0
2024-01-23T01:00,28.9,16.9,221.0,2.2,1.1,84.0
2024-01-23T02:00,32.7,19.2,227.0,2.2,1.1,87.0
2024-01-23T03:00,34.7,20.2,230.0,2.0,1.0,89.0
2024-01-23T04:00,36.6,21.2,228.0,1.6,0.9,91.0
2024-01-23T05:00,38.6,22.6,222.0,1.0,0.7,93.0
2024-01-23T06:00,40.2,23.6,219.0,0.6,0.6,94.0
2024-01-23T07:00,41.7,24.6,219.0,0.5,0.6,93.0
2024-01-23T08:00,42.7,25.3,222.0,0.5,0.6,92.0
2024-01-23T09:00,43.8,26.0,224.0,0.7,0.6,90.0
2024-01-23T10:00,44.4,26.5,226.0,1.0,0.6,89.0
2024-01-23T11:00,45.2,27.1,227.0,1.5,0.6,87.0
2024-01-23T12:00,35.3,21.2,226.0,1.8,0.7,84.0
2024-01-23T13:00,35.7,21.5,232.0,2.1,0.7,84.0
2024-01-23T14:00,36.2,21.8,240.0,2.4,0.8,84.0
2024-01-23T15:00,36.6,21.9,246.0,2.7,0.8,84.0
2024-01-23T16:00,36.8,22.0,249.0,2.8,0.8,85.0
2024-01-23T17:00,37.0,22.1,250.0,2.9,0.9,86.0
2024-01-23T18:00,37.0,21.9,249.0,2.7,0.9,87.0
2024-01-23T19:00,36.6,21.6,243.0,2.1,0.8,89.0
2024-01-23T20:00,36.8,21.7,235.0,1.4,0.7,91.0
2024-01-23T21:00,37.4,21.9,229.0,0.9,0.6,92.0
2024-01-23T22:00,37.8,22.2,227.0,0.8,0.6,92.0
2024-01-23T23:00,38.3,22.5,228.0,0.9,0.7,91.0
2024-01-24T00:00,39.1,23.6,244.0,2.7,1.0,83.0
2024-01-24T01:00,42.1,25.6,257.0,3.6,1.1,81.0
2024-01-24T02:00,44.5,27.1,275.0,4.9,1.3,79.0
2024-01-24T03:00,45.6,27.8,283.0,5.3,1.3,79.0
2024-01-24T04:00,46.0,27.9,271.0,4.2,1.1,86.0
2024-01-24T05:00,46.1,27.8,249.0,2.3,0.7,95.0
2024-01-24T06:00,42.5,25.1,231.0,0.9,0.4,101.0
2024-01-24T07:00,40.5,23.9,223.0,0.5,0.3,101.0
2024-01-24T08:00,39.5,23.3,218.0,0.5,0.4,97.0
2024-01-24T09:00,38.5,22.9,216.0,0.7,0.4,93.0
2024-01-24T10:00,38.0,22.6,215.0,1.0,0.4,90.0
2024-01-24T11:00,37.6,22.4,217.0,1.4,0.4,87.0
2024-01-24T12:00,40.9,24.5,214.0,2.1,0.5,85.0
2024-01-24T13:00,41.0,24.6,219.0,2.3,0.6,83.0
2024-01-24T14:00,40.9,24.6,227.0,2.6,0.6,81.0
2024-01-24T15:00,40.9,24.7,232.0,2.7,0.7,80.0
2024-01-24T16:00,40.5,24.6,234.0,2.5,0.7,80.0
2024-01-24T17:00,39.9,24.2,233.0,2.2,0.8,82.0
2024-01-24T18:00,39.0,23.5,232.0,1.8,0.8,83.0
2024-01-24T19:00,38.1,22.8,229.0,1.4,0.8,84.0
2024-01-24T20:00,37.8,22.5,225.0,1.0,0.7,85.0
2024-01-24T21:00,37.5,22.2,224.0,0.8,0.7,85.0
2024-01-24T22:00,38.0,22.5,224.0,0.7,0.7,85.0
2024-01-24T23:00,38.1,22.6,227.0,0.7,0.8,86.0
2024-01-25T00:00,36.8,22.2,236.0,1.5,1.2,83.0
2024-01-25T01:00,38.3,23.2,249.0,2.5,1.5,83.0
2024-01-25T02:00,40.0,24.4,267.0,3.7,1.9,82.0
2024-01-25T03:00,40.4,24.3,276.0,4.3,2.0,83.0
2024-01-25T04:00,38.9,23.1,267.0,3.4,1.6,86.0
2024-01-25T05:00,37.0,21.8,248.0,1.8,1.0,90.0
2024-01-25T06:00,36.0,21.2,235.0,0.6,0.5,92.0
2024-01-25T07:00,35.3,20.8,233.0,0.3,0.4,91.0
2024-01-25T08:00,34.9,20.7,236.0,0.4,0.4,88.0
2024-01-25T09:00,34.6,20.5,239.0,0.6,0.4,85.0
2024-01-25T10:00,34.1,20.3,241.0,0.9,0.4,83.0
2024-01-25T11:00,33.5,19.9,244.0,1.3,0.4,81.0
2024-01-25T12:00,29.7,17.8,224.0,1.7,0.4,78.0
2024-01-25T13:00,29.8,17.9,231.0,2.0,0.5,77.0
2024-01-25T14:00,29.9,18.0,240.0,2.4,0.7,77.0
2024-01-25T15:00,29.8,18.0,248.0,2.7,0.9,76.0
2024-01-25T16:00,29.6,17.9,255.0,2.8,1.0,76.0
2024-01-25T17:00,29.5,17.8,261.0,2.7,1.0,76.0
2024-01-25T18:00,29.2,17.5,264.0,2.5,1.0,77.0
2024-01-25T19:00,28.5,17.1,263.0,2.1,0.9,78.0
2024-01-25T20:00,27.6,16.4,259.0,1.5,0.8,79.0
2024-01-25T21:00,27.4,16.4,257.0,1.1,0.7,80.0
2024-01-25T22:00,27.5,16.4,257.0,0.9,0.7,80.0
2024-01-25T23:00,27.9,16.7,258.0,1.0,0.8,79.0
2024-01-26T00:00,29.5,18.1,281.0,2.6,1.1,71.0
2024-01-26T01:00,30.6,18.9,299.0,3.6,1.3,69.0
2024-01-26T02:00,32.9,20.4,322.0,5.0,1.5,66.0
2024-01-26T03:00,35.5,22.2,334.0,5.6,1.8,67.0
2024-01-26T04:00,37.3,22.9,323.0,4.7,2.1,76.0
2024-01-26T05:00,37.6,22.8,299.0,2.9,2.3,89.0
2024-01-26T06:00,39.1,23.5,280.0,1.6,2.4,99.0
2024-01-26T07:00,40.3,24.2,271.0,1.1,2.2,102.0
2024-01-26T08:00,40.7,24.4,265.0,1.0,1.9,101.0
2024-01-26T09:00,40.7,24.4,261.0,1.0,1.6,98.0
2024-01-26T10:00,39.6,23.8,257.0,1.2,1.3,93.0
2024-01-26T11:00,38.4,23.1,255.0,1.6,1.1,85.0
2024-01-26T12:00,40.3,24.3,271.0,2.6,2.4,95.0
2024-01-26T13:00,38.8,23.5,274.0,2.9,2.3,88.0
2024-01-26T14:00,37.4,22.8,277.0,3.2,2.1,79.0
2024-01-26T15:00,36.1,22.1,277.0,3.3,1.9,72.0
2024-01-26T16:00,34.3,21.0,272.0,3.0,1.6,70.0
2024-01-26T17:00,34.2,20.8,264.0,2.5,1.3,71.0
2024-01-26T18:00,35.3,21.4,256.0,2.0,1.1,72.0
2024-01-26T19:00,36.6,22.1,250.0,1.7,0.9,73.0
2024-01-26T20:00,38.2,23.1,244.0,1.5,0.8,76.0
2024-01-26T21:00,38.9,23.5,240.0,1.4,0.8,77.0
2024-01-26T22:00,38.5,23.2,236.0,1.3,0.8,77.0
2024-01-26T23:00,38.6,23.3,234.0,1.3,0.8,77.0
2024-01-27T00:00,38.6,23.2,228.0,1.1,0.7,79.0
2024-01-27T01:00,38.1,22.8,234.0,1.6,0.9,78.0
2024-01-27T02:00,37.7,22.7,243.0,2.4,1.2,77.0
2024-01-27T03:00,37.6,22.6,246.0,2.7,1.4,78.0
2024-01-27T04:00,36.9,22.0,239.0,2.3,1.3,82.0
2024-01-27T05:00,35.6,21.1,228.0,1.4,1.1,88.0
2024-01-27T06:00,34.5,20.3,218.0,0.8,0.9,92.0
2024-01-27T07:00,33.3,19.5,213.0,0.6,0.8,92.0
2024-01-27T08:00,32.6,19.1,210.0,0.6,0.7,89.0
2024-01-27T09:00,32.4,18.9,208.0,0.7,0.7,87.0
2024-01-27T10:00,32.2,18.7,208.0,0.9,0.7,85.0
2024-01-27T11:00,32.4,18.8,210.0,1.3,0.6,83.0
2024-01-27T12:00,39.9,23.5,219.0,1.9,0.8,84.0
2024-01-27T13:00,39.3,23.3,222.0,2.1,0.9,82.0
2024-01-27T14:00,39.5,23.3,226.0,2.3,0.9,79.0
2024-01-27T15:00,39.8,23.5,229.0,2.4,1.0,77.0
2024-01-27T16:00,40.3,23.8,230.0,2.3,1.0,77.0
2024-01-27T17:00,41.1,24.3,230.0,2.0,0.9,79.0
2024-01-27T18:00,41.7,24.5,230.0,1.8,0.9,80.0
2024-01-27T19:00,42.3,24.9,230.0,1.7,0.9,81.0
2024-01-27T20:00,42.1,24.9,229.0,1.6,1.0,81.0
2024-01-27T21:00,42.1,24.9,229.0,1.5,1.1,82.0
2024-01-27T22:00,41.7,24.7,229.0,1.4,1.1,83.0
2024-01-27T23:00,41.0,24.3,229.0,1.3,1.2,85.0
2024-01-28T00:00,43.4,25.4,233.0,1.3,0.9,85.0
2024-01-28T01:00,43.0,25.3,241.0,1.8,1.1,86.0
2024-01-28T02:00,43.1,25.6,251.0,2.3,1.4,87.0
2024-01-28T03:00,44.0,26.1,258.0,2.6,1.5,89.0
2024-01-28T04:00,44.6,26.5,258.0,2.2,1.3,94.0
2024-01-28T05:00,46.2,27.5,255.0,1.4,1.0,99.0
2024-01-28T06:00,48.4,28.9,255.0,0.8,0.8,103.0
2024-01-28T07:00,50.9,30.5,261.0,0.6,0.7,103.0
2024-01-28T08:00,54.2,32.5,271.0,0.7,0.6,102.0
2024-01-28T09:00,57.4,34.5,282.0,0.8,0.6,101.0
2024-01-28T10:00,60.5,36.4,295.0,1.0,0.6,101.0
2024-01-28T11:00,63.6,38.1,310.0,1.3,0.7,101.0
2024-01-28T12:00,59.0,35.7,311.0,1.8,0.7,97.0
2024-01-28T13:00,59.4,36.0,318.0,1.9,0.8,97.0
2024-01-28T14:00,59.5,36.0,327.0,2.0,0.9,98.0
2024-01-28T15:00,59.4,35.9,334.0,2.1,1.0,99.0
2024-01-28T16:00,58.9,35.4,334.0,2.0,1.2,102.0
2024-01-28T17:00,59.8,35.7,331.0,1.8,1.4,106.0
2024-01-28T18:00,61.9,36.8,330.0,1.6,1.7,110.0
2024-01-28T19:00,64.7,38.2,332.0,1.4,1.9,115.0
2024-01-28T20:00,67.3,39.6,335.0,1.1,2.2,121.0
2024-01-28T21:00,69.4,40.5,338.0,1.0,2.5,125.0
2024-01-28T22:00,69.4,40.4,340.0,0.9,2.8,127.0
2024-01-28T23:00,68.7,39.7,341.0,1.0,3.2,128.0
2024-01-29T00:00,68.0,39.1,347.0,1.3,3.5,128.0
2024-01-29T01:00,66.1,37.7,347.0,1.7,3.9,128.0
2024-01-29T02:00,64.5,36.6,346.0,2.2,4.4,129.0
2024-01-29T03:00,62.9,35.0,341.0,2.4,4.8,131.0
2024-01-29T04:00,60.3,33.1,329.0,2.1,4.9,136.0
2024-01-29T05:00,57.9,31.4,314.0,1.5,5.0,142.0
2024-01-29T06:00,56.1,30.2,300.0,1.1,4.9,146.0
2024-01-29T07:00,54.1,28.8,289.0,0.9,4.8,146.0
2024-01-29T08:00,52.6,27.8,279.0,0.9,4.6,142.0
2024-01-29T09:00,51.8,27.2,271.0,1.0,4.4,138.0
2024-01-29T10:00,51.3,27.0,265.0,1.2,4.1,132.0
2024-01-29T11:00,50.8,26.7,262.0,1.6,3.7,124.0
2024-01-29T12:00,46.0,24.2,256.0,1.9,3.3,119.0
2024-01-29T13:00,45.5,24.1,255.0,2.0,3.0,115.0
2024-01-29T14:00,45.3,24.2,255.0,2.0,2.7,109.0
2024-01-29T15:00,45.8,24.6,254.0,2.1,2.4,105.0
2024-01-29T16:00,46.7,25.3,254.0,2.1,2.2,104.0
2024-01-29T17:00,47.5,25.9,253.0,2.0,2.2,105.0
2024-01-29T18:00,48.3,26.4,253.0,2.0,2.1,105.0
2024-01-29T19:00,48.8,26.8,251.0,1.9,2.0,104.0
2024-01-29T20:00,49.2,27.1,250.0,1.9,1.9,103.0
2024-01-29T21:00,50.1,27.5,254.0,2.1,2.1,101.0
2024-01-29T22:00,50.5,27.8,264.0,2.6,2.6,97.0
2024-01-29T23:00,51.9,28.7,278.0,3.2,3.4,91.0
2024-01-30T00:00,56.9,31.4,333.0,5.5,5.9,78.0
2024-01-30T01:00,59.8,32.9,360.0,6.8,7.7,74.0
2024-01-30T02:00,63.1,34.9,,8.5,10.1,69.0
2024-01-30T03:00,65.7,36.6,,9.1,11.8,73.0
2024-01-30T04:00,66.1,36.7,,7.7,12.3,95.0
2024-01-30T05:00,65.7,36.3,365.0,5.2,12.0,125.0
2024-01-30T06:00,61.5,33.9,331.0,3.2,11.2,146.0
2024-01-30T07:00,56.5,31.0,301.0,2.2,9.6,150.0
2024-01-30T08:00,50.5,27.6,270.0,1.8,7.3,146.0
2024-01-30T09:00,46.2,25.2,245.0,1.5,5.4,138.0
2024-01-30T10:00,42.6,23.1,227.0,1.5,4.0,127.0
2024-01-30T11:00,38.1,20.5,214.0,1.7,2.9,113.0
2024-01-30T12:00,38.3,20.3,208.0,2.2,3.9,112.0
2024-01-30T13:00,34.2,18.3,203.0,2.0,3.1,102.0
2024-01-30T14:00,31.3,16.9,196.0,1.8,1.9,89.0
2024-01-30T15:00,30.2,16.5,193.0,1.6,1.0,79.0
2024-01-30T16:00,30.5,16.9,198.0,1.5,0.7,77.0
2024-01-30T17:00,31.5,17.6,208.0,1.5,0.7,79.0
2024-01-30T18:00,32.6,18.4,215.0,1.4,0.7,80.0
2024-01-30T19:00,33.1,18.6,217.0,1.3,0.7,80.0
2024-01-30T20:00,32.9,18.7,218.0,1.2,0.7,80.0
2024-01-30T21:00,32.7,18.5,218.0,1.2,0.8,79.0
2024-01-30T22:00,32.5,18.5,217.0,1.3,0.9,78.0
2024-01-30T23:00,32.0,18.3,216.0,1.5,1.0,77.0
2024-01-31T00:00,32.2,18.5,224.0,2.1,1.2,73.0
2024-01-31T01:00,32.5,18.7,237.0,3.0,1.9,70.0
2024-01-31T02:00,33.3,19.3,255.0,4.2,2.9,66.0
2024-01-31T03:00,34.9,20.3,264.0,4.7,3.5,67.0
2024-01-31T04:00,36.7,21.2,258.0,4.0,3.5,77.0
2024-01-31T05:00,35.9,20.7,243.0,2.7,3.2,90.0
2024-01-31T06:00,33.4,18.9,229.0,1.7,2.8,100.0
2024-01-31T07:00,31.0,17.3,217.0,1.3,2.4,102.0
2024-01-31T08:00,28.7,16.0,206.0,1.1,1.9,99.0
2024-01-31T09:00,26.7,14.9,197.0,1.1,1.5,95.0
2024-01-31T10:00,23.8,13.3,190.0,1.3,1.3,89.0
2024-01-31T11:00,21.9,12.3,185.0,1.6,1.2,81.0
2024-01-31T12:00,23.5,13.1,190.0,2.3,1.4,85.0
2024-01-31T13:00,21.0,11.8,184.0,2.3,1.3,78.0
2024-01-31T14:00,19.4,11.1,176.0,2.3,1.1,68.0
2024-01-31T15:00,18.6,10.7,169.0,2.2,0.9,61.0
2024-01-31T16:00,18.6,10.7,166.0,1.9,0.7,58.0
2024-01-31T17:00,19.4,11.2,165.0,1.5,0.6,58.0
2024-01-31T18:00,19.9,11.5,165.0,1.2,0.5,58.0
2024-01-31T19:00,19.3,11.1,167.0,1.0,0.4,58.0
2024-01-31T20:00,19.1,11.0,170.0,0.8,0.4,59.0
2024-01-31T21:00,18.0,10.4,175.0,0.7,0.4,60.0
2024-01-31T22:00,17.6,10.3,180.0,0.7,0.5,60.0
2024-01-31T23:00,17.2,10.1,187.0,0.9,0.6,60.0
2024-02-01T00:00,17.8,10.6,192.0,1.0,0.6,60.0
2024-02-01T01:00,17.7,10.6,202.0,1.7,0.8,60.0
2024-02-01T02:00,18.4,11.1,215.0,2.5,1.2,59.0
2024-02-01T03:00,19.7,11.9,223.0,3.0,1.4,60.0
2024-02-01T04:00,18.3,11.0,222.0,2.6,1.5,64.0
2024-02-01T05:00,18.2,11.0,215.0,1.8,1.5,70.0
2024-02-01T06:00,18.1,10.8,210.0,1.2,1.5,73.0
2024-02-01T07:00,17.3,10.2,208.0,0.9,1.3,72.0
2024-02-01T08:00,16.3,9.6,206.0,0.9,1.1,69.0
2024-02-01T09:00,14.8,8.6,206.0,0.9,0.9,66.0
2024-02-01T10:00,13.7,8.0,206.0,1.1,0.7,62.0
2024-02-01T11:00,12.9,7.5,208.0,1.4,0.5,58.0
2024-02-01T12:00,20.1,11.7,209.0,1.9,0.8,57.0
2024-02-01T13:00,19.2,11.2,212.0,2.1,0.8,56.0
2024-02-01T14:00,18.7,10.9,216.0,2.3,0.7,55.0
2024-02-01T15:00,18.2,10.6,219.0,2.3,0.7,54.0
2024-02-01T16:00,17.6,10.2,219.0,2.0,0.6,54.0
2024-02-01T17:00,16.8,9.7,218.0,1.6,0.6,55.0
2024-02-01T18:00,16.1,9.2,217.0,1.3,0.5,55.0
2024-02-01T19:00,15.4,8.7,215.0,1.1,0.5,55.0
2024-02-01T20:00,15.1,8.5,212.0,0.9,0.5,55.0
2024-02-01T21:00,15.1,8.5,213.0,1.0,0.5,54.0
2024-02-01T22:00,15.3,8.7,219.0,1.4,0.6,52.0
2024-02-01T23:00,16.1,9.3,228.0,2.1,0.7,50.0
2024-02-02T00:00,14.6,8.4,217.0,1.5,1.0,52.0
2024-02-02T01:00,15.7,9.1,224.0,2.1,1.2,51.0
2024-02-02T02:00,17.1,10.1,232.0,2.9,1.5,51.0
2024-02-02T03:00,17.3,10.2,236.0,3.2,1.6,52.0
2024-02-02T04:00,17.5,10.2,230.0,2.6,1.5,56.0
2024-02-02T05:00,18.0,10.6,219.0,1.7,1.2,62.0
2024-02-02T06:00,18.1,10.6,209.0,0.9,0.9,66.0
2024-02-02T07:00,17.8,10.3,203.0,0.7,0.7,66.0
2024-02-02T08:00,17.6,10.2,198.0,0.7,0.5,64.0
2024-02-02T09:00,17.6,10.2,194.0,0.8,0.4,62.0
2024-02-02T10:00,18.0,10.5,192.0,1.1,0.3,60.0
2024-02-02T11:00,18.5,10.9,192.0,1.4,0.4,58.0
2024-02-02T12:00,15.9,9.2,213.0,2.4,0.6,61.0
2024-02-02T13:00,16.7,9.7,217.0,2.8,0.7,59.0
2024-02-02T14:00,17.9,10.6,223.0,3.3,0.8,57.0
2024-02-02T15:00,19.5,11.6,225.0,3.5,0.9,55.0
2024-02-02T16:00,21.2,12.6,221.0,3.1,0.9,55.0
2024-02-02T17:00,23.0,13.7,214.0,2.3,0.8,55.0
2024-02-02T18:00,25.0,14.8,207.0,1.6,0.7,56.0
2024-02-02T19:00,26.6,15.7,200.0,1.1,0.7,57.0
2024-02-02T20:00,28.2,16.7,193.0,0.8,0.6,57.0
2024-02-02T21:00,29.5,17.5,188.0,0.6,0.6,58.0
2024-02-02T22:00,31.0,18.3,185.0,0.5,0.6,59.0
2024-02-02T23:00,31.9,18.9,184.0,0.6,0.6,60.0
2024-02-03T00:00,30.6,18.2,182.0,0.8,0.8,57.0
2024-02-03T01:00,31.0,18.5,186.0,1.2,1.0,57.0
2024-02-03T02:00,32.0,19.2,190.0,1.7,1.2,58.0
2024-02-03T03:00,32.0,19.1,192.0,2.0,1.3,60.0
2024-02-03T04:00,32.1,19.2,188.0,1.7,1.3,63.0
2024-02-03T05:00,32.1,19.2,181.0,1.2,1.3,68.0
2024-02-03T06:00,31.9,19.0,176.0,0.8,1.2,71.0
2024-02-03T07:00,31.4,18.8,174.0,0.7,1.1,73.0
2024-02-03T08:00,31.2,18.7,173.0,0.7,1.1,74.0
2024-02-03T09:00,31.1,18.7,173.0,0.8,1.0,74.0
2024-02-03T10:00,30.9,18.6,173.0,1.1,0.9,73.0
2024-02-03T11:00,30.5,18.5,174.0,1.5,0.9,71.0
2024-02-03T12:00,35.5,21.4,179.0,1.8,1.0,67.0
2024-02-03T13:00,35.0,21.1,179.0,1.9,1.0,66.0
2024-02-03T14:00,34.7,20.8,179.0,2.1,1.0,64.0
2024-02-03T15:00,34.3,20.6,178.0,2.2,1.0,63.0
2024-02-03T16:00,34.1,20.4,177.0,2.1,1.0,63.0
2024-02-03T17:00,33.9,20.3,176.0,1.9,0.9,63.0
2024-02-03T18:00,33.4,19.9,174.0,1.7,0.9,64.0
2024-02-03T19:00,32.5,19.3,170.0,1.4,0.8,65.0
2024-02-03T20:00,31.7,18.7,166.0,1.1,0.7,66.0
2024-02-03T21:00,30.6,18.0,163.0,0.9,0.7,67.0
2024-02-03T22:00,29.6,17.4,160.0,0.8,0.7,67.0
2024-02-03T23:00,28.5,16.8,159.0,0.8,0.7,67.0
2024-02-04T00:00,27.2,16.0,165.0,1.3,0.8,64.0
2024-02-04T01:00,26.3,15.5,174.0,2.0,1.1,63.0
2024-02-04T02:00,26.3,15.7,187.0,2.9,1.5,61.0
2024-02-04T03:00,27.1,16.2,194.0,3.3,1.8,62.0
2024-02-04T04:00,25.8,15.4,191.0,2.8,1.9,69.0
2024-02-04T05:00,25.0,14.9,182.0,1.8,1.8,78.0
2024-02-04T06:00,24.0,14.1,174.0,1.1,1.7,85.0
2024-02-04T07:00,23.2,13.5,170.0,0.9,1.6,88.0
2024-02-04T08:00,22.5,13.1,168.0,0.9,1.4,89.0
2024-02-04T09:00,21.9,12.7,165.0,1.0,1.3,87.0
2024-02-04T10:00,20.9,12.0,161.0,1.2,1.2,82.0
2024-02-04T11:00,19.6,11.2,156.0,1.5,1.1,75.0
2024-02-04T12:00,22.4,12.7,164.0,2.0,1.7,78.0
2024-02-04T13:00,20.8,11.7,161.0,2.1,1.5,71.0
2024-02-04T14:00,19.7,11.2,158.0,2.1,1.2,62.0
2024-02-04T15:00,19.2,10.9,155.0,2.1,1.0,56.0
2024-02-04T16:00,18.8,10.7,154.0,1.9,0.9,55.0
2024-02-04T17:00,18.7,10.6,154.0,1.7,0.8,57.0
2024-02-04T18:00,18.7,10.6,153.0,1.5,0.7,58.0
2024-02-04T19:00,18.5,10.4,151.0,1.3,0.6,58.0
2024-02-04T20:00,18.0,10.1,150.0,1.2,0.6,59.0
2024-02-04T21:00,17.8,10.0,149.0,1.1,0.6,59.0
2024-02-04T22:00,17.6,9.8,149.0,1.2,0.6,59.0
2024-02-04T23:00,17.3,9.7,151.0,1.3,0.7,58.0
2024-02-05T00:00,17.2,9.7,143.0,1.4,0.8,59.0
2024-02-05T01:00,17.7,10.0,153.0,2.1,1.3,58.0
2024-02-05T02:00,18.9,10.8,167.0,3.0,1.9,57.0
2024-02-05T03:00,20.1,11.6,175.0,3.4,2.3,59.0
2024-02-05T04:00,20.4,11.6,170.0,2.8,2.2,65.0
2024-02-05T05:00,20.9,11.8,158.0,1.6,1.8,74.0
2024-02-05T06:00,21.5,12.0,149.0,0.8,1.4,81.0
2024-02-05T07:00,22.4,12.5,145.0,0.6,1.2,83.0
2024-02-05T08:00,23.1,12.9,144.0,0.6,1.1,83.0
2024-02-05T09:00,23.5,13.2,143.0,0.8,1.0,82.0
2024-02-05T10:00,23.9,13.5,141.0,1.0,0.9,79.0
2024-02-05T11:00,24.4,13.9,140.0,1.4,0.9,74.0
2024-02-05T12:00,33.2,18.9,123.0,1.7,1.0,74.0
2024-02-05T13:00,34.1,19.5,126.0,1.9,1.0,71.0
2024-02-05T14:00,36.3,21.0,131.0,2.2,1.0,68.0
2024-02-05T15:00,39.1,22.7,136.0,2.4,1.0,66.0
2024-02-05T16:00,41.8,24.4,141.0,2.4,1.0,66.0
2024-02-05T17:00,44.7,26.2,147.0,2.3,1.0,68.0
2024-02-05T18:00,47.1,27.6,152.0,2.2,1.0,70.0
2024-02-05T19:00,49.1,28.8,155.0,2.0,1.0,72.0
2024-02-05T20:00,50.9,29.9,157.0,1.8,0.9,74.0
2024-02-05T21:00,52.5,31.0,163.0,1.8,0.9,75.0
2024-02-05T22:00,53.3,31.7,173.0,2.1,0.9,74.0
2024-02-05T23:00,54.4,32.5,187.0,2.5,0.9,72.0
2024-02-06T00:00,56.6,34.0,206.0,2.9,1.2,73.0
2024-02-06T01:00,57.6,34.6,224.0,3.8,1.5,71.0
2024-02-06T02:00,57.0,34.3,247.0,4.9,1.9,68.0
2024-02-06T03:00,58.4,35.0,260.0,5.3,2.2,69.0
2024-02-06T04:00,61.9,36.4,252.0,4.2,2.2,78.0
2024-02-06T05:00,63.1,36.4,232.0,2.5,2.1,92.0
2024-02-06T06:00,63.3,35.7,217.0,1.1,1.9,101.0
2024-02-06T07:00,63.1,35.3,212.0,0.7,1.6,102.0
2024-02-06T08:00,62.6,34.7,210.0,0.7,1.3,99.0
2024-02-06T09:00,61.7,33.9,210.0,0.8,1.1,96.0
2024-02-06T10:00,60.5,33.1,209.0,1.0,1.0,93.0
2024-02-06T11:00,59.5,32.0,210.0,1.3,1.0,89.0
2024-02-06T12:00,59.1,31.4,207.0,1.7,1.1,85.0
2024-02-06T13:00,58.3,31.0,211.0,2.0,1.1,83.0
2024-02-06T14:00,58.0,30.5,218.0,2.3,1.1,80.0
2024-02-06T15:00,57.9,29.8,223.0,2.6,1.1,78.0
2024-02-06T16:00,57.6,29.3,226.0,2.7,1.1,77.0
2024-02-06T17:00,57.3,29.0,229.0,2.6,1.2,77.0
2024-02-06T18:00,56.7,28.9,233.0,2.7,1.2,77.0
2024-02-06T19:00,55.6,28.5,238.0,2.9,1.1,76.0
2024-02-06T20:00,54.2,28.2,244.0,3.2,1.0,75.0
2024-02-06T21:00,53.0,28.1,252.0,3.5,1.0,73.0
2024-02-06T22:00,52.4,28.2,264.0,3.9,1.1,70.0
2024-02-06T23:00,53.3,28.9,278.0,4.3,1.3,66.0
2024-02-07T00:00,53.1,28.9,279.0,4.3,1.7,66.0
2024-02-07T01:00,54.0,29.3,295.0,4.9,2.4,65.0
2024-02-07T02:00,55.8,30.4,316.0,5.7,3.4,64.0
2024-02-07T03:00,58.2,31.2,325.0,5.9,4.2,68.0
2024-02-07T04:00,55.9,28.2,311.0,4.9,4.6,82.0
2024-02-07T05:00,54.8,27.2,286.0,3.2,4.9,100.0
2024-02-07T06:00,54.2,27.0,265.0,1.9,4.9,115.0
2024-02-07T07:00,53.3,26.4,255.0,1.4,4.7,123.0
2024-02-07T08:00,51.6,25.4,248.0,1.3,4.2,126.0
2024-02-07T09:00,49.8,24.3,242.0,1.4,3.8,127.0
2024-02-07T10:00,48.1,23.0,235.0,1.7,3.4,124.0
2024-02-07T11:00,46.3,21.8,227.0,2.1,2.9,118.0
2024-02-07T12:00,50.3,23.3,230.0,2.6,2.6,113.0
2024-02-07T13:00,49.4,22.8,230.0,3.1,2.4,105.0
2024-02-07T14:00,47.7,21.8,229.0,3.7,2.1,95.0
2024-02-07T15:00,46.2,20.8,228.0,4.2,1.9,86.0
2024-02-07T16:00,44.5,19.9,225.0,4.2,1.8,81.0
2024-02-07T17:00,42.8,19.2,220.0,4.1,1.7,77.0
2024-02-07T18:00,41.6,18.7,217.0,3.9,1.6,75.0
2024-02-07T19:00,40.2,18.0,215.0,3.8,1.5,74.0
2024-02-07T20:00,39.1,17.6,214.0,3.6,1.4,73.0
2024-02-07T21:00,39.3,18.0,217.0,3.5,1.3,72.0
2024-02-07T22:00,40.0,19.0,224.0,3.4,1.2,70.0
2024-02-07T23:00,40.4,19.5,234.0,3.4,1.2,67.0
2024-02-08T00:00,42.3,21.2,242.0,3.7,1.1,65.0
2024-02-08T01:00,41.3,20.3,260.0,4.4,1.1,64.0
2024-02-08T02:00,42.0,21.5,284.0,5.4,1.1,62.0
2024-02-08T03:00,42.6,22.1,294.0,5.7,1.2,64.0
2024-02-08T04:00,41.4,20.5,276.0,4.6,1.4,72.0
2024-02-08T05:00,37.1,16.6,244.0,2.9,1.6,84.0
2024-02-08T06:00,36.3,15.7,217.0,1.5,1.7,92.0
2024-02-08T07:00,35.5,15.0,203.0,1.0,1.6,94.0
2024-02-08T08:00,34.8,14.4,193.0,0.9,1.5,92.0
2024-02-08T09:00,34.2,14.0,186.0,1.0,1.3,89.0
2024-02-08T10:00,33.8,13.6,179.0,1.2,1.2,84.0
2024-02-08T11:00,33.3,13.3,175.0,1.5,1.1,78.0
2024-02-08T12:00,36.7,14.7,171.0,2.2,1.3,82.0
2024-02-08T13:00,37.0,15.0,175.0,2.7,1.3,78.0
2024-02-08T14:00,37.6,15.3,180.0,3.4,1.4,73.0
2024-02-08T15:00,38.3,15.8,184.0,3.7,1.4,69.0
2024-02-08T16:00,39.2,16.4,184.0,3.4,1.3,68.0
2024-02-08T17:00,40.4,17.1,183.0,2.8,1.1,68.0
2024-02-08T18:00,41.8,18.0,182.0,2.3,0.9,69.0
2024-02-08T19:00,42.8,18.7,181.0,1.9,0.8,70.0
2024-02-08T20:00,43.8,19.4,180.0,1.5,0.8,70.0
2024-02-08T21:00,44.6,20.1,183.0,1.4,0.8,70.0
2024-02-08T22:00,45.8,21.1,192.0,1.9,0.8,68.0
2024-02-08T23:00,45.6,21.6,205.0,2.7,0.8,64.0
2024-02-09T00:00,46.4,22.2,196.0,1.9,0.9,68.0
2024-02-09T01:00,45.3,22.0,202.0,2.3,1.0,68.0
2024-02-09T02:00,44.9,22.1,209.0,2.8,1.2,67.0
2024-02-09T03:00,43.8,21.1,212.0,3.0,1.3,68.0
2024-02-09T04:00,42.6,20.3,206.0,2.5,1.3,72.0
2024-02-09T05:00,42.1,20.2,195.0,1.6,1.3,77.0
2024-02-09T06:00,42.3,20.4,187.0,0.9,1.3,80.0
2024-02-09T07:00,42.5,20.7,183.0,0.7,1.2,80.0
2024-02-09T08:00,42.6,21.0,182.0,0.7,1.2,79.0
2024-02-09T09:00,42.7,21.2,181.0,0.8,1.1,77.0
2024-02-09T10:00,42.6,21.4,180.0,1.0,1.0,74.0
2024-02-09T11:00,42.7,21.6,180.0,1.3,1.0,71.0
2024-02-09T12:00,43.1,22.1,178.0,1.8,1.1,73.0
2024-02-09T13:00,42.0,21.6,180.0,1.9,1.1,71.0
2024-02-09T14:00,41.0,21.2,182.0,2.1,1.0,68.0
2024-02-09T15:00,39.9,20.7,184.0,2.2,1.0,66.0
2024-02-09T16:00,39.3,20.5,185.0,2.0,1.0,67.0
2024-02-09T17:00,39.5,20.5,185.0,1.8,0.9,68.0
2024-02-09T18:00,40.0,20.8,186.0,1.5,0.9,70.0
2024-02-09T19:00,40.4,21.0,187.0,1.3,0.9,71.0
2024-02-09T20:00,40.7,21.2,187.0,1.1,0.9,73.0
2024-02-09T21:00,41.8,21.9,190.0,1.0,0.9,74.0
2024-02-09T22:00,43.5,23.2,194.0,1.0,0.9,75.0
2024-02-09T23:00,46.8,25.3,200.0,1.1,1.0,77.0
2024-02-10T00:00,51.0,28.2,207.0,1.5,1.1,80.0
2024-02-10T01:00,53.6,29.9,219.0,2.1,1.3,81.0
2024-02-10T02:00,57.3,32.4,236.0,2.8,1.6,83.0
2024-02-10T03:00,61.2,34.7,248.0,3.1,1.8,87.0
2024-02-10T04:00,67.3,38.3,250.0,2.5,1.7,94.0
2024-02-10T05:00,70.8,40.3,247.0,1.5,1.4,102.0
2024-02-10T06:00,75.0,42.7,245.0,0.8,1.1,108.0
2024-02-10T07:00,77.1,44.0,247.0,0.6,0.9,108.0
2024-02-10T08:00,78.2,44.8,251.0,0.7,0.8,105.0
2024-02-10T09:00,78.7,45.3,255.0,0.8,0.7,102.0
2024-02-10T10:00,78.9,45.5,258.0,1.0,0.6,99.0
2024-02-10T11:00,78.9,45.6,261.0,1.3,0.6,96.0
2024-02-10T12:00,77.5,45.2,255.0,1.6,0.5,94.0
2024-02-10T13:00,75.9,44.4,259.0,1.7,0.6,93.0
2024-02-10T14:00,74.5,43.5,264.0,1.8,0.6,91.0
2024-02-10T15:00,73.1,42.8,268.0,1.9,0.7,91.0
2024-02-10T16:00,72.4,42.4,270.0,1.8,0.7,92.0
2024-02-10T17:00,73.1,42.6,271.0,1.7,0.8,95.0
2024-02-10T18:00,75.2,43.8,272.0,1.5,0.8,97.0
2024-02-10T19:00,76.8,44.6,273.0,1.3,0.8,99.0
2024-02-10T20:00,78.5,45.5,274.0,1.0,0.9,102.0
2024-02-10T21:00,78.7,45.6,274.0,0.8,0.9,104.0
2024-02-10T22:00,78.0,45.1,271.0,0.7,1.0,105.0
2024-02-10T23:00,77.8,44.6,266.0,0.6,1.0,107.0
2024-02-11T00:00,77.3,43.9,257.0,0.6,1.3,109.0
2024-02-11T01:00,76.4,42.8,254.0,0.9,1.3,111.0
2024-02-11T02:00,76.1,42.1,249.0,1.2,1.4,113.0
2024-02-11T03:00,75.7,41.3,243.0,1.4,1.4,116.0
2024-02-11T04:00,73.8,39.9,236.0,1.2,1.4,119.0
2024-02-11T05:00,71.5,38.1,228.0,0.9,1.3,122.0
2024-02-11T06:00,69.8,36.9,222.0,0.6,1.3,123.0
2024-02-11T07:00,68.7,36.0,218.0,0.5,1.3,122.0
2024-02-11T08:00,66.6,34.7,214.0,0.6,1.2,119.0
2024-02-11T09:00,61.7,31.9,212.0,0.7,1.2,117.0
2024-02-11T10:00,56.0,28.7,210.0,0.9,1.2,115.0
2024-02-11T11:00,51.7,26.4,209.0,1.1,1.3,113.0
2024-02-11T12:00,58.1,29.3,208.0,1.4,1.2,110.0
2024-02-11T13:00,52.3,26.3,210.0,1.6,1.3,109.0
2024-02-11T14:00,47.8,24.1,212.0,1.8,1.3,109.0
2024-02-11T15:00,44.1,22.4,213.0,2.0,1.4,108.0
2024-02-11T16:00,41.2,21.0,212.0,2.0,1.4,108.0
2024-02-11T17:00,38.5,19.8,211.0,1.9,1.4,107.0
2024-02-11T18:00,36.3,18.7,208.0,1.8,1.4,107.0
2024-02-11T19:00,34.2,17.6,203.0,1.6,1.3,106.0
2024-02-11T20:00,32.8,17.0,196.0,1.4,1.2,106.0
2024-02-11T21:00,31.9,16.5,194.0,1.4,1.2,104.0
2024-02-11T22:00,31.1,16.3,199.0,1.7,1.3,101.0
2024-02-11T23:00,31.1,16.5,208.0,2.1,1.6,97.0
2024-02-12T00:00,33.8,18.0,217.0,2.4,1.8,95.0
2024-02-12T01:00,34.5,18.6,223.0,2.9,2.1,95.0
2024-02-12T02:00,36.0,19.6,229.0,3.5,2.5,94.0
2024-02-12T03:00,36.1,19.6,228.0,3.6,2.6,95.0
2024-02-12T04:00,34.6,18.6,210.0,2.8,2.2,98.0
2024-02-12T05:00,32.4,17.3,184.0,1.5,1.5,102.0
2024-02-12T06:00,30.4,16.3,164.0,0.6,0.9,104.0
2024-02-12T07:00,29.3,15.8,155.0,0.3,0.7,101.0
2024-02-12T08:00,28.7,15.6,152.0,0.4,0.6,96.0
2024-02-12T09:00,28.5,15.6,150.0,0.5,0.6,92.0
2024-02-12T10:00,28.7,15.8,149.0,0.7,0.5,89.0
2024-02-12T11:00,28.9,15.9,149.0,0.9,0.5,87.0
2024-02-12T12:00,32.5,17.9,154.0,1.4,0.6,87.0
2024-02-12T13:00,31.8,17.8,154.0,1.4,0.6,86.0
2024-02-12T14:00,31.7,17.9,155.0,1.5,0.6,84.0
2024-02-12T15:00,31.8,18.0,156.0,1.5,0.6,82.0
2024-02-12T16:00,32.5,18.5,158.0,1.6,0.6,81.0
2024-02-12T17:00,33.1,18.9,162.0,1.6,0.7,81.0
2024-02-12T18:00,33.8,19.3,164.0,1.6,0.7,81.0
2024-02-12T19:00,33.8,19.2,164.0,1.5,0.7,81.0
2024-02-12T20:00,33.8,19.2,164.0,1.2,0.6,81.0
2024-02-12T21:00,33.6,19.1,166.0,1.2,0.6,81.0
2024-02-12T22:00,33.9,19.2,170.0,1.4,0.6,80.0
2024-02-12T23:00,33.4,19.0,176.0,1.7,0.8,79.0
2024-02-13T00:00,33.4,19.8,217.0,3.9,1.5,67.0
2024-02-13T01:00,34.0,20.1,239.0,5.4,2.8,64.0
2024-02-13T02:00,35.9,21.2,269.0,7.5,4.5,60.0
2024-02-13T03:00,39.0,22.9,286.0,8.3,5.7,64.0
2024-02-13T04:00,41.8,24.2,277.0,6.8,5.9,83.0
2024-02-13T05:00,41.2,23.6,254.0,4.2,5.5,108.0
2024-02-13T06:00,38.2,21.5,233.0,2.1,4.8,124.0
2024-02-13T07:00,35.0,19.7,218.0,1.3,3.6,120.0
2024-02-13T08:00,31.9,18.0,205.0,1.0,2.1,106.0
2024-02-13T09:00,30.4,17.3,197.0,0.9,0.9,94.0
2024-02-13T10:00,30.2,17.2,195.0,1.0,0.5,87.0
2024-02-13T11:00,29.5,16.9,199.0,1.2,0.4,80.0
2024-02-13T12:00,32.7,19.0,208.0,1.7,0.7,82.0
2024-02-13T13:00,31.4,18.3,211.0,1.8,0.7,80.0
2024-02-13T14:00,30.9,18.0,216.0,2.0,0.8,78.0
2024-02-13T15:00,30.0,17.6,222.0,2.0,0.8,78.0
2024-02-13T16:00,30.2,17.6,230.0,1.9,0.8,82.0
2024-02-13T17:00,31.0,18.2,239.0,1.6,0.7,87.0
2024-02-13T18:00,33.2,19.5,248.0,1.4,0.7,92.0
2024-02-13T19:00,35.4,21.0,256.0,1.2,0.7,96.0
2024-02-13T20:00,37.4,22.2,263.0,1.0,0.7,99.0
2024-02-13T21:00,38.3,23.0,268.0,0.9,0.7,101.0
2024-02-13T22:00,38.9,23.4,271.0,0.8,0.7,101.0
2024-02-13T23:00,38.5,23.2,271.0,0.9,0.7,100.0
2024-02-14T00:00,34.3,20.7,262.0,1.4,1.4,94.0
2024-02-14T01:00,34.2,20.6,263.0,1.6,1.4,94.0
2024-02-14T02:00,34.5,20.7,264.0,1.8,1.3,95.0
2024-02-14T03:00,34.6,20.7,265.0,1.9,1.2,96.0
2024-02-14T04:00,34.3,20.3,266.0,1.6,1.0,98.0
2024-02-14T05:00,33.5,19.7,267.0,1.1,0.8,100.0
2024-02-14T06:00,33.4,19.5,267.0,0.7,0.6,101.0
2024-02-14T07:00,33.5,19.4,267.0,0.6,0.6,100.0
2024-02-14T08:00,33.8,19.4,266.0,0.7,0.6,98.0
2024-02-14T09:00,34.1,19.5,263.0,0.8,0.6,96.0
2024-02-14T10:00,34.3,19.6,258.0,1.0,0.6,93.0
2024-02-14T11:00,34.9,19.7,251.0,1.3,0.6,89.0
2024-02-14T12:00,27.6,15.7,248.0,1.8,0.7,88.0
2024-02-14T13:00,28.2,16.0,243.0,2.0,0.7,86.0
2024-02-14T14:00,29.4,16.5,236.0,2.2,0.8,82.0
2024-02-14T15:00,30.6,17.1,230.0,2.3,0.8,80.0
2024-02-14T16:00,32.5,18.0,225.0,2.3,0.9,80.0
2024-02-14T17:00,34.8,19.3,220.0,2.3,1.0,81.0
2024-02-14T18:00,36.1,20.0,217.0,2.2,1.0,83.0
2024-02-14T19:00,37.0,20.5,215.0,2.0,1.0,85.0
2024-02-14T20:00,38.0,21.1,214.0,1.7,0.9,87.0
2024-02-14T21:00,38.4,21.4,214.0,1.5,0.9,89.0
2024-02-14T22:00,38.8,21.7,216.0,1.4,0.9,90.0
2024-02-14T23:00,38.4,21.6,219.0,1.5,1.0,92.0
2024-02-15T00:00,37.5,21.1,231.0,2.2,1.5,89.0
2024-02-15T01:00,37.4,21.4,241.0,2.7,1.9,89.0
2024-02-15T02:00,38.3,22.1,254.0,3.4,2.5,88.0
2024-02-15T03:00,38.6,22.2,260.0,3.6,2.8,90.0
2024-02-15T04:00,38.5,22.0,253.0,2.9,2.5,96.0
2024-02-15T05:00,37.5,21.0,240.0,1.7,1.8,103.0
2024-02-15T06:00,38.4,21.5,230.0,0.8,1.3,108.0
2024-02-15T07:00,40.4,22.6,227.0,0.5,1.1,107.0
2024-02-15T08:00,42.4,23.8,227.0,0.6,1.0,104.0
2024-02-15T09:00,44.5,25.1,228.0,0.7,0.9,100.0
2024-02-15T10:00,46.0,26.0,229.0,0.8,0.8,97.0
2024-02-15T11:00,46.4,26.3,230.0,1.0,0.7,94.0
2024-02-15T12:00,49.4,28.1,225.0,1.5,0.7,93.0
2024-02-15T13:00,48.5,27.7,224.0,1.6,0.7,91.0
2024-02-15T14:00,47.0,26.9,223.0,1.7,0.8,89.0
2024-02-15T15:00,45.3,25.8,219.0,1.8,0.8,87.0
2024-02-15T16:00,43.3,24.6,209.0,1.7,0.8,85.0
2024-02-15T17:00,41.8,23.5,196.0,1.6,0.8,84.0
2024-02-15T18:00,40.2,22.5,185.0,1.4,0.8,83.0
2024-02-15T19:00,39.0,21.7,177.0,1.3,0.8,82.0
2024-02-15T20:00,38.0,21.1,170.0,1.2,0.8,81.0
2024-02-15T21:00,37.3,20.7,166.0,1.1,0.8,81.0
2024-02-15T22:00,35.9,20.0,164.0,1.1,0.8,81.0
2024-02-15T23:00,34.7,19.5,164.0,1.1,0.9,81.0
2024-02-16T00:00,34.9,19.6,171.0,1.5,1.1,81.0
2024-02-16T01:00,34.3,19.3,178.0,1.9,1.3,81.0
2024-02-16T02:00,34.3,19.4,189.0,2.5,1.7,82.0
2024-02-16T03:00,33.9,19.1,194.0,2.7,1.8,84.0
2024-02-16T04:00,32.7,18.4,190.0,2.2,1.6,88.0
2024-02-16T05:00,30.9,17.2,182.0,1.3,1.2,94.0
2024-02-16T06:00,29.8,16.6,176.0,0.7,0.9,98.0
2024-02-16T07:00,29.3,16.3,177.0,0.6,0.8,99.0
2024-02-16T08:00,29.4,16.4,180.0,0.6,0.7,97.0
2024-02-16T09:00,29.9,16.7,185.0,0.8,0.7,96.0
2024-02-16T10:00,30.9,17.3,192.0,1.0,0.7,95.0
2024-02-16T11:00,31.8,17.9,200.0,1.3,0.7,93.0
2024-02-16T12:00,33.8,19.1,201.0,1.7,0.7,89.0
2024-02-16T13:00,33.6,19.2,205.0,1.8,0.8,88.0
2024-02-16T14:00,33.4,19.2,211.0,2.0,0.9,85.0
2024-02-16T15:00,33.4,19.3,216.0,2.2,1.0,84.0
2024-02-16T16:00,33.5,19.3,219.0,2.4,1.1,84.0
2024-02-16T17:00,33.8,19.5,222.0,2.5,1.2,84.0
2024-02-16T18:00,33.8,19.4,223.0,2.6,1.3,84.0
2024-02-16T19:00,32.8,18.8,221.0,2.4,1.3,85.0
2024-02-16T20:00,32.1,18.5,217.0,2.1,1.3,86.0
2024-02-16T21:00,31.5,18.2,217.0,2.1,1.5,86.0
2024-02-16T22:00,31.3,18.2,225.0,2.6,1.9,83.0
2024-02-16T23:00,31.8,18.7,237.0,3.4,2.4,78.0
2024-02-17T00:00,32.9,19.8,271.0,6.4,5.3,64.0
2024-02-17T01:00,33.4,20.1,269.0,6.2,5.4,67.0
2024-02-17T02:00,34.3,20.6,266.0,5.8,5.6,71.0
2024-02-17T03:00,34.5,20.5,259.0,5.2,5.4,78.0
2024-02-17T04:00,35.2,20.8,247.0,4.0,4.6,90.0
2024-02-17T05:00,35.3,20.5,232.0,2.4,3.4,103.0
2024-02-17T06:00,35.9,20.8,219.0,1.3,2.4,113.0
2024-02-17T07:00,36.3,21.0,212.0,0.9,1.9,115.0
2024-02-17T08:00,36.4,21.1,207.0,0.9,1.6,113.0
2024-02-17T09:00,36.7,21.2,204.0,1.0,1.4,109.0
2024-02-17T10:00,36.8,21.4,202.0,1.2,1.1,104.0
2024-02-17T11:00,37.3,21.7,202.0,1.5,0.9,97.0
2024-02-17T12:00,39.5,23.0,212.0,1.8,0.9,92.0
2024-02-17T13:00,39.3,22.9,215.0,2.0,0.9,89.0
2024-02-17T14:00,39.6,23.1,220.0,2.3,1.0,84.0
2024-02-17T15:00,40.2,23.4,224.0,2.6,1.0,80.0
2024-02-17T16:00,40.9,23.8,228.0,2.8,1.1,79.0
2024-02-17T17:00,41.6,24.3,233.0,2.9,1.1,78.0
2024-02-17T18:00,42.0,24.6,236.0,3.0,1.2,78.0
2024-02-17T19:00,41.3,24.3,237.0,3.0,1.2,77.0
2024-02-17T20:00,41.1,24.3,237.0,2.9,1.2,76.0
2024-02-17T21:00,40.7,24.2,238.0,2.9,1.2,75.0
2024-02-17T22:00,40.5,24.2,241.0,3.0,1.3,73.0
2024-02-17T23:00,40.9,24.5,244.0,3.1,1.5,72.0
2024-02-18T00:00,41.1,24.8,262.0,3.9,1.9,69.0
2024-02-18T01:00,41.4,25.0,261.0,3.8,2.1,71.0
2024-02-18T02:00,42.7,25.7,259.0,3.7,2.3,73.0
2024-02-18T03:00,43.7,26.2,252.0,3.4,2.3,77.0
2024-02-18T04:00,42.3,25.0,237.0,2.6,2.0,83.0
2024-02-18T05:00,39.9,23.4,217.0,1.6,1.6,90.0
2024-02-18T06:00,38.2,22.4,201.0,0.9,1.3,94.0
2024-02-18T07:00,36.8,21.5,194.0,0.7,1.1,94.0
2024-02-18T08:00,35.5,20.7,191.0,0.7,1.1,93.0
2024-02-18T09:00,34.3,20.0,190.0,0.8,1.0,90.0
2024-02-18T10:00,33.2,19.3,190.0,1.0,0.9,87.0
2024-02-18T11:00,32.7,18.9,192.0,1.3,0.8,83.0
2024-02-18T12:00,35.3,20.3,213.0,1.8,0.9,79.0
2024-02-18T13:00,35.5,20.3,219.0,2.1,1.0,78.0
2024-02-18T14:00,35.5,20.3,227.0,2.5,1.1,77.0
2024-02-18T15:00,35.5,20.2,232.0,2.7,1.1,76.0
2024-02-18T16:00,35.6,20.2,232.0,2.5,1.1,77.0
2024-02-18T17:00,36.1,20.3,229.0,2.1,1.0,78.0
2024-02-18T18:00,36.6,20.4,224.0,1.7,0.9,79.0
2024-02-18T19:00,36.6,20.1,217.0,1.3,0.8,80.0
2024-02-18T20:00,37.0,20.4,209.0,1.0,0.7,80.0
2024-02-18T21:00,37.8,20.7,204.0,0.8,0.6,80.0
2024-02-18T22:00,38.5,21.1,202.0,0.8,0.6,79.0
2024-02-18T23:00,39.0,21.6,203.0,1.1,0.7,77.0
2024-02-19T00:00,38.1,21.1,211.0,1.5,1.0,75.0
2024-02-19T01:00,38.0,21.4,222.0,2.1,1.2,74.0
2024-02-19T02:00,38.9,22.3,235.0,2.9,1.4,72.0
2024-02-19T03:00,38.4,21.8,241.0,3.2,1.5,72.0
2024-02-19T04:00,37.7,21.2,231.0,2.6,1.5,76.0
2024-02-19T05:00,37.1,20.7,212.0,1.7,1.4,82.0
2024-02-19T06:00,36.6,20.2,197.0,0.9,1.3,86.0
2024-02-19T07:00,36.6,20.2,191.0,0.7,1.1,85.0
2024-02-19T08:00,36.3,20.2,188.0,0.7,0.8,83.0
2024-02-19T09:00,36.3,20.3,186.0,0.8,0.6,80.0
2024-02-19T10:00,36.6,20.5,184.0,1.0,0.5,78.0
2024-02-19T11:00,37.3,21.0,184.0,1.2,0.5,76.0
2024-02-19T12:00,45.9,26.0,202.0,1.8,0.4,72.0
2024-02-19T13:00,45.1,25.7,203.0,2.0,0.5,72.0
2024-02-19T14:00,44.4,25.3,205.0,2.3,0.7,72.0
2024-02-19T15:00,43.9,25.1,207.0,2.4,0.9,72.0
2024-02-19T16:00,43.5,24.9,209.0,2.3,1.0,73.0
2024-02-19T17:00,43.3,24.8,210.0,2.2,1.1,75.0
2024-02-19T18:00,43.2,24.7,211.0,1.9,1.1,77.0
2024-02-19T19:00,42.7,24.4,209.0,1.5,1.0,79.0
2024-02-19T20:00,41.6,23.9,207.0,1.0,0.9,81.0
2024-02-19T21:00,41.4,23.9,206.0,0.7,0.8,82.0
2024-02-19T22:00,41.7,24.0,207.0,0.6,0.8,83.0
2024-02-19T23:00,42.4,24.5,211.0,0.8,0.9,84.0
2024-02-20T00:00,42.6,24.9,215.0,1.3,1.3,83.0
2024-02-20T01:00,43.3,25.7,225.0,2.0,1.5,83.0
2024-02-20T02:00,44.9,26.8,239.0,2.8,1.7,82.0
2024-02-20T03:00,45.5,26.9,247.0,3.2,1.8,83.0
2024-02-20T04:00,45.6,26.7,242.0,2.6,1.6,87.0
2024-02-20T05:00,46.2,27.0,230.0,1.6,1.3,93.0
2024-02-20T06:00,46.8,27.4,221.0,0.8,1.0,96.0
2024-02-20T07:00,47.1,27.7,218.0,0.6,0.9,95.0
2024-02-20T08:00,47.5,28.0,218.0,0.7,0.8,92.0
2024-02-20T09:00,47.8,28.3,218.0,0.8,0.7,89.0
2024-02-20T10:00,48.2,28.6,218.0,1.0,0.6,86.0
2024-02-20T11:00,48.9,29.2,219.0,1.3,0.6,84.0
2024-02-20T12:00,46.9,28.0,212.0,1.6,0.6,83.0
2024-02-20T13:00,47.5,28.4,215.0,1.8,0.7,83.0
2024-02-20T14:00,47.6,28.4,220.0,2.0,0.7,83.0
2024-02-20T15:00,48.0,28.6,223.0,2.0,0.8,83.0
2024-02-20T16:00,48.2,28.8,222.0,1.8,0.8,84.0
2024-02-20T17:00,48.3,28.8,220.0,1.4,0.7,84.0
2024-02-20T18:00,48.2,28.5,217.0,1.0,0.7,85.0
2024-02-20T19:00,48.1,28.4,214.0,0.7,0.7,85.0
2024-02-20T20:00,48.2,28.3,211.0,0.5,0.6,85.0
2024-02-20T21:00,48.0,28.3,209.0,0.4,0.6,85.0
2024-02-20T22:00,47.4,28.0,209.0,0.4,0.6,85.0
2024-02-20T23:00,47.1,27.9,210.0,0.6,0.7,84.0
2024-02-21T00:00,46.1,27.5,220.0,1.3,0.9,81.0
2024-02-21T01:00,46.8,28.1,225.0,1.8,1.2,81.0
2024-02-21T02:00,48.2,28.9,231.0,2.4,1.7,81.0
2024-02-21T03:00,48.9,29.2,233.0,2.7,1.9,83.0
2024-02-21T04:00,48.2,28.6,227.0,2.2,1.7,87.0
2024-02-21T05:00,46.6,27.6,218.0,1.3,1.2,92.0
2024-02-21T06:00,45.4,26.8,210.0,0.7,0.8,96.0
2024-02-21T07:00,44.5,26.3,206.0,0.5,0.6,97.0
2024-02-21T08:00,43.0,25.4,204.0,0.6,0.6,95.0
2024-02-21T09:00,41.8,24.6,203.0,0.7,0.5,93.0
2024-02-21T10:00,40.7,24.0,202.0,0.9,0.4,89.0
2024-02-21T11:00,39.6,23.3,201.0,1.2,0.3,83.0
2024-02-21T12:00,40.7,23.9,204.0,2.7,0.6,89.0
2024-02-21T13:00,38.8,22.8,201.0,2.5,0.5,85.0
2024-02-21T14:00,37.3,21.9,197.0,2.1,0.5,79.0
2024-02-21T15:00,36.1,21.3,193.0,1.8,0.4,75.0
2024-02-21T16:00,35.9,21.1,189.0,1.5,0.4,74.0
2024-02-21T17:00,36.7,21.5,186.0,1.3,0.5,75.0
2024-02-21T18:00,37.0,21.7,184.0,1.1,0.5,75.0
2024-02-21T19:00,37.1,21.8,184.0,0.9,0.5,75.0
2024-02-21T20:00,37.3,21.8,186.0,0.8,0.5,74.0
2024-02-21T21:00,36.4,21.4,187.0,0.7,0.5,74.0
2024-02-21T22:00,34.8,20.4,187.0,0.6,0.4,74.0
2024-02-21T23:00,32.8,19.3,187.0,0.6,0.3,74.0
2024-02-22T00:00,32.1,18.9,181.0,0.4,0.4,76.0
2024-02-22T01:00,30.6,17.9,185.0,1.2,0.9,74.0
2024-02-22T02:00,30.5,17.9,190.0,2.3,1.7,71.0
2024-02-22T03:00,30.4,18.0,193.0,3.0,2.6,71.0
2024-02-22T04:00,30.3,18.0,194.0,3.1,3.7,76.0
2024-02-22T05:00,30.5,18.2,193.0,2.8,4.9,84.0
2024-02-22T06:00,32.0,19.2,191.0,2.5,5.5,91.0
2024-02-22T07:00,33.9,20.4,188.0,2.0,5.3,97.0
2024-02-22T08:00,33.4,19.6,185.0,1.4,4.6,103.0
2024-02-22T09:00,34.2,19.7,183.0,1.1,3.7,104.0
2024-02-22T10:00,34.1,19.3,183.0,1.3,2.6,97.0
2024-02-22T11:00,33.3,18.7,184.0,1.6,1.3,86.0
2024-02-22T12:00,34.8,19.6,194.0,2.0,0.5,81.0
2024-02-22T13:00,32.9,18.6,200.0,2.0,0.6,80.0
2024-02-22T14:00,32.9,18.6,207.0,2.1,0.7,78.0
2024-02-22T15:00,33.9,19.2,213.0,2.1,0.8,77.0
2024-02-22T16:00,35.4,20.1,215.0,2.0,0.9,78.0
2024-02-22T17:00,36.8,20.9,215.0,1.8,1.0,80.0
2024-02-22T18:00,37.8,21.6,213.0,1.6,1.1,81.0
2024-02-22T19:00,38.1,21.7,209.0,1.3,1.0,82.0
2024-02-22T20:00,39.2,22.4,203.0,1.0,0.9,82.0
2024-02-22T21:00,40.0,22.9,202.0,1.0,1.1,82.0
2024-02-22T22:00,40.3,23.2,209.0,1.4,1.7,81.0
2024-02-22T23:00,40.5,23.6,221.0,2.1,2.5,80.0
2024-02-23T00:00,39.5,23.2,228.0,2.5,2.9,81.0
2024-02-23T01:00,40.4,23.8,238.0,3.4,3.8,77.0
2024-02-23T02:00,40.0,23.7,252.0,4.7,5.0,72.0
2024-02-23T03:00,38.8,23.1,261.0,5.3,5.9,72.0
2024-02-23T04:00,37.8,22.7,263.0,4.8,6.6,83.0
2024-02-23T05:00,38.5,23.2,260.0,3.7,7.0,99.0
2024-02-23T06:00,39.9,24.0,255.0,2.7,6.7,109.0
2024-02-23T07:00,40.9,24.6,247.0,2.0,5.3,109.0
2024-02-23T08:00,41.0,24.4,236.0,1.5,3.2,103.0
2024-02-23T09:00,40.5,23.8,228.0,1.2,1.5,96.0
2024-02-23T10:00,38.9,22.6,224.0,1.3,0.8,89.0
2024-02-23T11:00,38.2,22.2,221.0,1.5,0.5,81.0
2024-02-23T12:00,34.9,20.0,226.0,1.7,0.6,78.0
2024-02-23T13:00,33.1,19.0,223.0,1.5,0.5,76.0
2024-02-23T14:00,32.2,18.6,219.0,1.3,0.5,74.0
2024-02-23T15:00,32.7,18.9,215.0,1.1,0.4,72.0
2024-02-23T16:00,34.0,19.7,211.0,1.0,0.4,71.0
2024-02-23T17:00,35.5,20.6,207.0,0.9,0.4,71.0
2024-02-23T18:00,37.1,21.7,204.0,0.8,0.4,71.0
2024-02-23T19:00,39.1,22.7,201.0,0.6,0.4,70.0
2024-02-23T20:00,40.6,23.6,198.0,0.4,0.3,69.0
2024-02-23T21:00,41.4,24.0,196.0,0.3,0.3,68.0
2024-02-23T22:00,41.8,24.1,193.0,0.3,0.3,68.0
2024-02-23T23:00,41.3,23.8,191.0,0.3,0.4,68.0
2024-02-24T00:00,39.0,22.6,183.0,0.4,0.4,67.0
2024-02-24T01:00,39.3,22.8,183.0,0.6,0.4,68.0
2024-02-24T02:00,39.0,22.6,182.0,0.9,0.4,69.0
2024-02-24T03:00,37.7,21.8,181.0,1.1,0.4,71.0
2024-02-24T04:00,36.6,21.1,178.0,1.0,0.4,73.0
2024-02-24T05:00,36.2,20.8,175.0,0.7,0.4,76.0
2024-02-24T06:00,36.1,20.6,172.0,0.5,0.4,78.0
2024-02-24T07:00,36.0,20.5,170.0,0.5,0.4,78.0
2024-02-24T08:00,35.6,20.3,168.0,0.5,0.4,76.0
2024-02-24T09:00,35.4,20.1,166.0,0.6,0.4,75.0
2024-02-24T10:00,34.9,20.0,165.0,0.8,0.4,74.0
2024-02-24T11:00,34.6,19.8,165.0,1.1,0.4,73.0
2024-02-24T12:00,36.1,20.9,179.0,1.3,0.4,72.0
2024-02-24T13:00,36.9,21.4,179.0,1.2,0.4,73.0
2024-02-24T14:00,37.8,21.9,178.0,1.0,0.4,74.0
2024-02-24T15:00,37.8,21.9,177.0,0.9,0.4,75.0
2024-02-24T16:00,37.3,21.5,176.0,0.8,0.4,75.0
2024-02-24T17:00,36.1,20.7,174.0,0.8,0.4,74.0
2024-02-24T18:00,34.2,19.6,172.0,0.7,0.4,73.0
2024-02-24T19:00,32.2,18.3,169.0,0.6,0.4,73.0
2024-02-24T20:00,30.6,17.3,166.0,0.4,0.4,72.0
2024-02-24T21:00,29.1,16.4,164.0,0.3,0.4,72.0
2024-02-24T22:00,27.9,15.6,163.0,0.3,0.4,72.0
2024-02-24T23:00,27.2,15.1,163.0,0.4,0.5,71.0
2024-02-25T00:00,27.9,15.5,166.0,0.8,0.6,71.0
2024-02-25T01:00,28.6,15.9,165.0,0.9,0.6,72.0
2024-02-25T02:00,30.3,16.9,164.0,1.0,0.6,72.0
2024-02-25T03:00,30.7,17.0,162.0,1.0,0.6,73.0
2024-02-25T04:00,31.4,17.3,159.0,0.9,0.5,73.0
2024-02-25T05:00,32.2,17.9,156.0,0.6,0.5,73.0
2024-02-25T06:00,32.4,18.1,153.0,0.5,0.4,73.0
2024-02-25T07:00,32.5,18.2,152.0,0.5,0.4,72.0
2024-02-25T08:00,32.4,18.2,152.0,0.5,0.4,70.0
2024-02-25T09:00,32.0,18.0,152.0,0.6,0.4,68.0
2024-02-25T10:00,31.1,17.6,152.0,0.8,0.4,66.0
2024-02-25T11:00,30.7,17.5,153.0,1.0,0.5,65.0
2024-02-25T12:00,35.5,20.2,150.0,1.3,0.5,64.0
2024-02-25T13:00,37.1,21.1,154.0,1.4,0.6,65.0
2024-02-25T14:00,39.3,22.4,158.0,1.6,0.6,65.0
2024-02-25T15:00,41.4,23.5,162.0,1.7,0.7,66.0
2024-02-25T16:00,43.9,24.9,163.0,1.7,0.7,66.0
2024-02-25T17:00,44.5,25.1,163.0,1.6,0.7,66.0
2024-02-25T18:00,43.8,24.7,162.0,1.5,0.7,66.0
2024-02-25T19:00,41.8,23.6,159.0,1.3,0.6,66.0
2024-02-25T20:00,40.6,22.8,154.0,0.9,0.6,65.0
2024-02-25T21:00,39.8,22.3,151.0,0.7,0.5,64.0
2024-02-25T22:00,39.0,21.8,150.0,0.6,0.4,63.0
2024-02-25T23:00,37.8,21.1,150.0,0.5,0.4,62.0
2024-02-26T00:00,38.0,21.3,151.0,0.6,0.5,59.0
2024-02-26T01:00,38.5,21.6,157.0,0.7,0.5,61.0
2024-02-26T02:00,38.9,21.9,165.0,0.9,0.6,63.0
2024-02-26T03:00,38.4,21.8,171.0,1.0,0.6,65.0
2024-02-26T04:00,37.8,21.5,174.0,0.9,0.6,68.0
2024-02-26T05:00,37.8,21.5,176.0,0.7,0.5,70.0
2024-02-26T06:00,37.8,21.5,177.0,0.6,0.5,72.0
2024-02-26T07:00,38.2,21.7,177.0,0.6,0.5,72.0
2024-02-26T08:00,37.8,21.4,176.0,0.6,0.5,70.0
2024-02-26T09:00,37.0,21.0,175.0,0.6,0.5,69.0
2024-02-26T10:00,36.1,20.4,173.0,0.7,0.5,68.0
2024-02-26T11:00,35.3,20.0,171.0,0.9,0.4,66.0
2024-02-26T12:00,37.6,21.4,179.0,1.3,0.4,64.0
2024-02-26T13:00,37.8,21.5,179.0,1.3,0.4,64.0
2024-02-26T14:00,38.4,21.8,179.0,1.4,0.5,64.0
2024-02-26T15:00,39.1,22.2,178.0,1.4,0.5,64.0
2024-02-26T16:00,39.3,22.2,177.0,1.3,0.5,65.0
2024-02-26T17:00,39.2,22.2,176.0,1.2,0.5,65.0
2024-02-26T18:00,38.4,21.8,175.0,1.1,0.5,66.0
2024-02-26T19:00,37.5,21.2,173.0,0.9,0.5,67.0
2024-02-26T20:00,36.3,20.6,171.0,0.8,0.5,67.0
2024-02-26T21:00,35.3,20.0,170.0,0.7,0.5,68.0
2024-02-26T22:00,33.9,19.3,171.0,0.7,0.5,68.0
2024-02-26T23:00,32.8,18.8,173.0,0.8,0.5,68.0
2024-02-27T00:00,31.4,18.0,164.0,0.8,0.5,69.0
2024-02-27T01:00,30.7,17.7,168.0,1.0,0.6,70.0
2024-02-27T02:00,30.6,17.7,174.0,1.3,0.6,71.0
2024-02-27T03:00,30.0,17.3,177.0,1.4,0.7,72.0
2024-02-27T04:00,29.7,17.1,177.0,1.2,0.7,74.0
2024-02-27T05:00,29.2,16.6,174.0,0.9,0.6,76.0
2024-02-27T06:00,28.6,16.2,172.0,0.6,0.6,77.0
2024-02-27T07:00,28.0,15.9,171.0,0.5,0.6,76.0
2024-02-27T08:00,27.7,15.8,170.0,0.6,0.5,73.0
2024-02-27T09:00,28.1,16.1,171.0,0.7,0.5,71.0
2024-02-27T10:00,28.9,16.6,174.0,0.9,0.5,69.0
2024-02-27T11:00,29.7,17.2,179.0,1.2,0.5,67.0
2024-02-27T12:00,22.5,12.8,184.0,1.5,0.5,67.0
2024-02-27T13:00,23.1,13.2,187.0,1.7,0.6,67.0
2024-02-27T14:00,24.4,14.0,190.0,1.9,0.6,67.0
2024-02-27T15:00,26.2,15.2,193.0,2.0,0.7,67.0
2024-02-27T16:00,28.5,16.6,195.0,2.0,0.7,69.0
2024-02-27T17:00,31.0,18.2,196.0,2.0,0.8,71.0
2024-02-27T18:00,33.1,19.6,196.0,1.9,0.8,73.0
2024-02-27T19:00,34.7,20.7,195.0,1.7,0.8,74.0
2024-02-27T20:00,34.3,20.7,193.0,1.6,0.7,75.0
2024-02-27T21:00,34.2,20.7,192.0,1.5,0.8,76.0
2024-02-27T22:00,34.6,21.0,194.0,1.6,1.0,76.0
2024-02-27T23:00,34.3,21.0,197.0,1.9,1.3,75.0
2024-02-28T00:00,34.5,21.4,218.0,3.7,3.2,69.0
2024-02-28T01:00,34.1,21.3,224.0,4.3,4.3,69.0
2024-02-28T02:00,35.2,22.1,231.0,5.1,5.8,70.0
2024-02-28T03:00,36.3,22.8,233.0,5.3,6.6,73.0
2024-02-28T04:00,36.0,22.4,226.0,4.3,6.0,83.0
2024-02-28T05:00,35.5,21.6,213.0,2.7,4.6,96.0
2024-02-28T06:00,35.7,21.4,202.0,1.4,3.3,104.0
2024-02-28T07:00,35.0,20.8,193.0,0.9,2.4,101.0
2024-02-28T08:00,34.3,20.4,186.0,0.8,1.7,93.0
2024-02-28T09:00,34.0,20.4,181.0,0.9,1.1,85.0
2024-02-28T10:00,34.1,20.5,180.0,1.1,0.8,79.0
2024-02-28T11:00,34.5,20.8,182.0,1.4,0.6,73.0
2024-02-28T12:00,41.4,25.2,191.0,1.8,0.7,70.0
2024-02-28T13:00,40.5,24.7,193.0,1.9,0.7,69.0
2024-02-28T14:00,39.0,23.8,195.0,2.0,0.7,67.0
2024-02-28T15:00,37.8,23.1,197.0,2.1,0.7,66.0
2024-02-28T16:00,37.5,22.8,199.0,2.1,0.7,67.0
2024-02-28T17:00,37.0,22.5,200.0,1.9,0.8,69.0
2024-02-28T18:00,36.4,22.2,202.0,1.9,0.8,71.0
2024-02-28T19:00,35.9,21.9,204.0,1.9,0.8,71.0
2024-02-28T20:00,35.6,21.8,206.0,2.0,0.8,71.0
2024-02-28T21:00,35.4,21.8,211.0,2.2,1.0,70.0
2024-02-28T22:00,35.3,21.9,219.0,2.7,1.4,68.0
2024-02-28T23:00,35.0,21.9,228.0,3.4,1.9,65.0
2024-02-29T00:00,38.2,24.1,260.0,5.4,3.1,59.0
2024-02-29T01:00,38.3,24.2,266.0,5.6,3.9,60.0
2024-02-29T02:00,39.1,24.7,275.0,5.8,4.9,62.0
2024-02-29T03:00,40.0,25.3,276.0,5.5,5.4,68.0
2024-02-29T04:00,40.2,25.1,264.0,4.3,4.8,81.0
2024-02-29T05:00,39.6,24.6,245.0,2.6,3.6,97.0
2024-02-29T06:00,38.9,23.8,229.0,1.3,2.6,108.0
2024-02-29T07:00,38.0,23.1,219.0,0.8,2.0,109.0
2024-02-29T08:00,36.9,22.4,211.0,0.8,1.5,104.0
2024-02-29T09:00,35.7,21.7,206.0,0.9,1.1,98.0
2024-02-29T10:00,34.2,21.0,203.0,1.1,0.9,92.0
2024-02-29T11:00,33.1,20.4,203.0,1.5,0.7,85.0
2024-02-29T12:00,42.5,26.3,221.0,2.5,1.2,92.0
2024-02-29T13:00,41.6,25.8,220.0,2.7,1.1,86.0
2024-02-29T14:00,41.2,25.7,218.0,2.9,1.1,78.0
2024-02-29T15:00,41.0,25.6,216.0,2.9,1.0,72.0
2024-02-29T16:00,41.3,25.7,213.0,2.7,0.9,71.0
2024-02-29T17:00,41.9,26.1,209.0,2.3,0.9,72.0
2024-02-29T18:00,42.3,26.3,205.0,1.9,0.8,73.0
2024-02-29T19:00,42.5,26.4,201.0,1.6,0.7,74.0
2024-02-29T20:00,42.6,26.4,198.0,1.3,0.7,76.0
2024-02-29T21:00,42.6,26.4,196.0,1.2,0.7,77.0
2024-02-29T22:00,41.8,26.0,197.0,1.2,0.8,76.0
2024-02-29T23:00,41.1,25.6,199.0,1.4,0.9,75.0
2024-03-01T00:00,41.0,26.0,207.0,2.0,1.2,73.0
2024-03-01T01:00,40.5,25.8,216.0,2.5,1.3,72.0
2024-03-01T02:00,40.6,26.2,227.0,3.2,1.4,70.0
2024-03-01T03:00,40.6,26.2,233.0,3.4,1.4,72.0
2024-03-01T04:00,38.3,24.5,229.0,2.8,1.3,80.0
2024-03-01T05:00,36.7,23.3,219.0,1.8,1.2,90.0
2024-03-01T06:00,34.7,21.9,210.0,1.1,1.1,97.0
2024-03-01T07:00,32.9,20.7,203.0,0.8,1.0,98.0
2024-03-01T08:00,31.0,19.4,196.0,0.8,0.9,95.0
2024-03-01T09:00,29.7,18.6,191.0,0.9,0.8,91.0
2024-03-01T10:00,29.2,18.2,187.0,1.1,0.7,86.0
2024-03-01T11:00,29.2,18.3,184.0,1.4,0.7,80.0
2024-03-01T12:00,38.3,23.9,181.0,2.1,0.8,79.0
2024-03-01T13:00,41.1,25.7,184.0,2.3,0.9,77.0
2024-03-01T14:00,44.1,27.6,189.0,2.5,0.9,73.0
2024-03-01T15:00,47.7,30.0,194.0,2.7,1.0,71.0
2024-03-01T16:00,51.5,32.4,197.0,2.6,1.0,71.0
2024-03-01T17:00,54.1,34.2,200.0,2.5,1.1,72.0
2024-03-01T18:00,56.2,35.5,205.0,2.5,1.1,72.0
2024-03-01T19:00,57.0,36.1,213.0,2.9,1.1,71.0
2024-03-01T20:00,57.9,36.8,222.0,3.5,1.0,70.0
2024-03-01T21:00,58.2,37.4,231.0,4.0,1.0,68.0
2024-03-01T22:00,57.0,36.9,238.0,4.1,1.1,66.0
2024-03-01T23:00,55.9,36.3,244.0,4.0,1.2,64.0
2024-03-02T00:00,57.2,37.5,248.0,4.1,0.7,64.0
2024-03-02T01:00,56.5,36.9,253.0,4.6,0.8,65.0
2024-03-02T02:00,57.4,37.5,259.0,5.2,1.0,66.0
2024-03-02T03:00,58.2,38.0,258.0,5.2,1.2,69.0
2024-03-02T04:00,56.5,36.6,245.0,4.2,1.4,76.0
2024-03-02T05:00,54.7,35.4,225.0,2.6,1.5,86.0
2024-03-02T06:00,53.1,34.2,209.0,1.4,1.6,93.0
2024-03-02T07:00,52.0,33.5,202.0,1.0,1.5,96.0
2024-03-02T08:00,50.8,32.7,199.0,1.0,1.3,96.0
2024-03-02T09:00,49.7,31.9,197.0,1.1,1.1,94.0
2024-03-02T10:00,48.8,31.1,195.0,1.3,0.9,90.0
2024-03-02T11:00,47.4,30.2,195.0,1.6,0.6,84.0
2024-03-02T12:00,61.5,39.0,203.0,2.3,0.6,103.0
2024-03-02T13:00,59.8,37.5,200.0,2.2,0.5,95.0
2024-03-02T14:00,58.0,36.1,196.0,2.0,0.4,84.0
2024-03-02T15:00,56.8,34.8,193.0,1.8,0.4,76.0
2024-03-02T16:00,56.8,34.2,192.0,1.6,0.5,74.0
2024-03-02T17:00,57.7,34.0,193.0,1.3,0.7,76.0
2024-03-02T18:00,58.9,34.0,194.0,1.1,0.8,78.0
2024-03-02T19:00,59.8,33.8,195.0,0.9,0.9,79.0
2024-03-02T20:00,60.3,33.5,196.0,0.6,0.9,80.0
2024-03-02T21:00,60.8,33.4,198.0,0.5,0.9,82.0
2024-03-02T22:00,61.2,33.4,202.0,0.4,0.9,84.0
2024-03-02T23:00,61.7,33.4,207.0,0.4,0.9,86.0
2024-03-03T00:00,64.0,34.6,218.0,0.5,1.0,90.0
2024-03-03T01:00,65.2,35.0,223.0,0.8,1.2,92.0
2024-03-03T02:00,66.1,35.5,230.0,1.3,1.4,95.0
2024-03-03T03:00,66.8,35.2,234.0,1.5,1.5,97.0
2024-03-03T04:00,66.1,34.2,232.0,1.3,1.5,99.0
2024-03-03T05:00,65.7,33.6,228.0,1.0,1.4,101.0
2024-03-03T06:00,65.0,33.2,223.0,0.7,1.3,102.0
2024-03-03T07:00,63.8,32.4,219.0,0.6,1.2,100.0
2024-03-03T08:00,62.6,31.4,215.0,0.6,1.2,96.0
2024-03-03T09:00,61.5,30.6,213.0,0.7,1.2,93.0
2024-03-03T10:00,60.3,29.8,213.0,1.0,1.2,91.0
2024-03-03T11:00,59.8,29.5,214.0,1.3,1.3,89.0
2024-03-03T12:00,56.8,27.9,214.0,2.1,1.5,88.0
2024-03-03T13:00,55.2,27.5,214.0,2.1,1.5,86.0
2024-03-03T14:00,54.4,27.4,215.0,2.1,1.6,84.0
2024-03-03T15:00,53.8,27.4,216.0,2.1,1.6,83.0
2024-03-03T16:00,53.3,27.5,217.0,2.0,1.7,83.0
2024-03-03T17:00,53.2,27.6,219.0,1.9,1.7,84.0
2024-03-03T18:00,53.1,27.7,219.0,1.7,1.8,85.0
2024-03-03T19:00,52.4,27.4,216.0,1.5,1.9,86.0
2024-03-03T20:00,51.7,27.2,212.0,1.2,1.9,86.0
2024-03-03T21:00,50.9,26.8,210.0,1.1,2.0,86.0
2024-03-03T22:00,50.3,26.5,212.0,1.3,2.0,85.0
2024-03-03T23:00,50.3,26.7,218.0,1.7,2.0,84.0
2024-03-04T00:00,51.6,27.7,212.0,1.3,1.8,85.0
2024-03-04T01:00,51.9,27.9,211.0,1.4,1.9,86.0
2024-03-04T02:00,51.6,27.4,210.0,1.5,2.0,87.0
2024-03-04T03:00,49.7,26.0,207.0,1.5,2.0,88.0
2024-03-04T04:00,47.5,24.6,202.0,1.2,1.9,89.0
2024-03-04T05:00,47.0,24.3,195.0,0.9,1.8,90.0
2024-03-04T06:00,46.2,24.0,189.0,0.6,1.6,90.0
2024-03-04T07:00,44.9,23.5,185.0,0.5,1.4,88.0
2024-03-04T08:00,42.5,22.4,181.0,0.6,1.1,85.0
2024-03-04T09:00,40.4,21.4,178.0,0.7,0.9,82.0
2024-03-04T10:00,39.6,21.0,176.0,0.9,0.8,79.0
2024-03-04T11:00,39.1,20.8,175.0,1.2,0.8,75.0
2024-03-04T12:00,45.3,24.1,179.0,1.5,0.7,72.0
2024-03-04T13:00,44.9,24.0,182.0,1.6,0.8,72.0
2024-03-04T14:00,45.1,24.2,186.0,1.8,0.9,71.0
2024-03-04T15:00,45.5,24.5,189.0,1.9,1.0,71.0
2024-03-04T16:00,45.9,24.7,190.0,1.7,1.0,72.0
2024-03-04T17:00,45.9,24.8,190.0,1.4,0.9,74.0
2024-03-04T18:00,45.2,24.4,190.0,1.1,0.9,76.0
2024-03-04T19:00,44.2,23.9,190.0,0.9,0.9,77.0
2024-03-04T20:00,43.3,23.5,190.0,0.7,0.9,78.0
2024-03-04T21:00,42.4,23.1,192.0,0.7,0.9,78.0
2024-03-04T22:00,41.6,22.7,195.0,0.9,1.0,77.0
2024-03-04T23:00,40.5,22.3,201.0,1.3,1.1,76.0
2024-03-05T00:00,41.6,23.6,215.0,3.2,1.4,72.0
2024-03-05T01:00,42.3,24.2,217.0,3.3,1.7,72.0
2024-03-05T02:00,43.0,24.7,220.0,3.3,2.1,73.0
2024-03-05T03:00,41.7,23.6,219.0,3.1,2.3,75.0
2024-03-05T04:00,39.2,22.0,211.0,2.4,2.2,80.0
2024-03-05T05:00,36.8,20.5,200.0,1.6,2.0,87.0
2024-03-05T06:00,35.0,19.5,190.0,0.9,1.7,91.0
2024-03-05T07:00,33.4,18.5,184.0,0.7,1.3,90.0
2024-03-05T08:00,31.3,17.4,179.0,0.6,0.9,85.0
2024-03-05T09:00,29.1,16.2,176.0,0.7,0.6,81.0
2024-03-05T10:00,27.6,15.5,174.0,0.9,0.4,77.0
2024-03-05T11:00,26.8,15.2,173.0,1.1,0.4,72.0
2024-03-05T12:00,34.6,19.6,174.0,1.6,0.5,71.0
2024-03-05T13:00,33.6,19.2,175.0,1.6,0.5,70.0
2024-03-05T14:00,32.9,18.9,175.0,1.6,0.6,69.0
2024-03-05T15:00,32.5,18.7,176.0,1.6,0.6,68.0
2024-03-05T16:00,32.1,18.5,177.0,1.5,0.6,68.0
2024-03-05T17:00,31.5,18.2,177.0,1.4,0.6,69.0
2024-03-05T18:00,30.5,17.6,177.0,1.3,0.6,69.0
2024-03-05T19:00,29.9,17.2,175.0,1.1,0.6,69.0
2024-03-05T20:00,29.1,16.8,173.0,0.9,0.6,70.0
2024-03-05T21:00,28.7,16.5,174.0,0.9,0.6,69.0
2024-03-05T22:00,28.6,16.5,180.0,1.4,0.6,67.0
2024-03-05T23:00,29.0,17.0,189.0,2.2,0.7,64.0
2024-03-06T00:00,32.1,19.3,194.0,2.5,0.9,62.0
2024-03-06T01:00,33.1,19.8,197.0,2.7,1.1,62.0
2024-03-06T02:00,32.8,19.7,200.0,2.9,1.4,63.0
2024-03-06T03:00,32.0,19.1,200.0,2.8,1.5,65.0
2024-03-06T04:00,31.1,18.4,195.0,2.2,1.3,69.0
2024-03-06T05:00,30.4,17.9,186.0,1.3,1.0,73.0
2024-03-06T06:00,29.9,17.5,180.0,0.7,0.7,76.0
2024-03-06T07:00,29.7,17.3,178.0,0.5,0.6,77.0
2024-03-06T08:00,29.3,17.0,178.0,0.5,0.5,77.0
2024-03-06T09:00,28.9,16.6,178.0,0.6,0.4,75.0
2024-03-06T10:00,28.2,16.2,176.0,0.7,0.3,72.0
2024-03-06T11:00,27.4,15.6,173.0,1.0,0.3,67.0
2024-03-06T12:00,39.5,22.5,187.0,1.4,0.3,69.0
2024-03-06T13:00,38.5,22.1,189.0,1.6,0.4,66.0
2024-03-06T14:00,37.3,21.4,192.0,1.9,0.4,62.0
2024-03-06T15:00,36.2,20.8,193.0,2.0,0.5,59.0
2024-03-06T16:00,34.8,20.1,190.0,1.9,0.5,59.0
2024-03-06T17:00,33.3,19.3,186.0,1.7,0.5,61.0
2024-03-06T18:00,31.7,18.4,181.0,1.4,0.5,62.0
2024-03-06T19:00,30.2,17.5,176.0,1.1,0.5,63.0
2024-03-06T20:00,29.5,17.1,172.0,0.7,0.5,64.0
2024-03-06T21:00,29.4,17.1,171.0,0.6,0.5,64.0
2024-03-06T22:00,29.8,17.3,175.0,0.9,0.5,62.0
2024-03-06T23:00,30.2,17.6,181.0,1.5,0.5,59.0
2024-03-07T00:00,31.8,18.7,176.0,1.2,0.8,60.0
2024-03-07T01:00,31.9,19.1,183.0,1.8,1.2,59.0
2024-03-07T02:00,32.0,19.2,193.0,2.7,1.6,58.0
2024-03-07T03:00,31.0,18.5,199.0,3.1,2.0,59.0
2024-03-07T04:00,29.8,17.8,197.0,2.7,2.1,65.0
2024-03-07T05:00,29.5,17.8,190.0,1.8,2.1,72.0
2024-03-07T06:00,29.0,17.6,184.0,1.1,2.0,78.0
2024-03-07T07:00,28.1,17.1,181.0,0.9,1.6,80.0
2024-03-07T08:00,27.0,16.4,178.0,0.8,1.0,81.0
2024-03-07T09:00,25.4,15.3,175.0,0.9,0.6,79.0
2024-03-07T10:00,23.5,14.0,171.0,1.0,0.4,73.0
2024-03-07T11:00,21.6,12.6,166.0,1.2,0.3,66.0
2024-03-07T12:00,34.2,19.8,172.0,1.8,0.4,65.0
2024-03-07T13:00,33.2,19.1,166.0,1.6,0.4,60.0
2024-03-07T14:00,32.4,18.6,158.0,1.3,0.3,54.0
2024-03-07T15:00,31.9,18.2,152.0,1.1,0.3,50.0
2024-03-07T16:00,32.6,18.5,148.0,1.0,0.3,50.0
2024-03-07T17:00,33.5,18.9,146.0,0.9,0.3,53.0
2024-03-07T18:00,34.7,19.5,145.0,0.8,0.4,55.0
2024-03-07T19:00,36.0,20.2,144.0,0.6,0.5,57.0
2024-03-07T20:00,37.6,21.1,145.0,0.4,0.6,58.0
2024-03-07T21:00,39.2,22.1,148.0,0.5,0.7,59.0
2024-03-07T22:00,40.7,23.2,154.0,0.9,0.8,58.0
2024-03-07T23:00,41.7,23.9,163.0,1.6,0.9,56.0
2024-03-08T00:00,44.0,25.5,161.0,1.2,1.1,60.0
2024-03-08T01:00,44.7,26.2,169.0,1.7,1.3,59.0
2024-03-08T02:00,44.8,26.4,179.0,2.5,1.7,58.0
2024-03-08T03:00,45.1,26.5,187.0,2.9,2.2,60.0
2024-03-08T04:00,46.2,27.4,189.0,2.7,3.0,67.0
2024-03-08T05:00,47.6,28.5,187.0,2.2,3.9,77.0
2024-03-08T06:00,48.5,29.2,186.0,1.7,4.3,85.0
2024-03-08T07:00,49.0,29.5,186.0,1.4,3.6,88.0
2024-03-08T08:00,50.3,29.8,185.0,1.1,2.3,89.0
2024-03-08T09:00,51.1,30.0,185.0,0.9,1.3,87.0
2024-03-08T10:00,51.2,30.2,186.0,1.0,0.8,81.0
2024-03-08T11:00,50.4,29.9,186.0,1.2,0.6,72.0
2024-03-08T12:00,49.8,29.3,177.0,1.7,0.9,67.0
2024-03-08T13:00,45.6,27.0,175.0,1.4,0.8,66.0
2024-03-08T14:00,42.4,25.2,173.0,1.1,0.8,64.0
2024-03-08T15:00,39.8,23.7,172.0,0.8,0.7,63.0
2024-03-08T16:00,38.4,22.8,172.0,0.8,0.7,64.0
2024-03-08T17:00,38.6,22.8,172.0,0.9,0.6,65.0
2024-03-08T18:00,39.3,23.2,173.0,0.9,0.6,66.0
2024-03-08T19:00,39.7,23.4,173.0,0.7,0.6,66.0
2024-03-08T20:00,40.2,23.6,174.0,0.6,0.6,66.0
2024-03-08T21:00,40.4,23.8,176.0,0.6,0.6,66.0
2024-03-08T22:00,40.0,23.7,181.0,1.1,0.6,64.0
2024-03-08T23:00,39.9,23.8,189.0,1.8,0.7,62.0
2024-03-09T00:00,40.4,24.4,196.0,2.6,1.0,62.0
2024-03-09T01:00,41.4,24.9,198.0,2.8,1.5,63.0
2024-03-09T02:00,40.9,24.7,202.0,3.1,2.2,64.0
2024-03-09T03:00,39.0,23.6,203.0,3.1,2.7,67.0
2024-03-09T04:00,38.4,23.4,201.0,2.6,2.7,74.0
2024-03-09T05:00,38.8,23.7,196.0,1.7,2.5,83.0
2024-03-09T06:00,38.6,23.3,192.0,1.1,2.2,89.0
2024-03-09T07:00,37.8,22.5,189.0,0.8,1.6,89.0
2024-03-09T08:00,36.4,21.4,185.0,0.6,0.9,87.0
2024-03-09T09:00,34.9,20.3,183.0,0.6,0.4,83.0
2024-03-09T10:00,33.8,19.7,182.0,0.7,0.3,78.0
2024-03-09T11:00,32.6,19.1,181.0,1.0,0.5,71.0
2024-03-09T12:00,39.9,23.6,187.0,1.4,0.5,69.0
2024-03-09T13:00,39.2,23.2,189.0,1.4,0.5,68.0
2024-03-09T14:00,39.2,23.3,191.0,1.3,0.6,67.0
2024-03-09T15:00,38.9,23.1,192.0,1.2,0.6,66.0
2024-03-09T16:00,38.2,22.6,192.0,1.0,0.6,66.0
2024-03-09T17:00,37.1,21.9,191.0,0.8,0.7,67.0
2024-03-09T18:00,36.1,21.1,189.0,0.7,0.7,68.0
2024-03-09T19:00,35.5,20.7,186.0,0.6,0.7,68.0
2024-03-09T20:00,35.7,20.7,183.0,0.6,0.7,69.0
2024-03-09T21:00,36.4,21.1,181.0,0.7,0.7,69.0
2024-03-09T22:00,36.9,21.4,180.0,0.9,0.8,69.0
2024-03-09T23:00,36.8,21.4,181.0,1.2,0.8,69.0
2024-03-10T00:00,39.3,23.1,185.0,2.0,1.3,66.0
2024-03-10T01:00,38.8,22.8,181.0,1.9,1.3,68.0
2024-03-10T02:00,39.5,23.2,175.0,1.8,1.2,72.0
2024-03-10T03:00,38.3,22.4,169.0,1.6,1.1,75.0
2024-03-10T04:00,38.1,22.1,164.0,1.3,1.0,78.0
2024-03-10T05:00,38.2,22.1,159.0,0.9,0.8,82.0
2024-03-10T06:00,38.5,22.2,155.0,0.6,0.7,84.0
2024-03-10T07:00,38.0,21.9,152.0,0.5,0.7,84.0
2024-03-10T08:00,37.3,21.5,151.0,0.5,0.7,82.0
2024-03-10T09:00,36.6,21.2,150.0,0.6,0.8,80.0
2024-03-10T10:00,35.5,20.7,149.0,0.9,0.8,78.0
2024-03-10T11:00,34.5,20.1,150.0,1.3,0.9,77.0
2024-03-10T12:00,40.7,23.5,160.0,2.2,0.5,82.0
2024-03-10T13:00,38.9,22.5,159.0,2.2,0.6,79.0
2024-03-10T14:00,39.0,22.6,158.0,2.2,0.8,75.0
2024-03-10T15:00,40.9,23.9,159.0,2.1,0.9,72.0
2024-03-10T16:00,44.8,26.4,163.0,1.9,0.9,70.0
2024-03-10T17:00,50.5,30.0,170.0,1.6,0.9,69.0
2024-03-10T18:00,56.3,33.6,176.0,1.3,0.8,68.0
2024-03-10T19:00,60.8,36.4,181.0,1.0,0.7,67.0
2024-03-10T20:00,63.1,37.8,185.0,0.7,0.6,67.0
2024-03-10T21:00,63.6,38.0,190.0,0.5,0.6,67.0
2024-03-10T22:00,62.6,37.4,196.0,0.6,0.6,69.0
2024-03-10T23:00,61.7,36.7,204.0,0.8,0.7,71.0
2024-03-11T00:00,60.1,35.4,210.0,0.8,0.7,75.0
2024-03-11T01:00,59.6,34.9,216.0,1.1,0.9,78.0
2024-03-11T02:00,58.8,34.2,224.0,1.6,1.1,81.0
2024-03-11T03:00,57.5,32.9,229.0,1.8,1.3,85.0
2024-03-11T04:00,54.9,31.1,229.0,1.6,1.3,89.0
2024-03-11T05:00,53.3,30.0,225.0,1.1,1.3,94.0
2024-03-11T06:00,51.7,29.0,222.0,0.8,1.2,97.0
2024-03-11T07:00,49.5,27.6,219.0,0.7,1.1,97.0
2024-03-11T08:00,47.5,26.4,216.0,0.7,0.9,96.0
2024-03-11T09:00,45.3,25.1,213.0,0.8,0.8,94.0
2024-03-11T10:00,43.0,23.7,210.0,1.0,0.8,91.0
2024-03-11T11:00,40.7,22.4,206.0,1.4,0.8,88.0
2024-03-11T12:00,58.7,32.0,209.0,1.8,0.9,85.0
2024-03-11T13:00,56.1,30.5,207.0,1.8,1.0,85.0
2024-03-11T14:00,53.8,29.0,204.0,1.8,1.0,85.0
2024-03-11T15:00,51.1,27.3,200.0,1.7,1.1,86.0
2024-03-11T16:00,48.3,25.6,196.0,1.6,1.1,87.0
2024-03-11T17:00,45.5,23.8,191.0,1.4,1.1,89.0
2024-03-11T18:00,43.2,22.3,187.0,1.2,1.1,90.0
2024-03-11T19:00,41.1,21.1,184.0,1.0,1.1,91.0
2024-03-11T20:00,39.5,20.1,181.0,0.8,1.1,91.0
2024-03-11T21:00,38.0,19.3,179.0,0.7,1.1,91.0
2024-03-11T22:00,36.2,18.5,179.0,0.7,1.2,91.0
2024-03-11T23:00,34.9,17.8,180.0,0.9,1.3,91.0
2024-03-12T00:00,35.4,18.5,182.0,1.6,1.8,87.0
2024-03-12T01:00,35.2,18.3,183.0,1.7,1.8,88.0
2024-03-12T02:00,34.7,18.1,185.0,1.9,1.9,90.0
2024-03-12T03:00,33.6,17.2,187.0,1.9,2.0,93.0
2024-03-12T04:00,33.8,17.3,188.0,1.7,2.2,99.0
2024-03-12T05:00,35.3,18.0,189.0,1.4,2.5,107.0
2024-03-12T06:00,36.8,18.9,189.0,1.1,2.6,112.0
2024-03-12T07:00,37.4,19.2,187.0,1.0,2.2,113.0
2024-03-12T08:00,36.9,18.7,183.0,0.9,1.6,110.0
2024-03-12T09:00,36.0,18.0,180.0,0.9,1.1,107.0
2024-03-12T10:00,35.6,17.8,177.0,1.1,0.9,102.0
2024-03-12T11:00,35.5,17.6,174.0,1.5,1.0,95.0
2024-03-12T12:00,39.5,19.8,166.0,2.1,1.1,86.0
2024-03-12T13:00,39.8,20.3,166.0,2.0,1.1,87.0
2024-03-12T14:00,40.6,20.8,166.0,1.8,1.2,87.0
2024-03-12T15:00,41.2,21.2,166.0,1.6,1.2,88.0
2024-03-12T16:00,41.4,21.5,166.0,1.4,1.3,89.0
2024-03-12T17:00,41.3,21.5,165.0,1.3,1.4,89.0
2024-03-12T18:00,40.9,21.4,164.0,1.1,1.4,90.0
2024-03-12T19:00,40.7,21.3,162.0,0.9,1.4,90.0
2024-03-12T20:00,40.6,21.4,160.0,0.7,1.3,91.0
2024-03-12T21:00,40.5,21.3,159.0,0.7,1.3,91.0
2024-03-12T22:00,40.5,21.4,161.0,0.8,1.4,91.0
2024-03-12T23:00,40.9,21.6,165.0,1.0,1.5,90.0
2024-03-13T00:00,41.7,22.1,165.0,0.8,1.5,94.0
2024-03-13T01:00,42.1,22.5,173.0,1.7,2.2,92.0
2024-03-13T02:00,44.5,24.2,185.0,2.9,3.1,91.0
2024-03-13T03:00,46.4,25.4,195.0,3.6,4.2,93.0
2024-03-13T04:00,48.1,26.1,201.0,3.5,5.7,103.0
2024-03-13T05:00,50.5,27.6,205.0,2.9,7.2,117.0
2024-03-13T06:00,53.2,29.3,206.0,2.3,7.8,126.0
2024-03-13T07:00,54.9,30.3,201.0,1.7,6.5,127.0
2024-03-13T08:00,54.5,29.9,192.0,1.1,4.2,124.0
2024-03-13T09:00,51.9,27.9,185.0,0.8,2.4,119.0
2024-03-13T10:00,48.7,25.9,183.0,1.0,1.6,112.0
2024-03-13T11:00,45.8,24.3,182.0,1.5,1.3,103.0
2024-03-13T12:00,59.8,31.9,159.0,1.8,1.2,94.0
2024-03-13T13:00,56.5,30.3,159.0,1.7,1.2,94.0
2024-03-13T14:00,53.9,29.0,159.0,1.6,1.3,93.0
2024-03-13T15:00,50.9,27.3,159.0,1.5,1.3,93.0
2024-03-13T16:00,48.7,26.0,158.0,1.4,1.3,94.0
2024-03-13T17:00,46.3,24.6,156.0,1.2,1.3,94.0
2024-03-13T18:00,44.0,23.2,155.0,1.1,1.3,95.0
2024-03-13T19:00,42.1,22.1,155.0,0.9,1.3,95.0
2024-03-13T20:00,40.7,21.4,157.0,0.7,1.3,95.0
2024-03-13T21:00,39.8,20.9,159.0,0.7,1.4,94.0
2024-03-13T22:00,39.7,21.0,162.0,0.8,1.5,93.0
2024-03-13T23:00,39.0,20.7,167.0,1.1,1.6,91.0
2024-03-14T00:00,36.7,19.6,168.0,1.6,1.8,89.0
2024-03-14T01:00,36.3,19.3,172.0,1.8,1.9,90.0
2024-03-14T02:00,36.9,19.4,178.0,2.2,2.1,91.0
2024-03-14T03:00,37.0,19.5,183.0,2.3,2.3,94.0
2024-03-14T04:00,38.0,20.0,185.0,2.1,2.8,100.0
2024-03-14T05:00,39.5,21.0,187.0,1.6,3.3,109.0
2024-03-14T06:00,40.4,21.2,187.0,1.3,3.5,114.0
2024-03-14T07:00,40.7,21.1,186.0,1.1,3.1,115.0
2024-03-14T08:00,40.6,20.9,184.0,1.0,2.4,112.0
2024-03-14T09:00,39.5,20.1,182.0,1.0,1.8,109.0
2024-03-14T10:00,38.1,19.3,181.0,1.2,1.5,104.0
2024-03-14T11:00,37.4,19.1,181.0,1.6,1.2,97.0
2024-03-14T12:00,43.0,21.7,185.0,1.9,1.5,89.0
2024-03-14T13:00,41.3,21.0,183.0,1.6,1.5,89.0
2024-03-14T14:00,41.2,21.0,181.0,1.3,1.4,90.0
2024-03-14T15:00,41.2,21.0,178.0,1.0,1.4,90.0
2024-03-14T16:00,40.7,20.9,176.0,0.9,1.3,91.0
2024-03-14T17:00,40.0,20.5,174.0,0.8,1.3,91.0
2024-03-14T18:00,39.2,20.0,172.0,0.8,1.2,91.0
2024-03-14T19:00,38.2,19.5,169.0,0.7,1.1,90.0
2024-03-14T20:00,36.9,18.8,166.0,0.5,0.9,89.0
2024-03-14T21:00,35.9,18.3,164.0,0.5,0.8,87.0
2024-03-14T22:00,34.8,18.0,165.0,0.7,0.7,84.0
2024-03-14T23:00,34.1,18.0,167.0,1.0,0.7,81.0
2024-03-15T00:00,33.6,18.2,161.0,0.7,0.7,80.0
2024-03-15T01:00,34.5,18.7,166.0,1.4,1.4,79.0
2024-03-15T02:00,35.5,19.3,173.0,2.4,2.3,77.0
2024-03-15T03:00,36.0,19.6,179.0,3.0,3.4,79.0
2024-03-15T04:00,35.7,19.5,181.0,2.9,4.9,87.0
2024-03-15T05:00,36.1,19.5,181.0,2.5,6.5,99.0
2024-03-15T06:00,38.1,20.7,182.0,2.1,7.4,109.0
2024-03-15T07:00,39.3,21.6,184.0,1.8,7.2,118.0
2024-03-15T08:00,40.5,22.3,185.0,1.5,6.2,125.0
2024-03-15T09:00,41.3,22.5,186.0,1.4,5.1,126.0
2024-03-15T10:00,40.4,21.8,185.0,1.5,3.7,116.0
2024-03-15T11:00,38.4,20.6,183.0,1.7,2.0,100.0
2024-03-15T12:00,26.1,14.2,192.0,1.8,0.3,75.0
2024-03-15T13:00,24.6,13.6,189.0,1.5,0.3,73.0
2024-03-15T14:00,23.1,13.0,184.0,1.2,0.3,70.0
2024-03-15T15:00,21.7,12.2,179.0,0.9,0.3,67.0
2024-03-15T16:00,21.0,11.7,172.0,0.8,0.3,66.0
2024-03-15T17:00,20.7,11.4,163.0,0.8,0.3,65.0
2024-03-15T18:00,21.1,11.6,157.0,0.7,0.3,65.0
2024-03-15T19:00,21.7,11.8,154.0,0.6,0.3,65.0
2024-03-15T20:00,21.9,11.9,152.0,0.4,0.2,65.0
2024-03-15T21:00,22.1,12.0,152.0,0.3,0.2,65.0
2024-03-15T22:00,22.6,12.3,154.0,0.3,0.2,66.0
2024-03-15T23:00,22.6,12.3,157.0,0.5,0.3,67.0
2024-03-16T00:00,22.9,12.5,154.0,0.8,0.5,64.0
2024-03-16T01:00,23.2,12.7,158.0,1.1,0.6,65.0
2024-03-16T02:00,23.6,12.9,164.0,1.4,0.7,68.0
2024-03-16T03:00,23.5,12.9,168.0,1.6,0.8,70.0
2024-03-16T04:00,23.6,13.0,170.0,1.4,0.7,74.0
2024-03-16T05:00,24.0,13.2,171.0,1.0,0.5,77.0
2024-03-16T06:00,24.3,13.4,171.0,0.7,0.3,79.0
2024-03-16T07:00,24.2,13.2,170.0,0.6,0.3,76.0
2024-03-16T08:00,24.2,13.3,167.0,0.6,0.3,71.0
2024-03-16T09:00,24.3,13.4,165.0,0.7,0.3,67.0
2024-03-16T10:00,23.9,13.2,164.0,0.9,0.3,64.0
2024-03-16T11:00,23.5,13.0,164.0,1.1,0.3,61.0
2024-03-16T12:00,30.6,17.2,163.0,1.3,0.3,57.0
2024-03-16T13:00,29.8,16.9,163.0,1.2,0.3,58.0
2024-03-16T14:00,28.8,16.3,162.0,0.9,0.3,59.0
2024-03-16T15:00,27.9,15.8,160.0,0.8,0.3,60.0
2024-03-16T16:00,27.2,15.3,157.0,0.8,0.3,60.0
2024-03-16T17:00,26.1,14.6,153.0,0.8,0.4,60.0
2024-03-16T18:00,24.7,13.8,149.0,0.8,0.4,59.0
2024-03-16T19:00,23.3,13.1,146.0,0.7,0.4,58.0
2024-03-16T20:00,22.0,12.4,142.0,0.6,0.3,58.0
2024-03-16T21:00,20.8,11.8,140.0,0.5,0.3,57.0
2024-03-16T22:00,20.0,11.4,139.0,0.6,0.4,57.0
2024-03-16T23:00,19.6,11.1,140.0,0.8,0.4,57.0
2024-03-17T00:00,21.0,11.8,130.0,0.5,0.4,56.0
2024-03-17T01:00,21.0,11.8,130.0,0.5,0.4,56.0
2024-03-17T02:00,20.4,11.4,129.0,0.6,0.3,57.0
2024-03-17T03:00,19.5,10.8,128.0,0.6,0.3,57.0
2024-03-17T04:00,18.7,10.3,127.0,0.5,0.3,57.0
2024-03-17T05:00,17.9,9.8,125.0,0.5,0.3,57.0
2024-03-17T06:00,17.2,9.4,124.0,0.4,0.3,57.0
2024-03-17T07:00,16.4,8.9,122.0,0.4,0.3,56.0
2024-03-17T08:00,15.5,8.4,121.0,0.4,0.3,55.0
2024-03-17T09:00,14.1,7.6,120.0,0.5,0.3,54.0
2024-03-17T10:00,13.2,7.1,120.0,0.7,0.3,53.0
2024-03-17T11:00,12.4,6.6,121.0,1.0,0.3,52.0
2024-03-17T12:00,17.3,9.3,128.0,1.4,0.3,51.0
2024-03-17T13:00,16.8,9.1,127.0,1.4,0.3,51.0
2024-03-17T14:00,16.5,8.9,127.0,1.3,0.4,51.0
2024-03-17T15:00,16.4,8.9,126.0,1.3,0.4,51.0
2024-03-17T16:00,16.3,8.8,126.0,1.3,0.4,52.0
2024-03-17T17:00,16.1,8.7,126.0,1.2,0.5,52.0
2024-03-17T18:00,16.0,8.6,126.0,1.1,0.5,53.0
2024-03-17T19:00,16.2,8.6,126.0,0.9,0.5,53.0
2024-03-17T20:00,16.4,8.7,127.0,0.7,0.4,54.0
2024-03-17T21:00,16.7,8.9,128.0,0.6,0.4,54.0
2024-03-17T22:00,17.2,9.1,130.0,0.5,0.4,55.0
2024-03-17T23:00,17.5,9.3,132.0,0.5,0.4,56.0
2024-03-18T00:00,17.9,9.4,135.0,0.6,0.4,57.0
2024-03-18T01:00,18.0,9.5,139.0,0.7,0.4,58.0
2024-03-18T02:00,18.8,10.0,144.0,0.8,0.5,60.0
2024-03-18T03:00,19.2,10.1,149.0,0.9,0.5,61.0
2024-03-18T04:00,19.9,10.6,152.0,0.8,0.5,62.0
2024-03-18T05:00,20.8,11.2,154.0,0.6,0.4,64.0
2024-03-18T06:00,21.4,11.6,157.0,0.5,0.4,65.0
2024-03-18T07:00,21.8,12.0,160.0,0.5,0.4,65.0
2024-03-18T08:00,22.2,12.3,164.0,0.6,0.4,65.0
2024-03-18T09:00,22.8,12.7,168.0,0.7,0.4,65.0
2024-03-18T10:00,23.4,13.3,174.0,1.0,0.4,64.0
2024-03-18T11:00,24.2,13.9,181.0,1.3,0.4,63.0
2024-03-18T12:00,32.6,18.6,198.0,2.3,0.5,64.0
2024-03-18T13:00,32.9,18.9,203.0,2.4,0.6,63.0
2024-03-18T14:00,33.5,19.4,209.0,2.6,0.6,62.0
2024-03-18T15:00,34.1,19.7,212.0,2.6,0.7,62.0
2024-03-18T16:00,34.8,20.2,210.0,2.2,0.7,64.0
2024-03-18T17:00,35.4,20.5,206.0,1.6,0.7,67.0
2024-03-18T18:00,35.7,20.7,202.0,1.1,0.7,70.0
2024-03-18T19:00,36.8,21.1,198.0,0.8,0.7,71.0
2024-03-18T20:00,38.3,21.8,195.0,0.6,0.7,72.0
2024-03-18T21:00,39.9,22.6,192.0,0.5,0.7,72.0
2024-03-18T22:00,42.0,23.7,190.0,0.5,0.7,72.0
2024-03-18T23:00,44.5,24.9,190.0,0.6,0.8,71.0
2024-03-19T00:00,50.8,28.3,185.0,0.6,0.8,69.0
2024-03-19T01:00,54.5,30.3,187.0,0.8,0.9,70.0
2024-03-19T02:00,59.0,32.5,190.0,1.1,1.0,71.0
2024-03-19T03:00,62.2,34.0,191.0,1.2,1.1,73.0
2024-03-19T04:00,65.4,35.6,190.0,1.0,1.1,75.0
2024-03-19T05:00,67.8,36.8,189.0,0.7,1.0,77.0
2024-03-19T06:00,69.2,37.4,187.0,0.5,0.9,78.0
2024-03-19T07:00,70.1,37.7,186.0,0.5,0.9,77.0
2024-03-19T08:00,70.1,37.7,185.0,0.5,0.8,75.0
2024-03-19T09:00,69.4,37.4,184.0,0.7,0.8,73.0
2024-03-19T10:00,68.5,36.7,184.0,1.0,0.8,71.0
2024-03-19T11:00,67.1,35.9,183.0,1.4,0.8,68.0
2024-03-19T12:00,72.2,38.8,185.0,1.7,0.7,64.0
2024-03-19T13:00,69.8,37.6,184.0,1.6,0.7,63.0
2024-03-19T14:00,68.2,36.9,183.0,1.4,0.7,62.0
2024-03-19T15:00,67.1,36.4,182.0,1.3,0.7,62.0
2024-03-19T16:00,65.7,36.0,181.0,1.2,0.7,63.0
2024-03-19T17:00,64.0,35.3,179.0,1.2,0.8,64.0
2024-03-19T18:00,62.4,34.3,177.0,1.1,0.8,65.0
2024-03-19T19:00,60.5,33.4,174.0,0.9,0.7,67.0
2024-03-19T20:00,58.7,32.6,170.0,0.7,0.7,68.0
2024-03-19T21:00,57.3,31.9,168.0,0.5,0.6,70.0
2024-03-19T22:00,56.0,31.3,167.0,0.4,0.6,72.0
2024-03-19T23:00,55.2,30.9,168.0,0.5,0.5,74.0
2024-03-20T00:00,54.7,30.5,169.0,0.7,0.6,73.0
2024-03-20T01:00,53.8,30.2,170.0,0.8,0.6,75.0
2024-03-20T02:00,53.6,30.0,171.0,0.9,0.6,77.0
2024-03-20T03:00,52.6,29.5,172.0,1.0,0.6,79.0
2024-03-20T04:00,51.3,28.8,171.0,0.9,0.5,80.0
2024-03-20T05:00,50.4,28.3,169.0,0.7,0.5,79.0
2024-03-20T06:00,48.9,27.7,167.0,0.5,0.4,78.0
2024-03-20T07:00,46.8,26.6,165.0,0.5,0.4,75.0
2024-03-20T08:00,44.4,25.3,163.0,0.5,0.3,72.0
2024-03-20T09:00,41.8,24.0,161.0,0.6,0.3,68.0
2024-03-20T10:00,39.1,22.5,159.0,0.8,0.3,64.0
2024-03-20T11:00,36.7,21.2,158.0,1.1,0.3,61.0
2024-03-20T12:00,37.1,21.5,162.0,1.3,0.4,58.0
2024-03-20T13:00,34.6,20.0,161.0,1.3,0.4,57.0
2024-03-20T14:00,32.8,19.0,159.0,1.3,0.5,56.0
2024-03-20T15:00,31.7,18.3,158.0,1.3,0.5,55.0
2024-03-20T16:00,31.3,18.0,156.0,1.2,0.5,55.0
2024-03-20T17:00,31.3,18.0,155.0,1.0,0.4,56.0
2024-03-20T18:00,31.3,18.0,154.0,0.8,0.3,56.0
2024-03-20T19:00,31.0,17.8,154.0,0.6,0.2,56.0
2024-03-20T20:00,30.9,17.8,154.0,0.5,0.2,57.0
2024-03-20T21:00,30.7,17.7,155.0,0.4,0.2,57.0
2024-03-20T22:00,30.3,17.5,156.0,0.5,0.3,57.0
2024-03-20T23:00,29.7,17.2,157.0,0.6,0.4,56.0
2024-03-21T00:00,29.6,17.1,158.0,0.8,0.4,56.0
2024-03-21T01:00,29.1,16.8,159.0,0.9,0.5,57.0
2024-03-21T02:00,29.5,17.0,161.0,1.1,0.6,58.0
2024-03-21T03:00,30.4,17.5,162.0,1.2,0.7,60.0
2024-03-21T04:00,30.3,17.4,162.0,1.1,0.7,62.0
2024-03-21T05:00,29.5,16.9,160.0,0.8,0.7,64.0
2024-03-21T06:00,28.0,16.0,160.0,0.6,0.7,65.0
2024-03-21T07:00,27.1,15.4,161.0,0.5,0.6,64.0
2024-03-21T08:00,26.4,15.0,162.0,0.5,0.6,63.0
2024-03-21T09:00,25.8,14.6,164.0,0.6,0.5,62.0
2024-03-21T10:00,25.7,14.6,167.0,0.8,0.5,62.0
2024-03-21T11:00,26.2,14.9,171.0,1.1,0.4,62.0
2024-03-21T12:00,31.2,17.8,174.0,1.3,0.4,59.0
2024-03-21T13:00,32.2,18.4,176.0,1.3,0.4,60.0
2024-03-21T14:00,34.0,19.4,178.0,1.4,0.5,61.0
2024-03-21T15:00,35.4,20.2,180.0,1.4,0.5,62.0
2024-03-21T16:00,36.4,20.8,182.0,1.4,0.5,63.0
2024-03-21T17:00,37.6,21.5,184.0,1.3,0.5,63.0
2024-03-21T18:00,38.2,21.9,185.0,1.3,0.5,63.0
2024-03-21T19:00,38.3,22.1,186.0,1.2,0.5,63.0
2024-03-21T20:00,38.2,22.1,187.0,1.1,0.5,63.0
2024-03-21T21:00,38.3,22.2,188.0,1.1,0.5,63.0
2024-03-21T22:00,38.1,22.2,191.0,1.3,0.6,63.0
2024-03-21T23:00,38.1,22.3,195.0,1.6,0.7,62.0
2024-03-22T00:00,39.5,23.1,186.0,1.4,0.8,63.0
2024-03-22T01:00,40.0,23.5,189.0,1.6,0.9,64.0
2024-03-22T02:00,40.6,23.9,193.0,1.8,1.0,65.0
2024-03-22T03:00,40.9,24.0,195.0,1.8,1.0,67.0
2024-03-22T04:00,41.0,24.0,194.0,1.5,1.0,69.0
2024-03-22T05:00,41.6,24.3,191.0,1.0,0.9,71.0
2024-03-22T06:00,41.7,24.4,189.0,0.7,0.8,72.0
2024-03-22T07:00,41.3,24.3,189.0,0.6,0.7,71.0
2024-03-22T08:00,41.4,24.4,191.0,0.6,0.7,68.0
2024-03-22T09:00,41.7,24.6,193.0,0.7,0.6,66.0
2024-03-22T10:00,41.6,24.6,195.0,0.9,0.5,64.0
2024-03-22T11:00,41.6,24.6,198.0,1.3,0.4,62.0
2024-03-22T12:00,41.9,24.8,197.0,1.5,0.5,60.0
2024-03-22T13:00,43.4,25.7,199.0,1.5,0.5,61.0
2024-03-22T14:00,44.9,26.6,202.0,1.5,0.4,61.0
2024-03-22T15:00,45.9,27.1,205.0,1.4,0.4,62.0
2024-03-22T16:00,46.7,27.5,207.0,1.3,0.4,62.0
2024-03-22T17:00,46.1,27.2,210.0,1.1,0.4,63.0
2024-03-22T18:00,44.8,26.5,211.0,1.0,0.4,63.0
2024-03-22T19:00,43.4,25.7,211.0,0.8,0.4,64.0
2024-03-22T20:00,42.4,24.9,210.0,0.7,0.3,64.0
2024-03-22T21:00,41.4,24.4,210.0,0.6,0.3,65.0
2024-03-22T22:00,40.5,23.9,212.0,0.7,0.4,65.0
2024-03-22T23:00,39.7,23.5,215.0,1.0,0.5,66.0
2024-03-23T00:00,39.8,23.6,221.0,1.5,0.7,65.0
2024-03-23T01:00,39.2,23.5,223.0,1.6,0.9,66.0
2024-03-23T02:00,39.2,23.6,226.0,1.8,1.1,68.0
2024-03-23T03:00,37.3,22.2,227.0,1.8,1.2,70.0
2024-03-23T04:00,35.7,21.4,226.0,1.5,1.2,73.0
2024-03-23T05:00,34.7,20.7,223.0,1.1,1.0,77.0
2024-03-23T06:00,33.9,20.3,220.0,0.8,0.9,79.0
2024-03-23T07:00,32.6,19.6,218.0,0.7,0.8,78.0
2024-03-23T08:00,31.2,18.7,216.0,0.7,0.7,76.0
2024-03-23T09:00,29.9,18.0,215.0,0.8,0.6,73.0
2024-03-23T10:00,28.8,17.3,215.0,1.0,0.5,69.0
2024-03-23T11:00,27.8,16.7,215.0,1.3,0.4,64.0
2024-03-23T12:00,36.0,21.5,228.0,1.8,0.6,63.0
2024-03-23T13:00,36.3,21.8,229.0,1.7,0.5,62.0
2024-03-23T14:00,37.0,22.1,229.0,1.6,0.5,61.0
2024-03-23T15:00,36.8,22.1,230.0,1.4,0.4,61.0
2024-03-23T16:00,36.3,21.8,230.0,1.2,0.4,61.0
2024-03-23T17:00,35.9,21.4,229.0,1.0,0.3,62.0
2024-03-23T18:00,35.5,21.1,229.0,0.9,0.3,63.0
2024-03-23T19:00,35.6,21.1,228.0,0.8,0.3,63.0
2024-03-23T20:00,35.6,21.1,227.0,0.7,0.3,63.0
2024-03-23T21:00,35.4,21.0,228.0,0.7,0.3,63.0
2024-03-23T22:00,35.6,21.1,231.0,1.0,0.3,63.0
2024-03-23T23:00,36.2,21.5,236.0,1.4,0.4,62.0
2024-03-24T00:00,35.9,21.5,237.0,1.7,0.7,62.0
2024-03-24T01:00,36.3,21.8,236.0,1.5,0.6,64.0
2024-03-24T02:00,36.2,21.7,234.0,1.2,0.5,66.0
2024-03-24T03:00,34.8,20.7,233.0,1.0,0.4,68.0
2024-03-24T04:00,34.0,20.2,232.0,0.8,0.3,69.0
2024-03-24T05:00,33.3,19.8,231.0,0.6,0.3,71.0
2024-03-24T06:00,31.7,18.9,230.0,0.5,0.3,71.0
2024-03-24T07:00,30.5,18.2,229.0,0.5,0.3,71.0
2024-03-24T08:00,30.0,17.9,227.0,0.5,0.3,69.0
2024-03-24T09:00,29.7,17.7,226.0,0.6,0.3,68.0
2024-03-24T10:00,29.6,17.6,226.0,0.9,0.3,66.0
2024-03-24T11:00,29.6,17.6,227.0,1.3,0.3,64.0
2024-03-24T12:00,39.3,23.4,232.0,1.5,0.3,63.0
2024-03-24T13:00,38.2,22.7,232.0,1.5,0.4,63.0
2024-03-24T14:00,37.0,21.9,232.0,1.6,0.5,63.0
2024-03-24T15:00,35.4,20.9,232.0,1.6,0.6,63.0
2024-03-24T16:00,33.8,20.0,232.0,1.6,0.6,62.0
2024-03-24T17:00,32.5,19.1,231.0,1.6,0.6,62.0
2024-03-24T18:00,31.1,18.3,229.0,1.5,0.6,61.0
2024-03-24T19:00,30.0,17.6,226.0,1.4,0.6,61.0
2024-03-24T20:00,29.3,17.2,222.0,1.3,0.5,61.0
2024-03-24T21:00,28.7,16.8,218.0,1.2,0.5,62.0
2024-03-24T22:00,28.4,16.6,215.0,1.2,0.5,63.0
2024-03-24T23:00,27.9,16.3,213.0,1.2,0.6,64.0
2024-03-25T00:00,27.9,16.2,208.0,0.8,0.5,64.0
2024-03-25T01:00,27.2,15.8,208.0,0.8,0.5,65.0
2024-03-25T02:00,27.2,15.9,207.0,0.9,0.5,67.0
2024-03-25T03:00,26.4,15.3,206.0,0.9,0.5,68.0
2024-03-25T04:00,25.7,14.9,205.0,0.8,0.5,69.0
2024-03-25T05:00,25.0,14.5,204.0,0.8,0.6,71.0
2024-03-25T06:00,24.2,14.0,203.0,0.7,0.6,71.0
2024-03-25T07:00,23.1,13.3,202.0,0.7,0.5,70.0
2024-03-25T08:00,22.5,13.0,201.0,0.6,0.5,67.0
2024-03-25T09:00,22.3,12.9,201.0,0.7,0.4,65.0
2024-03-25T10:00,22.1,12.7,201.0,0.9,0.4,63.0
2024-03-25T11:00,22.1,12.7,202.0,1.2,0.4,61.0
2024-03-25T12:00,27.9,15.9,189.0,1.5,0.6,60.0
2024-03-25T13:00,27.9,15.8,190.0,1.6,0.6,60.0
2024-03-25T14:00,28.1,15.9,192.0,1.8,0.6,60.0
2024-03-25T15:00,28.4,16.1,194.0,1.9,0.6,60.0
2024-03-25T16:00,28.6,16.2,196.0,2.0,0.6,60.0
2024-03-25T17:00,28.7,16.2,198.0,2.0,0.6,60.0
2024-03-25T18:00,28.6,16.2,199.0,2.0,0.6,60.0
2024-03-25T19:00,28.3,15.9,197.0,1.9,0.6,61.0
2024-03-25T20:00,28.1,15.8,195.0,1.8,0.7,61.0
2024-03-25T21:00,27.8,15.5,194.0,1.8,0.7,62.0
2024-03-25T22:00,27.5,15.3,198.0,2.2,0.7,62.0
2024-03-25T23:00,27.1,15.2,204.0,2.7,0.7,62.0
2024-03-26T00:00,26.4,14.8,198.0,2.4,1.0,63.0
2024-03-26T01:00,25.8,14.4,193.0,2.0,0.9,66.0
2024-03-26T02:00,24.9,13.8,187.0,1.4,0.7,69.0
2024-03-26T03:00,22.5,12.1,182.0,1.0,0.5,72.0
2024-03-26T04:00,21.0,11.3,180.0,0.8,0.4,74.0
2024-03-26T05:00,19.8,10.7,178.0,0.7,0.4,74.0
2024-03-26T06:00,18.9,10.2,178.0,0.6,0.4,74.0
2024-03-26T07:00,18.0,9.8,178.0,0.6,0.4,72.0
2024-03-26T08:00,17.3,9.5,179.0,0.6,0.3,70.0
2024-03-26T09:00,16.9,9.3,180.0,0.7,0.3,67.0
2024-03-26T10:00,16.8,9.4,182.0,0.9,0.3,64.0
2024-03-26T11:00,17.1,9.6,185.0,1.1,0.3,61.0
2024-03-26T12:00,22.8,12.8,199.0,1.4,0.5,59.0
2024-03-26T13:00,23.8,13.5,200.0,1.4,0.5,58.0
2024-03-26T14:00,25.3,14.4,202.0,1.4,0.5,55.0
2024-03-26T15:00,26.6,15.2,203.0,1.4,0.5,54.0
2024-03-26T16:00,27.8,15.8,204.0,1.4,0.5,54.0
2024-03-26T17:00,28.6,16.4,204.0,1.3,0.4,54.0
2024-03-26T18:00,28.4,16.2,203.0,1.2,0.4,54.0
2024-03-26T19:00,27.8,15.8,200.0,1.0,0.3,54.0
2024-03-26T20:00,27.2,15.5,197.0,0.7,0.3,54.0
2024-03-26T21:00,27.0,15.4,197.0,0.8,0.3,54.0
2024-03-26T22:00,26.8,15.4,203.0,1.4,0.4,52.0
2024-03-26T23:00,27.2,15.7,212.0,2.4,0.5,50.0
2024-03-27T00:00,27.4,16.5,246.0,5.3,1.0,44.0
2024-03-27T01:00,28.0,16.8,242.0,4.7,1.2,47.0
2024-03-27T02:00,28.9,17.3,237.0,3.9,1.5,50.0
2024-03-27T03:00,28.7,16.9,229.0,3.1,1.6,54.0
2024-03-27T04:00,28.3,16.5,217.0,2.2,1.3,58.0
2024-03-27T05:00,27.9,16.1,204.0,1.3,0.8,62.0
2024-03-27T06:00,27.2,15.7,193.0,0.7,0.4,64.0
2024-03-27T07:00,26.1,15.1,187.0,0.5,0.3,63.0
2024-03-27T08:00,25.3,14.6,185.0,0.6,0.3,59.0
2024-03-27T09:00,25.1,14.5,183.0,0.7,0.3,56.0
2024-03-27T10:00,25.0,14.5,181.0,0.9,0.3,54.0
2024-03-27T11:00,25.2,14.6,180.0,1.1,0.3,52.0
2024-03-27T12:00,28.1,16.3,180.0,1.5,0.3,50.0
2024-03-27T13:00,28.2,16.4,180.0,1.5,0.3,50.0
2024-03-27T14:00,28.5,16.6,179.0,1.4,0.4,51.0
2024-03-27T15:00,28.8,16.9,179.0,1.4,0.4,51.0
2024-03-27T16:00,29.2,17.1,179.0,1.3,0.4,52.0
2024-03-27T17:00,29.5,17.3,180.0,1.3,0.4,52.0
2024-03-27T18:00,29.3,17.2,180.0,1.2,0.4,53.0
2024-03-27T19:00,29.0,17.1,180.0,1.2,0.4,53.0
2024-03-27T20:00,28.9,17.1,180.0,1.1,0.5,53.0
2024-03-27T21:00,29.0,17.2,180.0,1.2,0.5,53.0
2024-03-27T22:00,28.8,17.2,181.0,1.4,0.5,53.0
2024-03-27T23:00,29.0,17.3,184.0,1.6,0.5,52.0
2024-03-28T00:00,29.6,17.9,191.0,2.5,0.8,50.0
2024-03-28T01:00,30.3,18.4,189.0,2.1,0.8,52.0
2024-03-28T02:00,29.8,18.1,186.0,1.6,0.8,54.0
2024-03-28T03:00,27.9,16.8,184.0,1.2,0.7,57.0
2024-03-28T04:00,27.2,16.3,183.0,0.9,0.6,60.0
2024-03-28T05:00,26.8,16.1,184.0,0.7,0.5,62.0
2024-03-28T06:00,25.9,15.6,184.0,0.6,0.4,64.0
2024-03-28T07:00,25.0,15.0,184.0,0.5,0.4,64.0
2024-03-28T08:00,24.0,14.4,185.0,0.6,0.4,62.0
2024-03-28T09:00,23.2,14.0,187.0,0.7,0.4,60.0
2024-03-28T10:00,22.2,13.4,192.0,1.1,0.4,57.0
2024-03-28T11:00,21.2,12.9,197.0,1.6,0.3,54.0
2024-03-28T12:00,22.9,14.1,194.0,2.0,0.4,52.0
2024-03-28T13:00,23.4,14.2,194.0,2.0,0.4,51.0
2024-03-28T14:00,24.3,14.7,194.0,1.9,0.4,50.0
2024-03-28T15:00,25.4,15.3,194.0,1.8,0.4,49.0
2024-03-28T16:00,26.1,15.5,192.0,1.5,0.4,50.0
2024-03-28T17:00,27.0,15.8,190.0,1.1,0.4,51.0
2024-03-28T18:00,26.9,15.7,189.0,0.8,0.4,52.0
2024-03-28T19:00,26.8,15.4,189.0,0.6,0.4,52.0
2024-03-28T20:00,26.5,15.3,191.0,0.4,0.3,52.0
2024-03-28T21:00,25.7,14.7,194.0,0.4,0.3,52.0
2024-03-28T22:00,25.0,14.4,199.0,0.6,0.3,51.0
2024-03-28T23:00,24.7,14.2,205.0,1.0,0.4,51.0
2024-03-29T00:00,26.7,15.3,195.0,0.6,0.3,53.0
2024-03-29T01:00,26.8,15.4,201.0,0.8,0.4,54.0
2024-03-29T02:00,26.5,15.3,209.0,1.0,0.5,55.0
2024-03-29T03:00,25.3,14.6,217.0,1.2,0.6,57.0
2024-03-29T04:00,25.0,14.6,223.0,1.2,0.7,62.0
2024-03-29T05:00,25.1,14.8,228.0,1.0,0.7,68.0
2024-03-29T06:00,25.1,14.8,231.0,0.9,0.7,72.0
2024-03-29T07:00,24.7,14.3,230.0,0.8,0.6,72.0
2024-03-29T08:00,24.0,13.9,228.0,0.7,0.4,69.0
2024-03-29T09:00,23.0,13.3,227.0,0.7,0.3,65.0
2024-03-29T10:00,22.0,12.7,230.0,0.9,0.2,60.0
2024-03-29T11:00,21.0,12.2,235.0,1.3,0.2,55.0
2024-03-29T12:00,34.5,20.5,206.0,1.4,0.2,49.0
2024-03-29T13:00,34.7,20.7,208.0,1.4,0.2,50.0
2024-03-29T14:00,34.7,20.7,210.0,1.3,0.3,50.0
2024-03-29T15:00,34.8,20.7,211.0,1.3,0.3,51.0
2024-03-29T16:00,34.5,20.3,209.0,1.3,0.3,52.0
2024-03-29T17:00,33.4,19.5,205.0,1.4,0.4,52.0
2024-03-29T18:00,31.7,18.4,201.0,1.4,0.4,53.0
2024-03-29T19:00,29.9,17.2,195.0,1.3,0.4,54.0
2024-03-29T20:00,28.0,16.1,189.0,1.1,0.5,56.0
2024-03-29T21:00,26.1,15.0,184.0,1.1,0.5,57.0
2024-03-29T22:00,24.4,13.9,182.0,1.4,0.6,57.0
2024-03-29T23:00,22.6,12.9,183.0,1.8,0.6,57.0
2024-03-30T00:00,22.2,12.7,177.0,1.4,0.8,59.0
2024-03-30T01:00,22.1,12.7,182.0,1.7,1.0,59.0
2024-03-30T02:00,22.6,13.1,190.0,2.2,1.3,60.0
2024-03-30T03:00,22.9,13.3,194.0,2.3,1.4,61.0
2024-03-30T04:00,22.8,13.4,192.0,1.9,1.1,64.0
2024-03-30T05:00,22.5,13.2,187.0,1.2,0.6,68.0
2024-03-30T06:00,21.2,12.3,182.0,0.7,0.3,70.0
2024-03-30T07:00,19.9,11.4,179.0,0.5,0.2,68.0
2024-03-30T08:00,18.8,10.7,177.0,0.5,0.3,63.0
2024-03-30T09:00,17.9,10.2,175.0,0.6,0.3,59.0
2024-03-30T10:00,17.1,9.7,175.0,0.8,0.3,57.0
2024-03-30T11:00,16.2,9.2,176.0,1.2,0.3,55.0
2024-03-30T12:00,21.5,12.3,187.0,1.7,0.3,52.0
2024-03-30T13:00,21.5,12.3,186.0,1.6,0.3,52.0
2024-03-30T14:00,21.4,12.2,184.0,1.4,0.4,53.0
2024-03-30T15:00,21.7,12.3,181.0,1.2,0.4,53.0
2024-03-30T16:00,22.0,12.5,178.0,1.1,0.4,53.0
2024-03-30T17:00,21.7,12.3,174.0,1.0,0.3,52.0
2024-03-30T18:00,20.7,11.7,170.0,0.9,0.3,52.0
2024-03-30T19:00,20.2,11.4,167.0,0.8,0.3,52.0
2024-03-30T20:00,20.0,11.3,164.0,0.6,0.2,51.0
2024-03-30T21:00,20.0,11.3,162.0,0.6,0.2,51.0
2024-03-30T22:00,20.4,11.5,162.0,0.8,0.2,50.0
2024-03-30T23:00,20.7,11.7,163.0,1.1,0.3,49.0
2024-03-31T00:00,20.5,11.7,163.0,1.3,0.4,50.0
2024-03-31T01:00,21.8,12.5,163.0,1.4,0.4,50.0
2024-03-31T02:00,22.7,12.9,164.0,1.4,0.4,51.0
2024-03-31T03:00,23.4,13.2,164.0,1.4,0.4,52.0
2024-03-31T04:00,23.3,13.2,163.0,1.2,0.3,54.0
2024-03-31T05:00,23.2,13.1,161.0,0.8,0.3,56.0
2024-03-31T06:00,22.5,12.8,159.0,0.6,0.2,57.0
2024-03-31T07:00,20.8,11.9,157.0,0.5,0.2,54.0
2024-03-31T08:00,19.4,11.1,154.0,0.4,0.2,49.0
2024-03-31T09:00,18.0,10.4,153.0,0.5,0.2,45.0
2024-03-31T10:00,16.9,9.7,153.0,0.7,0.2,43.0
2024-03-31T11:00,15.9,9.1,154.0,1.0,0.2,41.0
2024-03-31T12:00,18.8,10.9,160.0,1.2,0.2,40.0
2024-03-31T13:00,17.7,10.3,162.0,1.3,0.2,40.0
2024-03-31T14:00,17.1,10.0,164.0,1.4,0.3,40.0
2024-03-31T15:00,16.7,9.7,166.0,1.4,0.3,40.0
2024-03-31T16:00,16.8,9.8,166.0,1.3,0.3,41.0
2024-03-31T17:00,16.9,9.8,166.0,1.2,0.4,41.0
2024-03-31T18:00,17.1,9.8,165.0,1.0,0.4,42.0
2024-03-31T19:00,17.5,10.0,164.0,0.8,0.3,42.0
2024-03-31T20:00,18.1,10.3,162.0,0.5,0.3,43.0
2024-03-31T21:00,18.7,10.6,161.0,0.4,0.2,43.0
2024-03-31T22:00,19.4,11.0,161.0,0.4,0.2,43.0
2024-03-31T23:00,20.1,11.4,162.0,0.5,0.1,42.0
2024-04-01T00:00,19.2,11.0,162.0,0.8,0.4,42.0
2024-04-01T01:00,19.4,11.2,164.0,1.0,0.6,42.0
2024-04-01T02:00,19.1,11.0,166.0,1.3,0.9,43.0
2024-04-01T03:00,18.6,10.9,168.0,1.5,1.2,45.0
2024-04-01T04:00,18.9,11.1,168.0,1.4,1.4,50.0
2024-04-01T05:00,19.9,11.7,167.0,1.1,1.4,56.0
2024-04-01T06:00,20.7,12.0,166.0,0.9,1.4,60.0
2024-04-01T07:00,20.3,11.7,164.0,0.7,1.1,60.0
2024-04-01T08:00,19.3,11.0,163.0,0.6,0.7,57.0
2024-04-01T09:00,18.3,10.5,161.0,0.5,0.4,54.0
2024-04-01T10:00,17.3,10.0,160.0,0.6,0.3,50.0
2024-04-01T11:00,17.0,9.9,159.0,0.8,0.2,45.0
2024-04-01T12:00,17.5,10.2,161.0,1.2,0.2,39.0
2024-04-01T13:00,17.2,10.0,161.0,1.1,0.2,40.0
2024-04-01T14:00,17.5,10.1,162.0,1.1,0.3,40.0
2024-04-01T15:00,18.1,10.4,162.0,1.0,0.3,41.0
2024-04-01T16:00,18.9,10.9,161.0,1.0,0.3,41.0
2024-04-01T17:00,19.6,11.3,160.0,0.9,0.2,40.0
2024-04-01T18:00,20.0,11.4,158.0,0.9,0.2,40.0
2024-04-01T19:00,20.5,11.8,156.0,0.8,0.2,40.0
2024-04-01T20:00,21.0,12.1,154.0,0.6,0.2,39.0
2024-04-01T21:00,21.4,12.3,153.0,0.6,0.3,39.0
2024-04-01T22:00,21.7,12.5,153.0,0.8,0.3,39.0
2024-04-01T23:00,21.5,12.5,154.0,1.2,0.4,38.0
2024-04-02T00:00,21.4,12.5,153.0,0.7,0.3,39.0
2024-04-02T01:00,21.7,12.7,156.0,1.2,0.9,38.0
2024-04-02T02:00,22.1,12.9,161.0,1.8,1.7,38.0
2024-04-02T03:00,21.5,12.7,164.0,2.2,2.4,40.0
2024-04-02T04:00,22.1,13.2,166.0,2.2,3.2,49.0
2024-04-02T05:00,23.9,14.3,166.0,1.9,3.8,60.0
2024-04-02T06:00,25.4,15.0,165.0,1.6,4.0,67.0
2024-04-02T07:00,25.3,14.7,162.0,1.3,3.2,66.0
2024-04-02T08:00,23.9,13.6,157.0,0.9,1.8,59.0
2024-04-02T09:00,22.6,12.8,153.0,0.7,0.7,53.0
2024-04-02T10:00,21.8,12.5,152.0,0.8,0.3,47.0
2024-04-02T11:00,20.7,12.0,151.0,1.0,0.2,40.0
2024-04-02T12:00,24.9,14.8,148.0,1.4,0.2,33.0
2024-04-02T13:00,24.5,14.6,149.0,1.4,0.2,34.0
2024-04-02T14:00,25.1,14.8,149.0,1.3,0.3,35.0
2024-04-02T15:00,25.6,15.1,149.0,1.2,0.3,36.0
2024-04-02T16:00,26.4,15.4,147.0,1.0,0.3,37.0
2024-04-02T17:00,26.8,15.5,145.0,0.8,0.2,38.0
2024-04-02T18:00,27.5,15.9,143.0,0.7,0.2,39.0
2024-04-02T19:00,28.0,16.1,141.0,0.6,0.1,39.0
2024-04-02T20:00,28.3,16.3,140.0,0.4,0.0,39.0
2024-04-02T21:00,27.8,16.1,139.0,0.6,0.2,39.0
2024-04-02T22:00,26.4,15.3,139.0,1.2,0.6,38.0
2024-04-02T23:00,25.2,14.7,139.0,2.0,1.2,36.0
2024-04-03T00:00,23.1,13.5,133.0,1.3,0.6,39.0
2024-04-03T01:00,22.6,13.2,138.0,1.8,1.6,39.0
2024-04-03T02:00,21.9,12.9,144.0,2.5,2.9,40.0
2024-04-03T03:00,21.8,13.1,150.0,2.9,3.9,44.0
2024-04-03T04:00,22.9,14.0,155.0,2.6,4.2,55.0
2024-04-03T05:00,24.3,14.9,160.0,1.9,4.0,69.0
2024-04-03T06:00,24.3,14.8,163.0,1.4,3.6,78.0
2024-04-03T07:00,23.8,14.4,162.0,1.2,2.8,78.0
2024-04-03T08:00,22.1,13.2,158.0,1.1,1.7,72.0
2024-04-03T09:00,19.8,11.6,154.0,1.1,0.9,65.0
2024-04-03T10:00,18.7,10.8,151.0,1.2,0.5,55.0
2024-04-03T11:00,17.6,10.1,147.0,1.3,0.4,44.0
2024-04-03T12:00,18.3,10.7,140.0,1.9,0.3,45.0
2024-04-03T13:00,18.0,10.5,139.0,1.7,0.3,44.0
2024-04-03T14:00,18.2,10.6,137.0,1.4,0.3,43.0
2024-04-03T15:00,18.6,10.8,135.0,1.1,0.3,42.0
2024-04-03T16:00,19.1,11.0,134.0,1.0,0.3,42.0
2024-04-03T17:00,18.9,10.8,132.0,0.9,0.3,44.0
2024-04-03T18:00,18.6,10.5,131.0,0.8,0.3,44.0
2024-04-03T19:00,18.2,10.2,129.0,0.7,0.3,43.0
2024-04-03T20:00,17.9,10.0,126.0,0.6,0.2,42.0
2024-04-03T21:00,17.3,9.7,125.0,0.7,0.3,41.0
2024-04-03T22:00,16.8,9.4,126.0,1.0,0.5,41.0
2024-04-03T23:00,16.1,9.0,129.0,1.4,0.8,41.0
2024-04-04T00:00,14.6,8.3,127.0,1.3,0.6,38.0
2024-04-04T01:00,14.8,8.4,129.0,1.4,0.6,39.0
2024-04-04T02:00,15.0,8.5,133.0,1.5,0.6,41.0
2024-04-04T03:00,15.0,8.5,135.0,1.5,0.6,43.0
2024-04-04T04:00,15.8,9.0,136.0,1.2,0.5,47.0
2024-04-04T05:00,15.9,9.0,137.0,0.9,0.4,51.0
2024-04-04T06:00,15.5,8.7,136.0,0.6,0.3,53.0
2024-04-04T07:00,15.0,8.4,134.0,0.5,0.3,51.0
2024-04-04T08:00,14.9,8.4,130.0,0.6,0.3,47.0
2024-04-04T09:00,15.1,8.4,128.0,0.7,0.3,43.0
2024-04-04T10:00,15.3,8.5,128.0,1.0,0.3,41.0
2024-04-04T11:00,15.1,8.4,130.0,1.3,0.2,38.0
2024-04-04T12:00,11.7,6.5,123.0,1.5,0.2,37.0
2024-04-04T13:00,10.9,6.1,125.0,1.7,0.2,37.0
2024-04-04T14:00,10.7,6.1,129.0,2.1,0.3,36.0
2024-04-04T15:00,10.9,6.2,130.0,2.2,0.3,36.0
2024-04-04T16:00,11.4,6.4,128.0,2.0,0.3,37.0
2024-04-04T17:00,11.9,6.6,124.0,1.6,0.3,38.0
2024-04-04T18:00,12.0,6.7,121.0,1.3,0.3,39.0
2024-04-04T19:00,12.1,6.7,118.0,1.2,0.3,39.0
2024-04-04T20:00,12.1,6.6,116.0,1.2,0.4,38.0
2024-04-04T21:00,11.9,6.5,116.0,1.5,0.7,37.0
2024-04-04T22:00,11.2,6.2,118.0,2.3,1.3,35.0
2024-04-04T23:00,10.4,5.9,123.0,3.3,2.1,33.0
2024-04-05T00:00,9.1,5.4,128.0,3.8,2.8,34.0
2024-04-05T01:00,10.4,6.3,134.0,4.4,4.6,34.0
2024-04-05T02:00,11.9,7.4,142.0,5.2,7.1,34.0
2024-04-05T03:00,14.1,8.9,148.0,5.5,8.7,39.0
2024-04-05T04:00,16.5,10.4,152.0,4.8,8.6,54.0
2024-04-05T05:00,17.2,10.7,154.0,3.5,7.6,73.0
2024-04-05T06:00,18.4,11.3,154.0,2.4,6.3,86.0
2024-04-05T07:00,18.5,11.1,152.0,1.7,4.5,86.0
2024-04-05T08:00,17.6,10.4,147.0,1.2,2.3,79.0
2024-04-05T09:00,15.1,8.6,145.0,0.9,0.7,71.0
2024-04-05T10:00,14.1,7.9,146.0,1.1,0.1,63.0
2024-04-05T11:00,14.2,8.0,149.0,1.5,0.1,55.0
2024-04-05T12:00,12.0,6.5,154.0,2.4,0.6,56.0
2024-04-05T13:00,11.4,6.2,156.0,2.2,0.5,55.0
2024-04-05T14:00,11.8,6.5,160.0,2.0,0.5,53.0
2024-04-05T15:00,12.7,7.0,162.0,1.8,0.4,52.0
2024-04-05T16:00,13.2,7.3,163.0,1.7,0.4,52.0
2024-04-05T17:00,13.5,7.5,163.0,1.7,0.5,52.0
2024-04-05T18:00,13.1,7.2,162.0,1.7,0.5,51.0
2024-04-05T19:00,12.3,6.7,158.0,1.6,0.5,50.0
2024-04-05T20:00,11.8,6.5,153.0,1.5,0.5,48.0
2024-04-05T21:00,11.4,6.3,151.0,1.5,0.6,46.0
2024-04-05T22:00,10.9,6.1,154.0,1.7,0.5,44.0
2024-04-05T23:00,11.2,6.4,159.0,2.2,0.5,43.0
2024-04-06T00:00,10.8,6.2,146.0,2.3,0.7,39.0
2024-04-06T01:00,12.2,7.3,151.0,3.0,2.1,39.0
2024-04-06T02:00,14.1,8.6,158.0,3.9,4.2,39.0
2024-04-06T03:00,15.0,9.3,165.0,4.5,6.1,44.0
2024-04-06T04:00,17.1,10.6,172.0,4.6,8.0,58.0
2024-04-06T05:00,20.1,12.5,178.0,4.3,9.8,76.0
2024-04-06T06:00,23.8,14.7,178.0,3.8,10.2,89.0
2024-04-06T07:00,22.4,13.2,168.0,2.9,8.2,92.0
2024-04-06T08:00,22.9,12.9,152.0,1.7,4.9,90.0
2024-04-06T09:00,21.9,11.9,140.0,0.9,2.3,84.0
2024-04-06T10:00,20.4,10.8,136.0,0.9,1.1,73.0
2024-04-06T11:00,20.1,10.6,136.0,1.3,0.6,59.0
2024-04-06T12:00,31.0,17.2,132.0,2.7,0.6,65.0
2024-04-06T13:00,27.6,15.1,133.0,2.6,0.5,61.0
2024-04-06T14:00,26.5,14.3,134.0,2.4,0.4,55.0
2024-04-06T15:00,28.1,15.0,135.0,2.3,0.4,51.0
2024-04-06T16:00,29.9,15.9,138.0,2.2,0.4,51.0
2024-04-06T17:00,31.4,16.6,141.0,2.2,0.5,53.0
2024-04-06T18:00,31.8,16.7,142.0,2.1,0.6,54.0
2024-04-06T19:00,31.4,16.5,137.0,1.9,0.6,52.0
2024-04-06T20:00,30.6,16.1,129.0,1.7,0.6,48.0
2024-04-06T21:00,29.9,15.9,125.0,1.7,0.7,44.0
2024-04-06T22:00,28.6,15.4,127.0,2.0,0.8,41.0
2024-04-06T23:00,27.6,15.1,134.0,2.6,0.9,37.0
2024-04-07T00:00,25.4,14.2,144.0,3.3,1.2,39.0
2024-04-07T01:00,25.7,14.5,151.0,3.5,1.8,39.0
2024-04-07T02:00,25.9,14.7,161.0,3.7,2.6,39.0
2024-04-07T03:00,26.0,15.0,168.0,3.7,3.5,43.0
2024-04-07T04:00,26.0,15.1,170.0,3.4,4.9,55.0
2024-04-07T05:00,28.1,16.8,168.0,3.0,6.3,70.0
2024-04-07T06:00,31.1,18.9,165.0,2.5,6.8,80.0
2024-04-07T07:00,29.2,17.2,158.0,1.9,5.4,80.0
2024-04-07T08:00,28.6,16.5,150.0,1.2,3.0,74.0
2024-04-07T09:00,27.4,15.6,146.0,0.8,1.2,69.0
2024-04-07T10:00,26.7,15.1,150.0,1.1,0.5,65.0
2024-04-07T11:00,26.4,15.1,160.0,1.7,0.4,60.0
2024-04-07T12:00,30.5,17.3,149.0,1.9,0.7,51.0
2024-04-07T13:00,29.6,17.1,153.0,1.9,0.6,52.0
2024-04-07T14:00,29.3,17.0,160.0,1.9,0.5,55.0
2024-04-07T15:00,29.5,17.2,164.0,1.9,0.5,56.0
2024-04-07T16:00,29.2,17.0,165.0,1.9,0.5,57.0
2024-04-07T17:00,28.3,16.6,165.0,1.9,0.6,57.0
2024-04-07T18:00,27.5,16.1,163.0,1.9,0.7,56.0
2024-04-07T19:00,27.4,16.0,160.0,1.8,0.8,54.0
2024-04-07T20:00,26.7,15.7,155.0,1.6,0.8,52.0
2024-04-07T21:00,26.5,15.7,152.0,1.6,1.0,51.0
2024-04-07T22:00,26.4,15.7,151.0,1.8,1.3,51.0
2024-04-07T23:00,27.0,16.0,153.0,2.2,1.7,51.0
2024-04-08T00:00,25.4,15.0,135.0,1.7,1.2,47.0
2024-04-08T01:00,26.5,15.6,138.0,2.0,1.5,48.0
2024-04-08T02:00,27.3,16.1,142.0,2.3,1.9,49.0
2024-04-08T03:00,29.2,17.2,145.0,2.4,2.2,52.0
2024-04-08T04:00,31.1,18.2,147.0,2.0,2.2,60.0
2024-04-08T05:00,32.9,19.3,148.0,1.3,2.1,71.0
2024-04-08T06:00,32.2,18.5,147.0,0.8,1.8,76.0
2024-04-08T07:00,31.9,18.2,142.0,0.7,1.4,71.0
2024-04-08T08:00,30.7,17.4,135.0,0.7,0.8,60.0
2024-04-08T09:00,29.5,16.8,129.0,0.8,0.4,51.0
2024-04-08T10:00,28.1,16.1,127.0,1.0,0.3,48.0
2024-04-08T11:00,27.1,15.5,127.0,1.4,0.4,47.0
2024-04-08T12:00,26.8,15.4,122.0,1.8,0.5,42.0
2024-04-08T13:00,26.1,15.0,120.0,1.6,0.5,44.0
2024-04-08T14:00,26.1,14.9,118.0,1.4,0.6,46.0
2024-04-08T15:00,26.3,14.9,115.0,1.2,0.6,47.0
2024-04-08T16:00,26.1,14.8,112.0,1.0,0.5,46.0
2024-04-08T17:00,26.0,14.8,109.0,0.9,0.5,43.0
2024-04-08T18:00,26.5,15.1,108.0,0.8,0.4,41.0
2024-04-08T19:00,27.1,15.4,109.0,0.7,0.4,40.0
2024-04-08T20:00,28.6,16.3,111.0,0.6,0.4,40.0
2024-04-08T21:00,29.7,17.0,115.0,0.6,0.4,41.0
2024-04-08T22:00,31.5,18.0,121.0,0.6,0.4,42.0
2024-04-08T23:00,34.1,19.4,128.0,0.7,0.5,44.0
2024-04-09T00:00,40.7,23.1,141.0,0.9,0.5,50.0
2024-04-09T01:00,44.0,24.7,148.0,0.9,0.6,53.0
2024-04-09T02:00,47.8,26.5,157.0,0.9,0.6,57.0
2024-04-09T03:00,51.5,28.3,164.0,0.9,0.7,61.0
2024-04-09T04:00,54.5,29.8,168.0,0.8,0.7,64.0
2024-04-09T05:00,56.8,31.0,170.0,0.7,0.6,66.0
2024-04-09T06:00,58.4,31.8,172.0,0.6,0.6,67.0
2024-04-09T07:00,59.8,32.6,173.0,0.6,0.6,67.0
2024-04-09T08:00,60.5,32.9,173.0,0.6,0.7,66.0
2024-04-09T09:00,61.2,33.2,174.0,0.7,0.7,64.0
2024-04-09T10:00,61.2,33.2,175.0,0.9,0.7,61.0
2024-04-09T11:00,62.2,33.6,177.0,1.3,0.6,58.0
2024-04-09T12:00,59.0,32.0,169.0,1.5,0.8,55.0
2024-04-09T13:00,59.0,32.0,170.0,1.5,0.8,54.0
2024-04-09T14:00,58.9,31.9,170.0,1.6,0.8,54.0
2024-04-09T15:00,59.1,32.0,171.0,1.6,0.8,53.0
2024-04-09T16:00,59.4,32.1,171.0,1.5,0.7,53.0
2024-04-09T17:00,59.8,32.2,171.0,1.3,0.7,54.0
2024-04-09T18:00,59.8,32.2,171.0,1.2,0.6,54.0
2024-04-09T19:00,59.4,32.0,171.0,1.1,0.5,54.0
2024-04-09T20:00,58.8,31.7,171.0,1.1,0.5,54.0
2024-04-09T21:00,58.3,31.4,172.0,1.1,0.5,54.0
2024-04-09T22:00,57.5,31.1,175.0,1.3,0.6,54.0
2024-04-09T23:00,56.8,30.9,179.0,1.7,0.7,53.0
2024-04-10T00:00,59.3,32.1,179.0,2.3,0.9,52.0
2024-04-10T01:00,58.9,32.4,180.0,2.1,1.0,54.0
2024-04-10T02:00,59.4,32.6,181.0,1.9,1.1,56.0
2024-04-10T03:00,59.0,32.1,181.0,1.6,1.2,59.0
2024-04-10T04:00,58.3,31.9,179.0,1.2,1.2,62.0
2024-04-10T05:00,57.0,31.2,177.0,0.9,1.1,66.0
2024-04-10T06:00,56.2,30.9,175.0,0.6,1.0,68.0
2024-04-10T07:00,55.3,30.5,174.0,0.5,0.9,67.0
2024-04-10T08:00,54.1,29.9,175.0,0.6,0.8,65.0
2024-04-10T09:00,53.1,29.4,175.0,0.7,0.7,63.0
2024-04-10T10:00,52.0,28.9,176.0,0.9,0.6,61.0
2024-04-10T11:00,51.1,28.4,176.0,1.1,0.4,60.0
2024-04-10T12:00,61.2,34.2,188.0,1.5,0.5,59.0
2024-04-10T13:00,59.6,33.4,189.0,1.5,0.5,59.0
2024-04-10T14:00,59.4,33.3,191.0,1.6,0.5,59.0
2024-04-10T15:00,59.6,33.5,193.0,1.7,0.5,59.0
2024-04-10T16:00,59.8,33.8,196.0,1.8,0.5,60.0
2024-04-10T17:00,59.8,33.8,199.0,2.0,0.6,60.0
2024-04-10T18:00,58.9,33.3,202.0,2.1,0.6,61.0
2024-04-10T19:00,59.4,33.6,203.0,2.2,0.6,61.0
2024-04-10T20:00,57.3,32.5,202.0,2.2,0.6,62.0
2024-04-10T21:00,57.4,32.6,203.0,2.3,0.7,62.0
2024-04-10T22:00,56.0,31.9,207.0,2.6,0.8,62.0
2024-04-10T23:00,54.7,31.4,211.0,2.9,1.0,61.0
2024-04-11T00:00,58.6,33.8,236.0,4.5,1.5,59.0
2024-04-11T01:00,56.6,32.8,229.0,3.8,1.5,62.0
2024-04-11T02:00,55.4,31.9,219.0,2.8,1.4,66.0
2024-04-11T03:00,52.0,30.0,210.0,2.0,1.3,69.0
2024-04-11T04:00,49.4,28.5,202.0,1.4,1.2,72.0
2024-04-11T05:00,46.9,27.0,195.0,1.0,1.0,74.0
2024-04-11T06:00,44.9,25.8,189.0,0.7,0.9,74.0
2024-04-11T07:00,43.3,24.9,184.0,0.6,0.7,71.0
2024-04-11T08:00,41.7,24.0,181.0,0.6,0.5,67.0
2024-04-11T09:00,40.3,23.3,178.0,0.7,0.4,63.0
2024-04-11T10:00,38.9,22.5,176.0,0.9,0.3,60.0
2024-04-11T11:00,38.4,22.2,174.0,1.1,0.3,58.0
2024-04-11T12:00,32.9,19.2,196.0,1.3,0.3,56.0
2024-04-11T13:00,33.2,19.3,194.0,1.3,0.4,56.0
2024-04-11T14:00,34.7,20.0,191.0,1.3,0.4,57.0
2024-04-11T15:00,36.6,21.1,189.0,1.2,0.5,57.0
2024-04-11T16:00,37.6,21.7,188.0,1.1,0.5,57.0
2024-04-11T17:00,38.2,21.9,186.0,1.0,0.4,57.0
2024-04-11T18:00,38.2,21.9,185.0,0.9,0.4,58.0
2024-04-11T19:00,38.0,21.7,183.0,0.7,0.4,59.0
2024-04-11T20:00,37.6,21.5,180.0,0.5,0.3,61.0
2024-04-11T21:00,37.5,21.4,179.0,0.4,0.3,62.0
2024-04-11T22:00,38.0,21.5,180.0,0.5,0.4,62.0
2024-04-11T23:00,37.0,21.0,181.0,0.8,0.4,62.0
2024-04-12T00:00,36.0,20.4,183.0,0.9,0.6,62.0
2024-04-12T01:00,35.4,20.0,183.0,0.9,0.6,64.0
2024-04-12T02:00,34.6,19.4,184.0,1.0,0.7,66.0
2024-04-12T03:00,34.3,19.2,184.0,1.0,0.7,68.0
2024-04-12T04:00,35.0,19.7,183.0,0.9,0.7,69.0
2024-04-12T05:00,35.3,19.8,181.0,0.7,0.6,71.0
2024-04-12T06:00,35.7,20.1,180.0,0.6,0.5,71.0
2024-04-12T07:00,37.0,20.8,179.0,0.6,0.4,70.0
2024-04-12T08:00,37.4,21.1,178.0,0.6,0.4,69.0
2024-04-12T09:00,36.9,20.8,178.0,0.7,0.3,68.0
2024-04-12T10:00,36.9,20.8,178.0,0.9,0.3,67.0
2024-04-12T11:00,36.3,20.5,178.0,1.1,0.3,66.0
2024-04-12T12:00,34.8,19.6,180.0,1.5,0.6,64.0
2024-04-12T13:00,34.3,19.3,180.0,1.5,0.6,65.0
2024-04-12T14:00,33.3,18.7,180.0,1.4,0.6,66.0
2024-04-12T15:00,32.9,18.6,180.0,1.3,0.6,67.0
2024-04-12T16:00,33.1,18.6,181.0,1.2,0.6,68.0
2024-04-12T17:00,34.7,19.5,183.0,1.0,0.5,69.0
2024-04-12T18:00,34.7,19.4,184.0,0.9,0.5,70.0
2024-04-12T19:00,36.0,20.2,185.0,0.7,0.4,71.0
2024-04-12T20:00,37.5,21.1,186.0,0.5,0.3,71.0
2024-04-12T21:00,39.3,22.2,188.0,0.4,0.3,71.0
2024-04-12T22:00,39.3,22.2,190.0,0.5,0.3,71.0
2024-04-12T23:00,39.7,22.5,192.0,0.6,0.3,71.0
2024-04-13T00:00,35.6,20.4,194.0,1.4,0.6,69.0
2024-04-13T01:00,36.6,21.1,198.0,1.5,0.7,70.0
2024-04-13T02:00,37.7,21.7,204.0,1.7,0.8,72.0
2024-04-13T03:00,38.5,22.2,207.0,1.7,0.8,73.0
2024-04-13T04:00,40.3,23.2,207.0,1.4,0.8,75.0
2024-04-13T05:00,41.8,24.0,204.0,1.0,0.7,76.0
2024-04-13T06:00,42.3,24.4,202.0,0.7,0.6,77.0
2024-04-13T07:00,42.1,24.4,201.0,0.6,0.6,76.0
2024-04-13T08:00,41.6,24.2,201.0,0.6,0.5,73.0
2024-04-13T09:00,41.0,23.9,201.0,0.7,0.5,71.0
2024-04-13T10:00,40.7,23.9,203.0,1.0,0.5,70.0
2024-04-13T11:00,40.5,23.8,206.0,1.3,0.5,69.0
2024-04-13T12:00,33.9,20.2,205.0,2.0,0.7,68.0
2024-04-13T13:00,33.8,20.0,205.0,2.0,0.7,67.0
2024-04-13T14:00,33.9,20.0,204.0,2.1,0.8,66.0
2024-04-13T15:00,34.7,20.3,204.0,2.0,0.8,65.0
2024-04-13T16:00,36.2,21.1,203.0,1.8,0.7,66.0
2024-04-13T17:00,38.0,22.0,203.0,1.5,0.6,68.0
2024-04-13T18:00,39.3,22.8,202.0,1.3,0.6,69.0
2024-04-13T19:00,41.1,23.7,201.0,1.2,0.6,70.0
2024-04-13T20:00,42.6,24.7,201.0,1.1,0.7,71.0
2024-04-13T21:00,44.0,25.6,202.0,1.2,0.8,71.0
2024-04-13T22:00,45.4,26.4,205.0,1.6,0.9,71.0
2024-04-13T23:00,46.6,27.2,210.0,2.1,1.0,70.0
2024-04-14T00:00,46.0,27.2,214.0,2.6,1.2,69.0
2024-04-14T01:00,47.4,28.1,213.0,2.3,1.3,71.0
2024-04-14T02:00,49.0,28.9,210.0,2.0,1.4,75.0
2024-04-14T03:00,50.3,29.6,209.0,1.6,1.5,78.0
2024-04-14T04:00,51.2,30.3,209.0,1.3,1.4,81.0
2024-04-14T05:00,51.7,30.5,209.0,1.0,1.3,84.0
2024-04-14T06:00,52.2,30.9,209.0,0.8,1.1,85.0
2024-04-14T07:00,52.7,31.2,209.0,0.7,1.0,84.0
2024-04-14T08:00,53.1,31.5,209.0,0.7,0.9,81.0
2024-04-14T09:00,52.9,31.4,210.0,0.8,0.8,78.0
2024-04-14T10:00,52.2,31.1,212.0,1.1,0.7,76.0
2024-04-14T11:00,50.8,30.4,215.0,1.4,0.7,75.0
2024-04-14T12:00,41.2,24.7,196.0,1.9,0.8,72.0
2024-04-14T13:00,40.0,24.0,197.0,2.0,0.8,71.0
2024-04-14T14:00,39.0,23.5,199.0,2.1,0.9,70.0
2024-04-14T15:00,38.3,23.0,199.0,2.1,0.9,69.0
2024-04-14T16:00,37.7,22.5,197.0,2.0,0.8,68.0
2024-04-14T17:00,37.1,22.1,193.0,1.9,0.7,68.0
2024-04-14T18:00,36.7,21.8,191.0,1.9,0.7,67.0
2024-04-14T19:00,35.9,21.4,190.0,2.0,0.7,66.0
2024-04-14T20:00,34.7,20.7,190.0,2.1,0.8,65.0
2024-04-14T21:00,33.2,19.9,192.0,2.4,0.9,64.0
2024-04-14T22:00,32.7,19.7,198.0,2.9,0.9,62.0
2024-04-14T23:00,32.6,19.8,207.0,3.5,0.9,60.0
2024-04-15T00:00,34.3,21.2,240.0,5.7,1.7,54.0
2024-04-15T01:00,33.1,20.4,229.0,4.9,1.7,57.0
2024-04-15T02:00,31.9,19.7,213.0,3.7,1.7,62.0
2024-04-15T03:00,30.5,18.6,199.0,2.6,1.6,66.0
2024-04-15T04:00,29.5,17.7,188.0,1.8,1.4,69.0
2024-04-15T05:00,28.6,16.8,178.0,1.1,1.1,71.0
2024-04-15T06:00,28.3,16.4,171.0,0.7,0.9,72.0
2024-04-15T07:00,28.4,16.4,170.0,0.5,0.7,70.0
2024-04-15T08:00,28.9,16.7,172.0,0.6,0.5,66.0
2024-04-15T09:00,29.6,17.1,174.0,0.7,0.3,63.0
2024-04-15T10:00,30.4,17.5,176.0,0.9,0.3,61.0
2024-04-15T11:00,31.1,17.9,179.0,1.2,0.3,61.0
2024-04-15T12:00,27.5,15.8,183.0,1.5,0.5,59.0
2024-04-15T13:00,28.2,16.2,184.0,1.5,0.5,59.0
2024-04-15T14:00,29.3,16.8,185.0,1.4,0.4,60.0
2024-04-15T15:00,30.4,17.4,187.0,1.4,0.4,60.0
2024-04-15T16:00,31.2,17.9,189.0,1.4,0.4,60.0
2024-04-15T17:00,32.0,18.3,191.0,1.5,0.4,61.0
2024-04-15T18:00,32.5,18.6,193.0,1.6,0.5,61.0
2024-04-15T19:00,32.7,18.8,195.0,1.8,0.6,61.0
2024-04-15T20:00,32.7,18.9,198.0,2.1,0.6,60.0
2024-04-15T21:00,32.5,18.9,203.0,2.7,0.9,58.0
2024-04-15T22:00,32.6,19.0,213.0,3.8,1.2,54.0
2024-04-15T23:00,32.6,19.3,225.0,5.1,1.8,50.0
2024-04-16T00:00,32.5,19.6,244.0,6.3,2.1,48.0
2024-04-16T01:00,32.0,19.5,238.0,5.8,3.3,51.0
2024-04-16T02:00,31.0,18.9,229.0,5.1,5.0,55.0
2024-04-16T03:00,29.5,17.9,220.0,4.3,5.7,61.0
2024-04-16T04:00,29.3,17.7,213.0,3.2,4.7,70.0
2024-04-16T05:00,29.2,17.6,206.0,1.9,2.8,80.0
2024-04-16T06:00,28.1,16.8,199.0,0.9,1.3,85.0
2024-04-16T07:00,26.0,15.4,192.0,0.5,0.7,81.0
2024-04-16T08:00,24.6,14.5,186.0,0.5,0.4,73.0
2024-04-16T09:00,23.9,14.0,181.0,0.6,0.3,66.0
2024-04-16T10:00,23.5,13.8,179.0,0.8,0.2,62.0
2024-04-16T11:00,23.6,13.8,179.0,1.2,0.3,59.0
2024-04-16T12:00,36.4,21.3,173.0,1.7,0.2,53.0
2024-04-16T13:00,36.3,21.2,173.0,1.7,0.3,52.0
2024-04-16T14:00,36.0,21.1,173.0,1.8,0.3,51.0
2024-04-16T15:00,35.4,20.8,173.0,1.8,0.4,51.0
2024-04-16T16:00,35.2,20.6,171.0,1.7,0.4,52.0
2024-04-16T17:00,34.9,20.4,169.0,1.5,0.4,54.0
2024-04-16T18:00,34.6,20.1,167.0,1.3,0.4,55.0
2024-04-16T19:00,34.5,20.0,164.0,1.1,0.4,55.0
2024-04-16T20:00,34.9,20.1,161.0,0.8,0.3,55.0
2024-04-16T21:00,35.3,20.4,160.0,0.7,0.3,54.0
2024-04-16T22:00,35.5,20.5,161.0,0.9,0.3,53.0
2024-04-16T23:00,35.3,20.4,162.0,1.2,0.4,52.0
2024-04-17T00:00,35.3,20.6,167.0,2.0,1.0,49.0
2024-04-17T01:00,34.9,20.3,169.0,2.3,1.8,48.0
2024-04-17T02:00,34.2,20.0,172.0,2.8,3.0,48.0
2024-04-17T03:00,32.9,19.2,174.0,3.0,4.0,51.0
2024-04-17T04:00,32.6,19.2,175.0,2.8,4.9,63.0
2024-04-17T05:00,34.0,20.1,174.0,2.3,5.6,79.0
2024-04-17T06:00,34.5,20.0,172.0,1.8,5.6,89.0
2024-04-17T07:00,33.8,19.5,166.0,1.4,4.3,89.0
2024-04-17T08:00,30.6,17.1,157.0,1.0,2.4,82.0
2024-04-17T09:00,27.5,15.1,151.0,0.8,0.9,75.0
2024-04-17T10:00,25.2,13.7,149.0,1.1,0.4,67.0
2024-04-17T11:00,23.7,12.9,149.0,1.6,0.3,58.0
2024-04-17T12:00,32.5,18.0,150.0,1.7,0.4,55.0
2024-04-17T13:00,31.1,17.4,150.0,1.6,0.4,53.0
2024-04-17T14:00,30.2,17.1,151.0,1.6,0.4,51.0
2024-04-17T15:00,30.0,17.1,151.0,1.5,0.4,50.0
2024-04-17T16:00,30.0,17.1,151.0,1.5,0.4,51.0
2024-04-17T17:00,30.0,17.1,150.0,1.6,0.5,52.0
2024-04-17T18:00,30.0,17.0,149.0,1.6,0.6,53.0
2024-04-17T19:00,29.3,16.5,145.0,1.5,0.7,53.0
2024-04-17T20:00,29.1,16.4,141.0,1.5,0.8,53.0
2024-04-17T21:00,29.0,16.4,140.0,1.7,1.2,53.0
2024-04-17T22:00,28.6,16.2,146.0,2.4,1.8,52.0
2024-04-17T23:00,28.0,15.9,155.0,3.3,2.6,51.0
2024-04-18T00:00,27.5,15.7,145.0,3.3,2.8,50.0
2024-04-18T01:00,26.0,14.9,153.0,4.1,4.4,50.0
2024-04-18T02:00,24.3,14.0,165.0,5.1,6.7,51.0
2024-04-18T03:00,23.1,13.4,173.0,5.6,8.7,56.0
2024-04-18T04:00,23.4,13.9,175.0,5.0,10.3,71.0
2024-04-18T05:00,26.0,15.6,173.0,3.9,11.6,91.0
2024-04-18T06:00,26.7,16.0,172.0,2.9,11.6,105.0
2024-04-18T07:00,27.5,16.2,172.0,2.1,9.2,109.0
2024-04-18T08:00,29.3,16.7,172.0,1.4,5.4,108.0
2024-04-18T09:00,30.3,17.0,173.0,1.0,2.5,105.0
2024-04-18T10:00,29.9,16.7,177.0,1.2,1.3,100.0
2024-04-18T11:00,29.5,16.5,181.0,1.7,0.9,93.0
2024-04-18T12:00,32.2,17.3,156.0,1.9,1.0,93.0
2024-04-18T13:00,29.3,15.8,151.0,1.8,0.9,90.0
2024-04-18T14:00,26.8,14.3,144.0,1.6,0.8,86.0
2024-04-18T15:00,25.1,13.4,138.0,1.6,0.8,82.0
2024-04-18T16:00,24.0,12.8,135.0,1.8,0.9,79.0
2024-04-18T17:00,23.3,12.5,134.0,2.2,1.2,77.0
2024-04-18T18:00,22.5,12.0,134.0,2.6,1.5,75.0
2024-04-18T19:00,22.1,11.9,135.0,3.0,2.0,73.0
2024-04-18T20:00,21.9,11.8,137.0,3.4,2.5,70.0
2024-04-18T21:00,22.6,12.2,139.0,3.9,3.2,68.0
2024-04-18T22:00,23.2,12.5,139.0,4.4,3.9,65.0
2024-04-18T23:00,22.8,12.4,139.0,4.9,4.7,61.0
2024-04-19T00:00,19.7,10.9,141.0,5.4,5.5,58.0
2024-04-19T01:00,18.5,10.4,140.0,5.6,6.5,60.0
2024-04-19T02:00,18.1,10.3,138.0,5.9,7.9,62.0
2024-04-19T03:00,18.9,11.0,136.0,5.7,8.8,68.0
2024-04-19T04:00,21.2,12.5,134.0,4.6,8.9,81.0
2024-04-19T05:00,24.4,14.6,133.0,3.0,8.5,96.0
2024-04-19T06:00,25.4,14.8,131.0,1.7,7.5,106.0
2024-04-19T07:00,26.8,15.1,128.0,1.1,5.5,104.0
2024-04-19T08:00,27.2,14.8,125.0,0.8,2.9,96.0
2024-04-19T09:00,26.6,14.3,123.0,0.7,1.0,88.0
2024-04-19T10:00,26.3,14.1,125.0,1.0,0.3,82.0
2024-04-19T11:00,24.7,13.3,129.0,1.6,0.3,76.0
2024-04-19T12:00,30.4,16.7,126.0,2.0,0.4,71.0
2024-04-19T13:00,28.7,15.9,127.0,2.0,0.4,71.0
2024-04-19T14:00,28.2,15.8,128.0,1.9,0.4,70.0
2024-04-19T15:00,28.1,15.7,129.0,1.9,0.5,71.0
2024-04-19T16:00,28.6,15.8,129.0,1.9,0.6,73.0
2024-04-19T17:00,28.8,15.9,129.0,1.9,0.6,75.0
2024-04-19T18:00,28.3,15.7,130.0,1.9,0.8,78.0
2024-04-19T19:00,29.2,16.1,132.0,2.0,1.1,80.0
2024-04-19T20:00,30.6,16.9,136.0,2.2,1.5,83.0
2024-04-19T21:00,31.9,17.8,141.0,2.4,1.9,84.0
2024-04-19T22:00,32.7,18.2,149.0,2.7,2.3,83.0
2024-04-19T23:00,32.4,18.0,159.0,3.0,2.7,81.0
2024-04-20T00:00,32.9,18.1,159.0,3.0,2.9,81.0
2024-04-20T01:00,32.4,18.0,168.0,3.4,3.4,80.0
2024-04-20T02:00,31.3,17.8,181.0,4.0,4.0,79.0
2024-04-20T03:00,31.0,17.9,189.0,4.1,4.6,81.0
2024-04-20T04:00,31.9,18.7,188.0,3.5,5.2,91.0
2024-04-20T05:00,31.5,18.3,183.0,2.4,5.7,104.0
2024-04-20T06:00,31.9,18.6,177.0,1.6,5.6,112.0
2024-04-20T07:00,32.7,18.7,171.0,1.1,4.4,109.0
2024-04-20T08:00,32.0,18.0,164.0,0.9,2.7,100.0
2024-04-20T09:00,28.5,15.9,158.0,0.8,1.3,92.0
2024-04-20T10:00,25.8,14.5,154.0,1.1,0.7,85.0
2024-04-20T11:00,23.6,13.3,151.0,1.5,0.5,77.0
2024-04-20T12:00,17.7,10.1,144.0,1.9,0.3,65.0
2024-04-20T13:00,16.7,9.4,143.0,1.7,0.4,69.0
2024-04-20T14:00,17.8,9.8,143.0,1.3,0.5,75.0
2024-04-20T15:00,19.5,10.7,142.0,1.1,0.6,80.0
2024-04-20T16:00,20.4,11.1,142.0,1.1,0.6,83.0
2024-04-20T17:00,20.4,11.0,143.0,1.1,0.7,86.0
2024-04-20T18:00,20.3,10.8,142.0,1.2,0.7,87.0
2024-04-20T19:00,20.5,10.8,138.0,1.2,0.7,87.0
2024-04-20T20:00,20.8,10.9,132.0,1.2,0.8,87.0
2024-04-20T21:00,21.2,11.0,129.0,1.3,1.0,85.0
2024-04-20T22:00,21.5,11.2,130.0,1.6,1.2,81.0
2024-04-20T23:00,21.7,11.4,134.0,1.9,1.4,76.0
2024-04-21T00:00,19.0,9.9,113.0,1.1,1.0,79.0
2024-04-21T01:00,19.4,10.3,123.0,1.7,1.9,78.0
2024-04-21T02:00,20.1,10.9,136.0,2.5,3.1,77.0
2024-04-21T03:00,21.7,12.3,147.0,2.9,3.8,78.0
2024-04-21T04:00,24.0,14.0,152.0,2.4,3.7,84.0
2024-04-21T05:00,26.0,15.2,153.0,1.6,3.1,91.0
2024-04-21T06:00,25.6,14.5,153.0,0.9,2.4,95.0
2024-04-21T07:00,24.9,13.8,150.0,0.7,1.7,90.0
2024-04-21T08:00,23.9,13.1,144.0,0.8,1.0,81.0
2024-04-21T09:00,22.6,12.4,141.0,0.9,0.5,74.0
2024-04-21T10:00,21.1,11.6,142.0,1.2,0.4,71.0
2024-04-21T11:00,20.1,11.1,144.0,1.6,0.4,70.0
2024-04-21T12:00,22.3,12.3,135.0,2.2,0.4,63.0
2024-04-21T13:00,22.2,12.2,135.0,2.1,0.4,65.0
2024-04-21T14:00,22.5,12.3,136.0,1.9,0.5,68.0
2024-04-21T15:00,23.6,12.7,135.0,1.7,0.5,70.0
2024-04-21T16:00,24.3,12.9,132.0,1.5,0.5,71.0
2024-04-21T17:00,24.4,12.7,127.0,1.3,0.5,71.0
2024-04-21T18:00,24.1,12.4,122.0,1.2,0.5,71.0
2024-04-21T19:00,23.7,12.1,117.0,1.0,0.5,70.0
2024-04-21T20:00,23.1,11.7,112.0,0.9,0.5,69.0
2024-04-21T21:00,22.6,11.5,110.0,1.0,0.6,67.0
2024-04-21T22:00,22.2,11.2,112.0,1.5,0.9,64.0
2024-04-21T23:00,21.7,11.0,118.0,2.2,1.3,61.0
2024-04-22T00:00,19.2,9.9,114.0,2.5,2.0,61.0
2024-04-22T01:00,19.2,10.0,119.0,2.9,2.8,61.0
2024-04-22T02:00,19.6,10.6,127.0,3.5,3.9,63.0
2024-04-22T03:00,21.1,11.6,135.0,3.7,4.7,67.0
2024-04-22T04:00,23.9,13.5,144.0,3.2,4.8,79.0
2024-04-22T05:00,26.3,14.9,152.0,2.3,4.6,94.0
2024-04-22T06:00,28.3,16.0,156.0,1.6,4.1,102.0
2024-04-22T07:00,27.3,15.3,151.0,1.2,3.1,97.0
2024-04-22T08:00,23.9,12.9,141.0,1.0,1.7,86.0
2024-04-22T09:00,21.9,11.6,132.0,0.9,0.7,76.0
2024-04-22T10:00,21.1,11.0,127.0,1.1,0.4,70.0
2024-04-22T11:00,20.4,10.4,124.0,1.4,0.4,66.0
2024-04-22T12:00,28.1,14.4,138.0,2.1,0.6,64.0
2024-04-22T13:00,26.5,13.5,136.0,1.9,0.6,64.0
2024-04-22T14:00,26.3,13.3,133.0,1.7,0.5,63.0
2024-04-22T15:00,26.9,13.5,130.0,1.5,0.5,63.0
2024-04-22T16:00,27.6,13.7,127.0,1.3,0.5,63.0
2024-04-22T17:00,27.6,13.6,123.0,1.1,0.4,62.0
2024-04-22T18:00,27.1,13.2,120.0,1.0,0.4,62.0
2024-04-22T19:00,26.2,12.7,117.0,0.9,0.4,61.0
2024-04-22T20:00,25.2,12.3,114.0,0.8,0.4,60.0
2024-04-22T21:00,24.5,12.0,113.0,0.8,0.4,59.0
2024-04-22T22:00,23.8,11.6,113.0,0.9,0.4,58.0
2024-04-22T23:00,23.3,11.4,115.0,1.0,0.3,58.0
2024-04-23T00:00,21.7,10.9,122.0,1.8,0.7,55.0
2024-04-23T01:00,21.4,10.7,123.0,1.8,0.8,57.0
2024-04-23T02:00,21.2,10.6,124.0,1.8,1.0,60.0
2024-04-23T03:00,22.2,11.1,125.0,1.7,1.1,64.0
2024-04-23T04:00,23.7,12.0,128.0,1.5,1.2,71.0
2024-04-23T05:00,25.3,13.0,131.0,1.1,1.2,79.0
2024-04-23T06:00,25.3,13.0,133.0,0.9,1.1,83.0
2024-04-23T07:00,24.6,12.4,131.0,0.8,0.9,82.0
2024-04-23T08:00,23.4,11.6,128.0,0.7,0.5,77.0
2024-04-23T09:00,22.1,10.9,125.0,0.8,0.3,72.0
2024-04-23T10:00,21.4,10.6,124.0,1.0,0.2,67.0
2024-04-23T11:00,20.6,10.4,124.0,1.3,0.3,61.0
2024-04-23T12:00,19.9,10.0,135.0,2.3,0.5,69.0
2024-04-23T13:00,18.0,9.0,132.0,1.9,0.5,66.0
2024-04-23T14:00,17.3,8.6,128.0,1.5,0.4,63.0
2024-04-23T15:00,17.9,9.1,124.0,1.1,0.4,60.0
2024-04-23T16:00,18.5,9.3,122.0,1.0,0.4,60.0
2024-04-23T17:00,19.0,9.5,121.0,1.0,0.4,61.0
2024-04-23T18:00,19.0,9.5,119.0,1.0,0.4,61.0
2024-04-23T19:00,19.0,9.5,116.0,0.9,0.3,59.0
2024-04-23T20:00,18.8,9.4,113.0,0.9,0.2,57.0
2024-04-23T21:00,18.3,9.3,112.0,1.1,0.4,55.0
2024-04-23T22:00,18.1,9.3,115.0,1.6,0.7,53.0
2024-04-23T23:00,17.8,9.2,120.0,2.4,1.3,51.0
2024-04-24T00:00,17.2,9.4,153.0,5.1,2.8,47.0
2024-04-24T01:00,17.2,9.7,157.0,5.8,5.4,49.0
2024-04-24T02:00,17.3,9.8,163.0,6.6,9.0,52.0
2024-04-24T03:00,18.5,10.7,165.0,6.7,11.0,57.0
2024-04-24T04:00,20.3,11.8,160.0,5.4,10.0,68.0
2024-04-24T05:00,22.7,13.3,151.0,3.3,7.5,82.0
2024-04-24T06:00,22.6,13.0,142.0,1.7,5.1,89.0
2024-04-24T07:00,20.6,11.3,133.0,1.0,3.4,85.0
2024-04-24T08:00,17.9,9.4,123.0,0.7,1.9,74.0
2024-04-24T09:00,16.5,8.4,117.0,0.7,0.8,65.0
2024-04-24T10:00,16.1,8.2,116.0,0.9,0.4,61.0
2024-04-24T11:00,15.7,7.9,117.0,1.3,0.4,59.0
2024-04-24T12:00,13.6,7.0,130.0,2.3,0.9,61.0
2024-04-24T13:00,12.5,6.3,129.0,2.1,0.7,60.0
2024-04-24T14:00,12.8,6.3,126.0,1.9,0.5,58.0
2024-04-24T15:00,13.2,6.6,125.0,1.7,0.4,57.0
2024-04-24T16:00,13.5,6.7,125.0,1.7,0.4,57.0
2024-04-24T17:00,14.0,7.0,126.0,1.7,0.4,58.0
2024-04-24T18:00,14.5,7.2,125.0,1.7,0.5,59.0
2024-04-24T19:00,14.7,7.3,122.0,1.6,0.6,58.0
2024-04-24T20:00,14.4,7.1,118.0,1.5,0.6,57.0
2024-04-24T21:00,14.6,7.3,115.0,1.4,0.7,56.0
2024-04-24T22:00,14.6,7.3,113.0,1.5,0.8,55.0
2024-04-24T23:00,14.6,7.3,113.0,1.6,0.8,53.0
2024-04-25T00:00,11.7,6.1,130.0,3.3,1.1,50.0
2024-04-25T01:00,11.1,5.6,127.0,2.9,1.1,52.0
2024-04-25T02:00,11.2,5.6,122.0,2.3,1.0,54.0
2024-04-25T03:00,11.9,5.8,118.0,1.7,0.9,56.0
2024-04-25T04:00,13.2,6.4,115.0,1.2,0.7,57.0
2024-04-25T05:00,14.2,6.8,113.0,0.7,0.5,58.0
2024-04-25T06:00,14.5,6.6,111.0,0.4,0.3,58.0
2024-04-25T07:00,14.9,6.6,109.0,0.3,0.3,56.0
2024-04-25T08:00,15.3,6.7,108.0,0.3,0.3,52.0
2024-04-25T09:00,15.4,6.8,108.0,0.5,0.3,49.0
2024-04-25T10:00,15.6,6.8,110.0,0.8,0.3,48.0
2024-04-25T11:00,15.9,6.8,112.0,1.2,0.3,47.0
2024-04-25T12:00,17.9,8.2,112.0,1.5,0.3,47.0
2024-04-25T13:00,17.8,8.1,114.0,1.5,0.3,48.0
2024-04-25T14:00,17.9,8.0,117.0,1.6,0.4,50.0
2024-04-25T15:00,18.0,7.9,119.0,1.6,0.4,51.0
2024-04-25T16:00,18.1,7.9,120.0,1.7,0.4,51.0
2024-04-25T17:00,18.0,7.8,120.0,1.7,0.5,51.0
2024-04-25T18:00,17.7,7.5,120.0,1.8,0.5,50.0
2024-04-25T19:00,17.1,7.1,119.0,1.8,0.6,50.0
2024-04-25T20:00,16.7,7.0,117.0,1.9,0.7,49.0
2024-04-25T21:00,16.2,6.8,119.0,2.2,0.8,48.0
2024-04-25T22:00,16.0,6.8,127.0,3.0,1.0,45.0
2024-04-25T23:00,16.1,7.1,139.0,4.0,1.3,42.0
2024-04-26T00:00,17.4,8.4,168.0,6.7,1.8,40.0
2024-04-26T01:00,18.4,8.9,155.0,5.2,1.5,43.0
2024-04-26T02:00,16.5,7.1,137.0,3.2,1.1,48.0
2024-04-26T03:00,16.4,6.6,123.0,1.6,0.8,52.0
2024-04-26T04:00,17.8,7.0,118.0,0.9,0.6,54.0
2024-04-26T05:00,19.2,7.5,116.0,0.6,0.5,56.0
2024-04-26T06:00,20.5,8.1,116.0,0.4,0.4,56.0
2024-04-26T07:00,21.7,8.7,116.0,0.3,0.4,55.0
2024-04-26T08:00,22.9,9.3,117.0,0.4,0.4,53.0
2024-04-26T09:00,23.7,9.9,118.0,0.5,0.4,52.0
2024-04-26T10:00,24.4,10.4,120.0,0.7,0.4,51.0
2024-04-26T11:00,25.2,10.9,123.0,1.0,0.4,51.0
2024-04-26T12:00,19.8,8.9,131.0,2.2,0.4,47.0
2024-04-26T13:00,20.5,9.3,131.0,2.1,0.4,47.0
2024-04-26T14:00,21.3,9.8,131.0,1.9,0.5,46.0
2024-04-26T15:00,22.0,10.1,130.0,1.7,0.5,46.0
2024-04-26T16:00,22.4,10.3,128.0,1.5,0.5,47.0
2024-04-26T17:00,22.8,10.4,125.0,1.4,0.5,48.0
2024-04-26T18:00,23.0,10.4,123.0,1.2,0.5,49.0
2024-04-26T19:00,23.1,10.4,121.0,1.1,0.5,49.0
2024-04-26T20:00,22.6,10.2,119.0,0.9,0.6,49.0
2024-04-26T21:00,22.6,10.3,119.0,0.9,0.6,49.0
2024-04-26T22:00,22.9,10.5,120.0,1.0,0.6,49.0
2024-04-26T23:00,22.6,10.5,122.0,1.1,0.7,48.0
2024-04-27T00:00,21.0,9.8,122.0,1.3,0.7,48.0
2024-04-27T01:00,22.1,10.3,124.0,1.1,0.6,51.0
2024-04-27T02:00,22.2,10.5,128.0,0.9,0.6,56.0
2024-04-27T03:00,22.0,10.5,131.0,0.7,0.5,59.0
2024-04-27T04:00,22.0,10.7,134.0,0.6,0.5,61.0
2024-04-27T05:00,21.9,10.8,136.0,0.5,0.5,62.0
2024-04-27T06:00,21.2,10.6,138.0,0.4,0.5,62.0
2024-04-27T07:00,20.4,10.3,138.0,0.4,0.5,61.0
2024-04-27T08:00,19.3,9.8,138.0,0.5,0.5,58.0
2024-04-27T09:00,18.0,9.3,138.0,0.6,0.5,56.0
2024-04-27T10:00,17.0,8.9,140.0,0.9,0.5,54.0
2024-04-27T11:00,16.3,8.6,142.0,1.3,0.5,53.0
2024-04-27T12:00,18.5,9.8,163.0,2.1,0.6,54.0
2024-04-27T13:00,17.9,9.6,162.0,2.0,0.6,53.0
2024-04-27T14:00,17.3,9.3,159.0,1.9,0.6,52.0
2024-04-27T15:00,16.5,8.8,156.0,1.7,0.6,51.0
2024-04-27T16:00,15.7,8.4,151.0,1.5,0.6,51.0
2024-04-27T17:00,14.5,7.7,145.0,1.2,0.5,51.0
2024-04-27T18:00,13.2,7.0,140.0,1.0,0.5,50.0
2024-04-27T19:00,11.9,6.3,135.0,0.8,0.4,49.0
2024-04-27T20:00,11.1,5.8,131.0,0.7,0.4,47.0
2024-04-27T21:00,10.7,5.6,128.0,0.7,0.4,45.0
2024-04-27T22:00,10.3,5.5,126.0,0.8,0.4,43.0
2024-04-27T23:00,10.2,5.4,125.0,1.0,0.4,42.0
2024-04-28T00:00,7.5,4.3,136.0,1.7,0.7,44.0
2024-04-28T01:00,8.0,4.7,138.0,1.8,1.0,45.0
2024-04-28T02:00,7.3,4.3,142.0,1.9,1.3,46.0
2024-04-28T03:00,6.9,4.1,143.0,1.9,1.5,48.0
2024-04-28T04:00,7.1,4.3,141.0,1.5,1.3,51.0
2024-04-28T05:00,7.5,4.5,136.0,1.0,0.8,55.0
2024-04-28T06:00,7.6,4.5,132.0,0.6,0.5,56.0
2024-04-28T07:00,8.2,4.8,128.0,0.5,0.5,52.0
2024-04-28T08:00,9.0,5.2,124.0,0.5,0.6,46.0
2024-04-28T09:00,9.5,5.3,121.0,0.6,0.6,41.0
2024-04-28T10:00,10.0,5.5,119.0,0.8,0.5,38.0
2024-04-28T11:00,10.2,5.5,119.0,1.0,0.4,35.0
2024-04-28T12:00,14.1,8.0,123.0,1.6,0.2,32.0
2024-04-28T13:00,13.2,7.5,121.0,1.4,0.3,32.0
2024-04-28T14:00,14.0,8.1,119.0,1.2,0.3,31.0
2024-04-28T15:00,15.6,9.2,117.0,1.0,0.4,31.0
2024-04-28T16:00,17.2,10.2,115.0,0.9,0.5,31.0
2024-04-28T17:00,18.0,10.6,113.0,0.9,0.5,32.0
2024-04-28T18:00,17.8,10.4,111.0,0.8,0.5,33.0
2024-04-28T19:00,17.2,10.0,109.0,0.7,0.4,34.0
2024-04-28T20:00,16.5,9.5,108.0,0.5,0.3,34.0
2024-04-28T21:00,16.0,9.1,108.0,0.5,0.3,34.0
2024-04-28T22:00,15.3,8.6,109.0,0.7,0.3,33.0
2024-04-28T23:00,14.4,8.1,110.0,1.1,0.5,33.0
2024-04-29T00:00,12.5,7.2,110.0,0.8,0.4,33.0
2024-04-29T01:00,12.0,6.9,114.0,1.1,0.8,33.0
2024-04-29T02:00,11.8,6.8,120.0,1.6,1.3,34.0
2024-04-29T03:00,11.6,6.8,125.0,1.8,1.6,36.0
2024-04-29T04:00,11.9,7.0,127.0,1.6,1.4,41.0
2024-04-29T05:00,12.7,7.5,127.0,1.2,1.0,47.0
2024-04-29T06:00,12.7,7.4,126.0,0.8,0.6,50.0
2024-04-29T07:00,12.1,6.9,124.0,0.6,0.5,47.0
2024-04-29T08:00,11.8,6.6,122.0,0.5,0.4,42.0
2024-04-29T09:00,12.0,6.7,120.0,0.5,0.4,37.0
2024-04-29T10:00,12.3,6.9,121.0,0.7,0.4,35.0
2024-04-29T11:00,12.8,7.1,123.0,1.0,0.3,33.0
2024-04-29T12:00,10.8,6.1,128.0,1.5,0.4,32.0
2024-04-29T13:00,11.1,6.3,128.0,1.4,0.4,33.0
2024-04-29T14:00,12.4,7.0,128.0,1.2,0.4,34.0
2024-04-29T15:00,14.1,7.9,127.0,1.0,0.4,35.0
2024-04-29T16:00,15.1,8.5,126.0,0.8,0.4,35.0
2024-04-29T17:00,15.8,8.8,125.0,0.7,0.3,34.0
2024-04-29T18:00,15.9,8.9,124.0,0.6,0.3,34.0
2024-04-29T19:00,16.2,9.2,123.0,0.5,0.3,34.0
2024-04-29T20:00,16.4,9.3,123.0,0.5,0.3,34.0
2024-04-29T21:00,15.3,8.7,124.0,0.9,0.7,33.0
2024-04-29T22:00,14.6,8.3,126.0,2.0,1.7,29.0
2024-04-29T23:00,13.6,7.7,129.0,3.5,3.2,25.0
2024-04-30T00:00,15.0,8.8,120.0,1.1,0.6,32.0
2024-04-30T01:00,14.5,8.5,127.0,1.8,2.3,31.0
2024-04-30T02:00,14.1,8.4,136.0,2.8,4.6,31.0
2024-04-30T03:00,14.1,8.6,141.0,3.3,6.0,32.0
2024-04-30T04:00,14.7,9.1,140.0,2.9,5.6,38.0
2024-04-30T05:00,16.1,10.0,135.0,1.9,4.2,46.0
2024-04-30T06:00,16.8,10.3,130.0,1.2,2.9,51.0
2024-04-30T07:00,15.8,9.4,126.0,0.8,1.9,49.0
2024-04-30T08:00,15.7,9.0,122.0,0.6,1.0,44.0
2024-04-30T09:00,16.6,9.5,119.0,0.6,0.3,39.0
2024-04-30T10:00,17.2,9.9,118.0,0.8,0.1,36.0
2024-04-30T11:00,17.9,10.4,119.0,1.1,0.2,33.0
2024-04-30T12:00,18.6,10.7,102.0,1.2,0.3,32.0
2024-04-30T13:00,17.6,10.2,103.0,1.1,0.3,31.0
2024-04-30T14:00,17.6,10.3,104.0,0.9,0.2,29.0
2024-04-30T15:00,18.5,10.7,105.0,0.9,0.2,28.0
2024-04-30T16:00,18.9,10.9,106.0,1.0,0.2,28.0
2024-04-30T17:00,18.7,10.9,106.0,1.3,0.3,29.0
2024-04-30T18:00,18.8,10.9,110.0,1.7,0.6,30.0
2024-04-30T19:00,19.2,11.1,117.0,2.2,1.2,32.0
2024-04-30T20:00,19.4,11.1,127.0,2.9,2.1,34.0
2024-04-30T21:00,18.9,10.9,139.0,3.6,3.2,37.0
2024-04-30T22:00,17.9,10.4,155.0,4.6,4.6,43.0
2024-04-30T23:00,15.8,9.3,174.0,5.6,6.2,50.0
2024-05-01T00:00,11.2,6.7,178.0,6.5,7.9,57.0
2024-05-01T01:00,10.6,6.5,175.0,6.8,9.2,56.0
2024-05-01T02:00,10.0,6.2,172.0,7.1,10.9,55.0
2024-05-01T03:00,10.9,6.9,168.0,6.9,12.3,58.0
2024-05-01T04:00,14.1,9.1,164.0,5.8,13.3,69.0
2024-05-01T05:00,16.8,10.9,160.0,4.3,14.1,84.0
2024-05-01T06:00,18.1,11.5,156.0,3.0,13.7,96.0
2024-05-01T07:00,20.7,12.9,152.0,2.1,11.5,103.0
2024-05-01T08:00,21.7,12.8,147.0,1.5,8.3,106.0
2024-05-01T09:00,22.2,12.3,144.0,1.2,5.5,105.0
2024-05-01T10:00,21.7,11.6,142.0,1.3,3.5,98.0
2024-05-01T11:00,19.6,10.3,141.0,1.7,1.9,86.0
2024-05-01T12:00,14.1,7.5,135.0,2.7,1.7,78.0
2024-05-01T13:00,11.9,6.2,133.0,2.5,1.3,74.0
2024-05-01T14:00,11.4,5.9,130.0,2.2,0.8,69.0
2024-05-01T15:00,11.3,6.0,129.0,2.1,0.5,64.0
2024-05-01T16:00,11.5,6.2,128.0,2.2,0.5,61.0
2024-05-01T17:00,12.0,6.4,128.0,2.5,0.8,58.0
2024-05-01T18:00,13.0,6.9,133.0,2.8,1.1,57.0
2024-05-01T19:00,15.4,8.1,148.0,3.0,1.6,59.0
2024-05-01T20:00,18.7,9.9,167.0,3.2,2.2,63.0
2024-05-01T21:00,21.3,11.8,180.0,3.4,2.8,66.0
2024-05-01T22:00,20.8,11.9,179.0,3.5,3.2,67.0
2024-05-01T23:00,18.7,10.8,171.0,3.6,3.6,67.0
2024-05-02T00:00,16.4,9.7,177.0,4.3,4.7,66.0
2024-05-02T01:00,14.9,8.6,172.0,4.5,5.1,69.0
2024-05-02T02:00,14.0,8.1,164.0,4.6,5.7,73.0
2024-05-02T03:00,15.3,8.9,159.0,4.5,6.2,80.0
2024-05-02T04:00,19.2,11.5,158.0,3.7,6.9,92.0
2024-05-02T05:00,23.6,14.3,160.0,2.6,7.5,106.0
2024-05-02T06:00,26.5,15.8,160.0,1.7,7.5,115.0
2024-05-02T07:00,28.7,16.6,158.0,1.3,6.2,115.0
2024-05-02T08:00,30.3,16.8,154.0,1.1,4.2,109.0
2024-05-02T09:00,31.4,16.9,152.0,1.1,2.5,103.0
2024-05-02T10:00,30.4,16.4,152.0,1.4,1.5,97.0
2024-05-02T11:00,29.3,15.9,154.0,1.8,0.9,91.0
2024-05-02T12:00,32.1,17.8,149.0,2.1,0.4,82.0
2024-05-02T13:00,31.4,17.7,150.0,2.4,0.6,81.0
2024-05-02T14:00,31.0,17.6,152.0,2.8,0.8,79.0
2024-05-02T15:00,30.2,17.3,153.0,3.2,1.1,76.0
2024-05-02T16:00,29.3,16.9,153.0,3.6,1.5,73.0
2024-05-02T17:00,28.8,16.7,153.0,4.1,1.9,69.0
2024-05-02T18:00,28.3,16.5,156.0,4.5,2.4,66.0
2024-05-02T19:00,28.3,16.5,164.0,4.9,3.0,63.0
2024-05-02T20:00,28.8,16.8,175.0,5.3,3.7,60.0
2024-05-02T21:00,29.9,17.5,183.0,5.5,4.3,58.0
2024-05-02T22:00,31.4,18.4,188.0,5.5,4.6,57.0
2024-05-02T23:00,32.8,19.4,191.0,5.3,4.9,57.0
2024-05-03T00:00,26.7,16.2,178.0,6.3,6.4,49.0
2024-05-03T01:00,26.3,16.2,174.0,6.2,6.6,52.0
2024-05-03T02:00,26.0,16.2,169.0,5.9,6.8,57.0
2024-05-03T03:00,26.0,16.3,163.0,5.4,6.9,64.0
2024-05-03T04:00,27.0,16.8,156.0,4.3,7.1,78.0
2024-05-03T05:00,27.8,16.9,148.0,2.8,7.2,94.0
2024-05-03T06:00,29.0,17.3,142.0,1.7,6.8,105.0
2024-05-03T07:00,31.3,18.2,138.0,1.2,5.3,106.0
2024-05-03T08:00,33.8,18.9,135.0,0.9,3.2,102.0
2024-05-03T09:00,35.5,19.5,134.0,0.9,1.5,97.0
2024-05-03T10:00,35.3,19.2,134.0,1.1,0.7,92.0
2024-05-03T11:00,34.2,18.6,135.0,1.5,0.4,85.0
2024-05-03T12:00,44.0,24.6,144.0,2.6,0.5,82.0
2024-05-03T13:00,41.9,23.6,143.0,2.6,0.6,79.0
2024-05-03T14:00,39.5,22.3,142.0,2.6,0.7,76.0
2024-05-03T15:00,37.5,21.2,141.0,2.7,0.9,72.0
2024-05-03T16:00,35.6,20.4,141.0,3.1,1.4,68.0
2024-05-03T17:00,33.6,19.3,141.0,3.6,2.0,63.0
2024-05-03T18:00,32.7,18.7,146.0,4.0,2.5,61.0
2024-05-03T19:00,32.9,18.7,159.0,4.0,2.8,62.0
2024-05-03T20:00,33.6,19.1,176.0,3.7,2.9,65.0
2024-05-03T21:00,34.1,19.4,187.0,3.7,3.3,67.0
2024-05-03T22:00,31.9,18.5,188.0,4.1,4.0,64.0
2024-05-03T23:00,28.5,16.6,184.0,4.7,4.9,60.0
2024-05-04T00:00,22.5,13.4,170.0,5.8,6.7,52.0
2024-05-04T01:00,21.9,13.0,167.0,5.6,6.5,56.0
2024-05-04T02:00,21.4,12.6,163.0,5.2,6.2,63.0
2024-05-04T03:00,22.6,13.4,159.0,4.6,6.0,71.0
2024-05-04T04:00,25.7,15.3,155.0,3.6,6.1,83.0
2024-05-04T05:00,27.4,16.1,152.0,2.4,6.2,98.0
2024-05-04T06:00,28.7,16.9,149.0,1.5,6.0,107.0
2024-05-04T07:00,30.7,17.8,147.0,1.1,5.2,108.0
2024-05-04T08:00,32.1,18.1,146.0,1.0,4.0,104.0
2024-05-04T09:00,32.6,17.9,145.0,1.1,2.9,99.0
2024-05-04T10:00,31.4,16.9,145.0,1.4,1.9,93.0
2024-05-04T11:00,29.6,15.9,146.0,2.0,1.0,87.0
2024-05-04T12:00,24.8,14.2,151.0,3.2,0.7,88.0
2024-05-04T13:00,22.7,13.0,153.0,3.5,0.8,85.0
2024-05-04T14:00,22.0,12.9,155.0,3.8,1.1,81.0
2024-05-04T15:00,21.1,12.5,157.0,4.2,1.5,77.0
2024-05-04T16:00,20.8,12.4,158.0,4.6,2.3,72.0
2024-05-04T17:00,20.3,12.1,158.0,5.1,3.3,66.0
2024-05-04T18:00,20.3,12.1,160.0,5.4,4.1,61.0
2024-05-04T19:00,22.6,13.3,167.0,5.4,4.4,58.0
2024-05-04T20:00,26.6,15.6,176.0,5.3,4.4,56.0
2024-05-04T21:00,28.5,16.9,181.0,5.1,4.4,56.0
2024-05-04T22:00,29.6,17.7,180.0,4.8,4.3,57.0
2024-05-04T23:00,29.2,17.5,175.0,4.3,4.2,60.0
2024-05-05T00:00,27.1,16.0,163.0,4.3,4.2,61.0
2024-05-05T01:00,26.9,15.8,158.0,4.3,4.5,64.0
2024-05-05T02:00,26.8,15.5,151.0,4.3,4.9,69.0
2024-05-05T03:00,28.6,16.5,147.0,4.0,5.4,76.0
2024-05-05T04:00,32.2,18.9,147.0,3.3,6.1,87.0
2024-05-05T05:00,34.2,20.1,150.0,2.3,6.9,100.0
2024-05-05T06:00,32.9,19.4,152.0,1.5,7.1,109.0
2024-05-05T07:00,33.3,19.5,151.0,1.1,6.3,110.0
2024-05-05T08:00,34.7,19.8,149.0,0.9,4.9,108.0
2024-05-05T09:00,36.3,20.0,149.0,1.0,3.5,104.0
2024-05-05T10:00,36.0,19.6,154.0,1.4,2.3,100.0
2024-05-05T11:00,35.2,19.0,161.0,2.0,1.1,95.0
2024-05-05T12:00,32.1,17.4,142.0,2.8,1.2,89.0
2024-05-05T13:00,29.1,15.9,144.0,2.6,1.0,89.0
2024-05-05T14:00,27.3,15.2,146.0,2.4,0.7,89.0
2024-05-05T15:00,26.8,15.1,149.0,2.4,0.8,89.0
2024-05-05T16:00,27.8,15.8,152.0,2.7,1.5,89.0
2024-05-05T17:00,29.5,16.8,156.0,3.1,2.4,90.0
2024-05-05T18:00,30.7,17.4,159.0,3.5,3.2,89.0
2024-05-05T19:00,32.0,18.2,161.0,3.7,3.5,86.0
2024-05-05T20:00,33.2,18.9,163.0,3.8,3.6,81.0
2024-05-05T21:00,32.9,19.0,159.0,3.9,3.6,77.0
2024-05-05T22:00,32.0,18.6,145.0,3.9,3.6,74.0
2024-05-05T23:00,30.6,17.8,127.0,3.7,3.5,72.0
2024-05-06T00:00,33.3,20.4,186.0,5.7,8.6,79.0
2024-05-06T01:00,34.0,20.6,198.0,6.1,9.1,83.0
2024-05-06T02:00,36.8,22.4,214.0,6.6,9.8,90.0
2024-05-06T03:00,39.9,24.4,222.0,6.5,10.1,99.0
2024-05-06T04:00,44.0,26.8,215.0,5.2,10.1,113.0
2024-05-06T05:00,48.2,29.3,199.0,3.3,9.7,128.0
2024-05-06T06:00,48.1,28.8,186.0,1.8,8.8,138.0
2024-05-06T07:00,48.3,28.3,179.0,1.2,6.9,137.0
2024-05-06T08:00,50.3,28.8,174.0,1.1,4.5,131.0
2024-05-06T09:00,50.2,28.2,172.0,1.2,2.7,125.0
2024-05-06T10:00,50.8,28.2,176.0,1.6,1.9,124.0
2024-05-06T11:00,50.5,28.0,182.0,2.2,1.6,124.0
2024-05-06T12:00,43.9,24.7,184.0,3.2,1.6,122.0
2024-05-06T13:00,43.3,24.3,176.0,3.3,1.7,116.0
2024-05-06T14:00,40.7,22.9,164.0,3.5,1.9,108.0
2024-05-06T15:00,36.8,20.9,154.0,3.6,2.0,99.0
2024-05-06T16:00,33.1,19.0,145.0,3.7,2.0,87.0
2024-05-06T17:00,31.4,18.2,137.0,3.7,2.0,74.0
2024-05-06T18:00,32.8,18.9,135.0,3.6,2.0,66.0
2024-05-06T19:00,34.9,20.1,143.0,3.2,1.9,68.0
2024-05-06T20:00,38.3,21.8,157.0,2.5,1.8,75.0
2024-05-06T21:00,39.8,22.8,168.0,2.2,1.8,80.0
2024-05-06T22:00,40.6,23.5,174.0,2.3,2.1,79.0
2024-05-06T23:00,40.9,24.0,178.0,2.7,2.5,75.0
2024-05-07T00:00,36.8,21.5,176.0,3.1,3.3,76.0
2024-05-07T01:00,39.8,23.2,175.0,3.4,3.5,75.0
2024-05-07T02:00,40.5,23.6,174.0,3.8,3.8,74.0
2024-05-07T03:00,40.2,23.5,170.0,3.8,3.9,75.0
2024-05-07T04:00,40.5,23.5,162.0,3.1,3.9,82.0
2024-05-07T05:00,40.4,23.1,153.0,1.9,3.7,91.0
2024-05-07T06:00,40.6,22.9,145.0,1.1,3.3,97.0
2024-05-07T07:00,40.2,22.4,140.0,0.8,2.6,96.0
2024-05-07T08:00,37.6,20.7,138.0,0.7,1.7,91.0
2024-05-07T09:00,35.7,19.6,136.0,0.8,1.0,87.0
2024-05-07T10:00,34.1,18.7,136.0,1.1,0.7,84.0
2024-05-07T11:00,32.4,17.8,138.0,1.5,0.7,82.0
2024-05-07T12:00,23.0,12.5,145.0,2.7,0.6,87.0
2024-05-07T13:00,21.8,11.7,141.0,2.4,0.7,87.0
2024-05-07T14:00,22.1,11.8,135.0,2.0,0.7,86.0
2024-05-07T15:00,22.6,12.1,131.0,1.7,0.8,86.0
2024-05-07T16:00,23.6,12.6,129.0,1.5,0.8,86.0
2024-05-07T17:00,24.0,12.9,129.0,1.3,0.7,85.0
2024-05-07T18:00,24.3,13.0,131.0,1.2,0.7,85.0
2024-05-07T19:00,25.3,13.6,134.0,1.2,0.8,85.0
2024-05-07T20:00,27.1,14.6,140.0,1.2,0.9,84.0
2024-05-07T21:00,28.8,15.6,146.0,1.2,1.0,84.0
2024-05-07T22:00,29.5,16.2,154.0,1.2,1.1,85.0
2024-05-07T23:00,29.6,16.5,162.0,1.3,1.1,86.0
2024-05-08T00:00,16.7,9.1,149.0,3.6,3.9,76.0
2024-05-08T01:00,19.6,11.0,154.0,4.1,5.2,76.0
2024-05-08T02:00,22.1,12.4,162.0,4.8,7.0,76.0
2024-05-08T03:00,24.0,13.6,167.0,4.9,7.9,79.0
2024-05-08T04:00,25.8,14.8,169.0,4.0,7.4,89.0
2024-05-08T05:00,27.4,15.8,170.0,2.5,6.1,101.0
2024-05-08T06:00,26.4,15.0,169.0,1.4,4.7,108.0
2024-05-08T07:00,23.1,13.0,165.0,0.9,3.2,104.0
2024-05-08T08:00,18.3,10.2,160.0,0.7,1.6,94.0
2024-05-08T09:00,15.1,8.4,154.0,0.7,0.5,85.0
2024-05-08T10:00,13.1,7.3,147.0,0.9,0.2,79.0
2024-05-08T11:00,12.1,6.7,140.0,1.2,0.3,73.0
2024-05-08T12:00,19.9,10.7,141.0,1.9,0.3,85.0
2024-05-08T13:00,18.9,10.1,136.0,1.7,0.4,83.0
2024-05-08T14:00,18.4,9.9,128.0,1.5,0.4,80.0
2024-05-08T15:00,18.4,9.9,121.0,1.3,0.5,77.0
2024-05-08T16:00,18.0,9.8,114.0,1.1,0.5,72.0
2024-05-08T17:00,17.3,9.4,107.0,0.9,0.5,67.0
2024-05-08T18:00,16.2,8.8,101.0,0.7,0.4,62.0
2024-05-08T19:00,15.8,8.5,98.0,0.5,0.3,58.0
2024-05-08T20:00,15.8,8.5,96.0,0.4,0.2,55.0
2024-05-08T21:00,15.7,8.5,96.0,0.4,0.2,53.0
2024-05-08T22:00,15.5,8.4,97.0,0.6,0.2,51.0
2024-05-08T23:00,15.3,8.3,99.0,1.0,0.3,50.0
2024-05-09T00:00,13.9,7.7,107.0,1.9,1.2,52.0
2024-05-09T01:00,15.1,8.5,109.0,1.8,1.0,53.0
2024-05-09T02:00,17.1,9.4,112.0,1.8,0.6,55.0
2024-05-09T03:00,17.1,9.3,114.0,1.6,0.4,57.0
2024-05-09T04:00,17.1,9.5,115.0,1.3,0.4,61.0
2024-05-09T05:00,16.9,9.3,116.0,1.0,0.5,67.0
2024-05-09T06:00,16.1,8.8,116.0,0.7,0.6,69.0
2024-05-09T07:00,15.4,8.3,114.0,0.6,0.5,66.0
2024-05-09T08:00,15.5,8.4,112.0,0.6,0.4,60.0
2024-05-09T09:00,15.1,8.2,110.0,0.6,0.3,55.0
2024-05-09T10:00,15.4,8.4,111.0,0.8,0.3,53.0
2024-05-09T11:00,16.0,8.7,113.0,1.1,0.3,52.0
2024-05-09T12:00,13.7,7.5,117.0,1.7,0.3,51.0
2024-05-09T13:00,13.6,7.4,115.0,1.5,0.3,52.0
2024-05-09T14:00,13.6,7.5,113.0,1.3,0.4,52.0
2024-05-09T15:00,14.1,7.7,111.0,1.1,0.4,53.0
2024-05-09T16:00,15.1,8.1,109.0,1.0,0.4,54.0
2024-05-09T17:00,16.1,8.6,107.0,0.8,0.3,54.0
2024-05-09T18:00,17.3,9.3,106.0,0.7,0.3,54.0
2024-05-09T19:00,18.6,9.9,104.0,0.5,0.3,53.0
2024-05-09T20:00,20.0,10.7,103.0,0.3,0.3,52.0
2024-05-09T21:00,20.5,10.9,103.0,0.3,0.3,51.0
2024-05-09T22:00,20.1,10.7,103.0,0.4,0.2,51.0
2024-05-09T23:00,18.2,9.8,104.0,0.7,0.1,52.0
2024-05-10T00:00,17.4,9.3,105.0,0.8,0.5,53.0
2024-05-10T01:00,17.7,9.6,111.0,1.1,0.6,56.0
2024-05-10T02:00,17.1,9.3,118.0,1.4,0.8,60.0
2024-05-10T03:00,15.1,8.4,123.0,1.6,0.9,64.0
2024-05-10T04:00,14.9,8.5,123.0,1.4,0.8,67.0
2024-05-10T05:00,14.1,8.2,121.0,0.9,0.5,70.0
2024-05-10T06:00,12.3,7.1,118.0,0.6,0.3,70.0
2024-05-10T07:00,10.4,5.9,114.0,0.5,0.3,65.0
2024-05-10T08:00,9.4,5.3,109.0,0.5,0.3,57.0
2024-05-10T09:00,9.1,5.1,106.0,0.5,0.3,51.0
2024-05-10T10:00,9.5,5.2,105.0,0.7,0.3,49.0
2024-05-10T11:00,9.9,5.4,105.0,0.9,0.3,48.0
2024-05-10T12:00,11.1,6.1,102.0,1.1,0.4,47.0
2024-05-10T13:00,12.0,6.5,101.0,0.9,0.4,48.0
2024-05-10T14:00,12.7,6.9,99.0,0.7,0.3,48.0
2024-05-10T15:00,12.7,6.9,98.0,0.5,0.3,49.0
2024-05-10T16:00,12.4,6.7,97.0,0.5,0.2,49.0
2024-05-10T17:00,11.9,6.5,96.0,0.5,0.1,50.0
2024-05-10T18:00,11.2,6.1,96.0,0.5,0.1,50.0
2024-05-10T19:00,10.6,5.8,96.0,0.4,0.0,50.0
2024-05-10T20:00,10.2,5.6,97.0,0.4,0.0,51.0
2024-05-10T21:00,10.0,5.5,99.0,0.6,0.2,51.0
2024-05-10T22:00,9.8,5.4,105.0,1.5,1.2,51.0
2024-05-10T23:00,10.1,5.6,112.0,2.7,2.5,50.0
2024-05-11T00:00,12.0,6.8,120.0,3.4,3.9,60.0
2024-05-11T01:00,10.7,6.1,122.0,3.2,3.2,61.0
2024-05-11T02:00,8.8,5.2,124.0,2.8,2.2,63.0
2024-05-11T03:00,8.0,4.7,124.0,2.4,1.4,65.0
2024-05-11T04:00,8.2,4.8,121.0,1.7,0.9,67.0
2024-05-11T05:00,8.9,5.1,117.0,0.9,0.5,68.0
2024-05-11T06:00,8.8,4.9,114.0,0.4,0.3,69.0
2024-05-11T07:00,9.5,5.2,114.0,0.3,0.2,68.0
2024-05-11T08:00,8.9,4.9,115.0,0.5,0.3,66.0
2024-05-11T09:00,8.3,4.6,117.0,0.7,0.3,64.0
2024-05-11T10:00,8.0,4.4,119.0,1.0,0.3,62.0
2024-05-11T11:00,8.2,4.5,121.0,1.3,0.2,59.0
2024-05-11T12:00,8.6,5.0,113.0,1.7,0.4,54.0
2024-05-11T13:00,8.0,4.6,110.0,1.5,0.4,54.0
2024-05-11T14:00,8.2,4.6,106.0,1.2,0.4,53.0
2024-05-11T15:00,8.3,4.6,102.0,0.9,0.4,53.0
2024-05-11T16:00,8.5,4.6,99.0,0.7,0.4,52.0
2024-05-11T17:00,8.7,4.6,96.0,0.6,0.3,52.0
2024-05-11T18:00,8.6,4.6,93.0,0.5,0.3,51.0
2024-05-11T19:00,8.8,4.6,91.0,0.4,0.3,50.0
2024-05-11T20:00,8.8,4.6,90.0,0.3,0.2,50.0
2024-05-11T21:00,8.7,4.5,89.0,0.3,0.2,49.0
2024-05-11T22:00,9.0,4.7,89.0,0.4,0.2,48.0
2024-05-11T23:00,9.2,4.8,90.0,0.5,0.2,47.0
2024-05-12T00:00,9.1,4.8,96.0,0.7,0.5,47.0
2024-05-12T01:00,9.6,5.1,97.0,0.8,0.4,48.0
2024-05-12T02:00,10.0,5.3,98.0,1.0,0.3,49.0
2024-05-12T03:00,10.9,5.8,99.0,1.0,0.3,50.0
2024-05-12T04:00,10.6,5.7,99.0,0.8,0.3,51.0
2024-05-12T05:00,9.4,5.0,98.0,0.6,0.4,51.0
2024-05-12T06:00,9.6,5.1,98.0,0.4,0.5,51.0
2024-05-12T07:00,9.7,5.2,98.0,0.5,0.6,51.0
2024-05-12T08:00,9.9,5.4,98.0,0.7,0.6,51.0
2024-05-12T09:00,10.4,5.7,99.0,0.9,0.6,51.0
2024-05-12T10:00,11.4,6.3,101.0,1.2,0.5,51.0
2024-05-12T11:00,11.4,6.3,105.0,1.6,0.4,51.0
2024-05-12T12:00,16.1,9.8,110.0,3.4,5.5,63.0
2024-05-12T13:00,14.2,8.4,104.0,2.6,4.1,58.0
2024-05-12T14:00,12.0,6.8,96.0,1.6,2.1,51.0
2024-05-12T15:00,9.9,5.2,90.0,0.8,0.6,45.0
2024-05-12T16:00,9.3,4.9,89.0,0.5,0.2,43.0
2024-05-12T17:00,9.6,5.1,91.0,0.5,0.3,42.0
2024-05-12T18:00,10.3,5.5,93.0,0.5,0.4,42.0
2024-05-12T19:00,10.7,5.8,94.0,0.4,0.3,42.0
2024-05-12T20:00,10.9,6.0,96.0,0.4,0.2,43.0
2024-05-12T21:00,11.1,6.1,100.0,0.7,0.4,43.0
2024-05-12T22:00,11.2,6.2,110.0,1.5,1.0,42.0
2024-05-12T23:00,11.3,6.4,122.0,2.7,1.8,41.0
2024-05-13T00:00,12.8,7.5,182.0,6.0,5.8,51.0
2024-05-13T01:00,13.5,8.2,197.0,7.0,8.5,55.0
2024-05-13T02:00,13.7,8.6,217.0,8.2,12.1,61.0
2024-05-13T03:00,14.7,9.4,228.0,8.5,14.1,69.0
2024-05-13T04:00,17.9,11.7,225.0,7.0,13.3,84.0
2024-05-13T05:00,20.5,13.3,213.0,4.6,11.0,101.0
2024-05-13T06:00,21.8,14.0,199.0,2.6,8.5,111.0
2024-05-13T07:00,21.8,13.6,183.0,1.7,5.8,108.0
2024-05-13T08:00,19.3,11.5,166.0,1.2,2.9,98.0
2024-05-13T09:00,15.7,9.0,150.0,1.0,0.8,87.0
2024-05-13T10:00,13.0,7.4,138.0,1.0,0.1,75.0
2024-05-13T11:00,11.2,6.4,128.0,1.1,0.2,62.0
2024-05-13T12:00,19.0,10.9,119.0,1.7,0.4,51.0
2024-05-13T13:00,18.4,10.5,116.0,1.4,0.4,50.0
2024-05-13T14:00,19.1,10.9,111.0,1.0,0.3,49.0
2024-05-13T15:00,19.5,11.2,108.0,0.7,0.3,48.0
2024-05-13T16:00,19.8,11.4,107.0,0.6,0.3,48.0
2024-05-13T17:00,19.6,11.3,107.0,0.6,0.3,48.0
2024-05-13T18:00,19.3,11.0,107.0,0.6,0.3,48.0
2024-05-13T19:00,19.0,10.9,107.0,0.6,0.3,48.0
2024-05-13T20:00,18.9,10.8,108.0,0.5,0.2,48.0
2024-05-13T21:00,18.7,10.8,109.0,0.6,0.3,48.0
2024-05-13T22:00,18.6,10.7,110.0,0.8,0.6,47.0
2024-05-13T23:00,18.3,10.5,112.0,1.2,1.0,47.0
2024-05-14T00:00,18.2,10.9,134.0,4.5,3.6,43.0
2024-05-14T01:00,18.9,11.4,135.0,4.4,4.1,47.0
2024-05-14T02:00,17.9,10.7,137.0,4.2,4.8,52.0
2024-05-14T03:00,17.5,10.3,138.0,3.8,5.2,58.0
2024-05-14T04:00,17.7,10.5,139.0,3.1,5.0,66.0
2024-05-14T05:00,18.9,11.3,139.0,2.1,4.5,75.0
2024-05-14T06:00,20.5,12.4,138.0,1.4,3.8,80.0
2024-05-14T07:00,21.7,12.9,135.0,1.0,2.7,78.0
2024-05-14T08:00,20.2,11.7,130.0,0.7,1.4,72.0
2024-05-14T09:00,17.0,9.5,126.0,0.6,0.4,66.0
2024-05-14T10:00,15.1,8.3,124.0,0.7,0.1,60.0
2024-05-14T11:00,14.1,7.7,124.0,1.0,0.2,53.0
2024-05-14T12:00,26.7,14.3,124.0,1.9,0.3,50.0
2024-05-14T13:00,25.2,13.6,122.0,1.6,0.3,49.0
2024-05-14T14:00,24.6,13.2,119.0,1.1,0.4,47.0
2024-05-14T15:00,24.3,13.2,116.0,0.8,0.4,46.0
2024-05-14T16:00,23.6,12.8,115.0,0.7,0.4,45.0
2024-05-14T17:00,23.1,12.5,114.0,0.8,0.4,45.0
2024-05-14T18:00,22.5,12.2,114.0,0.9,0.4,45.0
2024-05-14T19:00,21.8,11.8,114.0,0.8,0.3,45.0
2024-05-14T20:00,21.2,11.5,114.0,0.8,0.2,45.0
2024-05-14T21:00,20.7,11.4,116.0,1.1,0.5,44.0
2024-05-14T22:00,20.7,11.4,121.0,2.0,1.3,42.0
2024-05-14T23:00,21.1,11.8,128.0,3.3,2.5,39.0
2024-05-15T00:00,21.1,12.0,163.0,10.0,10.7,29.0
2024-05-15T01:00,24.2,13.9,167.0,9.8,12.1,32.0
2024-05-15T02:00,25.4,14.6,173.0,9.5,13.9,36.0
2024-05-15T03:00,24.9,14.3,174.0,8.6,14.2,41.0
2024-05-15T04:00,24.2,13.9,166.0,6.7,11.8,49.0
2024-05-15T05:00,20.8,12.1,152.0,4.3,7.9,58.0
2024-05-15T06:00,16.5,9.8,142.0,2.5,4.7,64.0
2024-05-15T07:00,13.3,7.9,137.0,1.7,2.9,65.0
2024-05-15T08:00,11.3,6.7,135.0,1.5,1.8,64.0
2024-05-15T09:00,9.8,5.7,134.0,1.4,1.0,62.0
2024-05-15T10:00,8.8,5.0,134.0,1.4,0.5,60.0
2024-05-15T11:00,7.6,4.4,135.0,1.6,0.2,58.0
2024-05-15T12:00,13.2,7.4,115.0,1.3,0.2,53.0
2024-05-15T13:00,11.6,6.5,115.0,1.2,0.2,51.0
2024-05-15T14:00,10.5,5.7,115.0,1.0,0.3,49.0
2024-05-15T15:00,9.8,5.2,114.0,0.8,0.3,47.0
2024-05-15T16:00,10.1,5.3,112.0,0.7,0.3,46.0
2024-05-15T17:00,10.9,5.8,110.0,0.6,0.2,45.0
2024-05-15T18:00,10.4,5.5,108.0,0.6,0.2,44.0
2024-05-15T19:00,9.7,5.1,108.0,0.7,0.2,43.0
2024-05-15T20:00,8.7,4.7,109.0,0.7,0.2,43.0
2024-05-15T21:00,8.9,4.8,109.0,0.8,0.2,43.0
2024-05-15T22:00,7.7,4.1,106.0,0.7,0.2,44.0
2024-05-15T23:00,7.2,3.9,103.0,0.5,0.1,45.0
2024-05-16T00:00,9.7,5.3,110.0,1.5,0.8,43.0
2024-05-16T01:00,10.4,5.7,111.0,1.7,0.8,44.0
2024-05-16T02:00,9.9,5.4,112.0,2.0,0.8,45.0
2024-05-16T03:00,8.4,4.6,113.0,2.2,0.9,46.0
2024-05-16T04:00,6.7,3.7,114.0,2.3,1.1,47.0
2024-05-16T05:00,5.3,3.0,114.0,2.3,1.4,47.0
2024-05-16T06:00,4.6,2.7,114.0,2.3,1.6,48.0
2024-05-16T07:00,5.0,3.0,113.0,2.1,1.6,50.0
2024-05-16T08:00,5.5,3.4,113.0,1.8,1.6,51.0
2024-05-16T09:00,5.5,3.4,112.0,1.7,1.5,52.0
2024-05-16T10:00,5.1,3.1,111.0,1.9,1.5,50.0
2024-05-16T11:00,4.6,2.8,111.0,2.2,1.4,48.0
2024-05-16T12:00,5.6,3.3,111.0,2.7,1.2,45.0
2024-05-16T13:00,5.8,3.3,112.0,2.4,1.0,45.0
2024-05-16T14:00,5.8,3.3,113.0,2.0,0.6,44.0
2024-05-16T15:00,5.7,3.2,115.0,1.7,0.4,44.0
2024-05-16T16:00,6.0,3.4,119.0,1.6,0.3,45.0
2024-05-16T17:00,5.8,3.3,123.0,1.6,0.3,47.0
2024-05-16T18:00,5.6,3.2,128.0,1.7,0.4,49.0
2024-05-16T19:00,5.6,3.2,132.0,1.7,0.5,50.0
2024-05-16T20:00,5.5,3.2,136.0,1.8,0.7,50.0
2024-05-16T21:00,5.5,3.3,143.0,2.5,1.3,49.0
2024-05-16T22:00,5.8,3.6,156.0,4.1,1.8,45.0
2024-05-16T23:00,6.4,4.1,172.0,6.2,2.7,40.0
2024-05-17T00:00,4.8,3.0,140.0,2.9,1.5,47.0
2024-05-17T01:00,4.7,3.0,139.0,3.0,1.4,48.0
2024-05-17T02:00,4.5,2.8,138.0,3.2,1.3,49.0
2024-05-17T03:00,4.9,3.0,137.0,3.2,1.2,50.0
2024-05-17T04:00,5.3,3.2,135.0,3.0,1.2,51.0
2024-05-17T05:00,5.7,3.4,133.0,2.6,1.1,52.0
2024-05-17T06:00,5.9,3.5,131.0,2.4,1.1,53.0
2024-05-17T07:00,5.8,3.4,130.0,2.4,1.1,53.0
2024-05-17T08:00,5.8,3.4,130.0,2.4,1.0,53.0
2024-05-17T09:00,6.5,3.8,131.0,2.5,1.0,53.0
2024-05-17T10:00,6.6,3.9,134.0,2.6,1.0,54.0
2024-05-17T11:00,6.9,4.1,139.0,2.6,1.0,56.0
2024-05-17T12:00,6.8,3.8,172.0,4.0,1.4,62.0
2024-05-17T13:00,7.7,4.5,172.0,4.2,1.8,64.0
2024-05-17T14:00,8.5,5.0,173.0,4.4,2.4,66.0
2024-05-17T15:00,9.7,5.8,175.0,4.8,3.2,68.0
2024-05-17T16:00,11.0,6.7,178.0,5.4,4.1,69.0
2024-05-17T17:00,12.3,7.6,183.0,6.2,5.3,70.0
2024-05-17T18:00,13.0,8.1,188.0,7.1,6.8,69.0
2024-05-17T19:00,13.5,8.6,194.0,8.1,9.0,66.0
2024-05-17T20:00,14.3,9.2,200.0,9.3,11.6,61.0
2024-05-17T21:00,15.3,9.9,206.0,10.3,13.7,57.0
2024-05-17T22:00,16.8,11.0,214.0,11.2,15.0,52.0
2024-05-17T23:00,18.6,12.4,221.0,12.1,15.9,47.0
2024-05-18T00:00,15.0,9.9,199.0,10.0,15.9,49.0
2024-05-18T01:00,14.8,9.8,191.0,9.2,13.9,51.0
2024-05-18T02:00,14.7,9.6,180.0,8.1,11.2,54.0
2024-05-18T03:00,13.1,8.4,171.0,7.1,8.9,57.0
2024-05-18T04:00,12.4,7.9,165.0,6.2,7.6,60.0
2024-05-18T05:00,11.2,7.2,160.0,5.4,6.9,63.0
2024-05-18T06:00,10.9,7.0,156.0,4.6,6.0,66.0
2024-05-18T07:00,10.4,6.7,154.0,3.8,4.9,69.0
2024-05-18T08:00,10.0,6.5,154.0,3.0,3.7,72.0
2024-05-18T09:00,9.7,6.3,154.0,2.4,2.6,74.0
2024-05-18T10:00,9.0,5.8,155.0,2.0,1.6,75.0
2024-05-18T11:00,7.6,4.8,156.0,1.7,0.8,75.0
2024-05-18T12:00,7.1,4.3,151.0,1.6,0.7,76.0
2024-05-18T13:00,6.7,3.9,151.0,1.5,0.6,75.0
2024-05-18T14:00,8.4,4.9,150.0,1.4,0.5,73.0
2024-05-18T15:00,11.3,6.5,152.0,1.6,0.6,71.0
2024-05-18T16:00,13.2,7.7,157.0,2.3,0.8,68.0
2024-05-18T17:00,14.1,8.4,164.0,3.4,1.3,65.0
2024-05-18T18:00,14.5,8.8,171.0,4.6,2.5,62.0
2024-05-18T19:00,15.2,9.4,178.0,6.0,5.0,59.0
2024-05-18T20:00,16.6,10.5,185.0,7.6,8.3,56.0
2024-05-18T21:00,17.2,11.1,192.0,9.0,11.5,53.0
2024-05-18T22:00,18.4,12.1,198.0,10.4,14.7,49.0
2024-05-18T23:00,20.0,13.3,203.0,11.7,17.9,46.0
2024-05-19T00:00,18.0,11.9,216.0,10.0,13.6,49.0
2024-05-19T01:00,18.1,12.1,221.0,10.2,14.8,51.0
2024-05-19T02:00,19.1,12.8,227.0,10.3,16.5,53.0
2024-05-19T03:00,19.8,13.3,229.0,9.7,16.9,60.0
2024-05-19T04:00,19.2,12.8,225.0,7.7,15.2,74.0
2024-05-19T05:00,19.2,12.6,217.0,5.0,12.3,92.0
2024-05-19T06:00,20.2,13.1,210.0,2.9,9.6,105.0
2024-05-19T07:00,21.1,13.6,205.0,2.0,7.4,110.0
2024-05-19T08:00,19.9,12.7,201.0,1.6,5.4,111.0
2024-05-19T09:00,17.6,11.1,198.0,1.5,3.7,108.0
2024-05-19T10:00,14.9,9.2,195.0,1.5,2.3,100.0
2024-05-19T11:00,12.4,7.6,193.0,1.7,1.2,88.0
2024-05-19T12:00,38.1,22.9,209.0,5.2,16.5,127.0
2024-05-19T13:00,34.7,20.5,205.0,4.0,11.9,117.0
2024-05-19T14:00,28.2,16.3,200.0,2.4,5.5,102.0
2024-05-19T15:00,22.2,12.6,194.0,1.2,0.8,90.0
2024-05-19T16:00,19.4,11.1,186.0,0.7,0.0,82.0
2024-05-19T17:00,18.3,10.4,177.0,0.6,0.0,75.0
2024-05-19T18:00,17.3,9.8,169.0,0.7,0.3,70.0
2024-05-19T19:00,16.1,9.1,162.0,0.9,0.6,67.0
2024-05-19T20:00,16.1,9.1,155.0,1.3,1.0,65.0
2024-05-19T21:00,16.8,9.6,152.0,1.8,1.6,63.0
2024-05-19T22:00,16.4,9.4,153.0,2.4,2.4,61.0
2024-05-19T23:00,15.8,9.3,157.0,3.1,3.2,60.0
2024-05-20T00:00,8.1,4.9,162.0,6.3,8.3,54.0
2024-05-20T01:00,7.9,4.8,164.0,6.3,7.6,54.0
2024-05-20T02:00,8.1,4.9,167.0,6.3,6.7,54.0
2024-05-20T03:00,7.8,4.7,168.0,5.9,5.6,55.0
2024-05-20T04:00,7.4,4.5,164.0,4.7,4.3,58.0
2024-05-20T05:00,7.4,4.5,156.0,3.2,2.8,61.0
2024-05-20T06:00,7.2,4.4,151.0,2.0,1.7,64.0
2024-05-20T07:00,7.9,4.9,148.0,1.6,1.4,65.0
2024-05-20T08:00,7.7,4.8,148.0,1.6,1.4,66.0
2024-05-20T09:00,6.9,4.3,148.0,1.8,1.5,66.0
2024-05-20T10:00,6.4,4.1,149.0,2.1,1.4,66.0
2024-05-20T11:00,6.2,3.9,151.0,2.5,1.3,65.0
2024-05-20T12:00,1.1,0.8,189.0,11.2,11.6,49.0
2024-05-20T13:00,2.1,1.5,191.0,9.2,9.1,49.0
2024-05-20T14:00,2.6,1.8,193.0,6.5,5.6,49.0
2024-05-20T15:00,2.6,1.9,196.0,4.6,3.0,48.0
2024-05-20T16:00,2.8,1.9,198.0,4.4,2.3,47.0
2024-05-20T17:00,3.1,2.2,200.0,5.0,2.5,46.0
2024-05-20T18:00,4.0,2.8,205.0,5.8,2.8,44.0
2024-05-20T19:00,5.1,3.6,216.0,6.6,3.0,42.0
2024-05-20T20:00,6.4,4.4,231.0,7.6,3.3,39.0
2024-05-20T21:00,7.5,5.2,239.0,8.4,3.9,37.0
2024-05-20T22:00,8.3,5.7,234.0,8.9,4.7,35.0
2024-05-20T23:00,8.8,6.0,224.0,9.2,5.7,34.0
2024-05-21T00:00,5.6,3.8,183.0,4.2,3.6,41.0
2024-05-21T01:00,5.8,4.0,176.0,4.2,3.4,42.0
2024-05-21T02:00,5.6,3.8,166.0,4.2,3.2,43.0
2024-05-21T03:00,4.9,3.3,161.0,4.1,3.1,46.0
2024-05-21T04:00,5.0,3.4,163.0,3.7,3.2,52.0
2024-05-21T05:00,6.2,4.2,169.0,3.1,3.4,59.0
2024-05-21T06:00,8.8,6.1,175.0,2.7,3.6,67.0
2024-05-21T07:00,11.2,7.7,182.0,2.5,3.6,78.0
2024-05-21T08:00,12.6,8.6,189.0,2.4,3.6,90.0
2024-05-21T09:00,13.3,8.9,191.0,2.4,3.4,96.0
2024-05-21T10:00,11.5,7.4,181.0,2.4,2.8,90.0
2024-05-21T11:00,10.3,6.3,166.0,2.6,2.0,78.0
2024-05-21T12:00,16.6,11.2,232.0,13.0,8.9,43.0
2024-05-21T13:00,16.6,11.2,242.0,13.3,9.6,42.0
2024-05-21T14:00,16.1,11.1,254.0,13.6,10.4,41.0
2024-05-21T15:00,16.2,11.3,257.0,13.1,10.4,40.0
2024-05-21T16:00,14.2,9.9,244.0,11.2,8.8,41.0
2024-05-21T17:00,11.1,7.7,222.0,8.6,6.4,42.0
2024-05-21T18:00,7.8,5.5,200.0,6.4,4.5,43.0
2024-05-21T19:00,5.3,3.7,180.0,5.1,3.6,42.0
2024-05-21T20:00,3.6,2.5,160.0,4.2,3.2,41.0
2024-05-21T21:00,2.9,2.0,147.0,3.6,3.0,40.0
2024-05-21T22:00,2.8,2.0,143.0,3.5,2.9,38.0
2024-05-21T23:00,3.2,2.2,145.0,3.6,2.9,37.0
2024-05-22T00:00,7.1,4.9,190.0,9.3,11.4,34.0
2024-05-22T01:00,7.9,5.5,196.0,8.3,9.5,39.0
2024-05-22T02:00,8.7,6.1,205.0,6.8,7.0,46.0
2024-05-22T03:00,8.8,6.1,209.0,5.6,5.2,54.0
2024-05-22T04:00,8.6,6.0,204.0,4.9,4.9,63.0
2024-05-22T05:00,9.1,6.3,195.0,4.5,5.5,72.0
2024-05-22T06:00,10.2,7.0,187.0,4.2,6.0,80.0
2024-05-22T07:00,10.3,7.2,185.0,4.0,6.5,85.0
2024-05-22T08:00,11.1,7.6,184.0,4.0,7.0,89.0
2024-05-22T09:00,11.5,7.6,183.0,4.1,7.1,90.0
2024-05-22T10:00,12.0,7.6,179.0,4.5,6.3,87.0
2024-05-22T11:00,11.8,7.3,175.0,5.1,5.1,82.0
2024-05-22T12:00,6.1,3.8,152.0,3.8,2.5,68.0
2024-05-22T13:00,5.7,3.7,160.0,4.4,3.1,68.0
2024-05-22T14:00,6.7,4.4,172.0,5.3,4.0,68.0
2024-05-22T15:00,8.3,5.5,183.0,6.1,4.8,68.0
2024-05-22T16:00,9.3,6.3,193.0,6.9,5.6,67.0
2024-05-22T17:00,10.6,7.2,203.0,7.6,6.4,65.0
2024-05-22T18:00,11.0,7.5,213.0,8.1,6.8,62.0
2024-05-22T19:00,11.8,8.1,223.0,8.3,6.4,57.0
2024-05-22T20:00,12.4,8.5,233.0,8.3,5.6,51.0
2024-05-22T21:00,12.6,8.7,241.0,8.4,5.0,46.0
2024-05-22T22:00,13.5,9.3,247.0,8.7,4.7,40.0
2024-05-22T23:00,14.3,9.7,252.0,9.0,4.6,35.0
2024-05-23T00:00,7.9,5.3,182.0,5.1,3.2,42.0
2024-05-23T01:00,8.4,5.6,186.0,5.7,4.0,43.0
2024-05-23T02:00,8.1,5.3,191.0,6.6,5.3,45.0
2024-05-23T03:00,8.5,5.5,193.0,7.2,7.0,49.0
2024-05-23T04:00,8.5,5.5,190.0,7.3,9.5,57.0
2024-05-23T05:00,8.4,5.4,185.0,7.0,12.5,67.0
2024-05-23T06:00,9.7,6.3,182.0,6.7,14.5,77.0
2024-05-23T07:00,12.5,8.2,184.0,6.1,14.8,88.0
2024-05-23T08:00,15.5,10.2,189.0,5.5,14.2,99.0
2024-05-23T09:00,17.5,11.6,193.0,5.4,14.0,106.0
2024-05-23T10:00,19.3,12.8,193.0,6.4,15.0,107.0
2024-05-23T11:00,20.2,13.4,191.0,7.9,16.3,104.0
2024-05-23T12:00,30.5,20.4,209.0,15.1,,89.0
2024-05-23T13:00,29.7,19.4,209.0,14.1,,85.0
2024-05-23T14:00,27.7,17.5,208.0,12.6,22.6,79.0
2024-05-23T15:00,25.8,15.6,206.0,10.9,19.1,76.0
2024-05-23T16:00,24.4,14.3,201.0,8.7,14.6,78.0
2024-05-23T17:00,20.3,11.9,195.0,6.3,9.7,83.0
2024-05-23T18:00,13.6,8.2,192.0,5.0,7.1,85.0
2024-05-23T19:00,10.9,6.8,196.0,5.5,8.4,82.0
2024-05-23T20:00,10.6,6.9,203.0,7.1,12.0,77.0
2024-05-23T21:00,12.3,8.3,211.0,8.4,15.5,71.0
2024-05-23T22:00,14.6,10.0,219.0,9.2,18.6,64.0
2024-05-23T23:00,16.7,11.6,227.0,9.8,21.7,58.0
2024-05-24T00:00,11.9,8.3,202.0,8.0,15.6,63.0
2024-05-24T01:00,13.1,9.1,213.0,8.6,16.9,65.0
2024-05-24T02:00,13.3,9.2,228.0,9.4,18.5,67.0
2024-05-24T03:00,14.8,10.2,236.0,9.4,19.5,73.0
2024-05-24T04:00,18.1,12.4,229.0,7.9,18.9,84.0
2024-05-24T05:00,19.8,13.2,215.0,5.7,17.6,98.0
2024-05-24T06:00,22.5,14.6,205.0,4.2,16.9,110.0
2024-05-24T07:00,23.1,15.0,202.0,3.9,17.5,117.0
2024-05-24T08:00,24.6,16.2,203.0,4.4,18.9,122.0
2024-05-24T09:00,27.2,18.1,208.0,5.2,20.4,125.0
2024-05-24T10:00,30.2,20.4,217.0,6.5,22.3,129.0
2024-05-24T11:00,32.6,22.1,229.0,8.1,24.4,131.0
2024-05-24T12:00,34.1,21.7,202.0,6.2,9.1,112.0
2024-05-24T13:00,33.5,21.5,226.0,8.0,12.0,108.0
2024-05-24T14:00,37.1,24.4,259.0,10.4,16.0,101.0
2024-05-24T15:00,43.1,28.5,284.0,12.1,18.6,94.0
2024-05-24T16:00,42.6,28.2,291.0,12.4,18.4,85.0
2024-05-24T17:00,37.4,24.8,289.0,12.0,16.7,76.0
2024-05-24T18:00,33.4,22.3,291.0,11.8,15.5,67.0
2024-05-24T19:00,31.5,21.2,302.0,12.1,15.5,60.0
2024-05-24T20:00,31.7,21.5,317.0,12.6,15.9,54.0
2024-05-24T21:00,33.8,23.1,335.0,12.8,15.8,50.0
2024-05-24T22:00,36.8,25.2,357.0,12.6,14.8,47.0
2024-05-24T23:00,39.5,27.0,382.0,12.1,13.4,45.0
2024-05-25T00:00,39.1,27.1,,12.5,13.6,42.0
2024-05-25T01:00,40.6,27.9,,12.6,13.3,46.0
2024-05-25T02:00,41.4,28.3,,12.7,13.0,52.0
2024-05-25T03:00,42.1,28.7,,12.2,12.9,65.0
2024-05-25T04:00,43.9,29.7,,10.4,13.1,92.0
2024-05-25T05:00,46.8,31.2,,7.9,13.6,126.0
2024-05-25T06:00,52.0,34.0,381.0,6.2,14.4,154.0
2024-05-25T07:00,58.0,37.0,371.0,5.8,15.8,172.0
2024-05-25T08:00,63.1,39.9,365.0,6.3,17.6,
2024-05-25T09:00,66.6,42.3,362.0,7.4,18.8,
2024-05-25T10:00,66.6,42.4,365.0,9.7,19.2,
2024-05-25T11:00,65.0,41.3,371.0,12.8,19.1,173.0
2024-05-25T12:00,,48.3,357.0,9.6,14.5,
2024-05-25T13:00,,,353.0,9.1,12.3,173.0
2024-05-25T14:00,,,348.0,8.4,9.2,145.0
2024-05-25T15:00,,,347.0,8.1,7.1,123.0
2024-05-25T16:00,,,355.0,8.7,6.7,111.0
2024-05-25T17:00,,,367.0,9.7,7.2,103.0
2024-05-25T18:00,,49.4,377.0,10.4,7.8,96.0
2024-05-25T19:00,70.8,43.1,,10.5,8.4,87.0
2024-05-25T20:00,60.1,37.4,,10.4,9.0,78.0
2024-05-25T21:00,54.0,34.1,,10.2,9.5,70.0
2024-05-25T22:00,51.3,32.4,,10.0,9.5,63.0
2024-05-25T23:00,48.8,30.6,380.0,9.8,9.4,57.0
2024-05-26T00:00,39.9,24.4,331.0,8.8,6.1,49.0
2024-05-26T01:00,36.8,22.1,329.0,9.1,6.6,51.0
2024-05-26T02:00,37.7,22.4,326.0,9.5,7.3,55.0
2024-05-26T03:00,39.8,23.2,321.0,9.3,8.2,65.0
2024-05-26T04:00,44.1,25.1,312.0,8.1,9.5,87.0
2024-05-26T05:00,51.8,28.8,301.0,6.3,10.9,115.0
2024-05-26T06:00,60.3,33.3,290.0,4.8,11.7,138.0
2024-05-26T07:00,66.4,36.7,278.0,3.7,11.1,152.0
2024-05-26T08:00,69.2,38.9,265.0,3.0,9.7,162.0
2024-05-26T09:00,70.3,39.7,257.0,3.1,9.0,166.0
2024-05-26T10:00,69.6,39.7,254.0,4.6,9.5,164.0
2024-05-26T11:00,67.8,39.5,256.0,7.0,10.7,157.0
2024-05-26T12:00,58.9,36.1,260.0,8.2,4.0,129.0
2024-05-26T13:00,59.8,36.6,274.0,9.8,6.7,125.0
2024-05-26T14:00,61.9,37.5,293.0,12.0,10.2,118.0
2024-05-26T15:00,63.1,37.7,304.0,13.2,12.3,111.0
2024-05-26T16:00,60.3,35.5,301.0,12.4,11.3,102.0
2024-05-26T17:00,53.3,31.0,291.0,10.7,8.8,92.0
2024-05-26T18:00,47.1,27.5,281.0,9.3,7.1,83.0
2024-05-26T19:00,42.4,25.0,275.0,8.9,7.2,76.0
2024-05-26T20:00,38.3,23.1,270.0,9.0,8.0,69.0
2024-05-26T21:00,34.7,21.2,263.0,9.1,8.7,63.0
2024-05-26T22:00,31.2,19.4,253.0,9.2,8.9,56.0
2024-05-26T23:00,27.9,17.5,243.0,9.4,9.1,49.0
2024-05-27T00:00,26.8,15.4,208.0,8.3,7.6,46.0
2024-05-27T01:00,30.0,16.2,212.0,7.9,7.4,50.0
2024-05-27T02:00,32.6,17.2,218.0,7.4,7.2,56.0
2024-05-27T03:00,36.7,18.9,223.0,6.6,7.3,68.0
2024-05-27T04:00,41.9,21.4,225.0,5.5,7.9,89.0
2024-05-27T05:00,45.9,23.5,226.0,4.2,8.9,116.0
2024-05-27T06:00,49.0,25.7,226.0,3.2,10.1,138.0
2024-05-27T07:00,49.1,25.4,222.0,2.5,11.6,154.0
2024-05-27T08:00,49.6,25.6,217.0,2.2,13.3,165.0
2024-05-27T09:00,49.6,25.8,218.0,2.7,14.4,171.0
2024-05-27T10:00,52.4,28.1,232.0,5.0,14.5,171.0
2024-05-27T11:00,55.1,30.4,251.0,8.1,14.0,164.0
2024-05-27T12:00,62.9,33.3,273.0,10.3,9.3,157.0
2024-05-27T13:00,63.3,33.9,278.0,10.6,9.5,144.0
2024-05-27T14:00,61.7,33.3,283.0,11.1,9.8,126.0
2024-05-27T15:00,51.0,28.1,284.0,11.1,9.6,109.0
2024-05-27T16:00,39.2,22.2,274.0,10.3,8.4,96.0
2024-05-27T17:00,31.9,18.6,258.0,9.0,6.8,85.0
2024-05-27T18:00,28.9,17.1,247.0,8.2,5.9,76.0
2024-05-27T19:00,28.5,17.2,244.0,8.2,6.3,69.0
2024-05-27T20:00,28.2,17.2,245.0,8.5,7.4,63.0
2024-05-27T21:00,27.4,16.8,247.0,8.9,8.2,58.0
2024-05-27T22:00,27.4,16.9,249.0,9.3,8.4,51.0
2024-05-27T23:00,28.3,17.3,252.0,9.7,8.5,45.0
2024-05-28T00:00,29.6,17.7,257.0,9.9,7.7,40.0
2024-05-28T01:00,31.3,18.2,260.0,9.5,7.8,44.0
2024-05-28T02:00,33.9,19.2,264.0,8.9,8.0,50.0
2024-05-28T03:00,38.1,20.8,265.0,8.1,8.7,63.0
2024-05-28T04:00,43.8,23.6,261.0,6.8,10.2,87.0
2024-05-28T05:00,51.1,27.0,253.0,5.2,12.2,116.0
2024-05-28T06:00,55.4,28.6,245.0,4.0,13.6,141.0
2024-05-28T07:00,54.8,26.7,236.0,3.1,14.0,157.0
2024-05-28T08:00,57.4,28.2,226.0,2.4,13.8,167.0
2024-05-28T09:00,59.6,29.9,222.0,2.7,13.5,172.0
2024-05-28T10:00,61.9,32.4,229.0,4.5,13.1,171.0
2024-05-28T11:00,61.2,32.8,242.0,7.1,12.6,164.0
2024-05-28T12:00,50.9,30.5,257.0,9.2,8.0,145.0
2024-05-28T13:00,52.0,31.3,270.0,10.6,9.3,135.0
2024-05-28T14:00,51.6,31.2,287.0,12.5,11.1,121.0
2024-05-28T15:00,47.8,29.4,299.0,13.8,12.0,107.0
2024-05-28T16:00,40.6,25.6,301.0,13.9,11.3,93.0
2024-05-28T17:00,32.5,21.1,298.0,13.4,9.9,79.0
2024-05-28T18:00,26.4,17.4,292.0,12.7,8.7,68.0
2024-05-28T19:00,22.5,15.0,284.0,11.9,8.4,61.0
2024-05-28T20:00,20.4,13.6,274.0,10.9,8.3,57.0
2024-05-28T21:00,19.2,12.8,265.0,10.1,8.2,54.0
2024-05-28T22:00,18.3,12.2,259.0,9.5,7.7,49.0
2024-05-28T23:00,17.3,11.6,255.0,9.1,7.0,45.0
2024-05-29T00:00,17.9,12.0,268.0,9.0,6.6,45.0
2024-05-29T01:00,17.5,11.6,270.0,8.6,6.8,50.0
2024-05-29T02:00,18.3,12.1,273.0,8.0,7.1,57.0
2024-05-29T03:00,20.5,13.5,275.0,7.2,7.7,71.0
2024-05-29T04:00,24.6,16.1,276.0,6.0,8.6,96.0
2024-05-29T05:00,30.5,19.9,276.0,4.6,9.6,128.0
2024-05-29T06:00,36.8,23.9,273.0,3.5,10.8,153.0
2024-05-29T07:00,42.3,27.0,262.0,2.7,12.3,168.0
2024-05-29T08:00,42.8,26.3,247.0,2.1,14.0,176.0
2024-05-29T09:00,43.0,24.7,239.0,2.6,14.7,
2024-05-29T10:00,46.4,25.9,247.0,5.0,13.9,170.0
2024-05-29T11:00,52.4,29.9,262.0,8.5,12.1,156.0
2024-05-29T12:00,68.5,38.2,277.0,9.4,13.1,163.0
2024-05-29T13:00,61.5,34.2,251.0,8.2,10.4,142.0
2024-05-29T14:00,47.8,26.9,216.0,6.6,6.6,113.0
2024-05-29T15:00,34.2,19.5,190.0,5.5,3.9,90.0
2024-05-29T16:00,28.1,15.9,183.0,5.5,3.2,80.0
2024-05-29T17:00,25.5,14.5,186.0,6.1,3.5,76.0
2024-05-29T18:00,25.3,14.3,193.0,6.7,4.0,73.0
2024-05-29T19:00,25.6,14.6,201.0,7.0,4.5,70.0
2024-05-29T20:00,25.8,14.9,212.0,7.2,5.2,69.0
2024-05-29T21:00,27.0,16.1,226.0,7.6,5.8,66.0
2024-05-29T22:00,27.8,17.1,245.0,8.3,6.4,60.0
2024-05-29T23:00,28.8,18.2,267.0,9.1,6.9,52.0
2024-05-30T00:00,31.0,19.2,281.0,8.9,6.3,50.0
2024-05-30T01:00,32.6,20.4,298.0,8.9,6.6,56.0
2024-05-30T02:00,34.0,21.4,322.0,8.9,7.2,65.0
2024-05-30T03:00,35.7,22.5,335.0,8.4,8.3,81.0
2024-05-30T04:00,39.5,24.9,329.0,7.0,10.6,109.0
2024-05-30T05:00,45.2,28.8,312.0,5.1,13.6,144.0
2024-05-30T06:00,48.9,31.0,295.0,3.7,15.8,172.0
2024-05-30T07:00,48.0,29.7,279.0,2.9,16.8,
2024-05-30T08:00,48.0,28.7,264.0,2.6,17.0,
2024-05-30T09:00,51.3,30.2,258.0,3.3,16.9,
2024-05-30T10:00,56.1,33.2,269.0,6.0,16.5,
2024-05-30T11:00,59.0,34.8,288.0,9.7,15.8,
2024-05-30T12:00,,46.6,296.0,11.6,16.1,175.0
2024-05-30T13:00,74.5,43.3,286.0,11.3,13.9,159.0
2024-05-30T14:00,64.5,37.3,272.0,10.8,10.8,136.0
2024-05-30T15:00,55.1,31.5,259.0,10.2,8.2,116.0
2024-05-30T16:00,46.8,26.8,246.0,9.2,6.5,103.0
2024-05-30T17:00,41.6,23.7,235.0,8.0,5.2,93.0
2024-05-30T18:00,38.5,22.1,236.0,7.5,4.5,83.0
2024-05-30T19:00,38.0,21.8,259.0,8.4,4.6,73.0
2024-05-30T20:00,39.3,23.4,294.0,9.9,5.2,64.0
2024-05-30T21:00,38.1,23.2,318.0,10.9,5.8,57.0
2024-05-30T22:00,35.7,22.1,319.0,10.9,6.1,52.0
2024-05-30T23:00,33.2,20.7,309.0,10.3,6.3,48.0
2024-05-31T00:00,50.3,28.6,290.0,8.6,10.5,66.0
2024-05-31T01:00,49.4,28.3,297.0,8.5,10.1,70.0
2024-05-31T02:00,49.2,28.2,305.0,8.3,9.5,76.0
2024-05-31T03:00,49.9,29.0,309.0,7.7,8.7,87.0
2024-05-31T04:00,50.4,30.2,303.0,6.1,7.4,107.0
2024-05-31T05:00,49.7,30.3,291.0,4.1,5.8,133.0
2024-05-31T06:00,50.4,30.6,283.0,2.7,4.8,154.0
2024-05-31T07:00,52.0,31.4,281.0,2.3,4.8,167.0
2024-05-31T08:00,53.4,31.9,281.0,2.5,5.5,176.0
2024-05-31T09:00,54.8,32.2,283.0,3.1,6.3,
2024-05-31T10:00,56.5,32.4,288.0,4.6,7.4,
2024-05-31T11:00,59.1,33.1,293.0,6.5,8.8,
2024-05-31T12:00,69.8,39.2,287.0,6.9,7.0,170.0
2024-05-31T13:00,59.8,33.8,274.0,5.7,5.5,160.0
2024-05-31T14:00,49.4,28.1,255.0,4.0,3.5,147.0
2024-05-31T15:00,43.8,24.6,240.0,3.1,2.2,132.0
2024-05-31T16:00,38.1,21.7,231.0,3.7,2.5,116.0
2024-05-31T17:00,34.5,19.9,225.0,5.0,3.5,99.0
2024-05-31T18:00,33.5,19.3,220.0,5.9,4.5,87.0
2024-05-31T19:00,36.8,20.8,214.0,6.0,5.1,82.0
2024-05-31T20:00,37.6,21.4,209.0,5.7,5.6,81.0
2024-05-31T21:00,36.2,20.8,205.0,5.5,6.0,81.0
2024-05-31T22:00,34.8,20.0,200.0,5.3,6.1,79.0
2024-05-31T23:00,33.3,19.2,195.0,5.1,6.1,78.0
2024-06-01T00:00,40.2,24.3,249.0,6.7,7.2,68.0
2024-06-01T01:00,41.0,24.4,255.0,7.0,7.6,69.0
2024-06-01T02:00,41.7,24.6,263.0,7.3,8.2,70.0
2024-06-01T03:00,43.5,25.6,267.0,7.2,9.1,79.0
2024-06-01T04:00,47.5,28.0,266.0,6.1,10.6,100.0
2024-06-01T05:00,53.0,31.1,261.0,4.6,12.5,128.0
2024-06-01T06:00,55.8,32.0,255.0,3.4,14.1,151.0
2024-06-01T07:00,55.8,31.1,245.0,2.8,15.5,164.0
2024-06-01T08:00,56.9,31.7,232.0,2.5,16.6,172.0
2024-06-01T09:00,58.4,32.5,226.0,2.8,17.0,176.0
2024-06-01T10:00,58.8,33.2,229.0,4.0,16.0,175.0
2024-06-01T11:00,58.4,33.9,237.0,5.9,14.3,169.0
2024-06-01T12:00,74.5,42.4,240.0,5.6,4.5,126.0
2024-06-01T13:00,68.9,38.5,237.0,5.4,4.1,120.0
2024-06-01T14:00,64.0,35.7,234.0,5.2,3.6,112.0
2024-06-01T15:00,61.2,34.3,235.0,5.3,4.0,106.0
2024-06-01T16:00,62.9,34.9,243.0,5.9,6.1,104.0
2024-06-01T17:00,61.5,34.7,255.0,6.8,9.0,104.0
2024-06-01T18:00,60.5,34.8,264.0,7.3,11.2,103.0
2024-06-01T19:00,60.5,35.0,267.0,6.9,11.7,102.0
2024-06-01T20:00,62.6,36.1,267.0,6.1,11.5,100.0
2024-06-01T21:00,62.6,35.9,269.0,5.5,11.2,97.0
2024-06-01T22:00,62.2,35.6,275.0,5.4,11.1,92.0
2024-06-01T23:00,63.1,37.0,284.0,5.4,10.9,86.0
2024-06-02T00:00,64.3,39.7,312.0,5.6,7.8,76.0
2024-06-02T01:00,66.1,40.0,308.0,6.0,9.7,80.0
2024-06-02T02:00,66.8,38.4,302.0,6.5,12.4,85.0
2024-06-02T03:00,66.4,37.0,296.0,6.5,14.6,96.0
2024-06-02T04:00,67.8,37.6,292.0,5.6,16.1,116.0
2024-06-02T05:00,70.1,39.6,289.0,4.2,17.1,142.0
2024-06-02T06:00,69.6,39.3,283.0,3.1,17.4,161.0
2024-06-02T07:00,69.6,39.2,272.0,2.4,16.8,171.0
2024-06-02T08:00,67.5,37.3,257.0,2.0,15.3,176.0
2024-06-02T09:00,63.8,34.5,242.0,1.8,13.2,173.0
2024-06-02T10:00,58.6,30.9,224.0,1.8,9.4,160.0
2024-06-02T11:00,52.6,27.0,204.0,2.1,5.0,140.0
2024-06-02T12:00,46.8,25.6,198.0,4.1,2.0,111.0
2024-06-02T13:00,39.8,21.5,198.0,4.4,2.7,107.0
2024-06-02T14:00,37.3,20.4,198.0,4.7,3.7,101.0
2024-06-02T15:00,44.9,24.8,204.0,5.4,5.4,96.0
2024-06-02T16:00,53.9,30.2,221.0,6.6,8.1,94.0
2024-06-02T17:00,56.7,32.4,243.0,8.0,11.4,93.0
2024-06-02T18:00,56.8,32.5,260.0,9.0,14.2,91.0
2024-06-02T19:00,56.7,32.8,264.0,9.1,16.0,88.0
2024-06-02T20:00,57.9,33.8,262.0,8.6,17.3,84.0
2024-06-02T21:00,58.7,34.1,264.0,8.2,18.2,80.0
2024-06-02T22:00,59.8,34.9,274.0,7.8,18.6,77.0
2024-06-02T23:00,62.9,37.3,287.0,7.4,18.7,75.0
2024-06-03T00:00,57.6,35.9,283.0,9.7,22.5,68.0
2024-06-03T01:00,60.1,37.7,296.0,9.9,20.8,71.0
2024-06-03T02:00,61.9,39.1,314.0,10.2,18.3,74.0
2024-06-03T03:00,63.1,39.2,322.0,9.9,15.7,80.0
2024-06-03T04:00,63.6,38.1,311.0,8.6,13.0,88.0
2024-06-03T05:00,61.5,36.1,291.0,6.7,10.1,98.0
2024-06-03T06:00,61.9,36.3,275.0,5.2,8.0,108.0
2024-06-03T07:00,61.7,36.1,270.0,4.2,7.1,119.0
2024-06-03T08:00,61.5,36.2,269.0,3.5,6.9,130.0
2024-06-03T09:00,61.5,36.6,270.0,3.2,6.8,138.0
2024-06-03T10:00,61.5,36.7,271.0,3.4,6.5,142.0
2024-06-03T11:00,61.5,36.7,272.0,4.0,6.4,144.0
2024-06-03T12:00,57.4,33.8,260.0,2.9,7.6,127.0
2024-06-03T13:00,56.1,32.7,261.0,2.8,6.9,123.0
2024-06-03T14:00,54.5,31.5,263.0,2.7,5.9,117.0
2024-06-03T15:00,52.2,29.9,268.0,3.0,5.9,112.0
2024-06-03T16:00,50.4,29.2,278.0,3.8,7.4,110.0
2024-06-03T17:00,48.3,28.4,291.0,5.0,9.8,110.0
2024-06-03T18:00,49.0,29.7,304.0,6.1,12.5,108.0
2024-06-03T19:00,52.3,32.9,316.0,7.1,15.8,103.0
2024-06-03T20:00,52.5,34.2,328.0,8.0,19.4,97.0
2024-06-03T21:00,49.8,32.9,334.0,8.6,21.4,91.0
2024-06-03T22:00,45.5,30.3,330.0,8.5,20.4,86.0
2024-06-03T23:00,41.9,27.9,320.0,7.9,17.8,81.0
2024-06-04T00:00,37.5,24.4,305.0,7.7,12.2,72.0
2024-06-04T01:00,35.4,22.8,300.0,8.5,12.7,73.0
2024-06-04T02:00,33.2,20.9,292.0,9.6,13.4,75.0
2024-06-04T03:00,33.1,20.5,283.0,9.8,14.2,82.0
2024-06-04T04:00,35.4,21.9,274.0,8.4,15.4,99.0
2024-06-04T05:00,38.9,24.2,263.0,6.2,16.7,121.0
2024-06-04T06:00,41.8,25.9,255.0,4.4,17.4,140.0
2024-06-04T07:00,41.7,25.7,249.0,3.5,17.0,154.0
2024-06-04T08:00,44.5,27.0,245.0,2.9,16.0,164.0
2024-06-04T09:00,47.4,28.6,242.0,2.9,14.7,168.0
2024-06-04T10:00,46.9,27.9,237.0,3.4,13.1,164.0
2024-06-04T11:00,46.2,27.2,233.0,4.4,11.4,154.0
2024-06-04T12:00,48.0,27.6,216.0,5.5,4.7,124.0
2024-06-04T13:00,42.7,24.4,214.0,6.3,4.9,113.0
2024-06-04T14:00,39.3,22.5,212.0,7.4,5.3,97.0
2024-06-04T15:00,37.4,21.5,212.0,8.5,6.0,83.0
2024-06-04T16:00,35.2,20.3,216.0,9.5,7.2,71.0
2024-06-04T17:00,34.0,19.8,223.0,10.5,8.7,61.0
2024-06-04T18:00,33.5,19.9,229.0,11.0,10.2,55.0
2024-06-04T19:00,34.1,20.6,233.0,10.8,11.6,55.0
2024-06-04T20:00,36.1,21.9,236.0,10.2,13.0,58.0
2024-06-04T21:00,36.4,22.1,236.0,9.7,13.9,60.0
2024-06-04T22:00,36.3,22.1,232.0,9.3,13.9,59.0
2024-06-04T23:00,35.5,21.5,225.0,8.9,13.4,57.0
2024-06-05T00:00,27.2,16.2,183.0,8.7,11.4,48.0
2024-06-05T01:00,28.3,17.3,194.0,9.0,12.3,50.0
2024-06-05T02:00,28.1,17.5,208.0,9.3,13.5,54.0
2024-06-05T03:00,28.5,18.2,221.0,9.0,14.6,64.0
2024-06-05T04:00,31.1,20.5,230.0,7.7,15.5,85.0
2024-06-05T05:00,35.2,23.6,236.0,5.7,16.2,112.0
2024-06-05T06:00,37.6,25.2,239.0,4.2,16.7,135.0
2024-06-05T07:00,38.4,25.7,238.0,3.3,16.8,152.0
2024-06-05T08:00,39.5,25.9,233.0,2.7,16.6,164.0
2024-06-05T09:00,40.9,26.5,229.0,2.8,16.5,169.0
2024-06-05T10:00,40.4,25.8,224.0,3.8,16.3,164.0
2024-06-05T11:00,38.4,24.3,219.0,5.4,16.2,151.0
2024-06-05T12:00,50.6,31.1,224.0,7.1,9.8,138.0
2024-06-05T13:00,46.0,28.0,211.0,7.5,9.6,120.0
2024-06-05T14:00,38.8,23.1,193.0,8.0,9.4,96.0
2024-06-05T15:00,33.1,19.3,183.0,8.6,9.5,77.0
2024-06-05T16:00,28.6,17.2,190.0,9.3,10.2,69.0
2024-06-05T17:00,28.0,17.5,206.0,10.0,11.3,65.0
2024-06-05T18:00,26.3,17.0,218.0,10.5,12.2,63.0
2024-06-05T19:00,27.0,17.8,223.0,10.5,12.7,60.0
2024-06-05T20:00,26.9,17.7,225.0,10.1,13.0,59.0
2024-06-05T21:00,25.3,16.5,222.0,9.8,13.2,57.0
2024-06-05T22:00,22.5,14.7,211.0,9.5,13.1,55.0
2024-06-05T23:00,19.0,12.2,197.0,9.2,12.9,52.0
2024-06-06T00:00,15.9,10.8,184.0,9.5,12.4,46.0
2024-06-06T01:00,16.1,11.1,191.0,10.0,12.5,48.0
2024-06-06T02:00,17.0,11.6,200.0,10.7,12.7,50.0
2024-06-06T03:00,17.1,11.7,205.0,11.1,13.5,53.0
2024-06-06T04:00,18.0,12.0,202.0,10.9,15.2,56.0
2024-06-06T05:00,17.5,11.9,195.0,10.4,17.5,59.0
2024-06-06T06:00,20.2,13.8,190.0,9.6,19.5,67.0
2024-06-06T07:00,23.7,16.2,191.0,8.2,21.2,85.0
2024-06-06T08:00,27.1,18.5,194.0,6.4,22.5,107.0
2024-06-06T09:00,27.7,18.6,195.0,5.4,23.0,122.0
2024-06-06T10:00,30.2,20.0,191.0,5.4,21.8,125.0
2024-06-06T11:00,30.6,20.2,186.0,6.2,19.6,120.0
2024-06-06T12:00,34.8,20.9,158.0,3.7,9.7,109.0
2024-06-06T13:00,29.8,17.8,162.0,6.2,11.9,96.0
2024-06-06T14:00,24.5,15.3,168.0,9.7,14.9,78.0
2024-06-06T15:00,24.6,16.1,176.0,12.5,17.3,63.0
2024-06-06T16:00,25.0,16.7,188.0,13.9,18.6,55.0
2024-06-06T17:00,24.8,16.8,201.0,14.5,19.2,51.0
2024-06-06T18:00,24.0,16.4,211.0,14.6,19.2,48.0
2024-06-06T19:00,23.5,16.1,216.0,14.2,18.2,45.0
2024-06-06T20:00,23.2,15.9,217.0,13.3,16.5,43.0
2024-06-06T21:00,22.8,15.5,215.0,12.4,15.0,42.0
2024-06-06T22:00,22.0,15.0,210.0,11.7,14.1,41.0
2024-06-06T23:00,21.0,14.3,201.0,11.1,13.4,40.0
2024-06-07T00:00,24.9,17.2,222.0,10.1,14.7,48.0
2024-06-07T01:00,23.4,16.1,220.0,10.9,14.4,46.0
2024-06-07T02:00,21.4,14.6,217.0,11.9,14.1,44.0
2024-06-07T03:00,19.7,13.5,214.0,12.2,14.3,46.0
2024-06-07T04:00,20.0,13.8,213.0,11.3,15.5,56.0
2024-06-07T05:00,22.1,15.3,212.0,9.7,17.3,70.0
2024-06-07T06:00,25.1,17.3,212.0,8.2,18.9,85.0
2024-06-07T07:00,26.1,18.0,213.0,7.0,20.3,101.0
2024-06-07T08:00,28.2,19.4,214.0,5.8,21.4,117.0
2024-06-07T09:00,29.7,20.5,212.0,5.2,21.4,126.0
2024-06-07T10:00,29.5,20.0,202.0,5.2,19.1,125.0
2024-06-07T11:00,26.8,17.8,189.0,5.7,15.6,116.0
2024-06-07T12:00,25.7,16.6,176.0,6.7,16.4,110.0
2024-06-07T13:00,19.1,11.9,172.0,8.3,15.9,95.0
2024-06-07T14:00,14.6,9.2,167.0,10.4,15.2,74.0
2024-06-07T15:00,12.8,8.4,166.0,12.0,14.6,59.0
2024-06-07T16:00,12.9,8.6,172.0,12.5,14.3,54.0
2024-06-07T17:00,13.1,8.8,183.0,12.3,14.2,54.0
2024-06-07T18:00,13.8,9.1,190.0,12.0,14.0,54.0
2024-06-07T19:00,14.8,9.7,192.0,11.4,13.5,53.0
2024-06-07T20:00,15.6,10.1,191.0,10.7,13.0,52.0
2024-06-07T21:00,16.4,10.4,189.0,10.0,12.4,50.0
2024-06-07T22:00,17.0,10.7,187.0,9.6,11.7,47.0
2024-06-07T23:00,17.0,10.7,184.0,9.3,10.9,43.0
2024-06-08T00:00,19.7,11.6,192.0,9.7,11.5,42.0
2024-06-08T01:00,18.8,10.9,183.0,8.8,10.9,42.0
2024-06-08T02:00,17.6,10.4,171.0,7.6,10.3,42.0
2024-06-08T03:00,14.9,8.9,162.0,6.5,10.2,45.0
2024-06-08T04:00,14.1,8.8,161.0,5.8,11.5,53.0
2024-06-08T05:00,15.3,10.0,163.0,5.3,13.4,65.0
2024-06-08T06:00,17.6,11.7,167.0,4.9,14.7,78.0
2024-06-08T07:00,20.1,13.4,172.0,4.3,14.6,94.0
2024-06-08T08:00,23.2,15.3,179.0,3.9,13.9,112.0
2024-06-08T09:00,26.0,16.9,182.0,3.8,13.2,122.0
2024-06-08T10:00,26.7,17.0,178.0,4.4,12.8,119.0
2024-06-08T11:00,24.7,15.3,170.0,5.4,12.5,107.0
2024-06-08T12:00,33.1,20.5,180.0,6.2,9.9,113.0
2024-06-08T13:00,25.8,15.9,181.0,7.6,11.2,100.0
2024-06-08T14:00,20.5,13.4,181.0,9.5,13.0,83.0
2024-06-08T15:00,20.2,13.4,181.0,10.8,14.4,69.0
2024-06-08T16:00,19.1,12.5,179.0,11.1,14.9,63.0
2024-06-08T17:00,18.0,11.6,177.0,10.8,14.9,60.0
2024-06-08T18:00,17.3,11.1,174.0,10.4,14.7,58.0
2024-06-08T19:00,16.5,10.6,171.0,9.9,14.1,55.0
2024-06-08T20:00,15.8,10.2,168.0,9.3,13.2,52.0
2024-06-08T21:00,15.1,9.7,168.0,9.0,12.4,49.0
2024-06-08T22:00,14.6,9.5,171.0,9.2,11.7,43.0
2024-06-08T23:00,13.8,9.1,176.0,9.7,11.1,37.0
2024-06-09T00:00,15.2,10.0,183.0,9.5,10.4,36.0
2024-06-09T01:00,14.3,9.5,189.0,9.3,10.9,37.0
2024-06-09T02:00,14.1,9.4,197.0,8.9,11.6,38.0
2024-06-09T03:00,14.9,10.0,202.0,8.2,12.3,46.0
2024-06-09T04:00,17.2,11.7,202.0,6.9,13.3,65.0
2024-06-09T05:00,21.0,14.2,199.0,5.4,14.3,89.0
2024-06-09T06:00,23.3,15.5,196.0,4.1,14.8,109.0
2024-06-09T07:00,23.5,15.1,191.0,3.3,14.5,121.0
2024-06-09T08:00,24.0,15.1,186.0,2.7,13.7,128.0
2024-06-09T09:00,24.9,15.4,185.0,2.9,12.8,131.0
2024-06-09T10:00,26.3,16.1,190.0,4.2,12.0,130.0
2024-06-09T11:00,28.2,17.1,199.0,6.1,11.1,124.0
2024-06-09T12:00,31.4,18.5,212.0,7.8,10.2,121.0
2024-06-09T13:00,32.0,18.6,221.0,8.7,9.7,112.0
2024-06-09T14:00,31.8,18.4,232.0,9.9,9.0,99.0
2024-06-09T15:00,30.3,17.5,237.0,10.6,8.4,87.0
2024-06-09T16:00,27.8,16.2,229.0,10.3,8.0,78.0
2024-06-09T17:00,25.2,14.1,215.0,9.6,7.6,70.0
2024-06-09T18:00,23.3,13.0,204.0,9.0,7.5,63.0
2024-06-09T19:00,22.1,12.3,201.0,9.0,7.7,56.0
2024-06-09T20:00,21.5,12.0,201.0,9.1,8.0,50.0
2024-06-09T21:00,21.0,11.8,201.0,9.3,8.3,45.0
2024-06-09T22:00,19.8,11.2,200.0,9.5,8.3,39.0
2024-06-09T23:00,18.2,10.4,199.0,9.7,8.1,34.0
2024-06-10T00:00,18.5,10.6,213.0,9.8,8.1,32.0
2024-06-10T01:00,17.5,10.0,215.0,9.2,8.4,34.0
2024-06-10T02:00,17.2,9.9,217.0,8.3,8.8,37.0
2024-06-10T03:00,18.2,10.4,216.0,7.3,9.6,44.0
2024-06-10T04:00,21.1,12.0,208.0,6.2,11.2,59.0
2024-06-10T05:00,25.7,14.3,196.0,5.0,13.2,79.0
2024-06-10T06:00,28.8,15.1,186.0,4.0,14.5,97.0
2024-06-10T07:00,31.9,16.0,181.0,3.1,14.5,113.0
2024-06-10T08:00,35.2,17.6,178.0,2.5,13.7,127.0
2024-06-10T09:00,37.5,19.0,177.0,2.5,12.8,135.0
2024-06-10T10:00,41.1,21.8,178.0,3.4,11.9,135.0
2024-06-10T11:00,40.6,22.0,182.0,5.0,10.9,129.0
2024-06-10T12:00,33.8,18.9,194.0,7.5,11.5,124.0
2024-06-10T13:00,31.5,17.7,201.0,8.7,10.8,112.0
2024-06-10T14:00,29.0,16.4,210.0,10.3,9.8,95.0
2024-06-10T15:00,27.5,15.7,214.0,11.2,8.8,80.0
2024-06-10T16:00,25.6,14.7,207.0,10.9,7.7,70.0
2024-06-10T17:00,23.2,13.6,196.0,9.9,6.5,62.0
2024-06-10T18:00,21.0,12.1,187.0,9.2,5.8,55.0
2024-06-10T19:00,20.1,11.6,185.0,9.1,6.0,50.0
2024-06-10T20:00,19.7,11.6,185.0,9.1,6.6,46.0
2024-06-10T21:00,20.0,11.9,188.0,9.3,7.3,43.0
2024-06-10T22:00,21.3,12.5,193.0,9.6,7.8,39.0
2024-06-10T23:00,21.6,12.8,200.0,9.9,8.3,35.0
2024-06-11T00:00,20.0,12.0,195.0,9.8,8.4,33.0
2024-06-11T01:00,20.1,12.0,195.0,9.2,8.6,35.0
2024-06-11T02:00,20.3,12.1,194.0,8.3,9.0,38.0
2024-06-11T03:00,20.7,12.4,191.0,7.4,9.9,45.0
2024-06-11T04:00,21.9,13.4,184.0,6.4,11.8,59.0
2024-06-11T05:00,25.2,15.8,175.0,5.3,14.1,78.0
2024-06-11T06:00,28.1,17.5,169.0,4.4,15.6,95.0
2024-06-11T07:00,29.8,18.0,167.0,3.5,15.6,111.0
2024-06-11T08:00,32.1,19.0,168.0,2.7,14.8,126.0
2024-06-11T09:00,33.4,19.7,172.0,2.7,14.0,135.0
2024-06-11T10:00,34.0,20.3,179.0,3.9,13.5,137.0
2024-06-11T11:00,34.9,21.1,188.0,5.8,13.1,134.0
2024-06-11T12:00,36.9,22.1,205.0,8.3,13.5,128.0
2024-06-11T13:00,36.0,21.4,220.0,9.9,13.3,117.0
2024-06-11T14:00,33.9,21.1,240.0,12.1,12.9,102.0
2024-06-11T15:00,33.3,21.5,249.0,13.3,12.3,89.0
2024-06-11T16:00,33.1,21.4,238.0,12.5,11.3,82.0
2024-06-11T17:00,29.9,19.3,217.0,10.8,10.0,76.0
2024-06-11T18:00,25.0,15.8,201.0,9.4,8.9,71.0
2024-06-11T19:00,22.1,13.4,194.0,8.9,8.0,64.0
2024-06-11T20:00,20.4,12.4,192.0,8.8,7.3,57.0
2024-06-11T21:00,19.2,11.9,195.0,8.9,6.9,50.0
2024-06-11T22:00,18.2,11.7,205.0,9.3,7.1,43.0
2024-06-11T23:00,17.3,11.4,220.0,9.9,7.6,37.0
2024-06-12T00:00,17.1,11.5,237.0,10.1,7.5,33.0
2024-06-12T01:00,17.3,11.6,241.0,10.1,7.5,34.0
2024-06-12T02:00,17.7,11.9,245.0,10.1,7.5,36.0
2024-06-12T03:00,19.3,12.3,243.0,10.1,8.4,39.0
2024-06-12T04:00,17.5,11.2,228.0,10.0,10.8,42.0
2024-06-12T05:00,17.8,11.1,206.0,9.9,14.1,47.0
2024-06-12T06:00,19.3,12.1,190.0,9.5,16.7,54.0
2024-06-12T07:00,22.6,14.6,184.0,8.4,18.1,66.0
2024-06-12T08:00,25.7,16.6,184.0,7.1,18.8,81.0
2024-06-12T09:00,28.1,18.2,188.0,6.7,18.9,93.0
2024-06-12T10:00,29.9,19.4,199.0,7.8,18.2,100.0
2024-06-12T11:00,31.2,20.2,215.0,9.8,16.8,103.0
2024-06-12T12:00,31.7,20.4,230.0,11.8,15.7,101.0
2024-06-12T13:00,31.1,20.0,243.0,13.7,15.2,92.0
2024-06-12T14:00,29.0,19.0,256.0,15.6,14.9,77.0
2024-06-12T15:00,27.2,18.0,269.0,17.0,14.4,64.0
2024-06-12T16:00,26.5,17.8,284.0,,13.3,54.0
2024-06-12T17:00,26.4,17.8,300.0,,12.1,45.0
2024-06-12T18:00,25.1,16.9,306.0,,11.0,38.0
2024-06-12T19:00,22.6,15.2,297.0,16.8,10.4,33.0
2024-06-12T20:00,19.9,13.5,279.0,15.3,10.0,31.0
2024-06-12T21:00,17.8,12.0,263.0,13.8,9.6,29.0
2024-06-12T22:00,15.9,10.8,252.0,12.6,8.9,28.0
2024-06-12T23:00,14.8,10.1,244.0,11.5,8.2,28.0
2024-06-13T00:00,14.2,9.7,240.0,10.5,7.7,30.0
2024-06-13T01:00,14.4,9.8,246.0,9.7,7.6,35.0
2024-06-13T02:00,15.8,10.7,258.0,9.1,7.7,42.0
2024-06-13T03:00,17.9,12.1,263.0,8.2,8.1,54.0
2024-06-13T04:00,21.2,14.2,254.0,6.7,9.0,73.0
2024-06-13T05:00,25.4,16.8,238.0,4.9,10.3,97.0
2024-06-13T06:00,29.9,19.4,226.0,3.6,11.4,118.0
2024-06-13T07:00,32.9,20.6,222.0,3.1,12.3,134.0
2024-06-13T08:00,35.0,21.1,222.0,3.0,13.0,147.0
2024-06-13T09:00,39.8,23.4,223.0,3.4,13.1,154.0
2024-06-13T10:00,39.7,23.0,223.0,4.3,12.4,151.0
2024-06-13T11:00,36.8,21.5,224.0,5.7,11.2,142.0
2024-06-13T12:00,41.0,23.4,241.0,10.9,15.0,127.0
2024-06-13T13:00,33.3,19.0,229.0,9.7,12.8,117.0
2024-06-13T14:00,28.6,16.9,212.0,8.1,9.8,104.0
2024-06-13T15:00,26.2,15.3,206.0,7.3,7.6,92.0
2024-06-13T16:00,26.5,15.5,218.0,8.0,7.1,85.0
2024-06-13T17:00,27.1,16.0,240.0,9.4,7.5,79.0
2024-06-13T18:00,27.9,16.6,259.0,10.6,7.7,73.0
2024-06-13T19:00,28.2,17.1,270.0,11.0,7.4,66.0
2024-06-13T20:00,28.3,17.3,277.0,11.1,7.0,59.0
2024-06-13T21:00,28.1,17.3,283.0,11.2,6.8,52.0
2024-06-13T22:00,26.7,16.5,288.0,11.3,6.9,46.0
2024-06-13T23:00,26.4,16.6,291.0,11.4,7.1,40.0
2024-06-14T00:00,26.0,16.3,281.0,10.8,8.3,39.0
2024-06-14T01:00,26.0,16.2,288.0,11.0,8.6,40.0
2024-06-14T02:00,26.1,16.4,298.0,11.3,9.1,43.0
2024-06-14T03:00,26.7,16.7,302.0,11.0,9.7,51.0
2024-06-14T04:00,28.5,17.8,296.0,9.5,10.6,69.0
2024-06-14T05:00,32.8,20.2,285.0,7.5,11.6,93.0
2024-06-14T06:00,38.2,23.3,275.0,5.9,12.8,114.0
2024-06-14T07:00,42.5,25.4,266.0,5.0,14.4,128.0
2024-06-14T08:00,44.0,25.6,257.0,4.6,16.1,139.0
2024-06-14T09:00,46.1,26.1,253.0,5.0,17.2,145.0
2024-06-14T10:00,47.7,26.4,260.0,7.0,17.4,146.0
2024-06-14T11:00,49.0,26.5,272.0,9.8,17.0,143.0
2024-06-14T12:00,56.7,29.0,279.0,10.7,11.2,148.0
2024-06-14T13:00,59.0,31.0,268.0,10.4,10.1,135.0
2024-06-14T14:00,54.9,28.6,252.0,10.0,8.7,116.0
2024-06-14T15:00,45.4,23.7,235.0,9.5,7.3,99.0
2024-06-14T16:00,38.5,20.1,219.0,8.9,6.1,84.0
2024-06-14T17:00,32.8,17.2,203.0,8.3,5.0,69.0
2024-06-14T18:00,28.7,15.0,188.0,7.8,4.5,59.0
2024-06-14T19:00,25.6,13.3,175.0,7.5,5.1,55.0
2024-06-14T20:00,23.2,12.1,164.0,7.2,6.3,54.0
2024-06-14T21:00,21.5,11.3,158.0,7.2,7.4,53.0
2024-06-14T22:00,21.0,11.3,158.0,7.4,8.2,50.0
2024-06-14T23:00,20.4,11.0,164.0,7.7,8.8,47.0
2024-06-15T00:00,18.9,10.1,150.0,6.9,8.4,49.0
2024-06-15T01:00,21.2,11.0,175.0,8.1,8.8,47.0
2024-06-15T02:00,24.4,12.5,211.0,9.7,9.3,45.0
2024-06-15T03:00,28.1,14.5,238.0,10.4,9.9,49.0
2024-06-15T04:00,32.4,17.0,250.0,9.4,10.4,62.0
2024-06-15T05:00,37.0,19.3,255.0,7.5,10.8,81.0
2024-06-15T06:00,42.1,21.8,256.0,6.0,11.4,99.0
2024-06-15T07:00,45.1,22.7,254.0,5.0,12.3,115.0
2024-06-15T08:00,46.7,22.9,249.0,4.4,13.3,130.0
2024-06-15T09:00,49.0,24.0,247.0,4.6,14.0,140.0
2024-06-15T10:00,52.6,26.3,254.0,6.3,14.5,142.0
2024-06-15T11:00,53.8,27.2,265.0,8.8,14.8,139.0
2024-06-15T12:00,52.4,25.8,279.0,11.8,12.2,125.0
2024-06-15T13:00,54.5,27.7,292.0,13.5,12.1,117.0
2024-06-15T14:00,55.2,28.4,309.0,15.7,11.9,105.0
2024-06-15T15:00,51.5,26.6,309.0,16.4,11.1,93.0
2024-06-15T16:00,43.5,22.6,278.0,14.2,9.0,81.0
2024-06-15T17:00,35.7,18.8,231.0,10.5,6.2,69.0
2024-06-15T18:00,30.0,15.7,195.0,7.8,4.3,59.0
2024-06-15T19:00,26.8,14.1,182.0,7.1,4.1,54.0
2024-06-15T20:00,24.9,13.3,181.0,7.3,4.9,51.0
2024-06-15T21:00,23.6,12.8,185.0,7.7,5.7,48.0
2024-06-15T22:00,23.7,13.2,191.0,8.1,6.3,44.0
2024-06-15T23:00,23.6,13.4,201.0,8.7,7.1,40.0
2024-06-16T00:00,24.5,13.6,206.0,8.7,7.6,40.0
2024-06-16T01:00,26.3,14.6,229.0,8.9,7.8,42.0
2024-06-16T02:00,28.9,16.2,260.0,9.0,8.0,45.0
2024-06-16T03:00,32.6,18.5,281.0,8.6,8.7,56.0
2024-06-16T04:00,38.2,21.9,283.0,7.2,10.1,81.0
2024-06-16T05:00,44.7,26.0,276.0,5.2,11.9,113.0
2024-06-16T06:00,48.1,27.6,266.0,3.7,13.2,139.0
2024-06-16T07:00,47.6,26.4,254.0,2.7,13.6,154.0
2024-06-16T08:00,48.5,26.3,240.0,2.2,13.5,162.0
2024-06-16T09:00,52.2,28.3,233.0,2.7,12.8,163.0
2024-06-16T10:00,56.8,31.3,244.0,5.4,11.0,156.0
2024-06-16T11:00,56.1,31.1,262.0,9.2,8.6,143.0
2024-06-16T12:00,55.8,31.8,256.0,10.2,10.0,146.0
2024-06-16T13:00,54.5,31.3,245.0,10.2,8.8,128.0
2024-06-16T14:00,47.4,27.4,230.0,10.2,7.1,102.0
2024-06-16T15:00,39.0,22.4,218.0,10.2,6.1,81.0
2024-06-16T16:00,32.6,18.3,213.0,10.3,6.3,69.0
2024-06-16T17:00,29.1,16.3,212.0,10.5,7.2,61.0
2024-06-16T18:00,28.1,16.1,213.0,10.5,8.1,55.0
2024-06-16T19:00,27.5,16.2,216.0,10.3,9.0,52.0
2024-06-16T20:00,27.5,16.3,220.0,10.1,9.9,52.0
2024-06-16T21:00,27.9,16.6,223.0,9.8,10.7,51.0
2024-06-16T22:00,28.9,17.4,223.0,9.5,11.1,49.0
2024-06-16T23:00,29.2,17.6,222.0,9.3,11.2,48.0
2024-06-17T00:00,18.2,10.2,151.0,6.4,6.0,41.0
2024-06-17T01:00,18.8,10.8,169.0,6.8,6.8,42.0
2024-06-17T02:00,20.3,11.9,194.0,7.3,8.1,44.0
2024-06-17T03:00,23.5,14.0,212.0,7.3,9.6,52.0
2024-06-17T04:00,29.0,17.5,218.0,6.5,11.8,71.0
2024-06-17T05:00,35.2,21.2,217.0,5.3,14.3,95.0
2024-06-17T06:00,38.1,21.9,214.0,4.2,15.9,116.0
2024-06-17T07:00,38.9,21.1,210.0,3.4,16.0,130.0
2024-06-17T08:00,40.0,21.4,204.0,2.9,15.2,141.0
2024-06-17T09:00,41.6,22.4,197.0,2.7,13.7,144.0
2024-06-17T10:00,44.4,23.7,187.0,3.0,10.7,136.0
2024-06-17T11:00,45.2,23.8,176.0,3.7,7.0,121.0
2024-06-17T12:00,47.1,25.4,183.0,5.6,7.1,120.0
2024-06-17T13:00,40.7,22.1,172.0,5.6,6.1,107.0
2024-06-17T14:00,35.4,18.9,156.0,5.7,4.7,88.0
2024-06-17T15:00,29.6,15.7,144.0,5.9,4.1,72.0
2024-06-17T16:00,25.0,13.3,137.0,6.4,4.8,62.0
2024-06-17T17:00,21.5,11.5,134.0,7.1,6.2,54.0
2024-06-17T18:00,19.2,10.3,133.0,7.7,7.4,49.0
2024-06-17T19:00,17.2,9.5,134.0,8.1,8.2,46.0
2024-06-17T20:00,16.0,9.0,137.0,8.4,9.0,44.0
2024-06-17T21:00,15.6,9.1,144.0,8.7,9.5,43.0
2024-06-17T22:00,15.7,9.3,155.0,8.9,9.8,42.0
2024-06-17T23:00,16.1,9.9,169.0,9.2,9.9,41.0
2024-06-18T00:00,19.7,12.6,204.0,9.7,10.0,41.0
2024-06-18T01:00,21.1,13.8,224.0,10.1,10.1,43.0
2024-06-18T02:00,22.9,15.2,251.0,10.6,10.3,46.0
2024-06-18T03:00,25.0,16.6,268.0,10.4,11.0,56.0
2024-06-18T04:00,27.5,18.3,267.0,8.9,12.7,77.0
2024-06-18T05:00,31.4,21.0,257.0,6.7,14.9,103.0
2024-06-18T06:00,36.9,24.6,246.0,4.9,16.4,126.0
2024-06-18T07:00,37.0,23.9,234.0,3.7,16.8,143.0
2024-06-18T08:00,36.4,22.4,222.0,2.8,16.5,155.0
2024-06-18T09:00,36.6,21.4,213.0,2.9,15.5,159.0
2024-06-18T10:00,38.0,22.2,212.0,4.5,13.0,149.0
2024-06-18T11:00,39.7,23.1,216.0,7.1,9.8,130.0
2024-06-18T12:00,39.8,23.0,201.0,5.2,11.4,134.0
2024-06-18T13:00,34.3,20.2,205.0,6.8,11.1,119.0
2024-06-18T14:00,26.8,15.9,210.0,9.0,10.7,98.0
2024-06-18T15:00,25.0,15.7,216.0,10.7,10.5,81.0
2024-06-18T16:00,23.2,15.0,225.0,11.4,10.7,71.0
2024-06-18T17:00,22.0,14.5,235.0,11.6,11.1,66.0
2024-06-18T18:00,20.9,13.8,241.0,11.6,11.3,61.0
2024-06-18T19:00,19.7,12.9,240.0,11.2,11.0,58.0
2024-06-18T20:00,18.9,12.3,235.0,10.6,10.5,55.0
2024-06-18T21:00,18.4,12.1,232.0,10.1,10.1,53.0
2024-06-18T22:00,18.3,12.1,234.0,9.9,9.8,49.0
2024-06-18T23:00,18.3,12.3,238.0,9.8,9.5,45.0
2024-06-19T00:00,19.3,12.9,229.0,9.5,10.5,46.0
2024-06-19T01:00,20.0,13.4,238.0,9.3,10.5,48.0
2024-06-19T02:00,21.1,14.1,249.0,9.1,10.5,51.0
2024-06-19T03:00,22.4,14.9,253.0,8.5,11.2,58.0
2024-06-19T04:00,25.2,16.6,242.0,7.3,13.0,73.0
2024-06-19T05:00,28.5,18.4,222.0,5.8,15.4,93.0
2024-06-19T06:00,29.2,18.1,207.0,4.7,17.2,110.0
2024-06-19T07:00,29.3,17.5,200.0,4.1,18.2,121.0
2024-06-19T08:00,30.0,17.4,197.0,3.8,18.6,129.0
2024-06-19T09:00,32.0,18.6,194.0,3.9,17.9,132.0
2024-06-19T10:00,34.7,20.0,188.0,4.2,15.1,126.0
2024-06-19T11:00,35.6,19.8,181.0,4.9,11.2,115.0
2024-06-19T12:00,36.4,19.4,165.0,3.8,7.6,115.0
2024-06-19T13:00,30.4,16.6,171.0,5.7,9.1,105.0
2024-06-19T14:00,25.3,14.4,179.0,8.4,11.3,90.0
2024-06-19T15:00,23.4,14.3,187.0,10.4,13.0,78.0
2024-06-19T16:00,22.9,14.2,194.0,11.3,14.0,70.0
2024-06-19T17:00,22.6,14.1,200.0,11.6,14.6,65.0
2024-06-19T18:00,22.8,14.2,207.0,11.6,14.8,60.0
2024-06-19T19:00,23.1,14.6,214.0,11.5,14.6,56.0
2024-06-19T20:00,23.7,15.1,222.0,11.1,14.1,53.0
2024-06-19T21:00,24.3,15.7,228.0,10.7,13.4,50.0
2024-06-19T22:00,24.4,15.9,233.0,10.4,12.4,47.0
2024-06-19T23:00,23.7,15.7,236.0,10.0,11.2,43.0
2024-06-20T00:00,23.2,15.4,242.0,10.2,10.5,41.0
2024-06-20T01:00,22.2,14.8,246.0,10.3,10.7,41.0
2024-06-20T02:00,21.2,14.1,251.0,10.5,11.1,41.0
2024-06-20T03:00,20.3,13.4,248.0,10.1,11.7,45.0
2024-06-20T04:00,19.9,13.0,230.0,8.7,12.8,56.0
2024-06-20T05:00,21.5,13.7,204.0,6.9,14.2,70.0
2024-06-20T06:00,19.4,11.6,183.0,5.5,15.2,82.0
2024-06-20T07:00,18.6,10.8,173.0,4.9,15.7,87.0
2024-06-20T08:00,17.8,10.7,168.0,4.8,15.8,90.0
2024-06-20T09:00,17.8,11.1,168.0,5.0,15.6,93.0
2024-06-20T10:00,19.0,12.2,175.0,5.6,15.0,100.0
2024-06-20T11:00,20.7,13.3,187.0,6.5,14.0,108.0
2024-06-20T12:00,31.5,19.5,207.0,11.5,20.1,91.0
2024-06-20T13:00,32.4,20.5,220.0,12.4,18.5,88.0
2024-06-20T14:00,32.5,20.7,237.0,13.6,16.1,84.0
2024-06-20T15:00,30.9,19.3,245.0,14.0,13.6,79.0
2024-06-20T16:00,28.1,17.1,236.0,12.6,10.7,73.0
2024-06-20T17:00,24.7,14.8,219.0,10.4,7.6,66.0
2024-06-20T18:00,22.2,13.3,207.0,8.9,5.7,60.0
2024-06-20T19:00,21.0,12.8,207.0,8.7,5.7,55.0
2024-06-20T20:00,20.3,12.5,212.0,9.2,6.9,51.0
2024-06-20T21:00,20.0,12.4,218.0,9.7,7.8,47.0
2024-06-20T22:00,20.0,12.4,224.0,10.0,8.0,41.0
2024-06-20T23:00,20.3,12.3,232.0,10.4,8.0,36.0
2024-06-21T00:00,21.0,12.4,236.0,10.3,8.2,33.0
2024-06-21T01:00,21.6,12.5,245.0,9.9,8.0,35.0
2024-06-21T02:00,22.9,13.2,257.0,9.3,7.9,39.0
2024-06-21T03:00,25.2,14.3,261.0,8.5,8.6,49.0
2024-06-21T04:00,29.8,16.6,252.0,7.3,10.9,69.0
2024-06-21T05:00,36.1,19.3,236.0,5.9,13.9,95.0
2024-06-21T06:00,38.3,17.9,220.0,4.7,16.0,117.0
2024-06-21T07:00,43.2,17.6,206.0,3.6,16.3,131.0
2024-06-21T08:00,47.8,19.2,192.0,2.6,15.6,141.0
2024-06-21T09:00,49.7,19.9,186.0,2.6,14.5,145.0
2024-06-21T10:00,49.7,20.0,195.0,4.5,13.0,143.0
2024-06-21T11:00,48.9,20.3,213.0,7.4,11.0,137.0
2024-06-21T12:00,51.6,22.1,212.0,7.9,9.4,126.0
2024-06-21T13:00,51.6,20.8,222.0,9.3,9.5,114.0
2024-06-21T14:00,48.8,20.6,235.0,11.4,9.7,98.0
2024-06-21T15:00,45.5,20.2,248.0,12.9,9.7,83.0
2024-06-21T16:00,42.6,19.8,258.0,13.6,9.5,72.0
2024-06-21T17:00,39.2,19.4,268.0,13.9,9.2,64.0
2024-06-21T18:00,34.8,18.4,273.0,13.8,8.9,56.0
2024-06-21T19:00,29.7,16.6,272.0,13.4,8.5,50.0
2024-06-21T20:00,25.1,14.8,268.0,12.8,8.1,44.0
2024-06-21T21:00,21.8,13.4,262.0,12.0,7.6,40.0
2024-06-21T22:00,19.3,12.2,254.0,11.2,7.1,36.0
2024-06-21T23:00,17.3,11.1,245.0,10.3,6.6,34.0
2024-06-22T00:00,16.7,10.5,243.0,10.1,7.6,34.0
2024-06-22T01:00,16.3,10.2,243.0,9.7,7.7,36.0
2024-06-22T02:00,16.6,10.3,242.0,9.0,8.0,39.0
2024-06-22T03:00,18.2,10.9,239.0,8.2,8.8,47.0
2024-06-22T04:00,21.9,12.7,230.0,7.2,10.7,63.0
2024-06-22T05:00,27.9,15.8,219.0,6.0,13.1,84.0
2024-06-22T06:00,30.7,16.4,210.0,4.9,14.9,103.0
2024-06-22T07:00,32.1,15.7,205.0,3.9,15.5,121.0
2024-06-22T08:00,33.9,15.8,203.0,3.0,15.5,138.0
2024-06-22T09:00,39.9,17.6,200.0,2.6,14.8,147.0
2024-06-22T10:00,43.9,19.0,194.0,2.8,13.0,146.0
2024-06-22T11:00,45.8,19.8,188.0,3.5,10.6,139.0
2024-06-22T12:00,55.5,20.3,194.0,6.2,10.8,127.0
2024-06-22T13:00,56.8,24.1,191.0,6.6,9.2,114.0
2024-06-22T14:00,46.3,20.5,186.0,7.1,7.1,97.0
2024-06-22T15:00,35.3,16.7,182.0,7.7,6.0,82.0
2024-06-22T16:00,30.3,15.1,180.0,8.3,7.2,74.0
2024-06-22T17:00,24.1,13.5,179.0,9.0,9.4,69.0
2024-06-22T18:00,20.6,12.5,178.0,9.3,10.9,65.0
2024-06-22T19:00,18.7,11.3,178.0,9.1,10.8,61.0
2024-06-22T20:00,17.6,10.9,178.0,8.6,10.1,57.0
2024-06-22T21:00,17.6,11.4,181.0,8.3,9.4,53.0
2024-06-22T22:00,17.1,11.4,188.0,8.6,9.1,46.0
2024-06-22T23:00,16.9,11.5,199.0,9.0,8.8,39.0
2024-06-23T00:00,19.8,12.2,197.0,7.9,8.1,39.0
2024-06-23T01:00,20.8,12.4,197.0,7.5,8.0,42.0
2024-06-23T02:00,20.9,12.5,196.0,6.8,7.9,46.0
2024-06-23T03:00,20.3,12.5,194.0,6.1,7.9,53.0
2024-06-23T04:00,20.1,12.9,189.0,5.1,8.0,65.0
2024-06-23T05:00,20.8,13.8,183.0,4.0,8.2,80.0
2024-06-23T06:00,21.8,14.6,177.0,3.2,8.6,93.0
2024-06-23T07:00,22.5,15.0,169.0,2.7,9.5,102.0
2024-06-23T08:00,20.4,13.2,162.0,2.4,10.7,108.0
2024-06-23T09:00,20.5,13.0,157.0,2.5,11.6,112.0
2024-06-23T10:00,22.2,13.7,157.0,3.1,12.0,115.0
2024-06-23T11:00,27.6,16.0,161.0,4.1,12.0,115.0
2024-06-23T12:00,35.7,21.2,163.0,6.1,10.2,98.0
2024-06-23T13:00,35.0,21.3,170.0,7.2,9.7,91.0
2024-06-23T14:00,31.8,19.7,180.0,8.8,9.1,82.0
2024-06-23T15:00,27.4,17.4,187.0,9.9,8.7,74.0
2024-06-23T16:00,22.8,14.9,190.0,10.2,8.7,68.0
2024-06-23T17:00,21.0,13.9,190.0,10.0,9.0,63.0
2024-06-23T18:00,19.8,13.3,190.0,9.8,9.4,58.0
2024-06-23T19:00,18.9,12.8,189.0,9.8,9.9,53.0
2024-06-23T20:00,17.6,12.0,187.0,9.8,10.4,48.0
2024-06-23T21:00,15.3,10.4,184.0,9.7,10.7,43.0
2024-06-23T22:00,12.5,8.5,177.0,9.5,10.5,39.0
2024-06-23T23:00,9.9,6.8,169.0,9.3,10.1,35.0
2024-06-24T00:00,8.4,5.8,151.0,8.0,9.5,37.0
2024-06-24T01:00,7.4,5.2,154.0,7.7,9.9,38.0
2024-06-24T02:00,7.6,5.3,158.0,7.3,10.4,41.0
2024-06-24T03:00,8.5,5.8,161.0,6.8,11.2,46.0
2024-06-24T04:00,10.2,7.0,160.0,6.1,12.5,57.0
2024-06-24T05:00,12.8,8.7,158.0,5.3,14.1,71.0
2024-06-24T06:00,15.0,9.9,155.0,4.5,14.7,84.0
2024-06-24T07:00,15.8,10.0,151.0,3.6,13.6,94.0
2024-06-24T08:00,17.8,10.9,146.0,2.8,11.5,103.0
2024-06-24T09:00,18.9,11.5,145.0,2.7,10.0,107.0
2024-06-24T10:00,19.3,11.8,149.0,3.9,9.6,104.0
2024-06-24T11:00,18.5,11.5,158.0,5.8,9.7,97.0
2024-06-24T12:00,28.6,16.7,154.0,5.6,8.0,96.0
2024-06-24T13:00,27.3,16.0,163.0,7.3,8.8,87.0
2024-06-24T14:00,25.1,15.0,175.0,9.7,9.9,74.0
2024-06-24T15:00,24.6,15.1,186.0,11.5,10.6,64.0
2024-06-24T16:00,24.1,15.0,195.0,12.0,10.6,59.0
2024-06-24T17:00,23.5,14.6,202.0,11.9,10.2,55.0
2024-06-24T18:00,22.4,14.0,206.0,11.6,9.9,52.0
2024-06-24T19:00,21.1,13.3,205.0,11.3,10.0,47.0
2024-06-24T20:00,19.1,12.2,201.0,10.9,10.1,43.0
2024-06-24T21:00,15.9,10.2,194.0,10.4,10.2,39.0
2024-06-24T22:00,12.9,8.4,183.0,9.8,10.0,36.0
2024-06-24T23:00,10.6,6.9,170.0,9.2,9.7,35.0
2024-06-25T00:00,17.2,11.0,210.0,9.0,8.5,37.0
2024-06-25T01:00,16.3,10.4,210.0,8.7,9.0,39.0
2024-06-25T02:00,15.8,10.1,209.0,8.2,9.9,43.0
2024-06-25T03:00,15.7,10.0,204.0,7.6,11.0,49.0
2024-06-25T04:00,16.5,10.6,191.0,6.8,13.0,58.0
2024-06-25T05:00,18.0,11.6,174.0,5.8,15.2,70.0
2024-06-25T06:00,18.3,11.6,161.0,4.9,16.2,81.0
2024-06-25T07:00,18.2,11.0,154.0,3.8,14.8,92.0
2024-06-25T08:00,20.1,11.8,152.0,2.7,12.1,104.0
2024-06-25T09:00,22.5,12.7,152.0,2.3,9.6,110.0
2024-06-25T10:00,24.3,13.6,157.0,3.2,7.7,109.0
2024-06-25T11:00,25.1,14.2,165.0,4.9,6.1,104.0
2024-06-25T12:00,27.9,15.8,173.0,6.6,7.1,92.0
2024-06-25T13:00,29.3,16.5,178.0,8.0,8.1,83.0
2024-06-25T14:00,29.2,16.7,184.0,9.8,9.4,70.0
2024-06-25T15:00,27.5,16.4,187.0,11.0,10.4,60.0
2024-06-25T16:00,24.4,15.1,184.0,10.9,10.8,55.0
2024-06-25T17:00,21.2,13.6,179.0,10.1,10.9,52.0
2024-06-25T18:00,17.8,11.5,175.0,9.5,10.9,49.0
2024-06-25T19:00,15.2,10.0,175.0,9.3,10.8,46.0
2024-06-25T20:00,14.1,9.3,176.0,9.2,10.7,43.0
2024-06-25T21:00,12.8,8.6,176.0,9.1,10.5,40.0
2024-06-25T22:00,11.4,7.7,174.0,9.1,10.3,37.0
2024-06-25T23:00,10.1,6.8,172.0,9.2,10.2,34.0
2024-06-26T00:00,6.7,4.5,153.0,8.3,10.4,33.0
2024-06-26T01:00,5.9,4.0,155.0,8.5,11.0,32.0
2024-06-26T02:00,5.9,3.9,157.0,8.7,11.8,32.0
2024-06-26T03:00,6.3,4.2,158.0,8.6,12.6,34.0
2024-06-26T04:00,7.3,4.9,156.0,8.0,13.4,41.0
2024-06-26T05:00,9.4,6.4,153.0,7.1,14.1,50.0
2024-06-26T06:00,11.1,7.5,151.0,6.4,14.3,57.0
2024-06-26T07:00,11.7,7.9,150.0,5.9,13.6,62.0
2024-06-26T08:00,12.1,8.1,149.0,5.6,12.3,65.0
2024-06-26T09:00,12.4,8.3,149.0,5.7,11.3,66.0
2024-06-26T10:00,12.3,8.1,151.0,6.5,10.8,64.0
2024-06-26T11:00,12.3,8.1,154.0,7.8,10.6,60.0
2024-06-26T12:00,18.1,12.1,165.0,7.3,6.8,70.0
2024-06-26T13:00,17.3,11.7,172.0,8.7,7.9,64.0
2024-06-26T14:00,16.6,11.3,180.0,10.7,9.5,55.0
2024-06-26T15:00,15.4,10.4,184.0,12.0,10.8,47.0
2024-06-26T16:00,13.1,8.8,179.0,12.1,11.5,42.0
2024-06-26T17:00,10.2,6.8,169.0,11.5,11.9,38.0
2024-06-26T18:00,8.2,5.5,160.0,10.8,11.9,35.0
2024-06-26T19:00,7.0,4.7,155.0,10.2,11.4,33.0
2024-06-26T20:00,6.3,4.1,152.0,9.5,10.4,32.0
2024-06-26T21:00,6.2,3.9,150.0,9.0,9.7,31.0
2024-06-26T22:00,5.9,3.7,148.0,8.7,9.2,30.0
2024-06-26T23:00,5.9,3.7,147.0,8.5,9.0,29.0
2024-06-27T00:00,4.4,2.8,128.0,6.5,7.3,32.0
2024-06-27T01:00,4.5,3.0,132.0,6.9,7.7,31.0
2024-06-27T02:00,5.2,3.4,137.0,7.5,8.2,30.0
2024-06-27T03:00,6.1,4.0,141.0,7.7,9.1,31.0
2024-06-27T04:00,7.2,4.7,143.0,7.3,10.6,35.0
2024-06-27T05:00,8.7,5.7,145.0,6.5,12.5,41.0
2024-06-27T06:00,11.2,7.4,146.0,5.7,13.6,50.0
2024-06-27T07:00,13.7,8.9,146.0,4.6,13.6,65.0
2024-06-27T08:00,15.8,10.1,146.0,3.4,12.9,82.0
2024-06-27T09:00,16.9,10.7,148.0,3.0,11.9,94.0
2024-06-27T10:00,18.3,11.7,156.0,3.9,10.5,98.0
2024-06-27T11:00,18.8,11.8,167.0,5.5,8.9,96.0
2024-06-27T12:00,26.0,16.6,183.0,8.9,11.4,81.0
2024-06-27T13:00,24.9,16.2,198.0,10.8,11.6,74.0
2024-06-27T14:00,23.7,15.8,219.0,13.3,11.9,64.0
2024-06-27T15:00,22.9,15.4,232.0,15.1,12.3,55.0
2024-06-27T16:00,22.1,14.9,232.0,15.4,12.7,49.0
2024-06-27T17:00,20.9,14.0,225.0,15.0,13.2,44.0
2024-06-27T18:00,18.9,12.4,215.0,14.3,13.6,40.0
2024-06-27T19:00,15.7,10.3,203.0,13.5,13.9,37.0
2024-06-27T20:00,12.9,8.5,189.0,12.4,14.1,35.0
2024-06-27T21:00,11.0,7.2,177.0,11.3,13.9,33.0
2024-06-27T22:00,9.9,6.5,171.0,10.3,12.7,32.0
2024-06-27T23:00,9.1,5.9,167.0,9.4,11.0,31.0
2024-06-28T00:00,9.4,6.2,172.0,9.1,10.5,31.0
2024-06-28T01:00,9.2,6.1,174.0,8.6,10.8,33.0
2024-06-28T02:00,9.5,6.2,176.0,7.9,11.3,36.0
2024-06-28T03:00,10.8,6.9,175.0,7.1,11.9,43.0
2024-06-28T04:00,13.5,8.5,170.0,6.1,12.9,55.0
2024-06-28T05:00,16.6,10.2,162.0,5.0,14.1,70.0
2024-06-28T06:00,18.3,10.4,156.0,4.0,14.5,85.0
2024-06-28T07:00,22.7,12.1,153.0,3.1,13.7,99.0
2024-06-28T08:00,27.1,13.9,151.0,2.3,12.2,111.0
2024-06-28T09:00,29.9,15.1,151.0,2.0,10.6,119.0
2024-06-28T10:00,30.6,15.4,155.0,2.3,9.1,120.0
2024-06-28T11:00,31.0,15.5,160.0,3.0,7.6,117.0
2024-06-28T12:00,28.8,15.1,155.0,4.3,6.4,104.0
2024-06-28T13:00,27.5,14.7,165.0,6.3,6.6,95.0
2024-06-28T14:00,27.4,15.1,178.0,9.0,6.8,82.0
2024-06-28T15:00,26.9,14.6,183.0,10.6,6.9,71.0
2024-06-28T16:00,24.4,13.2,173.0,10.1,6.8,65.0
2024-06-28T17:00,22.2,11.8,156.0,8.6,6.5,61.0
2024-06-28T18:00,19.6,10.2,140.0,7.2,6.2,58.0
2024-06-28T19:00,18.9,9.7,127.0,6.3,5.8,54.0
2024-06-28T20:00,18.6,9.6,116.0,5.6,5.5,51.0
2024-06-28T21:00,18.1,9.3,110.0,5.3,5.5,48.0
2024-06-28T22:00,17.2,9.0,113.0,5.7,6.1,44.0
2024-06-28T23:00,16.2,8.6,122.0,6.6,7.1,41.0
2024-06-29T00:00,16.3,8.9,151.0,8.4,9.3,38.0
2024-06-29T01:00,16.5,9.2,161.0,8.3,10.1,38.0
2024-06-29T02:00,17.1,9.6,176.0,8.1,11.2,39.0
2024-06-29T03:00,18.6,10.6,185.0,7.6,12.4,45.0
2024-06-29T04:00,21.8,12.5,185.0,6.7,14.0,60.0
2024-06-29T05:00,25.6,14.3,180.0,5.5,15.8,79.0
2024-06-29T06:00,27.3,13.7,175.0,4.4,16.6,96.0
2024-06-29T07:00,31.2,14.9,169.0,3.4,16.0,109.0
2024-06-29T08:00,35.0,16.5,163.0,2.6,14.4,119.0
2024-06-29T09:00,37.8,17.7,158.0,2.2,12.3,123.0
2024-06-29T10:00,38.8,18.1,157.0,2.5,9.4,119.0
2024-06-29T11:00,38.1,18.2,157.0,3.3,6.1,109.0
2024-06-29T12:00,30.9,14.6,151.0,3.8,6.0,101.0
2024-06-29T13:00,33.1,15.1,153.0,4.4,5.4,94.0
2024-06-29T14:00,33.1,15.3,155.0,5.3,4.7,85.0
2024-06-29T15:00,25.8,12.9,156.0,6.1,4.4,76.0
2024-06-29T16:00,22.5,11.6,157.0,6.8,5.1,70.0
2024-06-29T17:00,19.7,10.4,157.0,7.5,6.2,64.0
2024-06-29T18:00,16.8,9.0,153.0,7.7,7.0,59.0
2024-06-29T19:00,15.2,8.1,143.0,7.2,6.9,55.0
2024-06-29T20:00,15.1,7.9,130.0,6.2,6.4,51.0
2024-06-29T21:00,15.6,8.0,120.0,5.5,6.0,48.0
2024-06-29T22:00,16.3,8.2,116.0,5.2,5.8,47.0
2024-06-29T23:00,17.0,8.5,116.0,5.2,5.8,46.0
2024-06-30T00:00,16.6,8.2,109.0,4.5,5.4,48.0
2024-06-30T01:00,17.9,8.8,120.0,5.5,6.7,47.0
2024-06-30T02:00,17.9,9.1,135.0,6.9,8.6,45.0
2024-06-30T03:00,18.8,9.8,148.0,7.9,10.1,45.0
2024-06-30T04:00,19.4,10.6,157.0,8.5,11.2,47.0
2024-06-30T05:00,20.0,11.0,163.0,8.7,11.9,50.0
2024-06-30T06:00,22.4,12.2,168.0,8.4,12.2,58.0
2024-06-30T07:00,26.3,14.2,173.0,7.0,11.8,73.0
2024-06-30T08:00,29.7,16.2,176.0,5.1,10.9,92.0
2024-06-30T09:00,33.2,18.1,176.0,3.6,9.8,106.0
2024-06-30T10:00,34.6,18.5,169.0,3.0,8.4,110.0
2024-06-30T11:00,33.9,17.5,159.0,2.9,6.9,108.0
2024-06-30T12:00,41.6,20.3,171.0,3.5,7.5,111.0
2024-06-30T13:00,44.9,21.4,168.0,4.2,7.1,103.0
2024-06-30T14:00,42.8,20.5,165.0,5.2,6.7,92.0
2024-06-30T15:00,37.3,18.7,166.0,6.4,7.1,82.0
2024-06-30T16:00,32.5,17.1,177.0,8.2,9.3,73.0
2024-06-30T17:00,28.9,15.9,191.0,10.3,12.4,64.0
2024-06-30T18:00,25.7,14.8,198.0,11.5,14.5,57.0
2024-06-30T19:00,21.0,11.9,189.0,11.2,14.5,54.0
2024-06-30T20:00,18.2,10.2,172.0,10.1,13.5,54.0
2024-06-30T21:00,16.7,9.2,159.0,9.1,12.6,54.0
2024-06-30T22:00,15.7,8.6,154.0,8.5,12.0,53.0
2024-06-30T23:00,15.5,8.5,152.0,8.1,11.5,52.0
2024-07-01T00:00,10.9,6.6,162.0,8.3,14.0,54.0
2024-07-01T01:00,11.1,6.5,164.0,9.1,14.2,53.0
2024-07-01T02:00,12.0,6.9,168.0,10.3,14.5,52.0
2024-07-01T03:00,13.0,7.6,172.0,10.7,15.0,54.0
2024-07-01T04:00,15.0,9.0,178.0,9.9,15.9,62.0
2024-07-01T05:00,17.8,10.7,184.0,8.3,17.0,73.0
2024-07-01T06:00,21.8,12.9,189.0,7.0,18.4,85.0
2024-07-01T07:00,26.2,15.3,191.0,6.1,20.6,99.0
2024-07-01T08:00,28.8,16.5,191.0,5.4,23.2,114.0
2024-07-01T09:00,31.9,18.3,193.0,5.1,24.5,125.0
2024-07-01T10:00,35.3,20.2,196.0,5.2,23.7,132.0
2024-07-01T11:00,38.6,21.8,200.0,5.6,21.7,135.0
2024-07-01T12:00,34.1,19.8,198.0,4.9,14.2,128.0
2024-07-01T13:00,35.2,20.5,201.0,5.5,13.2,120.0
2024-07-01T14:00,39.3,22.2,204.0,6.4,12.0,108.0
2024-07-01T15:00,34.8,19.6,204.0,7.4,11.4,96.0
2024-07-01T16:00,25.6,15.3,198.0,8.5,12.1,83.0
2024-07-01T17:00,21.5,13.6,189.0,9.7,13.6,70.0
2024-07-01T18:00,20.5,13.3,183.0,10.6,14.7,60.0
2024-07-01T19:00,20.4,13.2,185.0,11.0,15.3,54.0
2024-07-01T20:00,20.5,13.2,190.0,11.2,15.5,50.0
2024-07-01T21:00,20.3,13.2,195.0,11.2,15.4,47.0
2024-07-01T22:00,20.1,13.1,197.0,11.0,14.6,43.0
2024-07-01T23:00,19.6,12.7,200.0,10.6,13.4,40.0
2024-07-02T00:00,19.4,12.3,198.0,9.6,10.7,39.0
2024-07-02T01:00,18.1,11.5,204.0,10.1,11.0,37.0
2024-07-02T02:00,17.3,11.1,213.0,10.8,11.5,35.0
2024-07-02T03:00,17.1,11.0,218.0,11.1,12.5,36.0
2024-07-02T04:00,18.0,11.5,216.0,10.6,14.5,43.0
2024-07-02T05:00,20.5,12.7,209.0,9.5,17.0,53.0
2024-07-02T06:00,23.7,14.3,203.0,8.5,18.7,64.0
2024-07-02T07:00,25.6,14.8,195.0,7.0,18.9,77.0
2024-07-02T08:00,27.1,14.1,186.0,5.6,18.2,91.0
2024-07-02T09:00,29.0,13.9,186.0,5.5,17.2,100.0
2024-07-02T10:00,32.2,15.3,205.0,8.5,16.1,99.0
2024-07-02T11:00,36.8,18.2,232.0,13.0,14.7,92.0
2024-07-02T12:00,37.6,19.3,232.0,11.8,10.3,107.0
2024-07-02T13:00,36.8,19.1,228.0,9.8,8.0,103.0
2024-07-02T14:00,34.0,17.7,222.0,7.2,5.0,97.0
2024-07-02T15:00,35.2,19.4,217.0,5.6,3.1,90.0
2024-07-02T16:00,36.0,20.8,217.0,6.2,3.6,80.0
2024-07-02T17:00,32.5,19.0,217.0,7.8,5.3,68.0
2024-07-02T18:00,26.1,15.0,213.0,8.8,6.7,60.0
2024-07-02T19:00,22.7,12.7,198.0,8.5,7.4,58.0
2024-07-02T20:00,20.8,11.1,177.0,7.7,7.9,58.0
2024-07-02T21:00,19.8,10.5,162.0,7.0,8.1,58.0
2024-07-02T22:00,19.0,10.0,155.0,6.7,7.9,55.0
2024-07-02T23:00,18.3,9.8,154.0,6.6,7.3,50.0
2024-07-03T00:00,18.5,10.2,163.0,7.2,7.9,46.0
2024-07-03T01:00,18.3,10.2,174.0,7.5,8.5,44.0
2024-07-03T02:00,18.7,10.5,188.0,7.9,9.3,43.0
2024-07-03T03:00,20.1,11.5,199.0,7.9,10.6,47.0
2024-07-03T04:00,22.9,13.4,203.0,7.2,12.6,61.0
2024-07-03T05:00,27.6,16.4,203.0,6.0,15.0,81.0
2024-07-03T06:00,31.2,17.8,202.0,5.0,16.7,100.0
2024-07-03T07:00,33.2,17.6,200.0,4.0,17.3,118.0
2024-07-03T08:00,35.0,17.9,196.0,3.1,17.1,134.0
2024-07-03T09:00,38.3,19.1,193.0,2.8,16.1,143.0
2024-07-03T10:00,40.9,20.0,192.0,3.5,13.6,140.0
2024-07-03T11:00,43.0,20.4,192.0,4.8,10.2,130.0
2024-07-03T12:00,36.4,18.2,186.0,5.8,11.4,127.0
2024-07-03T13:00,39.7,20.7,206.0,7.8,10.0,116.0
2024-07-03T14:00,37.8,20.1,234.0,10.6,8.1,100.0
2024-07-03T15:00,34.3,18.6,255.0,12.8,7.1,85.0
2024-07-03T16:00,33.1,17.9,263.0,13.8,7.8,74.0
2024-07-03T17:00,32.9,17.2,264.0,14.1,9.4,65.0
2024-07-03T18:00,38.9,18.0,260.0,13.9,10.7,57.0
2024-07-03T19:00,36.0,16.8,247.0,13.1,11.2,52.0
2024-07-03T20:00,33.3,15.9,229.0,11.9,11.4,49.0
2024-07-03T21:00,30.4,15.1,215.0,10.8,11.2,46.0
2024-07-03T22:00,28.4,14.7,209.0,10.1,10.5,43.0
2024-07-03T23:00,26.6,14.2,207.0,9.6,9.5,40.0
2024-07-04T00:00,23.5,12.2,192.0,8.3,8.9,43.0
2024-07-04T01:00,22.9,12.1,200.0,8.7,9.4,42.0
2024-07-04T02:00,23.2,12.3,211.0,9.2,10.1,42.0
2024-07-04T03:00,24.6,13.2,218.0,9.1,11.0,47.0
2024-07-04T04:00,27.2,14.7,219.0,8.0,12.5,61.0
2024-07-04T05:00,31.0,16.8,217.0,6.4,14.1,80.0
2024-07-04T06:00,34.3,18.2,213.0,5.0,15.1,98.0
2024-07-04T07:00,35.7,18.2,207.0,3.8,15.0,115.0
2024-07-04T08:00,38.4,19.1,200.0,2.8,14.2,130.0
2024-07-04T09:00,41.0,19.6,195.0,2.5,12.9,138.0
2024-07-04T10:00,42.6,20.3,194.0,3.3,10.7,133.0
2024-07-04T11:00,45.4,22.6,195.0,4.9,8.0,121.0
2024-07-04T12:00,58.4,28.1,200.0,5.1,8.7,124.0
2024-07-04T13:00,58.9,29.5,234.0,8.8,8.5,114.0
2024-07-04T14:00,57.6,30.3,280.0,13.8,8.1,99.0
2024-07-04T15:00,54.7,29.5,307.0,16.7,7.8,86.0
2024-07-04T16:00,50.9,27.7,298.0,15.7,7.4,76.0
2024-07-04T17:00,45.9,25.0,270.0,12.6,7.0,68.0
2024-07-04T18:00,40.4,21.2,241.0,10.1,7.1,61.0
2024-07-04T19:00,32.9,16.7,213.0,9.2,8.3,57.0
2024-07-04T20:00,29.6,14.3,183.0,8.8,10.1,54.0
2024-07-04T21:00,28.9,13.2,161.0,8.5,11.2,52.0
2024-07-04T22:00,25.2,12.2,150.0,7.9,10.8,50.0
2024-07-04T23:00,22.9,11.3,148.0,7.4,9.7,48.0
2024-07-05T00:00,19.2,9.1,122.0,6.2,7.9,50.0
2024-07-05T01:00,19.7,9.5,135.0,7.2,8.7,48.0
2024-07-05T02:00,21.4,10.5,153.0,8.4,9.9,46.0
2024-07-05T03:00,24.7,12.1,170.0,9.1,11.5,49.0
2024-07-05T04:00,29.2,14.5,183.0,8.6,13.8,59.0
2024-07-05T05:00,34.3,17.2,195.0,7.5,16.5,75.0
2024-07-05T06:00,37.0,18.2,203.0,6.3,18.3,91.0
2024-07-05T07:00,38.6,18.7,205.0,5.1,18.9,110.0
2024-07-05T08:00,41.0,19.8,203.0,3.8,18.7,131.0
2024-07-05T09:00,43.7,21.1,200.0,3.1,17.4,143.0
2024-07-05T10:00,45.3,21.8,198.0,3.5,14.1,141.0
2024-07-05T11:00,49.1,23.4,196.0,4.5,9.7,131.0
2024-07-05T12:00,43.9,20.4,173.0,3.9,7.4,116.0
2024-07-05T13:00,44.8,21.3,182.0,5.2,7.7,107.0
2024-07-05T14:00,43.2,20.8,194.0,6.9,8.0,93.0
2024-07-05T15:00,40.7,18.6,201.0,8.2,8.4,82.0
2024-07-05T16:00,37.4,16.2,198.0,8.4,8.5,75.0
2024-07-05T17:00,33.9,14.8,191.0,8.2,8.5,70.0
2024-07-05T18:00,32.8,14.7,185.0,8.2,9.4,65.0
2024-07-05T19:00,29.7,13.6,183.0,9.0,12.0,61.0
2024-07-05T20:00,26.7,13.3,182.0,10.1,15.4,57.0
2024-07-05T21:00,25.8,13.3,184.0,10.8,17.7,53.0
2024-07-05T22:00,25.9,13.6,189.0,10.8,17.7,49.0
2024-07-05T23:00,26.5,14.2,197.0,10.4,16.6,45.0
2024-07-06T00:00,22.8,13.6,182.0,10.3,19.5,47.0
2024-07-06T01:00,23.5,13.9,189.0,10.9,19.3,44.0
2024-07-06T02:00,24.0,13.9,200.0,11.7,18.9,41.0
2024-07-06T03:00,24.5,13.9,206.0,12.1,18.9,40.0
2024-07-06T04:00,25.5,14.1,205.0,11.6,19.4,43.0
2024-07-06T05:00,27.6,14.7,201.0,10.7,20.1,49.0
2024-07-06T06:00,29.9,15.3,196.0,9.9,20.7,55.0
2024-07-06T07:00,32.0,15.8,192.0,9.3,21.0,61.0
2024-07-06T08:00,33.9,16.3,188.0,8.9,21.2,66.0
2024-07-06T09:00,35.3,16.9,187.0,9.0,21.3,70.0
2024-07-06T10:00,35.7,17.3,188.0,10.2,21.8,70.0
2024-07-06T11:00,36.7,17.4,192.0,11.9,22.3,68.0
2024-07-06T12:00,43.3,19.4,200.0,14.1,,68.0
2024-07-06T13:00,41.3,18.9,210.0,15.7,25.0,62.0
2024-07-06T14:00,39.3,18.7,224.0,,23.7,54.0
2024-07-06T15:00,39.2,19.5,237.0,,21.7,49.0
2024-07-06T16:00,40.0,20.7,252.0,,18.3,50.0
2024-07-06T17:00,39.9,21.2,267.0,14.4,14.1,55.0
2024-07-06T18:00,38.0,20.3,270.0,12.0,10.8,57.0
2024-07-06T19:00,34.2,18.2,254.0,10.4,9.0,56.0
2024-07-06T20:00,48.8,18.6,228.0,9.1,8.0,52.0
2024-07-06T21:00,39.0,15.4,202.0,8.1,7.3,49.0
2024-07-06T22:00,34.2,13.3,178.0,7.3,6.7,46.0
2024-07-06T23:00,28.9,11.4,155.0,6.8,6.4,43.0
2024-07-07T00:00,39.5,12.7,158.0,8.3,9.4,40.0
2024-07-07T01:00,38.9,12.5,162.0,8.6,11.1,39.0
2024-07-07T02:00,36.7,12.2,168.0,9.0,13.5,39.0
2024-07-07T03:00,35.2,12.3,171.0,8.9,15.5,42.0
2024-07-07T04:00,34.7,12.8,170.0,8.0,16.9,52.0
2024-07-07T05:00,35.0,13.5,167.0,6.6,17.9,67.0
2024-07-07T06:00,36.6,14.2,164.0,5.4,18.3,81.0
2024-07-07T07:00,39.6,16.0,163.0,4.4,18.1,96.0
2024-07-07T08:00,41.7,17.3,163.0,3.5,17.4,110.0
2024-07-07T09:00,43.7,18.7,164.0,3.1,16.0,120.0
2024-07-07T10:00,44.7,19.4,166.0,3.4,13.4,123.0
2024-07-07T11:00,46.2,20.0,169.0,4.1,10.1,121.0
2024-07-07T12:00,38.5,16.8,165.0,3.8,10.7,122.0
2024-07-07T13:00,36.2,16.6,167.0,4.1,10.7,120.0
2024-07-07T14:00,34.5,16.1,169.0,4.6,10.8,116.0
2024-07-07T15:00,35.7,16.5,173.0,5.6,11.7,109.0
2024-07-07T16:00,34.6,15.9,179.0,7.8,14.2,95.0
2024-07-07T17:00,34.8,15.7,185.0,10.5,17.4,78.0
2024-07-07T18:00,32.9,14.7,190.0,12.3,19.2,65.0
2024-07-07T19:00,30.2,13.7,190.0,12.2,18.4,59.0
2024-07-07T20:00,26.8,12.3,189.0,11.2,16.1,56.0
2024-07-07T21:00,23.9,11.3,189.0,10.3,14.2,54.0
2024-07-07T22:00,21.7,10.5,191.0,9.7,13.1,51.0
2024-07-07T23:00,21.5,10.4,195.0,9.3,12.4,50.0
2024-07-08T00:00,26.8,11.1,174.0,9.2,14.6,55.0
2024-07-08T01:00,29.7,12.5,184.0,9.6,14.4,54.0
2024-07-08T02:00,32.5,13.9,197.0,10.1,14.2,53.0
2024-07-08T03:00,35.0,15.3,203.0,10.0,14.5,55.0
2024-07-08T04:00,36.6,15.9,197.0,9.0,15.7,62.0
2024-07-08T05:00,45.6,18.9,183.0,7.4,17.2,73.0
2024-07-08T06:00,47.0,19.6,173.0,6.1,18.4,83.0
2024-07-08T07:00,47.6,20.1,167.0,5.2,18.8,92.0
2024-07-08T08:00,44.7,19.8,163.0,4.5,18.7,101.0
2024-07-08T09:00,42.6,19.6,166.0,4.8,18.3,107.0
2024-07-08T10:00,42.8,20.9,179.0,6.7,17.5,109.0
2024-07-08T11:00,44.7,23.1,199.0,9.5,16.3,107.0
2024-07-08T12:00,31.3,17.2,203.0,11.7,12.8,84.0
2024-07-08T13:00,29.9,16.7,211.0,12.5,12.4,77.0
2024-07-08T14:00,28.1,15.9,222.0,13.6,11.8,68.0
2024-07-08T15:00,26.1,15.7,228.0,14.2,11.8,60.0
2024-07-08T16:00,24.6,15.6,225.0,13.9,12.8,57.0
2024-07-08T17:00,24.2,15.4,217.0,13.1,14.2,55.0
2024-07-08T18:00,25.1,15.4,209.0,12.5,15.5,53.0
2024-07-08T19:00,24.6,14.7,202.0,12.4,16.4,48.0
2024-07-08T20:00,23.4,14.0,196.0,12.5,17.0,43.0
2024-07-08T21:00,21.9,13.3,190.0,12.5,17.2,38.0
2024-07-08T22:00,20.3,12.6,185.0,12.3,16.7,33.0
2024-07-08T23:00,18.2,11.5,181.0,12.1,15.7,29.0
2024-07-09T00:00,16.5,11.1,203.0,11.4,12.9,28.0
2024-07-09T01:00,15.3,10.3,202.0,10.9,12.8,28.0
2024-07-09T02:00,14.5,9.8,201.0,10.1,12.6,29.0
2024-07-09T03:00,13.9,9.4,198.0,9.2,13.0,34.0
2024-07-09T04:00,14.8,9.9,191.0,8.1,14.3,46.0
2024-07-09T05:00,17.1,11.5,183.0,6.9,16.1,62.0
2024-07-09T06:00,18.8,12.5,174.0,5.8,17.6,77.0
2024-07-09T07:00,18.6,11.9,164.0,4.8,18.8,89.0
2024-07-09T08:00,20.3,12.7,154.0,4.0,19.7,99.0
2024-07-09T09:00,21.7,13.2,150.0,3.7,19.2,107.0
2024-07-09T10:00,23.1,13.8,158.0,4.5,16.5,112.0
2024-07-09T11:00,25.7,14.8,172.0,5.8,12.4,114.0
2024-07-09T12:00,31.8,18.6,156.0,6.8,19.2,99.0
2024-07-09T13:00,37.4,21.9,171.0,6.7,15.2,102.0
2024-07-09T14:00,37.3,21.0,192.0,6.6,9.6,105.0
2024-07-09T15:00,37.7,20.8,206.0,6.7,5.6,103.0
2024-07-09T16:00,38.6,21.4,209.0,7.0,4.6,93.0
2024-07-09T17:00,36.0,19.9,206.0,7.5,5.1,78.0
2024-07-09T18:00,30.9,16.9,199.0,7.8,5.9,66.0
2024-07-09T19:00,26.2,14.1,187.0,8.0,6.8,59.0
2024-07-09T20:00,23.7,12.4,172.0,8.0,7.9,55.0
2024-07-09T21:00,23.0,11.6,161.0,8.0,8.7,52.0
2024-07-09T22:00,23.1,11.3,156.0,7.8,8.7,49.0
2024-07-09T23:00,23.2,11.2,155.0,7.5,8.4,47.0
2024-07-10T00:00,24.0,12.5,184.0,8.1,8.7,46.0
2024-07-10T01:00,24.1,13.2,199.0,8.4,9.3,46.0
2024-07-10T02:00,24.4,14.1,218.0,8.7,10.1,48.0
2024-07-10T03:00,26.1,15.9,232.0,8.5,11.1,55.0
2024-07-10T04:00,29.6,18.7,234.0,7.3,12.5,74.0
2024-07-10T05:00,34.0,21.9,229.0,5.5,14.2,98.0
2024-07-10T06:00,35.3,22.4,223.0,4.1,15.4,120.0
2024-07-10T07:00,36.0,21.8,218.0,3.2,16.2,137.0
2024-07-10T08:00,39.9,22.9,212.0,2.6,16.5,150.0
2024-07-10T09:00,45.8,24.9,206.0,2.5,15.8,156.0
2024-07-10T10:00,49.5,26.1,201.0,3.1,13.4,151.0
2024-07-10T11:00,49.2,25.1,196.0,4.2,10.1,138.0
2024-07-10T12:00,47.0,23.7,185.0,4.6,10.7,130.0
2024-07-10T13:00,43.7,22.4,189.0,4.5,8.3,122.0
2024-07-10T14:00,40.3,20.8,195.0,4.5,5.0,110.0
2024-07-10T15:00,37.4,19.9,201.0,4.9,3.0,98.0
2024-07-10T16:00,36.9,19.2,208.0,6.2,3.5,87.0
2024-07-10T17:00,32.5,16.9,216.0,8.0,5.3,76.0
2024-07-10T18:00,34.2,17.3,217.0,8.8,6.4,68.0
2024-07-10T19:00,35.3,17.3,206.0,7.7,6.0,66.0
2024-07-10T20:00,33.6,16.3,189.0,5.7,4.9,68.0
2024-07-10T21:00,31.1,15.3,176.0,4.2,4.0,69.0
2024-07-10T22:00,30.2,14.9,171.0,3.7,3.6,67.0
2024-07-10T23:00,29.4,14.7,171.0,3.8,3.3,64.0
2024-07-11T00:00,31.4,15.8,161.0,3.5,4.6,64.0
2024-07-11T01:00,30.2,15.7,171.0,4.5,4.3,60.0
2024-07-11T02:00,30.0,16.2,185.0,5.7,3.8,55.0
2024-07-11T03:00,29.2,16.1,194.0,6.4,3.5,53.0
2024-07-11T04:00,27.3,15.3,193.0,5.9,3.4,57.0
2024-07-11T05:00,25.9,14.8,187.0,4.7,3.5,65.0
2024-07-11T06:00,24.9,14.7,185.0,3.9,3.7,73.0
2024-07-11T07:00,25.0,15.1,191.0,3.8,3.8,83.0
2024-07-11T08:00,26.7,16.4,201.0,3.9,4.0,94.0
2024-07-11T09:00,29.0,17.9,206.0,4.2,4.5,102.0
2024-07-11T10:00,30.0,18.2,203.0,4.6,5.7,105.0
2024-07-11T11:00,31.5,18.0,196.0,5.0,7.3,105.0
2024-07-11T12:00,33.8,19.7,192.0,6.2,3.8,75.0
2024-07-11T13:00,35.2,20.0,186.0,5.9,3.8,75.0
2024-07-11T14:00,38.0,20.1,178.0,5.4,3.8,75.0
2024-07-11T15:00,41.4,21.1,175.0,4.8,3.9,78.0
2024-07-11T16:00,45.2,22.7,180.0,3.9,4.2,88.0
2024-07-11T17:00,48.0,24.2,189.0,3.0,4.7,100.0
2024-07-11T18:00,49.5,25.6,197.0,2.8,5.3,106.0
2024-07-11T19:00,48.9,26.3,204.0,3.9,6.3,98.0
2024-07-11T20:00,39.3,22.2,209.0,5.6,7.5,83.0
2024-07-11T21:00,31.7,18.3,210.0,7.0,8.5,70.0
2024-07-11T22:00,27.7,15.6,200.0,7.4,9.1,63.0
2024-07-11T23:00,24.3,13.4,185.0,7.4,9.6,58.0
2024-07-12T00:00,17.0,9.6,171.0,6.6,6.7,54.0
2024-07-12T01:00,17.5,10.2,183.0,7.1,7.3,53.0
2024-07-12T02:00,18.6,11.1,199.0,7.7,8.2,51.0
2024-07-12T03:00,21.2,12.8,210.0,7.8,9.5,55.0
2024-07-12T04:00,25.4,15.6,213.0,7.1,11.5,67.0
2024-07-12T05:00,29.3,18.2,212.0,6.0,13.8,84.0
2024-07-12T06:00,30.3,18.3,209.0,5.0,15.3,100.0
2024-07-12T07:00,31.2,18.0,203.0,4.0,15.3,114.0
2024-07-12T08:00,34.1,18.9,195.0,3.0,14.4,127.0
2024-07-12T09:00,36.7,19.5,190.0,2.7,13.1,135.0
2024-07-12T10:00,37.7,19.8,192.0,3.5,11.3,135.0
2024-07-12T11:00,39.5,20.7,197.0,4.9,9.1,129.0
2024-07-12T12:00,29.6,15.1,180.0,3.6,4.9,110.0
2024-07-12T13:00,29.2,15.8,185.0,5.7,6.9,99.0
2024-07-12T14:00,26.2,14.1,192.0,8.5,9.7,84.0
2024-07-12T15:00,21.9,11.9,199.0,10.6,11.7,71.0
2024-07-12T16:00,20.1,11.7,206.0,11.2,12.1,63.0
2024-07-12T17:00,19.8,12.0,214.0,11.0,11.6,58.0
2024-07-12T18:00,20.5,12.5,220.0,10.7,10.9,54.0
2024-07-12T19:00,21.6,13.1,225.0,10.3,9.9,50.0
2024-07-12T20:00,22.5,13.6,228.0,9.8,8.7,46.0
2024-07-12T21:00,22.5,13.6,229.0,9.3,7.7,43.0
2024-07-12T22:00,21.5,13.2,225.0,9.0,7.1,39.0
2024-07-12T23:00,19.7,12.4,218.0,8.9,6.7,34.0
2024-07-13T00:00,23.7,14.1,228.0,9.1,8.3,35.0
2024-07-13T01:00,22.2,13.5,229.0,9.3,8.9,35.0
2024-07-13T02:00,21.2,13.2,230.0,9.5,10.0,36.0
2024-07-13T03:00,20.5,12.7,227.0,9.5,11.6,39.0
2024-07-13T04:00,20.6,12.6,215.0,9.3,14.8,45.0
2024-07-13T05:00,22.4,13.1,199.0,8.9,18.7,53.0
2024-07-13T06:00,21.3,12.3,186.0,8.2,20.6,62.0
2024-07-13T07:00,21.1,12.1,178.0,6.6,18.7,72.0
2024-07-13T08:00,20.1,11.7,175.0,4.7,14.9,83.0
2024-07-13T09:00,20.9,12.2,180.0,4.3,11.9,90.0
2024-07-13T10:00,22.0,12.9,204.0,7.2,11.1,91.0
2024-07-13T11:00,26.8,16.1,237.0,11.7,11.2,89.0
2024-07-13T12:00,36.0,19.7,207.0,8.7,12.8,93.0
2024-07-13T13:00,36.9,20.0,214.0,9.8,12.5,86.0
2024-07-13T14:00,37.5,19.4,223.0,11.4,12.0,77.0
2024-07-13T15:00,35.5,18.2,229.0,12.4,11.7,69.0
2024-07-13T16:00,35.4,18.5,229.0,12.4,11.6,63.0
2024-07-13T17:00,35.0,18.2,225.0,11.9,11.6,59.0
2024-07-13T18:00,39.6,18.2,220.0,11.4,11.6,54.0
2024-07-13T19:00,32.5,15.8,214.0,11.2,11.8,49.0
2024-07-13T20:00,28.3,13.9,207.0,11.0,12.1,43.0
2024-07-13T21:00,27.4,13.3,200.0,10.6,11.9,39.0
2024-07-13T22:00,25.5,12.5,193.0,9.7,10.6,36.0
2024-07-13T23:00,23.8,12.0,186.0,8.6,8.8,33.0
2024-07-14T00:00,19.9,10.8,188.0,7.8,7.5,31.0
2024-07-14T01:00,17.6,9.6,189.0,8.2,7.8,30.0
2024-07-14T02:00,15.9,8.8,191.0,8.8,8.2,29.0
2024-07-14T03:00,14.6,8.4,194.0,9.1,8.8,29.0
2024-07-14T04:00,13.9,8.3,198.0,9.0,9.7,32.0
2024-07-14T05:00,14.5,8.8,203.0,8.7,10.8,37.0
2024-07-14T06:00,17.0,10.2,206.0,8.6,12.1,42.0
2024-07-14T07:00,21.1,12.1,207.0,8.9,14.0,48.0
2024-07-14T08:00,24.9,13.7,207.0,9.4,16.0,55.0
2024-07-14T09:00,27.4,14.1,207.0,9.6,16.6,61.0
2024-07-14T10:00,28.5,13.9,206.0,9.2,14.7,66.0
2024-07-14T11:00,29.4,14.8,204.0,8.6,11.4,71.0
2024-07-14T12:00,35.2,16.1,227.0,14.9,21.3,59.0
2024-07-14T13:00,34.3,16.4,229.0,15.1,20.3,58.0
2024-07-14T14:00,32.6,15.7,232.0,15.3,18.9,56.0
2024-07-14T15:00,31.8,15.0,231.0,15.1,17.3,54.0
2024-07-14T16:00,31.2,14.5,223.0,14.1,15.3,52.0
2024-07-14T17:00,30.5,14.0,211.0,12.7,13.1,51.0
2024-07-14T18:00,27.8,13.1,200.0,11.6,11.4,48.0
2024-07-14T19:00,23.6,11.6,191.0,11.0,10.8,43.0
2024-07-14T20:00,18.9,9.7,183.0,10.6,10.7,38.0
2024-07-14T21:00,15.0,8.3,176.0,10.2,10.5,33.0
2024-07-14T22:00,12.2,7.0,169.0,9.6,9.9,30.0
2024-07-14T23:00,10.1,5.9,162.0,8.9,9.1,28.0
2024-07-15T00:00,11.8,7.4,183.0,10.1,10.9,27.0
2024-07-15T01:00,10.6,6.7,184.0,10.1,11.1,27.0
2024-07-15T02:00,10.4,6.5,185.0,10.1,11.4,27.0
2024-07-15T03:00,13.2,7.2,185.0,9.8,12.1,30.0
2024-07-15T04:00,14.3,7.7,181.0,8.8,13.6,37.0
2024-07-15T05:00,17.1,8.2,176.0,7.4,15.5,47.0
2024-07-15T06:00,17.1,8.8,171.0,6.3,16.5,57.0
2024-07-15T07:00,17.8,9.7,166.0,5.6,16.0,66.0
2024-07-15T08:00,17.0,9.6,161.0,5.2,14.7,75.0
2024-07-15T09:00,16.6,9.8,158.0,5.2,13.3,80.0
2024-07-15T10:00,16.8,9.6,156.0,5.6,12.1,81.0
2024-07-15T11:00,17.6,8.8,156.0,6.4,10.8,79.0
2024-07-15T12:00,20.8,12.0,173.0,10.9,16.2,69.0
2024-07-15T13:00,20.1,12.0,177.0,11.5,15.3,63.0
2024-07-15T14:00,18.4,11.5,182.0,12.3,13.9,54.0
2024-07-15T15:00,15.2,9.9,183.0,12.5,12.4,46.0
2024-07-15T16:00,11.1,7.4,177.0,11.6,10.6,38.0
2024-07-15T17:00,8.2,5.6,167.0,10.2,8.7,31.0
2024-07-15T18:00,7.0,4.8,158.0,8.9,7.3,26.0
2024-07-15T19:00,6.2,4.3,150.0,8.1,6.7,24.0
2024-07-15T20:00,5.7,3.9,142.0,7.5,6.7,24.0
2024-07-15T21:00,5.2,3.5,136.0,7.0,6.7,25.0
2024-07-15T22:00,4.9,3.3,130.0,6.5,6.6,25.0
2024-07-15T23:00,4.7,3.1,126.0,6.2,6.5,26.0
2024-07-16T00:00,4.1,2.7,125.0,7.1,8.3,25.0
2024-07-16T01:00,5.3,3.3,130.0,7.0,8.7,26.0
2024-07-16T02:00,6.0,3.7,138.0,6.9,9.2,27.0
2024-07-16T03:00,6.9,4.4,144.0,6.8,9.8,29.0
2024-07-16T04:00,8.1,5.2,148.0,6.8,10.5,31.0
2024-07-16T05:00,8.6,5.6,150.0,6.8,11.3,33.0
2024-07-16T06:00,9.7,6.4,153.0,6.9,12.1,37.0
2024-07-16T07:00,11.6,7.8,156.0,6.8,13.0,44.0
2024-07-16T08:00,13.4,9.0,159.0,6.8,13.8,53.0
2024-07-16T09:00,14.3,9.5,162.0,7.1,14.4,59.0
2024-07-16T10:00,14.2,9.4,165.0,7.9,14.5,60.0
2024-07-16T11:00,14.2,9.1,167.0,9.1,14.4,58.0
2024-07-16T12:00,16.3,10.9,182.0,11.5,13.7,52.0
2024-07-16T13:00,15.5,10.4,188.0,12.0,13.2,49.0
2024-07-16T14:00,14.7,9.9,196.0,12.7,12.5,44.0
2024-07-16T15:00,14.1,9.3,201.0,13.1,11.9,40.0
2024-07-16T16:00,13.7,8.9,199.0,12.9,11.3,37.0
2024-07-16T17:00,13.7,8.5,194.0,12.5,10.8,34.0
2024-07-16T18:00,14.6,8.2,187.0,11.9,10.4,31.0
2024-07-16T19:00,15.8,8.2,177.0,11.3,10.2,29.0
2024-07-16T20:00,15.4,7.5,164.0,10.5,10.0,26.0
2024-07-16T21:00,14.2,7.0,154.0,9.8,9.7,25.0
2024-07-16T22:00,11.5,6.0,147.0,9.0,9.0,24.0
2024-07-16T23:00,9.2,5.2,143.0,8.2,8.1,24.0
2024-07-17T00:00,8.7,5.4,155.0,8.8,8.5,23.0
2024-07-17T01:00,8.7,5.4,160.0,8.7,8.6,24.0
2024-07-17T02:00,10.1,5.9,167.0,8.5,8.9,25.0
2024-07-17T03:00,12.6,6.6,172.0,8.1,9.4,28.0
2024-07-17T04:00,14.3,7.2,173.0,7.6,10.6,33.0
2024-07-17T05:00,14.7,7.8,173.0,6.9,12.1,41.0
2024-07-17T06:00,16.2,9.3,172.0,6.1,13.0,51.0
2024-07-17T07:00,17.7,10.4,171.0,5.0,12.7,67.0
2024-07-17T08:00,18.2,10.7,170.0,3.9,11.8,86.0
2024-07-17T09:00,20.2,12.3,172.0,3.5,10.8,99.0
2024-07-17T10:00,21.7,13.6,180.0,4.6,9.9,103.0
2024-07-17T11:00,21.4,13.6,191.0,6.4,9.0,101.0
2024-07-17T12:00,28.9,18.2,186.0,7.3,6.7,84.0
2024-07-17T13:00,27.2,16.5,192.0,7.8,6.4,78.0
2024-07-17T14:00,26.3,15.9,199.0,8.5,5.9,69.0
2024-07-17T15:00,25.7,15.8,204.0,9.1,6.0,61.0
2024-07-17T16:00,25.1,15.5,204.0,9.7,7.0,55.0
2024-07-17T17:00,23.7,14.7,201.0,10.2,8.6,49.0
2024-07-17T18:00,21.4,12.9,195.0,10.4,9.7,44.0
2024-07-17T19:00,17.9,10.8,185.0,10.1,10.0,40.0
2024-07-17T20:00,15.4,9.3,174.0,9.4,9.9,37.0
2024-07-17T21:00,13.5,8.3,164.0,8.8,9.7,34.0
2024-07-17T22:00,12.0,7.4,159.0,8.4,9.4,32.0
2024-07-17T23:00,11.4,6.9,156.0,8.1,9.1,31.0
2024-07-18T00:00,8.1,5.0,144.0,6.9,7.4,32.0
2024-07-18T01:00,6.8,4.3,149.0,7.2,7.7,32.0
2024-07-18T02:00,7.1,4.5,156.0,7.7,8.2,31.0
2024-07-18T03:00,7.9,5.1,163.0,8.1,8.9,32.0
2024-07-18T04:00,10.4,6.4,169.0,8.4,10.2,34.0
2024-07-18T05:00,11.9,7.4,174.0,8.5,11.7,36.0
2024-07-18T06:00,13.4,8.4,178.0,8.5,13.0,41.0
2024-07-18T07:00,15.1,9.7,180.0,8.0,13.8,50.0
2024-07-18T08:00,17.2,11.2,180.0,7.3,14.4,62.0
2024-07-18T09:00,18.9,12.4,181.0,7.1,14.4,69.0
2024-07-18T10:00,19.6,12.8,183.0,8.0,13.7,69.0
2024-07-18T11:00,21.8,13.3,185.0,9.5,12.5,66.0
2024-07-18T12:00,13.0,9.0,175.0,10.4,11.4,54.0
2024-07-18T13:00,11.4,7.9,180.0,10.5,10.7,51.0
2024-07-18T14:00,10.7,7.4,187.0,10.6,9.8,48.0
2024-07-18T15:00,10.1,7.0,191.0,10.5,8.9,44.0
2024-07-18T16:00,9.3,6.5,191.0,10.1,8.1,41.0
2024-07-18T17:00,8.5,5.9,188.0,9.6,7.4,38.0
2024-07-18T18:00,7.6,5.3,184.0,9.1,6.9,36.0
2024-07-18T19:00,7.1,4.9,179.0,8.8,6.7,34.0
2024-07-18T20:00,7.4,4.9,174.0,8.6,6.8,33.0
2024-07-18T21:00,8.0,5.1,170.0,8.4,6.9,32.0
2024-07-18T22:00,8.8,5.4,168.0,8.3,7.1,31.0
2024-07-18T23:00,9.5,5.5,167.0,8.3,7.3,29.0
2024-07-19T00:00,9.6,5.8,171.0,9.1,9.0,28.0
2024-07-19T01:00,10.2,6.0,174.0,9.2,9.2,29.0
2024-07-19T02:00,10.8,6.3,178.0,9.3,9.6,29.0
2024-07-19T03:00,11.4,6.8,180.0,9.2,10.2,32.0
2024-07-19T04:00,11.8,7.3,178.0,9.0,11.5,37.0
2024-07-19T05:00,12.3,7.9,173.0,8.6,13.0,43.0
2024-07-19T06:00,13.5,8.8,170.0,8.0,13.3,50.0
2024-07-19T07:00,16.1,10.2,170.0,7.0,11.3,58.0
2024-07-19T08:00,15.2,10.0,170.0,5.7,8.1,67.0
2024-07-19T09:00,14.2,8.8,170.0,5.0,5.6,72.0
2024-07-19T10:00,10.7,7.0,166.0,5.2,4.5,71.0
2024-07-19T11:00,8.8,5.8,162.0,5.8,4.2,65.0
2024-07-19T12:00,14.3,9.6,177.0,8.1,5.6,57.0
2024-07-19T13:00,14.7,10.0,194.0,9.9,6.4,53.0
2024-07-19T14:00,15.7,10.8,218.0,12.5,7.5,48.0
2024-07-19T15:00,16.5,11.4,237.0,14.4,8.4,43.0
2024-07-19T16:00,17.8,12.0,248.0,15.4,9.2,39.0
2024-07-19T17:00,19.0,12.7,255.0,15.7,9.8,36.0
2024-07-19T18:00,17.8,11.7,253.0,15.3,9.9,34.0
2024-07-19T19:00,14.1,9.2,237.0,13.6,9.1,34.0
2024-07-19T20:00,13.1,8.4,212.0,11.1,7.9,34.0
2024-07-19T21:00,12.8,8.0,192.0,9.1,6.9,35.0
2024-07-19T22:00,12.5,7.6,180.0,8.0,6.4,35.0
2024-07-19T23:00,12.1,7.2,173.0,7.3,6.2,35.0
2024-07-20T00:00,12.3,6.9,163.0,7.4,7.2,34.0
2024-07-20T01:00,12.4,6.9,167.0,7.6,8.1,34.0
2024-07-20T02:00,12.9,7.3,171.0,7.9,9.5,35.0
2024-07-20T03:00,14.2,8.1,173.0,7.8,10.7,39.0
2024-07-20T04:00,16.1,9.1,169.0,6.9,12.0,50.0
2024-07-20T05:00,17.8,10.0,162.0,5.5,13.2,64.0
2024-07-20T06:00,19.6,10.2,157.0,4.4,13.3,76.0
2024-07-20T07:00,20.8,11.1,157.0,3.5,11.3,85.0
2024-07-20T08:00,20.1,11.5,160.0,2.8,8.2,92.0
2024-07-20T09:00,18.9,11.0,164.0,2.7,5.8,95.0
2024-07-20T10:00,18.7,11.0,168.0,3.7,4.9,93.0
2024-07-20T11:00,24.1,12.4,174.0,5.4,4.8,87.0
2024-07-20T12:00,21.4,11.0,182.0,7.0,5.4,82.0
2024-07-20T13:00,21.8,11.7,195.0,8.7,5.9,75.0
2024-07-20T14:00,22.1,12.1,214.0,11.0,6.5,65.0
2024-07-20T15:00,21.7,12.1,230.0,12.8,6.8,56.0
2024-07-20T16:00,20.2,11.6,241.0,13.5,6.6,48.0
2024-07-20T17:00,18.5,11.0,248.0,13.7,6.1,40.0
2024-07-20T18:00,17.5,10.5,251.0,13.4,5.6,34.0
2024-07-20T19:00,16.4,10.0,247.0,12.6,5.2,31.0
2024-07-20T20:00,15.5,9.4,237.0,11.4,4.8,30.0
2024-07-20T21:00,15.2,9.2,229.0,10.4,4.7,29.0
2024-07-20T22:00,15.1,9.2,223.0,9.9,5.1,28.0
2024-07-20T23:00,15.8,9.5,218.0,9.6,5.8,28.0
2024-07-21T00:00,17.5,10.5,234.0,10.4,6.7,27.0
2024-07-21T01:00,18.3,10.6,222.0,9.7,7.9,30.0
2024-07-21T02:00,19.3,10.8,205.0,8.6,9.7,35.0
2024-07-21T03:00,20.4,11.1,188.0,7.5,11.2,42.0
2024-07-21T04:00,21.8,11.3,173.0,6.3,12.6,52.0
2024-07-21T05:00,24.1,11.4,158.0,5.1,13.8,64.0
2024-07-21T06:00,27.9,12.7,148.0,4.0,14.0,75.0
2024-07-21T07:00,30.5,13.8,145.0,3.0,12.3,87.0
2024-07-21T08:00,37.8,15.6,147.0,2.1,9.5,98.0
2024-07-21T09:00,38.9,16.0,151.0,1.9,7.1,105.0
2024-07-21T10:00,38.1,16.2,155.0,2.5,5.4,105.0
2024-07-21T11:00,37.5,16.5,161.0,3.8,4.1,100.0
2024-07-21T12:00,43.5,18.9,166.0,5.1,3.6,90.0
2024-07-21T13:00,41.2,18.7,181.0,6.9,4.1,83.0
2024-07-21T14:00,38.9,18.3,203.0,9.4,4.7,73.0
2024-07-21T15:00,35.2,17.3,221.0,11.3,5.1,63.0
2024-07-21T16:00,31.0,15.8,233.0,12.1,5.1,54.0
2024-07-21T17:00,26.8,14.3,242.0,12.2,4.9,46.0
2024-07-21T18:00,22.9,12.6,243.0,11.8,4.6,40.0
2024-07-21T19:00,20.9,11.3,233.0,10.7,4.0,36.0
2024-07-21T20:00,20.5,10.8,215.0,9.2,3.2,35.0
2024-07-21T21:00,21.1,10.7,201.0,7.9,2.8,34.0
2024-07-21T22:00,22.1,10.9,193.0,7.1,3.1,34.0
2024-07-21T23:00,21.2,10.8,189.0,6.6,3.7,35.0
2024-07-22T00:00,22.4,11.2,216.0,8.3,3.7,30.0
2024-07-22T01:00,22.8,11.7,218.0,8.3,4.9,33.0
2024-07-22T02:00,23.8,12.5,221.0,8.3,6.6,37.0
2024-07-22T03:00,25.0,13.3,219.0,8.0,8.5,43.0
2024-07-22T04:00,27.2,14.1,207.0,7.4,10.9,51.0
2024-07-22T05:00,30.3,14.4,190.0,6.6,13.5,61.0
2024-07-22T06:00,32.6,13.5,176.0,5.8,14.3,69.0
2024-07-22T07:00,32.2,13.1,168.0,4.8,11.8,74.0
2024-07-22T08:00,29.6,12.5,164.0,3.9,7.6,76.0
2024-07-22T09:00,27.4,11.9,163.0,3.7,4.7,77.0
2024-07-22T10:00,25.7,11.6,166.0,4.8,4.4,76.0
2024-07-22T11:00,24.6,11.5,173.0,6.6,5.3,73.0
2024-07-22T12:00,26.3,11.8,166.0,6.0,3.5,73.0
2024-07-22T13:00,24.3,11.6,171.0,6.5,3.9,69.0
2024-07-22T14:00,23.3,11.9,179.0,7.2,4.5,63.0
2024-07-22T15:00,22.1,11.7,186.0,7.8,5.1,58.0
2024-07-22T16:00,21.2,11.4,192.0,8.2,5.7,55.0
2024-07-22T17:00,21.0,11.3,196.0,8.5,6.4,52.0
2024-07-22T18:00,20.7,11.4,201.0,8.8,6.9,49.0
2024-07-22T19:00,20.1,11.4,206.0,9.0,7.2,46.0
2024-07-22T20:00,19.6,11.4,210.0,9.1,7.4,43.0
2024-07-22T21:00,19.2,11.3,212.0,9.1,7.6,41.0
2024-07-22T22:00,18.7,11.1,211.0,9.1,7.7,38.0
2024-07-22T23:00,18.3,10.9,208.0,8.9,7.8,36.0
2024-07-23T00:00,19.6,11.8,224.0,9.4,8.0,34.0
2024-07-23T01:00,19.5,11.5,221.0,9.1,8.9,37.0
2024-07-23T02:00,19.7,11.4,215.0,8.5,10.3,41.0
2024-07-23T03:00,20.4,11.6,207.0,7.8,11.4,47.0
2024-07-23T04:00,21.5,12.2,193.0,6.7,12.3,57.0
2024-07-23T05:00,22.3,12.5,177.0,5.4,13.1,69.0
2024-07-23T06:00,22.4,11.8,164.0,4.2,13.0,80.0
2024-07-23T07:00,24.3,12.3,157.0,3.1,11.5,90.0
2024-07-23T08:00,27.4,13.3,154.0,2.2,9.2,100.0
2024-07-23T09:00,28.9,14.1,154.0,2.0,7.2,105.0
2024-07-23T10:00,29.3,14.9,160.0,3.0,5.7,104.0
2024-07-23T11:00,28.2,14.9,170.0,4.7,4.5,100.0
2024-07-23T12:00,37.6,18.9,164.0,3.8,5.1,99.0
2024-07-23T13:00,37.3,19.0,179.0,5.8,5.6,91.0
2024-07-23T14:00,34.1,18.0,200.0,8.7,6.4,80.0
2024-07-23T15:00,33.8,18.1,215.0,10.8,7.0,69.0
2024-07-23T16:00,34.7,18.6,219.0,11.6,7.2,61.0
2024-07-23T17:00,33.3,18.0,217.0,11.7,7.3,53.0
2024-07-23T18:00,29.7,16.2,212.0,11.5,7.4,47.0
2024-07-23T19:00,24.2,13.4,203.0,11.1,7.6,43.0
2024-07-23T20:00,21.5,12.0,192.0,10.5,7.7,40.0
2024-07-23T21:00,20.1,11.6,186.0,10.0,7.7,37.0
2024-07-23T22:00,18.7,11.1,191.0,9.9,7.3,33.0
2024-07-23T23:00,17.8,10.7,201.0,9.9,6.8,29.0
2024-07-24T00:00,19.2,11.7,230.0,10.5,7.3,27.0
2024-07-24T01:00,19.3,12.0,233.0,9.7,7.5,31.0
2024-07-24T02:00,19.4,12.0,236.0,8.6,7.9,36.0
2024-07-24T03:00,19.7,12.0,233.0,7.3,8.2,45.0
2024-07-24T04:00,20.1,12.2,216.0,5.8,8.6,59.0
2024-07-24T05:00,20.8,12.4,192.0,4.1,9.0,76.0
2024-07-24T06:00,20.5,11.8,174.0,2.8,8.9,89.0
2024-07-24T07:00,20.4,11.4,167.0,2.2,8.0,96.0
2024-07-24T08:00,23.2,11.8,167.0,2.0,6.7,100.0
2024-07-24T09:00,24.9,12.6,168.0,2.2,5.6,102.0
2024-07-24T10:00,29.1,14.9,169.0,2.8,4.8,102.0
2024-07-24T11:00,29.7,15.4,172.0,3.9,4.2,99.0
2024-07-24T12:00,30.7,15.4,154.0,3.6,3.4,92.0
2024-07-24T13:00,29.8,14.8,162.0,5.0,3.7,84.0
2024-07-24T14:00,27.4,13.9,173.0,7.0,4.1,72.0
2024-07-24T15:00,25.6,13.2,185.0,8.8,4.5,61.0
2024-07-24T16:00,22.9,12.1,200.0,10.4,5.0,52.0
2024-07-24T17:00,20.1,11.3,216.0,11.8,5.5,43.0
2024-07-24T18:00,18.5,10.8,227.0,12.6,5.8,37.0
2024-07-24T19:00,17.8,10.6,228.0,12.5,5.5,34.0
2024-07-24T20:00,17.1,10.4,225.0,11.7,4.9,32.0
2024-07-24T21:00,16.6,10.2,221.0,11.1,4.7,31.0
2024-07-24T22:00,17.1,10.5,219.0,10.8,5.1,29.0
2024-07-24T23:00,17.4,10.7,218.0,10.7,5.8,27.0
2024-07-25T00:00,18.5,11.4,220.0,10.7,7.3,28.0
2024-07-25T01:00,18.3,11.4,220.0,10.4,8.5,30.0
2024-07-25T02:00,18.5,11.4,220.0,9.9,10.1,33.0
2024-07-25T03:00,18.3,11.1,214.0,9.0,11.1,38.0
2024-07-25T04:00,16.9,10.2,196.0,7.5,11.1,46.0
2024-07-25T05:00,15.1,9.3,173.0,5.7,10.6,56.0
2024-07-25T06:00,14.6,9.1,155.0,4.2,9.9,65.0
2024-07-25T07:00,14.7,8.8,149.0,3.3,9.0,73.0
2024-07-25T08:00,16.6,9.3,148.0,2.9,7.9,79.0
2024-07-25T09:00,19.1,9.6,150.0,2.9,7.1,84.0
2024-07-25T10:00,19.4,9.6,153.0,3.5,6.6,87.0
2024-07-25T11:00,19.3,10.2,157.0,4.6,6.4,87.0
2024-07-25T12:00,29.8,14.4,163.0,8.9,12.5,65.0
2024-07-25T13:00,24.2,13.0,169.0,10.4,13.4,60.0
2024-07-25T14:00,21.1,12.5,177.0,12.5,14.6,52.0
2024-07-25T15:00,16.1,10.1,183.0,13.8,15.3,46.0
2024-07-25T16:00,15.9,9.6,184.0,13.7,15.1,42.0
2024-07-25T17:00,16.1,9.3,183.0,12.9,14.5,40.0
2024-07-25T18:00,18.4,9.8,180.0,12.2,13.9,37.0
2024-07-25T19:00,21.4,10.7,176.0,11.9,13.8,34.0
2024-07-25T20:00,21.6,10.5,171.0,11.7,13.7,31.0
2024-07-25T21:00,19.8,9.9,166.0,11.2,13.1,29.0
2024-07-25T22:00,17.4,9.4,162.0,10.1,11.4,28.0
2024-07-25T23:00,11.1,6.7,158.0,8.6,9.1,28.0
2024-07-26T00:00,14.7,8.1,157.0,9.1,10.0,26.0
2024-07-26T01:00,12.9,7.5,164.0,9.3,10.4,25.0
2024-07-26T02:00,11.7,7.1,173.0,9.5,10.9,25.0
2024-07-26T03:00,10.9,6.9,177.0,9.1,11.1,28.0
2024-07-26T04:00,11.0,7.1,173.0,7.7,10.8,38.0
2024-07-26T05:00,12.3,7.8,164.0,5.7,10.1,53.0
2024-07-26T06:00,14.8,9.0,156.0,4.0,9.1,65.0
2024-07-26T07:00,17.8,9.1,150.0,2.9,7.4,75.0
2024-07-26T08:00,19.5,8.4,144.0,2.2,5.4,83.0
2024-07-26T09:00,22.4,9.4,140.0,2.0,3.7,86.0
2024-07-26T10:00,22.0,9.2,138.0,2.4,2.6,82.0
2024-07-26T11:00,17.5,7.3,138.0,3.4,1.9,74.0
2024-07-26T12:00,18.9,7.9,140.0,4.8,1.9,64.0
2024-07-26T13:00,15.7,7.5,159.0,6.5,2.4,59.0
2024-07-26T14:00,16.2,8.7,184.0,8.9,3.0,52.0
2024-07-26T15:00,16.5,9.1,199.0,10.3,3.4,46.0
2024-07-26T16:00,15.2,8.5,194.0,9.8,3.3,41.0
2024-07-26T17:00,13.0,7.4,178.0,8.4,2.9,36.0
2024-07-26T18:00,10.6,6.0,163.0,7.2,2.8,33.0
2024-07-26T19:00,9.0,4.9,151.0,6.5,3.1,31.0
2024-07-26T20:00,8.2,4.4,139.0,5.9,3.6,30.0
2024-07-26T21:00,7.9,4.3,131.0,5.6,4.1,29.0
2024-07-26T22:00,7.9,4.6,130.0,5.7,4.6,28.0
2024-07-26T23:00,8.2,4.8,132.0,6.1,5.2,28.0
2024-07-27T00:00,10.2,6.1,148.0,7.9,8.3,28.0
2024-07-27T01:00,10.4,6.4,154.0,7.5,8.5,29.0
2024-07-27T02:00,10.5,6.5,163.0,7.0,8.7,31.0
2024-07-27T03:00,10.7,6.7,166.0,6.2,8.5,36.0
2024-07-27T04:00,11.0,7.0,160.0,4.9,7.4,45.0
2024-07-27T05:00,10.6,6.9,148.0,3.4,5.8,57.0
2024-07-27T06:00,9.7,6.5,139.0,2.3,4.4,67.0
2024-07-27T07:00,7.9,5.4,135.0,1.8,3.2,72.0
2024-07-27T08:00,7.3,4.9,133.0,1.7,2.1,75.0
2024-07-27T09:00,8.2,5.3,133.0,1.9,1.4,77.0
2024-07-27T10:00,10.0,5.9,135.0,2.3,1.2,79.0
2024-07-27T11:00,12.9,6.8,140.0,3.1,1.3,80.0
2024-07-27T12:00,24.6,10.6,147.0,4.6,1.4,69.0
2024-07-27T13:00,26.5,11.3,160.0,5.6,1.6,65.0
2024-07-27T14:00,27.9,12.2,177.0,6.9,1.9,58.0
2024-07-27T15:00,28.3,12.7,185.0,7.6,2.2,53.0
2024-07-27T16:00,27.9,12.5,177.0,7.0,2.3,49.0
2024-07-27T17:00,26.6,11.1,162.0,5.8,2.4,47.0
2024-07-27T18:00,26.8,10.3,147.0,4.8,2.4,44.0
2024-07-27T19:00,28.2,10.3,137.0,4.2,2.5,41.0
2024-07-27T20:00,30.4,11.0,127.0,3.8,2.5,39.0
2024-07-27T21:00,34.2,12.3,122.0,3.6,2.6,36.0
2024-07-27T22:00,37.0,13.4,121.0,3.7,2.5,33.0
2024-07-27T23:00,36.7,13.9,123.0,4.0,2.4,30.0
2024-07-28T00:00,31.1,12.8,143.0,5.7,4.3,28.0
2024-07-28T01:00,30.2,12.6,150.0,6.1,5.8,29.0
2024-07-28T02:00,29.0,12.3,160.0,6.6,8.0,31.0
2024-07-28T03:00,29.0,12.2,166.0,6.7,9.6,35.0
2024-07-28T04:00,31.7,12.6,164.0,6.1,10.5,44.0
2024-07-28T05:00,35.9,12.8,157.0,5.1,11.0,56.0
2024-07-28T06:00,39.2,13.7,151.0,4.2,10.5,66.0
2024-07-28T07:00,37.5,13.5,145.0,3.4,8.5,71.0
2024-07-28T08:00,33.1,12.1,140.0,2.6,5.5,73.0
2024-07-28T09:00,34.8,12.1,138.0,2.4,3.3,74.0
2024-07-28T10:00,36.6,12.2,141.0,3.1,2.6,73.0
2024-07-28T11:00,34.7,11.5,147.0,4.4,2.6,71.0
2024-07-28T12:00,32.8,11.5,156.0,6.1,4.0,68.0
2024-07-28T13:00,33.9,12.3,166.0,7.3,4.7,63.0
2024-07-28T14:00,36.2,14.1,180.0,8.9,5.7,57.0
2024-07-28T15:00,38.1,15.7,193.0,10.2,6.4,51.0
2024-07-28T16:00,38.8,16.8,205.0,11.0,6.7,47.0
2024-07-28T17:00,37.1,17.0,216.0,11.4,6.6,43.0
2024-07-28T18:00,32.8,15.9,220.0,11.3,6.4,40.0
2024-07-28T19:00,27.8,14.1,212.0,10.3,5.8,37.0
2024-07-28T20:00,23.3,12.4,198.0,8.8,5.0,34.0
2024-07-28T21:00,19.4,10.7,184.0,7.5,4.4,32.0
2024-07-28T22:00,16.1,9.0,171.0,6.6,4.0,30.0
2024-07-28T23:00,13.9,7.8,158.0,6.0,3.7,29.0
2024-07-29T00:00,17.2,9.9,181.0,8.8,7.8,27.0
2024-07-29T01:00,17.2,9.9,183.0,8.6,8.8,29.0
2024-07-29T02:00,17.6,10.0,185.0,8.2,10.3,32.0
2024-07-29T03:00,17.5,9.9,184.0,7.7,11.6,37.0
2024-07-29T04:00,17.6,10.1,175.0,6.8,12.9,46.0
2024-07-29T05:00,18.3,10.5,162.0,5.7,14.1,57.0
2024-07-29T06:00,18.7,10.4,152.0,4.7,14.4,67.0
2024-07-29T07:00,19.5,10.3,146.0,3.8,13.1,75.0
2024-07-29T08:00,20.9,10.8,143.0,3.1,10.9,81.0
2024-07-29T09:00,21.9,11.1,142.0,2.8,8.9,85.0
2024-07-29T10:00,24.1,11.9,145.0,3.4,7.4,86.0
2024-07-29T11:00,26.9,13.1,150.0,4.5,6.0,83.0
2024-07-29T12:00,17.7,9.5,185.0,7.3,4.0,69.0
2024-07-29T13:00,19.3,10.5,197.0,9.0,5.2,63.0
2024-07-29T14:00,21.6,12.0,214.0,11.4,6.9,55.0
2024-07-29T15:00,28.1,13.9,222.0,13.0,8.5,48.0
2024-07-29T16:00,36.3,16.0,213.0,13.2,10.0,43.0
2024-07-29T17:00,34.0,14.5,197.0,12.7,11.5,40.0
2024-07-29T18:00,33.9,14.6,185.0,12.2,12.5,37.0
2024-07-29T19:00,35.9,15.4,186.0,12.0,12.8,34.0
2024-07-29T20:00,36.4,15.8,191.0,11.8,12.5,31.0
2024-07-29T21:00,42.7,17.4,195.0,11.5,12.1,29.0
2024-07-29T22:00,37.5,16.0,193.0,10.9,11.3,27.0
2024-07-29T23:00,32.7,14.6,189.0,10.2,10.3,26.0
2024-07-30T00:00,20.9,10.6,173.0,9.2,9.2,27.0
2024-07-30T01:00,19.6,10.1,178.0,9.0,9.7,27.0
2024-07-30T02:00,18.5,9.7,184.0,8.7,10.3,29.0
2024-07-30T03:00,18.3,9.9,188.0,8.1,11.0,34.0
2024-07-30T04:00,18.6,10.5,186.0,6.9,12.0,47.0
2024-07-30T05:00,20.1,12.0,182.0,5.5,13.0,64.0
2024-07-30T06:00,21.0,12.8,177.0,4.2,13.2,79.0
2024-07-30T07:00,21.8,13.4,171.0,3.1,12.1,91.0
2024-07-30T08:00,21.8,13.1,165.0,2.3,10.1,100.0
2024-07-30T09:00,21.7,12.1,163.0,2.1,8.3,105.0
2024-07-30T10:00,20.8,11.2,166.0,2.9,6.6,102.0
2024-07-30T11:00,18.7,10.2,174.0,4.3,5.0,94.0
2024-07-30T12:00,10.2,6.2,164.0,4.2,2.6,78.0
2024-07-30T13:00,9.8,6.1,181.0,6.3,4.0,73.0
2024-07-30T14:00,14.6,8.5,205.0,9.3,5.8,66.0
2024-07-30T15:00,17.5,10.1,228.0,11.8,7.1,58.0
2024-07-30T16:00,17.5,10.4,250.0,13.5,7.4,50.0
2024-07-30T17:00,16.1,10.3,271.0,14.8,7.1,42.0
2024-07-30T18:00,14.4,9.8,281.0,15.1,6.5,36.0
2024-07-30T19:00,12.2,8.4,271.0,13.8,5.4,33.0
2024-07-30T20:00,10.8,7.3,251.0,11.4,3.9,33.0
2024-07-30T21:00,10.8,7.0,232.0,9.5,2.9,32.0
2024-07-30T22:00,10.7,6.9,219.0,8.4,2.7,31.0
2024-07-30T23:00,10.7,6.7,209.0,7.7,3.0,30.0
2024-07-31T00:00,10.2,6.6,213.0,7.8,4.9,31.0
2024-07-31T01:00,13.0,7.9,215.0,8.4,7.2,33.0
2024-07-31T02:00,16.8,9.7,217.0,9.2,10.3,37.0
2024-07-31T03:00,16.9,10.2,217.0,9.3,13.0,45.0
2024-07-31T04:00,17.2,11.1,213.0,8.3,14.9,59.0
2024-07-31T05:00,20.0,13.3,207.0,6.8,16.4,77.0
2024-07-31T06:00,23.5,15.8,199.0,5.3,16.7,93.0
2024-07-31T07:00,24.9,16.4,190.0,4.0,15.3,105.0
2024-07-31T08:00,24.6,14.8,180.0,2.8,12.8,115.0
2024-07-31T09:00,27.4,15.7,171.0,2.1,10.4,119.0
2024-07-31T10:00,29.6,16.2,164.0,2.1,8.5,114.0
2024-07-31T11:00,31.4,16.4,158.0,2.6,6.7,104.0
2024-07-31T12:00,34.3,19.3,171.0,4.0,5.9,102.0
2024-07-31T13:00,30.6,16.9,176.0,4.6,5.5,96.0
2024-07-31T14:00,27.3,15.4,183.0,5.3,5.0,87.0
2024-07-31T15:00,29.5,16.4,185.0,5.9,4.8,78.0
2024-07-31T16:00,26.8,15.6,179.0,6.1,5.3,70.0
2024-07-31T17:00,17.8,11.1,169.0,6.0,6.2,63.0
2024-07-31T18:00,12.3,8.1,161.0,6.0,6.9,57.0
2024-07-31T19:00,10.7,7.2,159.0,6.0,7.1,52.0
2024-07-31T20:00,10.3,6.9,160.0,6.0,7.1,48.0
2024-07-31T21:00,10.5,7.1,162.0,6.3,7.5,45.0
2024-07-31T22:00,10.9,7.4,166.0,7.0,8.6,41.0
2024-07-31T23:00,11.4,7.7,172.0,8.1,10.1,38.0
2024-08-01T00:00,15.9,10.8,204.0,10.3,12.5,35.0
2024-08-01T01:00,15.2,10.2,205.0,9.9,13.1,36.0
2024-08-01T02:00,14.3,9.7,207.0,9.4,13.8,38.0
2024-08-01T03:00,14.2,9.6,207.0,8.5,14.2,44.0
2024-08-01T04:00,15.8,10.7,203.0,7.1,14.0,58.0
2024-08-01T05:00,19.0,12.9,196.0,5.3,13.5,76.0
2024-08-01T06:00,22.6,15.4,191.0,3.9,12.9,92.0
2024-08-01T07:00,24.1,16.1,188.0,3.0,12.2,107.0
2024-08-01T08:00,26.8,16.9,186.0,2.4,11.3,120.0
2024-08-01T09:00,30.5,18.2,184.0,2.3,10.3,126.0
2024-08-01T10:00,32.2,18.9,180.0,3.0,9.0,121.0
2024-08-01T11:00,32.6,18.6,176.0,4.1,7.6,110.0
2024-08-01T12:00,40.4,23.5,188.0,6.4,6.9,101.0
2024-08-01T13:00,38.9,22.2,210.0,8.3,6.7,93.0
2024-08-01T14:00,40.9,23.6,238.0,10.8,6.6,82.0
2024-08-01T15:00,40.7,23.3,252.0,12.5,7.3,73.0
2024-08-01T16:00,34.0,18.5,236.0,12.6,9.7,67.0
2024-08-01T17:00,27.0,15.0,206.0,12.0,13.0,63.0
2024-08-01T18:00,25.3,13.9,183.0,11.3,15.2,60.0
2024-08-01T19:00,25.1,13.6,178.0,10.8,15.5,57.0
2024-08-01T20:00,25.0,13.6,181.0,10.3,14.8,54.0
2024-08-01T21:00,26.3,14.4,187.0,10.0,14.1,51.0
2024-08-01T22:00,26.8,15.3,194.0,9.9,13.6,47.0
2024-08-01T23:00,26.0,15.2,203.0,9.9,13.0,43.0
2024-08-02T00:00,24.0,14.7,224.0,9.9,10.9,39.0
2024-08-02T01:00,23.5,14.4,226.0,9.6,11.1,40.0
2024-08-02T02:00,22.4,13.8,228.0,9.1,11.5,42.0
2024-08-02T03:00,21.2,13.2,226.0,8.4,12.0,48.0
2024-08-02T04:00,21.1,13.3,217.0,7.2,13.1,60.0
2024-08-02T05:00,23.0,14.9,203.0,5.8,14.5,76.0
2024-08-02T06:00,24.2,15.7,191.0,4.6,15.0,90.0
2024-08-02T07:00,26.1,16.8,182.0,3.5,14.1,102.0
2024-08-02T08:00,26.4,16.2,174.0,2.7,12.3,112.0
2024-08-02T09:00,27.5,16.3,169.0,2.4,10.6,118.0
2024-08-02T10:00,29.3,17.0,170.0,3.1,8.8,116.0
2024-08-02T11:00,30.2,17.2,174.0,4.5,7.0,110.0
2024-08-02T12:00,46.6,26.3,188.0,6.4,7.2,106.0
2024-08-02T13:00,49.5,27.9,199.0,7.7,6.8,98.0
2024-08-02T14:00,44.6,25.8,215.0,9.5,6.2,86.0
2024-08-02T15:00,39.9,23.6,229.0,11.0,5.9,75.0
2024-08-02T16:00,36.9,21.9,238.0,12.0,6.2,66.0
2024-08-02T17:00,35.9,21.7,246.0,12.7,6.9,58.0
2024-08-02T18:00,35.0,21.5,254.0,13.1,7.4,51.0
2024-08-02T19:00,35.0,21.8,266.0,13.3,7.6,45.0
2024-08-02T20:00,34.3,21.7,278.0,13.1,7.5,41.0
2024-08-02T21:00,34.2,21.7,287.0,12.9,7.4,37.0
2024-08-02T22:00,33.3,21.3,290.0,12.5,7.1,34.0
2024-08-02T23:00,31.8,20.5,290.0,12.0,6.7,32.0
2024-08-03T00:00,31.8,19.8,314.0,12.8,5.2,26.0
2024-08-03T01:00,25.8,16.6,299.0,11.8,4.9,28.0
2024-08-03T02:00,22.9,14.7,279.0,10.2,4.6,31.0
2024-08-03T03:00,20.8,13.4,258.0,8.7,5.2,39.0
2024-08-03T04:00,20.4,13.2,238.0,7.1,7.3,56.0
2024-08-03T05:00,22.9,14.8,217.0,5.5,10.2,78.0
2024-08-03T06:00,28.6,18.5,203.0,4.2,12.8,99.0
2024-08-03T07:00,36.2,23.2,200.0,3.4,15.0,117.0
2024-08-03T08:00,39.3,24.3,203.0,3.0,17.0,134.0
2024-08-03T09:00,41.0,23.6,202.0,2.8,17.6,143.0
2024-08-03T10:00,42.7,23.3,191.0,2.8,16.1,142.0
2024-08-03T11:00,42.6,22.4,177.0,3.0,13.4,134.0
2024-08-03T12:00,64.3,34.1,194.0,5.1,11.9,127.0
2024-08-03T13:00,60.3,32.0,206.0,6.7,10.1,112.0
2024-08-03T14:00,56.6,30.6,221.0,8.9,7.7,91.0
2024-08-03T15:00,60.8,31.3,227.0,10.5,6.7,74.0
2024-08-03T16:00,53.9,25.8,214.0,10.8,8.6,67.0
2024-08-03T17:00,55.8,26.1,192.0,10.4,11.9,65.0
2024-08-03T18:00,47.5,22.8,175.0,10.1,14.6,63.0
2024-08-03T19:00,38.0,18.9,168.0,10.1,16.0,60.0
2024-08-03T20:00,33.4,17.1,165.0,10.1,16.7,58.0
2024-08-03T21:00,31.1,16.3,165.0,10.0,17.0,55.0
2024-08-03T22:00,30.4,16.1,168.0,9.7,16.6,52.0
2024-08-03T23:00,30.4,16.1,175.0,9.4,15.8,48.0
2024-08-04T00:00,35.9,19.9,191.0,10.3,17.3,44.0
2024-08-04T01:00,38.0,21.5,200.0,9.7,15.9,45.0
2024-08-04T02:00,39.5,21.7,211.0,8.8,13.9,47.0
2024-08-04T03:00,37.4,20.4,217.0,7.6,12.0,53.0
2024-08-04T04:00,32.8,18.3,211.0,5.8,10.2,68.0
2024-08-04T05:00,31.4,18.2,199.0,3.8,8.5,87.0
2024-08-04T06:00,32.2,18.7,190.0,2.3,7.6,104.0
2024-08-04T07:00,34.6,19.9,187.0,1.7,8.2,116.0
2024-08-04T08:00,39.7,22.6,186.0,1.7,9.6,126.0
2024-08-04T09:00,43.7,24.3,184.0,1.8,10.4,131.0
2024-08-04T10:00,45.8,24.6,177.0,2.1,9.7,130.0
2024-08-04T11:00,47.4,24.7,169.0,2.5,8.3,125.0
2024-08-04T12:00,52.6,26.6,168.0,3.4,9.0,123.0
2024-08-04T13:00,51.8,26.4,163.0,3.1,8.2,119.0
2024-08-04T14:00,50.9,25.8,157.0,2.7,7.2,113.0
2024-08-04T15:00,48.8,25.1,156.0,2.7,6.9,108.0
2024-08-04T16:00,47.1,25.3,166.0,3.6,8.1,105.0
2024-08-04T17:00,44.5,25.3,181.0,5.0,10.1,103.0
2024-08-04T18:00,41.3,24.2,192.0,6.1,11.9,99.0
2024-08-04T19:00,40.3,23.6,195.0,6.7,13.1,91.0
2024-08-04T20:00,38.1,22.5,194.0,7.0,14.1,81.0
2024-08-04T21:00,33.9,20.3,190.0,7.4,14.9,71.0
2024-08-04T22:00,27.6,16.6,181.0,8.0,15.3,62.0
2024-08-04T23:00,23.2,14.1,169.0,8.6,15.5,53.0
2024-08-05T00:00,17.7,11.1,158.0,8.8,16.4,50.0
2024-08-05T01:00,14.7,9.2,159.0,8.9,15.7,49.0
2024-08-05T02:00,11.9,7.5,161.0,9.1,14.8,48.0
2024-08-05T03:00,11.8,7.5,163.0,8.7,14.0,51.0
2024-08-05T04:00,13.4,8.6,166.0,7.4,13.5,61.0
2024-08-05T05:00,16.7,10.8,171.0,5.6,13.2,75.0
2024-08-05T06:00,21.2,13.7,175.0,4.2,13.3,89.0
2024-08-05T07:00,25.3,16.1,179.0,3.5,14.0,104.0
2024-08-05T08:00,28.5,18.0,184.0,3.3,15.0,119.0
2024-08-05T09:00,33.4,20.9,187.0,3.3,15.8,130.0
2024-08-05T10:00,37.6,23.5,189.0,3.8,16.2,135.0
2024-08-05T11:00,38.3,23.6,189.0,4.7,16.4,135.0
2024-08-05T12:00,40.5,23.9,183.0,3.4,6.9,123.0
2024-08-05T13:00,40.6,23.6,177.0,3.1,6.7,119.0
2024-08-05T14:00,39.9,22.8,169.0,2.8,6.7,114.0
2024-08-05T15:00,38.1,21.1,166.0,3.5,8.3,106.0
2024-08-05T16:00,39.8,22.2,171.0,6.3,13.3,94.0
2024-08-05T17:00,39.8,22.9,180.0,10.2,20.0,80.0
2024-08-05T18:00,34.2,20.5,188.0,12.8,24.1,68.0
2024-08-05T19:00,30.6,19.0,193.0,13.1,23.5,59.0
2024-08-05T20:00,29.9,18.6,197.0,12.1,20.4,53.0
2024-08-05T21:00,27.5,17.4,200.0,10.8,17.1,49.0
2024-08-05T22:00,26.4,16.6,201.0,9.4,14.1,48.0
2024-08-05T23:00,25.7,15.9,201.0,7.7,11.0,49.0
2024-08-06T00:00,26.7,16.9,218.0,7.9,10.4,47.0
2024-08-06T01:00,26.7,16.6,224.0,7.3,9.3,50.0
2024-08-06T02:00,27.1,16.6,232.0,6.5,7.8,55.0
2024-08-06T03:00,28.1,17.3,237.0,5.6,6.6,64.0
2024-08-06T04:00,29.6,18.4,236.0,4.5,5.9,80.0
2024-08-06T05:00,31.4,19.8,232.0,3.2,5.5,99.0
2024-08-06T06:00,33.2,21.2,229.0,2.3,5.4,116.0
2024-08-06T07:00,36.0,23.1,228.0,1.9,6.0,128.0
2024-08-06T08:00,38.3,24.3,228.0,1.8,7.0,136.0
2024-08-06T09:00,40.7,25.1,225.0,1.9,7.6,140.0
2024-08-06T10:00,40.9,24.4,216.0,2.0,7.4,137.0
2024-08-06T11:00,37.5,21.4,204.0,2.3,6.8,129.0
2024-08-06T12:00,39.8,23.1,195.0,2.8,7.6,124.0
2024-08-06T13:00,38.0,22.1,192.0,2.9,7.4,119.0
2024-08-06T14:00,35.5,21.2,187.0,3.2,7.3,113.0
2024-08-06T15:00,31.3,19.1,184.0,3.8,8.2,106.0
2024-08-06T16:00,28.0,17.4,184.0,5.1,11.1,100.0
2024-08-06T17:00,25.0,15.9,185.0,6.7,15.1,94.0
2024-08-06T18:00,23.1,15.2,184.0,7.9,17.6,88.0
2024-08-06T19:00,21.8,14.6,179.0,8.1,17.2,80.0
2024-08-06T20:00,20.5,13.8,173.0,7.7,15.4,73.0
2024-08-06T21:00,17.9,11.9,169.0,7.6,14.4,66.0
2024-08-06T22:00,17.6,11.6,169.0,7.9,15.1,62.0
2024-08-06T23:00,18.5,12.2,172.0,8.4,16.6,59.0
2024-08-07T00:00,26.0,17.5,210.0,11.2,22.8,52.0
2024-08-07T01:00,26.8,18.1,226.0,11.2,21.9,52.0
2024-08-07T02:00,27.3,18.5,247.0,11.2,20.6,52.0
2024-08-07T03:00,29.2,19.8,262.0,10.6,19.3,58.0
2024-08-07T04:00,33.1,22.5,265.0,8.8,17.8,74.0
2024-08-07T05:00,37.6,25.6,263.0,6.4,16.3,96.0
2024-08-07T06:00,41.0,27.6,259.0,4.5,15.4,116.0
2024-08-07T07:00,43.8,29.2,257.0,3.5,15.5,134.0
2024-08-07T08:00,45.1,29.8,253.0,2.9,16.1,150.0
2024-08-07T09:00,46.0,29.9,249.0,2.7,16.7,161.0
2024-08-07T10:00,47.6,30.4,243.0,3.1,17.5,165.0
2024-08-07T11:00,49.2,30.7,237.0,3.8,18.2,163.0
2024-08-07T12:00,37.1,24.3,232.0,3.6,9.2,139.0
2024-08-07T13:00,37.4,24.3,233.0,3.5,9.0,137.0
2024-08-07T14:00,36.8,23.9,233.0,3.5,8.7,134.0
2024-08-07T15:00,34.9,22.4,229.0,3.9,9.4,127.0
2024-08-07T16:00,31.9,20.1,217.0,5.0,11.6,115.0
2024-08-07T17:00,29.3,18.6,201.0,6.5,14.6,100.0
2024-08-07T18:00,26.8,17.2,191.0,8.0,17.4,85.0
2024-08-07T19:00,25.6,16.8,194.0,9.6,20.1,72.0
2024-08-07T20:00,27.6,18.5,204.0,11.2,22.5,59.0
2024-08-07T21:00,28.5,19.3,211.0,12.0,23.5,50.0
2024-08-07T22:00,27.8,19.0,212.0,11.5,21.8,46.0
2024-08-07T23:00,26.7,18.2,211.0,10.3,18.6,45.0
2024-08-08T00:00,11.3,7.9,163.0,4.9,7.3,52.0
2024-08-08T01:00,7.9,5.5,164.0,4.7,5.8,50.0
2024-08-08T02:00,8.0,5.5,166.0,4.4,3.7,47.0
2024-08-08T03:00,7.8,5.4,168.0,4.0,2.3,49.0
2024-08-08T04:00,9.0,6.2,170.0,3.3,2.2,58.0
2024-08-08T05:00,11.3,7.8,171.0,2.6,2.8,71.0
2024-08-08T06:00,14.3,9.7,173.0,2.0,3.6,84.0
2024-08-08T07:00,17.8,11.8,176.0,1.8,4.2,95.0
2024-08-08T08:00,21.0,13.8,179.0,1.8,5.0,105.0
2024-08-08T09:00,24.6,16.1,182.0,2.1,6.1,113.0
2024-08-08T10:00,29.2,19.0,184.0,2.6,8.0,119.0
2024-08-08T11:00,30.4,19.5,185.0,3.4,10.3,124.0
2024-08-08T12:00,49.4,30.2,189.0,3.6,6.4,96.0
2024-08-08T13:00,48.8,29.9,195.0,4.3,7.1,91.0
2024-08-08T14:00,48.0,29.7,203.0,5.3,8.0,83.0
2024-08-08T15:00,45.3,28.3,208.0,6.3,9.2,77.0
2024-08-08T16:00,42.7,26.2,208.0,7.4,10.8,74.0
2024-08-08T17:00,44.0,26.3,205.0,8.4,12.6,72.0
2024-08-08T18:00,42.4,25.9,203.0,9.2,13.8,69.0
2024-08-08T19:00,35.0,22.1,204.0,9.4,14.0,64.0
2024-08-08T20:00,31.8,20.4,206.0,9.3,13.6,57.0
2024-08-08T21:00,30.5,19.6,209.0,9.1,12.9,52.0
2024-08-08T22:00,30.2,19.3,214.0,8.7,12.0,49.0
2024-08-08T23:00,30.3,19.4,221.0,8.2,10.8,46.0
2024-08-09T00:00,25.3,16.2,212.0,7.2,8.9,48.0
2024-08-09T01:00,25.9,16.6,222.0,6.8,8.1,49.0
2024-08-09T02:00,27.0,17.5,236.0,6.2,7.1,52.0
2024-08-09T03:00,27.7,18.2,244.0,5.4,6.0,59.0
2024-08-09T04:00,28.1,18.5,242.0,4.3,5.0,74.0
2024-08-09T05:00,29.0,18.8,235.0,3.0,4.0,93.0
2024-08-09T06:00,30.0,18.7,229.0,2.0,3.3,109.0
2024-08-09T07:00,30.9,18.6,227.0,1.5,2.9,119.0
2024-08-09T08:00,31.5,18.8,226.0,1.4,2.6,126.0
2024-08-09T09:00,33.4,20.1,227.0,1.5,2.6,131.0
2024-08-09T10:00,35.2,21.4,232.0,1.9,2.7,135.0
2024-08-09T11:00,36.3,22.1,240.0,2.6,3.0,138.0
2024-08-09T12:00,33.5,19.1,217.0,3.0,3.2,111.0
2024-08-09T13:00,34.1,19.3,221.0,3.3,3.4,109.0
2024-08-09T14:00,34.9,19.7,227.0,3.7,3.8,106.0
2024-08-09T15:00,35.9,20.4,228.0,4.5,4.9,101.0
2024-08-09T16:00,34.1,19.8,221.0,5.8,7.0,93.0
2024-08-09T17:00,30.4,18.5,210.0,7.5,9.8,83.0
2024-08-09T18:00,28.0,18.0,201.0,8.8,12.5,74.0
2024-08-09T19:00,25.9,17.2,195.0,9.6,14.9,67.0
2024-08-09T20:00,24.2,16.2,192.0,10.1,17.2,61.0
2024-08-09T21:00,24.7,16.5,190.0,10.3,18.8,56.0
2024-08-09T22:00,25.3,16.8,191.0,10.2,19.6,53.0
2024-08-09T23:00,25.6,16.9,194.0,9.8,19.7,51.0
2024-08-10T00:00,28.9,19.3,203.0,11.6,23.3,46.0
2024-08-10T01:00,27.1,18.2,211.0,10.5,21.4,50.0
2024-08-10T02:00,25.3,17.1,221.0,9.0,18.7,56.0
2024-08-10T03:00,24.7,16.7,227.0,7.3,15.7,65.0
2024-08-10T04:00,25.0,17.0,225.0,5.4,12.2,80.0
2024-08-10T05:00,25.3,17.1,219.0,3.3,8.5,99.0
2024-08-10T06:00,25.2,16.9,215.0,1.8,6.1,115.0
2024-08-10T07:00,26.4,17.6,215.0,1.3,6.1,127.0
2024-08-10T08:00,29.5,19.7,216.0,1.5,7.4,136.0
2024-08-10T09:00,33.6,22.1,217.0,1.8,8.8,142.0
2024-08-10T10:00,37.6,24.3,214.0,2.2,9.9,147.0
2024-08-10T11:00,39.2,24.9,211.0,2.8,11.0,149.0
2024-08-10T12:00,50.8,30.3,186.0,2.9,11.4,132.0
2024-08-10T13:00,50.3,31.0,204.0,4.3,11.1,125.0
2024-08-10T14:00,47.4,30.2,230.0,6.2,10.9,116.0
2024-08-10T15:00,48.9,31.5,251.0,8.0,11.6,106.0
2024-08-10T16:00,49.8,32.7,263.0,9.4,14.1,97.0
2024-08-10T17:00,48.3,32.2,270.0,10.7,17.7,89.0
2024-08-10T18:00,46.4,31.5,273.0,11.5,20.7,81.0
2024-08-10T19:00,44.6,30.9,270.0,11.7,23.0,74.0
2024-08-10T20:00,42.3,29.6,264.0,11.5,24.9,67.0
2024-08-10T21:00,39.3,27.6,259.0,11.2,,61.0
2024-08-10T22:00,36.9,25.8,258.0,10.7,24.1,56.0
2024-08-10T23:00,34.6,24.2,259.0,10.1,21.5,52.0
2024-08-11T00:00,32.5,22.8,272.0,9.6,17.3,50.0
2024-08-11T01:00,31.1,21.7,281.0,9.3,15.9,54.0
2024-08-11T02:00,29.6,20.6,292.0,8.7,13.8,60.0
2024-08-11T03:00,30.4,20.9,298.0,7.8,11.6,71.0
2024-08-11T04:00,32.7,21.7,293.0,6.0,9.0,90.0
2024-08-11T05:00,36.0,22.6,283.0,3.9,6.3,113.0
2024-08-11T06:00,38.2,23.1,275.0,2.3,4.5,133.0
2024-08-11T07:00,40.7,24.2,273.0,1.8,4.1,146.0
2024-08-11T08:00,43.2,25.7,273.0,1.9,4.6,154.0
2024-08-11T09:00,45.1,26.8,271.0,2.1,5.2,159.0
2024-08-11T10:00,46.8,27.1,266.0,2.4,5.7,160.0
2024-08-11T11:00,46.2,26.0,260.0,2.9,6.2,158.0
2024-08-11T12:00,57.2,30.6,268.0,3.4,4.3,141.0
2024-08-11T13:00,56.3,29.5,261.0,3.4,4.7,138.0
2024-08-11T14:00,59.0,30.2,252.0,3.3,5.3,134.0
2024-08-11T15:00,60.5,30.5,242.0,3.3,5.9,130.0
2024-08-11T16:00,60.5,30.3,231.0,3.1,6.1,126.0
2024-08-11T17:00,57.6,29.7,219.0,3.0,6.4,121.0
2024-08-11T18:00,53.6,28.3,211.0,3.1,7.3,115.0
2024-08-11T19:00,48.3,27.1,211.0,3.9,9.8,108.0
2024-08-11T20:00,43.4,25.4,216.0,4.9,13.0,101.0
2024-08-11T21:00,37.4,22.8,219.0,5.6,15.3,94.0
2024-08-11T22:00,33.2,20.8,217.0,5.5,15.8,88.0
2024-08-11T23:00,29.7,19.2,214.0,4.9,15.4,83.0
2024-08-12T00:00,29.3,19.2,206.0,5.6,15.6,70.0
2024-08-12T01:00,29.6,19.4,211.0,5.5,14.0,70.0
2024-08-12T02:00,29.2,19.2,218.0,5.3,11.7,71.0
2024-08-12T03:00,28.1,18.6,222.0,4.8,9.7,76.0
2024-08-12T04:00,27.5,18.2,219.0,3.8,8.3,88.0
2024-08-12T05:00,27.5,18.0,213.0,2.6,7.3,105.0
2024-08-12T06:00,28.4,18.6,208.0,1.7,6.7,118.0
2024-08-12T07:00,29.5,19.1,206.0,1.4,6.7,126.0
2024-08-12T08:00,32.5,20.7,205.0,1.3,7.0,131.0
2024-08-12T09:00,36.3,22.7,203.0,1.4,7.4,134.0
2024-08-12T10:00,38.8,23.2,197.0,1.6,7.8,135.0
2024-08-12T11:00,41.6,23.6,189.0,1.9,8.1,135.0
2024-08-12T12:00,41.0,22.6,183.0,2.2,7.2,126.0
2024-08-12T13:00,43.4,23.2,183.0,2.0,6.8,124.0
2024-08-12T14:00,45.1,23.7,182.0,1.7,6.2,122.0
2024-08-12T15:00,45.1,23.6,182.0,1.5,5.4,118.0
2024-08-12T16:00,44.1,23.2,181.0,1.2,4.2,112.0
2024-08-12T17:00,41.7,22.2,181.0,0.9,2.8,106.0
2024-08-12T18:00,38.3,20.7,183.0,1.0,2.2,99.0
2024-08-12T19:00,34.6,19.3,189.0,1.7,2.7,92.0
2024-08-12T20:00,33.1,19.2,197.0,2.8,3.9,86.0
2024-08-12T21:00,33.6,20.2,205.0,3.8,5.8,80.0
2024-08-12T22:00,35.3,21.5,213.0,4.8,8.8,76.0
2024-08-12T23:00,38.4,24.2,221.0,5.7,12.5,73.0
2024-08-13T00:00,30.7,18.9,205.0,4.1,6.6,70.0
2024-08-13T01:00,30.4,18.6,204.0,4.6,7.6,70.0
2024-08-13T02:00,29.0,17.7,203.0,5.3,9.1,69.0
2024-08-13T03:00,27.3,16.9,202.0,5.5,10.1,73.0
2024-08-13T04:00,27.8,17.5,204.0,4.8,10.6,85.0
2024-08-13T05:00,29.3,18.7,208.0,3.6,10.6,100.0
2024-08-13T06:00,29.9,19.0,207.0,2.5,9.8,110.0
2024-08-13T07:00,28.3,17.8,199.0,1.8,7.6,111.0
2024-08-13T08:00,26.4,16.4,187.0,1.3,4.6,105.0
2024-08-13T09:00,22.2,13.4,174.0,1.0,2.2,97.0
2024-08-13T10:00,18.3,10.8,160.0,0.9,1.1,83.0
2024-08-13T11:00,15.5,8.9,145.0,1.1,0.6,66.0
2024-08-13T12:00,19.1,10.8,133.0,1.4,0.4,54.0
2024-08-13T13:00,19.0,10.7,132.0,1.3,0.5,53.0
2024-08-13T14:00,19.7,11.0,131.0,1.3,0.5,52.0
2024-08-13T15:00,20.3,11.4,130.0,1.2,0.6,51.0
2024-08-13T16:00,20.5,11.4,128.0,1.1,0.6,52.0
2024-08-13T17:00,20.1,11.1,126.0,1.1,0.5,54.0
2024-08-13T18:00,19.2,10.5,124.0,1.1,0.5,55.0
2024-08-13T19:00,18.5,10.1,123.0,1.1,0.5,55.0
2024-08-13T20:00,18.2,10.0,122.0,1.2,0.6,53.0
2024-08-13T21:00,18.2,10.0,123.0,1.4,0.7,52.0
2024-08-13T22:00,18.3,10.1,127.0,1.8,0.9,50.0
2024-08-13T23:00,19.0,10.5,132.0,2.3,1.1,49.0
2024-08-14T00:00,16.9,9.3,123.0,2.0,1.4,51.0
2024-08-14T01:00,17.6,9.7,127.0,2.4,2.1,52.0
2024-08-14T02:00,17.5,9.7,132.0,3.0,3.1,53.0
2024-08-14T03:00,16.9,9.5,135.0,3.2,3.8,56.0
2024-08-14T04:00,16.8,9.7,136.0,2.8,4.0,62.0
2024-08-14T05:00,17.8,10.6,135.0,2.0,3.8,70.0
2024-08-14T06:00,19.1,11.5,133.0,1.4,3.5,76.0
2024-08-14T07:00,19.2,11.5,130.0,1.1,2.8,78.0
2024-08-14T08:00,18.0,10.7,127.0,0.9,1.9,77.0
2024-08-14T09:00,16.4,9.5,125.0,0.8,1.2,76.0
2024-08-14T10:00,15.0,8.6,124.0,1.0,0.8,73.0
2024-08-14T11:00,13.8,7.9,125.0,1.3,0.6,68.0
2024-08-14T12:00,12.4,7.0,114.0,1.6,0.5,59.0
2024-08-14T13:00,12.7,7.1,122.0,1.5,0.5,62.0
2024-08-14T14:00,14.1,7.9,134.0,1.3,0.6,65.0
2024-08-14T15:00,16.5,9.3,144.0,1.4,0.9,69.0
2024-08-14T16:00,17.9,10.1,152.0,1.8,1.4,73.0
2024-08-14T17:00,19.1,10.9,158.0,2.3,2.0,76.0
2024-08-14T18:00,18.7,11.0,163.0,3.2,3.3,77.0
2024-08-14T19:00,17.5,10.5,165.0,4.5,5.5,72.0
2024-08-14T20:00,17.7,10.8,166.0,6.2,8.3,64.0
2024-08-14T21:00,18.3,11.4,168.0,7.6,10.9,57.0
2024-08-14T22:00,20.4,13.2,174.0,8.7,13.1,52.0
2024-08-14T23:00,21.9,14.3,183.0,9.7,15.1,47.0
2024-08-15T00:00,18.6,11.4,149.0,7.3,10.1,48.0
2024-08-15T01:00,19.7,12.2,151.0,7.3,10.9,49.0
2024-08-15T02:00,19.8,12.3,153.0,7.2,11.8,51.0
2024-08-15T03:00,19.6,12.2,152.0,6.6,11.9,54.0
2024-08-15T04:00,18.6,11.4,144.0,5.2,10.3,61.0
2024-08-15T05:00,19.1,11.6,133.0,3.3,7.8,71.0
2024-08-15T06:00,19.7,12.0,123.0,1.8,5.6,77.0
2024-08-15T07:00,18.7,11.3,118.0,1.1,3.9,78.0
2024-08-15T08:00,17.6,10.4,114.0,0.9,2.4,75.0
2024-08-15T09:00,17.2,10.0,112.0,0.9,1.4,72.0
2024-08-15T10:00,17.0,9.7,111.0,1.0,0.9,70.0
2024-08-15T11:00,17.5,9.7,111.0,1.3,0.9,67.0
2024-08-15T12:00,15.7,8.6,107.0,1.5,0.8,68.0
2024-08-15T13:00,15.6,8.3,108.0,1.5,0.8,67.0
2024-08-15T14:00,17.3,9.1,110.0,1.5,0.9,66.0
2024-08-15T15:00,19.3,10.2,113.0,1.8,1.3,63.0
2024-08-15T16:00,20.2,10.8,117.0,2.8,2.2,59.0
2024-08-15T17:00,20.0,10.9,122.0,4.1,3.3,54.0
2024-08-15T18:00,19.6,10.9,126.0,5.1,4.2,49.0
2024-08-15T19:00,19.4,10.8,128.0,5.4,4.5,45.0
2024-08-15T20:00,19.7,10.9,129.0,5.3,4.5,41.0
2024-08-15T21:00,19.8,11.0,128.0,5.2,4.5,39.0
2024-08-15T22:00,19.7,11.0,125.0,5.0,4.5,38.0
2024-08-15T23:00,18.9,10.6,121.0,4.8,4.5,38.0
2024-08-16T00:00,17.1,9.6,117.0,4.5,4.6,37.0
2024-08-16T01:00,16.0,9.1,119.0,4.9,6.2,38.0
2024-08-16T02:00,14.6,8.4,121.0,5.4,8.4,39.0
2024-08-16T03:00,13.7,8.0,121.0,5.4,9.6,42.0
2024-08-16T04:00,14.0,8.2,118.0,4.4,8.8,50.0
2024-08-16T05:00,15.7,9.3,114.0,3.0,7.0,59.0
2024-08-16T06:00,18.0,10.5,111.0,1.8,5.2,66.0
2024-08-16T07:00,18.7,10.8,109.0,1.2,3.6,67.0
2024-08-16T08:00,18.3,10.2,108.0,0.8,1.9,64.0
2024-08-16T09:00,19.0,10.4,109.0,0.6,0.8,63.0
2024-08-16T10:00,19.7,10.6,115.0,0.7,0.4,65.0
2024-08-16T11:00,20.4,10.9,123.0,1.0,0.5,68.0
2024-08-16T12:00,22.3,12.2,134.0,1.2,0.8,64.0
2024-08-16T13:00,23.3,12.7,139.0,1.7,1.1,65.0
2024-08-16T14:00,25.7,14.0,146.0,2.5,1.5,67.0
2024-08-16T15:00,26.4,14.7,151.0,2.9,1.7,69.0
2024-08-16T16:00,27.8,15.7,153.0,2.8,1.5,71.0
2024-08-16T17:00,26.7,15.0,152.0,2.4,1.0,74.0
2024-08-16T18:00,25.4,14.2,152.0,2.0,0.7,75.0
2024-08-16T19:00,23.0,12.9,151.0,1.7,0.6,75.0
2024-08-16T20:00,21.9,12.3,149.0,1.5,0.7,73.0
2024-08-16T21:00,22.5,12.7,150.0,1.7,1.2,71.0
2024-08-16T22:00,24.1,13.7,154.0,2.5,2.2,67.0
2024-08-16T23:00,25.1,14.5,160.0,3.7,3.6,62.0
2024-08-17T00:00,20.8,12.1,152.0,4.0,4.7,60.0
2024-08-17T01:00,21.1,12.4,158.0,5.0,7.1,61.0
2024-08-17T02:00,21.6,12.7,166.0,6.4,10.5,62.0
2024-08-17T03:00,23.1,13.8,173.0,7.0,13.0,68.0
2024-08-17T04:00,26.4,16.0,179.0,6.1,14.1,82.0
2024-08-17T05:00,31.7,19.4,184.0,4.5,14.5,101.0
2024-08-17T06:00,36.9,22.5,186.0,3.1,13.9,116.0
2024-08-17T07:00,37.8,22.8,184.0,2.3,12.1,124.0
2024-08-17T08:00,38.1,22.8,180.0,1.7,9.5,127.0
2024-08-17T09:00,37.4,22.2,176.0,1.4,7.0,127.0
2024-08-17T10:00,35.5,20.6,172.0,1.4,4.9,121.0
2024-08-17T11:00,32.6,18.6,169.0,1.6,3.1,112.0
2024-08-17T12:00,23.2,12.5,157.0,2.0,1.7,93.0
2024-08-17T13:00,24.0,13.1,168.0,2.5,2.4,96.0
2024-08-17T14:00,26.0,14.6,184.0,3.2,3.4,99.0
2024-08-17T15:00,28.6,16.6,198.0,4.2,4.8,99.0
2024-08-17T16:00,29.9,17.9,209.0,5.6,6.8,93.0
2024-08-17T17:00,28.7,17.6,219.0,7.3,9.2,84.0
2024-08-17T18:00,28.8,18.3,223.0,8.5,11.1,76.0
2024-08-17T19:00,27.5,17.7,218.0,9.0,12.2,69.0
2024-08-17T20:00,24.8,15.9,208.0,9.1,12.9,63.0
2024-08-17T21:00,23.1,14.9,202.0,9.2,13.7,58.0
2024-08-17T22:00,22.3,14.6,207.0,9.5,15.0,55.0
2024-08-17T23:00,22.9,15.2,216.0,9.7,16.4,54.0
2024-08-18T00:00,27.0,18.7,273.0,10.6,18.5,53.0
2024-08-18T01:00,27.5,19.0,278.0,10.1,17.9,58.0
2024-08-18T02:00,27.8,19.3,285.0,9.4,17.2,66.0
2024-08-18T03:00,28.9,20.1,287.0,8.3,16.6,79.0
2024-08-18T04:00,32.7,22.7,279.0,6.6,16.4,100.0
2024-08-18T05:00,38.6,26.8,267.0,4.5,16.4,125.0
2024-08-18T06:00,40.6,28.0,254.0,2.9,16.3,145.0
2024-08-18T07:00,43.1,29.3,244.0,2.2,16.2,156.0
2024-08-18T08:00,42.0,28.1,233.0,1.9,15.9,161.0
2024-08-18T09:00,41.7,27.2,223.0,1.8,15.1,162.0
2024-08-18T10:00,41.0,26.0,211.0,1.8,13.3,157.0
2024-08-18T11:00,40.0,24.6,198.0,1.9,10.8,147.0
2024-08-18T12:00,19.0,10.2,178.0,2.0,7.9,125.0
2024-08-18T13:00,19.0,10.2,178.0,1.8,6.1,118.0
2024-08-18T14:00,17.4,9.2,178.0,1.6,3.6,109.0
2024-08-18T15:00,17.0,9.1,177.0,1.9,2.3,99.0
2024-08-18T16:00,17.1,9.4,175.0,3.2,3.2,89.0
2024-08-18T17:00,17.0,9.6,172.0,4.9,5.2,79.0
2024-08-18T18:00,16.3,9.5,169.0,6.5,7.3,69.0
2024-08-18T19:00,16.1,9.4,166.0,7.7,9.2,60.0
2024-08-18T20:00,16.4,9.7,163.0,8.7,11.2,51.0
2024-08-18T21:00,16.6,10.2,160.0,9.3,12.5,45.0
2024-08-18T22:00,15.3,9.6,155.0,9.4,12.7,42.0
2024-08-18T23:00,14.7,9.2,151.0,9.1,12.1,40.0
2024-08-19T00:00,11.3,6.9,129.0,7.1,9.6,43.0
2024-08-19T01:00,11.0,6.6,133.0,7.1,10.0,44.0
2024-08-19T02:00,11.1,6.7,138.0,7.0,10.7,45.0
2024-08-19T03:00,11.5,7.1,142.0,6.8,11.5,48.0
2024-08-19T04:00,13.4,8.4,144.0,6.5,12.8,53.0
2024-08-19T05:00,16.1,10.1,144.0,6.0,14.4,58.0
2024-08-19T06:00,18.8,11.6,145.0,5.5,15.1,65.0
2024-08-19T07:00,22.8,14.1,145.0,4.8,14.4,73.0
2024-08-19T08:00,26.6,16.4,146.0,4.0,12.8,81.0
2024-08-19T09:00,27.0,16.6,147.0,3.4,11.3,88.0
2024-08-19T10:00,25.7,15.7,149.0,3.2,10.0,92.0
2024-08-19T11:00,26.6,16.2,153.0,3.3,8.7,95.0
2024-08-19T12:00,31.3,19.3,163.0,4.1,8.3,100.0
2024-08-19T13:00,31.5,19.1,165.0,4.6,8.4,96.0
2024-08-19T14:00,30.5,18.3,168.0,5.4,8.5,91.0
2024-08-19T15:00,28.1,16.8,171.0,6.3,8.8,84.0
2024-08-19T16:00,23.2,14.0,173.0,7.4,9.4,74.0
2024-08-19T17:00,22.4,13.8,175.0,8.5,10.3,62.0
2024-08-19T18:00,21.7,13.6,179.0,9.4,11.3,53.0
2024-08-19T19:00,21.9,14.2,188.0,9.8,12.7,50.0
2024-08-19T20:00,22.8,15.0,199.0,10.0,14.2,51.0
2024-08-19T21:00,23.8,15.8,206.0,9.9,15.2,52.0
2024-08-19T22:00,24.2,16.1,206.0,9.5,15.0,51.0
2024-08-19T23:00,24.3,16.1,201.0,8.9,14.1,50.0
2024-08-20T00:00,25.4,17.0,217.0,8.8,15.0,53.0
2024-08-20T01:00,26.0,17.3,223.0,9.0,15.5,56.0
2024-08-20T02:00,26.4,17.5,231.0,9.1,16.2,60.0
2024-08-20T03:00,27.6,18.3,233.0,8.8,16.9,67.0
2024-08-20T04:00,30.2,19.8,225.0,7.7,17.9,80.0
2024-08-20T05:00,31.8,20.6,212.0,6.1,18.9,97.0
2024-08-20T06:00,33.9,21.5,199.0,4.7,18.6,109.0
2024-08-20T07:00,34.5,21.2,186.0,3.5,15.9,115.0
2024-08-20T08:00,34.3,20.5,174.0,2.3,11.8,117.0
2024-08-20T09:00,31.5,18.5,162.0,1.6,8.1,114.0
2024-08-20T10:00,26.4,15.2,151.0,1.3,5.1,104.0
2024-08-20T11:00,22.6,12.9,142.0,1.5,2.5,90.0
2024-08-20T12:00,16.2,9.2,133.0,2.2,1.2,72.0
2024-08-20T13:00,16.1,9.3,136.0,4.1,3.8,65.0
2024-08-20T14:00,15.1,8.9,141.0,6.7,7.2,54.0
2024-08-20T15:00,13.2,7.9,143.0,8.4,9.3,46.0
2024-08-20T16:00,12.3,7.3,142.0,8.3,8.6,42.0
2024-08-20T17:00,10.9,6.4,139.0,7.2,6.6,40.0
2024-08-20T18:00,10.9,6.2,136.0,6.4,5.2,38.0
2024-08-20T19:00,10.4,5.9,134.0,6.2,5.4,37.0
2024-08-20T20:00,9.3,5.4,132.0,6.3,6.2,36.0
2024-08-20T21:00,8.5,4.9,130.0,6.3,6.9,36.0
2024-08-20T22:00,8.6,5.0,129.0,6.2,7.0,36.0
2024-08-20T23:00,8.6,5.1,128.0,6.0,6.9,36.0
2024-08-21T00:00,8.9,5.2,128.0,5.5,6.2,37.0
2024-08-21T01:00,8.8,5.2,132.0,5.7,7.4,36.0
2024-08-21T02:00,9.3,5.6,137.0,5.9,9.2,36.0
2024-08-21T03:00,10.1,6.2,141.0,5.8,10.6,39.0
2024-08-21T04:00,11.8,7.4,144.0,5.3,11.6,47.0
2024-08-21T05:00,13.6,8.7,146.0,4.6,12.2,59.0
2024-08-21T06:00,16.8,10.6,149.0,3.9,12.4,71.0
2024-08-21T07:00,20.7,13.1,155.0,3.2,11.8,84.0
2024-08-21T08:00,23.5,14.8,162.0,2.6,10.7,98.0
2024-08-21T09:00,25.9,16.3,170.0,2.5,9.9,108.0
2024-08-21T10:00,29.1,18.5,180.0,3.2,10.0,114.0
2024-08-21T11:00,31.2,20.0,191.0,4.5,10.5,117.0
2024-08-21T12:00,26.8,16.9,155.0,4.8,8.6,95.0
2024-08-21T13:00,23.9,15.3,151.0,5.9,8.8,83.0
2024-08-21T14:00,19.3,12.3,146.0,7.5,9.2,67.0
2024-08-21T15:00,17.0,10.6,143.0,8.6,9.5,55.0
2024-08-21T16:00,17.2,10.6,145.0,8.8,9.8,51.0
2024-08-21T17:00,18.3,11.3,148.0,8.6,10.0,51.0
2024-08-21T18:00,18.9,11.6,151.0,8.4,10.2,51.0
2024-08-21T19:00,18.9,11.6,150.0,8.3,10.4,48.0
2024-08-21T20:00,18.3,11.2,148.0,8.3,10.6,45.0
2024-08-21T21:00,17.1,10.7,147.0,8.3,10.8,42.0
2024-08-21T22:00,15.8,10.0,149.0,8.6,11.1,39.0
2024-08-21T23:00,15.0,9.6,153.0,9.0,11.3,37.0
2024-08-22T00:00,15.7,10.3,169.0,9.2,11.8,37.0
2024-08-22T01:00,16.2,10.8,179.0,8.9,11.9,39.0
2024-08-22T02:00,16.9,11.4,194.0,8.5,12.0,43.0
2024-08-22T03:00,18.2,12.3,203.0,8.0,12.4,48.0
2024-08-22T04:00,19.7,13.4,202.0,7.5,13.3,55.0
2024-08-22T05:00,21.4,14.6,197.0,7.0,14.5,64.0
2024-08-22T06:00,24.6,16.8,192.0,6.3,15.1,75.0
2024-08-22T07:00,27.8,18.6,189.0,5.2,14.6,90.0
2024-08-22T08:00,30.0,19.9,187.0,4.0,13.5,107.0
2024-08-22T09:00,31.5,20.7,186.0,3.5,12.4,117.0
2024-08-22T10:00,30.6,20.2,185.0,4.2,11.6,115.0
2024-08-22T11:00,27.6,18.3,184.0,5.7,10.9,105.0
2024-08-22T12:00,25.0,16.4,171.0,6.2,10.2,93.0
2024-08-22T13:00,22.9,15.0,169.0,6.6,8.6,83.0
2024-08-22T14:00,21.0,13.4,166.0,7.2,6.5,68.0
2024-08-22T15:00,20.4,12.7,162.0,7.6,5.1,57.0
2024-08-22T16:00,21.2,12.9,158.0,7.8,5.1,52.0
2024-08-22T17:00,22.5,13.4,153.0,7.8,5.8,50.0
2024-08-22T18:00,23.4,13.9,149.0,7.7,6.6,50.0
2024-08-22T19:00,23.3,13.8,146.0,7.5,7.6,52.0
2024-08-22T20:00,22.7,13.4,143.0,7.1,8.7,56.0
2024-08-22T21:00,21.9,13.2,141.0,6.7,9.3,58.0
2024-08-22T22:00,20.7,12.7,138.0,6.2,8.9,57.0
2024-08-22T23:00,19.3,11.9,136.0,5.8,8.0,54.0
2024-08-23T00:00,21.0,13.1,164.0,6.5,8.3,51.0
2024-08-23T01:00,19.8,12.4,169.0,6.8,9.3,50.0
2024-08-23T02:00,19.3,12.2,176.0,7.2,10.6,50.0
2024-08-23T03:00,20.0,12.9,182.0,7.2,12.1,55.0
2024-08-23T04:00,22.6,14.9,188.0,6.5,13.8,69.0
2024-08-23T05:00,27.8,18.6,193.0,5.3,15.7,87.0
2024-08-23T06:00,32.7,21.9,196.0,4.3,16.7,104.0
2024-08-23T07:00,35.7,23.2,195.0,3.3,16.5,119.0
2024-08-23T08:00,36.9,23.2,190.0,2.4,15.5,132.0
2024-08-23T09:00,37.1,22.9,187.0,2.1,14.1,137.0
2024-08-23T10:00,37.8,22.9,186.0,3.0,12.0,130.0
2024-08-23T11:00,37.3,22.5,186.0,4.7,9.4,116.0
2024-08-23T12:00,33.8,20.4,195.0,7.4,7.0,99.0
2024-08-23T13:00,31.7,19.1,188.0,7.6,6.3,88.0
2024-08-23T14:00,29.2,17.3,177.0,7.8,5.4,74.0
2024-08-23T15:00,26.7,15.4,166.0,7.8,4.8,62.0
2024-08-23T16:00,24.7,13.9,153.0,7.2,4.7,57.0
2024-08-23T17:00,23.2,12.9,138.0,6.3,5.0,55.0
2024-08-23T18:00,21.9,12.2,128.0,5.6,5.4,54.0
2024-08-23T19:00,20.8,11.6,125.0,5.4,5.9,52.0
2024-08-23T20:00,19.7,11.1,126.0,5.4,6.6,51.0
2024-08-23T21:00,19.3,10.9,128.0,5.6,7.3,50.0
2024-08-23T22:00,19.3,11.0,131.0,5.9,7.8,48.0
2024-08-23T23:00,19.6,11.3,135.0,6.3,8.3,46.0
2024-08-24T00:00,19.8,11.5,144.0,6.8,9.0,45.0
2024-08-24T01:00,20.3,11.9,153.0,7.2,9.8,44.0
2024-08-24T02:00,20.5,12.3,166.0,7.6,10.8,44.0
2024-08-24T03:00,21.8,13.2,178.0,7.7,12.0,48.0
2024-08-24T04:00,24.7,15.3,187.0,7.1,13.4,61.0
2024-08-24T05:00,29.2,18.3,194.0,6.1,14.9,79.0
2024-08-24T06:00,33.8,21.3,199.0,5.1,15.6,95.0
2024-08-24T07:00,36.3,22.5,198.0,4.0,15.1,109.0
2024-08-24T08:00,37.5,22.6,194.0,3.0,13.8,121.0
2024-08-24T09:00,37.5,22.5,193.0,2.7,12.4,128.0
2024-08-24T10:00,36.8,22.0,198.0,3.9,10.9,127.0
2024-08-24T11:00,35.5,21.0,207.0,5.8,9.3,121.0
2024-08-24T12:00,31.7,18.8,210.0,7.2,8.7,115.0
2024-08-24T13:00,29.3,17.5,221.0,8.5,8.8,105.0
2024-08-24T14:00,28.2,17.2,235.0,10.4,8.9,90.0
2024-08-24T15:00,26.9,16.7,243.0,11.5,8.6,77.0
2024-08-24T16:00,25.7,16.0,238.0,11.3,7.7,67.0
2024-08-24T17:00,24.7,15.1,227.0,10.5,6.4,59.0
2024-08-24T18:00,22.1,13.3,216.0,9.7,5.6,52.0
2024-08-24T19:00,19.4,11.6,205.0,9.1,5.8,47.0
2024-08-24T20:00,17.6,10.7,193.0,8.6,6.4,43.0
2024-08-24T21:00,16.6,10.2,188.0,8.3,7.0,40.0
2024-08-24T22:00,16.1,10.0,194.0,8.6,7.4,36.0
2024-08-24T23:00,15.8,10.0,205.0,9.2,7.7,32.0
2024-08-25T00:00,15.8,10.3,225.0,9.5,7.5,30.0
2024-08-25T01:00,16.2,10.5,227.0,9.0,7.9,32.0
2024-08-25T02:00,16.9,10.9,229.0,8.3,8.6,35.0
2024-08-25T03:00,17.8,11.4,227.0,7.6,9.9,42.0
2024-08-25T04:00,19.8,12.6,218.0,6.8,12.4,56.0
2024-08-25T05:00,23.9,15.3,205.0,6.0,15.5,73.0
2024-08-25T06:00,28.6,18.3,193.0,5.2,17.2,88.0
2024-08-25T07:00,30.6,18.6,184.0,4.1,16.5,100.0
2024-08-25T08:00,32.4,18.5,177.0,3.0,14.5,109.0
2024-08-25T09:00,32.0,18.0,174.0,2.5,12.6,115.0
2024-08-25T10:00,32.8,18.4,176.0,3.1,11.2,116.0
2024-08-25T11:00,34.8,19.0,181.0,4.3,9.9,114.0
2024-08-25T12:00,29.0,15.8,190.0,6.9,7.7,102.0
2024-08-25T13:00,29.7,16.2,198.0,8.2,7.6,92.0
2024-08-25T14:00,29.6,16.4,210.0,10.0,7.3,79.0
2024-08-25T15:00,28.6,16.0,220.0,11.3,7.0,67.0
2024-08-25T16:00,29.8,17.2,227.0,11.7,6.4,59.0
2024-08-25T17:00,29.8,17.5,232.0,11.7,5.7,53.0
2024-08-25T18:00,27.4,16.1,232.0,11.4,5.4,48.0
2024-08-25T19:00,23.2,13.7,224.0,10.8,5.8,44.0
2024-08-25T20:00,20.3,12.1,212.0,10.1,6.5,42.0
2024-08-25T21:00,18.9,11.5,205.0,9.4,7.0,39.0
2024-08-25T22:00,18.3,11.4,207.0,9.1,6.9,35.0
2024-08-25T23:00,17.9,11.3,213.0,8.9,6.5,31.0
2024-08-26T00:00,15.9,9.9,185.0,8.1,7.5,30.0
2024-08-26T01:00,15.9,9.9,189.0,7.6,7.8,33.0
2024-08-26T02:00,16.5,10.3,194.0,6.8,8.2,37.0
2024-08-26T03:00,17.5,11.0,196.0,6.0,8.8,44.0
2024-08-26T04:00,19.4,12.2,193.0,5.2,10.0,57.0
2024-08-26T05:00,22.4,14.3,187.0,4.4,11.3,74.0
2024-08-26T06:00,25.3,16.1,181.0,3.7,12.2,88.0
2024-08-26T07:00,26.6,16.1,174.0,2.9,12.2,99.0
2024-08-26T08:00,28.1,16.2,167.0,2.2,11.7,108.0
2024-08-26T09:00,29.3,16.4,164.0,2.0,10.9,114.0
2024-08-26T10:00,30.9,17.1,166.0,2.6,9.8,115.0
2024-08-26T11:00,32.2,17.9,172.0,3.7,8.6,113.0
2024-08-26T12:00,23.7,13.3,180.0,5.0,7.7,108.0
2024-08-26T13:00,26.0,14.6,194.0,6.8,7.5,98.0
2024-08-26T14:00,26.3,15.0,212.0,9.3,7.2,85.0
2024-08-26T15:00,25.3,14.7,223.0,10.9,7.0,73.0
2024-08-26T16:00,24.9,14.8,220.0,11.0,7.1,64.0
2024-08-26T17:00,23.3,14.1,208.0,10.2,7.2,57.0
2024-08-26T18:00,20.8,12.5,195.0,9.4,7.3,51.0
2024-08-26T19:00,19.4,11.5,176.0,8.5,7.1,47.0
2024-08-26T20:00,18.1,10.5,156.0,7.6,6.9,45.0
2024-08-26T21:00,16.9,9.9,148.0,7.2,6.9,42.0
2024-08-26T22:00,15.8,9.5,163.0,7.8,7.5,38.0
2024-08-26T23:00,15.1,9.4,190.0,8.9,8.3,33.0
2024-08-27T00:00,13.9,9.1,212.0,9.8,8.6,30.0
2024-08-27T01:00,14.0,9.4,223.0,9.8,8.8,31.0
2024-08-27T02:00,14.5,9.8,238.0,9.7,9.2,32.0
2024-08-27T03:00,14.9,10.0,245.0,9.2,10.0,38.0
2024-08-27T04:00,15.8,10.6,235.0,8.1,11.8,51.0
2024-08-27T05:00,18.6,12.5,217.0,6.6,14.1,67.0
2024-08-27T06:00,22.4,15.1,201.0,5.3,15.6,82.0
2024-08-27T07:00,25.1,16.9,190.0,4.2,15.8,93.0
2024-08-27T08:00,25.5,16.6,181.0,3.4,15.3,103.0
2024-08-27T09:00,27.0,16.9,177.0,3.2,14.4,108.0
2024-08-27T10:00,28.5,17.1,179.0,4.1,12.8,108.0
2024-08-27T11:00,28.9,17.0,185.0,5.6,10.8,103.0
2024-08-27T12:00,33.1,18.9,185.0,5.4,9.8,112.0
2024-08-27T13:00,35.2,20.2,209.0,8.0,8.8,102.0
2024-08-27T14:00,35.0,20.4,241.0,11.4,7.4,87.0
2024-08-27T15:00,34.3,20.4,258.0,13.5,6.9,75.0
2024-08-27T16:00,31.4,18.9,248.0,12.9,8.1,69.0
2024-08-27T17:00,31.4,19.3,223.0,10.9,10.2,66.0
2024-08-27T18:00,32.2,19.8,201.0,9.3,11.7,62.0
2024-08-27T19:00,32.2,19.6,184.0,8.7,11.9,55.0
2024-08-27T20:00,30.3,18.2,169.0,8.5,11.5,46.0
2024-08-27T21:00,26.4,15.8,162.0,8.6,11.1,39.0
2024-08-27T22:00,22.0,13.3,163.0,9.0,11.1,33.0
2024-08-27T23:00,19.0,11.7,171.0,9.6,11.1,29.0
2024-08-28T00:00,24.0,15.8,208.0,11.6,17.0,35.0
2024-08-28T01:00,25.5,16.7,223.0,11.8,16.2,36.0
2024-08-28T02:00,27.0,17.6,243.0,12.0,14.9,37.0
2024-08-28T03:00,27.5,17.9,256.0,11.6,13.2,39.0
2024-08-28T04:00,26.5,17.2,256.0,9.8,10.5,44.0
2024-08-28T05:00,24.5,15.9,250.0,7.4,7.3,50.0
2024-08-28T06:00,22.8,14.8,246.0,5.7,5.2,56.0
2024-08-28T07:00,22.8,14.8,248.0,5.5,5.1,63.0
2024-08-28T08:00,24.9,15.6,251.0,6.1,6.0,70.0
2024-08-28T09:00,26.8,17.1,253.0,6.8,7.4,76.0
2024-08-28T10:00,29.7,18.7,252.0,7.7,9.3,79.0
2024-08-28T11:00,32.8,20.4,250.0,8.8,11.5,80.0
2024-08-28T12:00,32.5,20.5,236.0,6.1,5.6,101.0
2024-08-28T13:00,36.7,22.2,234.0,6.6,7.7,100.0
2024-08-28T14:00,39.1,22.8,232.0,7.3,10.8,99.0
2024-08-28T15:00,41.7,24.2,233.0,8.3,14.0,95.0
2024-08-28T16:00,42.8,25.5,243.0,9.8,17.4,87.0
2024-08-28T17:00,44.6,27.7,256.0,11.5,20.9,76.0
2024-08-28T18:00,43.4,27.8,262.0,12.7,23.7,66.0
2024-08-28T19:00,40.3,26.2,255.0,12.9,,59.0
2024-08-28T20:00,37.8,24.7,241.0,12.6,,53.0
2024-08-28T21:00,33.6,21.9,229.0,12.3,,49.0
2024-08-28T22:00,30.3,19.6,218.0,12.1,,47.0
2024-08-28T23:00,28.0,18.0,209.0,12.0,,46.0
2024-08-29T00:00,13.5,8.2,162.0,7.2,12.6,49.0
2024-08-29T01:00,13.5,8.3,170.0,8.7,14.1,46.0
2024-08-29T02:00,14.6,9.0,182.0,10.9,16.2,42.0
2024-08-29T03:00,15.7,9.8,193.0,12.3,17.9,40.0
2024-08-29T04:00,17.1,10.8,204.0,12.5,19.0,41.0
2024-08-29T05:00,19.3,12.3,216.0,12.0,19.8,45.0
2024-08-29T06:00,22.4,14.4,224.0,11.4,20.3,51.0
2024-08-29T07:00,26.0,16.9,227.0,10.5,20.6,61.0
2024-08-29T08:00,28.3,18.7,227.0,9.5,20.5,74.0
2024-08-29T09:00,29.8,19.7,226.0,8.8,19.7,83.0
2024-08-29T10:00,30.2,19.4,224.0,8.9,17.9,85.0
2024-08-29T11:00,29.6,18.6,221.0,9.3,15.4,84.0
2024-08-29T12:00,31.2,18.9,200.0,6.4,7.4,93.0
2024-08-29T13:00,21.0,13.0,190.0,6.0,6.1,80.0
2024-08-29T14:00,15.1,9.5,176.0,5.5,4.5,63.0
2024-08-29T15:00,13.2,8.4,166.0,5.6,4.1,49.0
2024-08-29T16:00,12.9,8.3,164.0,6.7,6.1,44.0
2024-08-29T17:00,12.4,8.1,167.0,8.3,9.3,43.0
2024-08-29T18:00,12.2,8.0,172.0,9.5,11.7,42.0
2024-08-29T19:00,12.2,8.1,180.0,10.0,12.3,40.0
2024-08-29T20:00,13.1,8.7,191.0,10.2,12.2,38.0
2024-08-29T21:00,14.5,9.6,202.0,10.3,11.8,36.0
2024-08-29T22:00,15.5,10.4,211.0,10.4,11.4,33.0
2024-08-29T23:00,15.2,10.3,220.0,10.4,10.8,30.0
2024-08-30T00:00,13.5,8.3,208.0,9.5,10.0,30.0
2024-08-30T01:00,13.4,7.7,210.0,9.6,9.9,29.0
2024-08-30T02:00,13.5,7.6,212.0,9.7,9.7,28.0
2024-08-30T03:00,14.2,7.9,213.0,9.8,10.0,28.0
2024-08-30T04:00,16.2,8.4,213.0,9.8,11.1,31.0
2024-08-30T05:00,19.0,9.4,212.0,9.7,12.5,35.0
2024-08-30T06:00,20.4,10.3,212.0,9.4,13.7,41.0
2024-08-30T07:00,21.1,11.3,211.0,8.4,14.3,52.0
2024-08-30T08:00,22.8,13.1,211.0,7.1,14.5,64.0
2024-08-30T09:00,24.4,14.7,215.0,6.8,14.5,73.0
2024-08-30T10:00,24.7,15.3,229.0,8.7,14.0,75.0
2024-08-30T11:00,25.4,15.5,248.0,11.5,13.3,74.0
2024-08-30T12:00,32.2,17.2,230.0,9.4,10.6,99.0
2024-08-30T13:00,29.9,15.6,226.0,9.0,9.9,93.0
2024-08-30T14:00,27.2,14.2,220.0,8.4,9.0,84.0
2024-08-30T15:00,24.3,13.0,215.0,8.4,9.1,75.0
2024-08-30T16:00,21.2,11.5,213.0,9.4,11.2,67.0
2024-08-30T17:00,19.2,10.6,212.0,11.0,14.3,59.0
2024-08-30T18:00,19.0,10.7,213.0,11.9,16.0,53.0
2024-08-30T19:00,20.9,11.3,218.0,11.7,15.1,48.0
2024-08-30T20:00,20.7,11.4,225.0,10.8,12.8,45.0
2024-08-30T21:00,20.0,11.2,230.0,10.1,10.9,42.0
2024-08-30T22:00,18.9,10.8,231.0,9.8,9.9,38.0
2024-08-30T23:00,17.7,10.1,230.0,9.5,9.2,34.0
2024-08-31T00:00,20.5,9.7,221.0,9.7,9.7,30.0
2024-08-31T01:00,18.0,9.2,228.0,9.3,9.5,30.0
2024-08-31T02:00,16.0,9.0,237.0,8.8,9.2,31.0
2024-08-31T03:00,16.5,9.3,241.0,8.2,9.4,35.0
2024-08-31T04:00,15.3,9.9,237.0,7.5,10.7,45.0
2024-08-31T05:00,16.6,11.0,229.0,6.8,12.5,59.0
2024-08-31T06:00,19.7,13.1,221.0,6.1,13.5,71.0
2024-08-31T07:00,22.5,15.0,213.0,5.3,13.0,82.0
2024-08-31T08:00,23.7,15.7,205.0,4.5,11.7,91.0
2024-08-31T09:00,24.3,15.9,200.0,4.6,10.8,97.0
2024-08-31T10:00,25.8,16.6,201.0,6.1,11.0,97.0
2024-08-31T11:00,26.1,16.5,206.0,8.5,11.7,93.0
2024-08-31T12:00,28.3,16.8,235.0,10.3,9.7,105.0
2024-08-31T13:00,27.8,16.1,227.0,9.8,9.7,96.0
2024-08-31T14:00,25.3,14.6,216.0,9.1,9.8,84.0
2024-08-31T15:00,24.3,13.9,207.0,9.0,10.2,73.0
2024-08-31T16:00,21.3,11.9,201.0,9.9,11.2,63.0
2024-08-31T17:00,18.2,10.7,198.0,11.4,12.4,54.0
2024-08-31T18:00,17.9,11.0,199.0,12.4,13.0,47.0
2024-08-31T19:00,18.0,11.3,207.0,12.5,12.5,43.0
2024-08-31T20:00,18.5,11.8,220.0,12.0,11.3,41.0
2024-08-31T21:00,19.2,12.4,228.0,11.5,10.3,39.0
2024-08-31T22:00,20.0,13.0,228.0,11.0,9.6,35.0
2024-08-31T23:00,18.0,11.7,224.0,10.4,8.9,30.0
2024-09-01T00:00,18.9,12.5,246.0,10.9,9.5,31.0
2024-09-01T01:00,18.5,12.2,250.0,10.1,9.5,33.0
2024-09-01T02:00,18.2,12.0,255.0,9.0,9.6,36.0
2024-09-01T03:00,18.0,11.8,253.0,7.8,10.0,44.0
2024-09-01T04:00,18.9,12.5,237.0,6.5,11.3,59.0
2024-09-01T05:00,21.7,14.4,213.0,5.1,12.9,79.0
2024-09-01T06:00,25.7,17.2,194.0,4.0,13.6,95.0
2024-09-01T07:00,26.7,17.6,184.0,3.4,12.4,104.0
2024-09-01T08:00,26.3,16.9,178.0,3.1,10.4,109.0
2024-09-01T09:00,29.5,17.9,176.0,3.3,8.9,111.0
2024-09-01T10:00,27.0,16.6,180.0,4.4,8.8,109.0
2024-09-01T11:00,25.7,16.5,188.0,6.0,9.3,104.0
2024-09-01T12:00,25.6,16.6,193.0,7.2,7.7,103.0
2024-09-01T13:00,24.2,15.7,189.0,7.0,7.7,98.0
2024-09-01T14:00,23.4,15.1,185.0,6.7,7.7,91.0
2024-09-01T15:00,22.8,14.6,183.0,7.0,8.4,83.0
2024-09-01T16:00,21.7,14.1,186.0,8.2,10.4,75.0
2024-09-01T17:00,20.3,13.3,193.0,10.0,13.0,67.0
2024-09-01T18:00,19.8,13.0,200.0,11.2,14.6,60.0
2024-09-01T19:00,19.4,12.7,209.0,11.5,14.2,54.0
2024-09-01T20:00,19.6,12.9,219.0,11.4,12.8,49.0
2024-09-01T21:00,19.8,13.2,228.0,11.0,11.2,45.0
2024-09-01T22:00,20.0,13.4,234.0,10.5,9.5,40.0
2024-09-01T23:00,19.8,13.5,238.0,9.8,7.7,35.0
2024-09-02T00:00,20.0,13.6,272.0,11.1,9.1,34.0
2024-09-02T01:00,19.7,13.5,272.0,10.1,8.3,38.0
2024-09-02T02:00,16.6,11.1,272.0,8.7,7.2,44.0
2024-09-02T03:00,18.3,12.1,268.0,7.3,7.0,55.0
2024-09-02T04:00,21.3,14.1,256.0,5.9,8.4,75.0
2024-09-02T05:00,26.0,17.0,239.0,4.4,10.6,100.0
2024-09-02T06:00,30.3,19.5,224.0,3.3,12.4,120.0
2024-09-02T07:00,28.9,18.0,213.0,2.6,13.4,133.0
2024-09-02T08:00,29.6,17.7,204.0,2.2,13.9,142.0
2024-09-02T09:00,33.8,19.4,198.0,2.5,13.9,145.0
2024-09-02T10:00,40.3,22.8,196.0,3.9,13.0,140.0
2024-09-02T11:00,41.7,22.9,198.0,5.9,11.6,129.0
2024-09-02T12:00,43.9,23.7,240.0,10.8,10.3,111.0
2024-09-02T13:00,38.0,20.7,246.0,9.7,8.4,109.0
2024-09-02T14:00,35.5,19.9,254.0,8.1,5.9,106.0
2024-09-02T15:00,35.6,20.7,255.0,7.1,4.2,99.0
2024-09-02T16:00,36.2,21.3,245.0,7.2,4.1,86.0
2024-09-02T17:00,34.1,20.3,229.0,7.9,4.9,69.0
2024-09-02T18:00,27.4,16.1,210.0,8.2,5.8,58.0
2024-09-02T19:00,23.1,12.7,186.0,7.5,6.5,57.0
2024-09-02T20:00,21.1,11.4,159.0,6.4,7.3,60.0
2024-09-02T21:00,19.7,10.6,143.0,5.8,8.1,62.0
2024-09-02T22:00,18.3,10.4,144.0,6.1,8.9,59.0
2024-09-02T23:00,18.5,10.9,155.0,6.7,9.7,54.0
2024-09-03T00:00,20.4,12.2,184.0,7.6,9.4,46.0
2024-09-03T01:00,20.8,12.7,204.0,7.7,8.8,45.0
2024-09-03T02:00,21.7,13.5,231.0,7.9,8.0,44.0
2024-09-03T03:00,21.4,13.6,246.0,7.5,7.5,49.0
2024-09-03T04:00,20.7,13.3,239.0,6.1,7.6,66.0
2024-09-03T05:00,22.4,14.5,220.0,4.1,8.1,89.0
2024-09-03T06:00,26.0,16.8,205.0,2.7,8.9,109.0
2024-09-03T07:00,31.1,19.7,199.0,2.1,10.6,126.0
2024-09-03T08:00,33.8,20.4,197.0,1.9,12.8,140.0
2024-09-03T09:00,38.2,21.5,197.0,2.4,13.5,146.0
2024-09-03T10:00,43.7,24.5,201.0,4.0,11.5,139.0
2024-09-03T11:00,43.5,24.4,209.0,6.2,8.1,124.0
2024-09-03T12:00,36.9,20.4,189.0,6.4,6.7,107.0
2024-09-03T13:00,31.8,17.8,197.0,7.8,7.0,96.0
2024-09-03T14:00,31.5,17.6,208.0,9.8,7.5,81.0
2024-09-03T15:00,32.1,18.8,216.0,11.1,8.0,68.0
2024-09-03T16:00,31.1,18.6,217.0,11.3,8.5,61.0
2024-09-03T17:00,29.3,17.8,214.0,10.9,9.0,57.0
2024-09-03T18:00,28.5,17.2,211.0,10.5,9.2,54.0
2024-09-03T19:00,26.5,16.1,208.0,10.1,9.0,51.0
2024-09-03T20:00,24.7,15.0,205.0,9.6,8.5,48.0
2024-09-03T21:00,24.3,14.8,209.0,9.4,8.2,45.0
2024-09-03T22:00,25.1,15.4,229.0,9.9,8.5,41.0
2024-09-03T23:00,27.2,16.5,257.0,10.7,9.0,36.0
2024-09-04T00:00,27.1,16.5,282.0,11.1,8.1,32.0
2024-09-04T01:00,26.8,16.2,281.0,10.2,7.2,34.0
2024-09-04T02:00,25.4,15.1,279.0,8.8,6.0,38.0
2024-09-04T03:00,23.7,13.8,271.0,7.5,5.5,45.0
2024-09-04T04:00,22.6,12.6,253.0,6.2,6.3,59.0
2024-09-04T05:00,24.1,13.6,230.0,4.9,7.8,76.0
2024-09-04T06:00,29.0,16.9,213.0,4.0,9.7,93.0
2024-09-04T07:00,35.0,20.4,206.0,3.3,12.3,111.0
2024-09-04T08:00,37.5,20.8,205.0,2.9,15.1,128.0
2024-09-04T09:00,41.7,22.4,211.0,3.7,16.7,138.0
2024-09-04T10:00,48.0,26.0,233.0,7.1,15.9,136.0
2024-09-04T11:00,49.9,27.3,262.0,11.8,13.9,126.0
2024-09-04T12:00,47.8,24.9,267.0,12.4,13.6,103.0
2024-09-04T13:00,49.6,25.0,252.0,10.3,12.6,101.0
2024-09-04T14:00,46.9,23.7,231.0,7.5,11.1,98.0
2024-09-04T15:00,42.0,21.8,216.0,5.4,9.4,94.0
2024-09-04T16:00,38.0,20.4,215.0,4.8,7.1,88.0
2024-09-04T17:00,35.2,19.6,221.0,5.1,4.6,80.0
2024-09-04T18:00,32.7,18.5,221.0,5.5,3.2,73.0
2024-09-04T19:00,29.3,16.7,207.0,6.0,4.0,67.0
2024-09-04T20:00,25.0,14.2,189.0,6.6,5.9,62.0
2024-09-04T21:00,21.0,11.8,178.0,7.2,7.5,57.0
2024-09-04T22:00,19.0,10.8,184.0,7.7,8.2,51.0
2024-09-04T23:00,18.9,10.9,198.0,8.2,8.5,46.0
2024-09-05T00:00,22.6,13.1,245.0,9.6,7.4,38.0
2024-09-05T01:00,24.5,14.0,246.0,8.5,6.1,42.0
2024-09-05T02:00,24.8,13.5,247.0,7.0,4.4,47.0
2024-09-05T03:00,23.6,11.9,244.0,5.6,3.4,56.0
2024-09-05T04:00,23.1,11.3,232.0,4.6,3.5,69.0
2024-09-05T05:00,24.1,12.2,216.0,3.7,4.2,85.0
2024-09-05T06:00,27.0,14.4,204.0,3.1,5.3,100.0
2024-09-05T07:00,29.2,15.6,198.0,2.5,6.8,113.0
2024-09-05T08:00,31.8,16.5,197.0,2.0,8.6,125.0
2024-09-05T09:00,34.9,17.5,202.0,2.6,10.1,133.0
2024-09-05T10:00,39.5,19.5,217.0,4.9,11.0,136.0
2024-09-05T11:00,44.1,22.1,240.0,8.1,11.5,134.0
2024-09-05T12:00,35.4,18.7,249.0,10.8,7.9,122.0
2024-09-05T13:00,40.0,21.1,244.0,9.4,7.4,123.0
2024-09-05T14:00,41.7,21.5,237.0,7.5,6.7,124.0
2024-09-05T15:00,42.3,21.4,231.0,6.1,6.0,121.0
2024-09-05T16:00,41.4,20.4,227.0,5.4,5.0,111.0
2024-09-05T17:00,40.4,19.7,224.0,5.2,3.9,98.0
2024-09-05T18:00,38.5,19.2,226.0,5.6,3.6,84.0
2024-09-05T19:00,36.9,19.3,237.0,7.1,4.7,71.0
2024-09-05T20:00,35.2,19.3,253.0,9.3,6.5,58.0
2024-09-05T21:00,34.5,19.4,266.0,10.7,7.6,48.0
2024-09-05T22:00,34.7,19.6,274.0,10.8,7.3,42.0
2024-09-05T23:00,32.7,18.6,279.0,10.1,6.2,38.0
2024-09-06T00:00,34.1,18.0,240.0,7.4,5.2,51.0
2024-09-06T01:00,33.6,17.9,242.0,7.5,4.7,47.0
2024-09-06T02:00,30.3,16.2,244.0,7.7,4.0,41.0
2024-09-06T03:00,24.2,12.7,241.0,7.3,3.4,40.0
2024-09-06T04:00,20.4,10.2,226.0,5.9,3.0,47.0
2024-09-06T05:00,20.0,9.6,206.0,4.0,2.6,58.0
2024-09-06T06:00,21.3,9.9,191.0,2.6,2.5,69.0
2024-09-06T07:00,22.6,10.1,184.0,1.9,2.6,78.0
2024-09-06T08:00,24.4,10.7,182.0,1.7,2.9,87.0
2024-09-06T09:00,27.4,11.9,187.0,2.4,3.4,93.0
2024-09-06T10:00,30.0,13.0,204.0,4.7,4.3,95.0
2024-09-06T11:00,32.8,14.5,228.0,7.8,5.3,95.0
2024-09-06T12:00,32.8,13.1,220.0,7.7,4.7,87.0
2024-09-06T13:00,35.2,15.7,249.0,10.6,5.8,87.0
2024-09-06T14:00,39.1,18.9,289.0,14.6,7.4,87.0
2024-09-06T15:00,43.4,21.5,315.0,17.0,8.4,86.0
2024-09-06T16:00,46.9,23.5,312.0,16.2,8.3,83.0
2024-09-06T17:00,48.7,24.1,295.0,13.9,7.5,78.0
2024-09-06T18:00,47.7,23.3,286.0,12.1,7.0,72.0
2024-09-06T19:00,46.3,22.8,297.0,12.0,7.0,65.0
2024-09-06T20:00,45.9,23.2,315.0,12.5,7.3,56.0
2024-09-06T21:00,44.5,23.3,326.0,12.6,7.2,49.0
2024-09-06T22:00,41.3,22.5,322.0,11.9,6.6,42.0
2024-09-06T23:00,35.3,20.0,311.0,10.8,5.7,37.0
2024-09-07T00:00,36.2,19.8,322.0,10.0,5.1,35.0
2024-09-07T01:00,31.1,17.3,301.0,9.4,5.0,35.0
2024-09-07T02:00,26.7,13.5,271.0,8.5,4.8,37.0
2024-09-07T03:00,23.5,12.2,245.0,7.4,4.8,42.0
2024-09-07T04:00,28.1,12.7,226.0,5.9,4.8,54.0
2024-09-07T05:00,37.7,14.6,210.0,4.1,4.9,70.0
2024-09-07T06:00,42.1,15.3,199.0,2.9,5.4,85.0
2024-09-07T07:00,41.3,15.5,196.0,2.6,6.7,97.0
2024-09-07T08:00,42.0,16.5,199.0,2.9,8.5,107.0
2024-09-07T09:00,48.7,19.3,202.0,3.4,10.0,113.0
2024-09-07T10:00,57.7,23.2,204.0,4.2,11.1,115.0
2024-09-07T11:00,51.8,21.4,206.0,5.3,12.0,113.0
2024-09-07T12:00,61.7,23.7,208.0,5.4,6.0,103.0
2024-09-07T13:00,66.6,27.2,207.0,5.3,6.6,102.0
2024-09-07T14:00,68.2,28.4,206.0,5.2,7.4,101.0
2024-09-07T15:00,62.6,27.4,206.0,5.6,8.7,97.0
2024-09-07T16:00,55.6,25.5,208.0,7.0,10.9,89.0
2024-09-07T17:00,50.1,23.9,210.0,8.9,13.5,79.0
2024-09-07T18:00,48.9,24.3,214.0,10.3,15.3,70.0
2024-09-07T19:00,47.5,23.8,218.0,10.8,15.7,63.0
2024-09-07T20:00,46.2,23.1,222.0,10.9,15.2,57.0
2024-09-07T21:00,44.4,22.9,230.0,10.9,14.4,51.0
2024-09-07T22:00,41.8,22.9,244.0,11.1,13.2,45.0
2024-09-07T23:00,38.8,22.2,261.0,11.2,11.7,39.0
2024-09-08T00:00,35.2,20.5,273.0,10.9,9.6,34.0
2024-09-08T01:00,32.4,19.3,278.0,10.5,8.9,34.0
2024-09-08T02:00,28.6,17.2,283.0,9.8,8.0,35.0
2024-09-08T03:00,25.7,15.4,281.0,8.8,7.7,42.0
2024-09-08T04:00,24.7,14.5,263.0,7.2,8.7,58.0
2024-09-08T05:00,26.4,15.3,237.0,5.2,10.3,80.0
2024-09-08T06:00,30.6,17.4,217.0,3.7,11.5,99.0
2024-09-08T07:00,31.8,17.3,209.0,2.8,12.0,114.0
2024-09-08T08:00,32.6,17.2,207.0,2.3,12.1,127.0
2024-09-08T09:00,35.7,18.3,209.0,2.6,12.2,135.0
2024-09-08T10:00,42.3,21.4,217.0,4.5,12.7,135.0
2024-09-08T11:00,43.8,22.4,229.0,7.2,13.1,130.0
2024-09-08T12:00,48.9,24.2,229.0,9.7,10.1,111.0
2024-09-08T13:00,46.2,23.1,219.0,9.2,10.0,102.0
2024-09-08T14:00,35.0,17.7,206.0,8.5,10.0,88.0
2024-09-08T15:00,28.6,14.9,196.0,8.4,10.6,76.0
2024-09-08T16:00,25.8,13.8,192.0,9.5,12.6,67.0
2024-09-08T17:00,24.5,13.2,192.0,11.2,15.3,59.0
2024-09-08T18:00,23.5,12.7,194.0,12.3,16.8,52.0
2024-09-08T19:00,22.8,12.6,200.0,12.4,16.1,47.0
2024-09-08T20:00,23.4,13.5,209.0,11.9,14.2,43.0
2024-09-08T21:00,23.1,13.8,219.0,11.5,12.4,39.0
2024-09-08T22:00,22.8,13.9,229.0,11.3,11.1,34.0
2024-09-08T23:00,21.8,13.7,240.0,11.2,9.9,30.0
2024-09-09T00:00,15.9,10.4,234.0,10.1,8.8,28.0
2024-09-09T01:00,14.5,9.4,226.0,9.7,9.2,28.0
2024-09-09T02:00,13.7,8.8,214.0,9.1,9.9,28.0
2024-09-09T03:00,13.3,8.3,202.0,8.3,10.7,32.0
2024-09-09T04:00,13.9,8.6,191.0,7.3,12.1,43.0
2024-09-09T05:00,16.5,10.4,181.0,6.0,13.7,58.0
2024-09-09T06:00,20.0,13.0,173.0,4.9,14.4,73.0
2024-09-09T07:00,21.3,13.9,167.0,3.7,13.3,87.0
2024-09-09T08:00,21.7,13.9,163.0,2.5,11.2,101.0
2024-09-09T09:00,22.3,14.2,164.0,2.3,9.4,110.0
2024-09-09T10:00,22.8,14.3,171.0,3.6,8.3,111.0
2024-09-09T11:00,24.2,14.8,183.0,5.9,7.4,106.0
2024-09-09T12:00,39.1,22.6,197.0,9.0,7.4,97.0
2024-09-09T13:00,34.3,19.6,200.0,9.8,8.5,86.0
2024-09-09T14:00,31.1,18.2,205.0,11.0,10.1,72.0
2024-09-09T15:00,31.1,19.0,211.0,12.1,11.1,59.0
2024-09-09T16:00,30.9,19.0,220.0,13.0,11.2,51.0
2024-09-09T17:00,29.8,18.6,230.0,13.9,10.7,45.0
2024-09-09T18:00,28.3,17.8,238.0,14.2,10.2,40.0
2024-09-09T19:00,26.1,16.6,241.0,13.7,9.7,36.0
2024-09-09T20:00,23.5,15.2,241.0,12.8,9.1,34.0
2024-09-09T21:00,20.8,13.7,239.0,11.8,8.5,32.0
2024-09-09T22:00,18.4,12.2,233.0,11.0,7.9,29.0
2024-09-09T23:00,16.1,10.6,224.0,10.1,7.4,26.0
2024-09-10T00:00,13.6,8.8,206.0,9.2,8.0,26.0
2024-09-10T01:00,13.2,8.4,205.0,8.4,8.6,29.0
2024-09-10T02:00,13.6,8.6,204.0,7.3,9.5,35.0
2024-09-10T03:00,15.1,9.3,199.0,6.2,10.4,43.0
2024-09-10T04:00,17.8,11.0,189.0,5.2,11.6,57.0
2024-09-10T05:00,20.9,12.8,177.0,4.2,12.8,75.0
2024-09-10T06:00,21.7,12.5,166.0,3.3,13.1,89.0
2024-09-10T07:00,23.1,12.6,158.0,2.5,11.9,99.0
2024-09-10T08:00,25.3,13.6,151.0,1.8,9.9,106.0
2024-09-10T09:00,26.3,14.1,150.0,1.9,8.1,109.0
2024-09-10T10:00,28.4,15.3,158.0,3.3,7.1,107.0
2024-09-10T11:00,29.5,16.1,172.0,5.5,6.3,100.0
2024-09-10T12:00,23.9,13.1,177.0,6.7,6.0,94.0
2024-09-10T13:00,26.8,14.9,189.0,8.4,6.2,85.0
2024-09-10T14:00,28.9,16.3,205.0,10.6,6.5,72.0
2024-09-10T15:00,29.0,16.5,212.0,11.9,6.4,61.0
2024-09-10T16:00,28.6,15.9,200.0,11.2,5.7,54.0
2024-09-10T17:00,23.1,12.9,180.0,9.5,4.7,48.0
2024-09-10T18:00,19.0,10.8,165.0,8.2,4.1,43.0
2024-09-10T19:00,16.7,9.6,163.0,8.0,4.3,39.0
2024-09-10T20:00,15.4,9.1,167.0,8.2,5.0,37.0
2024-09-10T21:00,14.3,8.7,173.0,8.5,5.5,34.0
2024-09-10T22:00,13.3,8.3,181.0,8.8,5.6,30.0
2024-09-10T23:00,12.3,7.9,192.0,9.1,5.5,25.0
2024-09-11T00:00,10.1,6.6,187.0,8.1,6.7,27.0
2024-09-11T01:00,10.0,6.6,190.0,7.5,7.3,30.0
2024-09-11T02:00,10.6,7.0,193.0,6.7,8.1,35.0
2024-09-11T03:00,11.8,7.7,194.0,5.8,9.1,44.0
2024-09-11T04:00,14.6,9.5,190.0,5.0,10.5,59.0
2024-09-11T05:00,18.7,12.1,183.0,4.1,12.2,77.0
2024-09-11T06:00,20.5,13.0,176.0,3.4,13.1,93.0
2024-09-11T07:00,20.7,12.6,169.0,2.7,13.0,104.0
2024-09-11T08:00,21.4,12.6,161.0,2.0,12.2,112.0
2024-09-11T09:00,23.1,13.1,158.0,1.9,11.0,116.0
2024-09-11T10:00,26.0,14.6,160.0,2.5,9.0,114.0
2024-09-11T11:00,31.2,17.5,166.0,3.5,6.6,107.0
2024-09-11T12:00,33.2,18.4,181.0,6.9,6.6,97.0
2024-09-11T13:00,32.5,18.7,179.0,7.3,6.8,88.0
2024-09-11T14:00,30.2,17.6,177.0,7.9,7.1,76.0
2024-09-11T15:00,28.1,16.2,176.0,8.7,7.8,65.0
2024-09-11T16:00,25.6,14.8,176.0,9.9,9.5,57.0
2024-09-11T17:00,24.1,14.3,176.0,11.3,11.6,50.0
2024-09-11T18:00,22.5,13.6,178.0,12.1,12.9,45.0
2024-09-11T19:00,19.9,12.0,181.0,11.7,12.6,42.0
2024-09-11T20:00,18.2,11.1,185.0,10.7,11.5,42.0
2024-09-11T21:00,16.9,10.5,192.0,10.0,10.4,40.0
2024-09-11T22:00,16.5,10.6,203.0,10.0,9.6,35.0
2024-09-11T23:00,16.2,10.6,216.0,10.3,8.8,30.0
2024-09-12T00:00,15.7,10.2,218.0,10.1,8.4,27.0
2024-09-12T01:00,15.4,10.1,224.0,9.3,8.4,31.0
2024-09-12T02:00,15.8,10.4,231.0,8.1,8.4,37.0
2024-09-12T03:00,16.8,11.0,234.0,6.8,8.6,48.0
2024-09-12T04:00,19.4,12.7,228.0,5.4,9.0,68.0
2024-09-12T05:00,23.6,15.4,217.0,3.8,9.6,93.0
2024-09-12T06:00,27.6,17.5,207.0,2.7,10.3,114.0
2024-09-12T07:00,28.6,17.2,201.0,2.1,11.2,127.0
2024-09-12T08:00,29.8,17.1,196.0,2.0,12.2,137.0
2024-09-12T09:00,33.1,17.9,191.0,2.0,12.4,140.0
2024-09-12T10:00,35.6,18.7,184.0,2.4,11.2,136.0
2024-09-12T11:00,36.2,18.6,177.0,3.0,9.1,126.0
2024-09-12T12:00,35.4,18.7,169.0,3.5,6.6,115.0
2024-09-12T13:00,31.1,16.6,167.0,3.2,5.7,108.0
2024-09-12T14:00,27.5,14.8,163.0,2.9,4.5,98.0
2024-09-12T15:00,25.3,13.7,162.0,2.9,3.6,89.0
2024-09-12T16:00,24.6,13.6,165.0,3.4,3.4,81.0
2024-09-12T17:00,24.8,14.0,170.0,4.2,3.6,72.0
2024-09-12T18:00,24.3,13.8,173.0,5.0,4.1,65.0
2024-09-12T19:00,24.0,13.7,173.0,5.8,4.9,59.0
2024-09-12T20:00,23.0,13.2,170.0,6.6,6.0,53.0
2024-09-12T21:00,20.9,12.1,166.0,7.1,6.9,49.0
2024-09-12T22:00,18.5,10.7,157.0,7.2,7.3,45.0
2024-09-12T23:00,16.2,9.4,146.0,7.0,7.4,42.0
2024-09-13T00:00,20.8,12.5,188.0,8.6,9.8,40.0
2024-09-13T01:00,21.0,12.7,207.0,8.7,10.0,40.0
2024-09-13T02:00,22.4,13.5,232.0,8.7,10.1,41.0
2024-09-13T03:00,25.6,15.5,249.0,8.1,9.9,49.0
2024-09-13T04:00,29.4,17.9,249.0,6.4,8.8,69.0
2024-09-13T05:00,32.4,19.8,240.0,4.1,7.3,95.0
2024-09-13T06:00,33.8,20.5,231.0,2.4,6.3,116.0
2024-09-13T07:00,36.6,21.5,223.0,1.7,6.4,126.0
2024-09-13T08:00,38.4,22.0,215.0,1.7,7.0,131.0
2024-09-13T09:00,37.8,21.3,210.0,2.0,7.5,134.0
2024-09-13T10:00,36.7,20.0,211.0,2.9,8.0,136.0
2024-09-13T11:00,37.4,19.8,216.0,4.1,8.4,135.0
2024-09-13T12:00,40.3,19.7,191.0,4.5,8.3,121.0
2024-09-13T13:00,38.3,19.4,193.0,4.7,7.2,114.0
2024-09-13T14:00,35.3,18.2,195.0,5.1,5.6,105.0
2024-09-13T15:00,32.8,17.3,196.0,5.3,4.3,95.0
2024-09-13T16:00,30.2,16.3,193.0,5.2,3.6,86.0
2024-09-13T17:00,27.8,15.3,189.0,5.0,3.2,77.0
2024-09-13T18:00,25.6,14.1,184.0,5.0,3.3,69.0
2024-09-13T19:00,23.5,12.9,177.0,5.3,4.1,62.0
2024-09-13T20:00,21.6,11.8,170.0,5.8,5.4,55.0
2024-09-13T21:00,20.5,11.4,168.0,6.4,6.5,49.0
2024-09-13T22:00,20.1,11.2,172.0,7.0,7.1,44.0
2024-09-13T23:00,20.2,11.4,181.0,7.7,7.5,40.0
2024-09-14T00:00,18.2,10.5,177.0,7.4,8.1,41.0
2024-09-14T01:00,21.1,12.5,216.0,7.7,8.0,44.0
2024-09-14T02:00,25.4,15.5,267.0,8.1,7.9,50.0
2024-09-14T03:00,30.5,18.6,295.0,7.8,7.3,58.0
2024-09-14T04:00,32.6,19.2,274.0,6.0,5.8,71.0
2024-09-14T05:00,31.5,17.3,229.0,3.5,4.0,88.0
2024-09-14T06:00,27.9,13.9,195.0,1.7,2.8,101.0
2024-09-14T07:00,27.0,12.5,185.0,1.0,3.1,109.0
2024-09-14T08:00,28.5,13.4,185.0,1.0,4.0,115.0
2024-09-14T09:00,30.3,14.7,191.0,1.5,4.7,119.0
2024-09-14T10:00,31.2,15.4,206.0,2.9,4.6,122.0
2024-09-14T11:00,35.9,17.9,227.0,4.9,4.1,123.0
2024-09-14T12:00,38.6,19.6,227.0,6.4,5.8,107.0
2024-09-14T13:00,39.6,20.4,219.0,6.9,6.2,102.0
2024-09-14T14:00,38.9,20.4,209.0,7.7,6.7,95.0
2024-09-14T15:00,36.0,19.0,200.0,8.2,7.2,88.0
2024-09-14T16:00,32.5,17.6,193.0,8.3,7.8,80.0
2024-09-14T17:00,29.7,16.4,188.0,8.2,8.4,72.0
2024-09-14T18:00,27.5,15.1,188.0,8.4,8.9,64.0
2024-09-14T19:00,26.1,14.3,196.0,9.3,9.5,55.0
2024-09-14T20:00,26.3,14.8,208.0,10.5,10.1,45.0
2024-09-14T21:00,24.6,14.4,219.0,11.2,10.2,38.0
2024-09-14T22:00,23.7,14.2,227.0,10.9,9.4,34.0
2024-09-14T23:00,22.7,13.9,234.0,10.0,8.1,33.0
2024-09-15T00:00,22.4,13.5,211.0,7.5,7.2,41.0
2024-09-15T01:00,21.1,12.8,217.0,7.0,6.3,45.0
2024-09-15T02:00,21.0,12.5,226.0,6.1,5.0,51.0
2024-09-15T03:00,22.4,12.4,227.0,5.2,3.9,60.0
2024-09-15T04:00,25.4,13.2,214.0,4.0,3.3,73.0
2024-09-15T05:00,27.1,12.4,195.0,2.6,2.9,87.0
2024-09-15T06:00,27.4,11.5,181.0,1.6,2.8,100.0
2024-09-15T07:00,37.0,14.8,178.0,1.3,3.1,109.0
2024-09-15T08:00,42.6,17.1,180.0,1.3,3.8,116.0
2024-09-15T09:00,39.6,16.5,183.0,1.6,4.3,120.0
2024-09-15T10:00,39.8,17.2,186.0,2.2,4.6,122.0
2024-09-15T11:00,40.5,17.9,191.0,3.0,4.8,121.0
2024-09-15T12:00,45.4,20.6,203.0,3.4,4.4,125.0
2024-09-15T13:00,43.3,20.6,202.0,3.3,4.1,121.0
2024-09-15T14:00,40.4,19.4,201.0,3.3,3.7,116.0
2024-09-15T15:00,37.4,18.1,198.0,3.2,3.3,109.0
2024-09-15T16:00,34.7,16.9,193.0,3.0,2.7,101.0
2024-09-15T17:00,33.1,16.2,188.0,2.9,2.1,92.0
2024-09-15T18:00,32.1,16.4,183.0,3.2,2.3,83.0
2024-09-15T19:00,33.6,17.4,179.0,4.2,3.8,73.0
2024-09-15T20:00,35.6,18.5,176.0,5.7,6.1,63.0
2024-09-15T21:00,34.5,18.5,177.0,7.0,8.1,54.0
2024-09-15T22:00,31.1,17.2,179.0,8.0,9.7,47.0
2024-09-15T23:00,27.7,15.8,185.0,8.9,11.1,42.0
2024-09-16T00:00,31.8,19.4,311.0,10.9,6.4,35.0
2024-09-16T01:00,30.9,19.0,295.0,9.5,5.7,41.0
2024-09-16T02:00,29.1,17.9,272.0,7.5,4.6,49.0
2024-09-16T03:00,26.3,14.6,248.0,5.6,3.7,59.0
2024-09-16T04:00,27.6,13.4,222.0,4.0,3.1,72.0
2024-09-16T05:00,27.7,11.7,194.0,2.5,2.6,86.0
2024-09-16T06:00,30.2,11.3,175.0,1.5,2.3,98.0
2024-09-16T07:00,32.7,11.8,169.0,1.1,2.2,105.0
2024-09-16T08:00,34.8,12.4,172.0,1.2,2.3,110.0
2024-09-16T09:00,35.7,13.0,177.0,1.7,2.4,113.0
2024-09-16T10:00,37.3,13.3,182.0,2.7,2.6,113.0
2024-09-16T11:00,39.2,13.9,188.0,4.0,2.9,111.0
2024-09-16T12:00,28.7,11.4,191.0,3.2,2.3,107.0
2024-09-16T13:00,28.9,13.3,186.0,2.6,2.4,107.0
2024-09-16T14:00,31.5,14.7,179.0,1.8,2.5,107.0
2024-09-16T15:00,33.8,15.7,172.0,1.3,2.7,106.0
2024-09-16T16:00,33.9,15.7,166.0,1.2,2.7,103.0
2024-09-16T17:00,32.2,14.8,160.0,1.5,2.6,98.0
2024-09-16T18:00,30.4,14.1,156.0,2.1,3.2,91.0
2024-09-16T19:00,27.0,13.0,155.0,3.4,4.8,81.0
2024-09-16T20:00,27.9,13.2,157.0,5.1,7.0,68.0
2024-09-16T21:00,26.5,12.9,162.0,6.6,8.9,58.0
2024-09-16T22:00,28.7,13.9,172.0,7.8,10.4,52.0
2024-09-16T23:00,30.4,14.9,185.0,8.7,11.5,48.0
2024-09-17T00:00,37.7,18.5,255.0,7.6,4.6,51.0
2024-09-17T01:00,34.8,17.8,243.0,6.8,4.1,51.0
2024-09-17T02:00,29.6,15.9,227.0,5.6,3.5,52.0
2024-09-17T03:00,23.3,12.0,210.0,4.4,2.9,55.0
2024-09-17T04:00,22.2,11.2,193.0,3.3,2.5,64.0
2024-09-17T05:00,20.8,10.0,175.0,2.2,2.2,76.0
2024-09-17T06:00,19.7,9.4,163.0,1.4,2.0,86.0
2024-09-17T07:00,20.1,9.8,158.0,0.9,1.9,92.0
2024-09-17T08:00,22.6,10.6,159.0,0.7,1.8,97.0
2024-09-17T09:00,23.7,10.9,165.0,1.3,1.8,99.0
2024-09-17T10:00,24.3,11.1,181.0,3.5,1.7,98.0
2024-09-17T11:00,25.5,11.8,204.0,6.5,1.6,96.0
2024-09-17T12:00,25.0,10.9,166.0,3.3,2.8,92.0
2024-09-17T13:00,29.7,14.0,172.0,3.2,3.5,101.0
2024-09-17T14:00,34.3,16.7,181.0,3.1,4.5,112.0
2024-09-17T15:00,38.4,18.7,188.0,3.2,5.1,117.0
2024-09-17T16:00,38.9,18.9,191.0,3.4,4.8,111.0
2024-09-17T17:00,38.0,18.4,192.0,3.8,4.3,99.0
2024-09-17T18:00,35.4,17.1,192.0,4.4,4.6,87.0
2024-09-17T19:00,31.1,15.1,189.0,5.7,6.8,78.0
2024-09-17T20:00,29.5,14.1,184.0,7.2,9.9,69.0
2024-09-17T21:00,29.2,13.9,181.0,8.3,12.3,63.0
2024-09-17T22:00,34.5,15.7,179.0,8.6,13.5,59.0
2024-09-17T23:00,30.6,14.3,179.0,8.3,13.9,58.0
2024-09-18T00:00,28.4,14.3,203.0,7.7,11.0,54.0
2024-09-18T01:00,31.4,15.9,217.0,7.2,9.0,54.0
2024-09-18T02:00,32.5,17.1,235.0,6.4,6.1,54.0
2024-09-18T03:00,29.3,15.8,243.0,5.5,3.9,59.0
2024-09-18T04:00,27.4,14.8,231.0,4.2,2.8,71.0
2024-09-18T05:00,26.7,13.9,209.0,2.7,2.3,88.0
2024-09-18T06:00,26.1,13.0,194.0,1.6,2.1,102.0
2024-09-18T07:00,26.5,13.0,192.0,1.3,2.1,112.0
2024-09-18T08:00,28.4,14.0,195.0,1.4,2.3,120.0
2024-09-18T09:00,31.4,15.2,202.0,1.8,2.8,128.0
2024-09-18T10:00,36.2,17.3,214.0,2.8,3.6,138.0
2024-09-18T11:00,42.0,21.1,228.0,4.1,4.6,148.0
2024-09-18T12:00,34.7,17.6,219.0,3.2,2.7,129.0
2024-09-18T13:00,36.6,17.9,213.0,2.5,2.6,127.0
2024-09-18T14:00,37.4,18.0,204.0,1.6,2.5,123.0
2024-09-18T15:00,37.3,17.9,197.0,1.0,2.5,118.0
2024-09-18T16:00,36.9,17.8,195.0,1.1,2.6,112.0
2024-09-18T17:00,36.0,17.3,196.0,1.7,2.8,105.0
2024-09-18T18:00,34.7,16.8,196.0,2.3,3.1,97.0
2024-09-18T19:00,32.9,16.0,194.0,3.0,3.6,86.0
2024-09-18T20:00,31.0,15.1,190.0,3.9,4.3,74.0
2024-09-18T21:00,29.5,14.5,188.0,4.7,5.2,65.0
2024-09-18T22:00,28.5,14.2,185.0,5.4,6.4,59.0
2024-09-18T23:00,28.0,14.0,183.0,6.1,7.8,55.0
2024-09-19T00:00,24.3,12.2,171.0,6.5,8.3,50.0
2024-09-19T01:00,24.2,12.3,174.0,6.7,9.9,50.0
2024-09-19T02:00,24.0,12.4,179.0,6.8,12.1,51.0
2024-09-19T03:00,26.0,13.8,185.0,6.5,13.4,57.0
2024-09-19T04:00,30.4,16.8,193.0,5.3,13.1,74.0
2024-09-19T05:00,35.6,19.8,201.0,3.7,11.9,95.0
2024-09-19T06:00,39.0,21.5,205.0,2.4,10.8,113.0
2024-09-19T07:00,38.8,21.2,201.0,1.7,10.0,122.0
2024-09-19T08:00,40.2,21.9,194.0,1.4,9.4,127.0
2024-09-19T09:00,42.0,22.8,189.0,1.5,8.8,129.0
2024-09-19T10:00,43.2,23.1,191.0,2.2,8.4,129.0
2024-09-19T11:00,43.8,22.9,196.0,3.2,8.2,126.0
2024-09-19T12:00,46.7,24.2,213.0,5.6,6.9,117.0
2024-09-19T13:00,46.8,23.9,207.0,4.5,6.5,117.0
2024-09-19T14:00,45.6,22.5,199.0,3.1,5.8,118.0
2024-09-19T15:00,45.9,22.2,194.0,2.1,5.3,117.0
2024-09-19T16:00,48.1,23.2,194.0,1.9,4.8,115.0
2024-09-19T17:00,48.9,23.9,196.0,2.1,4.5,112.0
2024-09-19T18:00,46.2,23.1,196.0,2.6,4.5,105.0
2024-09-19T19:00,39.8,20.1,189.0,3.6,5.2,92.0
2024-09-19T20:00,33.6,16.9,179.0,4.9,6.3,75.0
2024-09-19T21:00,29.4,14.9,173.0,6.0,7.3,62.0
2024-09-19T22:00,26.7,13.5,170.0,6.6,8.0,54.0
2024-09-19T23:00,24.8,12.7,170.0,7.0,8.6,50.0
2024-09-20T00:00,36.2,19.4,202.0,7.1,9.0,56.0
2024-09-20T01:00,36.1,20.0,211.0,7.0,8.3,57.0
2024-09-20T02:00,36.4,20.4,224.0,6.8,7.2,59.0
2024-09-20T03:00,36.3,20.4,229.0,6.3,6.2,65.0
2024-09-20T04:00,34.1,19.3,220.0,5.0,5.3,78.0
2024-09-20T05:00,31.4,17.6,203.0,3.3,4.3,96.0
2024-09-20T06:00,30.0,16.3,191.0,2.1,3.7,111.0
2024-09-20T07:00,30.3,16.3,188.0,1.6,3.5,121.0
2024-09-20T08:00,31.5,17.1,190.0,1.6,3.5,128.0
2024-09-20T09:00,34.0,18.6,192.0,2.0,3.7,133.0
2024-09-20T10:00,35.4,19.2,194.0,3.0,3.9,134.0
2024-09-20T11:00,38.8,20.9,197.0,4.3,4.3,132.0
2024-09-20T12:00,45.5,23.4,204.0,4.6,2.9,123.0
2024-09-20T13:00,48.1,25.1,206.0,4.6,3.1,121.0
2024-09-20T14:00,52.0,27.0,207.0,4.6,3.4,118.0
2024-09-20T15:00,52.7,26.7,206.0,4.6,4.1,114.0
2024-09-20T16:00,51.3,25.5,198.0,4.3,4.9,109.0
2024-09-20T17:00,46.1,22.9,188.0,3.9,5.9,103.0
2024-09-20T18:00,44.5,22.4,179.0,4.1,8.1,96.0
2024-09-20T19:00,46.3,23.5,175.0,5.6,12.7,86.0
2024-09-20T20:00,46.1,23.3,173.0,7.6,18.4,75.0
2024-09-20T21:00,46.1,23.4,172.0,8.9,22.2,67.0
2024-09-20T22:00,46.4,23.3,169.0,8.7,22.4,62.0
2024-09-20T23:00,43.2,21.9,167.0,7.8,20.6,60.0
2024-09-21T00:00,28.3,17.5,189.0,3.1,6.4,83.0
2024-09-21T01:00,26.8,16.5,197.0,3.8,5.4,79.0
2024-09-21T02:00,25.9,16.1,208.0,4.8,4.0,73.0
2024-09-21T03:00,24.6,15.4,217.0,5.4,3.2,71.0
2024-09-21T04:00,24.4,15.3,224.0,5.1,3.2,76.0
2024-09-21T05:00,25.7,16.1,230.0,4.3,3.8,84.0
2024-09-21T06:00,27.7,17.5,232.0,3.7,4.6,93.0
2024-09-21T07:00,29.2,18.3,227.0,3.1,5.6,102.0
2024-09-21T08:00,29.8,18.6,218.0,2.7,6.9,112.0
2024-09-21T09:00,29.0,17.7,217.0,3.2,8.1,119.0
2024-09-21T10:00,29.9,17.9,230.0,5.4,9.4,121.0
2024-09-21T11:00,33.9,20.0,250.0,8.6,10.7,119.0
2024-09-21T12:00,35.3,21.9,238.0,5.6,4.8,140.0
2024-09-21T13:00,38.0,23.3,233.0,4.4,4.3,142.0
2024-09-21T14:00,38.0,22.6,227.0,2.9,3.7,145.0
2024-09-21T15:00,35.5,20.7,221.0,2.1,3.9,144.0
2024-09-21T16:00,31.1,18.2,217.0,2.6,5.2,136.0
2024-09-21T17:00,29.6,17.6,215.0,3.8,7.2,123.0
2024-09-21T18:00,29.5,17.8,213.0,5.3,10.3,110.0
2024-09-21T19:00,30.2,18.2,211.0,7.2,15.4,96.0
2024-09-21T20:00,31.2,18.9,210.0,9.3,21.6,82.0
2024-09-21T21:00,31.5,19.4,211.0,10.7,,70.0
2024-09-21T22:00,31.7,19.9,213.0,10.8,,63.0
2024-09-21T23:00,32.0,20.4,218.0,10.2,24.0,58.0
2024-09-22T00:00,22.4,14.5,193.0,7.8,13.6,60.0
2024-09-22T01:00,23.8,15.3,206.0,7.8,12.1,59.0
2024-09-22T02:00,25.1,16.0,224.0,7.7,9.9,59.0
2024-09-22T03:00,26.2,16.6,234.0,7.2,8.0,62.0
2024-09-22T04:00,26.0,16.4,229.0,6.0,6.6,71.0
2024-09-22T05:00,24.5,15.4,216.0,4.5,5.4,83.0
2024-09-22T06:00,24.0,15.1,205.0,3.3,4.8,93.0
2024-09-22T07:00,24.2,15.1,197.0,2.6,4.9,100.0
2024-09-22T08:00,23.7,14.8,190.0,2.2,5.4,107.0
2024-09-22T09:00,25.3,15.5,193.0,3.0,6.5,111.0
2024-09-22T10:00,29.6,17.6,214.0,6.0,8.5,114.0
2024-09-22T11:00,34.6,20.1,245.0,10.1,10.9,115.0
2024-09-22T12:00,49.9,29.0,227.0,11.6,15.7,104.0
2024-09-22T13:00,51.3,29.8,242.0,12.6,15.6,98.0
2024-09-22T14:00,51.3,29.6,263.0,13.9,15.3,91.0
2024-09-22T15:00,51.1,29.2,274.0,14.3,14.4,84.0
2024-09-22T16:00,50.3,28.4,267.0,12.9,12.2,80.0
2024-09-22T17:00,47.7,26.3,252.0,10.5,9.4,77.0
2024-09-22T18:00,43.9,23.6,240.0,8.7,7.3,73.0
2024-09-22T19:00,45.6,24.8,239.0,8.2,6.7,68.0
2024-09-22T20:00,42.5,23.9,241.0,8.2,6.9,63.0
2024-09-22T21:00,41.6,24.4,244.0,8.2,7.1,59.0
2024-09-22T22:00,40.4,24.6,244.0,7.9,7.0,56.0
2024-09-22T23:00,40.4,25.1,244.0,7.5,7.0,55.0
2024-09-23T00:00,32.9,20.0,240.0,9.1,11.2,47.0
2024-09-23T01:00,36.3,22.6,250.0,8.5,10.2,51.0
2024-09-23T02:00,38.8,24.4,263.0,7.5,8.8,56.0
2024-09-23T03:00,37.7,24.2,266.0,6.4,7.6,65.0
2024-09-23T04:00,32.2,21.0,249.0,5.0,6.5,79.0
2024-09-23T05:00,27.8,18.3,223.0,3.4,5.5,96.0
2024-09-23T06:00,25.7,16.9,201.0,2.3,5.6,110.0
2024-09-23T07:00,26.0,16.9,190.0,1.9,7.5,120.0
2024-09-23T08:00,25.7,15.7,183.0,2.0,10.5,127.0
2024-09-23T09:00,31.1,18.0,181.0,2.7,13.2,132.0
2024-09-23T10:00,35.9,20.5,183.0,4.4,15.5,134.0
2024-09-23T11:00,38.9,21.9,189.0,6.6,17.4,134.0
2024-09-23T12:00,51.7,29.0,213.0,7.8,12.4,132.0
2024-09-23T13:00,54.2,29.6,205.0,6.5,9.9,122.0
2024-09-23T14:00,44.4,24.2,195.0,4.8,6.5,107.0
2024-09-23T15:00,33.4,18.7,191.0,4.1,4.5,94.0
2024-09-23T16:00,28.6,17.0,200.0,5.4,5.3,84.0
2024-09-23T17:00,30.9,19.4,216.0,7.7,7.6,76.0
2024-09-23T18:00,33.3,21.4,229.0,9.2,9.0,69.0
2024-09-23T19:00,34.8,22.6,237.0,9.2,8.7,64.0
2024-09-23T20:00,35.0,23.1,243.0,8.4,7.7,61.0
2024-09-23T21:00,33.2,22.1,246.0,7.7,6.5,57.0
2024-09-23T22:00,28.8,19.4,244.0,7.2,5.3,52.0
2024-09-23T23:00,22.9,15.7,239.0,6.7,3.9,46.0
2024-09-24T00:00,30.4,20.4,243.0,8.6,9.9,45.0
2024-09-24T01:00,26.1,17.6,241.0,7.9,9.2,48.0
2024-09-24T02:00,21.5,14.6,239.0,6.8,8.2,52.0
2024-09-24T03:00,18.3,12.5,235.0,5.8,8.0,61.0
2024-09-24T04:00,18.6,12.7,229.0,5.0,9.1,77.0
2024-09-24T05:00,21.8,15.0,221.0,4.2,11.0,97.0
2024-09-24T06:00,23.0,15.6,212.0,3.6,12.6,113.0
2024-09-24T07:00,24.3,15.9,199.0,3.2,13.9,121.0
2024-09-24T08:00,27.5,17.2,185.0,3.0,15.0,125.0
2024-09-24T09:00,27.5,16.6,175.0,3.2,15.1,124.0
2024-09-24T10:00,30.3,18.4,173.0,4.3,13.5,117.0
2024-09-24T11:00,27.9,16.8,176.0,5.8,11.0,106.0
2024-09-24T12:00,21.3,13.4,178.0,8.5,15.8,85.0
2024-09-24T13:00,20.4,12.3,181.0,7.9,12.7,82.0
2024-09-24T14:00,22.0,13.0,186.0,7.0,8.6,79.0
2024-09-24T15:00,22.6,13.4,190.0,6.6,5.9,75.0
2024-09-24T16:00,21.8,13.2,195.0,7.1,6.1,71.0
2024-09-24T17:00,21.4,13.4,199.0,8.1,7.8,67.0
2024-09-24T18:00,21.7,13.8,201.0,8.8,9.6,63.0
2024-09-24T19:00,21.5,13.6,198.0,8.9,11.0,61.0
2024-09-24T20:00,21.8,13.6,192.0,8.9,12.4,59.0
2024-09-24T21:00,22.4,13.9,189.0,8.9,13.7,57.0
2024-09-24T22:00,22.9,14.2,189.0,9.3,14.8,53.0
2024-09-24T23:00,23.1,14.4,191.0,9.8,15.7,48.0
2024-09-25T00:00,23.9,15.4,213.0,10.4,16.9,46.0
2024-09-25T01:00,24.7,16.1,221.0,10.1,16.9,49.0
2024-09-25T02:00,25.0,16.4,232.0,9.5,16.8,53.0
2024-09-25T03:00,25.8,16.9,238.0,8.7,16.9,63.0
2024-09-25T04:00,28.5,18.8,236.0,7.4,17.4,82.0
2024-09-25T05:00,31.3,20.3,230.0,5.7,18.0,106.0
2024-09-25T06:00,33.1,20.3,221.0,4.3,18.1,126.0
2024-09-25T07:00,34.3,20.0,208.0,3.2,17.7,139.0
2024-09-25T08:00,38.2,21.5,193.0,2.4,16.9,147.0
2024-09-25T09:00,40.6,22.2,182.0,2.1,15.1,147.0
2024-09-25T10:00,39.7,20.9,178.0,2.7,11.6,134.0
2024-09-25T11:00,37.0,19.2,178.0,3.8,7.1,112.0
2024-09-25T12:00,42.7,21.9,183.0,4.3,6.3,116.0
2024-09-25T13:00,35.6,18.6,181.0,4.4,5.0,105.0
2024-09-25T14:00,30.6,16.5,178.0,4.5,3.4,89.0
2024-09-25T15:00,29.3,16.3,182.0,5.0,2.4,76.0
2024-09-25T16:00,29.5,16.9,197.0,6.1,2.9,70.0
2024-09-25T17:00,28.1,16.5,218.0,7.5,4.1,66.0
2024-09-25T18:00,30.7,18.9,235.0,8.3,5.1,64.0
2024-09-25T19:00,29.2,18.3,243.0,8.1,5.3,62.0
2024-09-25T20:00,28.6,18.2,246.0,7.4,5.2,61.0
2024-09-25T21:00,28.5,18.3,249.0,6.8,5.2,60.0
2024-09-25T22:00,28.6,18.5,253.0,6.7,5.3,58.0
2024-09-25T23:00,28.4,18.5,256.0,6.8,5.4,56.0
2024-09-26T00:00,21.2,13.9,215.0,5.2,4.2,60.0
2024-09-26T01:00,22.1,14.5,217.0,5.7,5.1,60.0
2024-09-26T02:00,22.5,14.8,221.0,6.2,6.3,60.0
2024-09-26T03:00,22.9,15.0,222.0,6.4,7.7,65.0
2024-09-26T04:00,24.7,16.4,220.0,5.8,9.3,78.0
2024-09-26T05:00,28.0,18.6,216.0,4.7,11.0,96.0
2024-09-26T06:00,31.7,21.0,211.0,3.7,12.2,111.0
2024-09-26T07:00,34.5,22.2,206.0,3.0,12.9,123.0
2024-09-26T08:00,37.7,23.6,202.0,2.4,13.1,133.0
2024-09-26T09:00,37.6,22.3,196.0,2.0,12.7,138.0
2024-09-26T10:00,38.8,22.0,189.0,2.1,11.2,134.0
2024-09-26T11:00,39.1,21.2,182.0,2.3,9.1,125.0
2024-09-26T12:00,42.4,22.6,186.0,3.6,9.1,119.0
2024-09-26T13:00,39.3,20.3,179.0,2.8,7.4,114.0
2024-09-26T14:00,34.8,17.9,169.0,1.7,5.1,106.0
2024-09-26T15:00,30.3,15.6,161.0,1.0,3.3,99.0
2024-09-26T16:00,27.6,14.4,158.0,1.1,2.5,94.0
2024-09-26T17:00,26.4,13.9,158.0,1.6,2.3,89.0
2024-09-26T18:00,24.9,13.2,157.0,2.1,2.3,85.0
2024-09-26T19:00,22.9,12.4,156.0,2.4,2.5,80.0
2024-09-26T20:00,21.2,11.8,154.0,2.8,2.8,76.0
2024-09-26T21:00,19.3,10.8,153.0,3.0,3.0,72.0
2024-09-26T22:00,16.6,9.3,152.0,3.1,2.8,68.0
2024-09-26T23:00,15.1,8.4,150.0,3.1,2.5,65.0
2024-09-27T00:00,18.1,10.1,147.0,3.5,2.7,60.0
2024-09-27T01:00,18.3,10.1,148.0,3.7,3.1,60.0
2024-09-27T02:00,18.6,10.3,149.0,3.9,3.7,61.0
2024-09-27T03:00,19.0,10.6,150.0,3.9,4.5,65.0
2024-09-27T04:00,20.5,11.7,151.0,3.5,5.8,73.0
2024-09-27T05:00,23.4,13.6,151.0,2.9,7.3,84.0
2024-09-27T06:00,25.2,14.4,151.0,2.4,8.1,93.0
2024-09-27T07:00,26.3,14.6,149.0,2.0,7.6,97.0
2024-09-27T08:00,26.7,14.6,147.0,1.6,6.4,99.0
2024-09-27T09:00,26.7,14.3,145.0,1.4,5.2,99.0
2024-09-27T10:00,26.1,13.8,144.0,1.7,4.1,95.0
2024-09-27T11:00,25.1,13.2,143.0,2.2,3.1,89.0
2024-09-27T12:00,29.3,15.5,148.0,3.1,5.3,102.0
2024-09-27T13:00,27.5,14.4,143.0,2.6,4.3,96.0
2024-09-27T14:00,24.8,12.8,137.0,1.9,2.8,87.0
2024-09-27T15:00,22.4,11.5,131.0,1.4,1.7,80.0
2024-09-27T16:00,20.8,10.6,126.0,1.0,1.1,76.0
2024-09-27T17:00,19.7,10.1,122.0,0.8,0.7,75.0
2024-09-27T18:00,18.7,9.7,121.0,0.8,1.0,73.0
2024-09-27T19:00,18.3,9.5,123.0,1.2,1.9,72.0
2024-09-27T20:00,18.7,9.9,128.0,2.0,3.4,71.0
2024-09-27T21:00,19.6,10.5,134.0,2.9,5.6,69.0
2024-09-27T22:00,19.6,11.0,142.0,4.2,8.9,66.0
2024-09-27T23:00,20.4,11.7,152.0,5.8,12.8,62.0
2024-09-28T00:00,22.0,13.0,156.0,6.9,14.1,62.0
2024-09-28T01:00,21.9,13.2,165.0,7.4,15.5,63.0
2024-09-28T02:00,22.4,13.6,177.0,8.0,17.3,65.0
2024-09-28T03:00,23.2,14.0,182.0,7.8,17.8,69.0
2024-09-28T04:00,23.1,13.6,176.0,6.2,15.9,79.0
2024-09-28T05:00,22.4,12.9,163.0,3.9,12.6,92.0
2024-09-28T06:00,22.2,12.5,152.0,2.1,9.6,101.0
2024-09-28T07:00,21.1,11.7,145.0,1.3,7.3,103.0
2024-09-28T08:00,19.7,10.9,140.0,1.1,5.1,100.0
2024-09-28T09:00,18.3,10.0,136.0,1.1,3.4,95.0
2024-09-28T10:00,16.6,9.1,133.0,1.4,2.1,87.0
2024-09-28T11:00,14.8,8.0,130.0,1.8,1.1,77.0
2024-09-28T12:00,13.0,6.9,118.0,2.0,0.6,63.0
2024-09-28T13:00,14.2,7.7,115.0,1.8,0.6,61.0
2024-09-28T14:00,15.6,8.4,112.0,1.5,0.6,59.0
2024-09-28T15:00,16.7,9.0,108.0,1.2,0.6,56.0
2024-09-28T16:00,17.3,9.3,105.0,1.1,0.6,53.0
2024-09-28T17:00,17.1,9.1,101.0,1.0,0.5,50.0
2024-09-28T18:00,16.6,8.8,99.0,1.0,0.5,47.0
2024-09-28T19:00,16.1,8.6,98.0,1.0,0.5,45.0
2024-09-28T20:00,15.9,8.5,98.0,1.1,0.5,44.0
2024-09-28T21:00,15.5,8.4,101.0,1.3,0.8,42.0
2024-09-28T22:00,14.9,8.1,108.0,1.9,1.5,40.0
2024-09-28T23:00,14.3,8.0,116.0,2.8,2.4,38.0
2024-09-29T00:00,17.6,9.4,105.0,1.4,0.8,35.0
2024-09-29T01:00,17.1,9.2,107.0,1.4,0.7,35.0
2024-09-29T02:00,16.5,8.9,110.0,1.4,0.6,36.0
2024-09-29T03:00,15.3,8.3,111.0,1.3,0.5,37.0
2024-09-29T04:00,14.1,7.6,110.0,1.1,0.4,39.0
2024-09-29T05:00,13.0,7.1,108.0,0.7,0.4,43.0
2024-09-29T06:00,11.7,6.4,106.0,0.5,0.4,44.0
2024-09-29T07:00,10.7,5.9,104.0,0.4,0.4,43.0
2024-09-29T08:00,10.1,5.5,101.0,0.4,0.4,40.0
2024-09-29T09:00,9.8,5.4,99.0,0.5,0.4,37.0
2024-09-29T10:00,9.7,5.3,98.0,0.7,0.4,35.0
2024-09-29T11:00,9.7,5.3,99.0,1.0,0.4,34.0
2024-09-29T12:00,11.6,6.2,101.0,1.1,0.4,34.0
2024-09-29T13:00,13.2,7.1,102.0,1.1,0.4,35.0
2024-09-29T14:00,14.6,7.9,104.0,1.0,0.5,35.0
2024-09-29T15:00,15.7,8.5,105.0,1.0,0.5,36.0
2024-09-29T16:00,16.7,9.0,105.0,1.0,0.5,36.0
2024-09-29T17:00,17.7,9.5,104.0,0.9,0.4,36.0
2024-09-29T18:00,18.6,9.9,103.0,0.9,0.4,36.0
2024-09-29T19:00,19.4,10.2,103.0,0.8,0.4,36.0
2024-09-29T20:00,19.3,10.2,104.0,0.8,0.4,36.0
2024-09-29T21:00,18.9,10.1,105.0,0.8,0.4,36.0
2024-09-29T22:00,18.4,9.8,108.0,1.1,0.6,36.0
2024-09-29T23:00,18.1,9.7,112.0,1.4,0.8,35.0
2024-09-30T00:00,17.6,9.5,101.0,1.0,0.5,37.0
2024-09-30T01:00,17.9,9.7,106.0,1.5,1.0,37.0
2024-09-30T02:00,18.0,9.8,112.0,2.1,1.8,38.0
2024-09-30T03:00,17.2,9.4,117.0,2.4,2.2,40.0
2024-09-30T04:00,16.3,9.1,118.0,2.1,2.0,45.0
2024-09-30T05:00,16.1,9.0,116.0,1.5,1.5,51.0
2024-09-30T06:00,15.5,8.6,114.0,1.0,1.0,54.0
2024-09-30T07:00,13.1,7.1,110.0,0.8,0.7,53.0
2024-09-30T08:00,11.4,6.2,105.0,0.6,0.5,50.0
2024-09-30T09:00,9.9,5.4,101.0,0.6,0.3,46.0
2024-09-30T10:00,8.8,4.9,100.0,0.8,0.2,43.0
2024-09-30T11:00,8.3,4.6,100.0,1.0,0.3,39.0
2024-09-30T12:00,14.4,7.7,88.0,1.0,0.3,37.0
2024-09-30T13:00,14.8,7.9,89.0,1.0,0.3,38.0
2024-09-30T14:00,14.9,8.0,90.0,0.9,0.4,38.0
2024-09-30T15:00,15.0,8.1,91.0,0.9,0.4,39.0
2024-09-30T16:00,14.5,7.9,93.0,1.1,0.4,39.0
2024-09-30T17:00,13.9,7.7,95.0,1.3,0.4,38.0
2024-09-30T18:00,13.2,7.3,96.0,1.4,0.4,38.0
2024-09-30T19:00,12.7,7.1,94.0,1.2,0.4,38.0
2024-09-30T20:00,12.4,6.9,90.0,0.9,0.4,39.0
2024-09-30T21:00,12.3,6.8,87.0,0.7,0.4,39.0
2024-09-30T22:00,12.1,6.6,86.0,0.6,0.4,39.0
2024-09-30T23:00,12.3,6.7,86.0,0.7,0.3,38.0
2024-10-01T00:00,11.8,6.5,85.0,0.6,0.3,38.0
2024-10-01T01:00,12.4,6.8,89.0,0.8,0.3,38.0
2024-10-01T02:00,12.9,7.0,94.0,1.0,0.4,39.0
2024-10-01T03:00,12.6,6.9,98.0,1.1,0.5,41.0
2024-10-01T04:00,12.5,6.8,101.0,1.1,0.8,44.0
2024-10-01T05:00,12.9,7.1,104.0,1.0,1.3,49.0
2024-10-01T06:00,13.4,7.4,106.0,0.9,1.5,52.0
2024-10-01T07:00,13.6,7.5,108.0,0.8,1.3,54.0
2024-10-01T08:00,14.1,7.6,110.0,0.7,0.9,56.0
2024-10-01T09:00,14.4,7.6,111.0,0.7,0.6,55.0
2024-10-01T10:00,14.4,7.6,112.0,0.8,0.4,51.0
2024-10-01T11:00,14.2,7.5,113.0,1.0,0.4,46.0
2024-10-01T12:00,15.6,8.0,123.0,1.8,0.4,47.0
2024-10-01T13:00,15.1,7.8,121.0,1.4,0.3,44.0
2024-10-01T14:00,14.9,7.8,119.0,0.9,0.3,40.0
2024-10-01T15:00,14.3,7.5,118.0,0.6,0.3,38.0
2024-10-01T16:00,14.2,7.5,119.0,0.8,0.4,39.0
2024-10-01T17:00,13.9,7.3,121.0,1.3,0.6,43.0
2024-10-01T18:00,14.1,7.3,125.0,1.9,1.1,46.0
2024-10-01T19:00,14.2,7.5,132.0,2.7,2.0,49.0
2024-10-01T20:00,13.8,7.4,141.0,3.6,3.3,51.0
2024-10-01T21:00,13.4,7.3,149.0,4.6,4.7,52.0
2024-10-01T22:00,12.9,7.1,153.0,5.6,6.3,51.0
2024-10-01T23:00,12.6,7.1,156.0,6.7,8.1,50.0
2024-10-02T00:00,13.4,7.4,160.0,6.2,7.6,52.0
2024-10-02T01:00,12.3,6.8,157.0,6.2,8.7,50.0
2024-10-02T02:00,11.5,6.5,152.0,6.2,10.1,48.0
2024-10-02T03:00,10.5,6.1,148.0,6.0,11.4,48.0
2024-10-02T04:00,10.5,6.4,145.0,5.4,12.4,51.0
2024-10-02T05:00,11.9,7.5,144.0,4.5,13.1,56.0
2024-10-02T06:00,13.4,8.4,142.0,3.7,13.2,62.0
2024-10-02T07:00,13.8,8.3,140.0,2.8,12.0,72.0
2024-10-02T08:00,15.9,9.2,139.0,2.0,10.1,85.0
2024-10-02T09:00,18.6,10.3,138.0,1.8,8.6,91.0
2024-10-02T10:00,21.2,11.5,139.0,2.6,7.8,88.0
2024-10-02T11:00,23.1,12.6,141.0,4.0,7.2,78.0
2024-10-02T12:00,23.2,13.0,138.0,5.0,6.4,75.0
2024-10-02T13:00,22.0,12.6,141.0,6.0,6.3,66.0
2024-10-02T14:00,19.7,11.3,144.0,7.3,6.1,52.0
2024-10-02T15:00,16.2,9.3,145.0,8.3,6.3,42.0
2024-10-02T16:00,11.5,6.6,141.0,8.6,6.9,37.0
2024-10-02T17:00,9.3,5.5,134.0,8.6,7.8,35.0
2024-10-02T18:00,8.4,4.9,130.0,8.6,8.8,34.0
2024-10-02T19:00,8.3,4.9,131.0,8.9,9.9,33.0
2024-10-02T20:00,7.9,4.8,134.0,9.3,11.0,32.0
2024-10-02T21:00,8.2,5.0,137.0,9.7,11.9,31.0
2024-10-02T22:00,8.3,5.0,137.0,10.1,12.5,29.0
2024-10-02T23:00,8.2,4.9,136.0,10.5,12.8,27.0
2024-10-03T00:00,9.3,5.7,152.0,9.7,11.5,29.0
2024-10-03T01:00,9.3,5.7,156.0,9.4,12.4,29.0
2024-10-03T02:00,9.7,6.1,163.0,9.0,13.6,29.0
2024-10-03T03:00,11.7,7.5,172.0,8.2,14.5,38.0
2024-10-03T04:00,16.7,11.1,185.0,6.9,15.0,62.0
2024-10-03T05:00,24.4,16.5,200.0,5.2,15.3,95.0
2024-10-03T06:00,28.1,18.8,212.0,3.9,15.3,123.0
2024-10-03T07:00,27.8,18.5,219.0,3.0,15.0,144.0
2024-10-03T08:00,28.3,18.8,222.0,2.4,14.4,160.0
2024-10-03T09:00,30.3,19.8,221.0,2.2,13.4,168.0
2024-10-03T10:00,33.6,21.1,212.0,2.4,11.9,164.0
2024-10-03T11:00,35.5,21.1,197.0,2.9,10.1,150.0
2024-10-03T12:00,38.4,23.1,224.0,6.1,10.3,149.0
2024-10-03T13:00,41.8,24.6,222.0,6.9,9.1,128.0
2024-10-03T14:00,38.8,22.5,220.0,8.0,7.5,98.0
2024-10-03T15:00,35.2,20.7,222.0,9.0,7.3,76.0
2024-10-03T16:00,34.0,20.5,232.0,9.9,10.0,70.0
2024-10-03T17:00,34.2,21.3,247.0,10.8,14.0,71.0
2024-10-03T18:00,34.0,22.2,258.0,11.1,16.5,72.0
2024-10-03T19:00,32.1,21.7,263.0,10.6,15.9,71.0
2024-10-03T20:00,30.7,21.0,264.0,9.5,13.8,69.0
2024-10-03T21:00,28.6,19.6,263.0,8.5,12.0,69.0
2024-10-03T22:00,27.2,18.7,256.0,7.6,11.0,70.0
2024-10-03T23:00,26.7,18.3,246.0,6.8,10.2,72.0
2024-10-04T00:00,26.5,18.1,240.0,6.8,11.4,70.0
2024-10-04T01:00,27.2,18.7,247.0,7.1,11.5,73.0
2024-10-04T02:00,27.7,19.1,256.0,7.5,11.6,79.0
2024-10-04T03:00,29.2,20.1,262.0,7.3,11.7,88.0
2024-10-04T04:00,31.8,21.9,262.0,6.2,11.9,105.0
2024-10-04T05:00,33.3,23.0,258.0,4.5,12.1,126.0
2024-10-04T06:00,33.6,22.9,253.0,3.2,12.4,144.0
2024-10-04T07:00,33.9,22.9,249.0,2.6,13.4,159.0
2024-10-04T08:00,35.3,23.5,245.0,2.3,14.5,171.0
2024-10-04T09:00,35.2,22.9,238.0,2.3,14.4,175.0
2024-10-04T10:00,37.3,23.3,227.0,2.5,12.0,168.0
2024-10-04T11:00,39.3,23.1,214.0,2.8,8.5,153.0
2024-10-04T12:00,38.8,21.8,206.0,3.3,7.3,140.0
2024-10-04T13:00,36.1,20.1,206.0,4.3,8.0,130.0
2024-10-04T14:00,33.6,19.4,207.0,5.7,9.2,116.0
2024-10-04T15:00,30.0,18.3,209.0,7.0,11.2,105.0
2024-10-04T16:00,27.6,17.4,214.0,8.2,15.3,98.0
2024-10-04T17:00,26.1,17.0,222.0,9.2,20.2,94.0
2024-10-04T18:00,24.9,16.8,227.0,9.6,23.0,91.0
2024-10-04T19:00,24.4,16.8,230.0,8.9,21.9,89.0
2024-10-04T20:00,25.2,17.5,231.0,7.6,18.6,88.0
2024-10-04T21:00,23.9,16.7,230.0,6.4,15.1,87.0
2024-10-04T22:00,19.3,13.5,223.0,5.3,11.7,87.0
2024-10-04T23:00,16.8,11.7,212.0,4.3,8.1,89.0
2024-10-05T00:00,31.9,22.1,258.0,8.3,22.5,71.0
2024-10-05T01:00,32.8,22.9,274.0,8.3,19.3,71.0
2024-10-05T02:00,33.1,23.2,297.0,8.3,14.8,72.0
2024-10-05T03:00,32.7,22.9,312.0,7.8,10.9,79.0
2024-10-05T04:00,32.0,22.5,312.0,6.2,8.3,97.0
2024-10-05T05:00,32.0,22.4,305.0,4.1,6.4,120.0
2024-10-05T06:00,32.1,22.5,299.0,2.5,5.1,140.0
2024-10-05T07:00,31.8,22.2,295.0,1.9,4.4,152.0
2024-10-05T08:00,31.7,22.1,292.0,2.0,4.2,160.0
2024-10-05T09:00,31.7,21.9,291.0,2.3,4.5,166.0
2024-10-05T10:00,32.2,22.2,294.0,3.1,5.2,170.0
2024-10-05T11:00,33.6,22.9,299.0,4.2,6.4,171.0
2024-10-05T12:00,36.7,24.6,286.0,4.9,7.7,153.0
2024-10-05T13:00,37.3,24.6,286.0,4.7,7.1,149.0
2024-10-05T14:00,37.4,24.7,285.0,4.4,6.4,143.0
2024-10-05T15:00,37.7,25.0,282.0,4.5,6.8,135.0
2024-10-05T16:00,35.2,23.4,273.0,5.4,9.4,125.0
2024-10-05T17:00,33.9,22.5,261.0,6.8,13.3,113.0
2024-10-05T18:00,32.9,22.1,251.0,7.9,16.4,102.0
2024-10-05T19:00,31.5,21.4,247.0,8.5,18.3,91.0
2024-10-05T20:00,30.3,20.8,246.0,8.9,19.5,80.0
2024-10-05T21:00,28.3,19.3,243.0,9.0,20.0,73.0
2024-10-05T22:00,24.7,16.9,234.0,8.6,19.6,70.0
2024-10-05T23:00,21.4,14.7,222.0,7.9,18.5,70.0
2024-10-06T00:00,18.2,12.4,222.0,7.5,18.3,76.0
2024-10-06T01:00,19.2,13.1,226.0,7.9,17.3,77.0
2024-10-06T02:00,19.8,13.5,232.0,8.3,16.0,79.0
2024-10-06T03:00,19.9,13.5,237.0,8.2,14.9,85.0
2024-10-06T04:00,21.3,14.5,240.0,7.0,14.4,99.0
2024-10-06T05:00,24.3,16.5,243.0,5.3,14.2,116.0
2024-10-06T06:00,25.6,17.2,244.0,3.8,13.8,132.0
2024-10-06T07:00,26.4,17.6,244.0,2.9,13.0,145.0
2024-10-06T08:00,27.1,17.9,242.0,2.3,12.1,156.0
2024-10-06T09:00,28.2,18.6,238.0,2.0,11.2,161.0
2024-10-06T10:00,27.2,17.8,229.0,2.1,10.4,158.0
2024-10-06T11:00,26.1,16.5,218.0,2.4,9.7,150.0
2024-10-06T12:00,39.6,25.3,256.0,6.9,16.4,138.0
2024-10-06T13:00,38.9,24.7,255.0,7.0,18.0,133.0
2024-10-06T14:00,39.1,24.6,253.0,7.0,20.3,126.0
2024-10-06T15:00,40.0,25.0,252.0,7.1,22.1,119.0
2024-10-06T16:00,41.6,25.8,253.0,7.3,23.4,112.0
2024-10-06T17:00,43.1,26.5,254.0,7.5,24.4,105.0
2024-10-06T18:00,46.2,27.9,253.0,7.3,24.2,100.0
2024-10-06T19:00,48.3,28.4,246.0,6.3,22.2,98.0
2024-10-06T20:00,48.7,28.0,236.0,4.9,19.1,99.0
2024-10-06T21:00,49.2,27.8,231.0,4.0,16.5,98.0
2024-10-06T22:00,50.3,28.6,234.0,3.9,14.8,95.0
2024-10-06T23:00,51.7,29.7,241.0,4.2,13.6,90.0
2024-10-07T00:00,54.5,31.7,257.0,5.2,14.3,84.0
2024-10-07T01:00,55.6,32.1,255.0,5.8,16.0,87.0
2024-10-07T02:00,55.6,31.5,252.0,6.6,18.3,91.0
2024-10-07T03:00,53.3,29.5,245.0,6.7,18.8,94.0
2024-10-07T04:00,49.5,27.1,230.0,5.6,16.2,97.0
2024-10-07T05:00,44.5,24.5,210.0,3.9,11.9,99.0
2024-10-07T06:00,39.5,22.0,193.0,2.5,8.1,100.0
2024-10-07T07:00,33.5,18.9,183.0,1.7,5.5,99.0
2024-10-07T08:00,29.0,16.3,176.0,1.3,3.4,95.0
2024-10-07T09:00,25.7,14.4,170.0,1.1,1.9,92.0
2024-10-07T10:00,22.8,12.8,165.0,1.3,1.2,88.0
2024-10-07T11:00,20.0,11.2,162.0,1.7,1.1,83.0
2024-10-07T12:00,21.4,12.0,168.0,2.0,1.2,86.0
2024-10-07T13:00,19.7,11.2,167.0,1.9,1.2,85.0
2024-10-07T14:00,18.3,10.5,164.0,1.7,1.2,83.0
2024-10-07T15:00,16.5,9.5,161.0,1.6,1.2,80.0
2024-10-07T16:00,14.5,8.3,156.0,1.6,1.1,76.0
2024-10-07T17:00,12.8,7.3,151.0,1.7,1.0,70.0
2024-10-07T18:00,11.3,6.4,145.0,1.8,1.0,65.0
2024-10-07T19:00,10.3,5.8,138.0,1.9,1.0,60.0
2024-10-07T20:00,9.3,5.3,131.0,2.1,1.1,54.0
2024-10-07T21:00,8.5,4.8,127.0,2.4,1.4,50.0
2024-10-07T22:00,7.6,4.4,127.0,3.0,2.1,47.0
2024-10-07T23:00,7.3,4.2,130.0,3.8,2.9,44.0
2024-10-08T00:00,9.1,5.4,147.0,6.7,6.6,41.0
2024-10-08T01:00,9.2,5.6,149.0,7.1,8.3,41.0
2024-10-08T02:00,9.8,6.0,153.0,7.5,10.6,41.0
2024-10-08T03:00,9.7,6.0,154.0,7.4,11.8,43.0
2024-10-08T04:00,10.2,6.3,152.0,6.3,11.0,50.0
2024-10-08T05:00,10.8,6.7,147.0,4.6,9.2,59.0
2024-10-08T06:00,10.0,6.0,143.0,3.2,7.1,66.0
2024-10-08T07:00,9.5,5.5,140.0,2.2,4.9,70.0
2024-10-08T08:00,9.1,5.1,137.0,1.3,2.5,72.0
2024-10-08T09:00,8.4,4.7,134.0,0.8,0.8,72.0
2024-10-08T10:00,7.7,4.3,132.0,0.7,0.2,68.0
2024-10-08T11:00,7.4,4.1,129.0,1.0,0.2,61.0
2024-10-08T12:00,7.8,4.3,127.0,1.6,0.3,51.0
2024-10-08T13:00,7.9,4.4,128.0,1.6,0.3,50.0
2024-10-08T14:00,8.2,4.5,128.0,1.5,0.4,48.0
2024-10-08T15:00,8.4,4.6,130.0,1.6,0.5,47.0
2024-10-08T16:00,8.7,4.8,133.0,1.9,0.6,46.0
2024-10-08T17:00,8.9,4.9,137.0,2.3,0.7,45.0
2024-10-08T18:00,9.3,5.2,139.0,2.5,0.8,45.0
2024-10-08T19:00,9.4,5.3,138.0,2.4,0.8,45.0
2024-10-08T20:00,9.2,5.2,136.0,2.2,0.9,46.0
2024-10-08T21:00,9.2,5.1,135.0,2.0,0.9,46.0
2024-10-08T22:00,9.0,5.0,136.0,2.0,0.9,46.0
2024-10-08T23:00,8.6,4.8,137.0,2.1,1.0,45.0
2024-10-09T00:00,13.4,8.2,183.0,9.2,10.5,36.0
2024-10-09T01:00,14.2,8.8,182.0,9.7,12.3,36.0
2024-10-09T02:00,14.3,8.8,181.0,10.2,14.6,37.0
2024-10-09T03:00,13.2,8.1,178.0,9.9,15.3,41.0
2024-10-09T04:00,12.5,7.6,172.0,8.1,13.0,50.0
2024-10-09T05:00,12.4,7.5,163.0,5.4,9.1,63.0
2024-10-09T06:00,11.4,6.8,156.0,3.2,5.7,72.0
2024-10-09T07:00,10.7,6.2,151.0,1.9,3.5,76.0
2024-10-09T08:00,10.0,5.7,146.0,1.1,1.7,78.0
2024-10-09T09:00,9.0,5.0,143.0,0.6,0.5,77.0
2024-10-09T10:00,8.1,4.5,140.0,0.6,0.0,73.0
2024-10-09T11:00,7.1,3.9,138.0,0.9,0.2,67.0
2024-10-09T12:00,8.0,4.4,137.0,1.3,0.3,58.0
2024-10-09T13:00,8.3,4.6,143.0,1.7,0.3,56.0
2024-10-09T14:00,9.1,5.1,151.0,2.2,0.3,53.0
2024-10-09T15:00,9.9,5.7,157.0,2.9,0.8,50.0
2024-10-09T16:00,10.8,6.4,158.0,3.8,2.1,48.0
2024-10-09T17:00,10.4,6.2,156.0,4.8,3.9,47.0
2024-10-09T18:00,10.2,6.2,154.0,5.6,5.5,46.0
2024-10-09T19:00,10.3,6.2,153.0,6.1,6.8,45.0
2024-10-09T20:00,10.5,6.4,151.0,6.4,7.9,45.0
2024-10-09T21:00,10.4,6.4,151.0,6.6,8.7,44.0
2024-10-09T22:00,9.9,6.1,152.0,6.9,9.2,43.0
2024-10-09T23:00,9.7,6.0,153.0,7.1,9.5,41.0
2024-10-10T00:00,8.8,5.4,144.0,10.5,15.2,37.0
2024-10-10T01:00,9.5,6.0,146.0,9.4,13.5,39.0
2024-10-10T02:00,9.5,5.9,148.0,7.8,11.0,42.0
2024-10-10T03:00,9.2,5.8,147.0,6.2,8.6,45.0
2024-10-10T04:00,9.0,5.6,142.0,4.7,6.4,49.0
2024-10-10T05:00,8.1,5.0,134.0,3.1,4.2,54.0
2024-10-10T06:00,8.3,5.0,127.0,1.9,2.5,58.0
2024-10-10T07:00,7.7,4.6,123.0,1.2,1.4,59.0
2024-10-10T08:00,6.8,3.9,121.0,0.8,0.7,59.0
2024-10-10T09:00,6.1,3.5,119.0,0.6,0.2,58.0
2024-10-10T10:00,5.5,3.1,118.0,0.7,0.0,55.0
2024-10-10T11:00,5.7,3.2,118.0,1.0,0.1,51.0
2024-10-10T12:00,8.5,4.8,124.0,1.6,0.3,57.0
2024-10-10T13:00,8.1,4.6,123.0,1.5,0.3,54.0
2024-10-10T14:00,8.2,4.7,123.0,1.4,0.4,50.0
2024-10-10T15:00,8.0,4.5,122.0,1.4,0.4,47.0
2024-10-10T16:00,7.7,4.4,122.0,1.5,0.4,45.0
2024-10-10T17:00,7.7,4.4,121.0,1.7,0.4,44.0
2024-10-10T18:00,7.8,4.5,121.0,1.7,0.4,44.0
2024-10-10T19:00,8.1,4.6,120.0,1.5,0.4,45.0
2024-10-10T20:00,8.1,4.6,119.0,1.2,0.3,46.0
2024-10-10T21:00,7.5,4.2,119.0,1.0,0.3,48.0
2024-10-10T22:00,6.9,3.8,121.0,1.1,0.4,49.0
2024-10-10T23:00,7.1,4.0,125.0,1.4,0.5,51.0
2024-10-11T00:00,7.9,4.4,134.0,2.7,2.1,57.0
2024-10-11T01:00,7.5,4.3,135.0,2.6,1.8,59.0
2024-10-11T02:00,7.3,4.2,136.0,2.4,1.5,62.0
2024-10-11T03:00,7.5,4.2,135.0,2.1,1.1,64.0
2024-10-11T04:00,7.1,3.9,131.0,1.6,0.8,65.0
2024-10-11T05:00,7.0,3.9,126.0,0.9,0.5,64.0
2024-10-11T06:00,7.4,4.1,122.0,0.5,0.3,64.0
2024-10-11T07:00,8.0,4.4,122.0,0.4,0.3,64.0
2024-10-11T08:00,8.8,4.9,125.0,0.5,0.3,64.0
2024-10-11T09:00,9.5,5.3,127.0,0.7,0.4,64.0
2024-10-11T10:00,10.3,5.7,129.0,0.9,0.4,64.0
2024-10-11T11:00,11.1,6.2,131.0,1.1,0.3,63.0
2024-10-11T12:00,11.2,6.2,135.0,1.2,0.3,58.0
2024-10-11T13:00,12.2,6.8,137.0,1.2,0.3,59.0
2024-10-11T14:00,12.5,7.0,139.0,1.1,0.4,60.0
2024-10-11T15:00,13.2,7.5,140.0,1.1,0.4,60.0
2024-10-11T16:00,13.5,7.6,138.0,1.0,0.3,59.0
2024-10-11T17:00,13.8,7.7,135.0,0.9,0.3,58.0
2024-10-11T18:00,12.8,7.1,133.0,0.9,0.2,57.0
2024-10-11T19:00,12.0,6.7,133.0,0.9,0.2,56.0
2024-10-11T20:00,10.8,6.1,134.0,0.9,0.2,56.0
2024-10-11T21:00,10.7,6.0,135.0,1.0,0.3,55.0
2024-10-11T22:00,10.5,5.9,135.0,1.1,0.4,53.0
2024-10-11T23:00,10.0,5.7,135.0,1.3,0.5,51.0
2024-10-12T00:00,13.9,7.7,126.0,0.5,0.2,56.0
2024-10-12T01:00,13.8,7.6,129.0,0.8,0.2,55.0
2024-10-12T02:00,13.0,7.2,132.0,1.2,0.3,54.0
2024-10-12T03:00,12.4,7.0,134.0,1.4,0.3,53.0
2024-10-12T04:00,11.2,6.3,133.0,1.3,0.3,53.0
2024-10-12T05:00,10.0,5.6,131.0,1.0,0.2,53.0
2024-10-12T06:00,10.5,5.9,130.0,0.8,0.2,53.0
2024-10-12T07:00,10.0,5.7,130.0,0.7,0.2,54.0
2024-10-12T08:00,9.9,5.6,132.0,0.7,0.3,56.0
2024-10-12T09:00,9.3,5.3,133.0,0.8,0.4,57.0
2024-10-12T10:00,9.1,5.1,134.0,1.1,0.4,57.0
2024-10-12T11:00,9.6,5.3,134.0,1.6,0.5,56.0
2024-10-12T12:00,6.9,3.8,139.0,2.2,0.7,52.0
2024-10-12T13:00,7.7,4.2,139.0,2.1,0.7,52.0
2024-10-12T14:00,8.9,4.9,138.0,1.9,0.7,53.0
2024-10-12T15:00,10.3,5.7,137.0,1.7,0.7,53.0
2024-10-12T16:00,11.2,6.2,135.0,1.6,0.6,52.0
2024-10-12T17:00,12.1,6.7,132.0,1.5,0.6,51.0
2024-10-12T18:00,12.3,6.8,130.0,1.4,0.5,50.0
2024-10-12T19:00,11.8,6.5,128.0,1.2,0.4,50.0
2024-10-12T20:00,11.4,6.3,127.0,0.9,0.3,50.0
2024-10-12T21:00,11.1,6.2,126.0,0.7,0.3,50.0
2024-10-12T22:00,10.1,5.6,126.0,0.7,0.3,49.0
2024-10-12T23:00,8.9,5.0,127.0,0.8,0.4,49.0
2024-10-13T00:00,9.4,5.2,132.0,0.8,0.3,54.0
2024-10-13T01:00,9.4,5.3,135.0,1.3,0.5,54.0
2024-10-13T02:00,9.4,5.3,140.0,1.9,0.9,55.0
2024-10-13T03:00,9.6,5.5,143.0,2.2,1.3,57.0
2024-10-13T04:00,10.1,5.8,143.0,2.0,1.9,62.0
2024-10-13T05:00,10.8,6.2,141.0,1.6,2.5,68.0
2024-10-13T06:00,11.8,6.7,140.0,1.2,2.8,73.0
2024-10-13T07:00,12.7,7.2,140.0,1.0,2.5,77.0
2024-10-13T08:00,13.2,7.5,140.0,0.9,1.9,79.0
2024-10-13T09:00,12.5,7.1,139.0,0.9,1.4,79.0
2024-10-13T10:00,11.1,6.2,137.0,1.1,1.0,75.0
2024-10-13T11:00,10.2,5.7,135.0,1.4,0.6,69.0
2024-10-13T12:00,7.3,4.0,130.0,2.3,0.8,45.0
2024-10-13T13:00,7.5,4.2,131.0,2.4,0.8,43.0
2024-10-13T14:00,7.8,4.5,132.0,2.5,0.8,39.0
2024-10-13T15:00,8.0,4.6,135.0,2.7,0.9,37.0
2024-10-13T16:00,8.3,4.8,142.0,3.0,1.0,36.0
2024-10-13T17:00,8.7,5.0,150.0,3.4,1.1,37.0
2024-10-13T18:00,8.8,5.2,156.0,3.6,1.2,37.0
2024-10-13T19:00,8.5,5.0,155.0,3.3,1.1,38.0
2024-10-13T20:00,7.8,4.6,151.0,2.8,1.1,39.0
2024-10-13T21:00,7.4,4.4,150.0,2.7,1.3,39.0
2024-10-13T22:00,6.8,4.1,154.0,3.2,2.0,38.0
2024-10-13T23:00,6.5,4.0,160.0,4.1,3.0,37.0
2024-10-14T00:00,6.5,4.1,162.0,3.7,2.9,37.0
2024-10-14T01:00,6.1,3.9,170.0,5.3,4.1,35.0
2024-10-14T02:00,6.4,4.2,182.0,7.5,5.7,33.0
2024-10-14T03:00,7.4,4.9,191.0,8.8,6.6,32.0
2024-10-14T04:00,7.8,5.3,194.0,8.6,6.2,35.0
2024-10-14T05:00,7.5,4.8,195.0,7.7,5.2,40.0
2024-10-14T06:00,7.8,4.8,194.0,6.6,4.2,45.0
2024-10-14T07:00,8.5,5.1,193.0,5.5,3.6,49.0
2024-10-14T08:00,8.8,5.3,191.0,4.3,3.2,53.0
2024-10-14T09:00,9.1,5.5,188.0,3.5,2.7,55.0
2024-10-14T10:00,8.4,5.1,184.0,3.3,2.2,54.0
2024-10-14T11:00,7.3,4.4,178.0,3.4,1.6,51.0
2024-10-14T12:00,14.6,8.7,215.0,6.7,7.1,84.0
2024-10-14T13:00,14.2,8.4,217.0,7.5,6.8,75.0
2024-10-14T14:00,13.3,8.0,219.0,8.6,6.4,63.0
2024-10-14T15:00,13.8,8.2,219.0,9.1,5.9,53.0
2024-10-14T16:00,13.9,8.1,216.0,8.6,5.1,49.0
2024-10-14T17:00,13.2,7.8,211.0,7.6,4.1,49.0
2024-10-14T18:00,13.2,7.7,204.0,6.6,3.3,48.0
2024-10-14T19:00,11.9,6.9,194.0,5.6,3.0,47.0
2024-10-14T20:00,10.7,6.3,181.0,4.6,2.9,45.0
2024-10-14T21:00,9.4,5.4,170.0,3.8,2.8,44.0
2024-10-14T22:00,8.5,4.8,161.0,3.1,2.4,43.0
2024-10-14T23:00,8.8,4.8,153.0,2.6,2.0,42.0
2024-10-15T00:00,9.1,5.5,179.0,5.4,5.7,39.0
2024-10-15T01:00,9.9,5.9,177.0,5.1,4.9,40.0
2024-10-15T02:00,10.7,6.3,174.0,4.5,3.8,41.0
2024-10-15T03:00,10.7,6.2,168.0,3.9,2.8,42.0
2024-10-15T04:00,10.7,6.2,157.0,3.0,2.1,44.0
2024-10-15T05:00,10.0,5.6,143.0,2.0,1.5,46.0
2024-10-15T06:00,8.9,4.8,132.0,1.3,1.1,48.0
2024-10-15T07:00,9.0,4.8,127.0,1.1,0.9,48.0
2024-10-15T08:00,9.1,4.9,125.0,1.3,1.0,47.0
2024-10-15T09:00,8.8,4.7,126.0,1.6,1.0,46.0
2024-10-15T10:00,8.8,4.8,129.0,2.2,1.0,44.0
2024-10-15T11:00,8.5,4.6,134.0,3.0,1.1,43.0
2024-10-15T12:00,11.6,7.6,204.0,15.4,13.1,36.0
2024-10-15T13:00,12.4,8.3,211.0,15.9,13.3,34.0
2024-10-15T14:00,12.3,8.4,221.0,16.5,13.5,32.0
2024-10-15T15:00,12.1,8.2,231.0,16.6,13.2,30.0
2024-10-15T16:00,13.0,8.9,239.0,16.0,12.1,30.0
2024-10-15T17:00,13.6,9.3,247.0,14.9,10.6,31.0
2024-10-15T18:00,13.1,9.0,253.0,13.7,9.1,32.0
2024-10-15T19:00,13.7,9.4,258.0,12.5,7.9,33.0
2024-10-15T20:00,13.2,9.1,262.0,11.2,6.7,33.0
2024-10-15T21:00,13.0,8.9,264.0,10.0,5.7,34.0
2024-10-15T22:00,12.3,8.4,261.0,9.0,4.9,34.0
2024-10-15T23:00,11.0,7.7,256.0,8.1,4.2,34.0
2024-10-16T00:00,8.9,6.2,206.0,5.4,3.1,38.0
2024-10-16T01:00,9.5,6.5,217.0,5.7,3.4,40.0
2024-10-16T02:00,10.3,7.2,231.0,6.0,3.8,42.0
2024-10-16T03:00,10.8,7.6,238.0,5.9,4.3,48.0
2024-10-16T04:00,10.9,7.6,229.0,4.9,4.8,59.0
2024-10-16T05:00,11.5,8.0,211.0,3.5,5.4,74.0
2024-10-16T06:00,11.8,8.1,199.0,2.5,6.1,87.0
2024-10-16T07:00,11.9,8.2,196.0,2.1,6.9,98.0
2024-10-16T08:00,12.5,8.6,198.0,2.1,7.9,108.0
2024-10-16T09:00,13.5,9.3,203.0,2.6,9.2,116.0
2024-10-16T10:00,15.0,10.1,213.0,3.9,11.2,122.0
2024-10-16T11:00,17.3,11.6,226.0,5.6,13.6,126.0
2024-10-16T12:00,16.9,11.6,214.0,4.8,3.4,86.0
2024-10-16T13:00,18.3,12.6,235.0,6.3,3.8,82.0
2024-10-16T14:00,20.2,13.9,263.0,8.4,4.3,77.0
2024-10-16T15:00,21.8,15.1,289.0,10.1,5.3,73.0
2024-10-16T16:00,24.6,16.9,309.0,11.2,6.8,72.0
2024-10-16T17:00,28.3,19.5,325.0,12.0,8.8,72.0
2024-10-16T18:00,30.7,21.1,334.0,12.1,10.7,72.0
2024-10-16T19:00,32.5,21.9,331.0,11.0,12.6,73.0
2024-10-16T20:00,35.2,23.5,320.0,9.2,14.4,74.0
2024-10-16T21:00,38.0,25.2,315.0,7.9,15.9,73.0
2024-10-16T22:00,39.3,26.1,320.0,7.9,16.8,68.0
2024-10-16T23:00,39.9,26.5,330.0,8.4,17.4,61.0
2024-10-17T00:00,31.1,21.4,292.0,8.2,11.4,60.0
2024-10-17T01:00,29.9,20.8,297.0,8.5,11.9,62.0
2024-10-17T02:00,28.6,19.9,304.0,8.8,12.7,66.0
2024-10-17T03:00,27.6,19.2,302.0,8.6,13.8,75.0
2024-10-17T04:00,26.1,18.1,286.0,7.4,15.5,92.0
2024-10-17T05:00,23.2,15.9,261.0,5.7,17.4,114.0
2024-10-17T06:00,20.0,13.5,241.0,4.3,18.6,132.0
2024-10-17T07:00,20.3,13.5,229.0,3.5,18.6,143.0
2024-10-17T08:00,21.2,14.1,220.0,3.0,17.9,150.0
2024-10-17T09:00,22.2,14.6,214.0,2.9,17.0,153.0
2024-10-17T10:00,23.2,14.9,208.0,3.4,16.3,150.0
2024-10-17T11:00,23.7,14.8,204.0,4.2,15.5,144.0
2024-10-17T12:00,26.8,16.7,209.0,4.8,15.9,148.0
2024-10-17T13:00,27.8,16.7,208.0,4.7,13.3,140.0
2024-10-17T14:00,28.5,16.4,206.0,4.5,9.8,129.0
2024-10-17T15:00,28.0,15.5,203.0,4.2,6.7,119.0
2024-10-17T16:00,26.9,14.7,196.0,3.5,4.5,111.0
2024-10-17T17:00,25.8,14.2,187.0,2.7,2.7,104.0
2024-10-17T18:00,22.6,12.8,182.0,2.5,2.3,97.0
2024-10-17T19:00,20.4,12.0,182.0,3.3,3.8,90.0
2024-10-17T20:00,19.6,11.9,186.0,4.5,6.6,84.0
2024-10-17T21:00,19.2,11.9,193.0,5.7,9.3,78.0
2024-10-17T22:00,19.0,12.0,205.0,6.5,11.5,72.0
2024-10-17T23:00,20.1,13.0,220.0,7.2,13.6,66.0
2024-10-18T00:00,19.6,11.9,182.0,5.2,6.3,65.0
2024-10-18T01:00,18.6,11.3,177.0,5.3,5.9,66.0
2024-10-18T02:00,16.5,10.0,169.0,5.4,5.3,68.0
2024-10-18T03:00,14.6,8.8,164.0,5.5,5.4,71.0
2024-10-18T04:00,12.4,7.6,163.0,5.5,6.7,74.0
2024-10-18T05:00,12.0,7.5,164.0,5.4,8.5,77.0
2024-10-18T06:00,12.5,7.8,166.0,5.2,10.0,82.0
2024-10-18T07:00,13.4,8.3,168.0,4.5,10.7,91.0
2024-10-18T08:00,14.6,9.1,170.0,3.6,11.0,102.0
2024-10-18T09:00,16.3,10.1,172.0,3.2,11.1,110.0
2024-10-18T10:00,17.2,10.5,171.0,3.6,10.9,111.0
2024-10-18T11:00,17.3,10.5,170.0,4.4,10.4,109.0
2024-10-18T12:00,21.6,13.2,167.0,3.6,6.5,106.0
2024-10-18T13:00,22.1,13.2,169.0,3.7,5.7,102.0
2024-10-18T14:00,22.1,13.0,171.0,3.9,4.7,96.0
2024-10-18T15:00,21.7,12.7,173.0,4.0,3.9,91.0
2024-10-18T16:00,21.2,12.4,173.0,4.1,3.6,87.0
2024-10-18T17:00,20.6,12.1,173.0,4.1,3.6,84.0
2024-10-18T18:00,21.2,12.5,174.0,4.1,3.9,82.0
2024-10-18T19:00,21.3,12.8,175.0,4.1,4.8,81.0
2024-10-18T20:00,20.7,12.7,177.0,4.0,6.1,81.0
2024-10-18T21:00,19.0,11.8,181.0,3.8,6.8,81.0
2024-10-18T22:00,18.1,11.5,186.0,3.4,6.6,81.0
2024-10-18T23:00,17.3,11.3,193.0,2.9,5.8,81.0
2024-10-19T00:00,18.3,12.1,205.0,8.2,21.2,61.0
2024-10-19T01:00,13.9,9.4,209.0,7.4,16.8,64.0
2024-10-19T02:00,11.2,7.7,214.0,6.2,10.7,69.0
2024-10-19T03:00,8.8,6.1,218.0,5.1,6.2,74.0
2024-10-19T04:00,6.9,4.8,219.0,4.2,4.8,81.0
2024-10-19T05:00,6.5,4.5,219.0,3.4,4.9,88.0
2024-10-19T06:00,7.2,5.0,217.0,2.7,5.2,96.0
2024-10-19T07:00,7.8,5.4,213.0,2.1,5.3,104.0
2024-10-19T08:00,8.0,5.5,206.0,1.7,5.5,111.0
2024-10-19T09:00,8.3,5.6,202.0,1.6,5.6,116.0
2024-10-19T10:00,8.9,6.0,200.0,1.9,5.6,118.0
2024-10-19T11:00,9.1,6.2,200.0,2.6,5.5,118.0
2024-10-19T12:00,13.6,8.5,206.0,3.4,4.6,114.0
2024-10-19T13:00,14.1,8.8,210.0,3.9,4.6,110.0
2024-10-19T14:00,15.3,9.7,216.0,4.5,4.5,104.0
2024-10-19T15:00,15.6,10.0,219.0,4.9,4.4,98.0
2024-10-19T16:00,14.6,9.3,216.0,4.7,4.0,94.0
2024-10-19T17:00,14.1,9.0,210.0,4.2,3.6,91.0
2024-10-19T18:00,14.5,9.3,205.0,3.8,3.3,87.0
2024-10-19T19:00,14.0,9.1,202.0,3.5,3.3,83.0
2024-10-19T20:00,13.0,8.4,200.0,3.3,3.6,78.0
2024-10-19T21:00,12.2,7.9,199.0,3.2,3.9,73.0
2024-10-19T22:00,11.5,7.4,199.0,3.4,4.3,68.0
2024-10-19T23:00,11.6,7.5,200.0,3.7,4.7,64.0
2024-10-20T00:00,9.8,6.3,189.0,3.6,4.6,64.0
2024-10-20T01:00,9.6,6.1,193.0,4.6,5.4,62.0
2024-10-20T02:00,10.2,6.5,200.0,5.9,6.6,60.0
2024-10-20T03:00,11.2,7.2,204.0,6.6,7.5,61.0
2024-10-20T04:00,11.5,7.5,205.0,6.1,8.0,67.0
2024-10-20T05:00,11.5,7.5,204.0,5.0,8.3,76.0
2024-10-20T06:00,13.1,8.6,203.0,3.9,8.2,87.0
2024-10-20T07:00,14.8,9.7,202.0,3.1,7.7,102.0
2024-10-20T08:00,15.7,10.2,201.0,2.4,6.8,118.0
2024-10-20T09:00,15.0,9.6,199.0,2.0,5.9,128.0
2024-10-20T10:00,14.0,8.8,194.0,2.0,4.8,126.0
2024-10-20T11:00,12.7,7.9,189.0,2.3,3.6,119.0
2024-10-20T12:00,18.0,10.8,181.0,3.2,4.1,120.0
2024-10-20T13:00,17.1,10.0,181.0,3.2,3.4,113.0
2024-10-20T14:00,16.2,9.4,181.0,3.1,2.4,103.0
2024-10-20T15:00,15.8,9.1,179.0,3.0,1.7,94.0
2024-10-20T16:00,15.3,8.9,174.0,2.8,1.5,89.0
2024-10-20T17:00,15.2,9.0,168.0,2.6,1.5,86.0
2024-10-20T18:00,14.0,8.3,164.0,2.5,1.6,83.0
2024-10-20T19:00,12.0,7.1,164.0,2.4,1.6,81.0
2024-10-20T20:00,11.7,7.0,167.0,2.4,1.6,79.0
2024-10-20T21:00,11.6,7.1,170.0,2.5,1.7,77.0
2024-10-20T22:00,11.5,7.2,175.0,2.7,1.9,74.0
2024-10-20T23:00,10.8,6.8,180.0,3.0,2.3,70.0
2024-10-21T00:00,10.6,6.6,168.0,2.7,2.2,72.0
2024-10-21T01:00,10.3,6.5,173.0,3.1,2.3,72.0
2024-10-21T02:00,10.2,6.4,180.0,3.6,2.4,71.0
2024-10-21T03:00,10.0,6.4,185.0,3.7,2.5,74.0
2024-10-21T04:00,10.4,6.7,186.0,3.1,2.4,82.0
2024-10-21T05:00,11.1,7.1,184.0,2.1,2.3,93.0
2024-10-21T06:00,10.3,6.5,182.0,1.4,2.2,102.0
2024-10-21T07:00,9.8,6.2,180.0,1.2,2.2,107.0
2024-10-21T08:00,9.5,6.0,179.0,1.2,2.3,111.0
2024-10-21T09:00,9.5,6.0,177.0,1.3,2.2,111.0
2024-10-21T10:00,9.3,5.8,174.0,1.5,1.7,107.0
2024-10-21T11:00,9.1,5.6,172.0,1.8,1.0,100.0
2024-10-21T12:00,12.2,7.3,162.0,2.4,0.6,81.0
2024-10-21T13:00,12.3,7.3,162.0,2.3,0.6,78.0
2024-10-21T14:00,12.6,7.4,162.0,2.3,0.6,74.0
2024-10-21T15:00,12.9,7.6,165.0,2.5,0.8,70.0
2024-10-21T16:00,13.6,8.1,176.0,3.2,1.2,67.0
2024-10-21T17:00,14.5,8.7,191.0,4.3,1.7,65.0
2024-10-21T18:00,15.4,9.3,200.0,4.9,2.1,63.0
2024-10-21T19:00,15.1,9.2,199.0,4.8,2.4,62.0
2024-10-21T20:00,14.6,8.8,192.0,4.4,2.6,62.0
2024-10-21T21:00,14.1,8.6,188.0,4.1,2.7,62.0
2024-10-21T22:00,14.1,8.6,189.0,4.0,2.6,61.0
2024-10-21T23:00,13.8,8.4,192.0,4.1,2.4,59.0
2024-10-22T00:00,16.2,10.0,226.0,6.8,3.9,51.0
2024-10-22T01:00,16.3,10.0,219.0,6.6,4.4,53.0
2024-10-22T02:00,15.8,9.5,209.0,6.3,5.0,57.0
2024-10-22T03:00,15.1,9.0,197.0,5.6,5.3,62.0
2024-10-22T04:00,14.6,8.6,184.0,4.3,4.8,72.0
2024-10-22T05:00,14.1,8.0,169.0,2.7,4.0,84.0
2024-10-22T06:00,13.7,7.6,156.0,1.5,3.2,92.0
2024-10-22T07:00,13.1,7.2,147.0,1.0,2.7,92.0
2024-10-22T08:00,12.5,6.8,139.0,0.9,2.2,87.0
2024-10-22T09:00,11.5,6.2,134.0,1.0,1.8,81.0
2024-10-22T10:00,10.4,5.5,129.0,1.2,1.4,73.0
2024-10-22T11:00,9.1,4.9,125.0,1.6,1.2,64.0
2024-10-22T12:00,8.7,4.9,113.0,2.1,0.5,49.0
2024-10-22T13:00,9.4,5.5,123.0,2.9,0.8,47.0
2024-10-22T14:00,9.9,6.0,137.0,4.1,1.2,44.0
2024-10-22T15:00,10.3,6.3,154.0,5.2,1.6,42.0
2024-10-22T16:00,11.7,7.3,173.0,6.0,1.8,42.0
2024-10-22T17:00,13.7,8.6,194.0,6.8,2.1,44.0
2024-10-22T18:00,15.5,9.9,215.0,7.4,2.5,46.0
2024-10-22T19:00,17.7,11.4,238.0,7.9,3.3,50.0
2024-10-22T20:00,21.2,13.7,261.0,8.3,4.3,55.0
2024-10-22T21:00,24.0,15.5,278.0,8.6,5.5,59.0
2024-10-22T22:00,25.7,16.6,284.0,8.7,7.0,59.0
2024-10-22T23:00,26.4,17.1,283.0,8.7,8.7,57.0
2024-10-23T00:00,25.7,16.8,295.0,7.9,8.4,63.0
2024-10-23T01:00,24.4,15.9,281.0,7.6,9.5,67.0
2024-10-23T02:00,23.7,15.5,260.0,7.2,10.9,73.0
2024-10-23T03:00,22.0,14.2,239.0,6.5,11.8,80.0
2024-10-23T04:00,18.1,11.5,218.0,5.2,11.7,88.0
2024-10-23T05:00,16.9,10.8,197.0,3.7,11.0,97.0
2024-10-23T06:00,16.5,10.5,182.0,2.5,10.4,105.0
2024-10-23T07:00,17.3,11.0,175.0,1.9,10.0,113.0
2024-10-23T08:00,18.9,11.8,173.0,1.7,9.6,121.0
2024-10-23T09:00,20.3,12.5,174.0,1.8,9.2,126.0
2024-10-23T10:00,22.1,13.3,177.0,2.3,8.9,128.0
2024-10-23T11:00,24.1,14.2,181.0,3.0,8.6,127.0
2024-10-23T12:00,20.1,11.7,166.0,3.3,8.0,125.0
2024-10-23T13:00,21.8,12.4,169.0,3.2,6.9,121.0
2024-10-23T14:00,22.1,12.4,174.0,3.1,5.4,114.0
2024-10-23T15:00,21.7,12.0,181.0,3.5,5.0,107.0
2024-10-23T16:00,21.9,12.4,192.0,5.0,6.5,99.0
2024-10-23T17:00,21.9,12.9,205.0,7.0,9.0,90.0
2024-10-23T18:00,22.3,13.5,216.0,8.4,11.3,83.0
2024-10-23T19:00,22.9,14.4,224.0,8.7,13.0,77.0
2024-10-23T20:00,23.5,15.1,231.0,8.4,14.5,73.0
2024-10-23T21:00,24.9,16.4,237.0,7.9,15.1,70.0
2024-10-23T22:00,26.1,17.6,243.0,7.1,13.8,69.0
2024-10-23T23:00,26.5,18.1,247.0,6.2,11.6,69.0
2024-10-24T00:00,32.1,22.1,298.0,10.0,21.6,52.0
2024-10-24T01:00,31.0,21.4,291.0,10.8,23.8,56.0
2024-10-24T02:00,30.0,20.8,280.0,11.8,,61.0
2024-10-24T03:00,27.9,19.2,269.0,12.0,,69.0
2024-10-24T04:00,25.6,17.6,258.0,10.7,,81.0
2024-10-24T05:00,25.8,17.9,247.0,8.5,23.5,96.0
2024-10-24T06:00,25.6,17.6,237.0,6.5,20.0,109.0
2024-10-24T07:00,26.3,18.2,229.0,4.7,15.9,120.0
2024-10-24T08:00,27.1,18.7,223.0,3.1,11.4,128.0
2024-10-24T09:00,27.1,18.6,220.0,2.3,7.9,133.0
2024-10-24T10:00,26.3,18.0,220.0,2.8,5.9,131.0
2024-10-24T11:00,25.6,17.6,223.0,4.1,5.0,125.0
2024-10-24T12:00,23.1,15.7,206.0,4.5,3.0,111.0
2024-10-24T13:00,25.1,17.0,213.0,4.8,3.8,110.0
2024-10-24T14:00,26.7,18.0,224.0,5.4,5.2,110.0
2024-10-24T15:00,26.0,17.6,231.0,6.1,8.0,108.0
2024-10-24T16:00,26.8,18.0,232.0,7.3,13.1,105.0
2024-10-24T17:00,25.4,17.3,229.0,8.7,19.7,102.0
2024-10-24T18:00,24.6,17.0,229.0,9.7,,98.0
2024-10-24T19:00,23.7,16.4,233.0,10.2,,92.0
2024-10-24T20:00,24.3,16.7,239.0,10.3,,86.0
2024-10-24T21:00,25.5,17.6,246.0,10.2,,81.0
2024-10-24T22:00,27.2,18.7,255.0,9.6,,77.0
2024-10-24T23:00,28.9,20.0,266.0,8.8,,75.0
2024-10-25T00:00,28.5,18.7,202.0,4.8,16.1,91.0
2024-10-25T01:00,27.8,18.6,221.0,6.0,18.3,88.0
2024-10-25T02:00,29.3,19.8,248.0,7.5,21.2,84.0
2024-10-25T03:00,31.7,21.5,267.0,8.3,23.4,87.0
2024-10-25T04:00,33.1,22.4,272.0,7.7,24.5,103.0
2024-10-25T05:00,34.2,22.9,269.0,6.3,24.7,125.0
2024-10-25T06:00,38.2,25.1,265.0,5.0,23.5,144.0
2024-10-25T07:00,41.3,26.6,261.0,3.8,19.6,155.0
2024-10-25T08:00,43.3,27.5,257.0,2.7,14.3,162.0
2024-10-25T09:00,43.7,27.5,255.0,2.2,10.1,165.0
2024-10-25T10:00,43.4,27.2,258.0,2.8,8.2,164.0
2024-10-25T11:00,43.3,27.0,263.0,4.1,7.5,159.0
2024-10-25T12:00,65.7,41.3,269.0,6.1,14.1,163.0
2024-10-25T13:00,67.3,42.4,279.0,6.6,14.7,162.0
2024-10-25T14:00,68.9,43.7,292.0,7.3,15.4,160.0
2024-10-25T15:00,68.5,43.4,300.0,7.9,16.2,153.0
2024-10-25T16:00,60.5,38.2,296.0,8.4,17.0,138.0
2024-10-25T17:00,53.3,33.8,286.0,8.7,17.9,118.0
2024-10-25T18:00,45.6,29.1,279.0,8.8,18.1,101.0
2024-10-25T19:00,40.4,26.2,278.0,8.5,17.4,91.0
2024-10-25T20:00,38.2,25.3,279.0,7.9,16.1,85.0
2024-10-25T21:00,36.4,24.4,279.0,7.4,14.9,80.0
2024-10-25T22:00,34.7,23.3,276.0,6.9,13.7,77.0
2024-10-25T23:00,33.2,22.4,272.0,6.3,12.5,77.0
2024-10-26T00:00,34.9,23.7,350.0,5.9,9.3,75.0
2024-10-26T01:00,35.7,24.3,366.0,6.6,10.0,76.0
2024-10-26T02:00,37.0,25.3,,7.4,11.0,77.0
2024-10-26T03:00,39.0,26.6,,7.6,12.0,86.0
2024-10-26T04:00,41.7,28.3,373.0,6.5,13.3,107.0
2024-10-26T05:00,44.0,29.6,339.0,4.7,14.7,134.0
2024-10-26T06:00,47.3,31.2,315.0,3.3,15.3,157.0
2024-10-26T07:00,56.0,36.3,314.0,2.6,14.3,171.0
2024-10-26T08:00,61.0,38.5,325.0,2.3,12.5,
2024-10-26T09:00,65.0,40.3,332.0,2.5,11.0,
2024-10-26T10:00,68.0,41.3,331.0,3.5,10.0,
2024-10-26T11:00,70.3,42.4,328.0,5.0,9.2,
2024-10-26T12:00,66.8,39.7,325.0,6.3,11.7,168.0
2024-10-26T13:00,69.2,41.3,325.0,7.6,12.8,163.0
2024-10-26T14:00,70.3,42.5,325.0,9.3,14.4,155.0
2024-10-26T15:00,69.2,42.0,326.0,10.3,16.5,146.0
2024-10-26T16:00,65.2,39.9,327.0,10.1,19.7,136.0
2024-10-26T17:00,59.0,36.4,328.0,9.2,23.3,125.0
2024-10-26T18:00,52.0,32.1,328.0,8.3,,116.0
2024-10-26T19:00,48.2,30.3,323.0,7.7,,111.0
2024-10-26T20:00,47.5,30.4,316.0,7.2,,108.0
2024-10-26T21:00,49.0,31.7,315.0,6.6,23.5,106.0
2024-10-26T22:00,49.1,31.8,322.0,5.9,20.7,104.0
2024-10-26T23:00,51.7,33.5,334.0,5.1,17.1,103.0
2024-10-27T00:00,53.8,34.8,359.0,5.0,13.6,97.0
2024-10-27T01:00,57.3,37.1,,5.7,13.5,96.0
2024-10-27T02:00,61.5,39.7,,6.7,13.4,96.0
2024-10-27T03:00,65.9,42.1,,7.0,13.3,103.0
2024-10-27T04:00,71.0,44.8,,6.0,13.2,125.0
2024-10-27T05:00,75.9,47.0,,4.4,13.1,155.0
2024-10-27T06:00,78.5,48.0,,3.1,12.7,
2024-10-27T07:00,79.4,48.1,371.0,2.6,11.6,
2024-10-27T08:00,,48.3,369.0,2.5,10.1,
2024-10-27T09:00,,48.5,371.0,2.8,9.1,
2024-10-27T10:00,,48.9,376.0,3.8,8.9,
2024-10-27T11:00,,,,5.2,9.1,
2024-10-27T12:00,68.5,40.0,,5.5,7.1,168.0
2024-10-27T13:00,73.6,43.5,,8.4,8.2,163.0
2024-10-27T14:00,78.2,46.9,,12.4,9.8,156.0
2024-10-27T15:00,,50.4,,14.7,11.2,152.0
2024-10-27T16:00,,50.5,,13.9,12.3,153.0
2024-10-27T17:00,,49.9,332.0,11.5,13.2,157.0
2024-10-27T18:00,,49.2,293.0,9.4,13.7,157.0
2024-10-27T19:00,,48.1,296.0,8.2,13.4,149.0
2024-10-27T20:00,76.6,46.1,319.0,7.3,12.7,138.0
2024-10-27T21:00,72.2,43.5,344.0,6.8,12.0,125.0
2024-10-27T22:00,68.7,41.6,366.0,6.8,11.5,111.0
2024-10-27T23:00,65.4,39.6,,7.1,11.1,97.0
2024-10-28T00:00,60.1,36.7,,7.7,11.4,83.0
2024-10-28T01:00,54.5,33.4,,7.7,11.5,79.0
2024-10-28T02:00,49.0,30.3,,7.6,11.6,74.0
2024-10-28T03:00,45.9,28.4,369.0,7.1,12.3,78.0
2024-10-28T04:00,46.7,29.1,358.0,6.0,14.0,99.0
2024-10-28T05:00,49.4,30.7,347.0,4.5,16.2,129.0
2024-10-28T06:00,52.9,32.6,337.0,3.4,17.9,155.0
2024-10-28T07:00,54.7,33.3,324.0,2.8,18.5,171.0
2024-10-28T08:00,58.2,35.3,313.0,2.5,18.4,
2024-10-28T09:00,62.9,38.0,311.0,2.7,18.3,
2024-10-28T10:00,66.4,39.9,326.0,3.5,18.3,
2024-10-28T11:00,68.0,40.9,350.0,4.8,18.1,
2024-10-28T12:00,,48.2,378.0,5.9,17.0,176.0
2024-10-28T13:00,,47.7,,5.7,16.1,173.0
2024-10-28T14:00,78.2,46.7,,5.4,14.8,168.0
2024-10-28T15:00,77.3,46.4,,5.1,13.4,162.0
2024-10-28T16:00,73.3,44.1,,4.7,11.9,155.0
2024-10-28T17:00,69.4,42.0,365.0,4.4,10.2,147.0
2024-10-28T18:00,59.8,36.1,319.0,4.3,8.8,134.0
2024-10-28T19:00,47.3,27.9,317.0,4.8,7.7,111.0
2024-10-28T20:00,35.5,20.5,334.0,5.5,6.7,83.0
2024-10-28T21:00,26.7,15.3,344.0,6.3,6.4,61.0
2024-10-28T22:00,21.4,12.3,334.0,7.0,6.9,50.0
2024-10-28T23:00,18.7,10.9,318.0,7.7,8.0,46.0
2024-10-29T00:00,23.3,13.6,305.0,7.5,8.8,46.0
2024-10-29T01:00,23.4,13.9,301.0,8.1,9.8,45.0
2024-10-29T02:00,25.2,15.3,301.0,8.9,11.2,45.0
2024-10-29T03:00,28.8,17.8,303.0,9.0,12.6,52.0
2024-10-29T04:00,35.2,22.1,308.0,7.8,13.8,72.0
2024-10-29T05:00,42.3,26.5,315.0,5.9,14.9,100.0
2024-10-29T06:00,48.1,29.9,317.0,4.4,15.7,126.0
2024-10-29T07:00,55.1,34.2,309.0,3.5,16.1,147.0
2024-10-29T08:00,61.0,37.7,296.0,2.9,16.3,166.0
2024-10-29T09:00,65.7,40.6,285.0,2.9,16.4,
2024-10-29T10:00,68.7,42.4,279.0,3.7,16.8,
2024-10-29T11:00,69.8,43.0,274.0,5.1,17.3,
2024-10-29T12:00,77.1,47.3,269.0,5.2,15.6,161.0
2024-10-29T13:00,75.4,46.2,261.0,5.0,15.5,159.0
2024-10-29T14:00,78.2,48.0,251.0,4.7,15.3,155.0
2024-10-29T15:00,76.1,46.4,245.0,4.3,14.5,151.0
2024-10-29T16:00,74.0,44.8,237.0,3.9,12.8,147.0
2024-10-29T17:00,70.5,42.4,232.0,3.4,10.6,142.0
2024-10-29T18:00,66.6,39.7,249.0,3.1,8.7,135.0
2024-10-29T19:00,59.5,35.0,309.0,3.0,7.3,126.0
2024-10-29T20:00,55.6,33.1,,3.1,6.1,115.0
2024-10-29T21:00,54.0,32.5,,3.3,5.4,106.0
2024-10-29T22:00,53.3,32.5,,3.8,5.4,99.0
2024-10-29T23:00,51.7,32.6,,4.4,5.9,93.0
2024-10-30T00:00,43.4,27.5,,5.8,6.9,74.0
2024-10-30T01:00,41.6,26.5,,6.4,8.0,74.0
2024-10-30T02:00,40.2,25.7,,7.3,9.5,74.0
2024-10-30T03:00,37.5,24.2,377.0,7.5,11.1,79.0
2024-10-30T04:00,35.7,22.9,351.0,6.7,12.9,93.0
2024-10-30T05:00,34.0,21.7,321.0,5.2,14.8,113.0
2024-10-30T06:00,34.3,21.8,300.0,4.0,15.5,128.0
2024-10-30T07:00,36.4,22.9,296.0,3.1,14.1,135.0
2024-10-30T08:00,37.1,23.1,299.0,2.4,11.5,138.0
2024-10-30T09:00,35.3,21.6,297.0,2.1,9.5,139.0
2024-10-30T10:00,34.5,20.9,279.0,2.6,9.0,138.0
2024-10-30T11:00,34.9,21.3,254.0,3.5,9.0,135.0
2024-10-30T12:00,37.0,21.5,239.0,3.3,2.5,105.0
2024-10-30T13:00,36.3,21.0,245.0,3.8,2.2,98.0
2024-10-30T14:00,35.2,20.3,260.0,4.6,1.8,88.0
2024-10-30T15:00,33.2,19.1,268.0,5.0,1.6,81.0
2024-10-30T16:00,31.4,18.2,262.0,4.9,1.8,78.0
2024-10-30T17:00,31.8,18.6,249.0,4.6,2.3,77.0
2024-10-30T18:00,33.6,20.4,232.0,4.2,2.6,76.0
2024-10-30T19:00,34.0,20.7,206.0,3.7,2.6,76.0
2024-10-30T20:00,32.2,19.8,176.0,3.2,2.6,77.0
2024-10-30T21:00,31.3,19.2,157.0,2.9,2.8,77.0
2024-10-30T22:00,31.2,19.2,156.0,3.0,3.4,76.0
2024-10-30T23:00,31.7,19.6,167.0,3.3,4.4,75.0
2024-10-31T00:00,29.5,18.2,179.0,3.2,4.2,75.0
2024-10-31T01:00,29.9,18.6,193.0,3.6,4.8,76.0
2024-10-31T02:00,29.3,18.2,210.0,4.0,5.6,78.0
2024-10-31T03:00,27.0,16.8,220.0,4.1,6.1,81.0
2024-10-31T04:00,25.8,16.0,219.0,3.5,6.1,87.0
2024-10-31T05:00,24.5,15.1,212.0,2.6,5.8,94.0
2024-10-31T06:00,24.3,14.9,204.0,1.8,5.1,99.0
2024-10-31T07:00,23.6,14.4,196.0,1.4,3.8,100.0
2024-10-31T08:00,22.6,13.7,188.0,1.1,2.1,99.0
2024-10-31T09:00,20.9,12.4,181.0,0.9,0.9,96.0
2024-10-31T10:00,19.0,11.0,176.0,0.9,0.4,91.0
2024-10-31T11:00,17.2,9.9,172.0,1.0,0.4,85.0
2024-10-31T12:00,18.3,10.3,171.0,1.2,0.1,81.0
2024-10-31T13:00,17.6,10.0,174.0,1.2,0.2,80.0
2024-10-31T14:00,17.2,9.7,179.0,1.2,0.3,79.0
2024-10-31T15:00,16.6,9.5,184.0,1.2,0.4,78.0
2024-10-31T16:00,16.5,9.5,187.0,1.3,0.4,77.0
2024-10-31T17:00,17.6,10.2,189.0,1.3,0.4,76.0
2024-10-31T18:00,18.0,10.5,189.0,1.4,0.4,75.0
2024-10-31T19:00,17.5,10.3,183.0,1.4,0.4,74.0
2024-10-31T20:00,16.7,9.9,175.0,1.3,0.5,72.0
2024-10-31T21:00,15.7,9.5,171.0,1.4,0.7,71.0
2024-10-31T22:00,15.1,9.2,177.0,1.7,1.2,70.0
2024-10-31T23:00,14.6,8.9,188.0,2.2,1.8,69.0
2024-11-01T00:00,14.2,8.9,196.0,3.6,4.4,72.0
2024-11-01T01:00,13.8,8.7,197.0,3.9,4.8,72.0
2024-11-01T02:00,12.9,8.2,195.0,4.3,5.3,73.0
2024-11-01T03:00,11.9,7.6,191.0,4.5,6.0,74.0
2024-11-01T04:00,11.3,7.3,186.0,4.3,7.1,76.0
2024-11-01T05:00,11.1,7.1,179.0,3.9,8.2,80.0
2024-11-01T06:00,10.6,6.8,172.0,3.4,8.6,83.0
2024-11-01T07:00,11.2,7.2,164.0,2.7,7.6,88.0
2024-11-01T08:00,11.5,7.4,155.0,1.9,5.8,93.0
2024-11-01T09:00,10.7,6.8,149.0,1.4,4.2,95.0
2024-11-01T10:00,9.3,5.8,147.0,1.4,2.9,90.0
2024-11-01T11:00,8.0,4.9,148.0,1.6,1.8,81.0
2024-11-01T12:00,15.4,9.4,152.0,2.2,1.0,72.0
2024-11-01T13:00,15.8,9.7,158.0,2.6,1.1,69.0
2024-11-01T14:00,16.2,9.9,168.0,3.2,1.2,64.0
2024-11-01T15:00,16.8,10.2,183.0,3.6,1.3,61.0
2024-11-01T16:00,16.7,10.2,210.0,3.7,1.4,60.0
2024-11-01T17:00,17.2,10.5,242.0,3.7,1.4,59.0
2024-11-01T18:00,16.8,10.3,265.0,3.5,1.4,59.0
2024-11-01T19:00,16.2,9.9,272.0,3.1,1.4,59.0
2024-11-01T20:00,15.6,9.5,269.0,2.6,1.4,59.0
2024-11-01T21:00,14.5,8.9,259.0,2.3,1.4,59.0
2024-11-01T22:00,13.9,8.6,239.0,2.4,1.5,57.0
2024-11-01T23:00,13.9,8.6,212.0,2.7,1.6,55.0
2024-11-02T00:00,16.3,10.3,195.0,3.8,2.1,54.0
2024-11-02T01:00,17.7,11.2,200.0,3.8,2.5,55.0
2024-11-02T02:00,18.4,11.6,215.0,3.9,2.9,57.0
2024-11-02T03:00,18.1,11.2,221.0,3.7,3.3,61.0
2024-11-02T04:00,17.8,10.9,209.0,3.1,3.5,70.0
2024-11-02T05:00,18.2,10.9,188.0,2.3,3.5,81.0
2024-11-02T06:00,19.0,11.3,170.0,1.7,3.3,88.0
2024-11-02T07:00,19.3,11.3,157.0,1.3,2.8,89.0
2024-11-02T08:00,19.0,11.0,147.0,1.1,2.2,86.0
2024-11-02T09:00,18.6,10.9,140.0,1.0,1.6,81.0
2024-11-02T10:00,18.5,10.9,137.0,1.2,1.2,74.0
2024-11-02T11:00,19.1,11.3,138.0,1.5,0.8,64.0
2024-11-02T12:00,9.3,5.7,144.0,2.0,0.8,55.0
2024-11-02T13:00,11.1,6.8,160.0,2.1,0.8,54.0
2024-11-02T14:00,12.2,7.4,182.0,2.2,0.8,52.0
2024-11-02T15:00,13.2,8.0,195.0,2.4,0.9,51.0
2024-11-02T16:00,14.5,8.8,189.0,2.8,1.0,51.0
2024-11-02T17:00,15.8,9.7,174.0,3.4,1.1,51.0
2024-11-02T18:00,15.5,9.5,166.0,3.6,1.2,52.0
2024-11-02T19:00,15.2,9.2,172.0,3.3,1.2,53.0
2024-11-02T20:00,14.3,8.7,183.0,2.7,1.1,54.0
2024-11-02T21:00,14.6,8.8,193.0,2.2,1.1,55.0
2024-11-02T22:00,13.2,8.1,196.0,2.0,1.0,55.0
2024-11-02T23:00,11.6,7.1,196.0,2.0,1.0,55.0
2024-11-03T00:00,15.3,9.5,199.0,1.9,1.1,53.0
2024-11-03T01:00,15.3,9.4,211.0,2.3,1.4,53.0
2024-11-03T02:00,14.7,9.1,225.0,2.8,1.8,54.0
2024-11-03T03:00,14.4,8.9,230.0,3.0,2.2,57.0
2024-11-03T04:00,14.6,9.0,216.0,2.7,2.6,65.0
2024-11-03T05:00,15.7,9.5,193.0,2.1,3.1,76.0
2024-11-03T06:00,16.9,10.1,173.0,1.6,3.2,83.0
2024-11-03T07:00,18.0,10.6,162.0,1.3,2.9,83.0
2024-11-03T08:00,19.0,11.1,154.0,1.1,2.2,79.0
2024-11-03T09:00,18.9,10.9,150.0,1.1,1.7,74.0
2024-11-03T10:00,18.6,10.7,151.0,1.3,1.4,69.0
2024-11-03T11:00,18.7,10.8,156.0,1.6,1.2,64.0
2024-11-03T12:00,19.9,11.5,162.0,2.2,0.7,56.0
2024-11-03T13:00,20.0,11.6,167.0,2.2,0.7,54.0
2024-11-03T14:00,20.3,11.7,173.0,2.3,0.8,51.0
2024-11-03T15:00,20.0,11.5,179.0,2.2,0.8,50.0
2024-11-03T16:00,19.6,11.1,187.0,2.0,0.7,51.0
2024-11-03T17:00,18.8,10.6,196.0,1.7,0.6,53.0
2024-11-03T18:00,17.8,10.0,201.0,1.5,0.6,54.0
2024-11-03T19:00,16.5,9.3,198.0,1.5,0.7,55.0
2024-11-03T20:00,17.0,9.6,192.0,1.7,0.8,55.0
2024-11-03T21:00,16.1,9.2,190.0,1.9,1.0,55.0
2024-11-03T22:00,14.4,8.4,197.0,2.2,1.2,53.0
2024-11-03T23:00,13.7,8.0,210.0,2.7,1.4,51.0
2024-11-04T00:00,17.5,10.2,221.0,2.6,1.3,52.0
2024-11-04T01:00,18.6,10.9,233.0,2.7,1.4,53.0
2024-11-04T02:00,19.0,11.0,245.0,2.8,1.6,55.0
2024-11-04T03:00,19.2,11.1,245.0,2.7,1.8,58.0
2024-11-04T04:00,19.2,11.1,224.0,2.3,1.9,64.0
2024-11-04T05:00,19.7,11.3,191.0,1.7,1.9,71.0
2024-11-04T06:00,20.8,11.8,168.0,1.2,1.9,77.0
2024-11-04T07:00,21.5,12.2,165.0,1.0,1.8,80.0
2024-11-04T08:00,22.2,12.5,171.0,1.0,1.7,80.0
2024-11-04T09:00,22.5,12.7,180.0,1.1,1.6,79.0
2024-11-04T10:00,22.5,12.7,189.0,1.5,1.4,75.0
2024-11-04T11:00,21.9,12.3,201.0,2.0,1.2,69.0
2024-11-04T12:00,18.9,10.7,216.0,2.5,1.3,65.0
2024-11-04T13:00,18.5,10.5,234.0,2.5,1.3,62.0
2024-11-04T14:00,17.9,10.2,256.0,2.5,1.2,58.0
2024-11-04T15:00,17.5,10.0,286.0,2.5,1.2,55.0
2024-11-04T16:00,17.8,10.2,340.0,2.4,1.2,55.0
2024-11-04T17:00,18.6,10.7,,2.4,1.1,56.0
2024-11-04T18:00,19.8,11.4,,2.4,1.1,58.0
2024-11-04T19:00,21.5,12.5,,2.5,1.1,61.0
2024-11-04T20:00,23.8,13.9,310.0,2.7,1.1,63.0
2024-11-04T21:00,26.2,15.5,261.0,3.3,1.3,65.0
2024-11-04T22:00,28.3,16.9,276.0,4.5,1.8,63.0
2024-11-04T23:00,31.0,18.7,320.0,5.9,2.5,60.0
2024-11-05T00:00,34.2,20.7,354.0,6.8,3.2,60.0
2024-11-05T01:00,37.3,22.5,367.0,7.7,5.0,60.0
2024-11-05T02:00,40.3,24.0,371.0,8.8,7.5,60.0
2024-11-05T03:00,43.5,25.8,359.0,9.0,9.3,68.0
2024-11-05T04:00,46.0,27.1,319.0,7.3,9.9,90.0
2024-11-05T05:00,48.1,28.0,263.0,4.7,9.8,120.0
2024-11-05T06:00,50.6,29.0,224.0,2.6,9.3,142.0
2024-11-05T07:00,53.4,30.2,219.0,1.8,8.3,149.0
2024-11-05T08:00,56.1,31.4,231.0,1.5,6.8,149.0
2024-11-05T09:00,58.6,32.7,244.0,1.6,5.8,147.0
2024-11-05T10:00,61.0,34.0,253.0,2.0,5.5,144.0
2024-11-05T11:00,62.9,35.0,262.0,2.7,5.6,140.0
2024-11-05T12:00,67.5,37.8,277.0,3.6,6.8,137.0
2024-11-05T13:00,71.2,39.7,299.0,3.6,6.9,132.0
2024-11-05T14:00,73.3,40.6,326.0,3.6,7.1,125.0
2024-11-05T15:00,73.8,40.7,351.0,3.7,7.1,118.0
2024-11-05T16:00,73.8,40.6,371.0,3.8,6.6,113.0
2024-11-05T17:00,74.0,40.6,,3.8,5.9,109.0
2024-11-05T18:00,74.7,41.2,,4.1,5.8,104.0
2024-11-05T19:00,76.6,42.4,,4.7,6.8,99.0
2024-11-05T20:00,78.5,43.7,,5.5,8.3,93.0
2024-11-05T21:00,,44.4,,6.1,9.6,88.0
2024-11-05T22:00,,45.1,,6.2,10.5,83.0
2024-11-05T23:00,,45.4,,6.2,11.1,78.0
2024-11-06T00:00,,45.4,,4.9,10.3,90.0
2024-11-06T01:00,74.5,42.1,,5.1,10.0,93.0
2024-11-06T02:00,67.1,38.2,,5.3,9.6,97.0
2024-11-06T03:00,63.3,36.2,,5.2,9.2,102.0
2024-11-06T04:00,57.6,33.2,349.0,4.6,9.0,111.0
2024-11-06T05:00,48.5,28.2,300.0,3.7,8.8,121.0
2024-11-06T06:00,40.4,23.7,260.0,2.9,8.2,126.0
2024-11-06T07:00,29.7,17.6,238.0,2.3,6.9,122.0
2024-11-06T08:00,19.7,11.7,226.0,1.8,5.2,113.0
2024-11-06T09:00,13.4,7.9,222.0,1.9,4.0,104.0
2024-11-06T10:00,11.0,6.4,225.0,2.9,3.8,97.0
2024-11-06T11:00,10.1,5.8,236.0,4.3,4.0,90.0
2024-11-06T12:00,17.1,10.0,255.0,6.1,4.7,78.0
2024-11-06T13:00,15.0,8.8,289.0,6.6,5.3,75.0
2024-11-06T14:00,13.4,7.9,330.0,7.4,6.1,70.0
2024-11-06T15:00,12.3,7.3,355.0,8.1,6.8,66.0
2024-11-06T16:00,12.4,7.4,349.0,8.9,7.3,63.0
2024-11-06T17:00,13.1,7.9,326.0,9.6,7.8,60.0
2024-11-06T18:00,13.9,8.4,309.0,9.7,7.8,58.0
2024-11-06T19:00,13.5,8.2,307.0,8.8,7.1,58.0
2024-11-06T20:00,12.7,7.7,311.0,7.3,6.0,60.0
2024-11-06T21:00,11.7,7.0,314.0,6.1,5.2,62.0
2024-11-06T22:00,12.0,7.1,313.0,5.4,4.9,63.0
2024-11-06T23:00,11.8,6.9,311.0,4.9,4.9,64.0
2024-11-07T00:00,12.2,7.4,305.0,6.3,7.1,58.0
2024-11-07T01:00,10.7,6.5,291.0,6.2,6.7,61.0
2024-11-07T02:00,9.4,5.7,273.0,6.1,6.0,64.0
2024-11-07T03:00,8.5,5.2,258.0,5.8,5.6,70.0
2024-11-07T04:00,9.0,5.6,251.0,5.0,5.6,79.0
2024-11-07T05:00,9.3,5.7,247.0,4.0,5.8,89.0
2024-11-07T06:00,10.7,6.2,242.0,3.2,5.7,97.0
2024-11-07T07:00,12.4,7.1,234.0,2.6,5.1,101.0
2024-11-07T08:00,13.2,7.4,224.0,2.0,4.2,101.0
2024-11-07T09:00,14.2,7.8,218.0,1.9,3.6,100.0
2024-11-07T10:00,14.1,7.7,217.0,2.3,3.4,96.0
2024-11-07T11:00,13.7,7.5,218.0,3.1,3.4,89.0
2024-11-07T12:00,14.4,7.9,222.0,4.0,3.1,83.0
2024-11-07T13:00,14.5,8.0,228.0,4.5,3.6,80.0
2024-11-07T14:00,14.8,8.1,236.0,5.2,4.3,75.0
2024-11-07T15:00,15.4,8.4,243.0,5.6,4.8,72.0
2024-11-07T16:00,16.2,8.8,247.0,5.5,4.8,70.0
2024-11-07T17:00,18.0,9.7,250.0,5.2,4.5,70.0
2024-11-07T18:00,19.5,10.4,254.0,4.9,4.2,69.0
2024-11-07T19:00,20.5,10.9,263.0,4.6,4.1,69.0
2024-11-07T20:00,21.4,11.3,273.0,4.3,3.9,69.0
2024-11-07T21:00,21.7,11.5,278.0,4.2,4.0,68.0
2024-11-07T22:00,21.1,11.3,272.0,4.5,4.3,65.0
2024-11-07T23:00,20.5,11.1,261.0,5.1,4.8,62.0
2024-11-08T00:00,20.7,11.1,251.0,3.8,3.7,66.0
2024-11-08T01:00,21.4,11.5,247.0,3.6,3.6,69.0
2024-11-08T02:00,22.6,12.1,245.0,3.2,3.4,74.0
2024-11-08T03:00,23.4,12.5,242.0,2.8,3.1,79.0
2024-11-08T04:00,23.6,12.7,238.0,2.2,2.7,85.0
2024-11-08T05:00,23.1,12.4,234.0,1.5,2.2,91.0
2024-11-08T06:00,22.3,11.9,228.0,1.0,1.8,94.0
2024-11-08T07:00,21.8,11.6,217.0,0.8,1.4,92.0
2024-11-08T08:00,21.2,11.4,204.0,0.8,1.1,86.0
2024-11-08T09:00,20.7,11.1,196.0,0.9,0.8,81.0
2024-11-08T10:00,19.9,10.7,196.0,1.2,0.7,77.0
2024-11-08T11:00,19.1,10.2,202.0,1.6,0.6,74.0
2024-11-08T12:00,15.4,8.3,210.0,2.2,0.9,73.0
2024-11-08T13:00,15.5,8.4,219.0,2.6,1.3,71.0
2024-11-08T14:00,15.4,8.4,231.0,3.1,1.8,69.0
2024-11-08T15:00,15.5,8.4,251.0,3.6,2.3,67.0
2024-11-08T16:00,15.9,8.6,288.0,3.9,2.5,66.0
2024-11-08T17:00,16.4,8.9,333.0,4.1,2.6,66.0
2024-11-08T18:00,16.4,8.9,360.0,4.4,2.9,65.0
2024-11-08T19:00,16.3,8.9,357.0,4.8,3.4,64.0
2024-11-08T20:00,16.8,9.1,336.0,5.3,4.0,62.0
2024-11-08T21:00,17.5,9.6,314.0,5.7,4.6,60.0
2024-11-08T22:00,18.8,10.3,292.0,6.2,5.3,57.0
2024-11-08T23:00,19.3,10.6,269.0,6.8,6.1,54.0
2024-11-09T00:00,19.6,10.9,257.0,6.8,5.1,50.0
2024-11-09T01:00,20.4,11.4,268.0,7.2,6.0,51.0
2024-11-09T02:00,21.8,12.3,290.0,7.7,7.2,53.0
2024-11-09T03:00,22.1,12.3,302.0,7.6,7.8,58.0
2024-11-09T04:00,22.4,12.3,293.0,6.2,7.3,70.0
2024-11-09T05:00,23.2,12.6,274.0,4.1,6.2,86.0
2024-11-09T06:00,25.3,13.4,255.0,2.4,5.1,97.0
2024-11-09T07:00,26.4,13.8,237.0,1.6,4.0,98.0
2024-11-09T08:00,25.7,13.5,218.0,1.3,2.8,93.0
2024-11-09T09:00,26.0,13.8,210.0,1.2,2.0,89.0
2024-11-09T10:00,28.3,15.2,217.0,1.5,1.6,86.0
2024-11-09T11:00,32.0,17.5,233.0,2.0,1.5,83.0
2024-11-09T12:00,34.2,18.7,253.0,3.0,2.8,83.0
2024-11-09T13:00,38.0,21.1,274.0,3.3,2.9,83.0
2024-11-09T14:00,41.6,23.3,299.0,3.6,3.1,83.0
2024-11-09T15:00,46.8,26.5,323.0,3.8,3.2,84.0
2024-11-09T16:00,48.8,27.8,348.0,3.6,3.0,86.0
2024-11-09T17:00,48.8,27.8,372.0,3.3,2.7,89.0
2024-11-09T18:00,46.9,26.7,,3.1,2.7,91.0
2024-11-09T19:00,45.6,25.8,,3.3,3.1,90.0
2024-11-09T20:00,44.9,25.3,,3.8,3.8,87.0
2024-11-09T21:00,44.7,25.0,,4.2,4.5,85.0
2024-11-09T22:00,43.4,24.2,,4.4,5.3,83.0
2024-11-09T23:00,42.5,23.6,,4.6,6.1,81.0
2024-11-10T00:00,41.9,23.6,,5.0,6.4,77.0
2024-11-10T01:00,44.6,25.3,,5.6,7.1,80.0
2024-11-10T02:00,43.8,24.9,,6.4,8.0,84.0
2024-11-10T03:00,41.0,23.2,,6.5,8.4,91.0
2024-11-10T04:00,35.2,19.5,,5.3,7.8,103.0
2024-11-10T05:00,30.3,16.2,341.0,3.4,6.7,117.0
2024-11-10T06:00,26.9,13.9,290.0,1.9,5.5,126.0
2024-11-10T07:00,24.9,12.5,258.0,1.3,4.4,124.0
2024-11-10T08:00,24.3,12.1,236.0,1.0,3.3,116.0
2024-11-10T09:00,24.6,12.3,226.0,1.1,2.5,110.0
2024-11-10T10:00,25.9,13.2,231.0,1.5,2.2,107.0
2024-11-10T11:00,27.8,14.4,247.0,2.2,2.3,106.0
2024-11-10T12:00,38.3,20.3,262.0,2.5,2.0,99.0
2024-11-10T13:00,40.4,21.6,275.0,2.9,2.5,99.0
2024-11-10T14:00,43.1,23.3,287.0,3.3,3.2,100.0
2024-11-10T15:00,46.3,25.5,291.0,3.7,3.7,101.0
2024-11-10T16:00,49.8,27.6,280.0,3.8,3.9,104.0
2024-11-10T17:00,52.4,29.2,260.0,3.7,4.0,107.0
2024-11-10T18:00,53.4,29.8,243.0,3.8,4.3,108.0
2024-11-10T19:00,53.6,29.9,228.0,4.2,5.1,106.0
2024-11-10T20:00,53.4,29.8,217.0,4.8,6.2,101.0
2024-11-10T21:00,54.8,30.6,225.0,5.3,7.3,97.0
2024-11-10T22:00,58.6,32.9,273.0,5.6,8.5,91.0
2024-11-10T23:00,61.0,34.7,340.0,5.8,9.8,85.0
2024-11-11T00:00,59.0,33.6,,5.0,9.9,94.0
2024-11-11T01:00,60.3,34.8,,5.5,10.4,101.0
2024-11-11T02:00,61.2,35.7,372.0,6.1,10.9,112.0
2024-11-11T03:00,60.8,35.6,350.0,6.1,11.0,122.0
2024-11-11T04:00,55.9,32.0,328.0,5.0,10.1,132.0
2024-11-11T05:00,50.5,27.8,303.0,3.3,8.7,143.0
2024-11-11T06:00,44.2,23.7,283.0,2.0,7.5,149.0
2024-11-11T07:00,39.9,21.1,271.0,1.5,6.5,149.0
2024-11-11T08:00,37.8,19.9,264.0,1.4,5.7,146.0
2024-11-11T09:00,36.8,19.3,266.0,1.7,5.3,141.0
2024-11-11T10:00,36.3,19.1,285.0,2.6,5.5,136.0
2024-11-11T11:00,34.8,18.3,314.0,3.9,6.2,131.0
2024-11-11T12:00,49.5,27.1,331.0,5.2,8.2,137.0
2024-11-11T13:00,49.5,27.4,327.0,6.1,9.3,129.0
2024-11-11T14:00,49.7,27.8,311.0,7.3,10.7,117.0
2024-11-11T15:00,46.6,26.0,297.0,8.0,11.7,108.0
2024-11-11T16:00,43.3,24.1,290.0,7.8,12.0,105.0
2024-11-11T17:00,41.2,22.9,283.0,7.0,11.7,105.0
2024-11-11T18:00,39.3,21.8,272.0,6.1,10.9,103.0
2024-11-11T19:00,34.5,19.0,249.0,5.0,9.0,95.0
2024-11-11T20:00,28.5,15.6,221.0,3.8,6.5,84.0
2024-11-11T21:00,22.2,12.0,200.0,2.8,4.6,75.0
2024-11-11T22:00,17.8,9.7,191.0,2.3,3.8,70.0
2024-11-11T23:00,17.1,9.5,189.0,2.1,3.5,67.0
2024-11-12T00:00,26.1,15.3,188.0,3.3,7.6,95.0
2024-11-12T01:00,21.9,13.2,186.0,3.9,7.2,91.0
2024-11-12T02:00,17.9,10.9,184.0,4.8,6.6,85.0
2024-11-12T03:00,14.6,9.1,181.0,5.4,6.2,80.0
2024-11-12T04:00,12.7,8.1,177.0,5.4,6.2,78.0
2024-11-12T05:00,11.7,7.7,171.0,5.1,6.5,78.0
2024-11-12T06:00,9.6,6.4,161.0,4.7,6.4,77.0
2024-11-12T07:00,8.6,5.6,142.0,4.2,5.8,75.0
2024-11-12T08:00,8.8,5.5,119.0,3.6,4.9,73.0
2024-11-12T09:00,7.8,4.7,104.0,3.2,4.0,69.0
2024-11-12T10:00,7.0,4.1,104.0,3.2,3.1,62.0
2024-11-12T11:00,6.6,3.7,113.0,3.4,2.3,54.0
2024-11-12T12:00,10.2,7.5,124.0,2.8,0.5,56.0
2024-11-12T13:00,9.3,6.8,139.0,2.9,0.5,55.0
2024-11-12T14:00,8.5,6.1,157.0,3.1,0.5,53.0
2024-11-12T15:00,7.4,5.3,170.0,3.2,0.5,52.0
2024-11-12T16:00,6.8,4.7,174.0,3.1,0.5,53.0
2024-11-12T17:00,6.3,4.3,174.0,2.8,0.5,56.0
2024-11-12T18:00,6.1,4.2,171.0,2.5,0.5,58.0
2024-11-12T19:00,5.9,4.1,166.0,2.2,0.5,60.0
2024-11-12T20:00,5.7,3.9,158.0,1.8,0.4,61.0
2024-11-12T21:00,5.6,3.9,153.0,1.5,0.4,62.0
2024-11-12T22:00,5.5,3.8,153.0,1.3,0.4,63.0
2024-11-12T23:00,5.3,3.7,155.0,1.3,0.4,63.0
2024-11-13T00:00,4.0,2.9,156.0,3.0,0.9,57.0
2024-11-13T01:00,3.7,2.7,153.0,3.2,0.8,57.0
2024-11-13T02:00,3.4,2.5,150.0,3.6,0.8,57.0
2024-11-13T03:00,3.7,2.8,148.0,3.7,0.7,57.0
2024-11-13T04:00,4.1,3.2,150.0,3.6,0.7,58.0
2024-11-13T05:00,4.6,3.6,155.0,3.2,0.7,58.0
2024-11-13T06:00,4.4,3.3,158.0,2.9,0.7,59.0
2024-11-13T07:00,4.5,3.2,158.0,2.5,0.6,59.0
2024-11-13T08:00,4.5,3.2,156.0,2.1,0.5,59.0
2024-11-13T09:00,4.2,2.9,157.0,1.9,0.4,58.0
2024-11-13T10:00,4.1,2.7,162.0,2.1,0.3,56.0
2024-11-13T11:00,4.3,2.8,169.0,2.6,0.3,54.0
2024-11-13T12:00,6.1,3.8,173.0,3.4,0.3,53.0
2024-11-13T13:00,6.4,4.2,172.0,3.2,0.3,53.0
2024-11-13T14:00,6.7,4.5,168.0,3.0,0.4,52.0
2024-11-13T15:00,7.0,4.7,164.0,2.8,0.4,52.0
2024-11-13T16:00,7.2,5.0,161.0,2.6,0.4,52.0
2024-11-13T17:00,7.1,4.9,159.0,2.4,0.3,53.0
2024-11-13T18:00,6.6,4.4,157.0,2.2,0.3,53.0
2024-11-13T19:00,6.3,4.1,154.0,1.8,0.3,53.0
2024-11-13T20:00,6.7,4.4,151.0,1.5,0.3,53.0
2024-11-13T21:00,6.2,4.1,151.0,1.2,0.3,53.0
2024-11-13T22:00,5.7,3.8,156.0,1.2,0.3,53.0
2024-11-13T23:00,5.8,4.0,163.0,1.3,0.4,53.0
2024-11-14T00:00,7.0,4.7,165.0,1.4,0.4,54.0
2024-11-14T01:00,7.4,5.0,156.0,1.7,0.5,55.0
2024-11-14T02:00,7.7,5.3,142.0,2.2,0.7,56.0
2024-11-14T03:00,7.6,5.3,135.0,2.4,0.8,58.0
2024-11-14T04:00,7.2,5.0,142.0,2.1,0.7,62.0
2024-11-14T05:00,7.4,5.2,157.0,1.5,0.5,68.0
2024-11-14T06:00,7.7,5.3,171.0,1.0,0.4,73.0
2024-11-14T07:00,8.1,5.7,183.0,0.8,0.4,77.0
2024-11-14T08:00,8.5,6.0,195.0,0.8,0.4,81.0
2024-11-14T09:00,8.7,6.2,205.0,1.0,0.4,83.0
2024-11-14T10:00,8.8,6.3,209.0,1.5,0.5,81.0
2024-11-14T11:00,9.1,6.4,211.0,2.1,0.5,77.0
2024-11-14T12:00,8.4,5.7,216.0,2.8,0.3,70.0
2024-11-14T13:00,8.0,5.6,229.0,2.6,0.3,69.0
2024-11-14T14:00,7.0,4.9,246.0,2.3,0.4,69.0
2024-11-14T15:00,6.4,4.5,257.0,2.2,0.5,68.0
2024-11-14T16:00,6.5,4.7,257.0,2.3,0.5,67.0
2024-11-14T17:00,5.9,4.4,252.0,2.6,0.6,67.0
2024-11-14T18:00,5.5,4.1,248.0,3.0,0.9,66.0
2024-11-14T19:00,5.2,4.0,250.0,3.6,1.6,64.0
2024-11-14T20:00,5.3,4.1,254.0,4.5,2.7,62.0
2024-11-14T21:00,5.7,4.5,254.0,5.2,3.6,60.0
2024-11-14T22:00,6.1,4.8,244.0,5.9,4.5,58.0
2024-11-14T23:00,6.6,5.2,229.0,6.5,5.3,55.0
2024-11-15T00:00,7.5,5.4,223.0,2.3,1.1,67.0
2024-11-15T01:00,8.2,6.0,235.0,2.8,1.1,66.0
2024-11-15T02:00,8.9,6.5,255.0,3.4,1.1,66.0
2024-11-15T03:00,9.3,6.8,265.0,3.7,1.1,66.0
2024-11-15T04:00,9.3,6.9,253.0,3.3,1.0,68.0
2024-11-15T05:00,8.9,6.5,229.0,2.6,0.8,70.0
2024-11-15T06:00,8.3,5.9,210.0,2.0,0.7,72.0
2024-11-15T07:00,7.9,5.5,200.0,1.6,0.6,73.0
2024-11-15T08:00,7.1,4.9,194.0,1.3,0.4,73.0
2024-11-15T09:00,6.8,4.7,190.0,1.2,0.3,72.0
2024-11-15T10:00,6.6,4.5,189.0,1.6,0.3,70.0
2024-11-15T11:00,6.2,4.2,191.0,2.1,0.3,67.0
2024-11-15T12:00,11.8,8.1,193.0,2.7,0.7,68.0
2024-11-15T13:00,11.0,7.5,193.0,2.5,0.6,67.0
2024-11-15T14:00,10.9,7.3,193.0,2.2,0.5,65.0
2024-11-15T15:00,10.4,7.0,199.0,2.0,0.4,64.0
2024-11-15T16:00,9.8,6.7,217.0,1.9,0.3,63.0
2024-11-15T17:00,8.8,6.1,241.0,1.9,0.3,63.0
2024-11-15T18:00,8.8,6.0,254.0,1.9,0.3,63.0
2024-11-15T19:00,8.0,5.6,248.0,1.9,0.4,63.0
2024-11-15T20:00,7.6,5.3,231.0,2.0,0.6,62.0
2024-11-15T21:00,7.2,5.1,214.0,2.1,0.8,62.0
2024-11-15T22:00,6.9,4.9,198.0,2.1,0.9,62.0
2024-11-15T23:00,6.9,4.9,181.0,2.2,0.9,61.0
2024-11-16T00:00,5.6,4.0,172.0,1.2,0.3,63.0
2024-11-16T01:00,5.8,4.2,177.0,1.6,0.5,62.0
2024-11-16T02:00,6.0,4.5,190.0,2.1,0.7,61.0
2024-11-16T03:00,6.2,4.6,198.0,2.3,0.8,62.0
2024-11-16T04:00,6.5,4.7,194.0,2.0,0.8,65.0
2024-11-16T05:00,6.8,4.8,186.0,1.5,0.7,69.0
2024-11-16T06:00,7.1,5.0,178.0,1.1,0.6,73.0
2024-11-16T07:00,7.4,5.3,173.0,0.9,0.6,75.0
2024-11-16T08:00,7.1,5.1,170.0,0.9,0.5,76.0
2024-11-16T09:00,6.8,4.8,169.0,1.0,0.5,77.0
2024-11-16T10:00,6.3,4.5,172.0,1.3,0.5,77.0
2024-11-16T11:00,5.8,4.1,177.0,1.8,0.5,77.0
2024-11-16T12:00,9.3,6.8,184.0,2.1,0.3,73.0
2024-11-16T13:00,9.0,6.8,191.0,2.4,0.4,73.0
2024-11-16T14:00,9.4,7.3,198.0,2.7,0.4,72.0
2024-11-16T15:00,10.2,8.1,212.0,3.0,0.5,72.0
2024-11-16T16:00,11.3,9.1,238.0,3.1,0.6,73.0
2024-11-16T17:00,12.7,10.5,269.0,3.0,0.6,74.0
2024-11-16T18:00,14.2,11.9,290.0,3.0,0.7,75.0
2024-11-16T19:00,16.1,13.8,291.0,3.0,0.8,77.0
2024-11-16T20:00,17.9,15.5,281.0,3.0,1.0,79.0
2024-11-16T21:00,19.8,17.6,275.0,3.0,1.2,81.0
2024-11-16T22:00,22.1,19.8,278.0,3.0,1.4,84.0
2024-11-16T23:00,24.7,22.5,285.0,2.9,1.5,88.0
2024-11-17T00:00,31.4,28.9,295.0,2.5,1.4,99.0
2024-11-17T01:00,35.0,32.4,309.0,2.4,1.3,105.0
2024-11-17T02:00,39.9,36.7,325.0,2.3,1.2,114.0
2024-11-17T03:00,45.2,41.3,336.0,2.1,1.2,121.0
2024-11-17T04:00,49.9,45.6,335.0,1.7,1.3,125.0
2024-11-17T05:00,53.1,48.4,329.0,1.2,1.6,129.0
2024-11-17T06:00,55.1,49.9,325.0,0.9,1.8,130.0
2024-11-17T07:00,56.3,,327.0,0.8,2.1,129.0
2024-11-17T08:00,56.6,,332.0,0.8,2.3,127.0
2024-11-17T09:00,55.9,,338.0,1.0,2.6,125.0
2024-11-17T10:00,54.4,49.4,346.0,1.5,2.9,122.0
2024-11-17T11:00,52.2,47.4,355.0,2.1,3.1,119.0
2024-11-17T12:00,48.8,44.2,357.0,2.5,3.2,115.0
2024-11-17T13:00,46.6,42.0,346.0,2.5,3.5,116.0
2024-11-17T14:00,44.5,40.0,328.0,2.6,3.8,117.0
2024-11-17T15:00,43.3,38.9,313.0,2.6,4.0,119.0
2024-11-17T16:00,43.2,38.6,303.0,2.7,3.9,121.0
2024-11-17T17:00,43.5,39.0,297.0,2.8,3.6,123.0
2024-11-17T18:00,44.0,39.3,302.0,2.8,3.4,124.0
2024-11-17T19:00,45.1,40.2,323.0,2.6,3.2,125.0
2024-11-17T20:00,45.5,40.5,355.0,2.3,3.0,125.0
2024-11-17T21:00,46.3,41.3,,2.2,2.9,124.0
2024-11-17T22:00,45.9,40.9,,2.4,3.0,120.0
2024-11-17T23:00,46.3,40.9,,2.9,3.1,116.0
2024-11-18T00:00,42.4,36.6,,1.3,1.3,123.0
2024-11-18T01:00,42.7,36.7,,1.7,1.3,122.0
2024-11-18T02:00,42.0,36.2,,2.3,1.4,121.0
2024-11-18T03:00,41.7,35.6,350.0,2.5,1.4,121.0
2024-11-18T04:00,40.3,34.3,323.0,2.1,1.3,122.0
2024-11-18T05:00,39.9,34.0,302.0,1.5,1.2,124.0
2024-11-18T06:00,39.7,33.6,288.0,1.0,1.1,124.0
2024-11-18T07:00,39.2,33.3,282.0,0.8,1.2,122.0
2024-11-18T08:00,39.9,33.8,283.0,0.8,1.3,119.0
2024-11-18T09:00,39.9,33.9,290.0,0.9,1.5,116.0
2024-11-18T10:00,41.2,35.2,306.0,1.3,1.8,114.0
2024-11-18T11:00,40.9,35.0,328.0,1.8,2.1,113.0
2024-11-18T12:00,45.3,40.0,343.0,2.3,2.8,115.0
2024-11-18T13:00,43.7,38.6,343.0,2.2,2.8,116.0
2024-11-18T14:00,42.6,37.7,336.0,2.1,2.9,118.0
2024-11-18T15:00,42.4,37.5,332.0,2.0,2.9,119.0
2024-11-18T16:00,42.5,37.6,333.0,2.0,2.9,120.0
2024-11-18T17:00,43.2,38.3,337.0,2.1,2.9,121.0
2024-11-18T18:00,44.1,39.1,348.0,2.2,2.9,121.0
2024-11-18T19:00,45.1,40.3,371.0,2.5,3.0,119.0
2024-11-18T20:00,45.5,41.1,,2.8,3.3,116.0
2024-11-18T21:00,45.8,41.3,,3.1,3.5,113.0
2024-11-18T22:00,45.9,41.7,,3.3,3.8,109.0
2024-11-18T23:00,46.2,42.1,,3.6,4.1,106.0
2024-11-19T00:00,43.5,39.9,,4.2,4.4,99.0
2024-11-19T01:00,43.5,39.8,,4.6,4.5,101.0
2024-11-19T02:00,44.5,40.4,,5.1,4.6,103.0
2024-11-19T03:00,44.4,39.8,,5.1,4.4,106.0
2024-11-19T04:00,43.1,38.3,362.0,4.1,3.8,111.0
2024-11-19T05:00,40.3,35.2,306.0,2.6,2.9,116.0
2024-11-19T06:00,38.4,32.8,267.0,1.5,2.2,119.0
2024-11-19T07:00,36.4,31.0,259.0,1.1,1.8,117.0
2024-11-19T08:00,35.4,30.0,268.0,1.0,1.5,113.0
2024-11-19T09:00,35.4,30.0,280.0,1.1,1.3,109.0
2024-11-19T10:00,35.9,30.5,290.0,1.4,1.3,107.0
2024-11-19T11:00,36.6,31.2,302.0,2.0,1.4,105.0
2024-11-19T12:00,39.6,34.3,316.0,2.8,2.0,104.0
2024-11-19T13:00,39.2,34.2,333.0,3.1,2.6,105.0
2024-11-19T14:00,38.2,33.5,350.0,3.6,3.4,107.0
2024-11-19T15:00,37.6,32.9,364.0,3.8,4.1,109.0
2024-11-19T16:00,36.7,32.0,369.0,3.7,4.4,111.0
2024-11-19T17:00,36.7,31.7,370.0,3.4,4.6,114.0
2024-11-19T18:00,36.6,31.3,374.0,3.1,4.6,116.0
2024-11-19T19:00,36.3,31.2,,2.8,4.3,117.0
2024-11-19T20:00,36.0,30.9,,2.5,3.9,117.0
2024-11-19T21:00,36.0,31.0,,2.3,3.6,117.0
2024-11-19T22:00,36.3,31.2,,2.3,3.5,116.0
2024-11-19T23:00,36.7,31.7,,2.4,3.5,114.0
2024-11-20T00:00,35.9,31.8,,3.5,5.8,116.0
2024-11-20T01:00,36.7,32.5,,4.1,5.8,116.0
2024-11-20T02:00,38.0,33.6,,5.0,5.7,117.0
2024-11-20T03:00,38.9,34.3,379.0,5.2,5.5,120.0
2024-11-20T04:00,39.6,34.6,348.0,4.3,5.1,128.0
2024-11-20T05:00,40.6,35.3,312.0,2.8,4.6,138.0
2024-11-20T06:00,40.6,35.4,289.0,1.7,4.2,145.0
2024-11-20T07:00,40.7,35.6,286.0,1.3,3.9,146.0
2024-11-20T08:00,40.2,35.3,295.0,1.2,3.7,144.0
2024-11-20T09:00,39.7,34.9,305.0,1.3,3.5,141.0
2024-11-20T10:00,39.6,34.8,313.0,1.6,3.4,137.0
2024-11-20T11:00,39.9,35.0,322.0,2.1,3.2,131.0
2024-11-20T12:00,40.2,35.7,329.0,2.9,3.3,127.0
2024-11-20T13:00,40.2,35.9,335.0,2.9,3.3,124.0
2024-11-20T14:00,40.0,35.6,340.0,2.8,3.4,121.0
2024-11-20T15:00,39.7,35.3,342.0,2.8,3.4,118.0
2024-11-20T16:00,39.6,34.9,339.0,2.7,3.3,117.0
2024-11-20T17:00,39.3,34.7,332.0,2.6,3.1,116.0
2024-11-20T18:00,39.3,34.5,328.0,2.6,3.0,115.0
2024-11-20T19:00,39.5,34.5,328.0,2.6,3.0,114.0
2024-11-20T20:00,39.6,34.7,330.0,2.7,3.1,114.0
2024-11-20T21:00,39.5,34.7,335.0,2.9,3.3,113.0
2024-11-20T22:00,39.0,34.5,343.0,3.1,3.6,111.0
2024-11-20T23:00,38.5,34.3,352.0,3.5,4.0,108.0
2024-11-21T00:00,37.0,32.9,363.0,2.6,3.5,115.0
2024-11-21T01:00,37.4,33.3,378.0,3.0,3.7,115.0
2024-11-21T02:00,38.0,33.9,,3.6,3.9,116.0
2024-11-21T03:00,38.8,34.6,,3.8,4.1,119.0
2024-11-21T04:00,39.3,35.2,382.0,3.2,4.1,125.0
2024-11-21T05:00,39.2,35.4,355.0,2.3,3.9,133.0
2024-11-21T06:00,39.5,35.7,332.0,1.6,3.8,138.0
2024-11-21T07:00,41.1,37.3,314.0,1.3,3.7,139.0
2024-11-21T08:00,40.0,36.4,298.0,1.3,3.6,139.0
2024-11-21T09:00,40.3,36.8,294.0,1.5,3.6,137.0
2024-11-21T10:00,41.3,37.8,308.0,2.1,3.8,134.0
2024-11-21T11:00,41.9,38.3,333.0,2.9,4.1,130.0
2024-11-21T12:00,46.6,43.4,354.0,4.3,6.0,136.0
2024-11-21T13:00,47.3,43.9,367.0,4.3,6.3,133.0
2024-11-21T14:00,47.5,43.9,377.0,4.3,6.7,128.0
2024-11-21T15:00,47.3,43.5,382.0,4.1,6.8,125.0
2024-11-21T16:00,46.8,43.1,379.0,3.7,6.4,124.0
2024-11-21T17:00,46.1,42.4,371.0,3.1,5.8,125.0
2024-11-21T18:00,45.4,41.7,368.0,2.7,5.3,125.0
2024-11-21T19:00,44.7,41.1,377.0,2.5,5.1,125.0
2024-11-21T20:00,44.2,40.6,,2.5,5.1,124.0
2024-11-21T21:00,43.7,40.3,,2.7,5.3,122.0
2024-11-21T22:00,43.3,40.0,,3.1,5.8,118.0
2024-11-21T23:00,43.0,39.9,,3.6,6.5,114.0
2024-11-22T00:00,43.2,40.5,,4.9,6.0,103.0
2024-11-22T01:00,43.9,41.3,,5.8,7.1,104.0
2024-11-22T02:00,44.5,41.9,379.0,7.0,8.7,106.0
2024-11-22T03:00,45.1,42.5,371.0,7.3,9.6,112.0
2024-11-22T04:00,45.1,42.4,360.0,6.0,9.4,128.0
2024-11-22T05:00,44.0,41.2,347.0,3.9,8.7,148.0
2024-11-22T06:00,42.3,39.5,334.0,2.3,7.7,160.0
2024-11-22T07:00,39.7,36.9,320.0,1.7,6.5,158.0
2024-11-22T08:00,37.1,34.3,307.0,1.5,5.0,149.0
2024-11-22T09:00,33.8,31.0,301.0,1.7,3.9,139.0
2024-11-22T10:00,32.2,29.5,305.0,2.3,3.4,131.0
2024-11-22T11:00,32.0,29.1,317.0,3.3,3.2,123.0
2024-11-22T12:00,33.3,29.7,335.0,3.7,3.1,116.0
2024-11-22T13:00,31.2,28.2,364.0,3.9,3.4,113.0
2024-11-22T14:00,30.2,27.3,,4.2,3.7,108.0
2024-11-22T15:00,31.0,27.4,,4.6,4.0,104.0
2024-11-22T16:00,30.9,27.2,,5.0,4.0,101.0
2024-11-22T17:00,31.5,27.8,,5.4,3.9,99.0
2024-11-22T18:00,32.1,28.3,,5.9,4.0,96.0
2024-11-22T19:00,32.5,28.7,,6.6,4.5,92.0
2024-11-22T20:00,33.6,29.9,,7.3,5.2,87.0
2024-11-22T21:00,37.0,32.9,,7.8,5.9,83.0
2024-11-22T22:00,43.0,38.3,,7.9,6.6,81.0
2024-11-22T23:00,41.2,37.5,,7.8,7.2,80.0
2024-11-23T00:00,29.2,25.5,,4.8,3.3,86.0
2024-11-23T01:00,29.3,25.8,,5.1,3.5,88.0
2024-11-23T02:00,28.8,25.4,,5.5,3.8,90.0
2024-11-23T03:00,27.4,24.6,376.0,5.5,4.0,95.0
2024-11-23T04:00,26.9,24.0,352.0,4.7,4.1,104.0
2024-11-23T05:00,25.3,22.4,325.0,3.5,4.0,115.0
2024-11-23T06:00,22.9,20.1,304.0,2.5,3.8,122.0
2024-11-23T07:00,20.1,17.4,293.0,1.9,3.3,122.0
2024-11-23T08:00,17.6,15.1,288.0,1.6,2.7,119.0
2024-11-23T09:00,16.5,13.7,286.0,1.5,2.2,114.0
2024-11-23T10:00,16.5,13.3,286.0,1.8,1.7,107.0
2024-11-23T11:00,15.8,12.7,288.0,2.4,1.4,98.0
2024-11-23T12:00,26.3,22.1,290.0,3.4,2.3,100.0
2024-11-23T13:00,24.5,20.5,292.0,3.8,2.5,96.0
2024-11-23T14:00,24.4,20.5,293.0,4.4,2.8,91.0
2024-11-23T15:00,23.8,20.1,296.0,4.6,2.9,88.0
2024-11-23T16:00,24.3,20.4,300.0,4.2,2.6,87.0
2024-11-23T17:00,23.3,19.3,305.0,3.5,2.1,88.0
2024-11-23T18:00,22.7,18.7,309.0,3.0,1.8,89.0
2024-11-23T19:00,23.4,19.4,309.0,2.8,1.8,90.0
2024-11-23T20:00,23.9,20.0,307.0,2.8,1.9,91.0
2024-11-23T21:00,24.2,20.4,310.0,2.8,2.1,92.0
2024-11-23T22:00,25.8,21.9,321.0,2.8,2.3,94.0
2024-11-23T23:00,27.2,23.2,336.0,2.7,2.6,95.0
2024-11-24T00:00,26.5,22.7,347.0,3.1,2.4,92.0
2024-11-24T01:00,25.0,21.5,351.0,3.9,2.9,92.0
2024-11-24T02:00,26.1,22.7,351.0,5.0,3.5,93.0
2024-11-24T03:00,27.6,24.2,343.0,5.6,4.1,96.0
2024-11-24T04:00,28.8,25.5,321.0,5.3,4.7,103.0
2024-11-24T05:00,29.6,26.2,292.0,4.6,5.2,113.0
2024-11-24T06:00,29.7,26.3,271.0,3.9,5.4,120.0
2024-11-24T07:00,29.6,26.1,266.0,3.3,5.1,123.0
2024-11-24T08:00,29.2,25.6,269.0,2.7,4.6,124.0
2024-11-24T09:00,29.3,25.6,276.0,2.4,4.1,123.0
2024-11-24T10:00,29.7,25.8,284.0,2.8,3.9,121.0
2024-11-24T11:00,30.6,26.5,296.0,3.6,3.9,118.0
2024-11-24T12:00,32.4,28.6,311.0,4.0,4.1,114.0
2024-11-24T13:00,32.2,28.5,332.0,4.1,4.1,112.0
2024-11-24T14:00,32.6,28.6,355.0,4.2,4.2,109.0
2024-11-24T15:00,32.6,28.8,372.0,4.2,4.2,107.0
2024-11-24T16:00,33.6,29.7,375.0,4.0,4.1,108.0
2024-11-24T17:00,35.0,31.0,371.0,3.6,3.9,110.0
2024-11-24T18:00,36.4,32.2,373.0,3.4,3.8,111.0
2024-11-24T19:00,37.7,33.5,,3.4,3.9,112.0
2024-11-24T20:00,38.1,34.5,,3.5,4.0,112.0
2024-11-24T21:00,39.3,35.9,,3.7,4.3,111.0
2024-11-24T22:00,40.3,37.0,,4.0,4.7,109.0
2024-11-24T23:00,41.2,38.1,,4.5,5.3,106.0
2024-11-25T00:00,41.9,39.1,,5.3,6.6,104.0
2024-11-25T01:00,43.5,40.7,,5.9,6.8,109.0
2024-11-25T02:00,45.3,42.4,,6.7,7.0,115.0
2024-11-25T03:00,46.8,43.9,,6.8,7.0,124.0
2024-11-25T04:00,48.4,45.4,,5.6,6.8,137.0
2024-11-25T05:00,49.0,45.8,,3.7,6.3,152.0
2024-11-25T06:00,47.7,44.5,,2.3,5.9,161.0
2024-11-25T07:00,46.7,43.3,,1.8,5.4,162.0
2024-11-25T08:00,45.8,42.4,382.0,1.7,5.0,157.0
2024-11-25T09:00,44.0,40.5,381.0,1.9,4.6,151.0
2024-11-25T10:00,43.2,39.6,379.0,2.4,4.3,144.0
2024-11-25T11:00,42.4,38.6,378.0,3.3,4.2,135.0
2024-11-25T12:00,43.4,39.7,379.0,4.4,4.9,127.0
2024-11-25T13:00,42.4,38.3,382.0,4.8,5.0,123.0
2024-11-25T14:00,40.6,36.4,,5.2,5.2,119.0
2024-11-25T15:00,37.1,33.3,,5.6,5.4,115.0
2024-11-25T16:00,33.4,30.0,,5.8,5.8,114.0
2024-11-25T17:00,29.9,27.1,,5.8,6.2,115.0
2024-11-25T18:00,26.6,24.4,,5.7,6.6,115.0
2024-11-25T19:00,25.3,23.2,,5.5,6.9,115.0
2024-11-25T20:00,25.1,23.0,365.0,5.1,7.1,115.0
2024-11-25T21:00,25.0,22.8,337.0,4.8,7.1,115.0
2024-11-25T22:00,24.7,22.4,329.0,4.4,6.7,114.0
2024-11-25T23:00,24.0,21.8,330.0,3.9,6.0,113.0
2024-11-26T00:00,20.4,18.3,330.0,3.0,3.6,98.0
2024-11-26T01:00,18.3,15.9,325.0,3.4,3.1,93.0
2024-11-26T02:00,16.6,14.1,319.0,3.9,2.5,87.0
2024-11-26T03:00,14.3,11.8,315.0,4.4,2.1,82.0
2024-11-26T04:00,14.4,12.1,316.0,4.8,2.3,81.0
2024-11-26T05:00,13.5,11.2,319.0,5.2,2.8,82.0
2024-11-26T06:00,13.9,11.4,321.0,5.2,3.0,83.0
2024-11-26T07:00,13.2,10.8,320.0,4.7,2.8,83.0
2024-11-26T08:00,10.5,8.6,318.0,3.8,2.3,84.0
2024-11-26T09:00,8.6,6.8,316.0,3.2,1.9,84.0
2024-11-26T10:00,8.3,6.7,317.0,3.0,1.5,84.0
2024-11-26T11:00,8.5,7.2,319.0,3.0,1.0,83.0
2024-11-26T12:00,18.4,16.2,313.0,7.5,4.2,84.0
2024-11-26T13:00,20.3,17.8,294.0,7.0,3.9,84.0
2024-11-26T14:00,22.4,19.3,268.0,6.2,3.5,83.0
2024-11-26T15:00,24.9,21.2,248.0,5.5,3.1,83.0
2024-11-26T16:00,25.4,21.7,240.0,4.8,2.6,84.0
2024-11-26T17:00,24.5,20.8,238.0,4.1,2.1,86.0
2024-11-26T18:00,23.4,20.0,242.0,3.6,1.8,88.0
2024-11-26T19:00,25.8,22.1,256.0,3.2,1.8,92.0
2024-11-26T20:00,27.2,23.5,277.0,3.0,2.0,96.0
2024-11-26T21:00,29.9,26.4,293.0,2.8,2.3,101.0
2024-11-26T22:00,30.6,27.6,295.0,2.7,2.6,106.0
2024-11-26T23:00,31.5,28.7,292.0,2.6,3.1,111.0
2024-11-27T00:00,37.3,33.8,300.0,2.6,3.2,120.0
2024-11-27T01:00,36.3,33.8,331.0,3.3,3.1,121.0
2024-11-27T02:00,36.9,34.7,372.0,4.3,3.0,123.0
2024-11-27T03:00,37.8,35.4,,5.1,3.2,125.0
2024-11-27T04:00,43.0,38.9,,5.6,3.8,129.0
2024-11-27T05:00,47.8,42.5,,5.9,4.7,134.0
2024-11-27T06:00,48.7,43.0,,5.9,5.3,137.0
2024-11-27T07:00,49.1,42.8,376.0,5.1,5.2,138.0
2024-11-27T08:00,49.9,43.2,363.0,4.0,4.9,137.0
2024-11-27T09:00,46.4,40.0,360.0,3.4,4.8,136.0
2024-11-27T10:00,47.1,40.7,379.0,4.0,5.3,133.0
2024-11-27T11:00,48.0,41.8,,5.3,6.1,129.0
2024-11-27T12:00,42.7,37.7,,6.8,8.1,124.0
2024-11-27T13:00,43.8,38.6,,6.8,8.0,122.0
2024-11-27T14:00,45.4,40.2,,6.7,7.8,120.0
2024-11-27T15:00,48.3,42.6,,6.5,7.7,119.0
2024-11-27T16:00,49.7,44.0,,6.1,7.8,121.0
2024-11-27T17:00,51.0,45.4,,5.5,8.0,124.0
2024-11-27T18:00,52.6,47.1,,4.9,8.1,127.0
2024-11-27T19:00,53.7,48.7,,4.4,8.0,128.0
2024-11-27T20:00,55.1,50.1,,3.8,7.8,129.0
2024-11-27T21:00,54.6,49.7,,3.4,7.6,129.0
2024-11-27T22:00,54.7,49.8,,2.9,7.3,130.0
2024-11-27T23:00,53.9,49.2,,2.6,6.9,131.0
2024-11-28T00:00,55.2,,381.0,2.9,12.2,141.0
2024-11-28T01:00,56.3,,365.0,4.1,13.1,139.0
2024-11-28T02:00,56.6,,349.0,5.7,14.4,136.0
2024-11-28T03:00,56.3,,345.0,6.9,15.5,133.0
2024-11-28T04:00,56.2,,363.0,7.2,16.4,131.0
2024-11-28T05:00,57.6,,,7.1,17.1,129.0
2024-11-28T06:00,60.5,,,6.8,17.6,131.0
2024-11-28T07:00,63.3,,,6.2,17.9,140.0
2024-11-28T08:00,64.7,,,5.4,17.9,152.0
2024-11-28T09:00,61.9,,,5.2,17.6,160.0
2024-11-28T10:00,60.5,,,6.2,16.8,158.0
2024-11-28T11:00,61.0,,,7.7,15.7,152.0
2024-11-28T12:00,73.1,,,8.6,13.9,146.0
2024-11-28T13:00,64.7,,,8.1,13.8,146.0
2024-11-28T14:00,63.1,,,7.4,13.5,147.0
2024-11-28T15:00,60.5,,,6.7,13.1,147.0
2024-11-28T16:00,57.9,,,6.2,12.4,148.0
2024-11-28T17:00,57.0,,,5.7,11.4,149.0
2024-11-28T18:00,53.8,,382.0,5.2,10.3,148.0
2024-11-28T19:00,51.1,48.4,361.0,4.5,8.9,143.0
2024-11-28T20:00,44.1,41.9,338.0,3.7,7.4,136.0
2024-11-28T21:00,37.4,35.3,327.0,3.2,6.5,130.0
2024-11-28T22:00,34.1,32.2,335.0,3.0,6.4,126.0
2024-11-28T23:00,30.7,29.5,355.0,3.0,6.9,122.0
2024-11-29T00:00,26.4,25.6,372.0,3.3,8.0,123.0
2024-11-29T01:00,25.4,24.7,380.0,4.3,8.2,118.0
2024-11-29T02:00,25.7,25.0,,5.8,8.6,111.0
2024-11-29T03:00,24.7,24.2,,7.0,8.9,106.0
2024-11-29T04:00,24.6,24.1,,7.8,9.4,105.0
2024-11-29T05:00,27.1,26.7,,8.4,9.8,106.0
2024-11-29T06:00,28.9,28.4,,8.6,9.7,105.0
2024-11-29T07:00,26.4,26.0,,8.1,8.5,100.0
2024-11-29T08:00,22.2,21.9,,7.3,6.7,93.0
2024-11-29T09:00,16.6,15.7,,6.9,5.3,87.0
2024-11-29T10:00,16.6,15.7,,7.3,4.7,84.0
2024-11-29T11:00,15.6,14.6,,8.1,4.6,83.0
2024-11-29T12:00,31.5,31.0,,8.7,7.6,111.0
2024-11-29T13:00,29.4,28.9,381.0,8.5,7.5,107.0
2024-11-29T14:00,26.1,25.8,374.0,8.3,7.4,101.0
2024-11-29T15:00,22.5,22.2,358.0,7.8,7.1,96.0
2024-11-29T16:00,20.0,19.8,329.0,7.0,6.7,94.0
2024-11-29T17:00,19.2,19.0,291.0,6.0,6.1,92.0
2024-11-29T18:00,18.6,18.4,257.0,5.1,5.6,91.0
2024-11-29T19:00,16.1,16.0,229.0,4.4,5.2,89.0
2024-11-29T20:00,14.3,14.2,204.0,3.9,4.8,87.0
2024-11-29T21:00,13.9,13.9,189.0,3.5,4.6,85.0
2024-11-29T22:00,11.9,11.8,186.0,3.2,4.6,83.0
2024-11-29T23:00,10.1,10.1,192.0,3.0,4.8,82.0
2024-11-30T00:00,13.7,13.6,202.0,2.9,5.5,83.0
2024-11-30T01:00,12.8,12.7,216.0,3.8,5.5,81.0
2024-11-30T02:00,11.8,11.8,235.0,5.0,5.5,77.0
2024-11-30T03:00,11.3,11.2,249.0,5.6,5.3,75.0
2024-11-30T04:00,10.4,10.4,257.0,5.2,4.6,75.0
2024-11-30T05:00,9.3,9.3,261.0,4.2,3.6,77.0
2024-11-30T06:00,8.5,8.5,262.0,3.5,3.0,78.0
2024-11-30T07:00,7.3,7.3,256.0,3.3,3.0,79.0
2024-11-30T08:00,7.0,7.0,246.0,3.4,3.3,79.0
2024-11-30T09:00,7.7,7.7,242.0,3.9,3.6,79.0
2024-11-30T10:00,7.9,7.9,249.0,4.9,3.9,78.0
2024-11-30T11:00,7.3,7.3,262.0,6.3,4.1,75.0
2024-11-30T12:00,10.1,7.7,269.0,5.8,2.6,80.0
2024-11-30T13:00,11.1,8.9,265.0,5.7,2.7,79.0
2024-11-30T14:00,13.3,10.7,256.0,5.5,2.9,79.0
2024-11-30T15:00,13.8,11.3,248.0,5.3,3.1,78.0
2024-11-30T16:00,15.1,12.3,246.0,5.1,3.3,77.0
2024-11-30T17:00,16.1,13.1,245.0,4.9,3.5,77.0
2024-11-30T18:00,15.9,13.0,242.0,4.7,3.7,76.0
2024-11-30T19:00,15.5,12.7,233.0,4.5,3.8,75.0
2024-11-30T20:00,14.7,11.8,221.0,4.2,3.7,75.0
2024-11-30T21:00,13.7,10.8,215.0,4.0,3.7,74.0
2024-11-30T22:00,12.3,9.6,220.0,3.7,3.6,73.0
2024-11-30T23:00,12.4,9.7,231.0,3.5,3.5,72.0
2024-12-01T00:00,2.9,2.5,242.0,5.2,5.7,69.0
2024-12-01T01:00,2.6,2.5,250.0,5.6,5.2,68.0
2024-12-01T02:00,3.1,2.9,257.0,6.2,4.6,67.0
2024-12-01T03:00,4.1,3.7,264.0,6.4,4.3,68.0
2024-12-01T04:00,4.9,4.1,271.0,6.0,4.8,71.0
2024-12-01T05:00,5.6,4.6,277.0,5.3,5.6,76.0
2024-12-01T06:00,6.1,5.0,282.0,4.9,6.4,81.0
2024-12-01T07:00,7.3,6.1,286.0,4.9,7.0,86.0
2024-12-01T08:00,9.2,7.9,290.0,5.1,7.5,91.0
2024-12-01T09:00,11.7,10.3,293.0,5.6,7.8,93.0
2024-12-01T10:00,12.0,10.7,295.0,6.9,7.9,89.0
2024-12-01T11:00,11.5,10.3,296.0,8.5,7.8,82.0
2024-12-01T12:00,16.8,15.5,296.0,11.6,7.3,78.0
2024-12-01T13:00,15.6,14.6,292.0,11.3,7.3,77.0
2024-12-01T14:00,15.0,13.9,287.0,10.7,7.2,77.0
2024-12-01T15:00,16.4,15.2,285.0,10.0,7.0,78.0
2024-12-01T16:00,18.0,16.7,290.0,8.9,6.5,83.0
2024-12-01T17:00,18.2,17.0,297.0,7.5,5.9,89.0
2024-12-01T18:00,17.5,16.5,298.0,6.4,5.5,95.0
2024-12-01T19:00,18.7,17.6,285.0,5.6,5.4,99.0
2024-12-01T20:00,21.6,20.1,265.0,5.1,5.4,101.0
2024-12-01T21:00,23.9,22.2,251.0,4.7,5.3,102.0
2024-12-01T22:00,23.3,21.8,250.0,4.5,4.9,99.0
2024-12-01T23:00,22.8,21.0,255.0,4.4,4.4,94.0
2024-12-02T00:00,23.2,22.5,260.0,5.8,7.3,90.0
2024-12-02T01:00,22.3,20.9,263.0,5.9,6.4,91.0
2024-12-02T02:00,19.4,17.9,267.0,5.9,5.3,92.0
2024-12-02T03:00,16.0,14.5,273.0,5.7,4.5,96.0
2024-12-02T04:00,13.6,12.0,286.0,4.9,4.6,106.0
2024-12-02T05:00,14.3,12.3,302.0,3.8,5.2,119.0
2024-12-02T06:00,15.5,13.2,310.0,3.0,5.4,128.0
2024-12-02T07:00,17.3,14.7,304.0,2.6,5.0,132.0
2024-12-02T08:00,19.0,16.2,291.0,2.6,4.3,132.0
2024-12-02T09:00,20.5,17.3,278.0,2.6,3.5,131.0
2024-12-02T10:00,21.8,18.4,269.0,2.9,2.7,127.0
2024-12-02T11:00,23.7,19.9,260.0,3.3,1.9,122.0
2024-12-02T12:00,35.9,29.9,253.0,3.2,1.3,118.0
2024-12-02T13:00,33.1,27.6,249.0,2.9,1.3,116.0
2024-12-02T14:00,31.0,25.7,248.0,2.5,1.2,112.0
2024-12-02T15:00,29.5,24.3,245.0,2.2,1.1,109.0
2024-12-02T16:00,28.4,23.3,240.0,2.1,1.0,107.0
2024-12-02T17:00,27.9,22.8,235.0,2.0,0.9,105.0
2024-12-02T18:00,26.2,21.2,230.0,1.9,0.8,104.0
2024-12-02T19:00,26.3,21.1,222.0,1.7,0.7,102.0
2024-12-02T20:00,26.3,21.0,214.0,1.6,0.7,101.0
2024-12-02T21:00,24.9,20.0,219.0,1.5,0.8,100.0
2024-12-02T22:00,24.7,19.8,253.0,1.6,1.0,100.0
2024-12-02T23:00,25.1,20.1,300.0,1.7,1.3,99.0
2024-12-03T00:00,27.5,21.9,324.0,2.6,2.3,97.0
2024-12-03T01:00,27.8,22.0,302.0,3.0,2.4,97.0
2024-12-03T02:00,27.1,21.6,256.0,3.5,2.5,97.0
2024-12-03T03:00,27.1,21.5,222.0,3.6,2.6,98.0
2024-12-03T04:00,26.4,21.2,214.0,3.1,2.7,102.0
2024-12-03T05:00,25.8,20.8,217.0,2.3,2.7,108.0
2024-12-03T06:00,25.2,20.4,218.0,1.6,2.5,111.0
2024-12-03T07:00,25.4,20.1,210.0,1.2,2.0,111.0
2024-12-03T08:00,25.5,19.8,200.0,1.0,1.2,109.0
2024-12-03T09:00,24.3,18.9,193.0,1.0,0.7,106.0
2024-12-03T10:00,24.1,18.6,192.0,1.3,0.6,103.0
2024-12-03T11:00,24.2,18.6,194.0,1.8,0.6,99.0
2024-12-03T12:00,25.0,19.3,198.0,2.4,0.7,89.0
2024-12-03T13:00,25.3,19.5,205.0,2.3,0.7,89.0
2024-12-03T14:00,25.6,19.7,215.0,2.2,0.6,88.0
2024-12-03T15:00,25.7,19.8,219.0,2.0,0.6,88.0
2024-12-03T16:00,26.1,20.1,214.0,1.8,0.6,89.0
2024-12-03T17:00,26.8,20.7,204.0,1.5,0.6,89.0
2024-12-03T18:00,27.8,21.5,198.0,1.3,0.6,90.0
2024-12-03T19:00,28.5,22.2,197.0,1.1,0.6,90.0
2024-12-03T20:00,28.7,22.5,198.0,0.9,0.6,90.0
2024-12-03T21:00,28.8,22.8,207.0,0.8,0.6,90.0
2024-12-03T22:00,27.9,22.2,230.0,0.8,0.6,90.0
2024-12-03T23:00,27.0,21.5,260.0,1.0,0.6,89.0
2024-12-04T00:00,26.3,21.1,276.0,1.5,0.7,87.0
2024-12-04T01:00,25.2,20.3,266.0,1.8,0.7,86.0
2024-12-04T02:00,24.2,19.5,242.0,2.1,0.7,86.0
2024-12-04T03:00,22.6,18.1,223.0,2.3,0.7,86.0
2024-12-04T04:00,21.3,16.9,216.0,2.0,0.7,88.0
2024-12-04T05:00,20.4,16.1,215.0,1.5,0.6,90.0
2024-12-04T06:00,19.4,15.3,214.0,1.2,0.6,92.0
2024-12-04T07:00,18.0,14.1,213.0,1.1,0.6,92.0
2024-12-04T08:00,16.4,12.8,212.0,1.1,0.6,92.0
2024-12-04T09:00,14.7,11.4,212.0,1.3,0.6,89.0
2024-12-04T10:00,13.1,10.0,211.0,1.8,0.6,84.0
2024-12-04T11:00,11.6,8.8,210.0,2.5,0.5,77.0
2024-12-04T12:00,13.7,10.4,211.0,3.0,0.4,67.0
2024-12-04T13:00,12.3,9.3,214.0,2.8,0.4,64.0
2024-12-04T14:00,11.3,8.4,219.0,2.4,0.5,59.0
2024-12-04T15:00,10.4,7.6,223.0,2.2,0.5,55.0
2024-12-04T16:00,9.8,7.1,224.0,2.1,0.5,53.0
2024-12-04T17:00,8.9,6.5,223.0,2.1,0.4,53.0
2024-12-04T18:00,8.5,6.2,223.0,2.1,0.4,52.0
2024-12-04T19:00,7.9,5.7,225.0,2.1,0.4,51.0
2024-12-04T20:00,7.6,5.6,229.0,2.1,0.5,49.0
2024-12-04T21:00,7.7,5.7,231.0,2.2,0.6,48.0
2024-12-04T22:00,7.9,5.9,231.0,2.5,0.7,46.0
2024-12-04T23:00,8.1,6.2,231.0,3.0,0.8,44.0
2024-12-05T00:00,7.0,5.3,232.0,2.1,0.6,46.0
2024-12-05T01:00,7.1,5.5,238.0,2.5,0.7,46.0
2024-12-05T02:00,7.1,5.7,246.0,3.0,0.9,46.0
2024-12-05T03:00,6.6,5.3,249.0,3.3,1.1,48.0
2024-12-05T04:00,6.7,5.3,242.0,3.0,1.3,55.0
2024-12-05T05:00,7.7,6.0,229.0,2.5,1.4,65.0
2024-12-05T06:00,9.3,7.1,217.0,2.0,1.5,73.0
2024-12-05T07:00,10.1,7.6,209.0,1.7,1.6,79.0
2024-12-05T08:00,10.6,8.0,202.0,1.5,1.6,85.0
2024-12-05T09:00,10.3,7.7,195.0,1.5,1.5,86.0
2024-12-05T10:00,9.7,7.3,186.0,1.8,1.3,81.0
2024-12-05T11:00,9.2,6.8,178.0,2.4,1.0,73.0
2024-12-05T12:00,7.6,5.5,174.0,2.7,0.6,58.0
2024-12-05T13:00,7.4,5.4,178.0,3.1,0.6,56.0
2024-12-05T14:00,7.5,5.5,186.0,3.5,0.6,52.0
2024-12-05T15:00,7.9,5.8,197.0,3.8,0.6,50.0
2024-12-05T16:00,8.4,6.3,207.0,3.6,0.6,50.0
2024-12-05T17:00,8.0,5.9,219.0,3.2,0.6,51.0
2024-12-05T18:00,8.0,5.9,237.0,3.1,0.7,51.0
2024-12-05T19:00,8.2,6.1,268.0,3.3,0.8,51.0
2024-12-05T20:00,8.6,6.6,305.0,3.6,0.9,50.0
2024-12-05T21:00,9.2,7.3,332.0,4.6,1.3,48.0
2024-12-05T22:00,10.4,8.5,342.0,6.7,2.2,43.0
2024-12-05T23:00,12.7,10.7,341.0,9.3,3.3,37.0
2024-12-06T00:00,9.7,7.6,331.0,4.6,1.2,50.0
2024-12-06T01:00,10.1,8.0,309.0,4.6,1.3,51.0
2024-12-06T02:00,10.1,8.0,279.0,4.4,1.5,54.0
2024-12-06T03:00,9.8,7.7,253.0,4.1,1.6,58.0
2024-12-06T04:00,9.7,7.5,237.0,3.3,1.5,66.0
2024-12-06T05:00,10.0,7.6,226.0,2.2,1.4,76.0
2024-12-06T06:00,10.1,7.5,215.0,1.4,1.2,83.0
2024-12-06T07:00,9.7,7.1,201.0,1.1,1.0,84.0
2024-12-06T08:00,9.1,6.6,187.0,1.0,0.9,81.0
2024-12-06T09:00,8.7,6.2,178.0,1.1,0.7,77.0
2024-12-06T10:00,8.5,6.0,174.0,1.5,0.6,73.0
2024-12-06T11:00,8.5,6.0,175.0,2.1,0.5,68.0
2024-12-06T12:00,11.3,8.2,179.0,2.5,0.4,63.0
2024-12-06T13:00,11.3,8.3,185.0,2.5,0.4,63.0
2024-12-06T14:00,11.3,8.3,195.0,2.5,0.5,62.0
2024-12-06T15:00,11.3,8.4,211.0,2.6,0.5,62.0
2024-12-06T16:00,11.4,8.5,238.0,2.7,0.5,62.0
2024-12-06T17:00,11.8,8.8,272.0,2.8,0.5,63.0
2024-12-06T18:00,11.6,8.7,304.0,2.9,0.6,63.0
2024-12-06T19:00,11.1,8.3,331.0,2.8,0.7,63.0
2024-12-06T20:00,10.9,8.1,356.0,2.8,0.8,63.0
2024-12-06T21:00,11.1,8.4,379.0,2.9,1.0,63.0
2024-12-06T22:00,11.6,8.9,,3.4,1.4,62.0
2024-12-06T23:00,12.2,9.3,,4.2,2.0,61.0
2024-12-07T00:00,12.1,9.0,,3.1,1.0,65.0
2024-12-07T01:00,13.5,10.1,,3.4,1.3,67.0
2024-12-07T02:00,14.1,10.4,372.0,3.8,1.7,69.0
2024-12-07T03:00,15.0,10.9,328.0,3.8,1.9,72.0
2024-12-07T04:00,15.7,11.2,287.0,3.0,1.6,77.0
2024-12-07T05:00,16.5,11.7,246.0,1.9,1.1,83.0
2024-12-07T06:00,16.7,11.8,214.0,1.0,0.7,87.0
2024-12-07T07:00,16.6,11.6,195.0,0.7,0.5,86.0
2024-12-07T08:00,16.2,11.2,185.0,0.7,0.5,82.0
2024-12-07T09:00,15.6,10.8,180.0,0.8,0.5,79.0
2024-12-07T10:00,15.4,10.8,180.0,1.2,0.5,77.0
2024-12-07T11:00,15.5,11.0,185.0,1.7,0.6,74.0
2024-12-07T12:00,17.9,12.8,192.0,2.2,0.6,74.0
2024-12-07T13:00,18.6,13.6,201.0,3.0,0.7,73.0
2024-12-07T14:00,19.6,14.6,213.0,4.0,0.8,72.0
2024-12-07T15:00,20.6,15.7,222.0,4.7,0.9,71.0
2024-12-07T16:00,21.3,16.2,225.0,4.7,0.9,71.0
2024-12-07T17:00,21.7,16.6,225.0,4.3,0.9,72.0
2024-12-07T18:00,22.0,16.8,235.0,3.9,0.9,73.0
2024-12-07T19:00,22.1,16.9,261.0,3.4,0.9,74.0
2024-12-07T20:00,22.1,16.9,296.0,2.9,0.8,75.0
2024-12-07T21:00,22.2,17.1,328.0,2.7,0.8,75.0
2024-12-07T22:00,22.5,17.3,355.0,2.9,0.8,74.0
2024-12-07T23:00,23.1,18.2,379.0,3.5,0.8,72.0
2024-12-08T00:00,22.6,17.8,,3.7,1.0,72.0
2024-12-08T01:00,23.1,18.3,,4.5,1.1,72.0
2024-12-08T02:00,23.7,19.0,381.0,5.4,1.2,72.0
2024-12-08T03:00,23.9,19.3,358.0,5.7,1.2,74.0
2024-12-08T04:00,23.7,18.7,314.0,4.5,1.2,80.0
2024-12-08T05:00,24.1,19.0,258.0,2.7,1.1,88.0
2024-12-08T06:00,25.0,19.7,221.0,1.3,1.0,94.0
2024-12-08T07:00,25.7,20.4,218.0,0.9,1.0,97.0
2024-12-08T08:00,26.3,21.0,233.0,1.0,1.0,97.0
2024-12-08T09:00,27.0,21.8,249.0,1.2,1.1,97.0
2024-12-08T10:00,28.0,22.8,262.0,1.6,1.2,95.0
2024-12-08T11:00,29.2,24.0,275.0,2.2,1.2,93.0
2024-12-08T12:00,31.7,27.0,285.0,3.1,1.7,92.0
2024-12-08T13:00,32.7,28.5,287.0,3.6,1.9,91.0
2024-12-08T14:00,34.7,30.6,285.0,4.2,2.2,90.0
2024-12-08T15:00,36.6,32.6,285.0,4.6,2.4,90.0
2024-12-08T16:00,38.5,34.6,289.0,4.5,2.6,91.0
2024-12-08T17:00,40.2,36.2,295.0,4.0,2.8,93.0
2024-12-08T18:00,41.2,37.4,303.0,3.5,2.9,95.0
2024-12-08T19:00,41.8,38.1,311.0,2.7,3.0,98.0
2024-12-08T20:00,43.1,39.1,321.0,1.7,3.0,100.0
2024-12-08T21:00,42.8,39.0,339.0,1.3,3.0,101.0
2024-12-08T22:00,42.5,38.6,378.0,1.9,3.0,97.0
2024-12-08T23:00,42.4,39.0,,3.0,2.9,92.0
2024-12-09T00:00,44.0,40.7,,4.1,3.1,92.0
2024-12-09T01:00,41.9,38.8,,4.0,3.2,95.0
2024-12-09T02:00,41.0,37.8,,3.8,3.3,99.0
2024-12-09T03:00,39.1,35.9,376.0,3.5,3.3,103.0
2024-12-09T04:00,37.8,34.8,352.0,2.8,3.2,109.0
2024-12-09T05:00,36.7,33.6,330.0,1.9,2.9,115.0
2024-12-09T06:00,35.6,32.7,314.0,1.3,2.7,119.0
2024-12-09T07:00,35.0,32.1,307.0,1.1,2.5,121.0
2024-12-09T08:00,35.3,32.4,305.0,1.1,2.4,121.0
2024-12-09T09:00,35.9,32.7,303.0,1.3,2.2,119.0
2024-12-09T10:00,36.8,33.4,298.0,1.6,1.9,115.0
2024-12-09T11:00,37.8,34.2,294.0,2.1,1.6,110.0
2024-12-09T12:00,50.2,45.9,291.0,3.1,2.1,110.0
2024-12-09T13:00,50.1,45.8,292.0,3.2,2.2,108.0
2024-12-09T14:00,49.8,45.5,295.0,3.2,2.2,104.0
2024-12-09T15:00,49.4,45.2,299.0,3.2,2.3,102.0
2024-12-09T16:00,48.5,44.4,301.0,3.0,2.3,102.0
2024-12-09T17:00,47.5,43.3,304.0,2.7,2.2,104.0
2024-12-09T18:00,46.0,41.9,318.0,2.5,2.2,105.0
2024-12-09T19:00,44.5,40.5,350.0,2.5,2.3,105.0
2024-12-09T20:00,43.1,39.2,,2.6,2.4,105.0
2024-12-09T21:00,41.7,38.2,,2.9,2.8,103.0
2024-12-09T22:00,41.0,37.6,,3.5,3.6,99.0
2024-12-09T23:00,40.4,37.4,,4.4,4.7,94.0
2024-12-10T00:00,38.2,35.0,,3.7,3.9,100.0
2024-12-10T01:00,37.5,34.6,,4.6,4.5,98.0
2024-12-10T02:00,37.3,34.3,,5.9,5.4,95.0
2024-12-10T03:00,36.3,33.5,349.0,6.4,6.0,97.0
2024-12-10T04:00,35.4,32.7,339.0,5.6,6.1,107.0
2024-12-10T05:00,34.8,32.1,342.0,4.0,5.8,121.0
2024-12-10T06:00,33.8,31.1,341.0,2.8,5.5,132.0
2024-12-10T07:00,32.6,30.0,325.0,2.2,5.1,136.0
2024-12-10T08:00,31.7,29.0,304.0,1.9,4.6,136.0
2024-12-10T09:00,30.4,27.7,295.0,1.9,4.2,133.0
2024-12-10T10:00,29.4,26.7,305.0,2.3,3.8,127.0
2024-12-10T11:00,28.6,25.8,327.0,3.1,3.4,118.0
2024-12-10T12:00,39.5,36.4,349.0,5.1,5.9,116.0
2024-12-10T13:00,38.4,35.4,370.0,5.5,6.2,110.0
2024-12-10T14:00,37.7,34.6,,6.1,6.5,102.0
2024-12-10T15:00,36.8,33.8,,6.5,6.7,96.0
2024-12-10T16:00,36.0,33.1,,6.5,6.6,94.0
2024-12-10T17:00,35.0,32.0,,6.2,6.4,95.0
2024-12-10T18:00,34.0,31.1,,5.9,6.1,96.0
2024-12-10T19:00,34.3,30.9,,5.5,5.9,97.0
2024-12-10T20:00,34.7,31.0,,4.9,5.6,99.0
2024-12-10T21:00,34.5,30.7,,4.4,5.3,101.0
2024-12-10T22:00,34.7,30.9,378.0,3.8,4.7,102.0
2024-12-10T23:00,34.9,31.1,362.0,3.2,4.1,103.0
2024-12-11T00:00,31.9,29.6,348.0,4.1,5.5,99.0
2024-12-11T01:00,31.8,29.2,339.0,4.6,5.1,99.0
2024-12-11T02:00,31.9,28.9,333.0,5.2,4.5,98.0
2024-12-11T03:00,29.6,26.4,324.0,5.5,3.9,98.0
2024-12-11T04:00,26.0,23.1,307.0,5.4,3.4,98.0
2024-12-11T05:00,22.5,19.6,288.0,4.9,2.8,98.0
2024-12-11T06:00,18.2,15.7,275.0,4.4,2.3,97.0
2024-12-11T07:00,13.4,11.2,274.0,3.6,1.7,94.0
2024-12-11T08:00,10.7,8.6,279.0,2.7,1.2,90.0
2024-12-11T09:00,9.6,7.6,287.0,2.3,0.9,87.0
2024-12-11T10:00,10.6,8.5,301.0,2.7,1.0,87.0
2024-12-11T11:00,11.8,9.6,316.0,3.6,1.3,88.0
2024-12-11T12:00,11.3,9.3,318.0,5.3,2.1,84.0
2024-12-11T13:00,11.4,9.4,292.0,5.7,2.5,82.0
2024-12-11T14:00,11.9,10.0,253.0,6.3,3.1,80.0
2024-12-11T15:00,11.1,9.5,222.0,6.5,3.4,78.0
2024-12-11T16:00,11.4,9.6,211.0,5.9,3.2,78.0
2024-12-11T17:00,11.6,9.7,208.0,5.0,2.8,80.0
2024-12-11T18:00,11.7,9.6,205.0,4.1,2.4,81.0
2024-12-11T19:00,12.1,9.8,197.0,3.4,2.1,82.0
2024-12-11T20:00,12.9,10.3,189.0,2.8,1.8,83.0
2024-12-11T21:00,13.6,10.9,183.0,2.3,1.5,84.0
2024-12-11T22:00,14.7,11.8,183.0,1.9,1.3,86.0
2024-12-11T23:00,15.3,12.4,185.0,1.6,1.2,88.0
2024-12-12T00:00,14.4,10.8,188.0,0.3,0.1,77.0
2024-12-12T01:00,15.3,11.9,189.0,1.1,0.2,80.0
2024-12-12T02:00,14.6,12.4,190.0,2.1,0.2,84.0
2024-12-12T03:00,17.2,14.9,191.0,2.7,0.3,88.0
2024-12-12T04:00,19.6,16.5,189.0,2.4,0.3,92.0
2024-12-12T05:00,20.7,16.9,187.0,1.7,0.2,95.0
2024-12-12T06:00,20.5,16.6,190.0,1.2,0.2,97.0
2024-12-12T07:00,20.4,16.8,202.0,1.1,0.2,98.0
2024-12-12T08:00,21.1,17.4,218.0,1.1,0.3,97.0
2024-12-12T09:00,21.0,17.5,232.0,1.3,0.3,96.0
2024-12-12T10:00,21.0,17.6,241.0,1.6,0.3,94.0
2024-12-12T11:00,21.5,18.1,248.0,1.9,0.3,92.0
2024-12-12T12:00,22.3,18.9,254.0,2.7,0.5,91.0
2024-12-12T13:00,21.7,18.2,259.0,2.5,0.5,90.0
2024-12-12T14:00,20.7,17.3,264.0,2.3,0.5,88.0
2024-12-12T15:00,20.0,16.7,267.0,2.1,0.6,88.0
2024-12-12T16:00,22.1,18.5,270.0,1.9,0.7,91.0
2024-12-12T17:00,27.5,23.1,271.0,1.8,0.8,95.0
2024-12-12T18:00,32.0,27.1,270.0,1.6,0.9,99.0
2024-12-12T19:00,32.9,28.3,263.0,1.4,1.0,103.0
2024-12-12T20:00,36.1,31.2,254.0,1.1,1.1,106.0
2024-12-12T21:00,39.5,34.0,252.0,0.9,1.2,109.0
2024-12-12T22:00,39.5,34.2,266.0,0.8,1.2,111.0
2024-12-12T23:00,39.2,34.2,286.0,0.8,1.1,113.0
2024-12-13T00:00,32.0,27.4,301.0,0.7,0.6,105.0
2024-12-13T01:00,31.9,27.2,303.0,1.1,0.6,106.0
2024-12-13T02:00,31.8,27.1,298.0,1.7,0.7,107.0
2024-12-13T03:00,32.5,27.5,292.0,2.1,0.7,108.0
2024-12-13T04:00,34.1,28.6,287.0,2.0,0.7,110.0
2024-12-13T05:00,34.5,29.0,281.0,1.7,0.8,113.0
2024-12-13T06:00,34.2,28.9,275.0,1.5,0.8,115.0
2024-12-13T07:00,34.6,29.1,268.0,1.4,0.8,114.0
2024-12-13T08:00,33.5,28.5,260.0,1.5,0.7,112.0
2024-12-13T09:00,33.5,28.6,261.0,1.6,0.7,110.0
2024-12-13T10:00,33.9,28.9,276.0,1.9,0.7,109.0
2024-12-13T11:00,38.0,32.5,298.0,2.3,0.7,109.0
2024-12-13T12:00,42.8,37.5,316.0,3.0,1.1,114.0
2024-12-13T13:00,45.4,39.8,324.0,3.0,1.3,116.0
2024-12-13T14:00,48.1,42.1,328.0,3.0,1.7,118.0
2024-12-13T15:00,49.6,43.5,331.0,3.0,2.0,120.0
2024-12-13T16:00,49.2,43.3,332.0,2.9,2.2,120.0
2024-12-13T17:00,49.8,43.7,333.0,2.8,2.3,119.0
2024-12-13T18:00,49.0,42.8,337.0,2.8,2.6,117.0
2024-12-13T19:00,47.8,41.7,351.0,3.0,3.0,115.0
2024-12-13T20:00,47.6,41.3,368.0,3.2,3.6,113.0
2024-12-13T21:00,46.2,40.4,378.0,3.5,4.1,110.0
2024-12-13T22:00,44.6,39.0,373.0,3.7,4.6,106.0
2024-12-13T23:00,42.0,37.1,360.0,4.0,5.1,102.0
2024-12-14T00:00,39.9,34.7,348.0,3.6,5.1,108.0
2024-12-14T01:00,38.9,33.6,344.0,4.0,4.9,109.0
2024-12-14T02:00,38.3,32.9,341.0,4.5,4.7,112.0
2024-12-14T03:00,38.5,33.1,329.0,4.5,4.3,116.0
2024-12-14T04:00,39.5,33.5,299.0,3.7,3.7,124.0
2024-12-14T05:00,40.0,33.8,261.0,2.5,3.1,134.0
2024-12-14T06:00,40.4,34.1,233.0,1.5,2.5,140.0
2024-12-14T07:00,40.4,34.1,227.0,1.1,2.1,140.0
2024-12-14T08:00,40.6,34.5,231.0,0.9,1.7,137.0
2024-12-14T09:00,40.4,34.3,235.0,1.0,1.5,134.0
2024-12-14T10:00,39.9,34.0,233.0,1.4,1.4,131.0
2024-12-14T11:00,39.1,33.4,231.0,2.0,1.4,128.0
2024-12-14T12:00,41.3,35.6,233.0,2.5,1.8,124.0
2024-12-14T13:00,40.4,34.8,239.0,2.5,1.9,123.0
2024-12-14T14:00,39.3,33.8,249.0,2.6,2.0,122.0
2024-12-14T15:00,38.4,32.7,266.0,2.6,2.1,121.0
2024-12-14T16:00,36.9,31.3,295.0,2.5,2.0,122.0
2024-12-14T17:00,35.5,29.9,332.0,2.3,1.8,124.0
2024-12-14T18:00,34.2,28.7,359.0,2.2,1.7,125.0
2024-12-14T19:00,32.9,27.6,372.0,2.3,1.8,124.0
2024-12-14T20:00,32.5,27.2,376.0,2.6,2.0,121.0
2024-12-14T21:00,32.6,27.2,373.0,2.8,2.2,119.0
2024-12-14T22:00,33.3,27.8,357.0,2.9,2.3,117.0
2024-12-14T23:00,33.1,27.6,334.0,3.0,2.4,115.0
2024-12-15T00:00,31.8,26.7,319.0,3.1,2.2,113.0
2024-12-15T01:00,32.5,27.3,324.0,4.1,2.6,111.0
2024-12-15T02:00,32.6,27.8,336.0,5.4,3.1,108.0
2024-12-15T03:00,33.6,28.7,337.0,5.9,3.4,110.0
2024-12-15T04:00,36.2,30.6,313.0,4.9,3.4,122.0
2024-12-15T05:00,39.1,32.8,277.0,3.2,3.2,139.0
2024-12-15T06:00,40.4,33.9,250.0,1.8,2.9,150.0
2024-12-15T07:00,40.4,34.2,240.0,1.2,2.5,151.0
2024-12-15T08:00,39.8,33.8,238.0,0.9,1.9,146.0
2024-12-15T09:00,39.3,33.3,242.0,1.0,1.7,142.0
2024-12-15T10:00,38.8,33.1,251.0,1.5,1.9,139.0
2024-12-15T11:00,38.9,33.4,266.0,2.3,2.4,137.0
2024-12-15T12:00,44.0,38.4,286.0,2.9,3.1,131.0
2024-12-15T13:00,44.0,38.5,316.0,3.1,3.5,130.0
2024-12-15T14:00,44.4,38.8,351.0,3.3,4.1,128.0
2024-12-15T15:00,44.4,38.8,379.0,3.4,4.4,126.0
2024-12-15T16:00,43.8,38.0,,3.2,4.2,125.0
2024-12-15T17:00,43.2,37.3,,2.9,3.8,125.0
2024-12-15T18:00,42.1,36.2,,2.9,3.8,123.0
2024-12-15T19:00,41.4,35.9,,3.7,4.7,117.0
2024-12-15T20:00,41.4,36.2,,4.9,6.0,109.0
2024-12-15T21:00,41.4,37.0,,5.7,7.2,104.0
2024-12-15T22:00,42.4,38.5,,5.8,8.0,102.0
2024-12-15T23:00,42.5,39.0,,5.6,8.6,103.0
2024-12-16T00:00,42.8,38.9,,4.6,8.3,112.0
2024-12-16T01:00,43.8,39.3,,4.9,8.2,117.0
2024-12-16T02:00,43.2,38.9,,5.1,8.0,124.0
2024-12-16T03:00,42.8,38.2,,5.0,7.5,131.0
2024-12-16T04:00,42.3,37.4,366.0,4.0,6.6,138.0
2024-12-16T05:00,42.6,36.7,326.0,2.5,5.4,144.0
2024-12-16T06:00,39.1,33.4,297.0,1.4,4.3,147.0
2024-12-16T07:00,36.3,30.9,286.0,1.0,3.5,143.0
2024-12-16T08:00,33.8,28.7,286.0,1.0,2.8,136.0
2024-12-16T09:00,31.8,27.1,290.0,1.3,2.5,129.0
2024-12-16T10:00,30.2,25.7,298.0,1.9,2.5,124.0
2024-12-16T11:00,28.8,24.6,310.0,2.7,2.7,120.0
2024-12-16T12:00,33.1,28.8,320.0,3.6,4.2,121.0
2024-12-16T13:00,30.7,26.8,324.0,4.6,4.8,115.0
2024-12-16T14:00,28.6,25.1,326.0,6.0,5.6,107.0
2024-12-16T15:00,28.4,25.2,329.0,7.5,6.5,99.0
2024-12-16T16:00,30.7,27.6,337.0,9.3,7.8,92.0
2024-12-16T17:00,32.5,29.7,346.0,11.2,9.2,85.0
2024-12-16T18:00,32.0,29.9,349.0,12.0,9.9,81.0
2024-12-16T19:00,31.7,29.7,337.0,10.8,9.3,82.0
2024-12-16T20:00,30.5,28.5,319.0,8.6,8.1,87.0
2024-12-16T21:00,29.1,27.2,310.0,6.7,7.1,91.0
2024-12-16T22:00,28.1,26.1,321.0,5.5,6.7,94.0
2024-12-16T23:00,28.2,25.9,342.0,4.7,6.6,97.0
2024-12-17T00:00,26.4,23.2,358.0,4.8,5.8,93.0
2024-12-17T01:00,25.7,22.6,360.0,6.1,6.0,92.0
2024-12-17T02:00,25.4,22.5,357.0,7.9,6.3,91.0
2024-12-17T03:00,25.3,22.7,358.0,9.2,6.7,92.0
2024-12-17T04:00,24.6,22.6,369.0,9.5,7.4,95.0
2024-12-17T05:00,24.8,23.0,,9.3,8.2,100.0
2024-12-17T06:00,25.1,23.5,,8.9,8.9,105.0
2024-12-17T07:00,25.6,23.9,,8.2,9.4,111.0
2024-12-17T08:00,25.0,23.5,380.0,7.4,9.7,117.0
2024-12-17T09:00,26.4,25.0,372.0,7.2,10.1,121.0
2024-12-17T10:00,27.4,26.1,370.0,8.3,10.6,121.0
2024-12-17T11:00,28.3,27.2,370.0,10.0,11.2,118.0
2024-12-17T12:00,38.0,36.3,369.0,10.8,11.4,118.0
2024-12-17T13:00,38.4,37.0,365.0,10.4,11.3,115.0
2024-12-17T14:00,37.8,36.4,362.0,9.8,11.2,110.0
2024-12-17T15:00,35.7,34.5,363.0,9.1,10.8,106.0
2024-12-17T16:00,34.3,33.2,376.0,8.3,9.9,104.0
2024-12-17T17:00,31.1,30.3,,7.4,8.8,102.0
2024-12-17T18:00,27.3,26.7,,6.6,7.9,101.0
2024-12-17T19:00,26.4,26.0,,5.8,7.5,101.0
2024-12-17T20:00,25.0,24.7,,5.1,7.3,103.0
2024-12-17T21:00,21.4,21.0,380.0,4.4,6.8,103.0
2024-12-17T22:00,17.3,17.1,374.0,3.7,5.6,102.0
2024-12-17T23:00,13.2,13.1,369.0,3.0,4.2,99.0
2024-12-18T00:00,19.0,18.6,368.0,3.2,4.2,93.0
2024-12-18T01:00,17.7,17.4,379.0,4.3,4.5,93.0
2024-12-18T02:00,17.3,17.1,,5.8,5.0,93.0
2024-12-18T03:00,17.1,16.9,,7.0,5.5,93.0
2024-12-18T04:00,16.2,16.0,370.0,7.5,5.9,93.0
2024-12-18T05:00,15.5,15.4,329.0,7.7,6.4,93.0
2024-12-18T06:00,13.4,13.3,306.0,7.6,6.7,95.0
2024-12-18T07:00,11.4,11.3,321.0,7.1,6.8,99.0
2024-12-18T08:00,11.3,11.2,353.0,6.3,6.9,105.0
2024-12-18T09:00,11.2,11.1,368.0,6.1,6.9,108.0
2024-12-18T10:00,11.5,11.4,345.0,7.1,6.9,108.0
2024-12-18T11:00,12.1,12.0,304.0,8.7,7.0,106.0
2024-12-18T12:00,13.7,13.4,274.0,11.0,5.0,78.0
2024-12-18T13:00,13.8,13.5,264.0,11.3,5.1,72.0
2024-12-18T14:00,12.3,12.0,264.0,11.6,5.1,63.0
2024-12-18T15:00,11.8,11.5,273.0,11.5,5.2,57.0
2024-12-18T16:00,10.6,10.4,295.0,10.5,5.2,55.0
2024-12-18T17:00,8.0,7.9,324.0,9.0,5.2,56.0
2024-12-18T18:00,6.0,6.0,345.0,7.8,5.2,57.0
2024-12-18T19:00,5.4,5.4,347.0,7.1,5.3,59.0
2024-12-18T20:00,5.5,5.5,340.0,6.5,5.3,61.0
2024-12-18T21:00,6.2,6.2,335.0,6.1,5.4,63.0
2024-12-18T22:00,7.7,7.6,336.0,5.6,5.4,65.0
2024-12-18T23:00,9.5,9.4,339.0,5.2,5.5,67.0
2024-12-19T00:00,8.8,8.7,342.0,4.5,3.8,72.0
2024-12-19T01:00,8.8,8.8,346.0,6.0,4.1,70.0
2024-12-19T02:00,8.8,8.8,351.0,8.0,4.6,67.0
2024-12-19T03:00,8.7,8.7,349.0,9.2,5.2,67.0
2024-12-19T04:00,8.2,8.2,338.0,9.1,6.0,71.0
2024-12-19T05:00,8.2,8.1,320.0,8.2,6.9,77.0
2024-12-19T06:00,8.1,8.0,304.0,7.2,7.6,85.0
2024-12-19T07:00,8.5,8.4,287.0,5.8,7.8,97.0
2024-12-19T08:00,8.9,8.7,271.0,4.3,7.6,110.0
2024-12-19T09:00,8.6,8.3,265.0,4.0,7.5,116.0
2024-12-19T10:00,8.9,8.0,280.0,5.7,7.4,110.0
2024-12-19T11:00,10.5,8.8,305.0,8.5,7.2,98.0
2024-12-19T12:00,12.8,10.3,324.0,8.2,6.4,80.0
2024-12-19T13:00,12.1,9.7,330.0,9.5,7.2,71.0
2024-12-19T14:00,10.3,8.3,330.0,11.2,8.2,58.0
2024-12-19T15:00,9.2,7.6,324.0,12.7,9.1,48.0
2024-12-19T16:00,8.5,7.3,309.0,13.8,9.7,42.0
2024-12-19T17:00,8.2,7.2,289.0,14.7,10.1,38.0
2024-12-19T18:00,8.2,7.3,277.0,14.7,9.9,36.0
2024-12-19T19:00,8.1,7.2,282.0,13.2,8.6,36.0
2024-12-19T20:00,7.9,7.1,295.0,10.8,6.7,39.0
2024-12-19T21:00,7.9,7.1,305.0,8.8,5.1,41.0
2024-12-19T22:00,8.1,7.4,304.0,7.6,4.2,42.0
2024-12-19T23:00,8.3,7.8,298.0,6.7,3.7,44.0
2024-12-20T00:00,11.6,11.4,298.0,9.3,3.9,41.0
2024-12-20T01:00,12.9,12.7,313.0,9.4,4.5,43.0
2024-12-20T02:00,14.2,14.0,333.0,9.4,5.4,46.0
2024-12-20T03:00,14.3,14.2,338.0,8.9,6.0,53.0
2024-12-20T04:00,13.6,13.5,314.0,7.5,6.2,67.0
2024-12-20T05:00,12.5,12.3,275.0,5.7,6.1,85.0
2024-12-20T06:00,11.2,11.1,246.0,4.3,6.0,101.0
2024-12-20T07:00,10.5,10.4,237.0,3.7,5.7,114.0
2024-12-20T08:00,10.0,10.0,237.0,3.5,5.4,124.0
2024-12-20T09:00,10.9,10.7,244.0,3.6,5.3,131.0
2024-12-20T10:00,12.1,11.9,259.0,4.2,5.6,133.0
2024-12-20T11:00,13.6,12.6,279.0,5.2,6.2,131.0
2024-12-20T12:00,16.5,15.4,296.0,10.3,5.0,105.0
2024-12-20T13:00,16.5,15.3,307.0,10.1,5.8,99.0
2024-12-20T14:00,18.3,16.6,313.0,9.8,6.9,91.0
2024-12-20T15:00,19.4,17.5,311.0,9.5,7.8,84.0
2024-12-20T16:00,19.3,17.9,294.0,9.3,8.2,79.0
2024-12-20T17:00,19.7,18.6,268.0,9.1,8.3,76.0
2024-12-20T18:00,19.7,18.6,250.0,8.6,8.1,75.0
2024-12-20T19:00,18.5,17.5,243.0,7.3,7.2,77.0
2024-12-20T20:00,17.2,15.8,243.0,5.7,6.0,82.0
2024-12-20T21:00,15.0,14.0,254.0,4.9,5.9,84.0
2024-12-20T22:00,14.0,13.4,281.0,5.4,7.6,81.0
2024-12-20T23:00,15.2,14.8,318.0,6.6,10.5,76.0
2024-12-21T00:00,9.9,9.7,352.0,8.8,19.4,72.0
2024-12-21T01:00,10.0,9.9,,9.6,20.2,69.0
2024-12-21T02:00,10.4,10.4,,10.7,21.1,66.0
2024-12-21T03:00,10.3,10.3,,10.8,20.9,68.0
2024-12-21T04:00,11.9,11.8,,9.0,18.5,81.0
2024-12-21T05:00,15.5,15.4,342.0,6.2,14.9,100.0
2024-12-21T06:00,18.3,18.0,310.0,4.0,12.1,117.0
2024-12-21T07:00,20.2,20.0,313.0,3.1,10.7,132.0
2024-12-21T08:00,21.6,21.3,332.0,2.9,10.0,145.0
2024-12-21T09:00,22.9,22.6,347.0,3.0,9.6,155.0
2024-12-21T10:00,24.7,24.3,348.0,3.6,9.4,161.0
2024-12-21T11:00,26.1,25.6,344.0,4.5,9.5,162.0
2024-12-21T12:00,22.9,22.2,344.0,6.3,8.8,146.0
2024-12-21T13:00,22.4,20.9,350.0,6.8,8.3,136.0
2024-12-21T14:00,22.8,20.1,361.0,7.4,7.7,121.0
2024-12-21T15:00,21.3,18.6,374.0,8.0,7.4,108.0
2024-12-21T16:00,20.8,17.9,,8.5,7.6,99.0
2024-12-21T17:00,20.9,17.8,,8.9,8.2,93.0
2024-12-21T18:00,19.6,16.7,,9.3,8.8,87.0
2024-12-21T19:00,18.0,15.6,,9.6,9.6,83.0
2024-12-21T20:00,16.8,14.9,,9.8,10.6,80.0
2024-12-21T21:00,17.1,15.3,,9.8,11.2,77.0
2024-12-21T22:00,16.5,15.4,382.0,9.6,11.3,74.0
2024-12-21T23:00,16.0,15.4,375.0,9.3,11.1,72.0
2024-12-22T00:00,14.8,12.8,364.0,7.2,8.5,79.0
2024-12-22T01:00,15.0,13.1,342.0,7.3,8.2,80.0
2024-12-22T02:00,15.3,12.8,314.0,7.5,7.8,82.0
2024-12-22T03:00,15.1,12.3,296.0,7.2,7.5,87.0
2024-12-22T04:00,14.7,12.2,296.0,6.2,7.5,96.0
2024-12-22T05:00,15.5,13.0,304.0,4.7,7.5,108.0
2024-12-22T06:00,16.9,14.1,306.0,3.5,7.3,117.0
2024-12-22T07:00,17.2,14.4,291.0,2.7,6.6,123.0
2024-12-22T08:00,16.6,13.9,269.0,2.2,5.7,126.0
2024-12-22T09:00,16.0,13.3,254.0,2.1,5.0,127.0
2024-12-22T10:00,16.5,13.3,251.0,2.6,4.6,123.0
2024-12-22T11:00,16.5,13.0,256.0,3.5,4.3,116.0
2024-12-22T12:00,14.3,11.5,266.0,5.5,6.0,111.0
2024-12-22T13:00,15.0,11.8,282.0,6.0,6.4,103.0
2024-12-22T14:00,14.6,11.5,304.0,6.8,7.0,92.0
2024-12-22T15:00,14.0,10.9,332.0,7.4,7.5,83.0
2024-12-22T16:00,13.5,10.4,373.0,7.6,7.8,80.0
2024-12-22T17:00,13.6,10.5,,7.6,7.9,79.0
2024-12-22T18:00,13.9,10.8,,7.9,8.3,78.0
2024-12-22T19:00,14.6,11.4,,8.7,9.1,75.0
2024-12-22T20:00,15.3,12.0,,9.7,10.0,72.0
2024-12-22T21:00,16.1,12.9,,10.5,10.6,69.0
2024-12-22T22:00,16.9,13.6,,10.9,10.7,64.0
2024-12-22T23:00,17.3,14.2,,11.0,10.5,60.0
2024-12-23T00:00,15.9,12.7,377.0,8.6,8.6,71.0
2024-12-23T01:00,16.4,13.4,359.0,9.1,8.6,71.0
2024-12-23T02:00,16.8,14.0,339.0,9.8,8.7,72.0
2024-12-23T03:00,17.3,14.2,318.0,9.7,8.6,77.0
2024-12-23T04:00,18.3,14.6,295.0,8.1,8.3,91.0
2024-12-23T05:00,20.3,15.8,272.0,5.7,7.9,109.0
2024-12-23T06:00,21.4,16.8,258.0,3.8,7.5,124.0
2024-12-23T07:00,19.4,16.2,257.0,2.7,7.3,135.0
2024-12-23T08:00,18.6,16.0,265.0,2.2,7.1,142.0
2024-12-23T09:00,18.8,16.2,275.0,2.6,7.0,145.0
2024-12-23T10:00,20.0,16.8,286.0,4.5,7.0,141.0
2024-12-23T11:00,20.0,16.9,299.0,7.3,7.1,133.0
2024-12-23T12:00,21.5,19.0,311.0,8.7,6.8,126.0
2024-12-23T13:00,21.5,18.6,322.0,9.9,7.9,116.0
2024-12-23T14:00,20.1,17.5,332.0,11.5,9.4,101.0
2024-12-23T15:00,18.6,16.5,336.0,12.3,10.5,91.0
2024-12-23T16:00,17.2,15.5,332.0,11.4,10.9,89.0
2024-12-23T17:00,18.0,16.2,323.0,9.6,10.8,90.0
2024-12-23T18:00,19.8,17.2,313.0,8.1,10.7,92.0
2024-12-23T19:00,18.5,16.5,300.0,7.2,10.5,92.0
2024-12-23T20:00,17.9,16.4,285.0,6.5,10.2,92.0
2024-12-23T21:00,18.1,16.7,281.0,6.1,9.9,91.0
2024-12-23T22:00,18.1,16.8,298.0,5.9,9.8,87.0
2024-12-23T23:00,17.6,16.5,326.0,6.1,9.7,83.0
2024-12-24T00:00,14.3,13.1,343.0,5.9,8.3,81.0
2024-12-24T01:00,13.6,12.5,338.0,6.8,8.2,80.0
2024-12-24T02:00,12.9,12.1,321.0,8.0,8.2,78.0
2024-12-24T03:00,12.8,12.1,305.0,8.6,8.1,79.0
2024-12-24T04:00,12.6,12.0,292.0,8.2,8.1,84.0
2024-12-24T05:00,12.3,11.8,280.0,7.2,8.1,91.0
2024-12-24T06:00,11.5,11.0,272.0,6.2,7.9,99.0
2024-12-24T07:00,11.8,11.4,270.0,5.1,7.2,108.0
2024-12-24T08:00,12.1,11.8,274.0,3.9,6.4,118.0
2024-12-24T09:00,12.3,12.0,280.0,3.6,5.8,123.0
2024-12-24T10:00,12.9,12.6,292.0,4.6,5.8,119.0
2024-12-24T11:00,12.0,11.8,308.0,6.4,6.1,111.0
2024-12-24T12:00,19.7,18.7,319.0,7.7,5.3,87.0
2024-12-24T13:00,16.0,15.4,320.0,9.0,6.2,82.0
2024-12-24T14:00,12.5,12.2,316.0,10.7,7.5,75.0
2024-12-24T15:00,9.3,9.2,317.0,11.7,8.2,70.0
2024-12-24T16:00,7.5,7.5,330.0,11.4,8.0,70.0
2024-12-24T17:00,7.0,6.9,347.0,10.4,7.2,72.0
2024-12-24T18:00,7.0,6.9,359.0,9.5,6.6,73.0
2024-12-24T19:00,7.1,6.9,359.0,8.8,6.4,73.0
2024-12-24T20:00,7.2,7.1,352.0,8.1,6.3,72.0
2024-12-24T21:00,7.4,7.3,348.0,7.5,6.1,71.0
2024-12-24T22:00,7.6,7.5,350.0,6.8,5.6,70.0
2024-12-24T23:00,7.8,7.6,354.0,6.2,5.1,69.0
2024-12-25T00:00,8.4,8.3,356.0,5.9,5.1,71.0
2024-12-25T01:00,8.7,8.6,354.0,6.0,5.0,73.0
2024-12-25T02:00,9.4,9.3,348.0,6.2,4.8,75.0
2024-12-25T03:00,9.9,9.7,339.0,6.0,4.8,80.0
2024-12-25T04:00,10.1,9.8,322.0,5.2,5.0,89.0
2024-12-25T05:00,10.3,9.9,301.0,4.0,5.4,100.0
2024-12-25T06:00,11.3,10.8,283.0,3.1,5.7,110.0
2024-12-25T07:00,11.6,11.1,271.0,2.7,5.9,120.0
2024-12-25T08:00,12.1,11.7,264.0,2.6,6.0,129.0
2024-12-25T09:00,12.4,12.0,262.0,3.0,6.1,135.0
2024-12-25T10:00,12.7,12.4,267.0,3.9,6.2,137.0
2024-12-25T11:00,13.0,12.6,278.0,5.4,6.2,135.0
2024-12-25T12:00,12.6,12.0,295.0,9.2,4.6,90.0
2024-12-25T13:00,11.7,11.3,326.0,9.6,4.7,83.0
2024-12-25T14:00,10.2,10.0,363.0,10.1,4.7,74.0
2024-12-25T15:00,8.4,8.2,379.0,10.3,4.7,67.0
2024-12-25T16:00,7.6,7.5,354.0,9.9,4.5,63.0
2024-12-25T17:00,8.0,7.9,307.0,9.2,4.2,61.0
2024-12-25T18:00,7.9,7.8,272.0,8.5,4.1,60.0
2024-12-25T19:00,7.1,7.1,263.0,8.0,4.3,58.0
2024-12-25T20:00,6.3,6.2,265.0,7.6,4.7,57.0
2024-12-25T21:00,5.5,5.4,265.0,7.0,4.8,57.0
2024-12-25T22:00,4.6,4.5,255.0,6.1,4.6,57.0
2024-12-25T23:00,3.9,3.8,243.0,5.0,4.1,58.0
2024-12-26T00:00,5.0,4.9,234.0,5.3,4.5,56.0
2024-12-26T01:00,4.8,4.4,233.0,5.1,3.8,58.0
2024-12-26T02:00,5.2,4.5,235.0,4.8,2.9,60.0
2024-12-26T03:00,5.1,4.2,234.0,4.4,2.1,63.0
2024-12-26T04:00,5.1,3.9,227.0,3.6,1.6,67.0
2024-12-26T05:00,5.2,3.9,218.0,2.7,1.1,72.0
2024-12-26T06:00,5.9,4.3,210.0,2.0,0.9,76.0
2024-12-26T07:00,6.9,4.9,204.0,1.6,0.9,80.0
2024-12-26T08:00,7.9,5.6,200.0,1.4,1.1,84.0
2024-12-26T09:00,8.5,6.0,197.0,1.3,1.3,86.0
2024-12-26T10:00,9.0,6.3,196.0,1.5,1.3,86.0
2024-12-26T11:00,9.3,6.6,198.0,1.8,1.3,85.0
2024-12-26T12:00,7.0,4.9,203.0,2.4,1.2,82.0
2024-12-26T13:00,8.7,6.3,215.0,2.3,1.1,81.0
2024-12-26T14:00,11.2,8.2,230.0,2.1,0.9,79.0
2024-12-26T15:00,13.0,9.6,241.0,1.9,0.8,78.0
2024-12-26T16:00,13.2,9.6,245.0,1.7,0.7,80.0
2024-12-26T17:00,13.1,9.4,246.0,1.4,0.6,82.0
2024-12-26T18:00,12.2,8.7,245.0,1.2,0.5,85.0
2024-12-26T19:00,11.5,8.1,241.0,1.0,0.4,87.0
2024-12-26T20:00,12.1,8.4,236.0,0.8,0.3,88.0
2024-12-26T21:00,12.4,8.6,233.0,0.7,0.3,89.0
2024-12-26T22:00,12.3,8.5,235.0,0.7,0.3,89.0
2024-12-26T23:00,12.0,8.4,239.0,0.8,0.3,89.0
2024-12-27T00:00,10.4,7.2,241.0,0.8,0.3,90.0
2024-12-27T01:00,10.5,7.4,239.0,1.2,0.3,90.0
2024-12-27T02:00,11.4,8.1,235.0,1.8,0.4,90.0
2024-12-27T03:00,12.1,8.6,232.0,2.1,0.4,91.0
2024-12-27T04:00,13.6,9.6,234.0,1.9,0.4,94.0
2024-12-27T05:00,16.2,11.4,238.0,1.5,0.4,98.0
2024-12-27T06:00,18.5,13.1,237.0,1.2,0.4,101.0
2024-12-27T07:00,20.7,15.0,224.0,1.0,0.4,100.0
2024-12-27T08:00,22.1,16.2,206.0,0.9,0.4,98.0
2024-12-27T09:00,23.1,17.2,194.0,0.9,0.4,96.0
2024-12-27T10:00,23.9,18.0,195.0,1.1,0.4,95.0
2024-12-27T11:00,24.6,18.7,202.0,1.5,0.3,94.0
2024-12-27T12:00,20.5,15.7,209.0,2.0,0.4,93.0
2024-12-27T13:00,21.1,16.2,215.0,2.1,0.5,94.0
2024-12-27T14:00,21.4,16.5,220.0,2.2,0.7,95.0
2024-12-27T15:00,21.9,16.9,224.0,2.3,0.8,96.0
2024-12-27T16:00,21.9,16.9,225.0,2.3,0.9,98.0
2024-12-27T17:00,22.8,17.6,223.0,2.2,0.9,99.0
2024-12-27T18:00,23.0,17.8,222.0,2.1,0.9,101.0
2024-12-27T19:00,23.2,17.9,222.0,1.9,0.8,102.0
2024-12-27T20:00,23.9,18.4,222.0,1.7,0.8,103.0
2024-12-27T21:00,23.9,18.4,222.0,1.6,0.7,103.0
2024-12-27T22:00,23.6,18.2,220.0,1.6,0.7,102.0
2024-12-27T23:00,24.5,18.9,217.0,1.7,0.7,101.0
2024-12-28T00:00,23.3,17.8,216.0,1.5,0.6,103.0
2024-12-28T01:00,24.2,18.6,218.0,1.8,0.6,104.0
2024-12-28T02:00,23.7,18.3,222.0,2.2,0.7,105.0
2024-12-28T03:00,23.0,17.8,224.0,2.3,0.7,106.0
2024-12-28T04:00,22.6,17.4,223.0,1.9,0.6,108.0
2024-12-28T05:00,22.3,17.1,221.0,1.3,0.5,110.0
2024-12-28T06:00,22.6,17.3,219.0,0.8,0.4,111.0
2024-12-28T07:00,23.1,17.7,219.0,0.7,0.4,110.0
2024-12-28T08:00,23.7,18.2,220.0,0.7,0.4,107.0
2024-12-28T09:00,24.4,18.7,221.0,0.9,0.4,105.0
2024-12-28T10:00,24.9,19.2,220.0,1.2,0.4,103.0
2024-12-28T11:00,25.4,19.6,220.0,1.7,0.4,101.0
2024-12-28T12:00,27.3,21.2,224.0,2.3,0.4,98.0
2024-12-28T13:00,27.6,21.6,235.0,2.5,0.6,97.0
2024-12-28T14:00,28.1,22.1,250.0,2.7,0.8,97.0
2024-12-28T15:00,28.3,22.4,267.0,2.9,1.1,96.0
2024-12-28T16:00,28.9,22.8,283.0,3.1,1.4,96.0
2024-12-28T17:00,29.5,23.2,301.0,3.3,1.7,96.0
2024-12-28T18:00,29.7,23.3,324.0,3.5,2.0,96.0
2024-12-28T19:00,30.0,23.5,360.0,3.8,2.2,95.0
2024-12-28T20:00,30.3,23.7,,4.2,2.3,93.0
2024-12-28T21:00,30.2,23.7,,4.6,2.4,91.0
2024-12-28T22:00,29.5,23.3,,4.9,2.5,88.0
2024-12-28T23:00,28.8,23.0,,5.3,2.7,83.0
2024-12-29T00:00,26.8,21.5,363.0,4.0,2.3,87.0
2024-12-29T01:00,26.4,21.4,353.0,4.9,2.9,85.0
2024-12-29T02:00,26.6,21.8,347.0,6.0,3.7,82.0
2024-12-29T03:00,27.0,22.5,334.0,6.4,4.3,84.0
2024-12-29T04:00,28.3,23.6,305.0,5.4,4.4,94.0
2024-12-29T05:00,29.6,24.4,269.0,3.7,4.2,108.0
2024-12-29T06:00,29.0,23.9,243.0,2.4,3.9,117.0
2024-12-29T07:00,30.7,25.1,235.0,1.8,3.4,118.0
2024-12-29T08:00,29.7,24.4,236.0,1.6,2.8,113.0
2024-12-29T09:00,31.4,25.7,242.0,1.6,2.3,109.0
2024-12-29T10:00,30.5,25.1,252.0,1.9,1.9,105.0
2024-12-29T11:00,31.1,25.6,266.0,2.5,1.6,100.0
2024-12-29T12:00,32.7,27.7,278.0,3.7,2.4,100.0
2024-12-29T13:00,28.7,24.7,287.0,4.1,2.6,99.0
2024-12-29T14:00,26.0,22.5,294.0,4.7,3.0,98.0
2024-12-29T15:00,23.9,20.7,302.0,5.0,3.2,97.0
2024-12-29T16:00,22.2,19.0,314.0,4.8,3.1,97.0
2024-12-29T17:00,20.9,17.8,327.0,4.3,2.9,98.0
2024-12-29T18:00,21.7,18.3,336.0,4.0,2.9,98.0
2024-12-29T19:00,23.3,19.6,335.0,4.0,3.2,97.0
2024-12-29T20:00,24.2,20.5,329.0,4.1,3.5,96.0
2024-12-29T21:00,25.1,21.2,327.0,4.2,3.9,94.0
2024-12-29T22:00,26.4,22.3,335.0,4.2,4.2,92.0
2024-12-29T23:00,25.8,22.1,347.0,4.2,4.4,91.0
2024-12-30T00:00,21.9,18.4,352.0,3.8,3.6,90.0
2024-12-30T01:00,21.8,18.2,345.0,4.2,3.6,90.0
2024-12-30T02:00,21.5,18.0,330.0,4.8,3.7,90.0
2024-12-30T03:00,22.4,18.9,315.0,4.9,3.6,93.0
2024-12-30T04:00,23.0,19.3,299.0,4.2,3.4,100.0
2024-12-30T05:00,23.5,19.4,281.0,3.0,3.2,110.0
2024-12-30T06:00,25.2,20.7,268.0,2.1,2.9,116.0
2024-12-30T07:00,26.5,21.8,262.0,1.6,2.4,117.0
2024-12-30T08:00,27.6,22.6,260.0,1.3,1.8,114.0
2024-12-30T09:00,29.8,24.4,259.0,1.2,1.4,111.0
2024-12-30T10:00,30.6,25.3,258.0,1.4,1.1,108.0
2024-12-30T11:00,31.8,26.3,258.0,1.9,1.0,104.0
2024-12-30T12:00,34.8,29.3,259.0,3.0,1.5,103.0
2024-12-30T13:00,34.8,29.4,262.0,3.5,2.0,102.0
2024-12-30T14:00,35.3,30.0,267.0,4.1,2.8,101.0
2024-12-30T15:00,36.1,30.6,271.0,4.4,3.2,100.0
2024-12-30T16:00,36.1,30.7,272.0,4.2,3.1,101.0
2024-12-30T17:00,35.0,29.7,271.0,3.8,2.6,102.0
2024-12-30T18:00,36.0,30.5,273.0,3.4,2.3,103.0
2024-12-30T19:00,35.7,30.4,276.0,3.0,2.2,104.0
2024-12-30T20:00,36.2,30.6,282.0,2.6,2.1,105.0
2024-12-30T21:00,35.7,30.2,294.0,2.3,2.2,105.0
2024-12-30T22:00,35.2,29.6,321.0,2.2,2.4,105.0
2024-12-30T23:00,35.0,29.6,355.0,2.3,2.7,104.0
2024-12-31T00:00,27.6,22.5,377.0,1.6,1.3,96.0
2024-12-31T01:00,27.8,22.9,377.0,2.5,1.8,96.0
2024-12-31T02:00,28.8,23.9,365.0,3.7,2.5,95.0
2024-12-31T03:00,29.9,25.1,354.0,4.3,3.0,98.0
2024-12-31T04:00,31.0,25.9,349.0,3.7,3.2,106.0
2024-12-31T05:00,31.3,26.3,346.0,2.5,3.3,118.0
2024-12-31T06:00,31.7,26.5,344.0,1.5,3.4,126.0
2024-12-31T07:00,32.5,27.5,343.0,1.1,3.7,128.0
2024-12-31T08:00,33.3,28.3,343.0,1.1,4.0,128.0
2024-12-31T09:00,33.9,29.0,345.0,1.2,4.2,126.0
2024-12-31T10:00,34.3,29.5,350.0,1.6,4.2,124.0
2024-12-31T11:00,34.2,29.3,356.0,2.2,4.2,122.0
2024-12-31T12:00,40.9,35.9,364.0,3.1,4.5,120.0
2024-12-31T13:00,40.0,35.3,374.0,3.4,4.6,117.0
2024-12-31T14:00,39.6,34.7,,3.8,4.8,112.0
2024-12-31T15:00,38.8,33.9,,4.0,4.8,108.0
2024-12-31T16:00,38.2,33.1,,3.9,4.5,106.0
2024-12-31T17:00,38.2,32.9,,3.7,4.1,106.0
2024-12-31T18:00,37.8,32.6,,3.6,3.8,105.0
2024-12-31T19:00,37.7,32.6,,3.6,3.8,104.0
2024-12-31T20:00,37.6,32.6,,3.8,3.8,102.0
2024-12-31T21:00,37.4,32.6,,3.9,4.0,101.0
2024-12-31T22:00,37.1,32.7,,4.0,4.3,99.0
2024-12-31T23:00,37.6,33.3,,4.2,4.6,97.0
2025-01-01T00:00,37.7,33.8,,5.2,5.0,90.0
2025-01-01T01:00,38.6,34.8,,5.5,5.1,93.0
2025-01-01T02:00,38.3,34.5,,5.9,5.2,96.0
2025-01-01T03:00,37.3,33.3,,5.7,5.0,102.0
2025-01-01T04:00,35.4,31.2,,4.5,4.4,112.0
2025-01-01T05:00,33.4,29.0,340.0,2.7,3.5,123.0
2025-01-01T06:00,32.6,27.9,300.0,1.4,2.8,130.0
2025-01-01T07:00,32.9,27.9,283.0,0.9,2.5,129.0
2025-01-01T08:00,33.1,28.1,278.0,0.9,2.5,123.0
2025-01-01T09:00,33.8,28.8,281.0,1.0,2.5,118.0
2025-01-01T10:00,34.8,29.8,292.0,1.3,2.6,115.0
2025-01-01T11:00,35.6,30.9,310.0,1.8,2.7,113.0
2025-01-01T12:00,36.6,32.0,324.0,2.2,2.4,109.0
2025-01-01T13:00,37.4,33.1,329.0,2.2,2.5,110.0
2025-01-01T14:00,39.1,34.8,330.0,2.1,2.7,110.0
2025-01-01T15:00,41.7,37.1,335.0,2.1,2.8,111.0
2025-01-01T16:00,42.6,38.1,348.0,2.2,2.9,112.0
2025-01-01T17:00,42.8,38.4,366.0,2.5,2.9,113.0
2025-01-01T18:00,43.5,39.0,,2.6,2.9,113.0
2025-01-01T19:00,43.1,38.5,,2.6,3.0,113.0
2025-01-01T20:00,42.5,38.0,,2.4,3.0,112.0
2025-01-01T21:00,42.5,37.7,,2.4,3.1,111.0
2025-01-01T22:00,42.0,37.3,,2.5,3.2,110.0
2025-01-01T23:00,41.3,36.6,,2.6,3.2,108.0
2025-01-02T00:00,40.7,36.3,,2.6,3.1,109.0
2025-01-02T01:00,40.9,36.7,,2.9,3.4,110.0
2025-01-02T02:00,41.1,37.1,,3.3,3.9,111.0
2025-01-02T03:00,41.0,37.0,,3.4,4.2,115.0
2025-01-02T04:00,41.0,37.1,,2.9,4.3,123.0
2025-01-02T05:00,40.9,37.0,327.0,2.0,4.2,133.0
2025-01-02T06:00,40.6,37.0,276.0,1.3,4.1,140.0
2025-01-02T07:00,40.5,36.9,263.0,1.0,3.8,141.0
2025-01-02T08:00,40.5,37.0,271.0,0.9,3.4,139.0
2025-01-02T09:00,40.6,37.1,281.0,0.9,3.1,137.0
2025-01-02T10:00,41.0,37.5,288.0,1.1,2.9,135.0
2025-01-02T11:00,41.4,38.1,296.0,1.5,2.9,132.0
2025-01-02T12:00,43.0,39.2,308.0,2.3,2.9,126.0
2025-01-02T13:00,44.0,40.4,320.0,2.3,3.1,127.0
2025-01-02T14:00,45.3,41.6,335.0,2.2,3.3,127.0
2025-01-02T15:00,45.2,41.4,358.0,2.2,3.5,128.0
2025-01-02T16:00,44.9,41.1,,2.2,3.7,128.0
2025-01-02T17:00,44.2,40.5,,2.1,3.8,128.0
2025-01-02T18:00,43.5,39.9,,2.1,4.0,128.0
2025-01-02T19:00,43.4,39.8,,2.1,4.2,128.0
2025-01-02T20:00,43.4,39.9,,2.1,4.4,127.0
2025-01-02T21:00,43.9,40.5,,2.4,4.6,124.0
2025-01-02T22:00,44.2,41.1,,3.0,4.8,118.0
2025-01-02T23:00,44.2,41.2,,3.8,5.0,110.0
2025-01-03T00:00,43.2,40.4,,4.7,4.8,105.0
2025-01-03T01:00,44.2,41.6,,5.8,5.2,102.0
2025-01-03T02:00,45.8,43.2,,7.2,5.7,98.0
2025-01-03T03:00,47.6,45.1,,7.7,6.1,100.0
2025-01-03T04:00,48.1,45.3,,6.4,6.2,114.0
2025-01-03T05:00,49.2,46.1,362.0,4.1,6.2,134.0
2025-01-03T06:00,48.9,45.5,322.0,2.3,6.0,148.0
2025-01-03T07:00,47.7,44.4,297.0,1.5,5.7,151.0
2025-01-03T08:00,46.9,43.5,279.0,1.1,5.2,148.0
2025-01-03T09:00,46.6,43.1,269.0,1.0,4.8,144.0
2025-01-03T10:00,46.6,42.8,267.0,1.1,4.5,141.0
2025-01-03T11:00,46.2,42.1,272.0,1.5,4.2,137.0
2025-01-03T12:00,44.7,40.4,283.0,2.3,4.7,135.0
2025-01-03T13:00,44.0,39.1,303.0,2.5,4.9,133.0
2025-01-03T14:00,43.0,38.0,329.0,2.9,5.2,130.0
2025-01-03T15:00,42.1,36.7,351.0,3.1,5.4,128.0
2025-01-03T16:00,41.6,35.7,363.0,3.1,5.5,127.0
2025-01-03T17:00,41.7,34.9,371.0,3.0,5.5,127.0
2025-01-03T18:00,41.3,34.1,,3.0,5.4,126.0
2025-01-03T19:00,42.3,34.0,,3.0,5.1,125.0
2025-01-03T20:00,41.6,33.1,,2.9,4.7,123.0
2025-01-03T21:00,40.9,32.4,,3.2,4.6,120.0
2025-01-03T22:00,40.9,32.8,,3.8,5.0,113.0
2025-01-03T23:00,41.4,34.0,,4.7,5.7,105.0
2025-01-04T00:00,41.6,34.5,,5.4,5.2,99.0
2025-01-04T01:00,43.2,36.4,,6.5,6.0,96.0
2025-01-04T02:00,44.5,38.0,,7.8,7.0,92.0
2025-01-04T03:00,45.9,39.5,,8.3,7.5,95.0
2025-01-04T04:00,47.5,40.7,373.0,7.0,7.2,111.0
2025-01-04T05:00,48.1,40.3,320.0,4.7,6.4,133.0
2025-01-04T06:00,45.9,37.1,274.0,2.9,5.5,148.0
2025-01-04T07:00,43.8,33.9,244.0,2.0,4.3,150.0
2025-01-04T08:00,40.4,30.4,223.0,1.4,3.0,144.0
2025-01-04T09:00,37.8,27.9,210.0,1.2,1.9,137.0
2025-01-04T10:00,36.0,26.0,206.0,1.3,1.4,130.0
2025-01-04T11:00,34.5,24.7,210.0,1.6,1.1,121.0
2025-01-04T12:00,34.3,25.0,222.0,2.3,1.1,114.0
2025-01-04T13:00,33.9,24.7,244.0,2.6,1.2,111.0
2025-01-04T14:00,33.1,24.3,274.0,3.0,1.3,107.0
2025-01-04T15:00,32.2,23.9,300.0,3.4,1.3,104.0
2025-01-04T16:00,31.3,23.2,320.0,3.6,1.2,103.0
2025-01-04T17:00,30.6,22.6,336.0,3.7,1.1,102.0
2025-01-04T18:00,29.7,21.9,343.0,3.8,1.0,101.0
2025-01-04T19:00,28.6,21.1,328.0,3.8,1.0,100.0
2025-01-04T20:00,28.6,21.0,304.0,3.8,1.1,98.0
2025-01-04T21:00,29.1,21.6,306.0,4.1,1.3,95.0
2025-01-04T22:00,31.0,23.3,365.0,5.0,1.8,90.0
2025-01-04T23:00,33.3,25.6,,6.2,2.4,83.0
2025-01-05T00:00,36.0,28.3,,6.7,2.8,81.0
2025-01-05T01:00,41.0,32.7,,7.1,3.3,81.0
2025-01-05T02:00,39.6,31.9,,7.7,3.9,81.0
2025-01-05T03:00,39.6,31.3,,7.5,4.1,85.0
2025-01-05T04:00,39.0,30.2,379.0,5.9,3.6,97.0
2025-01-05T05:00,36.9,27.6,312.0,3.7,2.8,112.0
2025-01-05T06:00,32.5,23.8,257.0,1.9,2.0,122.0
2025-01-05T07:00,29.0,20.7,225.0,1.2,1.4,121.0
2025-01-05T08:00,26.4,18.3,205.0,0.9,0.9,114.0
2025-01-05T09:00,24.6,16.8,194.0,0.9,0.5,108.0
2025-01-05T10:00,23.7,16.2,192.0,1.0,0.3,103.0
2025-01-05T11:00,23.4,16.2,200.0,1.4,0.3,99.0
2025-01-05T12:00,30.5,22.4,210.0,2.3,0.7,104.0
2025-01-05T13:00,29.5,21.9,223.0,2.6,0.8,102.0
2025-01-05T14:00,28.9,22.1,239.0,3.0,1.0,100.0
2025-01-05T15:00,28.9,22.6,254.0,3.3,1.1,99.0
2025-01-05T16:00,29.0,23.0,266.0,3.3,1.0,100.0
2025-01-05T17:00,28.6,22.9,277.0,3.1,0.8,102.0
2025-01-05T18:00,27.5,22.2,289.0,2.9,0.7,103.0
2025-01-05T19:00,26.1,21.0,299.0,2.7,0.6,103.0
2025-01-05T20:00,25.0,20.1,310.0,2.5,0.6,101.0
2025-01-05T21:00,24.6,19.9,327.0,2.6,0.7,99.0
2025-01-05T22:00,25.1,20.5,359.0,3.1,0.8,96.0
2025-01-05T23:00,26.3,21.9,,3.9,1.0,91.0
2025-01-06T00:00,34.2,30.6,,7.7,2.9,77.0
2025-01-06T01:00,36.7,34.3,,9.5,4.5,71.0
2025-01-06T02:00,41.4,39.6,,11.9,6.8,64.0
2025-01-06T03:00,44.7,42.8,,12.9,8.6,67.0
2025-01-06T04:00,45.9,43.9,367.0,11.1,9.6,89.0
2025-01-06T05:00,44.8,42.6,289.0,7.9,10.2,120.0
2025-01-06T06:00,43.0,40.4,230.0,5.1,10.0,143.0
2025-01-06T07:00,39.9,37.3,212.0,3.5,8.5,149.0
2025-01-06T08:00,35.2,32.1,215.0,2.3,6.2,146.0
2025-01-06T09:00,29.8,26.7,215.0,1.7,4.3,141.0
2025-01-06T10:00,27.2,24.0,203.0,1.8,3.3,134.0
2025-01-06T11:00,27.3,23.3,189.0,2.4,2.7,125.0
2025-01-06T12:00,33.6,29.3,182.0,3.6,2.3,120.0
2025-01-06T13:00,33.6,28.8,190.0,4.3,2.0,114.0
2025-01-06T14:00,33.3,28.3,206.0,5.2,1.5,105.0
2025-01-06T15:00,32.2,27.4,218.0,5.8,1.1,98.0
2025-01-06T16:00,31.4,26.7,218.0,5.8,0.9,94.0
2025-01-06T17:00,30.9,26.1,214.0,5.4,0.8,92.0
2025-01-06T18:00,30.0,25.3,222.0,5.0,0.8,90.0
2025-01-06T19:00,29.2,24.6,255.0,4.5,0.7,89.0
2025-01-06T20:00,28.4,23.9,300.0,4.0,0.7,89.0
2025-01-06T21:00,28.3,23.9,336.0,4.2,0.9,87.0
2025-01-06T22:00,28.9,24.7,356.0,5.5,1.5,82.0
2025-01-06T23:00,30.3,26.3,368.0,7.4,2.4,74.0
2025-01-07T00:00,31.2,27.9,373.0,8.6,2.7,70.0
2025-01-07T01:00,31.7,29.7,373.0,10.8,4.4,65.0
2025-01-07T02:00,34.6,32.8,366.0,13.7,6.8,58.0
2025-01-07T03:00,37.0,35.3,353.0,14.7,8.6,61.0
2025-01-07T04:00,38.3,36.3,331.0,12.2,9.3,82.0
2025-01-07T05:00,38.6,36.1,302.0,7.8,9.3,111.0
2025-01-07T06:00,37.4,34.5,277.0,4.3,8.8,133.0
2025-01-07T07:00,35.5,32.5,258.0,2.7,7.5,140.0
2025-01-07T08:00,35.2,32.0,244.0,2.0,5.6,139.0
2025-01-07T09:00,35.6,32.4,234.0,1.7,4.2,136.0
2025-01-07T10:00,34.3,31.1,232.0,2.0,3.8,133.0
2025-01-07T11:00,34.6,31.3,236.0,2.8,4.0,128.0
2025-01-07T12:00,34.0,29.9,239.0,3.1,3.1,117.0
2025-01-07T13:00,32.5,28.6,239.0,2.9,2.8,113.0
2025-01-07T14:00,30.0,26.1,239.0,2.6,2.3,107.0
2025-01-07T15:00,28.6,24.4,240.0,2.4,1.9,103.0
2025-01-07T16:00,26.9,22.8,240.0,2.2,1.5,102.0
2025-01-07T17:00,25.8,21.8,240.0,2.1,1.1,102.0
2025-01-07T18:00,25.3,21.2,248.0,2.1,0.9,102.0
2025-01-07T19:00,25.0,21.1,265.0,2.1,0.9,102.0
2025-01-07T20:00,25.3,21.4,289.0,2.1,1.0,102.0
2025-01-07T21:00,25.7,21.9,319.0,2.4,1.4,101.0
2025-01-07T22:00,26.6,22.9,361.0,3.1,2.0,98.0
2025-01-07T23:00,27.8,24.3,,4.2,2.9,93.0
2025-01-08T00:00,26.8,24.0,,4.1,3.0,95.0
2025-01-08T01:00,27.6,25.6,,5.5,4.0,91.0
2025-01-08T02:00,29.3,27.5,,7.4,5.3,87.0
2025-01-08T03:00,31.3,29.7,,8.2,6.6,90.0
2025-01-08T04:00,33.4,31.9,382.0,7.1,7.9,108.0
2025-01-08T05:00,34.7,33.1,355.0,5.0,9.2,133.0
2025-01-08T06:00,35.2,33.3,332.0,3.2,9.6,151.0
2025-01-08T07:00,35.3,33.3,311.0,2.3,8.7,157.0
2025-01-08T08:00,34.6,32.5,294.0,1.8,6.9,157.0
2025-01-08T09:00,33.8,31.5,286.0,1.5,5.4,154.0
2025-01-08T10:00,32.9,30.5,294.0,1.6,4.4,146.0
2025-01-08T11:00,32.2,29.7,312.0,1.9,3.6,135.0
2025-01-08T12:00,40.0,37.3,328.0,2.6,4.1,134.0
2025-01-08T13:00,37.0,34.3,338.0,2.7,3.7,131.0
2025-01-08T14:00,35.0,32.5,347.0,2.9,3.2,127.0
2025-01-08T15:00,34.1,31.5,359.0,2.9,2.9,124.0
2025-01-08T16:00,34.2,31.4,376.0,2.7,2.8,125.0
2025-01-08T17:00,35.3,32.5,,2.5,2.9,127.0
2025-01-08T18:00,36.8,33.8,,2.3,3.0,128.0
2025-01-08T19:00,38.3,35.3,,2.2,3.0,128.0
2025-01-08T20:00,39.8,36.6,,2.1,2.9,127.0
2025-01-08T21:00,40.7,37.5,,2.3,3.0,125.0
2025-01-08T22:00,41.3,38.1,,2.8,3.3,120.0
2025-01-08T23:00,41.9,38.9,,3.5,3.7,114.0
2025-01-09T00:00,39.0,36.0,,2.8,2.6,117.0
2025-01-09T01:00,40.5,37.6,,3.9,3.0,114.0
2025-01-09T02:00,41.8,38.9,,5.3,3.7,110.0
2025-01-09T03:00,43.3,40.3,,5.9,4.1,111.0
2025-01-09T04:00,44.8,41.4,,4.9,4.2,122.0
2025-01-09T05:00,45.6,41.9,339.0,3.0,4.1,137.0
2025-01-09T06:00,45.5,41.4,295.0,1.6,4.1,148.0
2025-01-09T07:00,43.9,39.8,283.0,1.0,4.3,150.0
2025-01-09T08:00,42.7,38.6,287.0,0.9,4.5,147.0
2025-01-09T09:00,41.6,37.5,291.0,0.9,4.6,144.0
2025-01-09T10:00,40.4,36.3,288.0,1.1,4.6,141.0
2025-01-09T11:00,39.1,35.2,285.0,1.6,4.4,138.0
2025-01-09T12:00,41.0,37.0,291.0,2.1,4.7,137.0
2025-01-09T13:00,39.1,35.2,309.0,2.1,4.7,136.0
2025-01-09T14:00,36.6,32.7,336.0,2.0,4.7,134.0
2025-01-09T15:00,35.3,31.1,364.0,2.2,4.7,131.0
2025-01-09T16:00,33.3,29.3,,2.7,4.6,128.0
2025-01-09T17:00,31.9,28.1,,3.4,4.4,124.0
2025-01-09T18:00,31.1,27.4,,4.3,4.5,119.0
2025-01-09T19:00,30.7,27.1,,5.6,5.0,111.0
2025-01-09T20:00,31.8,28.3,,7.1,5.8,102.0
2025-01-09T21:00,32.8,30.4,,8.4,6.6,94.0
2025-01-09T22:00,36.6,34.7,,9.3,7.7,86.0
2025-01-09T23:00,39.5,38.0,,9.9,8.9,79.0
2025-01-10T00:00,39.1,37.1,,10.1,8.7,77.0
2025-01-10T01:00,37.8,35.6,,9.8,7.9,81.0
2025-01-10T02:00,38.9,35.2,,9.3,6.8,88.0
2025-01-10T03:00,36.4,32.6,,8.4,5.6,96.0
2025-01-10T04:00,35.5,30.9,,6.6,4.5,107.0
2025-01-10T05:00,36.8,31.4,315.0,4.2,3.3,119.0
2025-01-10T06:00,35.6,29.9,262.0,2.4,2.4,127.0
2025-01-10T07:00,35.7,29.9,253.0,1.5,1.8,128.0
2025-01-10T08:00,37.4,31.4,266.0,1.0,1.5,126.0
2025-01-10T09:00,39.8,33.6,279.0,0.8,1.3,123.0
2025-01-10T10:00,41.7,35.6,285.0,0.9,1.1,120.0
2025-01-10T11:00,43.7,37.5,291.0,1.2,1.0,117.0
2025-01-10T12:00,38.9,33.4,296.0,2.1,1.0,116.0
2025-01-10T13:00,39.2,33.8,300.0,2.2,1.0,116.0
2025-01-10T14:00,40.6,34.9,302.0,2.3,1.1,116.0
2025-01-10T15:00,41.7,35.9,303.0,2.5,1.2,116.0
2025-01-10T16:00,41.9,35.9,298.0,2.7,1.3,116.0
2025-01-10T17:00,41.3,35.4,291.0,2.9,1.4,115.0
2025-01-10T18:00,41.4,35.3,298.0,3.0,1.5,115.0
2025-01-10T19:00,41.7,35.2,335.0,2.7,1.4,116.0
2025-01-10T20:00,41.2,34.6,,2.3,1.3,116.0
2025-01-10T21:00,41.1,34.3,,1.9,1.2,117.0
2025-01-10T22:00,50.4,41.9,,1.7,1.1,117.0
2025-01-10T23:00,41.3,34.3,,1.6,1.0,116.0
2025-01-11T00:00,38.0,31.7,372.0,1.7,1.0,115.0
2025-01-11T01:00,37.6,31.2,364.0,1.9,0.9,115.0
2025-01-11T02:00,36.2,29.9,359.0,2.2,0.9,116.0
2025-01-11T03:00,34.9,28.6,350.0,2.2,0.8,117.0
2025-01-11T04:00,33.6,27.4,332.0,1.8,0.8,118.0
2025-01-11T05:00,31.8,25.6,311.0,1.2,0.8,120.0
2025-01-11T06:00,30.9,24.6,293.0,0.8,0.8,120.0
2025-01-11T07:00,30.5,24.2,282.0,0.7,0.8,118.0
2025-01-11T08:00,29.7,23.6,275.0,0.7,0.7,114.0
2025-01-11T09:00,28.8,23.0,268.0,0.8,0.7,111.0
2025-01-11T10:00,28.3,22.5,258.0,1.1,0.8,109.0
2025-01-11T11:00,28.2,22.3,247.0,1.5,1.0,107.0
2025-01-11T12:00,25.4,20.2,239.0,3.0,2.8,110.0
2025-01-11T13:00,24.6,19.3,237.0,3.1,3.0,107.0
2025-01-11T14:00,24.0,18.4,237.0,3.2,3.3,103.0
2025-01-11T15:00,23.6,17.8,238.0,3.2,3.4,101.0
2025-01-11T16:00,23.6,17.5,234.0,2.8,2.9,102.0
2025-01-11T17:00,23.7,17.6,230.0,2.2,2.1,105.0
2025-01-11T18:00,24.2,18.0,239.0,2.2,1.7,105.0
2025-01-11T19:00,24.9,18.8,276.0,3.0,2.0,102.0
2025-01-11T20:00,26.8,20.4,327.0,4.4,2.8,97.0
2025-01-11T21:00,27.7,21.5,356.0,5.7,3.7,91.0
2025-01-11T22:00,27.5,22.2,343.0,7.0,5.0,82.0
2025-01-11T23:00,28.3,23.2,309.0,8.2,6.6,72.0
2025-01-12T00:00,31.0,24.9,283.0,7.3,5.2,77.0
2025-01-12T01:00,32.5,26.1,277.0,7.9,5.1,77.0
2025-01-12T02:00,33.5,27.2,280.0,8.6,5.0,78.0
2025-01-12T03:00,33.4,27.2,285.0,8.6,4.8,81.0
2025-01-12T04:00,31.5,25.5,294.0,7.4,4.4,89.0
2025-01-12T05:00,29.7,23.6,306.0,5.5,3.8,99.0
2025-01-12T06:00,26.1,20.6,305.0,3.9,3.2,106.0
2025-01-12T07:00,22.4,17.6,280.0,2.8,2.5,109.0
2025-01-12T08:00,18.3,14.2,243.0,1.9,1.9,110.0
2025-01-12T09:00,15.0,11.5,217.0,1.5,1.3,109.0
2025-01-12T10:00,13.6,10.2,215.0,1.7,0.9,105.0
2025-01-12T11:00,13.6,10.1,225.0,2.2,0.6,98.0
2025-01-12T12:00,20.5,15.6,234.0,2.6,1.9,102.0
2025-01-12T13:00,20.5,15.7,238.0,3.0,2.0,99.0
2025-01-12T14:00,21.2,16.2,240.0,3.5,2.3,95.0
2025-01-12T15:00,21.6,16.6,242.0,3.9,2.4,92.0
2025-01-12T16:00,21.7,16.6,242.0,3.9,2.4,92.0
2025-01-12T17:00,20.8,16.0,241.0,3.8,2.4,93.0
2025-01-12T18:00,19.2,14.8,240.0,3.6,2.4,94.0
2025-01-12T19:00,17.4,13.5,238.0,3.5,2.4,94.0
2025-01-12T20:00,15.7,12.3,236.0,3.3,2.4,94.0
2025-01-12T21:00,14.8,11.7,236.0,3.4,2.6,93.0
2025-01-12T22:00,14.6,11.7,241.0,3.8,3.1,90.0
2025-01-12T23:00,15.1,12.2,249.0,4.4,3.8,87.0
2025-01-13T00:00,11.9,9.3,256.0,2.7,2.0,93.0
2025-01-13T01:00,12.3,9.7,263.0,3.1,2.1,93.0
2025-01-13T02:00,12.8,10.1,270.0,3.7,2.3,94.0
2025-01-13T03:00,13.5,10.4,272.0,3.8,2.2,96.0
2025-01-13T04:00,14.3,10.7,266.0,3.1,1.8,101.0
2025-01-13T05:00,15.8,11.5,255.0,2.0,1.1,108.0
2025-01-13T06:00,15.9,11.5,248.0,1.2,0.6,112.0
2025-01-13T07:00,16.7,12.0,250.0,0.9,0.4,112.0
2025-01-13T08:00,17.2,12.2,257.0,0.9,0.3,110.0
2025-01-13T09:00,17.6,12.4,263.0,1.0,0.3,108.0
2025-01-13T10:00,17.8,12.5,267.0,1.3,0.3,107.0
2025-01-13T11:00,19.3,13.6,271.0,1.8,0.3,106.0
2025-01-13T12:00,20.6,14.6,274.0,1.9,0.3,105.0
2025-01-13T13:00,21.1,15.0,277.0,1.9,0.4,106.0
2025-01-13T14:00,21.7,15.5,280.0,1.8,0.5,106.0
2025-01-13T15:00,22.5,16.2,282.0,1.8,0.6,107.0
2025-01-13T16:00,23.1,16.7,283.0,1.9,0.6,107.0
2025-01-13T17:00,23.2,16.9,282.0,2.0,0.7,107.0
2025-01-13T18:00,23.1,16.8,280.0,2.1,0.7,107.0
2025-01-13T19:00,22.6,16.5,274.0,2.1,0.8,107.0
2025-01-13T20:00,21.9,16.0,267.0,1.9,0.8,107.0
2025-01-13T21:00,21.3,15.6,264.0,1.9,0.9,107.0
2025-01-13T22:00,20.7,15.1,269.0,1.9,1.0,107.0
2025-01-13T23:00,19.9,14.5,279.0,2.0,1.1,106.0
2025-01-14T00:00,19.5,14.4,288.0,2.8,1.3,102.0
2025-01-14T01:00,19.3,14.3,296.0,3.3,1.4,102.0
2025-01-14T02:00,19.2,14.1,302.0,3.8,1.5,103.0
2025-01-14T03:00,18.6,13.7,301.0,4.0,1.6,105.0
2025-01-14T04:00,18.9,13.7,284.0,3.3,1.5,110.0
2025-01-14T05:00,19.9,14.3,258.0,2.3,1.4,117.0
2025-01-14T06:00,20.7,14.8,241.0,1.4,1.2,121.0
2025-01-14T07:00,21.2,15.1,242.0,1.0,1.0,119.0
2025-01-14T08:00,21.1,15.0,251.0,0.9,0.8,115.0
2025-01-14T09:00,21.0,14.8,257.0,0.9,0.6,111.0
2025-01-14T10:00,20.7,14.7,253.0,1.1,0.5,108.0
2025-01-14T11:00,20.4,14.6,247.0,1.4,0.4,106.0
2025-01-14T12:00,19.6,14.1,244.0,2.0,0.6,103.0
2025-01-14T13:00,19.0,13.8,250.0,2.1,0.7,103.0
2025-01-14T14:00,18.7,13.6,261.0,2.2,1.0,103.0
2025-01-14T15:00,18.7,13.6,268.0,2.3,1.1,103.0
2025-01-14T16:00,18.9,13.7,264.0,2.3,1.1,104.0
2025-01-14T17:00,19.0,13.9,257.0,2.3,1.1,106.0
2025-01-14T18:00,19.1,14.0,259.0,2.3,1.1,107.0
2025-01-14T19:00,19.3,14.1,281.0,2.3,1.2,107.0
2025-01-14T20:00,19.5,14.3,313.0,2.3,1.2,107.0
2025-01-14T21:00,19.9,14.6,330.0,2.3,1.3,107.0
2025-01-14T22:00,19.7,14.6,319.0,2.3,1.4,106.0
2025-01-14T23:00,19.4,14.3,295.0,2.3,1.5,106.0
2025-01-15T00:00,18.5,13.5,276.0,2.2,1.2,108.0
2025-01-15T01:00,17.9,13.1,273.0,2.3,1.1,110.0
2025-01-15T02:00,18.0,13.2,277.0,2.4,0.9,112.0
2025-01-15T03:00,18.5,13.5,276.0,2.3,0.7,114.0
2025-01-15T04:00,19.6,14.2,266.0,1.8,0.6,117.0
2025-01-15T05:00,20.1,14.6,252.0,1.2,0.5,120.0
2025-01-15T06:00,20.5,14.9,241.0,0.7,0.4,121.0
2025-01-15T07:00,20.3,14.8,235.0,0.6,0.4,119.0
2025-01-15T08:00,20.2,14.8,232.0,0.6,0.4,115.0
2025-01-15T09:00,20.1,14.8,231.0,0.8,0.4,111.0
2025-01-15T10:00,20.4,15.1,234.0,1.1,0.4,107.0
2025-01-15T11:00,21.2,15.7,239.0,1.4,0.4,103.0
2025-01-15T12:00,15.9,11.8,244.0,1.8,0.4,102.0
2025-01-15T13:00,17.5,13.0,248.0,1.9,0.5,102.0
2025-01-15T14:00,20.0,15.3,251.0,2.0,0.6,101.0
2025-01-15T15:00,23.4,18.4,255.0,2.0,0.8,102.0
2025-01-15T16:00,27.1,21.9,261.0,2.0,1.1,106.0
2025-01-15T17:00,30.4,25.1,268.0,1.9,1.4,111.0
2025-01-15T18:00,33.4,28.0,272.0,1.7,1.7,115.0
2025-01-15T19:00,35.9,30.2,270.0,1.4,1.9,118.0
2025-01-15T20:00,37.8,32.0,266.0,1.1,2.0,121.0
2025-01-15T21:00,39.3,33.3,264.0,0.9,2.1,123.0
2025-01-15T22:00,40.9,34.7,267.0,0.7,2.1,125.0
2025-01-15T23:00,42.8,36.3,273.0,0.6,2.0,126.0
2025-01-16T00:00,40.3,34.2,278.0,1.1,1.7,119.0
2025-01-16T01:00,42.6,36.4,280.0,1.3,1.7,121.0
2025-01-16T02:00,45.6,39.2,281.0,1.7,1.6,123.0
2025-01-16T03:00,46.0,39.6,282.0,1.8,1.6,125.0
2025-01-16T04:00,47.0,40.6,281.0,1.6,1.5,128.0
2025-01-16T05:00,46.6,40.4,279.0,1.1,1.4,130.0
2025-01-16T06:00,46.3,40.3,282.0,0.8,1.4,132.0
2025-01-16T07:00,45.6,39.8,293.0,0.7,1.4,131.0
2025-01-16T08:00,44.9,39.3,310.0,0.7,1.5,130.0
2025-01-16T09:00,43.8,39.0,324.0,0.8,1.6,128.0
2025-01-16T10:00,44.4,39.6,335.0,1.1,1.8,127.0
2025-01-16T11:00,44.8,40.2,344.0,1.5,2.0,127.0
2025-01-16T12:00,49.5,44.8,351.0,2.0,1.9,124.0
2025-01-16T13:00,50.9,46.2,358.0,1.9,2.1,125.0
2025-01-16T14:00,52.5,47.8,363.0,1.9,2.3,126.0
2025-01-16T15:00,54.9,50.3,365.0,1.8,2.5,127.0
2025-01-16T16:00,56.6,,363.0,1.8,2.5,127.0
2025-01-16T17:00,59.0,,358.0,1.8,2.4,127.0
2025-01-16T18:00,61.0,,355.0,1.8,2.4,127.0
2025-01-16T19:00,61.7,,356.0,1.9,2.5,126.0
2025-01-16T20:00,63.1,,361.0,2.0,2.7,124.0
2025-01-16T21:00,63.8,,368.0,2.0,2.8,122.0
2025-01-16T22:00,65.0,,380.0,1.9,2.7,121.0
2025-01-16T23:00,66.6,,,1.7,2.5,121.0
2025-01-17T00:00,59.6,,,3.2,2.9,110.0
2025-01-17T01:00,59.5,,,3.6,2.8,111.0
2025-01-17T02:00,58.7,,,4.0,2.6,113.0
2025-01-17T03:00,57.0,,,4.0,2.4,116.0
2025-01-17T04:00,55.8,,,3.1,2.3,123.0
2025-01-17T05:00,52.6,48.5,353.0,1.8,2.2,133.0
2025-01-17T06:00,51.1,47.0,308.0,0.9,2.1,139.0
2025-01-17T07:00,50.2,46.1,296.0,0.6,2.0,139.0
2025-01-17T08:00,49.1,44.9,300.0,0.7,1.9,136.0
2025-01-17T09:00,48.3,43.8,306.0,0.9,1.8,133.0
2025-01-17T10:00,48.5,43.4,308.0,1.2,1.6,131.0
2025-01-17T11:00,47.4,42.3,311.0,1.5,1.4,129.0
2025-01-17T12:00,52.3,46.7,316.0,2.0,1.5,128.0
2025-01-17T13:00,52.0,46.2,325.0,1.9,1.5,128.0
2025-01-17T14:00,52.0,46.2,336.0,1.7,1.5,128.0
2025-01-17T15:00,51.2,45.9,346.0,1.7,1.6,128.0
2025-01-17T16:00,50.6,45.8,356.0,1.9,1.8,128.0
2025-01-17T17:00,50.1,45.6,365.0,2.1,2.0,127.0
2025-01-17T18:00,49.8,45.6,370.0,2.3,2.2,126.0
2025-01-17T19:00,49.2,45.1,370.0,2.3,2.4,125.0
2025-01-17T20:00,48.1,43.9,367.0,2.2,2.6,124.0
2025-01-17T21:00,47.5,42.8,359.0,2.2,2.8,122.0
2025-01-17T22:00,45.4,40.6,341.0,2.1,2.8,120.0
2025-01-17T23:00,43.1,38.4,319.0,2.0,2.7,118.0
2025-01-18T00:00,41.2,36.9,307.0,2.5,3.2,115.0
2025-01-18T01:00,38.8,34.7,321.0,3.9,3.8,111.0
2025-01-18T02:00,37.5,33.8,346.0,5.9,4.7,105.0
2025-01-18T03:00,37.3,33.9,351.0,7.4,5.4,102.0
2025-01-18T04:00,36.1,32.8,314.0,8.1,5.9,104.0
2025-01-18T05:00,36.7,32.8,257.0,8.2,6.2,109.0
2025-01-18T06:00,34.5,30.2,216.0,7.7,6.0,111.0
2025-01-18T07:00,33.2,27.6,207.0,6.1,4.9,110.0
2025-01-18T08:00,28.6,23.1,213.0,3.9,3.3,106.0
2025-01-18T09:00,25.8,20.5,221.0,2.3,2.0,102.0
2025-01-18T10:00,25.2,19.8,226.0,2.1,1.4,97.0
2025-01-18T11:00,24.3,19.1,232.0,2.5,1.1,90.0
2025-01-18T12:00,28.0,22.4,235.0,3.5,1.6,88.0
2025-01-18T13:00,29.0,23.3,233.0,3.9,2.0,86.0
2025-01-18T14:00,30.0,24.3,228.0,4.6,2.5,83.0
2025-01-18T15:00,31.8,26.0,225.0,4.9,2.9,81.0
2025-01-18T16:00,32.9,27.1,226.0,4.8,3.0,81.0
2025-01-18T17:00,31.8,26.4,229.0,4.4,3.0,82.0
2025-01-18T18:00,30.4,25.5,231.0,4.0,2.9,83.0
2025-01-18T19:00,28.4,24.0,229.0,3.6,2.7,84.0
2025-01-18T20:00,26.5,22.5,226.0,3.1,2.4,84.0
2025-01-18T21:00,23.7,20.3,225.0,2.7,2.2,85.0
2025-01-18T22:00,22.1,18.8,228.0,2.3,2.0,87.0
2025-01-18T23:00,19.2,16.3,234.0,2.0,1.8,89.0
2025-01-19T00:00,15.0,12.4,240.0,1.4,1.2,92.0
2025-01-19T01:00,15.8,12.9,248.0,1.8,1.1,92.0
2025-01-19T02:00,16.6,13.3,257.0,2.3,1.1,93.0
2025-01-19T03:00,17.8,14.2,261.0,2.5,1.0,95.0
2025-01-19T04:00,17.9,14.4,257.0,2.2,0.9,100.0
2025-01-19T05:00,19.2,15.5,248.0,1.7,0.8,107.0
2025-01-19T06:00,21.7,17.6,245.0,1.3,0.8,112.0
2025-01-19T07:00,23.9,19.6,251.0,1.1,0.8,113.0
2025-01-19T08:00,25.3,20.9,263.0,1.1,0.9,112.0
2025-01-19T09:00,27.6,23.1,274.0,1.2,1.0,110.0
2025-01-19T10:00,28.9,24.2,284.0,1.6,1.0,107.0
2025-01-19T11:00,29.6,24.8,294.0,2.1,1.0,104.0
2025-01-19T12:00,29.3,24.8,304.0,2.9,1.7,102.0
2025-01-19T13:00,28.9,24.5,312.0,3.5,2.0,100.0
2025-01-19T14:00,28.4,24.1,320.0,4.2,2.5,97.0
2025-01-19T15:00,28.8,24.3,333.0,4.7,2.8,95.0
2025-01-19T16:00,29.3,24.6,355.0,4.6,2.8,96.0
2025-01-19T17:00,29.7,24.9,382.0,4.2,2.8,98.0
2025-01-19T18:00,30.5,25.6,,4.0,2.8,99.0
2025-01-19T19:00,30.7,25.8,,4.1,3.0,99.0
2025-01-19T20:00,31.3,26.3,,4.2,3.4,99.0
2025-01-19T21:00,32.1,27.2,,4.6,3.9,98.0
2025-01-19T22:00,33.1,28.2,,5.2,4.8,94.0
2025-01-19T23:00,34.1,29.2,,5.9,5.8,90.0
2025-01-20T00:00,33.1,28.1,,4.5,4.5,96.0
2025-01-20T01:00,33.2,28.6,,5.6,5.2,95.0
2025-01-20T02:00,32.8,29.0,380.0,7.0,6.2,93.0
2025-01-20T03:00,33.3,29.5,372.0,7.5,6.8,97.0
2025-01-20T04:00,34.1,29.9,359.0,6.2,6.5,111.0
2025-01-20T05:00,34.5,30.0,343.0,4.1,5.9,131.0
2025-01-20T06:00,34.7,30.3,324.0,2.4,5.2,145.0
2025-01-20T07:00,34.7,30.4,296.0,1.7,4.7,149.0
2025-01-20T08:00,34.3,30.2,265.0,1.4,4.3,149.0
2025-01-20T09:00,34.7,30.5,248.0,1.4,3.9,146.0
2025-01-20T10:00,35.7,31.3,253.0,1.6,3.5,141.0
2025-01-20T11:00,37.5,32.7,272.0,2.0,3.2,135.0
2025-01-20T12:00,46.7,42.7,293.0,2.9,4.1,134.0
2025-01-20T13:00,45.8,41.9,310.0,3.1,4.2,133.0
2025-01-20T14:00,44.9,41.1,329.0,3.3,4.4,131.0
2025-01-20T15:00,43.3,39.6,356.0,3.4,4.5,130.0
2025-01-20T16:00,42.6,38.8,,3.4,4.6,130.0
2025-01-20T17:00,42.7,38.4,,3.3,4.8,131.0
2025-01-20T18:00,41.4,37.1,,3.3,4.9,130.0
2025-01-20T19:00,39.7,35.5,,3.4,4.9,127.0
2025-01-20T20:00,38.4,34.2,,3.6,4.9,123.0
2025-01-20T21:00,38.6,34.3,,3.9,5.0,118.0
2025-01-20T22:00,38.3,34.0,,4.4,5.5,111.0
2025-01-20T23:00,38.6,34.1,,4.9,6.1,104.0
2025-01-21T00:00,37.3,33.5,,4.8,6.1,104.0
2025-01-21T01:00,37.5,33.8,,5.6,6.2,102.0
2025-01-21T02:00,37.6,34.0,,6.7,6.4,99.0
2025-01-21T03:00,37.5,33.8,,7.0,6.3,101.0
2025-01-21T04:00,35.7,31.8,378.0,5.7,5.7,113.0
2025-01-21T05:00,35.3,30.3,329.0,3.7,4.8,129.0
2025-01-21T06:00,34.1,28.8,288.0,2.1,4.0,141.0
2025-01-21T07:00,32.9,27.7,263.0,1.4,3.2,143.0
2025-01-21T08:00,32.4,27.2,246.0,1.2,2.4,141.0
2025-01-21T09:00,31.8,26.7,237.0,1.2,1.9,137.0
2025-01-21T10:00,31.8,26.8,235.0,1.5,1.7,133.0
2025-01-21T11:00,32.1,27.3,240.0,1.9,1.7,129.0
2025-01-21T12:00,34.1,29.2,253.0,2.6,1.8,127.0
2025-01-21T13:00,34.3,29.6,275.0,2.7,2.0,125.0
2025-01-21T14:00,34.8,30.2,305.0,2.8,2.4,121.0
2025-01-21T15:00,35.3,30.6,336.0,2.9,2.7,119.0
2025-01-21T16:00,35.5,31.1,371.0,2.9,3.0,119.0
2025-01-21T17:00,35.3,31.2,,3.0,3.2,120.0
2025-01-21T18:00,35.5,31.8,,2.9,3.3,121.0
2025-01-21T19:00,36.4,32.7,,2.7,3.1,122.0
2025-01-21T20:00,37.7,33.6,,2.3,2.8,123.0
2025-01-21T21:00,38.5,34.1,,2.3,2.7,122.0
2025-01-21T22:00,39.1,34.7,,2.6,2.8,119.0
2025-01-21T23:00,39.7,35.3,,3.1,3.0,114.0
2025-01-22T00:00,38.8,36.1,,6.7,4.9,93.0
2025-01-22T01:00,39.6,37.0,,7.8,5.5,90.0
2025-01-22T02:00,40.2,37.7,,9.3,6.3,86.0
2025-01-22T03:00,40.5,38.2,,9.6,6.7,90.0
2025-01-22T04:00,41.2,38.6,373.0,7.8,6.2,108.0
2025-01-22T05:00,41.6,38.5,339.0,4.9,5.3,134.0
2025-01-22T06:00,43.2,38.2,305.0,2.6,4.3,150.0
2025-01-22T07:00,39.3,34.6,272.0,1.6,3.3,150.0
2025-01-22T08:00,36.7,31.7,239.0,1.2,2.4,141.0
2025-01-22T09:00,35.0,29.7,217.0,1.1,1.6,131.0
2025-01-22T10:00,32.9,27.6,212.0,1.3,1.2,123.0
2025-01-22T11:00,31.2,26.0,217.0,1.7,1.1,115.0
2025-01-22T12:00,36.0,30.3,224.0,2.4,1.1,113.0
2025-01-22T13:00,33.6,28.1,231.0,2.3,1.1,109.0
2025-01-22T14:00,31.7,26.1,240.0,2.2,1.1,103.0
2025-01-22T15:00,30.0,24.5,242.0,2.1,1.0,99.0
2025-01-22T16:00,28.9,23.4,231.0,1.9,0.9,97.0
2025-01-22T17:00,27.9,22.4,214.0,1.8,0.7,97.0
2025-01-22T18:00,26.8,21.4,200.0,1.6,0.5,96.0
2025-01-22T19:00,25.4,20.2,190.0,1.4,0.4,95.0
2025-01-22T20:00,24.0,19.0,184.0,1.2,0.3,95.0
2025-01-22T21:00,22.8,17.9,191.0,1.2,0.3,94.0
2025-01-22T22:00,21.2,16.8,219.0,1.3,0.3,92.0
2025-01-22T23:00,20.4,16.1,260.0,1.5,0.3,90.0
2025-01-23T00:00,21.0,16.9,300.0,3.4,0.9,83.0
2025-01-23T01:00,21.1,17.1,345.0,4.4,1.3,81.0
2025-01-23T02:00,21.8,17.8,,5.6,1.8,78.0
2025-01-23T03:00,22.9,18.7,,6.1,2.1,79.0
2025-01-23T04:00,23.8,19.2,341.0,5.0,1.9,88.0
2025-01-23T05:00,23.2,18.2,251.0,3.0,1.4,102.0
2025-01-23T06:00,21.8,16.8,183.0,1.5,1.0,111.0
2025-01-23T07:00,21.1,16.2,163.0,1.0,0.8,113.0
2025-01-23T08:00,20.7,15.8,165.0,1.0,0.7,111.0
2025-01-23T09:00,20.0,15.2,168.0,1.1,0.6,108.0
2025-01-23T10:00,19.4,14.7,165.0,1.3,0.5,103.0
2025-01-23T11:00,18.8,14.2,163.0,1.5,0.4,96.0
2025-01-23T12:00,24.5,18.5,166.0,2.1,0.4,93.0
2025-01-23T13:00,23.2,17.6,178.0,2.2,0.4,90.0
2025-01-23T14:00,22.3,16.9,194.0,2.3,0.4,87.0
2025-01-23T15:00,21.5,16.4,202.0,2.5,0.4,84.0
2025-01-23T16:00,21.1,16.2,195.0,2.8,0.4,83.0
2025-01-23T17:00,21.0,16.2,181.0,3.1,0.5,84.0
2025-01-23T18:00,21.0,16.1,171.0,3.2,0.5,84.0
2025-01-23T19:00,20.5,15.7,168.0,2.9,0.5,84.0
2025-01-23T20:00,20.3,15.4,169.0,2.4,0.5,85.0
2025-01-23T21:00,20.3,15.3,178.0,2.1,0.5,85.0
2025-01-23T22:00,20.4,15.3,203.0,2.0,0.5,85.0
2025-01-23T23:00,20.5,15.3,237.0,2.0,0.6,85.0
2025-01-24T00:00,19.8,14.9,259.0,2.6,0.8,83.0
2025-01-24T01:00,20.3,15.4,261.0,3.6,1.2,81.0
2025-01-24T02:00,21.4,16.4,253.0,4.8,1.7,79.0
2025-01-24T03:00,22.8,17.7,240.0,5.4,2.0,81.0
2025-01-24T04:00,24.4,19.0,222.0,4.6,1.9,90.0
2025-01-24T05:00,26.8,20.7,200.0,3.0,1.5,103.0
2025-01-24T06:00,27.3,20.9,183.0,1.8,1.1,112.0
2025-01-24T07:00,26.5,20.3,174.0,1.2,0.8,113.0
2025-01-24T08:00,25.0,19.3,169.0,1.0,0.5,109.0
2025-01-24T09:00,24.0,18.6,167.0,0.9,0.3,105.0
2025-01-24T10:00,23.5,18.3,166.0,1.1,0.2,101.0
2025-01-24T11:00,23.2,18.3,167.0,1.5,0.2,97.0
2025-01-24T12:00,25.0,19.9,179.0,2.0,0.2,94.0
2025-01-24T13:00,25.1,20.2,208.0,2.6,0.3,92.0
2025-01-24T14:00,25.4,20.7,248.0,3.4,0.4,90.0
2025-01-24T15:00,26.0,21.4,281.0,4.0,0.5,88.0
2025-01-24T16:00,26.5,22.0,305.0,4.1,0.6,88.0
2025-01-24T17:00,26.8,22.4,323.0,3.9,0.6,88.0
2025-01-24T18:00,27.0,22.6,327.0,3.8,0.7,88.0
2025-01-24T19:00,27.1,22.8,301.0,3.7,0.8,88.0
2025-01-24T20:00,27.3,23.1,260.0,3.6,1.0,87.0
2025-01-24T21:00,27.6,23.4,247.0,3.6,1.2,86.0
2025-01-24T22:00,28.3,24.1,289.0,3.9,1.5,85.0
2025-01-24T23:00,28.9,24.7,358.0,4.3,1.9,83.0
2025-01-25T00:00,29.0,24.9,,4.6,1.9,83.0
2025-01-25T01:00,29.6,25.4,,5.4,2.3,83.0
2025-01-25T02:00,30.4,26.2,,6.4,2.8,83.0
2025-01-25T03:00,31.2,26.8,,6.6,3.0,86.0
2025-01-25T04:00,32.1,27.5,340.0,5.2,2.5,96.0
2025-01-25T05:00,32.7,27.5,253.0,3.0,1.6,110.0
2025-01-25T06:00,32.2,27.0,191.0,1.4,1.0,119.0
2025-01-25T07:00,31.8,26.6,177.0,0.9,0.8,120.0
2025-01-25T08:00,31.7,26.4,187.0,0.9,0.8,118.0
2025-01-25T09:00,31.9,26.5,198.0,1.0,0.8,114.0
2025-01-25T10:00,32.4,27.0,201.0,1.2,0.8,110.0
2025-01-25T11:00,33.2,27.6,205.0,1.6,0.9,106.0
2025-01-25T12:00,31.0,26.0,209.0,2.4,1.7,108.0
2025-01-25T13:00,31.8,26.6,213.0,2.5,1.7,104.0
2025-01-25T14:00,32.0,26.9,218.0,2.5,1.6,98.0
2025-01-25T15:00,32.5,27.1,228.0,2.6,1.6,94.0
2025-01-25T16:00,32.7,27.3,247.0,2.6,1.6,92.0
2025-01-25T17:00,32.9,27.5,273.0,2.6,1.7,92.0
2025-01-25T18:00,32.8,27.5,299.0,2.6,1.7,92.0
2025-01-25T19:00,32.5,27.2,332.0,2.4,1.6,92.0
2025-01-25T20:00,32.4,27.1,367.0,2.3,1.5,92.0
2025-01-25T21:00,32.7,27.5,382.0,2.3,1.5,92.0
2025-01-25T22:00,32.5,27.4,361.0,2.6,1.6,91.0
2025-01-25T23:00,32.7,27.6,319.0,3.1,1.8,89.0
2025-01-26T00:00,33.6,29.5,289.0,5.8,2.9,77.0
2025-01-26T01:00,33.9,29.8,285.0,7.5,4.2,73.0
2025-01-26T02:00,34.3,30.6,291.0,9.8,5.9,67.0
2025-01-26T03:00,34.3,30.7,291.0,10.8,7.0,70.0
2025-01-26T04:00,34.2,30.2,275.0,9.3,7.1,88.0
2025-01-26T05:00,35.5,31.0,252.0,6.6,6.6,113.0
2025-01-26T06:00,35.9,30.6,235.0,4.2,5.8,132.0
2025-01-26T07:00,33.9,28.8,228.0,2.8,4.6,138.0
2025-01-26T08:00,32.0,27.0,225.0,1.9,3.2,137.0
2025-01-26T09:00,29.5,24.8,224.0,1.3,2.0,133.0
2025-01-26T10:00,27.6,23.1,221.0,1.3,1.3,126.0
2025-01-26T11:00,26.1,21.7,219.0,1.6,0.9,116.0
2025-01-26T12:00,26.7,22.1,221.0,2.1,0.8,106.0
2025-01-26T13:00,26.4,21.8,231.0,2.2,0.8,102.0
2025-01-26T14:00,26.7,22.1,245.0,2.4,0.8,96.0
2025-01-26T15:00,27.2,22.6,257.0,2.6,0.9,92.0
2025-01-26T16:00,28.2,23.6,264.0,2.6,1.0,91.0
2025-01-26T17:00,29.3,24.7,270.0,2.6,1.1,92.0
2025-01-26T18:00,30.9,26.1,280.0,2.8,1.2,92.0
2025-01-26T19:00,31.5,27.0,297.0,3.1,1.3,92.0
2025-01-26T20:00,32.4,27.8,319.0,3.6,1.5,91.0
2025-01-26T21:00,33.6,29.1,347.0,4.3,1.9,89.0
2025-01-26T22:00,35.2,31.1,,5.2,2.5,86.0
2025-01-26T23:00,35.5,32.1,,6.3,3.4,81.0
2025-01-27T00:00,36.0,33.2,,7.2,3.1,78.0
2025-01-27T01:00,37.0,34.5,,9.2,5.0,72.0
2025-01-27T02:00,37.8,35.5,,11.7,7.7,64.0
2025-01-27T03:00,37.0,34.7,355.0,12.7,9.4,66.0
2025-01-27T04:00,36.1,33.6,320.0,10.6,9.4,87.0
2025-01-27T05:00,38.1,35.3,288.0,6.8,8.5,116.0
2025-01-27T06:00,40.3,37.4,265.0,3.8,7.3,139.0
2025-01-27T07:00,41.6,38.6,257.0,2.4,5.7,147.0
2025-01-27T08:00,42.0,39.0,259.0,1.6,3.8,147.0
2025-01-27T09:00,41.8,38.8,263.0,1.3,2.3,145.0
2025-01-27T10:00,41.4,38.5,267.0,1.3,1.6,140.0
2025-01-27T11:00,41.2,38.3,274.0,1.7,1.3,133.0
2025-01-27T12:00,45.4,42.4,283.0,2.4,1.4,128.0
2025-01-27T13:00,45.3,42.3,293.0,2.4,1.3,125.0
2025-01-27T14:00,45.3,42.4,305.0,2.3,1.2,120.0
2025-01-27T15:00,45.3,42.4,319.0,2.4,1.2,117.0
2025-01-27T16:00,45.9,43.1,338.0,2.7,1.2,116.0
2025-01-27T17:00,47.1,44.4,359.0,3.1,1.3,116.0
2025-01-27T18:00,48.3,45.5,378.0,3.2,1.5,117.0
2025-01-27T19:00,49.1,46.3,,2.9,1.7,119.0
2025-01-27T20:00,49.6,46.8,,2.3,2.0,122.0
2025-01-27T21:00,49.9,47.1,,1.9,2.3,124.0
2025-01-27T22:00,50.5,47.7,,1.6,2.7,125.0
2025-01-27T23:00,51.1,48.3,,1.5,3.1,126.0
2025-01-28T00:00,51.9,49.4,,2.5,2.7,118.0
2025-01-28T01:00,53.1,50.5,,3.6,3.1,115.0
2025-01-28T02:00,54.6,,,5.0,3.7,112.0
2025-01-28T03:00,54.6,,,5.6,4.0,113.0
2025-01-28T04:00,53.9,,,4.6,4.0,122.0
2025-01-28T05:00,54.2,,362.0,2.7,3.8,135.0
2025-01-28T06:00,53.2,50.4,310.0,1.3,3.5,144.0
2025-01-28T07:00,52.6,49.7,293.0,0.9,3.1,145.0
2025-01-28T08:00,51.8,48.9,294.0,0.9,2.7,143.0
2025-01-28T09:00,51.2,48.4,297.0,1.1,2.4,139.0
2025-01-28T10:00,50.4,47.5,298.0,1.3,2.2,135.0
2025-01-28T11:00,49.8,46.9,302.0,1.7,2.1,129.0
2025-01-28T12:00,58.8,,305.0,2.4,2.2,127.0
2025-01-28T13:00,57.0,,306.0,2.5,2.2,124.0
2025-01-28T14:00,55.1,,306.0,2.6,2.2,121.0
2025-01-28T15:00,52.7,49.5,304.0,2.7,2.2,118.0
2025-01-28T16:00,50.5,47.4,295.0,2.7,2.2,118.0
2025-01-28T17:00,48.9,45.8,285.0,2.6,2.2,119.0
2025-01-28T18:00,47.6,44.6,288.0,2.5,2.2,120.0
2025-01-28T19:00,46.4,43.4,320.0,2.2,2.2,120.0
2025-01-28T20:00,45.8,42.7,364.0,1.8,2.1,121.0
2025-01-28T21:00,45.4,42.5,,1.5,2.1,120.0
2025-01-28T22:00,45.4,42.5,373.0,1.4,2.1,119.0
2025-01-28T23:00,45.6,42.7,337.0,1.5,2.1,117.0
2025-01-29T00:00,45.2,42.4,313.0,2.2,2.1,114.0
2025-01-29T01:00,45.8,43.1,322.0,3.4,2.4,110.0
2025-01-29T02:00,47.3,44.6,342.0,5.0,2.8,105.0
2025-01-29T03:00,48.0,45.3,348.0,5.7,3.0,104.0
2025-01-29T04:00,48.8,45.9,321.0,4.7,2.8,113.0
2025-01-29T05:00,48.1,44.8,279.0,2.7,2.3,127.0
2025-01-29T06:00,46.4,43.0,246.0,1.3,1.9,137.0
2025-01-29T07:00,45.2,41.7,233.0,0.9,1.7,139.0
2025-01-29T08:00,44.0,40.5,230.0,1.0,1.5,138.0
2025-01-29T09:00,43.0,39.5,230.0,1.2,1.4,135.0
2025-01-29T10:00,42.1,38.6,232.0,1.5,1.4,132.0
2025-01-29T11:00,41.4,38.0,239.0,1.9,1.4,128.0
2025-01-29T12:00,36.9,33.9,249.0,2.5,1.9,125.0
2025-01-29T13:00,36.0,32.8,266.0,2.6,1.9,121.0
2025-01-29T14:00,35.6,32.2,287.0,2.8,1.9,115.0
2025-01-29T15:00,35.6,32.2,303.0,3.0,1.9,110.0
2025-01-29T16:00,35.7,32.2,305.0,3.1,1.8,107.0
2025-01-29T17:00,35.7,32.1,302.0,3.3,1.7,104.0
2025-01-29T18:00,36.1,32.2,308.0,4.0,2.0,100.0
2025-01-29T19:00,35.7,32.0,337.0,5.7,2.9,93.0
2025-01-29T20:00,35.4,32.1,376.0,7.9,4.1,85.0
2025-01-29T21:00,35.0,32.8,,9.6,5.4,77.0
2025-01-29T22:00,35.7,34.0,372.0,10.5,6.8,70.0
2025-01-29T23:00,35.2,33.8,329.0,11.0,8.3,64.0
2025-01-30T00:00,36.4,34.5,300.0,10.6,8.1,63.0
2025-01-30T01:00,34.9,33.2,304.0,10.6,8.2,66.0
2025-01-30T02:00,34.9,33.2,321.0,10.5,8.2,70.0
2025-01-30T03:00,38.8,36.3,327.0,10.0,8.3,77.0
2025-01-30T04:00,38.5,36.0,307.0,8.8,8.4,90.0
2025-01-30T05:00,38.0,35.3,276.0,7.1,8.5,106.0
2025-01-30T06:00,39.8,36.3,251.0,5.6,8.2,119.0
2025-01-30T07:00,40.2,35.6,241.0,4.2,7.1,126.0
2025-01-30T08:00,38.9,33.8,236.0,2.9,5.6,129.0
2025-01-30T09:00,35.6,31.0,233.0,2.0,4.2,128.0
2025-01-30T10:00,32.5,28.1,227.0,1.9,3.1,121.0
2025-01-30T11:00,30.4,25.7,222.0,2.3,2.1,110.0
2025-01-30T12:00,34.1,28.8,220.0,2.8,1.9,108.0
2025-01-30T13:00,31.7,26.7,223.0,2.9,1.5,100.0
2025-01-30T14:00,30.3,25.2,228.0,2.9,1.0,89.0
2025-01-30T15:00,29.6,24.4,232.0,2.9,0.6,81.0
2025-01-30T16:00,29.2,24.0,231.0,2.7,0.5,78.0
2025-01-30T17:00,28.8,23.6,227.0,2.5,0.4,78.0
2025-01-30T18:00,28.2,23.1,226.0,2.2,0.4,78.0
2025-01-30T19:00,27.4,22.3,227.0,1.8,0.3,78.0
2025-01-30T20:00,25.8,21.0,230.0,1.5,0.2,78.0
2025-01-30T21:00,24.3,19.8,242.0,1.2,0.2,78.0
2025-01-30T22:00,21.8,17.6,273.0,1.1,0.2,77.0
2025-01-30T23:00,20.3,16.4,313.0,1.2,0.3,76.0
2025-01-31T00:00,19.9,16.1,334.0,1.3,0.4,76.0
2025-01-31T01:00,18.3,14.8,319.0,1.6,0.5,76.0
2025-01-31T02:00,17.5,14.0,284.0,2.0,0.6,76.0
2025-01-31T03:00,16.1,12.7,253.0,2.2,0.6,77.0
2025-01-31T04:00,15.4,12.1,233.0,1.9,0.5,79.0
2025-01-31T05:00,15.1,11.7,216.0,1.3,0.4,81.0
2025-01-31T06:00,14.8,11.4,205.0,0.9,0.3,82.0
2025-01-31T07:00,14.8,11.4,201.0,0.7,0.2,81.0
2025-01-31T08:00,15.2,11.6,203.0,0.7,0.2,78.0
2025-01-31T09:00,15.3,11.6,205.0,0.8,0.2,76.0
2025-01-31T10:00,15.2,11.5,207.0,1.0,0.2,74.0
2025-01-31T11:00,15.2,11.5,210.0,1.4,0.2,71.0
2025-01-31T12:00,14.5,11.0,213.0,1.7,0.2,67.0
2025-01-31T13:00,14.2,10.8,218.0,1.8,0.2,67.0
2025-01-31T14:00,14.1,10.7,223.0,2.0,0.3,66.0
2025-01-31T15:00,13.9,10.6,227.0,2.1,0.3,66.0
2025-01-31T16:00,13.9,10.5,227.0,2.0,0.3,66.0
2025-01-31T17:00,14.0,10.7,225.0,1.9,0.3,67.0
2025-01-31T18:00,14.1,10.7,224.0,1.8,0.3,68.0
2025-01-31T19:00,14.2,10.7,225.0,1.7,0.3,69.0
2025-01-31T20:00,14.6,11.1,227.0,1.6,0.3,69.0
2025-01-31T21:00,14.9,11.4,232.0,1.6,0.3,69.0
2025-01-31T22:00,15.3,11.7,241.0,1.8,0.3,68.0
2025-01-31T23:00,15.9,12.3,253.0,2.2,0.3,67.0
