,pm10 (μg/m³),pm2_5 (μg/m³),carbon_monoxide (μg/m³),nitrogen_dioxide (μg/m³),sulphur_dioxide (μg/m³),ozone (μg/m³),AQI
pm10 (μg/m³),1.0,0.9119351483038202,0.8127376712986039,0.7849053986752583,0.768042642188396,0.16568895040028717,0.8451348755637672
pm2_5 (μg/m³),0.9119351483038202,1.0,0.9135533314636167,0.8313723522591753,0.843897311333799,0.1369977371913768,0.9188781737975561
carbon_monoxide (μg/m³),0.8127376712986039,0.9135533314636167,1.0,0.9261295006747843,0.8976451605833442,-0.07630959066059653,0.8103933353985106
nitrogen_dioxide (μg/m³),0.7849053986752583,0.8313723522591753,0.9261295006747843,1.0,0.9575871398685709,-0.1558824851993942,0.6849153487783785
sulphur_dioxide (μg/m³),0.768042642188396,0.843897311333799,0.8976451605833442,0.9575871398685709,1.0,-0.09963712986128087,0.7011139430298022
ozone (μg/m³),0.16568895040028717,0.1369977371913768,-0.07630959066059653,-0.1558824851993942,-0.09963712986128087,1.0,0.28422367097579654
AQI,0.8451348755637672,0.9188781737975561,0.8103933353985106,0.6849153487783785,0.7011139430298022,0.28422367097579654,1.0
