Urban/Rural,pm2_5 (μg/m³)_subindex,pm10 (μg/m³)_subindex,carbon_monoxide (μg/m³)_subindex,ozone (μg/m³)_subindex,sulphur_dioxide (μg/m³)_subindex,nitrogen_dioxide (μg/m³)_subindex
Rural,19.448983743839133,17.884073950109272,7.302474847906125,48.70646374357662,3.42974148963399,3.2282622249348636
Urban,26.285514902125897,21.373944638941957,9.093257599522243,24.185612700734573,8.886924342795025,10.174745815880277
