Urban/Rural,Location,pm10 (μg/m³),pm10 (μg/m³),pm10 (μg/m³),pm2_5 (μg/m³),pm2_5 (μg/m³),pm2_5 (μg/m³),carbon_monoxide (μg/m³),carbon_monoxide (μg/m³),carbon_monoxide (μg/m³),nitrogen_dioxide (μg/m³),nitrogen_dioxide (μg/m³),nitrogen_dioxide (μg/m³),sulphur_dioxide (μg/m³),sulphur_dioxide (μg/m³),sulphur_dioxide (μg/m³),ozone (μg/m³),ozone (μg/m³),ozone (μg/m³),,mean,median,std,mean,median,std,mean,median,std,mean,median,std,mean,median,std,mean,median,std
Rural,Koonimedu,33.415704686898195,31.55607142857141,14.845786632792876,20.67151307802088,18.664464285714274,9.699452465263533,220.43537872366306,212.87321428571417,54.32515294418831,4.9941763090321345,4.657797619047616,2.7919209757065966,6.921516150372872,5.820595238095235,5.190160237137064,83.56228422483005,81.92797619047613,22.03399335489518
Rural,Mawlynnong,28.244259543560997,21.996309523809508,18.26277781758152,19.548381185807642,15.612797619047608,12.371022170054015,282.533642623716,276.43333333333317,77.11939807996629,3.9061263287366206,3.8578571428571404,1.047934782624403,2.524613858363857,2.1252380952380943,1.329928349621911,81.50242314874663,78.272619047619,20.969851506919415
Urban,Chennai,37.75139786683902,35.765059523809505,16.51757253571514,23.454152930402916,21.530059523809513,10.698446948190504,261.7423934317315,252.53511904761888,64.13851721466116,10.556398495295548,9.881428571428565,5.399695239922484,11.399202982475034,10.175059523809518,6.860751535925073,80.42493939883641,80.72857142857139,23.50322576677548
Urban,Delhi,115.95184007577384,109.92202380952374,49.079892434276076,67.65049199166842,59.7773214285714,31.151253972960546,965.3326083638578,853.5059523809518,472.03505935332157,44.44045599008832,40.01232142857141,20.07023805001515,36.53196118832146,32.661547619047596,16.571270172569903,80.34494855634557,79.43928571428566,20.679400557883636
